estimand,level,unit,sex,age_band,estimate,lower,upper
children_under_16,county,0,,,1435.3592644210428,1054.258746379097,1816.4597824629886
children_under_16,county,1,,,1395.8269261879911,1030.491886121756,1761.1619662542264
children_under_16,county,2,,,505.06669462597813,374.1133135597407,636.0200756922156
children_under_16,county,3,,,354.7663783876169,264.33700290326584,445.19575387196795
children_under_16,county,4,,,566.0459168354231,413.3463736479838,718.7454600228624
children_under_16,county,5,,,287.6141600614362,214.3000109591841,360.92830916368837
children_under_16,county,6,,,705.7112841889793,515.3348721121305,896.0876962658282
children_under_16,county,7,,,375.8502635076887,278.40003900334546,473.3004880120319
children_under_16,county,8,,,410.9168167909843,303.36601023346304,518.4676233485055
children_under_16,county,9,,,575.0318350610187,425.9379355360703,724.125734585967
children_under_16,county,10,,,405.62568342685796,297.9284943559072,513.3228724978087
children_under_16,county,11,,,1112.0270709108931,820.9720361613674,1403.0821056604188
children_under_16,county,12,,,661.1317521825863,485.5954530161257,836.6680513490469
children_under_16,county,13,,,425.12034618540025,314.8954050333133,535.3452873374872
children_under_16,county,14,,,359.49192080593133,266.2830773077574,452.70076430410523
children_under_16,county,15,,,1043.1438085951645,766.1799461657706,1320.1076710245584
children_under_16,county,16,,,1115.6102152049082,831.2429775217568,1399.9774528880596
children_under_16,nation,0,,,11734.340337379901,11021.291068266255,12447.389606493547
children_under_16,state,0,,,3545.2605086256513,3168.3836949289685,3922.137322322334
children_under_16,state,1,,,2918.7708138898684,2637.139403997937,3200.4022237818
children_under_16,state,2,,,2240.561060186017,2039.7650119957846,2441.35710837625
children_under_16,state,3,,,1470.3765935925248,1358.6000411212237,1582.153146063826
children_under_16,state,4,,,1271.7572010244023,1123.5605562433175,1419.9538458054872
children_under_16,state,5,,,287.6141600614362,265.74410171822086,309.4842184046516
elders_65_plus,county,0,,,581.7542351286138,427.293365382504,736.2151048747236
elders_65_plus,county,1,,,564.5386030200799,416.77978759406193,712.2974184460979
elders_65_plus,county,2,,,325.3797550240868,241.01549283003675,409.7440172181369
elders_65_plus,county,3,,,200.39226771799466,149.3126031116948,251.4719323242945
elders_65_plus,county,4,,,405.17198975120664,295.8706488047909,514.4733306976224
elders_65_plus,county,5,,,200.47425247063623,149.37245959070552,251.57604535056694
elders_65_plus,county,6,,,373.48882679194037,272.7345036169112,474.24314996696955
elders_65_plus,county,7,,,172.27541541600775,127.60795196343653,216.94287886857896
elders_65_plus,county,8,,,228.7544199843841,168.88166382645636,288.62717614231184
elders_65_plus,county,9,,,233.58030515851885,173.01774770530315,294.1428626117346
elders_65_plus,county,10,,,239.1676431968836,175.6665288901682,302.668757503599
elders_65_plus,county,11,,,627.028871523252,462.9142426944186,791.1435003520853
elders_65_plus,county,12,,,342.5333784534654,251.5877516609096,433.4790052460212
elders_65_plus,county,13,,,219.79428112369288,162.80615547924612,276.78240676813965
elders_65_plus,county,14,,,226.10760142822926,167.48256198916886,284.73264086728966
elders_65_plus,county,15,,,474.5843723176545,348.5780444051635,600.5907002301456
elders_65_plus,county,16,,,575.22226085958,428.5990378511284,721.8454838680317
elders_65_plus,nation,0,,,5990.248479366227,5627.445728427805,6353.051230304649
elders_65_plus,state,0,,,1638.0396290966175,1463.9087987610646,1812.1704594321704
elders_65_plus,state,1,,,1420.321894527716,1283.2754173762175,1557.3683716792145
elders_65_plus,state,2,,,1177.1373581505356,1071.6439021167623,1282.630814184309
elders_65_plus,state,3,,,775.6145285775749,716.6530907875226,834.5759663676272
elders_65_plus,state,4,,,778.660816543147,687.9242196980548,869.3974133882392
elders_65_plus,state,5,,,200.47425247063623,185.23027562016142,215.71822932111104
households,county,0,,,3024.950721646075,2232.196903195661,3817.7045400964894
households,county,1,,,3070.7703915146267,2242.7285917022573,3898.812191326996
households,county,2,,,1511.5199841291658,1108.8725703073596,1914.167397950972
households,county,3,,,949.0251772315054,701.8617899947014,1196.1885644683093
households,county,4,,,1838.4437456125759,1350.940758332505,2325.9467328926467
households,county,5,,,1030.2496438856142,761.9795322824275,1298.519755488801
households,county,6,,,1853.4900871865034,1361.9972381103175,2344.9829362626892
households,county,7,,,1005.3434892071618,737.5342903992002,1273.1526880151234
households,county,8,,,1151.077270880987,840.6860746726389,1461.4684670893353
households,county,9,,,1455.613132051688,1067.858508031059,1843.3677560723168
households,county,10,,,1222.4205489087499,902.0587820326524,1542.7823157848475
households,county,11,,,2839.3550298278046,2073.715027663638,3604.9950319919712
households,county,12,,,1765.2434902967398,1302.6232210098506,2227.863759583629
households,county,13,,,1175.4879567590162,862.3546930659236,1488.621220452109
households,county,14,,,1119.4304095149303,821.2300786709056,1417.6307403589549
households,county,15,,,2325.308238169777,1715.910877845116,2934.7055984944377
households,county,16,,,2444.2276371041357,1807.6548712194453,3080.800402988826
households,nation,0,,,29781.956953927052,27862.393119426026,31701.52078842808
households,state,0,,,8337.92299902134,7525.788265468011,9150.05773257467
households,state,1,,,7061.202692223418,6240.20829353025,7882.197090916587
households,state,2,,,6267.394971661964,5587.531918247534,6947.258025076393
households,state,3,,,3393.2528143356412,3077.948664245434,3708.5569644258485
households,state,4,,,3691.9338327990795,3302.5851996534625,4081.2824659446965
households,state,5,,,1030.2496438856142,934.6505963089002,1125.8486914623281
low_income_household_share,county,0,,,0.3725730413256305,0.17990692074181486,0.5652391619094461
low_income_household_share,county,1,,,0.34280601188049936,0.15986048351996748,0.5257515402410312
low_income_household_share,county,2,,,0.3512523412607802,0.2022123387355349,0.5002923437860255
low_income_household_share,county,3,,,0.4353780057827947,0.21976431602400018,0.6509916955415892
low_income_household_share,county,4,,,0.35809658811146017,0.19256260013918905,0.5236305760837313
low_income_household_share,county,5,,,0.4547752751406082,0.20080390263777337,0.7087466476434431
low_income_household_share,county,6,,,0.34608742418815247,0.1820965733859537,0.5100782749903512
low_income_household_share,county,7,,,0.34530215316010465,0.19683793517087764,0.49376637114933164
low_income_household_share,county,8,,,0.3569584461333769,0.17284680234647565,0.5410700899202782
low_income_household_share,county,9,,,0.3309755907135425,0.1838672315862674,0.4780839498408176
low_income_household_share,county,10,,,0.4487612739721147,0.25106855172489767,0.6464539962193316
low_income_household_share,county,11,,,0.31749521459165797,0.13654151260970426,0.4984489165736117
low_income_household_share,county,12,,,0.42607194928580905,0.2299525337941481,0.62219136477747
low_income_household_share,county,13,,,0.33697359721234166,0.18930289050021937,0.48464430392446395
low_income_household_share,county,14,,,0.3348080290563754,0.18734124462348467,0.48227481348926615
low_income_household_share,county,15,,,0.3852545559068366,0.19180356736019297,0.5787055444534802
low_income_household_share,county,16,,,0.3796386061111584,0.17321560827887,0.5860616039434468
low_income_household_share,nation,0,,,0.36666822790543757,0.2844572454272701,0.44887921038360507
low_income_household_share,state,0,,,0.39609833388930776,0.23505385527426215,0.5571428125043534
low_income_household_share,state,1,,,0.3351068723678626,0.1856215540476578,0.48459219068806736
low_income_household_share,state,2,,,0.3399146092255443,0.22366811842199485,0.4561611000290937
low_income_household_share,state,3,,,0.3941184000132472,0.2117379368741048,0.5764988631523896
low_income_household_share,state,4,,,0.3518056164574604,0.2164100562860426,0.4872011766288782
low_income_household_share,state,5,,,0.4547752751406082,0.21923758739685553,0.690312962884361
mean_income_adults,county,0,,,37001.18392298756,20950.773994405812,53051.59385156931
mean_income_adults,county,1,,,35068.39812298417,24575.224399467,45561.571846501334
mean_income_adults,county,2,,,29517.036274091446,19897.908231999667,39136.164316183225
mean_income_adults,county,3,,,27640.867894321058,10216.954096561767,45064.781692080345
mean_income_adults,county,4,,,32396.853856896512,20970.023659886534,43823.68405390649
mean_income_adults,county,5,,,32614.273463792986,12144.335296848833,53084.21163073714
mean_income_adults,county,6,,,34155.16286362467,22168.984913540095,46141.34081370924
mean_income_adults,county,7,,,30075.10395164611,20300.800508517852,39849.40739477437
mean_income_adults,county,8,,,34931.2485436566,24476.558377243906,45385.93871006929
mean_income_adults,county,9,,,36412.58166708923,24875.414987836426,47949.748346342036
mean_income_adults,county,10,,,33436.77782134514,18394.058928415736,48479.496714274545
mean_income_adults,county,11,,,35948.29476406891,25208.225987725185,46688.36354041263
mean_income_adults,county,12,,,36108.96664691262,20324.838415256898,51893.094878568336
mean_income_adults,county,13,,,31408.280874165855,21263.27639973783,41553.28534859388
mean_income_adults,county,14,,,32203.716697990203,21837.534617466845,42569.89877851356
mean_income_adults,county,15,,,36016.95243219526,20232.167804736637,51801.73705965389
mean_income_adults,county,16,,,35401.23900515944,15614.001185440851,55188.47682487803
mean_income_adults,nation,0,,,34360.04425845306,26207.00959994553,42513.07891696059
mean_income_adults,state,0,,,36092.51238650201,22244.56032250289,49940.464450501124
mean_income_adults,state,1,,,35388.84723015461,26691.177413017336,44086.51704729189
mean_income_adults,state,2,,,32082.94435946513,23478.21693054648,40687.671788383785
mean_income_adults,state,3,,,33385.2758812178,15764.034645875377,51006.51711656022
mean_income_adults,state,4,,,33317.939803506924,23125.18304162712,43510.69656538673
mean_income_adults,state,5,,,32614.273463792986,13218.350707625435,52010.19621996053
median_household_income,county,0,,,35063.53763439495,11782.978258218864,58344.09701057103
median_household_income,county,1,,,34071.26764749373,15782.496974224938,52360.03832076253
median_household_income,county,2,,,26877.37479658466,15228.011405038844,38526.738188130475
median_household_income,county,3,,,26074.455610888825,8381.318022559932,43767.59319921772
median_household_income,county,4,,,36169.5682700032,24309.72008063965,48029.416459366745
median_household_income,county,5,,,20695.340035371755,8516.407026270595,32874.27304447292
median_household_income,county,6,,,39664.32665377097,26673.826263771683,52654.82704377026
median_household_income,county,7,,,25659.547227117037,14475.297219799286,36843.79723443479
median_household_income,county,8,,,32714.290384598142,14887.642319924293,50540.93844927199
median_household_income,county,9,,,33135.95865039032,19517.469737133186,46754.44756364745
median_household_income,county,10,,,25567.657425771602,5771.972529848379,45363.34232169483
median_household_income,county,11,,,38875.183076197514,18950.424836972783,58799.94131542224
median_household_income,county,12,,,30111.657242809993,8659.79571103225,51563.518774587734
median_household_income,county,13,,,28244.380525578323,16135.91860232442,40352.84244883223
median_household_income,county,14,,,29153.191931505688,16740.319727844377,41566.064135167
median_household_income,county,15,,,34814.5368986945,11648.59092129107,57980.482876097936
median_household_income,county,16,,,36319.22844589119,14355.651297058692,58282.805594723686
median_household_income,nation,0,,,33031.345669138595,23598.381277145985,42464.310061131204
median_household_income,state,0,,,33728.504124136576,12281.689059421515,55175.31918885164
median_household_income,state,1,,,35491.53423936093,18222.685953312,52760.38252540986
median_household_income,state,2,,,28574.932933808046,17721.19541140892,39428.67045620717
median_household_income,state,3,,,33131.76741761865,13617.75671796002,52645.77811727728
median_household_income,state,4,,,37468.44963706227,26872.286864376216,48064.612409748326
median_household_income,state,5,,,20695.340035371755,9108.158419577216,32282.521651166295
persons,county,0,,,6067.752171019934,4456.710564193672,7678.7937778461965
persons,county,1,,,6186.734726425759,4567.457338411313,7806.012114440205
persons,county,2,,,2666.515065926023,1975.1426842930146,3357.8874475590314
persons,county,3,,,1814.8895157629436,1352.2771165005115,2277.5019150253756
persons,county,4,,,3076.613120278997,2246.649677282061,3906.576563275933
persons,county,5,,,1686.176075058866,1256.362173847918,2115.989976269814
persons,county,6,,,3384.791035076843,2471.6918862820844,4297.890183871601
persons,county,7,,,1750.6127707522278,1296.714971299215,2204.5105702052406
persons,county,8,,,1984.7145662041412,1465.2477455257044,2504.181386882578
persons,county,9,,,2660.847353703413,1970.9444929997362,3350.7502144070895
persons,county,10,,,1965.7604466981556,1443.8337464269123,2487.687146969399
persons,county,11,,,5167.126893430807,3814.715304843481,6519.538482018133
persons,county,12,,,2943.623504555758,2162.065555745544,3725.1814533659717
persons,county,13,,,2068.0046552183944,1531.813683722809,2604.19562671398
persons,county,14,,,1918.377052541487,1420.9814335802573,2415.7726715027165
persons,county,15,,,4519.468996078732,3319.5101994391725,5719.427792718291
persons,county,16,,,5171.456613402616,3853.2606952328833,6489.652531572349
persons,nation,0,,,55033.4645621351,51693.494320452795,58373.43480381741
persons,state,0,,,15496.60511835258,13849.247710931913,17143.962525773244
persons,state,1,,,13338.576186060707,12051.540561559304,14625.61181056211
persons,state,2,,,11064.356898141543,10072.78421557037,12055.929580712716
persons,state,3,,,6986.346129165559,6455.251110316426,7517.441148014693
persons,state,4,,,6461.404155355839,5708.46293699515,7214.345373716528
persons,state,5,,,1686.176075058866,1557.9599638263937,1814.3921862913382
tertiary_share_25_plus,county,0,,,0.545358890371591,0.5206098798883911,0.5701079008547909
tertiary_share_25_plus,county,1,,,0.49102501723397085,0.46631224761694295,0.5157377868509988
tertiary_share_25_plus,county,2,,,0.42834140274307914,0.3993450155711265,0.45733778991503177
tertiary_share_25_plus,county,3,,,0.43601347457662737,0.4032455945357599,0.4687813546174948
tertiary_share_25_plus,county,4,,,0.42869809373185574,0.4011777445442678,0.4562184429194437
tertiary_share_25_plus,county,5,,,0.40321957405983044,0.37123911551089694,0.43520003260876394
tertiary_share_25_plus,county,6,,,0.4435334892396534,0.4162054669166398,0.47086151156266703
tertiary_share_25_plus,county,7,,,0.45019201753204474,0.4171438962014892,0.4832401388626003
tertiary_share_25_plus,county,8,,,0.4411682239276566,0.4089796871926731,0.4733567606626401
tertiary_share_25_plus,county,9,,,0.47688046519429705,0.4472663363241935,0.5064945940644007
tertiary_share_25_plus,county,10,,,0.42308638930207015,0.39106088326949606,0.45511189533464425
tertiary_share_25_plus,county,11,,,0.44565996879411685,0.4206410981421384,0.4706788394460953
tertiary_share_25_plus,county,12,,,0.4489646899899126,0.420132996917438,0.47779638306238725
tertiary_share_25_plus,county,13,,,0.43649438234272686,0.4051674650339031,0.4678212996515506
tertiary_share_25_plus,county,14,,,0.4187428071306014,0.38712031508907185,0.450365299172131
tertiary_share_25_plus,county,15,,,0.47402890791841107,0.4479244895476284,0.5001333262891937
tertiary_share_25_plus,county,16,,,0.4677897938948203,0.4424311306990885,0.49314845709055205
tertiary_share_25_plus,nation,0,,,0.4624762854298548,0.4419070708403313,0.4830455000193783
tertiary_share_25_plus,state,0,,,0.4907352926228692,0.46876139903934977,0.5127091862063886
tertiary_share_25_plus,state,1,,,0.46603295953121515,0.44382247282618636,0.48824344623624394
tertiary_share_25_plus,state,2,,,0.44333130924249314,0.4207710657359813,0.465891552749005
tertiary_share_25_plus,state,3,,,0.45953504846510707,0.43547735667742615,0.483592740252788
tertiary_share_25_plus,state,4,,,0.43646958000779007,0.4124681302054826,0.4604710298100975
tertiary_share_25_plus,state,5,,,0.40321957405983044,0.37123911551089694,0.43520003260876394
person_years_exposure,county,0,male,0-17,3773.4027043741967,3372.3004465712647,4132.354162931296
person_years_exposure,county,0,male,18-44,5325.052523357042,4768.477925906566,5824.353491071523
person_years_exposure,county,0,male,45-64,4274.8787040853695,3832.505005292724,4674.731042225096
person_years_exposure,county,0,male,65-74,1117.736996196472,988.4870445203431,1233.7858119573257
person_years_exposure,county,0,male,75-84,419.48383172160237,362.4647074993278,470.3421407711962
person_years_exposure,county,0,male,85+,70.72620249344077,56.43556311713037,84.94259219536217
person_years_exposure,county,0,male,18-64,9599.931227442412,8610.55457055069,10486.807122464825
person_years_exposure,county,0,male,65+,1607.9470304115152,1419.7348109642887,1769.8733651837845
mortality_rate,county,0,male,0-17,0.006828867318184511,0.004049229170371276,0.01005953302624636
mortality_rate,county,0,male,18-44,0.009412135742823258,0.006253496381057283,0.013478165990311073
mortality_rate,county,0,male,45-64,0.020198055724653306,0.014215733451899821,0.02837369699219409
mortality_rate,county,0,male,65-74,0.05412329168186206,0.03632559347155272,0.0796450184243207
mortality_rate,county,0,male,75-84,0.08390733056965083,0.05393851299669467,0.1271975234267135
mortality_rate,county,0,male,85+,0.03607715500698753,0.0,0.08280650612900686
qualifying_event_rate,county,0,male,0-17,0.010010961878309485,0.0033588217529356536,0.020523862838834235
qualifying_event_rate,county,0,male,18-44,0.013079848245767235,0.004454544498414935,0.02715127717418305
qualifying_event_rate,county,0,male,45-64,0.01676571235816723,0.005914150071266768,0.03440985627022712
qualifying_event_rate,county,0,male,65-74,0.023081741495577266,0.0075309427575347455,0.04774624220809214
qualifying_event_rate,county,0,male,75-84,0.023864999145799926,0.005593315183558844,0.0515570150571557
qualifying_event_rate,county,0,male,85+,0.015737396085027854,0.0,0.04808276061307863
person_years_exposure,county,0,female,0-17,3582.2177014597696,3202.317414220128,3923.180080157337
person_years_exposure,county,0,female,18-44,5368.777494351662,4819.399546021323,5862.7412826522395
person_years_exposure,county,0,female,45-64,4288.644835696536,3843.4899141559017,4691.039656668356
person_years_exposure,county,0,female,65-74,1020.6114439776312,904.8900705904823,1123.4104019449123
person_years_exposure,county,0,female,75-84,306.7923204397048,261.94545788344755,345.15007744286004
person_years_exposure,county,0,female,85+,67.38262178194607,52.57554332572048,80.85105150148969
person_years_exposure,county,0,female,18-64,9657.422330048197,8669.636872847608,10553.856957154274
person_years_exposure,county,0,female,65+,1394.7863861992819,1226.5581868746444,1538.7065790375505
mortality_rate,county,0,female,0-17,0.014406147624757799,0.009421673870800567,0.02058653138142982
mortality_rate,county,0,female,18-44,0.01105212980863449,0.0074844913630632125,0.015805702725663697
mortality_rate,county,0,female,45-64,0.026176957098562537,0.018579721499198124,0.036404267625128044
mortality_rate,county,0,female,65-74,0.046967479306503454,0.030208536742216203,0.07025482815446658
mortality_rate,county,0,female,75-84,0.08267700774461545,0.048846373678406246,0.12739402154855725
mortality_rate,county,0,female,85+,0.05105650988608805,0.013100513900520295,0.10713360611437231
qualifying_event_rate,county,0,female,0-17,0.010466467196346377,0.003456593148761758,0.021854055461050164
qualifying_event_rate,county,0,female,18-44,0.01057747056890421,0.00380994684184626,0.022443545302629
qualifying_event_rate,county,0,female,45-64,0.018143843330724812,0.006568513116525296,0.037496334282417026
qualifying_event_rate,county,0,female,65-74,0.029880697704501143,0.010333484753477533,0.060240262442079744
qualifying_event_rate,county,0,female,75-84,0.016741042399322413,0.0030596419246409004,0.038259249464869874
qualifying_event_rate,county,0,female,85+,0.015903180623035924,0.0,0.04876343834374259
person_years_exposure,county,1,male,0-17,3736.885275892621,3444.4472075598687,4115.972124611252
person_years_exposure,county,1,male,18-44,5836.0061772385925,5383.506541561188,6418.563792310711
person_years_exposure,county,1,male,45-64,4508.023990032531,4159.802654087279,4958.489980341191
person_years_exposure,county,1,male,65-74,982.8538822805546,884.8372107777049,1094.5479198096482
person_years_exposure,county,1,male,75-84,329.18013359084017,284.87620556140826,374.443326910045
person_years_exposure,county,1,male,85+,89.38844932263031,73.8312070513148,104.82008239347292
person_years_exposure,county,1,male,18-64,10344.030167271125,9548.904535298194,11378.038498704302
person_years_exposure,county,1,male,65+,1401.422465194025,1255.7749287998363,1562.994769879961
mortality_rate,county,1,male,0-17,0.011946075403823224,0.007960612802338176,0.01730338883374324
mortality_rate,county,1,male,18-44,0.015829130992063255,0.010866785669900092,0.022506206551952034
mortality_rate,county,1,male,45-64,0.015804609458885302,0.010901481515682083,0.022530195503190808
mortality_rate,county,1,male,65-74,0.0653519397877496,0.04432695935128778,0.09639905611180748
mortality_rate,county,1,male,75-84,0.07462007735587779,0.044146258679292845,0.11511569967197503
mortality_rate,county,1,male,85+,0.009697642620327256,0.0,0.03036619074732163
qualifying_event_rate,county,1,male,0-17,0.013163092043814576,0.004611808031078081,0.026837267839419063
qualifying_event_rate,county,1,male,18-44,0.016351798870765415,0.005899386381809173,0.03373782112273645
qualifying_event_rate,county,1,male,45-64,0.025828727552237307,0.009419427450880716,0.05176247777051034
qualifying_event_rate,county,1,male,65-74,0.03414523422616672,0.011922189276595885,0.06968278381391313
qualifying_event_rate,county,1,male,75-84,0.022730810806997296,0.0056187617699789034,0.05096052181290018
qualifying_event_rate,county,1,male,85+,0.01740362655598409,0.0,0.049790026123247934
person_years_exposure,county,1,female,0-17,3919.5369965957625,3616.777139096736,4316.689980964384
person_years_exposure,county,1,female,18-44,5763.876493316373,5321.005190299244,6336.8647198762355
person_years_exposure,county,1,female,45-64,3952.1450623316787,3653.5739819415057,4351.9163445924305
person_years_exposure,county,1,female,65-74,1018.3906384378649,922.8997851798673,1126.9202738878719
person_years_exposure,county,1,female,75-84,367.9201837348008,325.4600615123998,413.805793227678
person_years_exposure,county,1,female,85+,38.26402756435379,29.835375670026764,47.18465977981518
person_years_exposure,county,1,female,18-64,9716.02155564805,8985.518625141296,10689.412619296094
person_years_exposure,county,1,female,65+,1424.5748497370193,1293.5044752920467,1580.6125834415295
mortality_rate,county,1,female,0-17,0.009947040429166018,0.0063886855739858795,0.014549444459111023
mortality_rate,county,1,female,18-44,0.012156972680409212,0.008415581063625607,0.01735404648625379
mortality_rate,county,1,female,45-64,0.019312099517159523,0.013350438073865852,0.027406704512914618
mortality_rate,county,1,female,65-74,0.03746720419438344,0.024156780795648772,0.055835797215270655
mortality_rate,county,1,female,75-84,0.04959410403172157,0.027812267495236267,0.0809364771048987
mortality_rate,county,1,female,85+,0.024003497369100037,0.0,0.0761313136188677
qualifying_event_rate,county,1,female,0-17,0.015434250841372808,0.005458534363556633,0.031783602593627544
qualifying_event_rate,county,1,female,18-44,0.020596439248639162,0.0077270868590839275,0.04159944352113865
qualifying_event_rate,county,1,female,45-64,0.02622315063793636,0.009782534455528161,0.05261857859819976
qualifying_event_rate,county,1,female,65-74,0.03319806022751726,0.011444659367505074,0.06691691162880675
qualifying_event_rate,county,1,female,75-84,0.027902786973810764,0.0075262916786127156,0.059410270481450304
qualifying_event_rate,county,1,female,85+,0.0171434190816564,0.0,0.0628370286529758
person_years_exposure,county,2,male,0-17,1336.5962580344856,1214.5012611361321,1459.301156919441
person_years_exposure,county,2,male,18-44,2125.993246450733,1937.0007237615796,2317.072100925622
person_years_exposure,county,2,male,45-64,1865.2843448961032,1688.6851597552086,2035.099106703918
person_years_exposure,county,2,male,65-74,596.7493046513484,531.4253721971041,662.5123706324367
person_years_exposure,county,2,male,75-84,228.885565452984,194.37900955220059,262.5589665451139
person_years_exposure,county,2,male,85+,46.182749799480796,33.919317584715344,58.55330555134475
person_years_exposure,county,2,male,18-64,3991.277591346836,3626.874189925384,4346.506580929187
person_years_exposure,county,2,male,65+,871.8176199038132,772.6683740485186,971.7990108709155
mortality_rate,county,2,male,0-17,0.02292473370104215,0.014033767349268386,0.03454457337697365
mortality_rate,county,2,male,18-44,0.02777217525494066,0.019371469665905767,0.04015365344470976
mortality_rate,county,2,male,45-64,0.04562809698847315,0.03158144845309008,0.06534547699911472
mortality_rate,county,2,male,65-74,0.057233093239554604,0.03653499137166147,0.085897536819086
mortality_rate,county,2,male,75-84,0.0735649158602197,0.039735681898289806,0.11733938076432184
mortality_rate,county,2,male,85+,0.0903421370329668,0.02250763411374037,0.19268893042732005
qualifying_event_rate,county,2,male,0-17,0.014732136088504561,0.004526303290341664,0.03047446127663103
qualifying_event_rate,county,2,male,18-44,0.022801153172606444,0.008132234852404843,0.04764902089264835
qualifying_event_rate,county,2,male,45-64,0.03562129700925085,0.013155978972944045,0.07058100047941683
qualifying_event_rate,county,2,male,65-74,0.05133137991046925,0.018203965705084462,0.10074684101388866
qualifying_event_rate,county,2,male,75-84,0.03575735519092514,0.008803976279077327,0.07344931791154018
qualifying_event_rate,county,2,male,85+,0.02257952032271145,0.0,0.06683073163362713
person_years_exposure,county,2,female,0-17,1348.9676653148265,1225.7553348518984,1471.0615339243727
person_years_exposure,county,2,female,18-44,1987.2765423808728,1808.9366002448057,2164.296974772428
person_years_exposure,county,2,female,45-64,1732.501665522737,1562.1965466202541,1899.0073612486638
person_years_exposure,county,2,female,65-74,641.6430080816336,554.910163726407,721.100124348539
person_years_exposure,county,2,female,75-84,239.99857683095146,202.04916690132762,277.9947465388044
person_years_exposure,county,2,female,85+,15.627252395252917,9.946836000592834,20.92788148915421
person_years_exposure,county,2,female,18-64,3719.7782079036097,3372.243990187807,4055.1893470894183
person_years_exposure,county,2,female,65+,897.268837307838,780.7794495639351,1010.2823584768598
mortality_rate,county,2,female,0-17,0.021399827826497804,0.013037835593791387,0.03211082945821521
mortality_rate,county,2,female,18-44,0.021127413981839344,0.013851859654368448,0.03055421626283722
mortality_rate,county,2,female,45-64,0.05361788000256955,0.037557966694761274,0.0763900053697374
mortality_rate,county,2,female,65-74,0.09472950719724046,0.063402262562133,0.14156290197637986
mortality_rate,county,2,female,75-84,0.06659745695264176,0.037010424219283675,0.1080200764965179
mortality_rate,county,2,female,85+,0.027674227647023028,0.0,0.12538065466545154
qualifying_event_rate,county,2,female,0-17,0.028118290035994017,0.009338358285683383,0.05806388353676821
qualifying_event_rate,county,2,female,18-44,0.02687754756875477,0.009574020766307902,0.054199125296243905
qualifying_event_rate,county,2,female,45-64,0.03490932791210426,0.012455327849915137,0.07091464903661762
qualifying_event_rate,county,2,female,65-74,0.05913602196837111,0.02202204643231506,0.11627342292639938
qualifying_event_rate,county,2,female,75-84,0.05214652596353387,0.014680575271607548,0.1029341902736245
qualifying_event_rate,county,2,female,85+,0.019484883845360877,0.0,0.09041366656592623
person_years_exposure,county,3,male,0-17,1025.736399551055,958.00634573752,1100.6796426508981
person_years_exposure,county,3,male,18-44,1329.16391933121,1242.0277392874218,1426.454929046778
person_years_exposure,county,3,male,45-64,1354.5442347286637,1267.6548404181558,1455.113622899493
person_years_exposure,county,3,male,65-74,325.9052725057052,288.4967930884776,361.9388929703402
person_years_exposure,county,3,male,75-84,108.90889741243556,88.80915230515,128.21790392656195
person_years_exposure,county,3,male,85+,28.058578511851934,18.678220013839184,37.51521709477114
person_years_exposure,county,3,male,18-64,2683.708154059874,2510.445374901717,2877.413345610124
person_years_exposure,county,3,male,65+,462.8727484299927,406.3013063749396,516.561545705334
mortality_rate,county,3,male,0-17,0.009914275829736533,0.004689844194944293,0.016738508170247645
mortality_rate,county,3,male,18-44,0.017611223705785068,0.010547280751248172,0.02683471788172942
mortality_rate,county,3,male,45-64,0.022060435658999202,0.013695165681358324,0.03308057479660736
mortality_rate,county,3,male,65-74,0.07284967580560617,0.04320444055652544,0.11414534488675486
mortality_rate,county,3,male,75-84,0.11062321057791787,0.05464891377684588,0.19019034732958318
mortality_rate,county,3,male,85+,0.01669189006607266,0.0,0.07384264196871147
qualifying_event_rate,county,3,male,0-17,0.014262333419826969,0.0038103456412590304,0.030452585747784044
qualifying_event_rate,county,3,male,18-44,0.029671913595370206,0.010335769679773815,0.05954555545798195
qualifying_event_rate,county,3,male,45-64,0.030362011423022216,0.010414591251719932,0.06154865442661406
qualifying_event_rate,county,3,male,65-74,0.029655233244166773,0.007071605807907997,0.063843264132484
qualifying_event_rate,county,3,male,75-84,0.04017082795851502,0.008270085974768505,0.09163418213051937
qualifying_event_rate,county,3,male,85+,0.02380461451082654,0.0,0.08731196379993378
person_years_exposure,county,3,female,0-17,991.987353303789,923.5066244017224,1068.2132209457907
person_years_exposure,county,3,female,18-44,1467.4676437636067,1367.6636503653094,1578.4972908505904
person_years_exposure,county,3,female,45-64,1332.6349019968234,1244.9344308581321,1431.1432200482752
person_years_exposure,county,3,female,65-74,310.5197473287501,281.7711472093776,339.75457598211324
person_years_exposure,county,3,female,75-84,160.14559327598852,134.64351555864374,184.83135949762985
person_years_exposure,county,3,female,85+,35.485899501465745,23.562442141557757,47.480579094786215
person_years_exposure,county,3,female,18-64,2800.10254576043,2618.481743484593,3000.49259115803
person_years_exposure,county,3,female,65+,506.15124010620434,451.83723044916957,558.1235354293451
mortality_rate,county,3,female,0-17,0.015310400948656998,0.00799813493139208,0.02440152103461608
mortality_rate,county,3,female,18-44,0.03309426517037335,0.021903716827364316,0.048401543748852194
mortality_rate,county,3,female,45-64,0.023368808513934775,0.01471488159929705,0.03490497153898619
mortality_rate,county,3,female,65-74,0.053991668254295876,0.02952873298854421,0.08668081203233052
mortality_rate,county,3,female,75-84,0.08454726385183656,0.04305584858711474,0.14293150223469123
mortality_rate,county,3,female,85+,0.030908950983958444,0.0,0.09796668673679658
qualifying_event_rate,county,3,female,0-17,0.016339547214029387,0.005072233967735346,0.034396198125392435
qualifying_event_rate,county,3,female,18-44,0.02512103257125811,0.008418456817726088,0.05158777682266228
qualifying_event_rate,county,3,female,45-64,0.03729089089102417,0.013404590184098515,0.07433127297684908
qualifying_event_rate,county,3,female,65-74,0.04105236708588222,0.012429376661283324,0.08526966922126347
qualifying_event_rate,county,3,female,75-84,0.029985338261418974,0.005841005104518196,0.06810235626500007
qualifying_event_rate,county,3,female,85+,0.02306724735097401,0.0,0.07521956931447908
person_years_exposure,county,4,male,0-17,1608.6049811462285,1436.265177453198,1795.1936269077726
person_years_exposure,county,4,male,18-44,2297.396574853118,2050.5514696717637,2566.2200595826357
person_years_exposure,county,4,male,45-64,2337.2255788737184,2089.5046426459944,2612.851619473386
person_years_exposure,county,4,male,65-74,720.5858814625512,626.5590567131349,817.7883708161555
person_years_exposure,county,4,male,75-84,339.8776120376319,290.25607985585026,393.83805565922256
person_years_exposure,county,4,male,85+,49.784202724928235,36.39185122140047,67.47773267258145
person_years_exposure,county,4,male,18-64,4634.622153726837,4146.790570908874,5174.704020255169
person_years_exposure,county,4,male,65+,1110.2476962251114,963.819919105834,1262.7651502145966
mortality_rate,county,4,male,0-17,0.020185325312503388,0.012428057041094561,0.030056042192561926
mortality_rate,county,4,male,18-44,0.02979659262708119,0.02026993573795147,0.043255787793201494
mortality_rate,county,4,male,45-64,0.04417213096938219,0.03126828117711986,0.06281863278570377
mortality_rate,county,4,male,65-74,0.0707445710135653,0.04660849921029153,0.1063603130386218
mortality_rate,county,4,male,75-84,0.04312166948598248,0.022310057096112685,0.07058232701464312
mortality_rate,county,4,male,85+,0.013522854406304104,0.0,0.04935868456409072
qualifying_event_rate,county,4,male,0-17,0.011610834426511181,0.0032843312754248146,0.02516526382547787
qualifying_event_rate,county,4,male,18-44,0.02473141443604079,0.009139443415176435,0.051828578644088984
qualifying_event_rate,county,4,male,45-64,0.02284881378757809,0.00793340356578833,0.046458548612989044
qualifying_event_rate,county,4,male,65-74,0.046350404185559385,0.016296109555497654,0.0935643364121318
qualifying_event_rate,county,4,male,75-84,0.028925508902358666,0.006874058442276852,0.060479257025323196
qualifying_event_rate,county,4,male,85+,0.01883319976928302,0.0,0.05846507004034105
person_years_exposure,county,4,female,0-17,1485.3649366504342,1325.3218904862244,1657.8244181907635
person_years_exposure,county,4,female,18-44,2238.375282581787,2004.1001257324217,2498.2323054022677
person_years_exposure,county,4,female,45-64,2444.88720095799,2192.500873571749,2722.457997163239
person_years_exposure,county,4,female,65-74,678.8229365103963,589.6955678913247,770.5156934737853
person_years_exposure,county,4,female,75-84,203.05228010465262,167.94623465060303,238.9398752947925
person_years_exposure,county,4,female,85+,19.311858903527067,13.738573696362895,24.94880668585942
person_years_exposure,county,4,female,18-64,4683.262483539776,4194.548676327,5222.6105822974005
person_years_exposure,county,4,female,65+,901.187075518576,780.9244082219776,1025.6232923710386
mortality_rate,county,4,female,0-17,0.025081628207652838,0.015970179395948116,0.03649604310234304
mortality_rate,county,4,female,18-44,0.014320515308330013,0.00889296233254271,0.021130605295880685
mortality_rate,county,4,female,45-64,0.04016233664032635,0.028002509582724218,0.05726317528769546
mortality_rate,county,4,female,65-74,0.089583995393366,0.05938306412248048,0.13308902540568346
mortality_rate,county,4,female,75-84,0.08213650537481564,0.04495655280200941,0.1327063101761264
mortality_rate,county,4,female,85+,0.018137620170558828,0.0,0.08466878109841214
qualifying_event_rate,county,4,female,0-17,0.01578223790940134,0.004801028439237996,0.03300044560297962
qualifying_event_rate,county,4,female,18-44,0.011532238031473534,0.0037309905425902293,0.024243462667409905
qualifying_event_rate,county,4,female,45-64,0.024474903743127,0.008466490323740247,0.049795646193716736
qualifying_event_rate,county,4,female,65-74,0.04442216597934324,0.01532174456358717,0.089347061051398
qualifying_event_rate,county,4,female,75-84,0.03269970730385344,0.0051957395479362975,0.07070609953248186
qualifying_event_rate,county,4,female,85+,0.017955704216269665,0.0,0.08073632120056853
person_years_exposure,county,5,male,0-17,658.9782380345441,575.358648524552,743.9165027952246
person_years_exposure,county,5,male,18-44,947.7708268517617,851.2114900027658,1034.3884020268836
person_years_exposure,county,5,male,45-64,1589.7677541723285,1422.1179873255855,1743.8344742072204
person_years_exposure,county,5,male,65-74,487.2122519538967,426.49314934950553,550.5243021425348
person_years_exposure,county,5,male,75-84,177.7264617809056,147.74186545817346,214.39160279435123
person_years_exposure,county,5,male,85+,62.89905401609716,10.50193445926149,180.36844903647875
person_years_exposure,county,5,male,18-64,2537.5385810240905,2286.7726521216914,2767.613779854278
person_years_exposure,county,5,male,65+,727.8377677508995,594.7330073903827,915.5018502271594
mortality_rate,county,5,male,0-17,0.03986665815035136,0.023680956161355796,0.061937265282562305
mortality_rate,county,5,male,18-44,0.06200443657664185,0.04052769977309147,0.09310865590111665
mortality_rate,county,5,male,45-64,0.04915253380638114,0.03312445394569633,0.07202427524482218
mortality_rate,county,5,male,65-74,0.028410170201203556,0.014031150845067326,0.04826683290389404
mortality_rate,county,5,male,75-84,0.020697887734150995,0.005136476571484764,0.04287030453318718
mortality_rate,county,5,male,85+,0.013041954681344805,0.0,0.060501676763517816
qualifying_event_rate,county,5,male,0-17,0.025265464324249046,0.007521807144980109,0.0539592849329982
qualifying_event_rate,county,5,male,18-44,0.026678800273087815,0.008882210893677812,0.054919584684279266
qualifying_event_rate,county,5,male,45-64,0.03373410637528672,0.011979346522291604,0.06842175446394054
qualifying_event_rate,county,5,male,65-74,0.03334847374056418,0.010266146680934004,0.06942736173626962
qualifying_event_rate,county,5,male,75-84,0.024542179768324773,0.004861770953905981,0.05771350841417273
qualifying_event_rate,county,5,male,85+,0.01511398138502036,0.0,0.07001008000898662
person_years_exposure,county,5,female,0-17,748.8415083965215,682.1657701378783,808.9809695047804
person_years_exposure,county,5,female,18-44,1004.9047063908814,922.4779726817591,1079.5681317781105
person_years_exposure,county,5,female,45-64,1458.9048753152306,1293.6003090197366,1615.6138616091137
person_years_exposure,county,5,female,65-74,396.5338262653519,346.9799377690315,446.1774248569835
person_years_exposure,county,5,female,75-84,147.61178298372687,121.31879040656217,175.33376788844583
person_years_exposure,county,5,female,85+,19.591038905766187,11.448694248696613,30.03066539171341
person_years_exposure,county,5,female,18-64,2463.809581706112,2227.2978173519846,2684.0382230722053
person_years_exposure,county,5,female,65+,563.7366481548448,490.2225663004666,640.4101244475983
mortality_rate,county,5,female,0-17,0.018768450154671733,0.009499977775908594,0.031024523557077455
mortality_rate,county,5,female,18-44,0.0215847255933617,0.012075867801239749,0.03409523314879032
mortality_rate,county,5,female,45-64,0.07072991851539008,0.04749038184169019,0.10362479664111957
mortality_rate,county,5,female,65-74,0.04360278093834301,0.024386737950576474,0.07062396534925319
mortality_rate,county,5,female,75-84,0.07209472766722208,0.03324015188406203,0.1277045132187917
mortality_rate,county,5,female,85+,0.05095688403339783,0.0,0.18253917500398684
qualifying_event_rate,county,5,female,0-17,0.03961865626783558,0.013869638972320061,0.08089503756390284
qualifying_event_rate,county,5,female,18-44,0.02297623610674424,0.007174447085839474,0.048066771748634565
qualifying_event_rate,county,5,female,45-64,0.03618838421171381,0.013092343313317252,0.072989381594613
qualifying_event_rate,county,5,female,65-74,0.031154805841100277,0.007819199372625695,0.06675010807778763
qualifying_event_rate,county,5,female,75-84,0.025583916331736317,0.0,0.06157054153500565
qualifying_event_rate,county,5,female,85+,0.0201789627511256,0.0,0.0862112252788604
person_years_exposure,county,6,male,0-17,1946.7852480668503,1741.1048832996423,2169.748533847797
person_years_exposure,county,6,male,18-44,2643.2071308855475,2362.957693116167,2945.1972161803424
person_years_exposure,county,6,male,45-64,2509.0707713811767,2250.26794305027,2794.5373264458126
person_years_exposure,county,6,male,65-74,677.2145006480232,587.2419284103547,768.3361235445975
person_years_exposure,county,6,male,75-84,237.14085500091164,201.9392288409612,274.32960486458506
person_years_exposure,county,6,male,85+,62.32411323804411,45.11867573382079,83.77819087987046
person_years_exposure,county,6,male,18-64,5152.277902266724,4614.427211408672,5742.7479614087515
person_years_exposure,county,6,male,65+,976.679468886979,844.9254325836855,1108.7362114047326
mortality_rate,county,6,male,0-17,0.018763154316852354,0.011752229804609859,0.02780928183211822
mortality_rate,county,6,male,18-44,0.026784644477533218,0.018339395390288577,0.0383901865803397
mortality_rate,county,6,male,45-64,0.0410463835554976,0.02873380329097272,0.058767616807256465
mortality_rate,county,6,male,65-74,0.062073285804966155,0.039397328908180936,0.09522830473257606
mortality_rate,county,6,male,75-84,0.04142887685747686,0.019085907815312924,0.07065497695445995
mortality_rate,county,6,male,85+,0.013866983738203373,0.0,0.04407626832671213
qualifying_event_rate,county,6,male,0-17,0.014525649575668532,0.00458429285727616,0.030936837693120226
qualifying_event_rate,county,6,male,18-44,0.030723655148354848,0.011097347932144001,0.06123010950079524
qualifying_event_rate,county,6,male,45-64,0.028679340939490025,0.010829664167195155,0.05765579926344969
qualifying_event_rate,county,6,male,65-74,0.056044430798316225,0.01997548017241919,0.10971514456699921
qualifying_event_rate,county,6,male,75-84,0.035632256077226594,0.008532563701454327,0.0760475050794217
qualifying_event_rate,county,6,male,85+,0.023150467772998652,0.0,0.06413446776383076
person_years_exposure,county,6,female,0-17,1934.2901916664796,1728.079426501374,2162.685294000438
person_years_exposure,county,6,female,18-44,2706.349251182067,2416.1750467221823,3019.9697481283647
person_years_exposure,county,6,female,45-64,2342.662844884486,2095.7467731489824,2612.0191952275213
person_years_exposure,county,6,female,65-74,685.4758412108642,599.698520274162,772.488775512859
person_years_exposure,county,6,female,75-84,282.72508625077427,237.0731228355983,328.1016130542132
person_years_exposure,county,6,female,85+,42.32447974649146,31.96832856902856,52.49133623395247
person_years_exposure,county,6,female,18-64,5049.012096066553,4511.361189916098,5632.947076240321
person_years_exposure,county,6,female,65+,1010.5254072081299,882.6821621859713,1140.9607642145686
mortality_rate,county,6,female,0-17,0.023423633984161907,0.01493436252395283,0.03438178793743203
mortality_rate,county,6,female,18-44,0.013579359081315277,0.008567063952754413,0.019900266084547865
mortality_rate,county,6,female,45-64,0.03551063837745802,0.02497823891551022,0.050478057223053104
mortality_rate,county,6,female,65-74,0.08062993969859664,0.05339061534078139,0.11955486480260727
mortality_rate,county,6,female,75-84,0.08012212255752199,0.04607093040963076,0.12537946463151703
mortality_rate,county,6,female,85+,0.013292963942094057,0.0,0.05009740496613633
qualifying_event_rate,county,6,female,0-17,0.019710577413233288,0.006760175373382697,0.040272278349026115
qualifying_event_rate,county,6,female,18-44,0.014525882174008834,0.004971276985387099,0.030306886463034977
qualifying_event_rate,county,6,female,45-64,0.030106464969558062,0.010880536383188442,0.060507602487617856
qualifying_event_rate,county,6,female,65-74,0.053920992308773605,0.019974065473311934,0.10734488570420878
qualifying_event_rate,county,6,female,75-84,0.04164022808010163,0.012001994942794091,0.08689898344557277
qualifying_event_rate,county,6,female,85+,0.020809297612408115,0.0,0.06358366770843144
person_years_exposure,county,7,male,0-17,1014.6790664988365,921.6156184274472,1107.508081492314
person_years_exposure,county,7,male,18-44,1402.3646870016494,1281.0202807441315,1524.312772306994
person_years_exposure,county,7,male,45-64,1186.3205025702002,1077.9065833891216,1291.1654541440828
person_years_exposure,county,7,male,65-74,434.64760537841755,389.86258959771493,480.95303202209965
person_years_exposure,county,7,male,75-84,119.48748635055672,102.11717655506234,137.31426330122636
person_years_exposure,county,7,male,85+,8.889533346633348,4.795346594269749,12.363695104588839
person_years_exposure,county,7,male,18-64,2588.6851895718496,2362.030236627314,2817.3388025232557
person_years_exposure,county,7,male,65+,563.0246250756077,505.05975264366754,622.590955374519
mortality_rate,county,7,male,0-17,0.012497697806565069,0.006106661564891995,0.019957674547748848
mortality_rate,county,7,male,18-44,0.015232934481849758,0.008943245932007012,0.023298879567562148
mortality_rate,county,7,male,45-64,0.026125867568335275,0.016277818110836544,0.03845555156885144
mortality_rate,county,7,male,65-74,0.029392134100319742,0.014808779803103952,0.048845986328772996
mortality_rate,county,7,male,75-84,0.03872460733583791,0.008300641968861083,0.0772108180011074
mortality_rate,county,7,male,85+,0.04847214563838987,0.0,0.24631231100771278
qualifying_event_rate,county,7,male,0-17,0.010086798495376012,0.002180013354144679,0.02222067503335887
qualifying_event_rate,county,7,male,18-44,0.015723974899515554,0.004670482734735469,0.03288238371475934
qualifying_event_rate,county,7,male,45-64,0.024769256942022033,0.007992659904341651,0.05107354880608988
qualifying_event_rate,county,7,male,65-74,0.03532744118338416,0.01011120081399136,0.07310187039939338
qualifying_event_rate,county,7,male,75-84,0.024089899154703116,0.0,0.05856373721385568
qualifying_event_rate,county,7,male,85+,0.015743653787366748,0.0,0.10744457208738867
person_years_exposure,county,7,female,0-17,1040.1475722843393,945.3006416724714,1135.3200275291988
person_years_exposure,county,7,female,18-44,1381.740930467553,1259.0383827766127,1502.1339791928744
person_years_exposure,county,7,female,45-64,1257.0341552311704,1138.226742894702,1373.6928160478628
person_years_exposure,county,7,female,65-74,380.9805328890318,335.8217141826434,424.32617508164805
person_years_exposure,county,7,female,75-84,124.35482525290804,106.17436418624547,142.57176499584145
person_years_exposure,county,7,female,85+,15.78339114244004,10.637034726150748,20.78871045243659
person_years_exposure,county,7,female,18-64,2638.775085698723,2404.399476931879,2874.0139341351005
person_years_exposure,county,7,female,65+,521.1187492843799,462.67588548149666,581.6956748052578
mortality_rate,county,7,female,0-17,0.011659346932489682,0.00587081985443995,0.018455713688674383
mortality_rate,county,7,female,18-44,0.011918840671838035,0.006728547907750935,0.018429958710346465
mortality_rate,county,7,female,45-64,0.029732239449763675,0.019087720810520792,0.044150440506550905
mortality_rate,county,7,female,65-74,0.05002740498993452,0.027887828904964,0.0794288857607114
mortality_rate,county,7,female,75-84,0.04038464502416953,0.01422880087870354,0.07857672517655055
mortality_rate,county,7,female,85+,0.016429161742835714,0.0,0.09444017263325734
qualifying_event_rate,county,7,female,0-17,0.019441164144708607,0.005872498706384651,0.04202088770677263
qualifying_event_rate,county,7,female,18-44,0.018791705864014883,0.005967020147468594,0.03882168347574025
qualifying_event_rate,county,7,female,45-64,0.024009475867817223,0.008318486458740086,0.04988719948305944
qualifying_event_rate,county,7,female,65-74,0.040541878290120154,0.01198253121017914,0.08267624935648955
qualifying_event_rate,county,7,female,75-84,0.03775972380325226,0.007426079700674674,0.08507274979536208
qualifying_event_rate,county,7,female,85+,0.014448845465828095,0.0,0.07524709558008792
person_years_exposure,county,8,male,0-17,1022.7455631149459,937.7382999813548,1124.0392888710849
person_years_exposure,county,8,male,18-44,1832.83921754933,1689.0510186938134,2018.6704983716834
person_years_exposure,county,8,male,45-64,1406.6462649484297,1292.0282435719348,1549.933111517193
person_years_exposure,county,8,male,65-74,342.65936856100086,299.0512896147375,388.4884853061087
person_years_exposure,county,8,male,75-84,143.70464567619035,118.89814211122629,167.52398616936824
person_years_exposure,county,8,male,85+,27.56981727237385,20.853160953791846,33.50000185880188
person_years_exposure,county,8,male,18-64,3239.4854824977597,2984.6529337737984,3565.7956815725215
person_years_exposure,county,8,male,65+,513.933831509565,449.82092080844086,579.802547725667
mortality_rate,county,8,male,0-17,0.015647029197330714,0.008297725598055705,0.024489866542749764
mortality_rate,county,8,male,18-44,0.020534842385268946,0.013349626070582639,0.029851967934297393
mortality_rate,county,8,male,45-64,0.021093361690750156,0.013044171147418496,0.030764467130989206
mortality_rate,county,8,male,65-74,0.08463136390865915,0.05144878507694161,0.13076363395300114
mortality_rate,county,8,male,75-84,0.09658403314436173,0.05055080713211505,0.16235963061766195
mortality_rate,county,8,male,85+,0.02010071862018829,0.0,0.08319331933693225
qualifying_event_rate,county,8,male,0-17,0.01552385431684889,0.004306283241412399,0.03323419894639977
qualifying_event_rate,county,8,male,18-44,0.019394213142542038,0.006444355778296664,0.0401857647346307
qualifying_event_rate,county,8,male,45-64,0.030714902387285796,0.010740704143374276,0.061960341456540884
qualifying_event_rate,county,8,male,65-74,0.04039110015867502,0.011067426842802416,0.08378467658253094
qualifying_event_rate,county,8,male,75-84,0.02738920606343042,0.0,0.06438028734092154
qualifying_event_rate,county,8,male,85+,0.0215580168062213,0.0,0.0793946025894213
person_years_exposure,county,8,female,0-17,1196.3570609889866,1097.2515854802152,1316.9405503116975
person_years_exposure,county,8,female,18-44,1585.136113183543,1463.5035964826943,1742.5211434407715
person_years_exposure,county,8,female,45-64,1478.8973293047786,1358.4145586530303,1628.6938034486927
person_years_exposure,county,8,female,65-74,375.15641951945906,334.8267330539724,416.80083635520293
person_years_exposure,county,8,female,75-84,152.65021742565517,131.68836310354558,174.84266960169728
person_years_exposure,county,8,female,85+,31.492421855228663,23.623167334254447,39.64767111567817
person_years_exposure,county,8,female,18-64,3064.0334424883217,2824.5089189284536,3367.139641374367
person_years_exposure,county,8,female,65+,559.2990588003429,500.4571382030239,622.4800452146912
mortality_rate,county,8,female,0-17,0.012993547145656963,0.007034778237656803,0.020698434260385104
mortality_rate,county,8,female,18-44,0.01584975777697829,0.00938902046506864,0.023959592666806303
mortality_rate,county,8,female,45-64,0.027439085215487026,0.017881277550512085,0.04014630817182999
mortality_rate,county,8,female,65-74,0.0481561611452754,0.026780626258984582,0.07582550462058545
mortality_rate,county,8,female,75-84,0.06196270307772167,0.028518839874799175,0.10572749953059317
mortality_rate,county,8,female,85+,0.03927629551704118,0.0,0.12110384156158407
qualifying_event_rate,county,8,female,0-17,0.01820182252967909,0.005377819938121803,0.037473025791279244
qualifying_event_rate,county,8,female,18-44,0.024321711136099718,0.00838498323923651,0.049925673089294784
qualifying_event_rate,county,8,female,45-64,0.031439373476052815,0.011695211213595078,0.06242527754048252
qualifying_event_rate,county,8,female,65-74,0.03949383088806356,0.011294576343523367,0.07995213810249104
qualifying_event_rate,county,8,female,75-84,0.03398838133527738,0.006421581015984282,0.07376733215036271
qualifying_event_rate,county,8,female,85+,0.021844738534492557,0.0,0.07230525783507949
person_years_exposure,county,9,male,0-17,1517.7606729914505,1384.189841606745,1654.1225007192122
person_years_exposure,county,9,male,18-44,2386.002926759884,2172.4204090294656,2588.8245615338187
person_years_exposure,county,9,male,45-64,1826.8288979371819,1660.7438888795518,1991.6424501806418
person_years_exposure,county,9,male,65-74,484.8821547844042,434.9678070549833,537.2306810395689
person_years_exposure,county,9,male,75-84,197.04806772386317,170.71691544336036,223.50898319782326
person_years_exposure,county,9,male,85+,35.434425461630674,25.52746575899648,45.332539391891714
person_years_exposure,county,9,male,18-64,4212.831824697066,3836.707729976852,4574.077262323583
person_years_exposure,county,9,male,65+,717.364647969898,642.7496206959842,796.8590211936187
mortality_rate,county,9,male,0-17,0.015077336941005917,0.00880755384772821,0.023121046597621788
mortality_rate,county,9,male,18-44,0.01843617584785839,0.01216861488883151,0.027084655868411557
mortality_rate,county,9,male,45-64,0.030408310987814356,0.020765713282670167,0.0435945081373025
mortality_rate,county,9,male,65-74,0.03427668636123318,0.018187394997940934,0.055359525272510125
mortality_rate,county,9,male,75-84,0.05131155708767451,0.02397134197840014,0.09016426202315
mortality_rate,county,9,male,85+,0.0633379306538553,0.0,0.15279758926162512
qualifying_event_rate,county,9,male,0-17,0.013008731202716582,0.0038649727623576973,0.02765508013325415
qualifying_event_rate,county,9,male,18-44,0.02011784374842088,0.007063267274207011,0.04185312998569581
qualifying_event_rate,county,9,male,45-64,0.031453656816811455,0.011241497268510979,0.06455231657051719
qualifying_event_rate,county,9,male,65-74,0.04357067570420599,0.014681815625320884,0.08712594225953017
qualifying_event_rate,county,9,male,75-84,0.03166963860762302,0.005405674119912,0.07009628915133254
qualifying_event_rate,county,9,male,85+,0.019605280930948012,0.0,0.06659670392965039
person_years_exposure,county,9,female,0-17,1606.9878556151302,1463.9023865148677,1754.282557936832
person_years_exposure,county,9,female,18-44,2145.2561508403737,1954.3289341266516,2337.098952870812
person_years_exposure,county,9,female,45-64,1733.7261026059844,1579.7862416761018,1889.965505841188
person_years_exposure,county,9,female,65-74,480.64484207541545,424.6523836883867,536.2813254718446
person_years_exposure,county,9,female,75-84,179.65268712381993,155.29326532470424,205.1304721591484
person_years_exposure,county,9,female,85+,13.771454708718643,9.124872308892039,18.138018890037216
person_years_exposure,county,9,female,18-64,3878.9822534463583,3537.391182196183,4222.70784863844
person_years_exposure,county,9,female,65+,674.0689839079541,597.1302507020536,752.6015966605685
mortality_rate,county,9,female,0-17,0.013981296348316012,0.008314723950094098,0.021128727086993787
mortality_rate,county,9,female,18-44,0.013970459812927044,0.0087249649300213,0.020467486607778546
mortality_rate,county,9,female,45-64,0.03274310633015906,0.02232054220419096,0.04707740533317862
mortality_rate,county,9,female,65-74,0.06300464490487703,0.03886073345098135,0.09520981768647348
mortality_rate,county,9,female,75-84,0.04623498915121876,0.019718581171073182,0.08162102337144611
mortality_rate,county,9,female,85+,0.02091837263249805,0.0,0.09759432518110242
qualifying_event_rate,county,9,female,0-17,0.024529709527525357,0.008552306875071091,0.05119670748419148
qualifying_event_rate,county,9,female,18-44,0.023756541692019215,0.008351952086312004,0.048721394689470725
qualifying_event_rate,county,9,female,45-64,0.029928145485759096,0.010734025576313854,0.06156083314359092
qualifying_event_rate,county,9,female,65-74,0.051313705942147146,0.01795654827307019,0.10303609993757046
qualifying_event_rate,county,9,female,75-84,0.047131753340076944,0.011533367580464382,0.09587327550595465
qualifying_event_rate,county,9,female,85+,0.018426976272405814,0.0,0.08603850038935447
person_years_exposure,county,10,male,0-17,1039.489189031942,930.7753009621888,1136.6457953410131
person_years_exposure,county,10,male,18-44,1708.7814098996362,1531.951336218922,1870.6026487709426
person_years_exposure,county,10,male,45-64,1506.5805072311268,1348.3765695528527,1647.881409650682
person_years_exposure,county,10,male,65-74,381.1714330619914,336.028689988847,423.4569559563285
person_years_exposure,county,10,male,75-84,121.64933328023201,100.20635729649608,141.48490956602637
person_years_exposure,county,10,male,85+,10.703169854985058,5.99937514624491,15.125566095797968
person_years_exposure,county,10,male,18-64,3215.361917130763,2878.7583737658474,3518.4474657259852
person_years_exposure,county,10,male,65+,513.5239361972085,450.0766022977163,572.2778720138755
mortality_rate,county,10,male,0-17,0.007386534402922067,0.0028772873442308384,0.013126700491068956
mortality_rate,county,10,male,18-44,0.010524107023470158,0.005824187292336725,0.016316713342694508
mortality_rate,county,10,male,45-64,0.022147629907494276,0.013917740673379971,0.03290791312180979
mortality_rate,county,10,male,65-74,0.06067677806599998,0.03575798361302594,0.09196160980032474
mortality_rate,county,10,male,75-84,0.08528239503084814,0.04073079523504826,0.145398219176435
mortality_rate,county,10,male,85+,0.037514504887096935,0.0,0.19665997620736073
qualifying_event_rate,county,10,male,0-17,0.020896963814486105,0.006547886683130905,0.043774247189508966
qualifying_event_rate,county,10,male,18-44,0.027050157646799394,0.00963443269125272,0.054889321542181256
qualifying_event_rate,county,10,male,45-64,0.034144154741050536,0.01230790215466693,0.06807317961521754
qualifying_event_rate,county,10,male,65-74,0.04708078162658915,0.014689361391947618,0.09383437609300743
qualifying_event_rate,county,10,male,75-84,0.04454467727177135,0.008036289516564384,0.09566377215368403
qualifying_event_rate,county,10,male,85+,0.028813276742629106,0.0,0.12776415900481605
person_years_exposure,county,10,female,0-17,1074.0762412901609,964.6060455279074,1178.345666728192
person_years_exposure,county,10,female,18-44,1478.7524321010178,1326.8671309357314,1617.4466131832723
person_years_exposure,county,10,female,45-64,1441.1323706512471,1290.1448196313213,1581.3480725934253
person_years_exposure,county,10,female,65-74,493.546484016942,434.1373613942139,549.2687956862696
person_years_exposure,county,10,female,75-84,181.83471406489664,154.62079740606194,208.26595487661007
person_years_exposure,county,10,female,85+,24.748153480997537,16.89970176704885,31.60333629793416
person_years_exposure,county,10,female,18-64,2919.884802752265,2620.4501040390965,3202.3068815653974
person_years_exposure,county,10,female,65+,700.1293515628362,614.3865369108896,779.6338703322031
mortality_rate,county,10,female,0-17,0.015813006886362814,0.008861802198319038,0.024708765034584045
mortality_rate,county,10,female,18-44,0.011893735721544039,0.006563314343176429,0.01871513507560368
mortality_rate,county,10,female,45-64,0.030259814660740278,0.019656169941810204,0.04365625595248246
mortality_rate,county,10,female,65-74,0.053127213173731855,0.031929272379995335,0.08133648886534141
mortality_rate,county,10,female,75-84,0.08845807381791963,0.0481312554117274,0.14734267541651008
mortality_rate,county,10,female,85+,0.05076294917476014,0.0,0.15056880205913667
qualifying_event_rate,county,10,female,0-17,0.021635597508503305,0.0073043817039695974,0.045420728521886784
qualifying_event_rate,county,10,female,18-44,0.02219543491936973,0.0074728752103806004,0.04549486899628883
qualifying_event_rate,county,10,female,45-64,0.03762345313276788,0.013056993807609222,0.07477281824609956
qualifying_event_rate,county,10,female,65-74,0.05901781045170886,0.020877367803529858,0.11501063990437345
qualifying_event_rate,county,10,female,75-84,0.03343877070214098,0.005630961757770033,0.07305659460769758
qualifying_event_rate,county,10,female,85+,0.030001082331568257,0.0,0.09493347504143639
person_years_exposure,county,11,male,0-17,2795.407989274908,2558.9051659373677,3082.4177376180887
person_years_exposure,county,11,male,18-44,3743.0615866648723,3428.440219336596,4135.986239923828
person_years_exposure,county,11,male,45-64,3914.2495969492275,3589.653054350627,4320.7854215304815
person_years_exposure,county,11,male,65-74,946.6267848394637,806.9338576026071,1075.8542850923236
person_years_exposure,county,11,male,75-84,293.0090764807549,232.1151652964725,344.76735200263863
person_years_exposure,county,11,male,85+,49.156042332387564,37.24337768356203,60.92831596706008
person_years_exposure,county,11,male,18-64,7657.3111836141,7026.1824220410945,8454.36283767227
person_years_exposure,county,11,male,65+,1288.7919036526062,1088.4584408753626,1467.2276711967784
mortality_rate,county,11,male,0-17,0.02536176638508843,0.017354872779406984,0.03657484826556275
mortality_rate,county,11,male,18-44,0.034884597084293395,0.024722430443808716,0.04919494123405306
mortality_rate,county,11,male,45-64,0.03519567289343888,0.025284849189984485,0.0490945277880466
mortality_rate,county,11,male,65-74,0.13989905572527403,0.10106091242388492,0.20253746717575227
mortality_rate,county,11,male,75-84,0.1556316052201758,0.10165071148426377,0.23915256069687282
mortality_rate,county,11,male,85+,0.01939675138810926,0.0,0.06131372144666013
qualifying_event_rate,county,11,male,0-17,0.01497188933532239,0.005198543281168986,0.031550159862592866
qualifying_event_rate,county,11,male,18-44,0.01905935298671251,0.00685250105333096,0.03899722034118507
qualifying_event_rate,county,11,male,45-64,0.030052206182554747,0.010958523298843384,0.06062730651761401
qualifying_event_rate,county,11,male,65-74,0.04020200297837494,0.01387124033333207,0.08255313516821658
qualifying_event_rate,county,11,male,75-84,0.026860823766816762,0.006249448925913053,0.059528442180804345
qualifying_event_rate,county,11,male,85+,0.019677475808211102,0.0,0.062323967113187745
person_years_exposure,county,11,female,0-17,2960.7133016677185,2714.6053211136004,3265.534487454744
person_years_exposure,county,11,female,18-44,3901.830230409561,3597.311901291861,4298.778930388579
person_years_exposure,county,11,female,45-64,3886.400246358221,3556.9911543105954,4291.053428512632
person_years_exposure,county,11,female,65-74,1082.5276690657204,952.3216765189164,1207.8295068788937
person_years_exposure,county,11,female,75-84,319.4011462594471,266.3530439562062,367.3924037252174
person_years_exposure,county,11,female,85+,52.68448583619377,40.395131045309164,65.12154519878654
person_years_exposure,county,11,female,18-64,7788.2304767677815,7157.893670848658,8596.489349526946
person_years_exposure,county,11,female,65+,1454.6133011613613,1270.820377552535,1628.7661187579336
mortality_rate,county,11,female,0-17,0.02112577507792401,0.014407560787956067,0.03033947983040516
mortality_rate,county,11,female,18-44,0.026144831857995036,0.01850009331729083,0.036697221105275804
mortality_rate,county,11,female,45-64,0.04334714511883091,0.03167397613722027,0.060663085782858936
mortality_rate,county,11,female,65-74,0.07921614258742514,0.05464699893850812,0.11530005492558336
mortality_rate,county,11,female,75-84,0.1021493022222649,0.06526936214473629,0.15853186369812924
mortality_rate,county,11,female,85+,0.05624250393627677,0.013744862626515416,0.12851468545221292
qualifying_event_rate,county,11,female,0-17,0.017845348588037546,0.006272636053280039,0.03659833339809745
qualifying_event_rate,county,11,female,18-44,0.023856993257809964,0.008636943920306079,0.048199109529262464
qualifying_event_rate,county,11,female,45-64,0.030634419936305786,0.011379294354485281,0.06080076366689781
qualifying_event_rate,county,11,female,65-74,0.03890588704776385,0.013757800330442414,0.078080278258494
qualifying_event_rate,county,11,female,75-84,0.03255037185349389,0.008915134621330398,0.0711145754612686
qualifying_event_rate,county,11,female,85+,0.020434033345926497,0.0,0.06354743100982016
person_years_exposure,county,12,male,0-17,1708.6190036223322,1532.76355427421,1869.0304169152805
person_years_exposure,county,12,male,18-44,2468.5416559765276,2213.336257005394,2699.0619637106515
person_years_exposure,county,12,male,45-64,2207.766080396407,1978.53593989947,2421.448924270788
person_years_exposure,county,12,male,65-74,630.0412976059604,554.9817620005078,700.0029563587775
person_years_exposure,county,12,male,75-84,205.3990172489846,171.32298275759237,237.41307128712603
person_years_exposure,county,12,male,85+,17.538357988969928,10.59055617893952,24.38359741521375
person_years_exposure,county,12,male,18-64,4676.307736372934,4188.238418543712,5115.614058151621
person_years_exposure,county,12,male,65+,852.9786728439149,745.757608248439,950.7960887722205
mortality_rate,county,12,male,0-17,0.00900764006918531,0.004710267094231612,0.014299673717076187
mortality_rate,county,12,male,18-44,0.012424110210778482,0.007842578712225826,0.01825058960336795
mortality_rate,county,12,male,45-64,0.027054487791580446,0.017873189712347602,0.038992854701862235
mortality_rate,county,12,male,65-74,0.0746187901978894,0.04834190555404856,0.1116159843749825
mortality_rate,county,12,male,75-84,0.10383886829420164,0.05928311515696626,0.1666921121890141
mortality_rate,county,12,male,85+,0.039228304750595085,0.0,0.14326285291120902
qualifying_event_rate,county,12,male,0-17,0.01803414131364239,0.00568105125404621,0.03776843487417344
qualifying_event_rate,county,12,male,18-44,0.023092732081606015,0.008381631146428979,0.04788749246665319
qualifying_event_rate,county,12,male,45-64,0.029563165802321306,0.010660450261065555,0.05963705784319882
qualifying_event_rate,county,12,male,65-74,0.04121404658939519,0.0134933442776975,0.08420847095998965
qualifying_event_rate,county,12,male,75-84,0.04000955023493552,0.009838202284956639,0.08492675303330494
qualifying_event_rate,county,12,male,85+,0.02552718370701456,0.0,0.10405774694710705
person_years_exposure,county,12,female,0-17,1641.1073670486526,1464.5530001165305,1796.9624318427243
person_years_exposure,county,12,female,18-44,2302.235675691751,2065.073146839715,2515.668790047636
person_years_exposure,county,12,female,45-64,2087.6668280857375,1872.0994301909268,2288.0328173084577
person_years_exposure,county,12,female,65-74,539.4446149901128,471.127963115803,600.9262100074857
person_years_exposure,county,12,female,75-84,194.51691436690717,163.03376402316346,223.4851129273711
person_years_exposure,county,12,female,85+,32.77493175798439,23.93459536351863,40.9956577860117
person_years_exposure,county,12,female,18-64,4389.902503777488,3941.5829035101465,4805.211530088198
person_years_exposure,county,12,female,65+,766.7364611150043,665.6965334202287,858.2705716764107
mortality_rate,county,12,female,0-17,0.019166686150655424,0.011902792303699086,0.02848053012685143
mortality_rate,county,12,female,18-44,0.014842909160345802,0.009395682298146801,0.021524785788977145
mortality_rate,county,12,female,45-64,0.03719076904494668,0.025869222625945664,0.05257502732390364
mortality_rate,county,12,female,65-74,0.0663454164697919,0.0421760012612149,0.10063315721414479
mortality_rate,county,12,female,75-84,0.10077373239617239,0.056928880478322993,0.16334390193551468
mortality_rate,county,12,female,85+,0.06656835125852155,0.0,0.16456760708520518
qualifying_event_rate,county,12,female,0-17,0.01865522938335111,0.006397280933961356,0.03845589500868717
qualifying_event_rate,county,12,female,18-44,0.01902659723329078,0.006791877676797336,0.039766451401198846
qualifying_event_rate,county,12,female,45-64,0.03269527254982891,0.0119606018385024,0.06621392119588584
qualifying_event_rate,county,12,female,65-74,0.05221252537685742,0.01787428366607549,0.10264590436680587
qualifying_event_rate,county,12,female,75-84,0.02844564690554522,0.0050808061116335195,0.06328967037569287
qualifying_event_rate,county,12,female,85+,0.027840583685707944,0.0,0.08800110445972965
person_years_exposure,county,13,male,0-17,1087.95334293711,987.8891863269725,1187.9071942850708
person_years_exposure,county,13,male,18-44,1705.974875150023,1554.4667741356927,1855.0302536094357
person_years_exposure,county,13,male,45-64,1367.9356348435742,1241.403010413047,1492.5543009107541
person_years_exposure,county,13,male,65-74,453.5842039925551,406.20572906889464,501.83264693056657
person_years_exposure,county,13,male,75-84,192.77682365559937,167.2792522731036,219.22396891793335
person_years_exposure,county,13,male,85+,34.04511804679609,24.512559881371708,43.60617254139931
person_years_exposure,county,13,male,18-64,3073.9105099935973,2796.0695622445264,3346.3549995745166
person_years_exposure,county,13,male,65+,680.4061456949506,609.1668885051123,753.6304858045985
mortality_rate,county,13,male,0-17,0.01578275258674634,0.008940585283480271,0.02478461128319802
mortality_rate,county,13,male,18-44,0.019500339851619735,0.011986752235215285,0.029276537466932578
mortality_rate,county,13,male,45-64,0.031213990908009845,0.020555522703342616,0.045713194633114615
mortality_rate,county,13,male,65-74,0.036990731014204276,0.02000644472566061,0.058623902943073486
mortality_rate,county,13,male,75-84,0.05655516009003848,0.026545569381044517,0.09621084984908385
mortality_rate,county,13,male,85+,0.05480408427720684,0.0,0.14696301855907853
qualifying_event_rate,county,13,male,0-17,0.010634036847818,0.0026743740914762803,0.023760952720473908
qualifying_event_rate,county,13,male,18-44,0.016595197065220453,0.005353688857062635,0.034767692852640614
qualifying_event_rate,county,13,male,45-64,0.025925415458227182,0.008633297076645965,0.05285470553506103
qualifying_event_rate,county,13,male,65-74,0.036931980390574826,0.011572932857136311,0.07699477592303165
qualifying_event_rate,county,13,male,75-84,0.027558499467643795,0.004965956698285017,0.061699245289176995
qualifying_event_rate,county,13,male,85+,0.01575491720970737,0.0,0.0598265019227192
person_years_exposure,county,13,female,0-17,1174.8346909498262,1068.2551126034002,1282.0670500801564
person_years_exposure,county,13,female,18-44,1606.717476417369,1463.8963096733041,1747.5263050945218
person_years_exposure,county,13,female,45-64,1477.0946986361037,1340.9297473377367,1615.1320498879659
person_years_exposure,county,13,female,65-74,447.798436970901,395.95786570101035,498.84736038183644
person_years_exposure,county,13,female,75-84,172.2878854753682,148.2307277074753,196.89083481297425
person_years_exposure,county,13,female,85+,20.72418486494087,14.140537258321604,27.0345432644946
person_years_exposure,county,13,female,18-64,3083.812175053473,2808.368311169417,3363.332262562246
person_years_exposure,county,13,female,65+,640.81050731121,565.8229016787037,714.0078591464253
mortality_rate,county,13,female,0-17,0.014800120771410366,0.008152387567558294,0.02330591475033759
mortality_rate,county,13,female,18-44,0.014759809423918729,0.008691515448694532,0.022741694702291797
mortality_rate,county,13,female,45-64,0.03541613704900162,0.023750738036942762,0.05189408388296791
mortality_rate,county,13,female,65-74,0.0618527321090907,0.03744566927377894,0.09442490127175507
mortality_rate,county,13,female,75-84,0.05271973610527297,0.023937523089521,0.09097955388760763
mortality_rate,county,13,female,85+,0.021008961035681978,0.0,0.09409646549256548
qualifying_event_rate,county,13,female,0-17,0.02024553448517107,0.006225063876593445,0.04264411242548385
qualifying_event_rate,county,13,female,18-44,0.019660802805971465,0.006610884755382935,0.04158672838401052
qualifying_event_rate,county,13,female,45-64,0.025094460473980607,0.008396943657782794,0.05164274599681966
qualifying_event_rate,county,13,female,65-74,0.04259457753319671,0.013504659289355427,0.08581918605997728
qualifying_event_rate,county,13,female,75-84,0.04082089861626231,0.01019108382363646,0.08726910478569232
qualifying_event_rate,county,13,female,85+,0.014410505758495172,0.0,0.063219889111197
person_years_exposure,county,14,male,0-17,1001.7409931653303,910.4135241492852,1093.7741427639614
person_years_exposure,county,14,male,18-44,1316.8745374695202,1195.4360460938028,1437.1972566177685
person_years_exposure,county,14,male,45-64,1337.775051703173,1209.4485300478304,1465.2449941970033
person_years_exposure,county,14,male,65-74,339.71498253242584,298.31296262482266,379.7707582802513
person_years_exposure,county,14,male,75-84,136.62717770491983,113.34239593496918,160.82188371638657
person_years_exposure,county,14,male,85+,26.202732101814224,17.52300241097638,35.20611119067207
person_years_exposure,county,14,male,18-64,2654.649589172693,2411.2632797672445,2903.233386378933
person_years_exposure,county,14,male,65+,502.54489233915984,439.154168563622,563.9805025073024
mortality_rate,county,14,male,0-17,0.025663815566252857,0.015470667901993125,0.03863449077215562
mortality_rate,county,14,male,18-44,0.03161412477265974,0.02000255752362865,0.04682261226025966
mortality_rate,county,14,male,45-64,0.052502665715849016,0.03609858868493696,0.07529885083969232
mortality_rate,county,14,male,65-74,0.06223924046746567,0.035869782375385885,0.09828852399646236
mortality_rate,county,14,male,75-84,0.08092716903428186,0.03898330108304373,0.136905591335529
mortality_rate,county,14,male,85+,0.09683568181996438,0.018630629031603715,0.2319842108420206
qualifying_event_rate,county,14,male,0-17,0.011928451397643727,0.003053724288869148,0.025868312600961833
qualifying_event_rate,county,14,male,18-44,0.018470362064431364,0.006180311274788487,0.03864532481037659
qualifying_event_rate,county,14,male,45-64,0.029248085027865276,0.009871795885772867,0.0604755772666392
qualifying_event_rate,county,14,male,65-74,0.04198889371541653,0.012794087426100813,0.08671412435984674
qualifying_event_rate,county,14,male,75-84,0.029280478320694962,0.004262228905544445,0.06798994958117598
qualifying_event_rate,county,14,male,85+,0.017704333468528153,0.0,0.07250273161706174
person_years_exposure,county,14,female,0-17,893.1561519625237,808.0536852645586,977.8919216891267
person_years_exposure,county,14,female,18-44,1484.1143706033943,1349.8341294726313,1616.4503540912062
person_years_exposure,county,14,female,45-64,1450.2856614659065,1306.3290637034775,1590.3445080710483
person_years_exposure,county,14,female,65-74,439.1316090902903,375.84565504979145,498.4929785673922
person_years_exposure,county,14,female,75-84,186.7926198511645,157.12631812120182,215.46249101033158
person_years_exposure,county,14,female,85+,27.284200889395056,18.686955120873026,35.56742774599455
person_years_exposure,county,14,female,18-64,2934.400032069301,2664.3126680005676,3205.670940340971
person_years_exposure,county,14,female,65+,653.2084298308498,563.9155615476549,737.4118595289125
mortality_rate,county,14,female,0-17,0.023904010983734795,0.013993910875564869,0.036785969653365135
mortality_rate,county,14,female,18-44,0.023340605250927016,0.014637327929515451,0.0345030869426128
mortality_rate,county,14,female,45-64,0.060805361564778324,0.04338267377456114,0.08797969503821375
mortality_rate,county,14,female,65-74,0.10832115847680328,0.07166009970243632,0.16331001182655697
mortality_rate,county,14,female,75-84,0.07853738458521738,0.04208900470083318,0.1293694691019265
mortality_rate,county,14,female,85+,0.037039700432347555,0.0,0.11856921062571707
qualifying_event_rate,county,14,female,0-17,0.02254442951241223,0.0066468984987008845,0.04641731979259115
qualifying_event_rate,county,14,female,18-44,0.021736047008476013,0.007133460039581052,0.044607166939590666
qualifying_event_rate,county,14,female,45-64,0.028474993649360306,0.010006486756119093,0.05853593299512288
qualifying_event_rate,county,14,female,65-74,0.04900573276392036,0.01614399769023136,0.09976299074709064
qualifying_event_rate,county,14,female,75-84,0.04403162200365413,0.010713731421524327,0.09129352902496751
qualifying_event_rate,county,14,female,85+,0.016498168668712024,0.0,0.06792674528449158
person_years_exposure,county,15,male,0-17,2638.1574877127246,2365.1898714671556,2894.4914374907767
person_years_exposure,county,15,male,18-44,3750.360814083666,3359.397336978007,4100.385195214991
person_years_exposure,county,15,male,45-64,3215.6358312068587,2886.1762733799405,3530.476731602566
person_years_exposure,county,15,male,65-74,811.8206315914936,717.6897507794441,893.1176628450734
person_years_exposure,county,15,male,75-84,349.6876803057688,297.9237158353748,395.6427671702219
person_years_exposure,county,15,male,85+,63.25333441883289,48.57424278094471,77.36568216451275
person_years_exposure,county,15,male,18-64,6965.996645290525,6240.196388670528,7629.823544446988
person_years_exposure,county,15,male,65+,1224.7616463160955,1075.9938435569925,1352.8245333510756
mortality_rate,county,15,male,0-17,0.007370422739378681,0.004277180147059192,0.011445313753367724
mortality_rate,county,15,male,18-44,0.010218548051052951,0.006634818983463315,0.014828886778989843
mortality_rate,county,15,male,45-64,0.02216555945041491,0.015253797402643673,0.031168838620751024
mortality_rate,county,15,male,65-74,0.0598661626056773,0.039457929028294786,0.08911563433042856
mortality_rate,county,15,male,75-84,0.09389855833790353,0.059314189404093165,0.1438047876009255
mortality_rate,county,15,male,85+,0.03904118252349833,0.0,0.09247458373796195
qualifying_event_rate,county,15,male,0-17,0.013254434323618239,0.0045066478691010645,0.027529899645028177
qualifying_event_rate,county,15,male,18-44,0.017291435226771568,0.00613838750565232,0.035869027015576864
qualifying_event_rate,county,15,male,45-64,0.022002628755289102,0.007774826451729524,0.044615747602633864
qualifying_event_rate,county,15,male,65-74,0.030458761232484418,0.009736997940622235,0.06322823398557932
qualifying_event_rate,county,15,male,75-84,0.03132712584489934,0.008244637164727339,0.06559856898508533
qualifying_event_rate,county,15,male,85+,0.021045888826736987,0.0,0.06181875075197281
person_years_exposure,county,15,female,0-17,2726.3596063066707,2452.942048232112,2992.696625079989
person_years_exposure,county,15,female,18-44,3759.399581294906,3366.222520080605,4112.801558614818
person_years_exposure,county,15,female,45-64,3392.7913980617063,3036.909025337785,3723.3217757879793
person_years_exposure,county,15,female,65-74,811.6932490396061,720.2590493456856,895.5309011316467
person_years_exposure,county,15,female,75-84,309.1688567368141,264.58707964039405,349.67340604435833
person_years_exposure,county,15,female,85+,45.77916736194441,34.18500419005155,56.686259717660086
person_years_exposure,county,15,female,18-64,7152.190979356612,6415.190897135911,7841.831937208976
person_years_exposure,county,15,female,65+,1166.6412731383648,1028.8027518853053,1293.2430358248655
mortality_rate,county,15,female,0-17,0.015768365360003908,0.010383920940188423,0.02313326386294232
mortality_rate,county,15,female,18-44,0.012214565810515221,0.007996832368125133,0.01773772692632242
mortality_rate,county,15,female,45-64,0.029023794313955357,0.020358118085740725,0.0413203967004382
mortality_rate,county,15,female,65-74,0.051365304741761646,0.033146587947628744,0.07562754514964229
mortality_rate,county,15,female,75-84,0.08847969259244902,0.05435850374353955,0.13820448708011449
mortality_rate,county,15,female,85+,0.05748945886973418,0.0015790805345059422,0.12746623741766383
qualifying_event_rate,county,15,female,0-17,0.013809408698474187,0.004601586491795983,0.02892380098681913
qualifying_event_rate,county,15,female,18-44,0.014134622873527318,0.004905571173389866,0.029247868858663914
qualifying_event_rate,county,15,female,45-64,0.024123843280052258,0.008698562823180166,0.0487244825904338
qualifying_event_rate,county,15,female,65-74,0.03858217937417133,0.013266564296428873,0.0776038902824128
qualifying_event_rate,county,15,female,75-84,0.022080867474099403,0.0036406830036691123,0.0490016616863566
qualifying_event_rate,county,15,female,85+,0.02023282892208437,0.0,0.0645473481372407
person_years_exposure,county,16,male,0-17,3305.378310569267,3096.6619510587375,3537.021727659508
person_years_exposure,county,16,male,18-44,4045.6301884989966,3786.1939938097344,4343.514052888398
person_years_exposure,county,16,male,45-64,3552.58523774983,3328.214111169276,3806.4128050538015
person_years_exposure,county,16,male,65-74,962.656415933921,876.5415252758338,1051.402510982504
person_years_exposure,county,16,male,75-84,358.9386245568224,309.727398514711,402.4260054211457
person_years_exposure,county,16,male,85+,57.843423313998315,40.6229589662319,75.07704014573942
person_years_exposure,county,16,male,18-64,7598.215426248827,7120.971683189527,8144.339248981181
person_years_exposure,county,16,male,65+,1379.4384638047418,1237.9858639647127,1516.3285237517882
mortality_rate,county,16,male,0-17,0.008334102996066938,0.0051252174023613175,0.01266304163672516
mortality_rate,county,16,male,18-44,0.014704571362359645,0.009977849484298718,0.02102228036817496
mortality_rate,county,16,male,45-64,0.016709469986946505,0.01129115634305288,0.023868905770728924
mortality_rate,county,16,male,65-74,0.06140134471565952,0.04035830417702544,0.0922103888779497
mortality_rate,county,16,male,75-84,0.09737072558540279,0.062134860822467164,0.1497755090086642
mortality_rate,county,16,male,85+,0.01583119164723886,0.0,0.05063045494455945
qualifying_event_rate,county,16,male,0-17,0.014214965861398749,0.004862441381664772,0.030243050636290618
qualifying_event_rate,county,16,male,18-44,0.029494955800204278,0.010819612442274197,0.059311193376680185
qualifying_event_rate,county,16,male,45-64,0.03010200579282501,0.011049987179691292,0.059519985451201476
qualifying_event_rate,county,16,male,65-74,0.02951782886751207,0.009688434529649594,0.05938427639770842
qualifying_event_rate,county,16,male,75-84,0.03983836575785925,0.011442409913237132,0.08408414350615902
qualifying_event_rate,county,16,male,85+,0.02272991642868163,0.0,0.06665881999707177
person_years_exposure,county,16,female,0-17,2942.0385071237306,2750.0622736055952,3153.316550929886
person_years_exposure,county,16,female,18-44,4030.053831069434,3769.3161270763717,4320.450215031902
person_years_exposure,county,16,female,45-64,3754.34617806609,3518.947814235066,4023.3052911355794
person_years_exposure,county,16,female,65-74,1002.9682263124821,924.8981757766243,1082.2265357468357
person_years_exposure,county,16,female,75-84,362.54393125901987,319.72639906816863,406.42568501656683
person_years_exposure,county,16,female,85+,45.33648757588588,31.68576997167836,61.09347601281284
person_years_exposure,county,16,female,18-64,7784.400009135525,7290.82546294646,8333.928140282467
person_years_exposure,county,16,female,65+,1410.848645147388,1289.9124442044265,1530.1923880629286
mortality_rate,county,16,female,0-17,0.012927666077162753,0.008128504586953944,0.019159962651652013
mortality_rate,county,16,female,18-44,0.028621259089519766,0.020132495127498064,0.04013346546057672
mortality_rate,county,16,female,45-64,0.019542064663584803,0.013337599665159273,0.02791147153301216
mortality_rate,county,16,female,65-74,0.043484697109100454,0.028147306293236925,0.06460430694710075
mortality_rate,county,16,female,75-84,0.07412947924577669,0.04397557382730049,0.1138773984235432
mortality_rate,county,16,female,85+,0.02568302637425411,0.0,0.0788228767800871
qualifying_event_rate,county,16,female,0-17,0.01618427018492709,0.005556207083204943,0.03341189454779822
qualifying_event_rate,county,16,female,18-44,0.02492163903635698,0.009065536931335376,0.051261314743047744
qualifying_event_rate,county,16,female,45-64,0.03687054899098418,0.013660971291110156,0.0736557541319577
qualifying_event_rate,county,16,female,65-74,0.04022090987576653,0.014773113054950288,0.07943624573125542
qualifying_event_rate,county,16,female,75-84,0.030385150724345784,0.008048945060284526,0.06430101504442245
qualifying_event_rate,county,16,female,85+,0.02186892707484576,0.0,0.0701528584136654
person_years_exposure,state,0,male,0-17,9159.668384741193,8203.98145044179,10029.317897916077
person_years_exposure,state,0,male,18-44,13252.736403316858,11871.40371989756,14482.954197743393
person_years_exposure,state,0,male,45-64,11204.861122919776,10044.740971184865,12271.317189917008
person_years_exposure,state,0,male,65-74,2940.770358455923,2603.394346255338,3231.3937728704705
person_years_exposure,state,0,male,75-84,1096.2198625565898,946.5432728891263,1226.4908386804113
person_years_exposure,state,0,male,85+,162.2210647562283,133.17937025279377,190.83611204945754
person_years_exposure,state,0,male,18-64,24457.597526236634,21931.632846785047,26735.793325060695
person_years_exposure,state,0,male,65+,4199.211285768741,3712.609848326929,4616.612895755224
mortality_rate,state,0,male,0-17,0.007454554808310267,0.005044058729987031,0.010523011638870946
mortality_rate,state,0,male,18-44,0.010344745962949806,0.007438415728156101,0.014504529890629404
mortality_rate,state,0,male,45-64,0.022375803741525327,0.01636473408977466,0.030823726941546323
mortality_rate,state,0,male,65-74,0.06094911992768687,0.04359115914333685,0.08661934816198177
mortality_rate,state,0,male,75-84,0.0909816442747559,0.06371849002453098,0.13270643351934736
mortality_rate,state,0,male,85+,0.03766840837660688,0.012649752619259134,0.07105052330257901
qualifying_event_rate,state,0,male,0-17,0.013677167671397063,0.004934396448063157,0.027701623419784403
qualifying_event_rate,state,0,male,18-44,0.017938044670982617,0.006696235182390399,0.03625407923474756
qualifying_event_rate,state,0,male,45-64,0.0231268641296399,0.008711276384453893,0.04662515417844397
qualifying_event_rate,state,0,male,65-74,0.03211361516583927,0.012047121986497942,0.06468824337274343
qualifying_event_rate,state,0,male,75-84,0.03156524071958249,0.010849340295688247,0.06394363691511308
qualifying_event_rate,state,0,male,85+,0.01972843164663258,0.0,0.04792465255842202
person_years_exposure,state,0,female,0-17,9023.760916105275,8085.008736185408,9893.61955133482
person_years_exposure,state,0,female,18-44,12909.16518343933,11579.257608743526,14106.445569161262
person_years_exposure,state,0,female,45-64,11210.235432495227,10059.023386956622,12288.606560258064
person_years_exposure,state,0,female,65-74,2865.2957920242925,2534.259836071423,3154.9177666748346
person_years_exposure,state,0,female,75-84,992.3128056083216,861.9624070042954,1106.5262369791112
person_years_exposure,state,0,female,85+,170.68487438287215,141.16830128705234,198.1949678573424
person_years_exposure,state,0,female,18-64,24119.40061593456,21656.916900266457,26390.231561971003
person_years_exposure,state,0,female,65+,4028.2934720154863,3546.906081436448,4439.443473390198
mortality_rate,state,0,female,0-17,0.01585094702528257,0.01137873994382422,0.02234694809229504
mortality_rate,state,0,female,18-44,0.012163112236059174,0.008767366456102722,0.016854092084043478
mortality_rate,state,0,female,45-64,0.02961451495334368,0.022039556305613998,0.04107811721970981
mortality_rate,state,0,female,65-74,0.052922579686978395,0.0377676873902472,0.07544895999685834
mortality_rate,state,0,female,75-84,0.0890916452865593,0.06133702911681135,0.13030858731941616
mortality_rate,state,0,female,85+,0.05571790421239921,0.02659925565293993,0.09435384340857923
qualifying_event_rate,state,0,female,0-17,0.01429515863167125,0.005223495586745547,0.029485890381306917
qualifying_event_rate,state,0,female,18-44,0.014451054185546944,0.005466125012972237,0.029989563322924358
qualifying_event_rate,state,0,female,45-64,0.025167792577641034,0.009690252267289768,0.050304054381008136
qualifying_event_rate,state,0,female,65-74,0.04156892820156341,0.016125171056003973,0.08040835691033005
qualifying_event_rate,state,0,female,75-84,0.02375886760332762,0.007868934389270835,0.048871480358878824
qualifying_event_rate,state,0,female,85+,0.021400752118357992,0.0,0.049062009037410086
person_years_exposure,state,1,male,0-17,7555.0388282824815,6951.090473028715,8316.951913118852
person_years_exposure,state,1,male,18-44,11411.906981452827,10515.324607024613,12568.021907846218
person_years_exposure,state,1,male,45-64,9828.919851930223,9055.702983258743,10833.515590691675
person_years_exposure,state,1,male,65-74,2272.1400356810186,2004.955960547421,2545.3581214094493
person_years_exposure,state,1,male,75-84,765.8938557477868,653.3226975180403,871.6849857421785
person_years_exposure,state,1,male,85+,166.11430892739173,140.2147486064012,193.29176961179087
person_years_exposure,state,1,male,18-64,21240.82683338305,19580.08544517871,23371.229119248626
person_years_exposure,state,1,male,65+,3204.1482003561973,2817.463728104417,3590.6968416459563
mortality_rate,state,1,male,0-17,0.017410966420361027,0.012411208223525306,0.024432738942768085
mortality_rate,state,1,male,18-44,0.0228350236674677,0.016703677689458418,0.03135122442144848
mortality_rate,state,1,male,45-64,0.02428375742853137,0.017897960033561006,0.03351823852138683
mortality_rate,state,1,male,65-74,0.09931752763117356,0.07323265788185469,0.14044175362908076
mortality_rate,state,1,male,75-84,0.10973386661821202,0.07559078379335608,0.1590477868719595
mortality_rate,state,1,male,85+,0.014294361051706157,0.0,0.031941637876410224
qualifying_event_rate,state,1,male,0-17,0.014151940110618362,0.005152347601672433,0.02968092593989062
qualifying_event_rate,state,1,male,18-44,0.01772850111904831,0.006506601259752914,0.03603522500360214
qualifying_event_rate,state,1,male,45-64,0.028209952494615134,0.010581092807738503,0.05682887989921285
qualifying_event_rate,state,1,male,65-74,0.0376105593748471,0.014027907303583415,0.07523271767812828
qualifying_event_rate,state,1,male,75-84,0.025184890192606755,0.008095336520974168,0.0533491478693541
qualifying_event_rate,state,1,male,85+,0.018765996911905863,0.0,0.04518221899529686
person_years_exposure,state,1,female,0-17,8076.607359252455,7442.1654584701955,8898.943958712176
person_years_exposure,state,1,female,18-44,11250.84283690948,10397.838849904594,12369.280717034788
person_years_exposure,state,1,female,45-64,9317.442637994707,8572.11813948337,10277.08240244682
person_years_exposure,state,1,female,65-74,2476.074727023046,2225.8673774973972,2743.144878047196
person_years_exposure,state,1,female,75-84,839.9715474199022,736.9392780700514,942.7160599545276
person_years_exposure,state,1,female,85+,122.44093525577644,101.29796085486524,144.87395618187583
person_years_exposure,state,1,female,18-64,20568.285474904187,18988.13387659285,22648.804115378985
person_years_exposure,state,1,female,65+,3438.487209698724,3086.656054430135,3814.3314164869744
mortality_rate,state,1,female,0-17,0.014496195359908712,0.01035521782366263,0.020540417611540338
mortality_rate,state,1,female,18-44,0.017528287495541226,0.012798295287107521,0.024265647714167234
mortality_rate,state,1,female,45-64,0.030627305704982233,0.022647342149968518,0.04264058375788672
mortality_rate,state,1,female,65-74,0.057339145556120866,0.04102798459687381,0.08124797556745161
mortality_rate,state,1,female,75-84,0.07182611883619373,0.049245695430144995,0.10510252213558531
mortality_rate,state,1,female,85+,0.041803695337967406,0.014319832702750102,0.08145308842886499
qualifying_event_rate,state,1,female,0-17,0.016728058084496875,0.006081757358423343,0.03403752947675001
qualifying_event_rate,state,1,female,18-44,0.022252065540031174,0.008485126958951424,0.04462129105349934
qualifying_event_rate,state,1,female,45-64,0.02889107327272852,0.010912249485688552,0.05767645341122723
qualifying_event_rate,state,1,female,65-74,0.03664738231342497,0.013650175577965485,0.07308416980640699
qualifying_event_rate,state,1,female,75-84,0.030775992914850392,0.010702601196121502,0.06258744331389067
qualifying_event_rate,state,1,female,85+,0.019768523630325364,0.0,0.05007820158801634
person_years_exposure,state,2,male,0-17,5958.730333627198,5429.625058767616,6480.778840561175
person_years_exposure,state,2,male,18-44,8937.210272831795,8153.695473958413,9709.38357538078
person_years_exposure,state,2,male,45-64,7584.1444319502525,6898.129033051575,8252.280440464825
person_years_exposure,state,2,male,65-74,2309.5782513391428,2085.3312531537235,2534.6340222414365
person_years_exposure,state,2,male,75-84,874.8251208879226,774.5140473780638,977.6495032342077
person_years_exposure,state,2,male,85+,150.75455875635546,121.07546056082788,181.75610120807792
person_years_exposure,state,2,male,18-64,16521.354704782047,15030.701748790934,17952.854265939226
person_years_exposure,state,2,male,65+,3335.1579309834206,2999.361967744357,3681.215213021787
mortality_rate,state,2,male,0-17,0.01830682764802137,0.012999003049757683,0.025818112975757274
mortality_rate,state,2,male,18-44,0.022299271882002942,0.016287815113800595,0.0314931869531765
mortality_rate,state,2,male,45-64,0.03752424521428748,0.027600726835428486,0.05248294976072478
mortality_rate,state,2,male,65-74,0.043934946369840994,0.030835690774324503,0.06346584107839091
mortality_rate,state,2,male,75-84,0.0611953978923534,0.039700440670499264,0.08927528710815248
mortality_rate,state,2,male,85+,0.0746289683624047,0.03724959619897336,0.1269575680112592
qualifying_event_rate,state,2,male,0-17,0.01228256230181652,0.004405173552358874,0.025436996828052384
qualifying_event_rate,state,2,male,18-44,0.01915152630129962,0.007129543020063905,0.038643381710682156
qualifying_event_rate,state,2,male,45-64,0.030046926766392763,0.011224553813558328,0.06080951258598106
qualifying_event_rate,state,2,male,65-74,0.04248811022932777,0.016028654542509697,0.0829784171540255
qualifying_event_rate,state,2,male,75-84,0.03042479407934219,0.0097539573379037,0.062083543506555226
qualifying_event_rate,state,2,male,85+,0.0190887750637685,0.0,0.045709659391615136
person_years_exposure,state,2,female,0-17,6064.093936126646,5522.4059652811875,6600.310589263401
person_years_exposure,state,2,female,18-44,8605.105470709543,7840.578374640731,9371.260745560363
person_years_exposure,state,2,female,45-64,7650.6422834619,6953.9201314789025,8358.053841909334
person_years_exposure,state,2,female,65-74,2390.1984291072763,2120.73389958434,2646.838323174739
person_years_exposure,state,2,female,75-84,903.0865945342119,793.9420119913659,1017.9173834200082
person_years_exposure,state,2,female,85+,93.19048400074757,74.14976806411673,113.99397654338479
person_years_exposure,state,2,female,18-64,16255.747754171443,14789.621890127188,17702.50939548195
person_years_exposure,state,2,female,65+,3386.475507642236,3007.2772175714235,3766.4743788429864
mortality_rate,state,2,female,0-17,0.016853399944111298,0.011913944943190362,0.023462835840067718
mortality_rate,state,2,female,18-44,0.017057309869370832,0.012327188552386584,0.023992902762050745
mortality_rate,state,2,female,45-64,0.04281120528116034,0.0318128556446014,0.059515440398555886
mortality_rate,state,2,female,65-74,0.0775624525931458,0.055876964917460394,0.110452932307989
mortality_rate,state,2,female,75-84,0.058759299943911256,0.038810113018783766,0.08676709318003584
mortality_rate,state,2,female,85+,0.026031077028051342,0.0,0.05810071431637907
qualifying_event_rate,state,2,female,0-17,0.023332775302351692,0.008358866703853208,0.047710661308046666
qualifying_event_rate,state,2,female,18-44,0.02256688102061774,0.008366280478910084,0.04534818305122935
qualifying_event_rate,state,2,female,45-64,0.02887498439249763,0.010822080077202529,0.05808427102728324
qualifying_event_rate,state,2,female,65-74,0.04963910091611579,0.01861293996305627,0.0977508941130445
qualifying_event_rate,state,2,female,75-84,0.04532873214307021,0.016475814646385922,0.08912300881506004
qualifying_event_rate,state,2,female,85+,0.016472696719010957,0.0,0.045400800348335685
person_years_exposure,state,3,male,0-17,4331.114710120319,4060.442191631783,4636.664069065603
person_years_exposure,state,3,male,18-44,5374.794107830213,5029.014018844981,5763.959044889102
person_years_exposure,state,3,male,45-64,4907.129472478491,4600.784143686845,5256.870839832515
person_years_exposure,state,3,male,65-74,1288.5616884396272,1170.6468702293037,1409.5281462631085
person_years_exposure,state,3,male,75-84,467.84752196925683,405.8897692706775,523.1856606500795
person_years_exposure,state,3,male,85+,85.90200182585029,63.244276057439734,110.53875904813772
person_years_exposure,state,3,male,18-64,10281.923580308703,9630.69458799447,11019.155186052223
person_years_exposure,state,3,male,65+,1842.3112122347343,1654.0700676869583,2025.9663597808108
mortality_rate,state,3,male,0-17,0.008708334782006322,0.005629280904028692,0.01281059823202494
mortality_rate,state,3,male,18-44,0.015423374230602005,0.010634011449353666,0.021853478906244346
mortality_rate,state,3,male,45-64,0.01818652897672065,0.012636043133768877,0.02570977714362443
mortality_rate,state,3,male,65-74,0.06429687660759606,0.043644601935471435,0.09530269176854889
mortality_rate,state,3,male,75-84,0.10045573397111487,0.06586974088931827,0.15334132076810036
mortality_rate,state,3,male,85+,0.016112325656302273,0.0,0.04385203037403745
qualifying_event_rate,state,3,male,0-17,0.014226183903886564,0.004996761956128885,0.030014046775436894
qualifying_event_rate,state,3,male,18-44,0.029538716716782664,0.010883406273663162,0.058968790231057715
qualifying_event_rate,state,3,male,45-64,0.03017377669867861,0.01111290587809758,0.06000693298157025
qualifying_event_rate,state,3,male,65-74,0.029552581422410178,0.010281902634945817,0.05945590871168419
qualifying_event_rate,state,3,male,75-84,0.03991575869039498,0.012481140943566437,0.08271766981002619
qualifying_event_rate,state,3,male,85+,0.0230809501633265,0.0,0.060553646796093825
person_years_exposure,state,3,female,0-17,3934.0258604275214,3679.458944560777,4211.8843543688845
person_years_exposure,state,3,female,18-44,5497.521474833046,5140.165705334731,5896.947849495731
person_years_exposure,state,3,female,45-64,5086.981080062906,4767.946148748752,5448.2588649689815
person_years_exposure,state,3,female,65-74,1313.4879736412345,1211.0720823074184,1415.4954505650671
person_years_exposure,state,3,female,75-84,522.6895245350083,462.9190391634957,582.7853483013746
person_years_exposure,state,3,female,85+,80.82238707735164,59.50256170720927,105.55351099128733
person_years_exposure,state,3,female,18-64,10584.502554895953,9908.487460351616,11339.467662697209
person_years_exposure,state,3,female,65+,1916.9998852535944,1749.6901908540892,2083.8550480566164
mortality_rate,state,3,female,0-17,0.013528486443539637,0.00885797614534978,0.019599259200426083
mortality_rate,state,3,female,18-44,0.029815250186063815,0.021358243964083,0.04173437812366038
mortality_rate,state,3,female,45-64,0.020544555597935825,0.014291065199242795,0.02908394075590155
mortality_rate,state,3,female,65-74,0.045968634602758546,0.030977836203333164,0.06760090739173374
mortality_rate,state,3,female,75-84,0.07732135935441885,0.04918655535688204,0.11725979489460446
mortality_rate,state,3,female,85+,0.02797752227085169,0.0,0.06806937839581592
qualifying_event_rate,state,3,female,0-17,0.016223424185076774,0.005844661136378422,0.0334227676341755
qualifying_event_rate,state,3,female,18-44,0.024974863668981412,0.009182609380497692,0.050845922772522145
qualifying_event_rate,state,3,female,45-64,0.03698066583198457,0.013943766049951118,0.07272481887257483
qualifying_event_rate,state,3,female,65-74,0.04041747344390029,0.015088194213556299,0.07875574864583414
qualifying_event_rate,state,3,female,75-84,0.03026265314008387,0.008698154045496675,0.061870046640003125
qualifying_event_rate,state,3,female,85+,0.022395061904896724,0.0,0.05952221294440519
person_years_exposure,state,4,male,0-17,3555.3902292130715,3182.080334688622,3964.846082122599
person_years_exposure,state,4,male,18-44,4940.603705738679,4413.093652221095,5513.061240985076
person_years_exposure,state,4,male,45-64,4846.296350254886,4346.473536582537,5409.283517931538
person_years_exposure,state,4,male,65-74,1397.800382110575,1218.334215597664,1578.6735105833552
person_years_exposure,state,4,male,75-84,577.0184670385431,497.0783458071511,661.0722591526987
person_years_exposure,state,4,male,85+,112.10831596297233,83.11285569297056,147.56303034872008
person_years_exposure,state,4,male,18-64,9786.900055993567,8761.677875917921,10919.687500003489
person_years_exposure,state,4,male,65+,2086.9271651120903,1817.240067567784,2361.569195685493
mortality_rate,state,4,male,0-17,0.019406603052478887,0.013133434922061107,0.02808870194285315
mortality_rate,state,4,male,18-44,0.02818521003076084,0.02027548527521968,0.03967386239402443
mortality_rate,state,4,male,45-64,0.042553839204272685,0.030709065301677434,0.05962506301224034
mortality_rate,state,4,male,65-74,0.06654345606348114,0.04561674432361565,0.09818573039676545
mortality_rate,state,4,male,75-84,0.042425972009741686,0.024889165783642128,0.06535893665874569
mortality_rate,state,4,male,85+,0.013714165418922532,0.0,0.03657161483025436
qualifying_event_rate,state,4,male,0-17,0.01320686714511303,0.004278155406928174,0.027925835989051746
qualifying_event_rate,state,4,male,18-44,0.027937243991318344,0.010394117779451253,0.0561035342255942
qualifying_event_rate,state,4,male,45-64,0.02586744991738005,0.009605606825840085,0.05210073479037011
qualifying_event_rate,state,4,male,65-74,0.05104702287006295,0.019048573397798963,0.10042216135307744
qualifying_event_rate,state,4,male,75-84,0.03168182234841845,0.009697443216872072,0.06515293399514879
qualifying_event_rate,state,4,male,85+,0.021233288448087438,0.0,0.05136485133778779
person_years_exposure,state,4,female,0-17,3419.6551283169197,3059.5640639825856,3824.8127967518367
person_years_exposure,state,4,female,18-44,4944.724533763864,4415.098863038406,5506.328766564935
person_years_exposure,state,4,female,45-64,4787.550045842484,4292.764152389173,5343.645012568775
person_years_exposure,state,4,female,65-74,1364.2987777212559,1196.4053561289452,1539.6691154153998
person_years_exposure,state,4,female,75-84,485.77736635542686,412.33219026341163,560.4974720033675
person_years_exposure,state,4,female,85+,61.63633865001849,48.991641504323205,74.76966495259727
person_years_exposure,state,4,female,18-64,9732.274579606348,8711.700988085384,10855.115722413904
person_years_exposure,state,4,female,65+,1911.7124827267012,1671.674093390261,2154.8759373249804
mortality_rate,state,4,female,0-17,0.02414380206905132,0.016620883466932246,0.03418073895736482
mortality_rate,state,4,female,18-44,0.013914865289548564,0.009336038939998197,0.019724858298954175
mortality_rate,state,4,female,45-64,0.03788614932495844,0.0272222807161615,0.05325002815880968
mortality_rate,state,4,female,65-74,0.08508513564222535,0.0600368030872269,0.1235076725848044
mortality_rate,state,4,female,75-84,0.08096412354888938,0.050780369932651837,0.12362150285400376
mortality_rate,state,4,female,85+,0.01481088858799899,0.0,0.044664942177776876
qualifying_event_rate,state,4,female,0-17,0.018004259805374765,0.006517703724397513,0.0365368254541421
qualifying_event_rate,state,4,female,18-44,0.013170720929385107,0.004549704543114556,0.027357012521249918
qualifying_event_rate,state,4,female,45-64,0.02723056146315619,0.009919583996630349,0.05444668015093822
qualifying_event_rate,state,4,female,65-74,0.04919473931519118,0.018429935018116187,0.0968266473445198
qualifying_event_rate,state,4,female,75-84,0.03790313933395377,0.012340790145750069,0.07691667617777888
qualifying_event_rate,state,4,female,85+,0.019915211522266142,0.0,0.056464575907396175
person_years_exposure,state,5,male,0-17,658.9782380345441,575.358648524552,743.9165027952246
person_years_exposure,state,5,male,18-44,947.7708268517617,851.2114900027658,1034.3884020268836
person_years_exposure,state,5,male,45-64,1589.7677541723285,1422.1179873255855,1743.8344742072204
person_years_exposure,state,5,male,65-74,487.2122519538967,426.49314934950553,550.5243021425348
person_years_exposure,state,5,male,75-84,177.7264617809056,147.74186545817346,214.39160279435123
person_years_exposure,state,5,male,85+,62.89905401609716,10.50193445926149,180.36844903647875
person_years_exposure,state,5,male,18-64,2537.5385810240905,2286.7726521216914,2767.613779854278
person_years_exposure,state,5,male,65+,727.8377677508995,594.7330073903827,915.5018502271594
mortality_rate,state,5,male,0-17,0.03986665815035136,0.023680956161355796,0.061937265282562305
mortality_rate,state,5,male,18-44,0.06200443657664185,0.04052769977309147,0.09310865590111665
mortality_rate,state,5,male,45-64,0.04915253380638114,0.03312445394569633,0.07202427524482218
mortality_rate,state,5,male,65-74,0.028410170201203556,0.014031150845067326,0.04826683290389404
mortality_rate,state,5,male,75-84,0.020697887734150995,0.005136476571484764,0.04287030453318718
mortality_rate,state,5,male,85+,0.013041954681344805,0.0,0.060501676763517816
qualifying_event_rate,state,5,male,0-17,0.025265464324249046,0.007521807144980109,0.0539592849329982
qualifying_event_rate,state,5,male,18-44,0.026678800273087815,0.008882210893677812,0.054919584684279266
qualifying_event_rate,state,5,male,45-64,0.03373410637528672,0.011979346522291604,0.06842175446394054
qualifying_event_rate,state,5,male,65-74,0.03334847374056418,0.010266146680934004,0.06942736173626962
qualifying_event_rate,state,5,male,75-84,0.024542179768324773,0.004861770953905981,0.05771350841417273
qualifying_event_rate,state,5,male,85+,0.01511398138502036,0.0,0.07001008000898662
person_years_exposure,state,5,female,0-17,748.8415083965215,682.1657701378783,808.9809695047804
person_years_exposure,state,5,female,18-44,1004.9047063908814,922.4779726817591,1079.5681317781105
person_years_exposure,state,5,female,45-64,1458.9048753152306,1293.6003090197366,1615.6138616091137
person_years_exposure,state,5,female,65-74,396.5338262653519,346.9799377690315,446.1774248569835
person_years_exposure,state,5,female,75-84,147.61178298372687,121.31879040656217,175.33376788844583
person_years_exposure,state,5,female,85+,19.591038905766187,11.448694248696613,30.03066539171341
person_years_exposure,state,5,female,18-64,2463.809581706112,2227.2978173519846,2684.0382230722053
person_years_exposure,state,5,female,65+,563.7366481548448,490.2225663004666,640.4101244475983
mortality_rate,state,5,female,0-17,0.018768450154671733,0.009499977775908594,0.031024523557077455
mortality_rate,state,5,female,18-44,0.0215847255933617,0.012075867801239749,0.03409523314879032
mortality_rate,state,5,female,45-64,0.07072991851539008,0.04749038184169019,0.10362479664111957
mortality_rate,state,5,female,65-74,0.04360278093834301,0.024386737950576474,0.07062396534925319
mortality_rate,state,5,female,75-84,0.07209472766722208,0.03324015188406203,0.1277045132187917
mortality_rate,state,5,female,85+,0.05095688403339783,0.0,0.18253917500398684
qualifying_event_rate,state,5,female,0-17,0.03961865626783558,0.013869638972320061,0.08089503756390284
qualifying_event_rate,state,5,female,18-44,0.02297623610674424,0.007174447085839474,0.048066771748634565
qualifying_event_rate,state,5,female,45-64,0.03618838421171381,0.013092343313317252,0.072989381594613
qualifying_event_rate,state,5,female,65-74,0.031154805841100277,0.007819199372625695,0.06675010807778763
qualifying_event_rate,state,5,female,75-84,0.025583916331736317,0.0,0.06157054153500565
qualifying_event_rate,state,5,female,85+,0.0201789627511256,0.0,0.0862112252788604
