estimand,level,unit,sex,age_band,estimate,lower,upper
children_under_16,county,0,,,1196.264263011492,1172.338977751262,1220.1895482717218
children_under_16,county,1,,,1103.8706886951431,1081.7932749212403,1125.948102469046
children_under_16,county,2,,,345.15560842165866,338.2524962532255,352.0587205900918
children_under_16,county,3,,,1034.6516168231333,1013.9585844866706,1055.344649159596
children_under_16,county,4,,,1699.7058797133225,1665.711762119056,1733.699997307589
children_under_16,county,5,,,366.6714595174714,359.338030327122,374.00488870782084
children_under_16,county,6,,,880.0115028419317,862.411272785093,897.6117328987704
children_under_16,county,7,,,1573.7411513803813,1542.2663283527736,1605.215974407989
children_under_16,county,8,,,407.34048512860176,399.1936754260297,415.4872948311738
children_under_16,county,9,,,842.3399248424116,825.4931263455634,859.1867233392599
children_under_16,county,10,,,253.5653622286477,248.49405498407475,258.63666947322065
children_under_16,county,11,,,426.97135188178737,418.43192484415164,435.5107789194231
children_under_16,county,12,,,498.2596526242621,488.2944595717769,508.22484567674735
children_under_16,county,13,,,1033.459067453715,1012.7898861046408,1054.1282488027894
children_under_16,county,14,,,628.1877361019402,615.6239813799015,640.751490823979
children_under_16,county,15,,,600.3290154259977,588.3224351174778,612.3355957345176
children_under_16,county,16,,,1549.4219622687,1518.4335230233262,1580.410401514074
children_under_16,county,17,,,227.39087322440028,222.84305575991226,231.9386906888883
children_under_16,nation,0,,,14667.337601584997,14373.990849553296,14960.684353616698
children_under_16,state,0,,,3072.0632553076184,3010.621990201466,3133.504520413771
children_under_16,state,1,,,1103.8706886951431,1081.7932749212403,1125.948102469046
children_under_16,state,2,,,1443.7442764719185,1414.86939094248,1472.619162001357
children_under_16,state,3,,,1034.6516168231333,1013.9585844866706,1055.344649159596
children_under_16,state,4,,,5216.902839659081,5112.564782865899,5321.240896452263
children_under_16,state,5,,,2796.104924628103,2740.1828261355413,2852.027023120665
elders_65_plus,county,0,,,534.3883060931463,523.7005399712833,545.0760722150093
elders_65_plus,county,1,,,530.605749950895,519.9936349518771,541.2178649499128
elders_65_plus,county,2,,,150.87123987486365,147.85381507736636,153.88866467236093
elders_65_plus,county,3,,,672.7777157321376,659.3221614174948,686.2332700467804
elders_65_plus,county,4,,,901.1954216467446,883.1715132138097,919.2193300796796
elders_65_plus,county,5,,,206.8219904094713,202.68555060128188,210.95843021766075
elders_65_plus,county,6,,,496.37277698273164,486.445321443077,506.3002325223863
elders_65_plus,county,7,,,834.4080804852457,817.7199188755408,851.0962420949506
elders_65_plus,county,8,,,215.97464869108742,211.65515571726567,220.29414166490918
elders_65_plus,county,9,,,376.28525695316165,368.7595518140984,383.8109620922249
elders_65_plus,county,10,,,134.44205039003427,131.7532093822336,137.13089139783494
elders_65_plus,county,11,,,226.38306549547696,221.8554041855674,230.9107268053865
elders_65_plus,county,12,,,217.79466923569808,213.43877585098411,222.15056262041205
elders_65_plus,county,13,,,461.66090348875275,452.4276854189777,470.8941215585278
elders_65_plus,county,14,,,333.0693377404718,326.40795098566235,339.7307244952812
elders_65_plus,county,15,,,262.41028880958777,257.162083033396,267.6584945857795
elders_65_plus,county,16,,,873.9554876789975,856.4763779254176,891.4345974325774
elders_65_plus,county,17,,,120.56416131751466,118.15287809116437,122.97544454386495
elders_65_plus,nation,0,,,7549.981150976019,7398.981527956499,7700.9807739955395
elders_65_plus,state,0,,,1372.3344665350605,1344.8877772043593,1399.7811558657618
elders_65_plus,state,1,,,530.605749950895,519.9936349518771,541.2178649499128
elders_65_plus,state,2,,,631.0761979201495,618.4546739617465,643.6977218785526
elders_65_plus,state,3,,,672.7777157321376,659.3221614174948,686.2332700467804
elders_65_plus,state,4,,,2766.0367657665756,2710.716030451244,2821.3575010819072
elders_65_plus,state,5,,,1577.1502550712005,1545.6072499697764,1608.6932601726246
households,county,0,,,0.0,0.0,0.0
households,county,1,,,0.0,0.0,0.0
households,county,2,,,0.0,0.0,0.0
households,county,3,,,0.0,0.0,0.0
households,county,4,,,0.0,0.0,0.0
households,county,5,,,0.0,0.0,0.0
households,county,6,,,0.0,0.0,0.0
households,county,7,,,0.0,0.0,0.0
households,county,8,,,0.0,0.0,0.0
households,county,9,,,0.0,0.0,0.0
households,county,10,,,0.0,0.0,0.0
households,county,11,,,0.0,0.0,0.0
households,county,12,,,0.0,0.0,0.0
households,county,13,,,0.0,0.0,0.0
households,county,14,,,0.0,0.0,0.0
households,county,15,,,0.0,0.0,0.0
households,county,16,,,0.0,0.0,0.0
households,county,17,,,0.0,0.0,0.0
households,nation,0,,,0.0,0.0,0.0
households,state,0,,,0.0,0.0,0.0
households,state,1,,,0.0,0.0,0.0
households,state,2,,,0.0,0.0,0.0
households,state,3,,,0.0,0.0,0.0
households,state,4,,,0.0,0.0,0.0
households,state,5,,,0.0,0.0,0.0
low_income_household_share,county,0,,,0.0,0.0,0.02
low_income_household_share,county,1,,,0.0,0.0,0.02
low_income_household_share,county,2,,,0.0,0.0,0.02
low_income_household_share,county,3,,,0.0,0.0,0.02
low_income_household_share,county,4,,,0.0,0.0,0.02
low_income_household_share,county,5,,,0.0,0.0,0.02
low_income_household_share,county,6,,,0.0,0.0,0.02
low_income_household_share,county,7,,,0.0,0.0,0.02
low_income_household_share,county,8,,,0.0,0.0,0.02
low_income_household_share,county,9,,,0.0,0.0,0.02
low_income_household_share,county,10,,,0.0,0.0,0.02
low_income_household_share,county,11,,,0.0,0.0,0.02
low_income_household_share,county,12,,,0.0,0.0,0.02
low_income_household_share,county,13,,,0.0,0.0,0.02
low_income_household_share,county,14,,,0.0,0.0,0.02
low_income_household_share,county,15,,,0.0,0.0,0.02
low_income_household_share,county,16,,,0.0,0.0,0.02
low_income_household_share,county,17,,,0.0,0.0,0.02
low_income_household_share,nation,0,,,0.0,0.0,0.02
low_income_household_share,state,0,,,0.0,0.0,0.02
low_income_household_share,state,1,,,0.0,0.0,0.02
low_income_household_share,state,2,,,0.0,0.0,0.02
low_income_household_share,state,3,,,0.0,0.0,0.02
low_income_household_share,state,4,,,0.0,0.0,0.02
low_income_household_share,state,5,,,0.0,0.0,0.02
mean_income_adults,county,0,,,0.0,0.0,0.0
mean_income_adults,county,1,,,0.0,0.0,0.0
mean_income_adults,county,2,,,0.0,0.0,0.0
mean_income_adults,county,3,,,0.0,0.0,0.0
mean_income_adults,county,4,,,0.0,0.0,0.0
mean_income_adults,county,5,,,0.0,0.0,0.0
mean_income_adults,county,6,,,0.0,0.0,0.0
mean_income_adults,county,7,,,0.0,0.0,0.0
mean_income_adults,county,8,,,0.0,0.0,0.0
mean_income_adults,county,9,,,0.0,0.0,0.0
mean_income_adults,county,10,,,0.0,0.0,0.0
mean_income_adults,county,11,,,0.0,0.0,0.0
mean_income_adults,county,12,,,0.0,0.0,0.0
mean_income_adults,county,13,,,0.0,0.0,0.0
mean_income_adults,county,14,,,0.0,0.0,0.0
mean_income_adults,county,15,,,0.0,0.0,0.0
mean_income_adults,county,16,,,0.0,0.0,0.0
mean_income_adults,county,17,,,0.0,0.0,0.0
mean_income_adults,nation,0,,,0.0,0.0,0.0
mean_income_adults,state,0,,,0.0,0.0,0.0
mean_income_adults,state,1,,,0.0,0.0,0.0
mean_income_adults,state,2,,,0.0,0.0,0.0
mean_income_adults,state,3,,,0.0,0.0,0.0
mean_income_adults,state,4,,,0.0,0.0,0.0
mean_income_adults,state,5,,,0.0,0.0,0.0
median_household_income,county,0,,,0.0,0.0,0.0
median_household_income,county,1,,,0.0,0.0,0.0
median_household_income,county,2,,,0.0,0.0,0.0
median_household_income,county,3,,,0.0,0.0,0.0
median_household_income,county,4,,,0.0,0.0,0.0
median_household_income,county,5,,,0.0,0.0,0.0
median_household_income,county,6,,,0.0,0.0,0.0
median_household_income,county,7,,,0.0,0.0,0.0
median_household_income,county,8,,,0.0,0.0,0.0
median_household_income,county,9,,,0.0,0.0,0.0
median_household_income,county,10,,,0.0,0.0,0.0
median_household_income,county,11,,,0.0,0.0,0.0
median_household_income,county,12,,,0.0,0.0,0.0
median_household_income,county,13,,,0.0,0.0,0.0
median_household_income,county,14,,,0.0,0.0,0.0
median_household_income,county,15,,,0.0,0.0,0.0
median_household_income,county,16,,,0.0,0.0,0.0
median_household_income,county,17,,,0.0,0.0,0.0
median_household_income,nation,0,,,0.0,0.0,0.0
median_household_income,state,0,,,0.0,0.0,0.0
median_household_income,state,1,,,0.0,0.0,0.0
median_household_income,state,2,,,0.0,0.0,0.0
median_household_income,state,3,,,0.0,0.0,0.0
median_household_income,state,4,,,0.0,0.0,0.0
median_household_income,state,5,,,0.0,0.0,0.0
persons,county,0,,,4813.15176913991,4716.888733757112,4909.414804522708
persons,county,1,,,4486.322561462109,4396.5961102328665,4576.049012691351
persons,county,2,,,1440.8099631727653,1411.99376390931,1469.6261624362205
persons,county,3,,,4759.223853003006,4664.039375942946,4854.408330063066
persons,county,4,,,7321.107040890605,7174.684900072793,7467.529181708417
persons,county,5,,,1599.5760485262706,1567.5845275557451,1631.567569496796
persons,county,6,,,3838.982516463051,3762.20286613379,3915.762166792312
persons,county,7,,,6778.541841517577,6642.971004687226,6914.1126783479285
persons,county,8,,,1754.5290213491405,1719.4384409221577,1789.6196017761233
persons,county,9,,,3389.142369986082,3321.3595225863605,3456.9252173858035
persons,county,10,,,1092.1767000366126,1070.3331660358804,1114.0202340373448
persons,county,11,,,1839.0846368358461,1802.3029440991293,1875.866329572563
persons,county,12,,,2079.9241102610663,2038.325628055845,2121.5225924662877
persons,county,13,,,4158.107445529165,4074.9452966185813,4241.269594439748
persons,county,14,,,2705.779695574574,2651.6641016630824,2759.8952894860654
persons,county,15,,,2506.000208319944,2455.880204153545,2556.1202124863426
persons,county,16,,,6759.234174285383,6624.049490799675,6894.418857771091
persons,county,17,,,979.4358793876733,959.8471617999198,999.0245969754267
persons,nation,0,,,62301.12983574079,61055.10723902597,63547.1524324556
persons,state,0,,,12360.401584655156,12113.193552962053,12607.609616348258
persons,state,1,,,4486.322561462109,4396.5961102328665,4576.049012691351
persons,state,2,,,6026.734281753776,5906.1995961187,6147.268967388851
persons,state,3,,,4759.223853003006,4664.039375942946,4854.408330063066
persons,state,4,,,22470.65481559203,22021.24171928019,22920.067911903872
persons,state,5,,,12197.792739274704,11953.83688448921,12441.748594060198
tertiary_share_25_plus,county,0,,,0.0,0.0,0.02
tertiary_share_25_plus,county,1,,,0.0,0.0,0.02
tertiary_share_25_plus,county,2,,,0.0,0.0,0.02
tertiary_share_25_plus,county,3,,,0.0,0.0,0.02
tertiary_share_25_plus,county,4,,,0.0,0.0,0.02
tertiary_share_25_plus,county,5,,,0.0,0.0,0.02
tertiary_share_25_plus,county,6,,,0.0,0.0,0.02
tertiary_share_25_plus,county,7,,,0.0,0.0,0.02
tertiary_share_25_plus,county,8,,,0.0,0.0,0.02
tertiary_share_25_plus,county,9,,,0.0,0.0,0.02
tertiary_share_25_plus,county,10,,,0.0,0.0,0.02
tertiary_share_25_plus,county,11,,,0.0,0.0,0.02
tertiary_share_25_plus,county,12,,,0.0,0.0,0.02
tertiary_share_25_plus,county,13,,,0.0,0.0,0.02
tertiary_share_25_plus,county,14,,,0.0,0.0,0.02
tertiary_share_25_plus,county,15,,,0.0,0.0,0.02
tertiary_share_25_plus,county,16,,,0.0,0.0,0.02
tertiary_share_25_plus,county,17,,,0.0,0.0,0.02
tertiary_share_25_plus,nation,0,,,0.0,0.0,0.02
tertiary_share_25_plus,state,0,,,0.0,0.0,0.02
tertiary_share_25_plus,state,1,,,0.0,0.0,0.02
tertiary_share_25_plus,state,2,,,0.0,0.0,0.02
tertiary_share_25_plus,state,3,,,0.0,0.0,0.02
tertiary_share_25_plus,state,4,,,0.0,0.0,0.02
tertiary_share_25_plus,state,5,,,0.0,0.0,0.02
person_years_exposure,county,0,male,0-17,3328.6315151131444,3258.9102996615015,3388.617387965727
person_years_exposure,county,0,male,18-44,4103.831757489132,4031.5179909989406,4160.785323151057
person_years_exposure,county,0,male,45-64,3072.584009631848,3008.53792763916,3122.141265444874
person_years_exposure,county,0,male,65-74,983.9361725242195,945.9142434722131,1016.161893008131
person_years_exposure,county,0,male,75-84,355.7873230404293,321.2332300221342,383.7864349744837
person_years_exposure,county,0,male,85+,93.08303930338224,74.13799905743002,109.94084961805981
person_years_exposure,county,0,male,18-64,7176.41576712098,7048.695140286918,7271.278800901113
person_years_exposure,county,0,male,65+,1432.8065348680311,1359.9703343275858,1489.0766144027903
mortality_rate,county,0,male,0-17,0.0003184667900117407,0.0,0.0009031794421382833
mortality_rate,county,0,male,18-44,0.0006484507576714535,0.0,0.001456531712822106
mortality_rate,county,0,male,45-64,0.006446566513855325,0.003879038029238192,0.009580796230255855
mortality_rate,county,0,male,65-74,0.027594146515211773,0.017691081705733556,0.04042732619896696
mortality_rate,county,0,male,75-84,0.07824654544222558,0.0499882644987818,0.11656158031526956
mortality_rate,county,0,male,85+,0.14163458816443095,0.07936369963883985,0.23138565848490528
qualifying_event_rate,county,0,male,0-17,0.004587476703840242,0.0026930802491536014,0.0068799811201973515
qualifying_event_rate,county,0,male,18-44,0.009533177992093553,0.00679341123426115,0.012883020177549264
qualifying_event_rate,county,0,male,45-64,0.015043418771904715,0.01091323378591466,0.020068680373407737
qualifying_event_rate,county,0,male,65-74,0.03132845013047962,0.021477832397520918,0.04305160261553441
qualifying_event_rate,county,0,male,75-84,0.02332016591293432,0.011036231876017672,0.0380979720959407
qualifying_event_rate,county,0,male,85+,0.024284784797421438,0.0,0.052921611474282974
person_years_exposure,county,0,female,0-17,3365.4329357926504,3296.3688248091526,3426.4863754169196
person_years_exposure,county,0,female,18-44,4097.239948139068,4000.3575161333556,4172.429148319349
person_years_exposure,county,0,female,45-64,3196.9984196138103,3143.2224771147276,3241.351867216556
person_years_exposure,county,0,female,65-74,965.9582527723186,927.3138382296572,1000.1042450288667
person_years_exposure,county,0,female,75-84,362.6514296585292,330.47175834623937,388.9216904298049
person_years_exposure,county,0,female,85+,105.63219831115654,85.54785671740714,122.79613082868191
person_years_exposure,county,0,female,18-64,7294.238367752878,7153.043255106897,7406.649759955905
person_years_exposure,county,0,female,65+,1434.2418807420045,1361.8563402645511,1491.7804217209068
mortality_rate,county,0,female,0-17,0.00021342327494065186,0.0,0.0006026501951144588
mortality_rate,county,0,female,18-44,0.0006146954338478288,0.0,0.0012492361189036512
mortality_rate,county,0,female,45-64,0.006347048463258597,0.003775925901763972,0.009499091077599333
mortality_rate,county,0,female,65-74,0.02718519723770046,0.017140998812316652,0.03959789375167296
mortality_rate,county,0,female,75-84,0.07709289311478282,0.049942714657539015,0.11385368139926355
mortality_rate,county,0,female,85+,0.11710507524352079,0.06570205057118499,0.1905243599748727
qualifying_event_rate,county,0,female,0-17,0.005168876677794468,0.003208868181774413,0.00746454035703553
qualifying_event_rate,county,0,female,18-44,0.010769802452939539,0.007831267973547948,0.014484961117747275
qualifying_event_rate,county,0,female,45-64,0.014657455879165107,0.010741234141136003,0.019446243222178767
qualifying_event_rate,county,0,female,65-74,0.02917328538823739,0.01964308411362931,0.040423926969512664
qualifying_event_rate,county,0,female,75-84,0.03182033287218547,0.01727956428555881,0.04878225394355752
qualifying_event_rate,county,0,female,85+,0.025587745514304868,0.0035587582081291684,0.05215304569004212
person_years_exposure,county,1,male,0-17,3237.8786801571205,3169.3978615235733,3302.640463609536
person_years_exposure,county,1,male,18-44,3841.0437339820355,3769.2478704475725,3906.14998055265
person_years_exposure,county,1,male,45-64,3011.877187365319,2954.401913743891,3071.4236638449797
person_years_exposure,county,1,male,65-74,1023.5398506718324,985.3267896129328,1054.0229079996095
person_years_exposure,county,1,male,75-84,343.03117096864815,303.18842599227014,380.3114013474187
person_years_exposure,county,1,male,85+,41.62399307038284,28.986297025731943,52.77130234172253
person_years_exposure,county,1,male,18-64,6852.920921347355,6730.73866204228,6973.33050542093
person_years_exposure,county,1,male,65+,1408.1950147108632,1333.968513518952,1472.0748021251673
mortality_rate,county,1,male,0-17,0.00026375413985818606,0.0,0.000648222277905661
mortality_rate,county,1,male,18-44,0.00056493027033317,0.0,0.0013069774917445804
mortality_rate,county,1,male,45-64,0.008229787548768835,0.004952444564252756,0.012164573939116213
mortality_rate,county,1,male,65-74,0.02850669112282075,0.01830577668950778,0.04162890653235969
mortality_rate,county,1,male,75-84,0.0801285869053989,0.05096866186193181,0.11931144806366054
mortality_rate,county,1,male,85+,0.1257308419090971,0.04594038389899022,0.2537471425468404
qualifying_event_rate,county,1,male,0-17,0.006516039239069389,0.0040732912087021395,0.00928550400230828
qualifying_event_rate,county,1,male,18-44,0.010576679437891557,0.007584471442474823,0.01423979418780783
qualifying_event_rate,county,1,male,45-64,0.01886314515108047,0.01397474018467268,0.024510442003066985
qualifying_event_rate,county,1,male,65-74,0.03313075158626378,0.02347411942146381,0.0449952990791656
qualifying_event_rate,county,1,male,75-84,0.03888262324921498,0.021774889648346053,0.057795272227428515
qualifying_event_rate,county,1,male,85+,0.017405451363553582,0.0,0.05796032180035663
person_years_exposure,county,1,female,0-17,3053.2273104075407,2975.0511841210314,3130.817787884588
person_years_exposure,county,1,female,18-44,3716.4633436748004,3627.0097239666493,3794.0444978373484
person_years_exposure,county,1,female,45-64,3015.9867565877194,2968.490055467311,3056.405234867798
person_years_exposure,county,1,female,65-74,1011.2414559074116,969.9791519231054,1048.0404296014722
person_years_exposure,county,1,female,75-84,384.6729575358882,348.58971657071396,415.1411882888472
person_years_exposure,county,1,female,85+,84.73156638347848,68.45583539492458,98.71449164445208
person_years_exposure,county,1,female,18-64,6732.45010026252,6608.032368809376,6842.427488925062
person_years_exposure,county,1,female,65+,1480.6459798267783,1402.3162804350811,1546.4288934101166
mortality_rate,county,1,female,0-17,0.0001837515190361355,0.0,0.000661137959888678
mortality_rate,county,1,female,18-44,0.0007750301368240912,0.0,0.001622542179682941
mortality_rate,county,1,female,45-64,0.00861198503467121,0.00543538406116495,0.012500844067795358
mortality_rate,county,1,female,65-74,0.029684370860087076,0.01925315644851481,0.043738007931300386
mortality_rate,county,1,female,75-84,0.07596419332142351,0.04805146701333153,0.11297405817633005
mortality_rate,county,1,female,85+,0.09892178235149983,0.04743269329697125,0.17041470569925035
qualifying_event_rate,county,1,female,0-17,0.006809201198886491,0.004258428308827089,0.0097263025368924
qualifying_event_rate,county,1,female,18-44,0.012707524981143062,0.00924995859655049,0.016838121747760282
qualifying_event_rate,county,1,female,45-64,0.018999339996217716,0.014304927563683935,0.02491773934901116
qualifying_event_rate,county,1,female,65-74,0.030470938846994082,0.020967966852828,0.04184368022031816
qualifying_event_rate,county,1,female,75-84,0.03148361884626084,0.016757888568144214,0.04760064434810052
qualifying_event_rate,county,1,female,85+,0.02419358478400305,0.0,0.05493392539594457
person_years_exposure,county,2,male,0-17,979.1966158482113,946.122768047665,1013.7900240864142
person_years_exposure,county,2,male,18-44,1291.7855737879988,1264.3245144524699,1326.5770750367992
person_years_exposure,county,2,male,45-64,928.648390071837,909.6919040555126,946.2109004618426
person_years_exposure,county,2,male,65-74,306.9594718922563,287.08481245560364,325.6577560646266
person_years_exposure,county,2,male,75-84,104.17249302396004,88.95541611087572,118.4339531389435
person_years_exposure,county,2,male,85+,17.057832816214788,9.712215658028603,26.188429110715408
person_years_exposure,county,2,male,18-64,2220.433963859836,2182.8041387338653,2261.8629136225995
person_years_exposure,county,2,male,65+,428.18979773243115,395.07636404053494,459.7030752365781
mortality_rate,county,2,male,0-17,0.0002887212222492246,0.0,0.0010545036650250327
mortality_rate,county,2,male,18-44,0.0006989023949250018,0.0,0.002319279446202124
mortality_rate,county,2,male,45-64,0.01015420647988261,0.005259632307735723,0.01650712824496107
mortality_rate,county,2,male,65-74,0.03657221493043262,0.018438870650222754,0.06090119601947428
mortality_rate,county,2,male,75-84,0.0744139588448792,0.03285964109769232,0.13510663310792548
mortality_rate,county,2,male,85+,0.1036383152175274,0.0,0.27254787971760247
qualifying_event_rate,county,2,male,0-17,0.007782009316789981,0.0031086094274503985,0.012731069481334952
qualifying_event_rate,county,2,male,18-44,0.012396540261741676,0.007128586008380304,0.018377903052287415
qualifying_event_rate,county,2,male,45-64,0.018471801358986947,0.011037513273215211,0.02721359702068114
qualifying_event_rate,county,2,male,65-74,0.0329431225909579,0.016440310802491177,0.050923366382053616
qualifying_event_rate,county,2,male,75-84,0.03319611015849003,0.009237150488878026,0.06366561956835193
qualifying_event_rate,county,2,male,85+,0.021158558985868634,0.0,0.09155336774244432
person_years_exposure,county,2,female,0-17,997.3221917162791,964.2659153966096,1031.6313093143146
person_years_exposure,county,2,female,18-44,1324.273507363037,1292.8234369885267,1362.661254265255
person_years_exposure,county,2,female,45-64,998.3104093870613,972.9916416432294,1025.893622808119
person_years_exposure,county,2,female,65-74,323.90612881034264,302.8364764658004,343.8553345866559
person_years_exposure,county,2,female,75-84,86.64190557487902,71.78601237466823,100.07850431718371
person_years_exposure,county,2,female,85+,17.28850933728604,9.662580083707509,27.38833723390388
person_years_exposure,county,2,female,18-64,2322.583916750098,2272.282058911851,2380.956851851542
person_years_exposure,county,2,female,65+,427.83654372250766,395.24880442413865,461.1164060911219
mortality_rate,county,2,female,0-17,0.00019877446741543725,0.0,0.0010215894268232398
mortality_rate,county,2,female,18-44,0.0007890529178377233,0.0,0.002294067459946439
mortality_rate,county,2,female,45-64,0.009809542861536071,0.00490915013083192,0.016183685101862567
mortality_rate,county,2,female,65-74,0.0347619406438653,0.017491015087552977,0.05707670574567202
mortality_rate,county,2,female,75-84,0.07910659930212319,0.03164832591068941,0.14416107844247608
mortality_rate,county,2,female,85+,0.10385979326393623,0.0009981818782451497,0.2820813561840843
qualifying_event_rate,county,2,female,0-17,0.0066418089284675415,0.002911723850309282,0.011293247179120336
qualifying_event_rate,county,2,female,18-44,0.012360845802613006,0.007072225579153764,0.018333326846880327
qualifying_event_rate,county,2,female,45-64,0.021080050248770597,0.013729067041892784,0.029827579575430984
qualifying_event_rate,county,2,female,65-74,0.03000288558536895,0.015199636691964098,0.04748852865264962
qualifying_event_rate,county,2,female,75-84,0.02902083644586471,0.0,0.06003366273532818
qualifying_event_rate,county,2,female,85+,0.020423572446087494,0.0,0.08339287701791419
person_years_exposure,county,3,male,0-17,3042.212275106589,2965.0450557144845,3119.420345418516
person_years_exposure,county,3,male,18-44,3882.506837809771,3828.709797019921,3937.3760000318734
person_years_exposure,county,3,male,45-64,3341.3684785308114,3274.7183456510147,3419.877637052079
person_years_exposure,county,3,male,65-74,1300.3083672533908,1253.5216210341077,1346.548482183546
person_years_exposure,county,3,male,75-84,589.9818366872263,538.3887112155174,634.2854759009888
person_years_exposure,county,3,male,85+,140.17354140581187,114.29423870700657,162.02281144004309
person_years_exposure,county,3,male,18-64,7223.875316340582,7110.667642246271,7348.905837534233
person_years_exposure,county,3,male,65+,2030.463745346429,1920.9518093676097,2121.042646071209
mortality_rate,county,3,male,0-17,0.00027622399598021397,0.0,0.0009749731566990543
mortality_rate,county,3,male,18-44,0.0005627958133829461,0.0,0.001289521949848127
mortality_rate,county,3,male,45-64,0.00480993863652437,0.0026782448645124193,0.007359547133175813
mortality_rate,county,3,male,65-74,0.023879551983186725,0.015685160600872543,0.03392042309973382
mortality_rate,county,3,male,75-84,0.07169774942031669,0.04899537392551177,0.10301840559315448
mortality_rate,county,3,male,85+,0.13908615826379292,0.08458315223104551,0.21864461973357785
qualifying_event_rate,county,3,male,0-17,0.005426734182502623,0.0032280060149303784,0.00799975649851796
qualifying_event_rate,county,3,male,18-44,0.015481097976354666,0.011611658011212585,0.020164205899347466
qualifying_event_rate,county,3,male,45-64,0.019226602655552524,0.014568506775929366,0.025220120844189925
qualifying_event_rate,county,3,male,65-74,0.032265858978414254,0.02324068135494185,0.04275672933913889
qualifying_event_rate,county,3,male,75-84,0.04355434041029371,0.029591217825433124,0.05983303056758583
qualifying_event_rate,county,3,male,85+,0.023424048127991395,0.00628925954281295,0.046355838042945845
person_years_exposure,county,3,female,0-17,2780.6730594907244,2697.4892042277274,2863.4151853617072
person_years_exposure,county,3,female,18-44,3785.538739902177,3676.270669457107,3902.2968562125834
person_years_exposure,county,3,female,45-64,3381.1108246100366,3318.4216677418067,3449.291252757088
person_years_exposure,county,3,female,65-74,1184.135555794254,1136.6775562441842,1232.3582583608713
person_years_exposure,county,3,female,75-84,473.14026147897226,428.9777613423233,514.6136809562931
person_years_exposure,county,3,female,85+,100.08654897728334,82.11311500644793,115.59311720020435
person_years_exposure,county,3,female,18-64,7166.649564512214,6998.827999051012,7341.2440137147105
person_years_exposure,county,3,female,65+,1757.3623662505097,1662.4030433794169,1840.0776757793928
mortality_rate,county,3,female,0-17,0.00020422073418944285,0.0,0.000723642928890176
mortality_rate,county,3,female,18-44,0.0006121672426894471,0.0,0.0013368225226774468
mortality_rate,county,3,female,45-64,0.006032769109203204,0.003561742698297534,0.008957593551204414
mortality_rate,county,3,female,65-74,0.028147181259702978,0.018251026226267102,0.04074103567848139
mortality_rate,county,3,female,75-84,0.07584183605807569,0.04928872895418522,0.11031150392412069
mortality_rate,county,3,female,85+,0.0990029691693689,0.04888681787852433,0.1686458170992555
qualifying_event_rate,county,3,female,0-17,0.005339766385182087,0.003177006678328224,0.008020420959932656
qualifying_event_rate,county,3,female,18-44,0.012554974870294992,0.009034357478815383,0.016849787016408862
qualifying_event_rate,county,3,female,45-64,0.020235352314395386,0.015461492720110073,0.026416730569129864
qualifying_event_rate,county,3,female,65-74,0.030671190877204327,0.021716285157241295,0.04169821195017214
qualifying_event_rate,county,3,female,75-84,0.030952500420359623,0.018061585396289832,0.04621107297398678
qualifying_event_rate,county,3,female,85+,0.024996323502285624,0.0,0.05290204231386205
person_years_exposure,county,4,male,0-17,4953.462841496306,4857.063422060812,5031.4100607150485
person_years_exposure,county,4,male,18-44,6271.584576266007,6203.5864202994835,6349.470940217877
person_years_exposure,county,4,male,45-64,4922.7168801661355,4873.885597796873,4973.830903315964
person_years_exposure,county,4,male,65-74,1603.023366373383,1547.656768532167,1645.7540305758064
person_years_exposure,county,4,male,75-84,627.0807687883909,570.3575759842549,671.1857881117587
person_years_exposure,county,4,male,85+,137.73528715517614,109.53915749538939,162.1895691281799
person_years_exposure,county,4,male,18-64,11194.301456432142,11089.457139100195,11304.804185875864
person_years_exposure,county,4,male,65+,2367.83942231695,2239.8532556040013,2455.0799044853093
mortality_rate,county,4,male,0-17,0.0002697962665742542,0.0,0.000617056002343506
mortality_rate,county,4,male,18-44,0.0006775039682283603,0.00015969904485807753,0.0012796463399320716
mortality_rate,county,4,male,45-64,0.006893860496879659,0.004639514657228555,0.00985363192215222
mortality_rate,county,4,male,65-74,0.029793250894276552,0.020979444506440816,0.0416547662677458
mortality_rate,county,4,male,75-84,0.08663104673121086,0.0631934137856531,0.12271919180769705
mortality_rate,county,4,male,85+,0.13380520638536803,0.08028332782018614,0.21433973501629552
qualifying_event_rate,county,4,male,0-17,0.005382322158380499,0.0036279275659078587,0.007420570869014488
qualifying_event_rate,county,4,male,18-44,0.013038798215480141,0.01018002500224141,0.01689844750145841
qualifying_event_rate,county,4,male,45-64,0.019996381232913377,0.01604261653866532,0.025536338499884906
qualifying_event_rate,county,4,male,65-74,0.033699443955059104,0.025339022095330965,0.04393651074355925
qualifying_event_rate,county,4,male,75-84,0.031599725415942755,0.02006542390124752,0.045811527235948536
qualifying_event_rate,county,4,male,85+,0.014054655275488543,0.0,0.03279857270540059
person_years_exposure,county,4,female,0-17,4753.884693864294,4659.186175225938,4833.785974544705
person_years_exposure,county,4,female,18-44,6290.800317747117,6214.264397422074,6375.888067228401
person_years_exposure,county,4,female,45-64,4955.0445537749865,4902.423669888969,5004.815511866279
person_years_exposure,county,4,female,65-74,1762.6202389224056,1708.4322945410158,1808.1560401967463
person_years_exposure,county,4,female,75-84,680.580408936642,631.5693247051714,718.1393621068555
person_years_exposure,county,4,female,85+,144.9701601600892,122.36217604762135,163.35050408133677
person_years_exposure,county,4,female,18-64,11245.844871522104,11130.771911732656,11367.529614684867
person_years_exposure,county,4,female,65+,2588.1708080191365,2476.9677151809956,2666.4580663754214
mortality_rate,county,4,female,0-17,0.00017327523105748987,0.0,0.0004341669627415178
mortality_rate,county,4,female,18-44,0.0006765987539363351,0.0001587574457906716,0.0012774852331388171
mortality_rate,county,4,female,45-64,0.0074774846379580175,0.005041309980071156,0.010589929162152959
mortality_rate,county,4,female,65-74,0.02738343773472625,0.019143344577985406,0.03841461236163323
mortality_rate,county,4,female,75-84,0.07164350391734368,0.05052526889005091,0.1013661104243149
mortality_rate,county,4,female,85+,0.10596104025300622,0.06206648482940898,0.16745024260039626
qualifying_event_rate,county,4,female,0-17,0.005838255725274915,0.0039618525740175254,0.008032730424949848
qualifying_event_rate,county,4,female,18-44,0.01280492442734186,0.009946590039592933,0.016565907278654885
qualifying_event_rate,county,4,female,45-64,0.020811532407702924,0.016589044318992836,0.026576074864602308
qualifying_event_rate,county,4,female,65-74,0.030670558343327783,0.023264284870912644,0.040421526568951524
qualifying_event_rate,county,4,female,75-84,0.031078424988088462,0.020221392429549782,0.04458418145135735
qualifying_event_rate,county,4,female,85+,0.025827055652771696,0.006865740995017001,0.04921476435850608
person_years_exposure,county,5,male,0-17,1047.5618345823607,1019.8800479373725,1075.1432460820797
person_years_exposure,county,5,male,18-44,1358.5051081205177,1346.339935733469,1373.1052412595825
person_years_exposure,county,5,male,45-64,1087.2723524216779,1067.9475397571891,1106.3039796247383
person_years_exposure,county,5,male,65-74,388.4398067892713,372.8145776734046,402.3700580769175
person_years_exposure,county,5,male,75-84,149.27022221071684,131.11578619468506,163.67198359822555
person_years_exposure,county,5,male,85+,42.15792504893459,31.813068094651896,51.59335338885527
person_years_exposure,county,5,male,18-64,2445.7774605421955,2418.367271511814,2475.799910816764
person_years_exposure,county,5,male,65+,579.8679540489227,548.3048150968733,606.0308421685048
mortality_rate,county,5,male,0-17,0.00029924397028551164,0.0,0.000982258837382401
mortality_rate,county,5,male,18-44,0.0006002404279716999,0.0,0.0014892213057581766
mortality_rate,county,5,male,45-64,0.005346844835658392,0.0018321594104351374,0.009337706627194377
mortality_rate,county,5,male,65-74,0.02202822799168464,0.010001963850424903,0.03696361563870455
mortality_rate,county,5,male,75-84,0.07084635496086242,0.03618334096368145,0.11837447963023341
mortality_rate,county,5,male,85+,0.12268996934959804,0.052231169167925834,0.22890816627838653
qualifying_event_rate,county,5,male,0-17,0.008236200864400297,0.0038089090267813402,0.013638395918497699
qualifying_event_rate,county,5,male,18-44,0.01293859576414686,0.008039181788099719,0.018406808493171917
qualifying_event_rate,county,5,male,45-64,0.019846108430826112,0.01279516140294641,0.028182435757080394
qualifying_event_rate,county,5,male,65-74,0.032368572859271826,0.018181877592800894,0.048985492138215334
qualifying_event_rate,county,5,male,75-84,0.03825389720172339,0.013982720075412198,0.06454661804087905
qualifying_event_rate,county,5,male,85+,0.023737995353710017,0.0,0.06675311334202078
person_years_exposure,county,5,female,0-17,1047.124779069527,1018.6341735805778,1074.4077978702228
person_years_exposure,county,5,female,18-44,1354.9639659831307,1339.2571122980314,1367.24694207255
person_years_exposure,county,5,female,45-64,1081.6929392600962,1067.4719527544728,1096.0594721612422
person_years_exposure,county,5,female,65-74,360.87850119845865,344.4185451551323,375.0911976924973
person_years_exposure,county,5,female,75-84,151.56705822422765,135.32690450034832,165.4823816930236
person_years_exposure,county,5,female,85+,40.4270768342611,30.671280054813604,50.01332199171119
person_years_exposure,county,5,female,18-64,2436.656905243227,2412.8915928794727,2460.0924721046836
person_years_exposure,county,5,female,65+,552.8726362569474,521.8850873300327,579.745854978827
mortality_rate,county,5,female,0-17,0.0001930509539461273,0.0,0.0009709015606001424
mortality_rate,county,5,female,18-44,0.0006947832367755531,0.0,0.002220450695414192
mortality_rate,county,5,female,45-64,0.004910380057702151,0.0018275677994726322,0.008471792924757294
mortality_rate,county,5,female,65-74,0.025862725317191047,0.010903416045622272,0.04328494249126124
mortality_rate,county,5,female,75-84,0.07027362600894103,0.036295795195348216,0.11483037294582618
mortality_rate,county,5,female,85+,0.1061495154210011,0.034069861334417334,0.21365320287771786
qualifying_event_rate,county,5,female,0-17,0.0074268660471013765,0.0029347741862019395,0.012449932133070515
qualifying_event_rate,county,5,female,18-44,0.012531323794415499,0.007475030741186643,0.018395220345460955
qualifying_event_rate,county,5,female,45-64,0.019783261298846704,0.012134831087077752,0.028515569725591768
qualifying_event_rate,county,5,female,65-74,0.030005537741985104,0.016286388086045683,0.0454944593049596
qualifying_event_rate,county,5,female,75-84,0.03117590962191821,0.012145202912624291,0.0549764637179757
qualifying_event_rate,county,5,female,85+,0.022474229905295347,0.0,0.06667710467447747
person_years_exposure,county,6,male,0-17,2514.4253428119623,2459.6786229092795,2563.9190002062633
person_years_exposure,county,6,male,18-44,3260.112707883871,3235.750483448013,3290.171625314213
person_years_exposure,county,6,male,45-64,2609.2594417003934,2569.9806811156163,2649.0337915703394
person_years_exposure,county,6,male,65-74,931.9826836030617,902.3695321334776,957.1567203095432
person_years_exposure,county,6,male,75-84,358.321884171397,326.9928467686285,383.7406340734802
person_years_exposure,county,6,male,85+,95.79932450690346,77.50845330723644,112.85628347647508
person_years_exposure,county,6,male,18-64,5869.372149584264,5808.627581236624,5933.968952354714
person_years_exposure,county,6,male,65+,1386.1038922813623,1320.9862262920649,1434.9995437648706
mortality_rate,county,6,male,0-17,0.0002782771153855359,0.0,0.0008114660638392139
mortality_rate,county,6,male,18-44,0.0006227617323138022,0.0,0.001516343582689509
mortality_rate,county,6,male,45-64,0.0053718696341540145,0.0027167137636458097,0.008379321243686446
mortality_rate,county,6,male,65-74,0.022134954752052252,0.013637343252073192,0.03375897834248741
mortality_rate,county,6,male,75-84,0.07171189536453192,0.045736012459773004,0.10755279445276464
mortality_rate,county,6,male,85+,0.1461252922187266,0.08657899124928238,0.23005568558706488
qualifying_event_rate,county,6,male,0-17,0.008195290176901873,0.005111276473501334,0.011716255397373176
qualifying_event_rate,county,6,male,18-44,0.012977497792158253,0.009489460737971729,0.017460061800808526
qualifying_event_rate,county,6,male,45-64,0.0198577282180817,0.014638662454607789,0.026158073337429675
qualifying_event_rate,county,6,male,65-74,0.03242939310380199,0.02270657626188773,0.04391870983748262
qualifying_event_rate,county,6,male,75-84,0.03827960581619337,0.02208596624019935,0.05726141874317112
qualifying_event_rate,county,6,male,85+,0.026736490975062074,0.004076751013594664,0.05566411402116989
person_years_exposure,county,6,female,0-17,2513.8682905572937,2459.227764899224,2562.31090836323
person_years_exposure,county,6,female,18-44,3251.181123155712,3218.0283486940752,3278.5849264638678
person_years_exposure,county,6,female,45-64,2596.3088377207905,2568.787094023082,2622.847522856152
person_years_exposure,county,6,female,65-74,867.175557772147,836.2333725089492,892.384219992778
person_years_exposure,county,6,female,75-84,363.1005690225962,332.31414602022494,387.208285851612
person_years_exposure,county,6,female,85+,94.26541552012961,75.43421064713334,111.31621721973197
person_years_exposure,county,6,female,18-64,5847.489960876503,5793.3208101995515,5896.460114151254
person_years_exposure,county,6,female,65+,1324.541542314873,1257.785033518469,1372.5899056922954
mortality_rate,county,6,female,0-17,0.00017675386541492045,0.0,0.0007942217590637948
mortality_rate,county,6,female,18-44,0.0007090271793324496,0.0,0.0015456401833644196
mortality_rate,county,6,female,45-64,0.004877153854841882,0.0026781023590684372,0.007728046060711946
mortality_rate,county,6,female,65-74,0.025586501005924293,0.015739066220935904,0.038272411800328476
mortality_rate,county,6,female,75-84,0.07120536685109975,0.044734947628718554,0.10629813806125434
mortality_rate,county,6,female,85+,0.11830124024570485,0.061834303543775164,0.19871065628771556
qualifying_event_rate,county,6,female,0-17,0.007428518222850146,0.004505448827023123,0.010694585649886802
qualifying_event_rate,county,6,female,18-44,0.01258496960799448,0.00900373701106193,0.016764955704742773
qualifying_event_rate,county,6,female,45-64,0.019696870962833256,0.014627348232205205,0.02587011040015059
qualifying_event_rate,county,6,female,65-74,0.02997113345972444,0.020368184419342527,0.0414213784206176
qualifying_event_rate,county,6,female,75-84,0.031574912756096085,0.016741127476082862,0.048550630345573914
qualifying_event_rate,county,6,female,85+,0.024884878547097335,0.0,0.054539084840661965
person_years_exposure,county,7,male,0-17,4586.066549480623,4495.769414538648,4658.82974994951
person_years_exposure,county,7,male,18-44,5806.614896027161,5742.2127828703615,5875.638329913027
person_years_exposure,county,7,male,45-64,4557.197708123051,4512.925729992826,4604.891642009077
person_years_exposure,county,7,male,65-74,1485.2365092999562,1438.19275094345,1529.3126395898987
person_years_exposure,county,7,male,75-84,580.5936903369834,524.7136292252135,623.5189224200523
person_years_exposure,county,7,male,85+,127.87725598962393,102.39037325013004,150.0013909440407
person_years_exposure,county,7,male,18-64,10363.812604150211,10273.219848532148,10464.32661110853
person_years_exposure,county,7,male,65+,2193.7074556265634,2077.7566727906833,2276.4149815892215
mortality_rate,county,7,male,0-17,0.00026202414275608134,0.0,0.0006615995996576374
mortality_rate,county,7,male,18-44,0.0006745741292710791,0.00017173918988436866,0.0012169344027601926
mortality_rate,county,7,male,45-64,0.006897785070081323,0.004566314901891961,0.00990156446009495
mortality_rate,county,7,male,65-74,0.029642993013618682,0.02057685446897832,0.04130255148074092
mortality_rate,county,7,male,75-84,0.08675436193405256,0.06059771512826805,0.12254609919744021
mortality_rate,county,7,male,85+,0.13113884303328913,0.07797464947750388,0.21181007232530716
qualifying_event_rate,county,7,male,0-17,0.005401892282353735,0.0034918648526154877,0.007530087099456438
qualifying_event_rate,county,7,male,18-44,0.01304159831820639,0.010143670541568891,0.01664826672388576
qualifying_event_rate,county,7,male,45-64,0.020020484194677925,0.015877799241309613,0.02555101256679573
qualifying_event_rate,county,7,male,65-74,0.033990469802378354,0.025364335546225712,0.04478812060486325
qualifying_event_rate,county,7,male,75-84,0.03160318065764655,0.020084299289802807,0.04562927590000448
qualifying_event_rate,county,7,male,85+,0.014178331686483433,0.0,0.03393515862016001
person_years_exposure,county,7,female,0-17,4401.243941409163,4310.300715137604,4477.767474680983
person_years_exposure,county,7,female,18-44,5824.373871000074,5754.502803959597,5905.311518426601
person_years_exposure,county,7,female,45-64,4587.275733833114,4536.706549482363,4637.733248573853
person_years_exposure,county,7,female,65-74,1631.7857119479893,1579.9585784174708,1675.015886422358
person_years_exposure,county,7,female,75-84,630.1405420955001,580.774454463404,666.1334449389321
person_years_exposure,county,7,female,85+,134.2391955262166,111.39819743814485,152.9836544409082
person_years_exposure,county,7,female,18-64,10411.649604833188,10303.91110164629,10526.594887032621
person_years_exposure,county,7,female,65+,2396.1654495697057,2287.764210486347,2469.839402447739
mortality_rate,county,7,female,0-17,0.00018482878325520538,0.0,0.0006719777376609667
mortality_rate,county,7,female,18-44,0.000659606845317494,0.00017062592084886172,0.0012150825235365348
mortality_rate,county,7,female,45-64,0.007495576751611267,0.004982171530443119,0.010620736863164977
mortality_rate,county,7,female,65-74,0.027405990135563465,0.018961211938290132,0.038220416537713305
mortality_rate,county,7,female,75-84,0.0717178876435249,0.05007572263336526,0.1030070662350949
mortality_rate,county,7,female,85+,0.10493185131640635,0.05995267318564241,0.1688500889982326
qualifying_event_rate,county,7,female,0-17,0.005834310253666263,0.0038455932046996977,0.008046943440897151
qualifying_event_rate,county,7,female,18-44,0.012793841008777002,0.009900139949700532,0.016438921070450134
qualifying_event_rate,county,7,female,45-64,0.02075980659476846,0.016425374947752758,0.026423008726227423
qualifying_event_rate,county,7,female,65-74,0.030860315485226573,0.02281244763973037,0.04016262503783224
qualifying_event_rate,county,7,female,75-84,0.031222056019492593,0.019940459489889477,0.044894733268656825
qualifying_event_rate,county,7,female,85+,0.024985998048354705,0.006801972090362886,0.048267407197903046
person_years_exposure,county,8,male,0-17,1186.9391654829235,1155.572916163457,1216.05404831778
person_years_exposure,county,8,male,18-44,1503.090593488935,1485.156633856352,1524.1789182983955
person_years_exposure,county,8,male,45-64,1179.3492015948316,1160.6846832604222,1197.6704872403504
person_years_exposure,county,8,male,65-74,384.2834356344035,366.39802376871995,400.96030974113376
person_years_exposure,county,8,male,75-84,150.13609337405478,130.2335248878616,167.5434632596625
person_years_exposure,county,8,male,85+,34.432272953022434,24.042563686440634,43.917982847792615
person_years_exposure,county,8,male,18-64,2682.4397950837665,2653.4411865301176,2715.876960730207
person_years_exposure,county,8,male,65+,568.8518019614808,533.6702680585374,600.1673415005674
mortality_rate,county,8,male,0-17,0.0002595798316459149,0.0,0.000866803254549541
mortality_rate,county,8,male,18-44,0.0006636716363412886,0.0,0.0020014782553449697
mortality_rate,county,8,male,45-64,0.006941146138209142,0.003322085387027566,0.011915221401501364
mortality_rate,county,8,male,65-74,0.02969330310168708,0.015164004252880243,0.04739452442352629
mortality_rate,county,8,male,75-84,0.08642430000529606,0.04522282181852363,0.13948937629918234
mortality_rate,county,8,male,85+,0.11546972725725033,0.034265421319921094,0.24071111793709382
qualifying_event_rate,county,8,male,0-17,0.005341338405848746,0.0017378115600925686,0.009209804771270265
qualifying_event_rate,county,8,male,18-44,0.013000232606334814,0.008038349969258595,0.018698241287334088
qualifying_event_rate,county,8,male,45-64,0.019982551578558067,0.01295578449398091,0.02750220586875133
qualifying_event_rate,county,8,male,65-74,0.03358889793774003,0.019012050175608797,0.05007816744382831
qualifying_event_rate,county,8,male,75-84,0.03233883565764075,0.012541596201001735,0.0574437895948087
qualifying_event_rate,county,8,male,85+,0.013217413465861352,0.0,0.053033900888828506
person_years_exposure,county,8,female,0-17,1139.0079501688617,1108.000536589124,1169.382884282551
person_years_exposure,county,8,female,18-44,1507.655759807144,1487.0797806121188,1532.8966918326548
person_years_exposure,county,8,female,45-64,1187.4479492326684,1168.4709336188753,1205.2494004863966
person_years_exposure,county,8,female,65-74,422.67136937345424,402.6995682162643,440.26693247761693
person_years_exposure,county,8,female,75-84,163.14890665478958,145.0274740178424,178.7120650044592
person_years_exposure,county,8,female,85+,35.88519143706998,26.905168151369335,43.339808072891415
person_years_exposure,county,8,female,18-64,2695.103709039812,2662.4686079124463,2730.6087975801584
person_years_exposure,county,8,female,65+,621.7054674653139,587.5626327431761,651.0665533748212
mortality_rate,county,8,female,0-17,0.00018347929438861018,0.0,0.0008920691698685116
mortality_rate,county,8,female,18-44,0.0006691110062346341,0.0,0.0019990511068659397
mortality_rate,county,8,female,45-64,0.007406985848881725,0.003330482321885392,0.01201981260154511
mortality_rate,county,8,female,65-74,0.027529052191891328,0.01374255814355535,0.044233035720011554
mortality_rate,county,8,female,75-84,0.07171009225854916,0.03568077523622319,0.1181168691797179
mortality_rate,county,8,female,85+,0.09075805434006261,0.02654687537096637,0.19198378705151758
qualifying_event_rate,county,8,female,0-17,0.005813892968454045,0.0025878860373797124,0.009760422737427598
qualifying_event_rate,county,8,female,18-44,0.01286273607144953,0.007952022717549152,0.018489486523670096
qualifying_event_rate,county,8,female,45-64,0.020842607656818297,0.01383364969959246,0.02875017907304087
qualifying_event_rate,county,8,female,65-74,0.030367444186665857,0.01676545497556466,0.04537010435444435
qualifying_event_rate,county,8,female,75-84,0.0308434692440966,0.01148371155510496,0.05513229617889255
qualifying_event_rate,county,8,female,85+,0.02349200370479293,0.0,0.07085986365655791
person_years_exposure,county,9,male,0-17,2343.171593941921,2289.0434758063757,2391.9950319759128
person_years_exposure,county,9,male,18-44,2889.3626029965253,2833.507671225246,2932.7035078881086
person_years_exposure,county,9,male,45-64,2163.229009073008,2117.244298881956,2201.0142210782606
person_years_exposure,county,9,male,65-74,692.784080601421,662.5755606895942,719.0312157509748
person_years_exposure,county,9,male,75-84,251.02490095863905,223.75171691891848,273.98044655558607
person_years_exposure,county,9,male,85+,67.01630724002324,52.46484829533573,80.40054104360658
person_years_exposure,county,9,male,18-64,5052.591612069533,4960.85443330061,5122.99144973582
person_years_exposure,county,9,male,65+,1010.8252888000833,953.3647589083013,1055.065655704915
mortality_rate,county,9,male,0-17,0.00033320723107458104,0.0,0.0008755425353459174
mortality_rate,county,9,male,18-44,0.0006524808981381653,0.0,0.0013986014900452988
mortality_rate,county,9,male,45-64,0.0064167313385596,0.0032325192873709943,0.010123372017111436
mortality_rate,county,9,male,65-74,0.027843524875029346,0.016943021155635313,0.042370112654608924
mortality_rate,county,9,male,75-84,0.07751468746584544,0.04657807987850432,0.1223951141464818
mortality_rate,county,9,male,85+,0.13327121192114386,0.0670459800334795,0.22983554044766188
qualifying_event_rate,county,9,male,0-17,0.00459029949100117,0.0021983459781551896,0.007247527086157514
qualifying_event_rate,county,9,male,18-44,0.00954082208396436,0.006421819377128274,0.013093654884787387
qualifying_event_rate,county,9,male,45-64,0.01513872780870458,0.010433349724450251,0.020638270908270195
qualifying_event_rate,county,9,male,65-74,0.030889009522162662,0.019760436776934145,0.04341245647485021
qualifying_event_rate,county,9,male,75-84,0.023444843691936623,0.008334169767220356,0.040625424896070426
qualifying_event_rate,county,9,male,85+,0.023075174887712404,0.0,0.05519811092113821
person_years_exposure,county,9,female,0-17,2369.18257972044,2317.2203019517397,2416.652176814097
person_years_exposure,county,9,female,18-44,2884.8214834331434,2817.9106292202955,2941.2159326736028
person_years_exposure,county,9,female,45-64,2250.870146050803,2210.2737249752663,2286.5397847165195
person_years_exposure,county,9,female,65-74,679.631004526458,648.848382011263,707.6563830719775
person_years_exposure,county,9,female,75-84,255.5103141270242,229.76905089884983,276.2165967674906
person_years_exposure,county,9,female,85+,75.44899160336763,60.34964563187911,88.75072562175806
person_years_exposure,county,9,female,18-64,5135.691629483947,5038.049459128735,5219.456008748524
person_years_exposure,county,9,female,65+,1010.5903102568499,955.2069620280256,1054.8614001724006
mortality_rate,county,9,female,0-17,0.00020650912119982398,0.0,0.0008458254515820818
mortality_rate,county,9,female,18-44,0.000633196947104035,0.0,0.0014065799819022603
mortality_rate,county,9,female,45-64,0.006341514549959218,0.0035263951408184215,0.009778412322045505
mortality_rate,county,9,female,65-74,0.02727310026735016,0.015853422007683447,0.04185210056658953
mortality_rate,county,9,female,75-84,0.07658954123784084,0.047309168648211074,0.11866717896090487
mortality_rate,county,9,female,85+,0.11056755668696049,0.053325072836576504,0.19048241981982192
qualifying_event_rate,county,9,female,0-17,0.00516396461155967,0.002900136979234977,0.007923923655067732
qualifying_event_rate,county,9,female,18-44,0.01070409198925589,0.007301708452924599,0.014730647204893187
qualifying_event_rate,county,9,female,45-64,0.014648848716506896,0.010112163080934962,0.01973405071053664
qualifying_event_rate,county,9,female,65-74,0.029230159489400734,0.01841676817175167,0.04177749570224553
qualifying_event_rate,county,9,female,75-84,0.03148168654549272,0.01514434402286233,0.05113331525975705
qualifying_event_rate,county,9,female,85+,0.024503396765215235,0.0,0.05688253370823353
person_years_exposure,county,10,male,0-17,738.8279492180683,715.6937258586526,762.4022172236056
person_years_exposure,county,10,male,18-44,935.5152118854045,923.8432613314541,951.0226978373171
person_years_exposure,county,10,male,45-64,734.1325400096036,718.9902178891526,747.9621939240502
person_years_exposure,county,10,male,65-74,239.1389683562564,224.57151411056688,251.7097711057101
person_years_exposure,county,10,male,75-84,93.84364845115317,79.37604062927389,106.2973879587979
person_years_exposure,county,10,male,85+,21.937507020537886,14.567808518606359,29.02640644536623
person_years_exposure,county,10,male,18-64,1669.6477518950082,1648.3265950576008,1693.231355667792
person_years_exposure,county,10,male,65+,354.9201238279475,329.3883064708389,376.66292670467595
mortality_rate,county,10,male,0-17,0.0002749286897104738,0.0,0.0013813839873970135
mortality_rate,county,10,male,18-44,0.0006790417709720952,0.0,0.002159867376028945
mortality_rate,county,10,male,45-64,0.006919172720069799,0.0026548933233104225,0.012484224844114936
mortality_rate,county,10,male,65-74,0.030131826193398017,0.012132777681412426,0.05224079797743275
mortality_rate,county,10,male,75-84,0.0841644599582435,0.039142603129699374,0.148113964308468
mortality_rate,county,10,male,85+,0.10730382424201437,0.012313150603050051,0.24420483433939633
qualifying_event_rate,county,10,male,0-17,0.005450329096255475,0.0013483675231347476,0.010620571531512898
qualifying_event_rate,county,10,male,18-44,0.013141885281557561,0.007434196523241677,0.019904756871396076
qualifying_event_rate,county,10,male,45-64,0.01996935900676494,0.011081928250980061,0.029582552335740895
qualifying_event_rate,county,10,male,65-74,0.033469266867816316,0.016398952923042952,0.054643244166404564
qualifying_event_rate,county,10,male,75-84,0.030294398745105085,0.003657359839494274,0.06194713425911405
qualifying_event_rate,county,10,male,85+,0.011378163051343624,0.0,0.058719717463650276
person_years_exposure,county,10,female,0-17,708.9731189420143,685.8029372979062,732.3720789386119
person_years_exposure,county,10,female,18-44,938.0277903443025,924.2925142507013,954.2948171970395
person_years_exposure,county,10,female,45-64,738.8533898908183,725.1012308991591,752.4522284071179
person_years_exposure,county,10,female,65-74,262.99366696731374,247.6068797369272,275.88342410238323
person_years_exposure,county,10,female,75-84,101.94783044308899,88.43362489808909,113.34019547922323
person_years_exposure,county,10,female,85+,22.977983292367625,16.725502000000915,28.45418829556528
person_years_exposure,county,10,female,18-64,1676.8811802351208,1655.3265665177753,1702.1564835592928
person_years_exposure,county,10,female,65+,387.9194807027704,363.1423977139902,408.8241938206833
mortality_rate,county,10,female,0-17,0.000174933906782076,0.0,0.0014274754472049826
mortality_rate,county,10,female,18-44,0.0006871131715228023,0.0,0.0021588197023826943
mortality_rate,county,10,female,45-64,0.007558956910687382,0.0026724077606632628,0.013741919046799573
mortality_rate,county,10,female,65-74,0.026854751506837332,0.010978173001516144,0.047611378960143017
mortality_rate,county,10,female,75-84,0.06925275331014556,0.027300365799370577,0.12482496585644268
mortality_rate,county,10,female,85+,0.0807126385713583,0.001907620477101956,0.19735266244364333
qualifying_event_rate,county,10,female,0-17,0.005870616619726047,0.001401990128062722,0.011348291934811594
qualifying_event_rate,county,10,female,18-44,0.012707949891201647,0.006448376798398939,0.019374961508865335
qualifying_event_rate,county,10,female,45-64,0.020895182689466135,0.012163110116710002,0.031190818822484312
qualifying_event_rate,county,10,female,65-74,0.030582869234700064,0.014663123276632752,0.04923035831290625
qualifying_event_rate,county,10,female,75-84,0.03017538467873653,0.009109458654987336,0.059333958244262394
qualifying_event_rate,county,10,female,85+,0.021772161601202943,0.0,0.07873047811896486
person_years_exposure,county,11,male,0-17,1244.2980461554928,1210.7705279438019,1276.6721667456166
person_years_exposure,county,11,male,18-44,1575.4000461766968,1556.6661069692962,1599.268672456485
person_years_exposure,county,11,male,45-64,1236.768550706898,1216.8507439791479,1256.4537630152377
person_years_exposure,county,11,male,65-74,402.6099500208558,382.82069404352535,420.2625702001908
person_years_exposure,county,11,male,75-84,157.9612710777426,137.8275821780445,175.44406319844683
person_years_exposure,county,11,male,85+,35.765277798934115,25.443191806781776,45.672163533909746
person_years_exposure,county,11,male,18-64,2812.1685968835945,2781.4730918560654,2846.384694426617
person_years_exposure,county,11,male,65+,596.3364988975326,559.2102977981614,630.6131332715654
mortality_rate,county,11,male,0-17,0.0002707663678657724,0.0,0.000831148092657689
mortality_rate,county,11,male,18-44,0.0006982973365525807,0.0,0.0019216155121760865
mortality_rate,county,11,male,45-64,0.006742858608414231,0.003186260524498024,0.011407850404092387
mortality_rate,county,11,male,65-74,0.030084464347869603,0.014704294241120297,0.048236950906450256
mortality_rate,county,11,male,75-84,0.08509636043440887,0.04737441677258477,0.13786245315473875
mortality_rate,county,11,male,85+,0.11601613925229187,0.041197843888644385,0.23819047625989548
qualifying_event_rate,county,11,male,0-17,0.005396099021046719,0.002377697576289342,0.009164604265175576
qualifying_event_rate,county,11,male,18-44,0.012928263871407565,0.008211677800218108,0.018438296707435367
qualifying_event_rate,county,11,male,45-64,0.020153168249025872,0.013125506052305018,0.028068561813966202
qualifying_event_rate,county,11,male,65-74,0.033835458331721774,0.01949017732769492,0.049872555373346325
qualifying_event_rate,county,11,male,75-84,0.03135043220242734,0.01196686414522797,0.05614796885923536
qualifying_event_rate,county,11,male,85+,0.01258444059659428,0.0,0.05026516802447336
person_years_exposure,county,11,female,0-17,1194.1495554894411,1160.2397537793768,1227.9878735292323
person_years_exposure,county,11,female,18-44,1580.217623101852,1559.0684890570856,1605.5694998599993
person_years_exposure,county,11,female,45-64,1244.6079979145507,1224.6070135664897,1263.1762590214387
person_years_exposure,county,11,female,65-74,442.74696262462083,424.0825274595772,460.80857605139533
person_years_exposure,county,11,female,75-84,171.35715775881187,152.63210546299507,186.97145046129808
person_years_exposure,county,11,female,85+,37.8468941848442,28.89320307160456,45.86814358511225
person_years_exposure,county,11,female,18-64,2824.8256210164027,2791.55249875306,2861.2732105619116
person_years_exposure,county,11,female,65+,651.951014568277,617.8894369506759,680.9016769968573
mortality_rate,county,11,female,0-17,0.00018400254933724912,0.0,0.0008542383880984465
mortality_rate,county,11,female,18-44,0.0006665048160788136,0.0,0.0019116089803892262
mortality_rate,county,11,female,45-64,0.00749286812343806,0.0031966375913668917,0.012163972717234519
mortality_rate,county,11,female,65-74,0.027230344556811118,0.013361151359107076,0.04410893755483031
mortality_rate,county,11,female,75-84,0.07017687120475916,0.03791401836076192,0.11449052109175507
mortality_rate,county,11,female,85+,0.09160658666195513,0.024626915580828447,0.19027253199483138
qualifying_event_rate,county,11,female,0-17,0.005818160610043817,0.0024934543252019435,0.009916886664353211
qualifying_event_rate,county,11,female,18-44,0.012747638473496272,0.008180745541468073,0.01825372508553685
qualifying_event_rate,county,11,female,45-64,0.020753192882441485,0.013618108768006282,0.02885544255235328
qualifying_event_rate,county,11,female,65-74,0.0307914308868076,0.017790485443495874,0.04629946966685697
qualifying_event_rate,county,11,female,75-84,0.030733806776840802,0.01162286073764424,0.05439410415042314
qualifying_event_rate,county,11,female,85+,0.024051894826059836,0.0,0.06867708946543442
person_years_exposure,county,12,male,0-17,1413.4129286989978,1368.8750015457026,1458.688388513508
person_years_exposure,county,12,male,18-44,1865.1605925792692,1827.8767475629559,1909.9648970516419
person_years_exposure,county,12,male,45-64,1339.8210682590973,1314.0637613871725,1362.9952413486214
person_years_exposure,county,12,male,65-74,442.8186129892298,415.13443389829865,467.2339754276275
person_years_exposure,county,12,male,75-84,150.429957315115,130.8876107250739,167.77345984659402
person_years_exposure,county,12,male,85+,23.75612004333798,14.690603497350914,35.038844005130905
person_years_exposure,county,12,male,18-64,3204.981660838366,3154.8251621672375,3260.9555563580802
person_years_exposure,county,12,male,65+,617.0046903476828,571.7161787626654,659.0768888697304
mortality_rate,county,12,male,0-17,0.00027775189898776137,0.0,0.0014033073137253928
mortality_rate,county,12,male,18-44,0.000717305861126883,0.0,0.001659279333864713
mortality_rate,county,12,male,45-64,0.010370802385802574,0.005840687584649795,0.01623804735975493
mortality_rate,county,12,male,65-74,0.036865449085463464,0.019964323178729156,0.05727120766229846
mortality_rate,county,12,male,75-84,0.07514938333122281,0.03777487032206848,0.1225406947383887
mortality_rate,county,12,male,85+,0.11154947371778154,0.02888080107809234,0.25418165786436936
qualifying_event_rate,county,12,male,0-17,0.007804344713970793,0.0041666536240428115,0.012087270840816029
qualifying_event_rate,county,12,male,18-44,0.012320644431465144,0.008043121998217663,0.01727826607831256
qualifying_event_rate,county,12,male,45-64,0.01847553142462829,0.012386669955408719,0.025722509492251907
qualifying_event_rate,county,12,male,65-74,0.033322581621831895,0.019362961459916048,0.04947152451718357
qualifying_event_rate,county,12,male,75-84,0.03185538669340307,0.012041087980789778,0.05731751820943716
qualifying_event_rate,county,12,male,85+,0.02216293831174116,0.0,0.08190353095918493
person_years_exposure,county,12,female,0-17,1439.124216444118,1393.5207491169533,1485.9336753057044
person_years_exposure,county,12,female,18-44,1911.903874925538,1869.4827798614378,1962.5005023524873
person_years_exposure,county,12,female,45-64,1441.155336617166,1406.936015672734,1479.4455439708793
person_years_exposure,county,12,female,65-74,467.5259613800643,440.0856426104235,491.7155181024524
person_years_exposure,county,12,female,75-84,124.2742589043778,104.13693371947042,141.97218367606504
person_years_exposure,county,12,female,85+,23.795812276976548,14.562900239699191,34.9115017210167
person_years_exposure,county,12,female,18-64,3353.0592115427044,3284.2041709681644,3432.9200179065238
person_years_exposure,county,12,female,65+,615.5960325614186,570.2871617020701,657.8531619867625
mortality_rate,county,12,female,0-17,0.00022393176441452354,0.0,0.0007260689720711489
mortality_rate,county,12,female,18-44,0.0008080541575659337,0.0,0.002090479581296327
mortality_rate,county,12,female,45-64,0.009647343321876294,0.005326421490415788,0.015047543499428303
mortality_rate,county,12,female,65-74,0.0347490729756355,0.019138499693389502,0.05317946521969179
mortality_rate,county,12,female,75-84,0.08329714649567134,0.041963175761464105,0.14143173939114326
mortality_rate,county,12,female,85+,0.11019057307222828,0.02526227141852301,0.2466212123934704
qualifying_event_rate,county,12,female,0-17,0.006584611745443421,0.0033495965414178036,0.010547363561649275
qualifying_event_rate,county,12,female,18-44,0.012370073064432227,0.00790522751102042,0.017548832536962985
qualifying_event_rate,county,12,female,45-64,0.02106735294494163,0.01461350014429137,0.02869194256815151
qualifying_event_rate,county,12,female,65-74,0.029703606170354932,0.016839282416133913,0.04446758267845252
qualifying_event_rate,county,12,female,75-84,0.030648449944478028,0.007892841376996987,0.05863640257998907
qualifying_event_rate,county,12,female,85+,0.02119063878871389,0.0,0.07872319841562764
person_years_exposure,county,13,male,0-17,2875.608086317543,2814.427620071714,2929.8435902703905
person_years_exposure,county,13,male,18-44,3544.917798328944,3479.2091321945873,3596.1656031028333
person_years_exposure,county,13,male,45-64,2654.310281350292,2600.856075110603,2697.923530509471
person_years_exposure,county,13,male,65-74,849.8019823033977,814.1606402241304,880.0953836955772
person_years_exposure,county,13,male,75-84,307.77759246241436,278.16326576458397,333.6138733559143
person_years_exposure,county,13,male,85+,81.05147551098298,64.28079497957201,96.78951901588782
person_years_exposure,county,13,male,18-64,6199.2280796792365,6089.40004272701,6281.046095340008
person_years_exposure,county,13,male,65+,1238.6310502767951,1172.7497295311307,1292.9388506414182
mortality_rate,county,13,male,0-17,0.0003260180010136733,0.0,0.0010390733132985283
mortality_rate,county,13,male,18-44,0.000630716978769991,0.0,0.0014115097270559216
mortality_rate,county,13,male,45-64,0.006427487771445099,0.0037382528650645027,0.009820854453945151
mortality_rate,county,13,male,65-74,0.02766786559795954,0.017178247261418984,0.04104265054876672
mortality_rate,county,13,male,75-84,0.078367934473405,0.049079316309674235,0.11814202678227598
mortality_rate,county,13,male,85+,0.13644762728192045,0.07402115040785205,0.22595316504532864
qualifying_event_rate,county,13,male,0-17,0.0045438758891280726,0.00242308859783787,0.006934796193147274
qualifying_event_rate,county,13,male,18-44,0.009481553603540315,0.006527165465908783,0.012942291666464155
qualifying_event_rate,county,13,male,45-64,0.015026046254927834,0.010681771895761064,0.02023590554715675
qualifying_event_rate,county,13,male,65-74,0.030920001898593997,0.020989258932495886,0.04247155995631735
qualifying_event_rate,county,13,male,75-84,0.023013551473595243,0.009779012079229163,0.038990965923527465
qualifying_event_rate,county,13,male,85+,0.023612254592663657,0.0,0.05439875642193144
person_years_exposure,county,13,female,0-17,2907.1054707218786,2845.740810428209,2958.20862786328
person_years_exposure,county,13,female,18-44,3540.506188990621,3461.2203802119443,3608.8648130957804
person_years_exposure,county,13,female,45-64,2761.3832437189494,2713.455778915986,2801.050199317959
person_years_exposure,county,13,female,65-74,833.8908762306228,797.1363361811424,864.6079017523989
person_years_exposure,county,13,female,75-84,313.2972024776116,284.52087769832065,338.1425435913926
person_years_exposure,county,13,female,85+,92.30091230792797,75.53013780087856,107.38933650699116
person_years_exposure,county,13,female,18-64,6301.88943270957,6184.9243122593,6400.531080744296
person_years_exposure,county,13,female,65+,1239.4889910161623,1175.9426393652693,1291.7334311973086
mortality_rate,county,13,female,0-17,0.00021163125355999827,0.0,0.0006933441004422131
mortality_rate,county,13,female,18-44,0.0006150912493167708,0.0,0.0014102703496875063
mortality_rate,county,13,female,45-64,0.006409194459970913,0.0036367223296262167,0.00954485696647455
mortality_rate,county,13,female,65-74,0.02736255241889656,0.016684133372099116,0.04024882031390701
mortality_rate,county,13,female,75-84,0.07644789798332643,0.047011862288996654,0.11356607224101149
mortality_rate,county,13,female,85+,0.11261220574668415,0.0598226556015185,0.1852447592732727
qualifying_event_rate,county,13,female,0-17,0.005134913241139894,0.003058887826585111,0.00762239187075057
qualifying_event_rate,county,13,female,18-44,0.010729480741164898,0.007579638363290839,0.014502733251819907
qualifying_event_rate,county,13,female,45-64,0.014636148646490989,0.01074086448546255,0.019597066004991778
qualifying_event_rate,county,13,female,65-74,0.029063562792893877,0.019374099647739274,0.04088839811307052
qualifying_event_rate,county,13,female,75-84,0.0315318544662158,0.016488531774350508,0.04860759627580974
qualifying_event_rate,county,13,female,85+,0.024732700355146617,0.0,0.05324799457120919
person_years_exposure,county,14,male,0-17,1830.1440363746117,1789.628053716338,1869.0043393191152
person_years_exposure,county,14,male,18-44,2317.866504028198,2291.3870695354135,2349.359170963633
person_years_exposure,county,14,male,45-64,1819.4006511100526,1793.7059761043975,1845.0841532027705
person_years_exposure,county,14,male,65-74,592.5238518749369,567.2317796971979,614.6321580399639
person_years_exposure,county,14,male,75-84,232.18487927628294,204.9530537256061,255.1438070916729
person_years_exposure,county,14,male,85+,52.35768424016497,39.46361726621259,65.15440697393726
person_years_exposure,county,14,male,18-64,4137.267155138251,4095.9499587267924,4185.006460763287
person_years_exposure,county,14,male,65+,877.0664153913848,826.5405930943118,919.7872008138646
mortality_rate,county,14,male,0-17,0.00026466496099373317,0.0,0.001090788998840747
mortality_rate,county,14,male,18-44,0.0006623143512933409,0.0,0.0017341033879843758
mortality_rate,county,14,male,45-64,0.006826917661001034,0.0033082808184971557,0.010650317267603336
mortality_rate,county,14,male,65-74,0.02976459160748258,0.01799536056242313,0.04558580750441372
mortality_rate,county,14,male,75-84,0.08573102313754057,0.051657857379555805,0.13378191389557548
mortality_rate,county,14,male,85+,0.1212863037924954,0.050509669211361186,0.22819628505190107
qualifying_event_rate,county,14,male,0-17,0.005441906461077798,0.0027179101539075733,0.008670790903528722
qualifying_event_rate,county,14,male,18-44,0.01298886077355115,0.008849567535739445,0.017623911014927066
qualifying_event_rate,county,14,male,45-64,0.02012864527126345,0.014328577262462219,0.026842497996525144
qualifying_event_rate,county,14,male,65-74,0.03370364717058695,0.021599473714638825,0.04786965015505729
qualifying_event_rate,county,14,male,75-84,0.031671013132737146,0.013473719742698365,0.053250704482395494
qualifying_event_rate,county,14,male,85+,0.012641746970389093,0.0,0.04113069325325155
person_years_exposure,county,14,female,0-17,1756.6529999026966,1714.974849138837,1796.6662295879432
person_years_exposure,county,14,female,18-44,2325.0265193610126,2294.798989960442,2360.309104353513
person_years_exposure,county,14,female,45-64,1831.2770180526882,1806.096364015393,1856.17648788652
person_years_exposure,county,14,female,65-74,651.1576132435174,625.9655645789132,674.3048011168539
person_years_exposure,county,14,female,75-84,251.66974583627413,227.8948711619476,271.13122939827207
person_years_exposure,county,14,female,85+,54.719678969656094,42.861267631301146,65.22433879949291
person_years_exposure,county,14,female,18-64,4156.303537413701,4108.008254244235,4207.6696198418595
person_years_exposure,county,14,female,65+,957.5470380494477,909.7025689214078,994.5416923483784
mortality_rate,county,14,female,0-17,0.00016872240491799876,0.0,0.0005799341453379845
mortality_rate,county,14,female,18-44,0.0006514542629459001,0.0,0.001727695122337299
mortality_rate,county,14,female,45-64,0.007493756758790476,0.0042856088336257845,0.01164405841583406
mortality_rate,county,14,female,65-74,0.02745935965439318,0.016309793982970937,0.0416717157576197
mortality_rate,county,14,female,75-84,0.07187600847154865,0.04186730888166349,0.11155591438508805
mortality_rate,county,14,female,85+,0.0954435448879587,0.0347429121903258,0.1820984521700744
qualifying_event_rate,county,14,female,0-17,0.005849413985328444,0.002862874846644979,0.009209822852055065
qualifying_event_rate,county,14,female,18-44,0.012870106897522113,0.00868755960530829,0.017602062533731457
qualifying_event_rate,county,14,female,45-64,0.020765478611442883,0.01492189354338564,0.02765860137789291
qualifying_event_rate,county,14,female,65-74,0.030489569992288884,0.019759158981455752,0.043170581169030504
qualifying_event_rate,county,14,female,75-84,0.03116787165262024,0.0149089439682208,0.051377378607075766
qualifying_event_rate,county,14,female,85+,0.02337313402938261,0.0,0.05924217627439155
person_years_exposure,county,15,male,0-17,1702.4311290540502,1653.304583128767,1753.3396345131855
person_years_exposure,county,15,male,18-44,2247.1130580132644,2206.196190924388,2298.008399437216
person_years_exposure,county,15,male,45-64,1615.01710806142,1585.83617960598,1642.0263134689005
person_years_exposure,county,15,male,65-74,533.6394808804664,503.7178485312978,562.0132446716799
person_years_exposure,county,15,male,75-84,180.69629616036818,158.17526036191518,201.48499231678997
person_years_exposure,county,15,male,85+,28.41636263542456,17.795214724994246,40.931237565170186
person_years_exposure,county,15,male,18-64,3862.1301660746844,3802.509296347968,3929.4714435143023
person_years_exposure,county,15,male,65+,742.7521396762592,691.2267586472977,791.8500688991579
mortality_rate,county,15,male,0-17,0.0002954185217345333,0.0,0.0011742689715935437
mortality_rate,county,15,male,18-44,0.0007227155000985329,0.0,0.001790185757318896
mortality_rate,county,15,male,45-64,0.010236262017740364,0.005556249138408985,0.015714925238500543
mortality_rate,county,15,male,65-74,0.036631194397849766,0.021945968882462592,0.05502336786406741
mortality_rate,county,15,male,75-84,0.07613148887768062,0.04195306743546141,0.12158711951005086
mortality_rate,county,15,male,85+,0.11352050081733496,0.031244309620903642,0.25073700526626036
qualifying_event_rate,county,15,male,0-17,0.007827443569570047,0.004156457480909041,0.011781412428098187
qualifying_event_rate,county,15,male,18-44,0.01229311686788166,0.008359442805417908,0.01686341609195505
qualifying_event_rate,county,15,male,45-64,0.018457440408808562,0.012462749431624053,0.0252175429078846
qualifying_event_rate,county,15,male,65-74,0.03325666662297666,0.020539663321295625,0.048027866337023356
qualifying_event_rate,county,15,male,75-84,0.03255799691320835,0.011608698900972176,0.05679397360013267
qualifying_event_rate,county,15,male,85+,0.022110403666335234,0.0,0.0738711712823311
person_years_exposure,county,15,female,0-17,1733.4235707811188,1683.7071289947646,1786.814831769705
person_years_exposure,county,15,female,18-44,2303.0527726260125,2252.9245645138185,2362.819370983638
person_years_exposure,county,15,female,45-64,1736.118751608658,1697.1104743427031,1777.9167786965154
person_years_exposure,county,15,female,65-74,563.5585730356887,532.7013196949267,595.0318467504362
person_years_exposure,county,15,female,75-84,149.2745722695617,127.18692067530898,169.570421239448
person_years_exposure,county,15,female,85+,28.594733982596647,17.454224607531536,41.42669972148365
person_years_exposure,county,15,female,18-64,4039.1715242346704,3957.7376844872047,4130.661984154059
person_years_exposure,county,15,female,65+,741.427879287847,690.2342869833874,794.0016634658809
mortality_rate,county,15,female,0-17,0.00021915175200301244,0.0,0.001130850710308974
mortality_rate,county,15,female,18-44,0.0008071403056172437,0.0,0.001771577038756636
mortality_rate,county,15,female,45-64,0.009804331851855285,0.005650363321707106,0.015168104501012072
mortality_rate,county,15,female,65-74,0.0349177948802206,0.020672325037114768,0.05311251608298693
mortality_rate,county,15,female,75-84,0.08393284772872152,0.045411542375285094,0.13689496237404972
mortality_rate,county,15,female,85+,0.11356442007561636,0.03133022386344637,0.24636364239154615
qualifying_event_rate,county,15,female,0-17,0.006514835116099835,0.003427556235718177,0.010073719948965233
qualifying_event_rate,county,15,female,18-44,0.012289437303678362,0.008164455828979452,0.016955090176837773
qualifying_event_rate,county,15,female,45-64,0.021040501152299076,0.014976649363549248,0.02832562963859792
qualifying_event_rate,county,15,female,65-74,0.029908125393174737,0.01765713621553007,0.0439015522592522
qualifying_event_rate,county,15,female,75-84,0.030479805695191427,0.011968952200473266,0.05562893097632297
qualifying_event_rate,county,15,female,85+,0.02236514205039747,0.0,0.0724810832097325
person_years_exposure,county,16,male,0-17,4426.007819366344,4335.031011598255,4502.190164453372
person_years_exposure,county,16,male,18-44,5740.078652802011,5698.525455801835,5787.4554081751485
person_years_exposure,county,16,male,45-64,4593.386491082238,4528.0082715464005,4660.717670994745
person_years_exposure,county,16,male,65-74,1641.8330645495582,1597.3097348526896,1680.3662263073375
person_years_exposure,county,16,male,75-84,631.0549993113635,584.5937627735723,667.9539815537659
person_years_exposure,county,16,male,85+,162.04106227634404,132.07214239601402,187.97125945659735
person_years_exposure,county,16,male,18-64,10333.465143884248,10230.185590315168,10441.475127401742
person_years_exposure,county,16,male,65+,2434.9291261372655,2330.692418075395,2514.1500250687136
mortality_rate,county,16,male,0-17,0.0002920194725130513,0.0,0.0007012788660118598
mortality_rate,county,16,male,18-44,0.0006174886805810214,0.0001732403481865949,0.0012233731929351566
mortality_rate,county,16,male,45-64,0.005411673980517429,0.0034589487378105257,0.007889075687668497
mortality_rate,county,16,male,65-74,0.02180715671439036,0.014697071987053046,0.03103358386978611
mortality_rate,county,16,male,75-84,0.07170499480519268,0.04954002944890007,0.10191939869757971
mortality_rate,county,16,male,85+,0.16231597491766378,0.105162830310142,0.24407594186366993
qualifying_event_rate,county,16,male,0-17,0.00829238219528372,0.0058055272210465496,0.011321626427601709
qualifying_event_rate,county,16,male,18-44,0.012978065579490853,0.0101232702747594,0.016780343442750076
qualifying_event_rate,county,16,male,45-64,0.019933018650076132,0.01588533410062613,0.025387115355162495
qualifying_event_rate,county,16,male,65-74,0.03255727664122488,0.024655000210094754,0.042703250590666104
qualifying_event_rate,county,16,male,75-84,0.03861003107953202,0.02538287134965956,0.05371469059884265
qualifying_event_rate,county,16,male,85+,0.02874219755355327,0.009968262108385988,0.05140736634187113
person_years_exposure,county,16,female,0-17,4425.814409719813,4334.982134933166,4495.655939266153
person_years_exposure,county,16,female,18-44,5725.543622252293,5674.45929371618,5771.384385584921
person_years_exposure,county,16,female,45-64,4571.015163927355,4528.704636108286,4611.9528001343515
person_years_exposure,county,16,female,65-74,1526.9514829691577,1482.6110089907,1567.0292755491303
person_years_exposure,county,16,female,75-84,640.5158164163308,595.5464348247561,674.6971414824702
person_years_exposure,county,16,female,85+,162.6980932718557,133.60607187337627,186.76666034032158
person_years_exposure,county,16,female,18-64,10296.558786179648,10212.189034218434,10378.016787707036
person_years_exposure,county,16,female,65+,2330.165392657344,2222.679240894136,2406.586735656083
mortality_rate,county,16,female,0-17,0.0001772934642326485,0.0,0.00046345724543477967
mortality_rate,county,16,female,18-44,0.000677985566717764,0.00017413921290759183,0.001390341807013064
mortality_rate,county,16,female,45-64,0.004880553056858016,0.0030304221650174156,0.0071402632107187124
mortality_rate,county,16,female,65-74,0.025467218484004357,0.017527711675851577,0.03616655943178263
mortality_rate,county,16,female,75-84,0.07106662320348765,0.049497708189855154,0.10098633320317402
mortality_rate,county,16,female,85+,0.12588528577304375,0.07737692528399674,0.19637773071615425
qualifying_event_rate,county,16,female,0-17,0.0074311005456467166,0.0051638331035339475,0.010099475016085269
qualifying_event_rate,county,16,female,18-44,0.012633301622247723,0.009752223726452696,0.016340205407605838
qualifying_event_rate,county,16,female,45-64,0.0198638263725399,0.015792525926795076,0.025317604439157627
qualifying_event_rate,county,16,female,65-74,0.030213322334277367,0.022086093541984278,0.039850682130562226
qualifying_event_rate,county,16,female,75-84,0.03133613339136313,0.019650584617880277,0.04482562596641556
qualifying_event_rate,county,16,female,85+,0.026396194023669828,0.008100623081113702,0.04904453836877971
person_years_exposure,county,17,male,0-17,662.7563664344079,641.4081542536227,684.0695265551266
person_years_exposure,county,17,male,18-44,839.006319271842,828.4172524797216,852.7512540493606
person_years_exposure,county,17,male,45-64,658.5204061611478,644.8772067522261,672.0410433870921
person_years_exposure,county,17,male,65-74,214.25847548749587,201.19246887882082,226.36417431867451
person_years_exposure,county,17,male,75-84,84.57829761698054,71.37106943028496,96.29001205873554
person_years_exposure,county,17,male,85+,19.849851986673677,12.899671345887574,26.527900267276717
person_years_exposure,county,17,male,18-64,1497.5267254329897,1478.9020137824216,1518.7870467112919
person_years_exposure,county,17,male,65+,318.68662509115006,296.73482774269604,339.71178603393327
mortality_rate,county,17,male,0-17,0.00029248705265992315,0.0,0.0015404897441125749
mortality_rate,county,17,male,18-44,0.0006500668036962479,0.0,0.0024052465623253107
mortality_rate,county,17,male,45-64,0.006871316820883304,0.0015066312325636155,0.012456115227252231
mortality_rate,county,17,male,65-74,0.02978950717334781,0.013103295434719529,0.053233052219113536
mortality_rate,county,17,male,75-84,0.08218950532168331,0.03321417085581007,0.14654456096193885
mortality_rate,county,17,male,85+,0.10375887063413393,0.004406988323161931,0.251672100080182
qualifying_event_rate,county,17,male,0-17,0.005430534169159429,0.0014920372212774338,0.010596119999501037
qualifying_event_rate,county,17,male,18-44,0.013019377319148399,0.007033629767344682,0.020137962574780635
qualifying_event_rate,county,17,male,45-64,0.019959963041044314,0.010765862922947258,0.030277059598707277
qualifying_event_rate,county,17,male,65-74,0.03400969286113802,0.014218447491433377,0.054616365729427345
qualifying_event_rate,county,17,male,75-84,0.031223300066619983,0.0,0.06373799761194597
qualifying_event_rate,county,17,male,85+,0.013048626182265936,0.0,0.06398532500264235
person_years_exposure,county,17,female,0-17,636.1020449428045,614.5425162542776,657.5503525477639
person_years_exposure,county,17,female,18-44,841.5924052783234,828.8133223259849,857.6103283390358
person_years_exposure,county,17,female,45-64,663.1456346899105,649.9605927485245,675.2911261897137
person_years_exposure,county,17,female,65-74,235.7507887831602,221.33837087236157,248.3632806484136
person_years_exposure,county,17,female,75-84,91.26968825236962,79.16186913756995,101.71749775441326
person_years_exposure,county,17,female,85+,20.51119629999327,14.553234643132283,25.791655928110565
person_years_exposure,county,17,female,18-64,1504.7380399682338,1484.5901389106443,1527.5464080809854
person_years_exposure,county,17,female,65+,347.5316733355231,325.1900249642593,366.7962119868875
mortality_rate,county,17,female,0-17,0.00017885421396535468,0.0,0.0015837317493231306
mortality_rate,county,17,female,18-44,0.0006596729934443712,0.0,0.0023934207513333634
mortality_rate,county,17,female,45-64,0.007246770258462378,0.00150843926644443,0.013779761967277421
mortality_rate,county,17,female,65-74,0.02760980004668724,0.011785786151980573,0.05023093202446014
mortality_rate,county,17,female,75-84,0.07005707989887029,0.029902914985905266,0.1277633521196941
mortality_rate,county,17,female,85+,0.08253563703679347,0.0,0.20447323630172343
qualifying_event_rate,county,17,female,0-17,0.005806237229330226,0.0015537758154023041,0.011150602295312706
qualifying_event_rate,county,17,female,18-44,0.0126939185783372,0.007028197606125998,0.020097680697682717
qualifying_event_rate,county,17,female,45-64,0.020748500214713608,0.011978039598357674,0.030532178158861414
qualifying_event_rate,county,17,female,65-74,0.03028172606514226,0.012674455221486355,0.049967217783942815
qualifying_event_rate,county,17,female,75-84,0.03072647126401267,0.0,0.062353312770754794
qualifying_event_rate,county,17,female,85+,0.02192518207090497,0.0,0.087141375099443
person_years_exposure,state,0,male,0-17,8547.411195372597,8387.12709972221,8668.713077572385
person_years_exposure,state,0,male,18-44,10538.1121588146,10359.071799446878,10669.307585497403
person_years_exposure,state,0,male,45-64,7890.123300055143,7747.719453448609,7994.404873474069
person_years_exposure,state,0,male,65-74,2526.522235429044,2445.8733626993926,2592.609911082101
person_years_exposure,state,0,male,75-84,914.5898164614819,838.891586188377,969.5917322361113
person_years_exposure,state,0,male,85+,241.15082205438827,203.00288783662668,274.6574259402535
person_years_exposure,state,0,male,18-64,18428.23545886974,18121.394583674362,18642.763637328026
person_years_exposure,state,0,male,65+,3682.262873944914,3508.3299644196254,3807.215494005772
mortality_rate,state,0,male,0-17,0.0003250481635894771,0.0,0.000701637539776539
mortality_rate,state,0,male,18-44,0.0006435902807152237,0.00028203947273626874,0.0011349369078876611
mortality_rate,state,0,male,45-64,0.006431968361907008,0.004589654541052932,0.008972787652006467
mortality_rate,state,0,male,65-74,0.027687322809914205,0.020326541214178245,0.037865630964990536
mortality_rate,state,0,male,75-84,0.07808652425061094,0.05691860342424819,0.11005957734271268
mortality_rate,state,0,male,85+,0.1375670365115985,0.0939611877664581,0.2011000238251382
qualifying_event_rate,state,0,male,0-17,0.004573581902484557,0.003238309422906072,0.006239541513742117
qualifying_event_rate,state,0,male,18-44,0.009517907926810539,0.007516999839011477,0.012102165564357809
qualifying_event_rate,state,0,male,45-64,0.015063705301876505,0.012124778059664085,0.01929158511899016
qualifying_event_rate,state,0,male,65-74,0.031070570913823505,0.02425831200431805,0.040183587390606346
qualifying_event_rate,state,0,male,75-84,0.02325120403987061,0.014864977576117603,0.033269472332126106
qualifying_event_rate,state,0,male,85+,0.02372259241666987,0.009507922965856392,0.04207261227747057
person_years_exposure,state,0,female,0-17,8641.72098623496,8483.573087351075,8759.470645663021
person_years_exposure,state,0,female,18-44,10522.567620562833,10292.935292688428,10705.814887533612
person_years_exposure,state,0,female,45-64,8209.251809383575,8082.684824370582,8310.254281605125
person_years_exposure,state,0,female,65-74,2479.4801335294032,2395.2543262259337,2547.830719533202
person_years_exposure,state,0,female,75-84,931.4589462631639,860.648641349082,984.4227551737396
person_years_exposure,state,0,female,85+,273.38210222245283,234.41300629003536,305.6791616250814
person_years_exposure,state,0,female,18-64,18731.81942994641,18388.932514836742,18997.34969130637
person_years_exposure,state,0,female,65+,3684.32118201502,3512.866695310936,3806.0807122313167
mortality_rate,state,0,female,0-17,0.0002109248735469925,0.0,0.0004670804159679699
mortality_rate,state,0,female,18-44,0.0006199009076456853,0.00019396754594484906,0.0010545375628023775
mortality_rate,state,0,female,45-64,0.006366435466781525,0.004544848234636749,0.008779233209779353
mortality_rate,state,0,female,65-74,0.02726893918383888,0.019760663904696267,0.03737288890531814
mortality_rate,state,0,female,75-84,0.07673787288783948,0.05606138913533693,0.10651192921272522
mortality_rate,state,0,female,85+,0.11378391731570392,0.07672144981926385,0.16775930097017624
qualifying_event_rate,state,0,female,0-17,0.005156104583621016,0.0036878855244724764,0.006809344196436399
qualifying_event_rate,state,0,female,18-44,0.010738220595792776,0.008599225305569924,0.013747234758403285
qualifying_event_rate,state,0,female,45-64,0.01464792869659572,0.011777765227938383,0.01862400024868185
qualifying_event_rate,state,0,female,65-74,0.029151973151065717,0.022252803976429182,0.038031833155093786
qualifying_event_rate,state,0,female,75-84,0.031630408122859256,0.022291045650014326,0.043401124804565164
qualifying_event_rate,state,0,female,85+,0.024999797486203172,0.01051108759744321,0.041896471326329
person_years_exposure,state,1,male,0-17,3237.8786801571205,3169.3978615235733,3302.640463609536
person_years_exposure,state,1,male,18-44,3841.0437339820355,3769.2478704475725,3906.14998055265
person_years_exposure,state,1,male,45-64,3011.877187365319,2954.401913743891,3071.4236638449797
person_years_exposure,state,1,male,65-74,1023.5398506718324,985.3267896129328,1054.0229079996095
person_years_exposure,state,1,male,75-84,343.03117096864815,303.18842599227014,380.3114013474187
person_years_exposure,state,1,male,85+,41.62399307038284,28.986297025731943,52.77130234172253
person_years_exposure,state,1,male,18-64,6852.920921347355,6730.73866204228,6973.33050542093
person_years_exposure,state,1,male,65+,1408.1950147108632,1333.968513518952,1472.0748021251673
mortality_rate,state,1,male,0-17,0.00026375413985818606,0.0,0.000648222277905661
mortality_rate,state,1,male,18-44,0.00056493027033317,0.0,0.0013069774917445804
mortality_rate,state,1,male,45-64,0.008229787548768835,0.004952444564252756,0.012164573939116213
mortality_rate,state,1,male,65-74,0.02850669112282075,0.01830577668950778,0.04162890653235969
mortality_rate,state,1,male,75-84,0.0801285869053989,0.05096866186193181,0.11931144806366054
mortality_rate,state,1,male,85+,0.1257308419090971,0.04594038389899022,0.2537471425468404
qualifying_event_rate,state,1,male,0-17,0.006516039239069389,0.0040732912087021395,0.00928550400230828
qualifying_event_rate,state,1,male,18-44,0.010576679437891557,0.007584471442474823,0.01423979418780783
qualifying_event_rate,state,1,male,45-64,0.01886314515108047,0.01397474018467268,0.024510442003066985
qualifying_event_rate,state,1,male,65-74,0.03313075158626378,0.02347411942146381,0.0449952990791656
qualifying_event_rate,state,1,male,75-84,0.03888262324921498,0.021774889648346053,0.057795272227428515
qualifying_event_rate,state,1,male,85+,0.017405451363553582,0.0,0.05796032180035663
person_years_exposure,state,1,female,0-17,3053.2273104075407,2975.0511841210314,3130.817787884588
person_years_exposure,state,1,female,18-44,3716.4633436748004,3627.0097239666493,3794.0444978373484
person_years_exposure,state,1,female,45-64,3015.9867565877194,2968.490055467311,3056.405234867798
person_years_exposure,state,1,female,65-74,1011.2414559074116,969.9791519231054,1048.0404296014722
person_years_exposure,state,1,female,75-84,384.6729575358882,348.58971657071396,415.1411882888472
person_years_exposure,state,1,female,85+,84.73156638347848,68.45583539492458,98.71449164445208
person_years_exposure,state,1,female,18-64,6732.45010026252,6608.032368809376,6842.427488925062
person_years_exposure,state,1,female,65+,1480.6459798267783,1402.3162804350811,1546.4288934101166
mortality_rate,state,1,female,0-17,0.0001837515190361355,0.0,0.000661137959888678
mortality_rate,state,1,female,18-44,0.0007750301368240912,0.0,0.001622542179682941
mortality_rate,state,1,female,45-64,0.00861198503467121,0.00543538406116495,0.012500844067795358
mortality_rate,state,1,female,65-74,0.029684370860087076,0.01925315644851481,0.043738007931300386
mortality_rate,state,1,female,75-84,0.07596419332142351,0.04805146701333153,0.11297405817633005
mortality_rate,state,1,female,85+,0.09892178235149983,0.04743269329697125,0.17041470569925035
qualifying_event_rate,state,1,female,0-17,0.006809201198886491,0.004258428308827089,0.0097263025368924
qualifying_event_rate,state,1,female,18-44,0.012707524981143062,0.00924995859655049,0.016838121747760282
qualifying_event_rate,state,1,female,45-64,0.018999339996217716,0.014304927563683935,0.02491773934901116
qualifying_event_rate,state,1,female,65-74,0.030470938846994082,0.020967966852828,0.04184368022031816
qualifying_event_rate,state,1,female,75-84,0.03148361884626084,0.016757888568144214,0.04760064434810052
qualifying_event_rate,state,1,female,85+,0.02419358478400305,0.0,0.05493392539594457
person_years_exposure,state,2,male,0-17,4095.0406736012615,3986.7016906329804,4204.924264020323
person_years_exposure,state,2,male,18-44,5404.059224380553,5320.547233628314,5515.554486982667
person_years_exposure,state,2,male,45-64,3883.4865663923506,3824.1313191105605,3937.7601544913014
person_years_exposure,state,2,male,65-74,1283.4175657619505,1221.4678394164,1341.0133611314998
person_years_exposure,state,2,male,75-84,435.29874649944253,391.6380292985218,474.1498007333056
person_years_exposure,state,2,male,85+,69.23031549497722,50.14171002832408,93.28304226245558
person_years_exposure,state,2,male,18-64,9287.545790772903,9160.177923000456,9432.071774865053
person_years_exposure,state,2,male,65+,1787.9466277563704,1674.3813528775936,1889.037314774469
mortality_rate,state,2,male,0-17,0.0002877194026045771,0.0,0.0007418977809831912
mortality_rate,state,2,male,18-44,0.0007151561323225508,0.0001840722341386277,0.0014707898418043807
mortality_rate,state,2,male,45-64,0.010263057340642616,0.006947454274577777,0.014481909706951691
mortality_rate,state,2,male,65-74,0.036697913158733886,0.025255988532438094,0.051797078780114574
mortality_rate,state,2,male,75-84,0.07538106750978127,0.049693562301039586,0.11159404951868249
mortality_rate,state,2,male,85+,0.11040925360336552,0.05291095181636801,0.19619929394156752
qualifying_event_rate,state,2,male,0-17,0.007808606812170968,0.005425117338651122,0.01050953027780905
qualifying_event_rate,state,2,male,18-44,0.012327340063318076,0.009399218205956341,0.016057046765667455
qualifying_event_rate,state,2,male,45-64,0.018467115992015105,0.014286934250375765,0.024031045613132133
qualifying_event_rate,state,2,male,65-74,0.03320441790525298,0.02407422040313736,0.04470084595238456
qualifying_event_rate,state,2,male,75-84,0.032467898381803785,0.018464202334297648,0.048799536421610855
qualifying_event_rate,state,2,male,85+,0.021893903308413416,0.0,0.05288790310360774
person_years_exposure,state,2,female,0-17,4169.8699789415205,4061.191127773064,4275.982397568539
person_years_exposure,state,2,female,18-44,5539.230154914588,5429.080935818499,5668.518260370932
person_years_exposure,state,2,female,45-64,4175.584497612886,4090.1031371707118,4267.158363782964
person_years_exposure,state,2,female,65-74,1354.9906632260952,1291.737882422633,1413.6186400317004
person_years_exposure,state,2,female,75-84,360.19073674881963,318.98888198500094,400.0466843137525
person_years_exposure,state,2,female,85+,69.6790555968592,48.900031049527726,94.80647117953764
person_years_exposure,state,2,female,18-64,9714.814652527473,9528.702710513135,9924.649911876082
person_years_exposure,state,2,female,65+,1784.8604555717739,1671.8134655555466,1891.7549321208455
mortality_rate,state,2,female,0-17,0.00021592774584030437,0.0,0.0007188425084657446
mortality_rate,state,2,female,18-44,0.0008031315443361637,0.00018150765890519125,0.0014784033938836005
mortality_rate,state,2,female,45-64,0.009751394915077803,0.006702281056699312,0.013897465804946033
mortality_rate,state,2,female,65-74,0.034822322626046134,0.024030045906977913,0.04901168286437177
mortality_rate,state,2,female,75-84,0.08255258830126451,0.05407621639226918,0.12044882164319953
mortality_rate,state,2,female,85+,0.1100043551598736,0.052542891488369575,0.19027482198092663
qualifying_event_rate,state,2,female,0-17,0.00656928550400592,0.004439319877826371,0.009227867588630461
qualifying_event_rate,state,2,female,18-44,0.012334341053807233,0.00937395445702311,0.016155003309573528
qualifying_event_rate,state,2,female,45-64,0.021059224250585942,0.016516930082742635,0.027211110816382902
qualifying_event_rate,state,2,female,65-74,0.029860210200094373,0.02154779717419308,0.04031842805015776
qualifying_event_rate,state,2,female,75-84,0.030187044871328797,0.016509444298876845,0.047095611048361755
qualifying_event_rate,state,2,female,85+,0.021482307131928873,0.0,0.052300639138440075
person_years_exposure,state,3,male,0-17,3042.212275106589,2965.0450557144845,3119.420345418516
person_years_exposure,state,3,male,18-44,3882.506837809771,3828.709797019921,3937.3760000318734
person_years_exposure,state,3,male,45-64,3341.3684785308114,3274.7183456510147,3419.877637052079
person_years_exposure,state,3,male,65-74,1300.3083672533908,1253.5216210341077,1346.548482183546
person_years_exposure,state,3,male,75-84,589.9818366872263,538.3887112155174,634.2854759009888
person_years_exposure,state,3,male,85+,140.17354140581187,114.29423870700657,162.02281144004309
person_years_exposure,state,3,male,18-64,7223.875316340582,7110.667642246271,7348.905837534233
person_years_exposure,state,3,male,65+,2030.463745346429,1920.9518093676097,2121.042646071209
mortality_rate,state,3,male,0-17,0.00027622399598021397,0.0,0.0009749731566990543
mortality_rate,state,3,male,18-44,0.0005627958133829461,0.0,0.001289521949848127
mortality_rate,state,3,male,45-64,0.00480993863652437,0.0026782448645124193,0.007359547133175813
mortality_rate,state,3,male,65-74,0.023879551983186725,0.015685160600872543,0.03392042309973382
mortality_rate,state,3,male,75-84,0.07169774942031669,0.04899537392551177,0.10301840559315448
mortality_rate,state,3,male,85+,0.13908615826379292,0.08458315223104551,0.21864461973357785
qualifying_event_rate,state,3,male,0-17,0.005426734182502623,0.0032280060149303784,0.00799975649851796
qualifying_event_rate,state,3,male,18-44,0.015481097976354666,0.011611658011212585,0.020164205899347466
qualifying_event_rate,state,3,male,45-64,0.019226602655552524,0.014568506775929366,0.025220120844189925
qualifying_event_rate,state,3,male,65-74,0.032265858978414254,0.02324068135494185,0.04275672933913889
qualifying_event_rate,state,3,male,75-84,0.04355434041029371,0.029591217825433124,0.05983303056758583
qualifying_event_rate,state,3,male,85+,0.023424048127991395,0.00628925954281295,0.046355838042945845
person_years_exposure,state,3,female,0-17,2780.6730594907244,2697.4892042277274,2863.4151853617072
person_years_exposure,state,3,female,18-44,3785.538739902177,3676.270669457107,3902.2968562125834
person_years_exposure,state,3,female,45-64,3381.1108246100366,3318.4216677418067,3449.291252757088
person_years_exposure,state,3,female,65-74,1184.135555794254,1136.6775562441842,1232.3582583608713
person_years_exposure,state,3,female,75-84,473.14026147897226,428.9777613423233,514.6136809562931
person_years_exposure,state,3,female,85+,100.08654897728334,82.11311500644793,115.59311720020435
person_years_exposure,state,3,female,18-64,7166.649564512214,6998.827999051012,7341.2440137147105
person_years_exposure,state,3,female,65+,1757.3623662505097,1662.4030433794169,1840.0776757793928
mortality_rate,state,3,female,0-17,0.00020422073418944285,0.0,0.000723642928890176
mortality_rate,state,3,female,18-44,0.0006121672426894471,0.0,0.0013368225226774468
mortality_rate,state,3,female,45-64,0.006032769109203204,0.003561742698297534,0.008957593551204414
mortality_rate,state,3,female,65-74,0.028147181259702978,0.018251026226267102,0.04074103567848139
mortality_rate,state,3,female,75-84,0.07584183605807569,0.04928872895418522,0.11031150392412069
mortality_rate,state,3,female,85+,0.0990029691693689,0.04888681787852433,0.1686458170992555
qualifying_event_rate,state,3,female,0-17,0.005339766385182087,0.003177006678328224,0.008020420959932656
qualifying_event_rate,state,3,female,18-44,0.012554974870294992,0.009034357478815383,0.016849787016408862
qualifying_event_rate,state,3,female,45-64,0.020235352314395386,0.015461492720110073,0.026416730569129864
qualifying_event_rate,state,3,female,65-74,0.030671190877204327,0.021716285157241295,0.04169821195017214
qualifying_event_rate,state,3,female,75-84,0.030952500420359623,0.018061585396289832,0.04621107297398678
qualifying_event_rate,state,3,female,85+,0.024996323502285624,0.0,0.05290204231386205
person_years_exposure,state,4,male,0-17,15202.494954642445,14928.332831344185,15387.904142900908
person_years_exposure,state,4,male,18-44,19249.078147144257,19039.60159455853,19465.470723305447
person_years_exposure,state,4,male,45-64,15108.085937871712,14985.92092407217,15238.764681925602
person_years_exposure,state,4,male,65-74,4921.074557047292,4768.01286662853,5029.27862499404
person_years_exposure,state,4,male,75-84,1926.3786489215918,1762.5634147015564,2034.255998027549
person_years_exposure,state,4,male,85+,429.95513714413363,360.93726015580023,480.6632181743008
person_years_exposure,state,4,male,18-64,34357.16408501597,34058.836992809076,34667.88186312873
person_years_exposure,state,4,male,65+,7277.4083431130175,6905.124750626595,7509.393923437873
mortality_rate,state,4,male,0-17,0.0002673543478966143,6.568305124651448e-05,0.0005242320403119892
mortality_rate,state,4,male,18-44,0.0006742916252031324,0.0003628705323838939,0.0010429972815436555
mortality_rate,state,4,male,45-64,0.006878559959703244,0.0052384841859070665,0.009279396620999546
mortality_rate,state,4,male,65-74,0.029776760954214568,0.023236289271147285,0.040007468964042524
mortality_rate,state,4,male,75-84,0.08610261038333877,0.06783546068201951,0.11744516791668955
mortality_rate,state,4,male,85+,0.12580023004091223,0.09027211449456403,0.1804957050182971
qualifying_event_rate,state,4,male,0-17,0.005398733497026202,0.004195328086134202,0.006968500404711055
qualifying_event_rate,state,4,male,18-44,0.013025735389551533,0.011011987683686338,0.016209152100419965
qualifying_event_rate,state,4,male,45-64,0.020028434431607175,0.01708099570589274,0.024847337630838948
qualifying_event_rate,state,4,male,65-74,0.03379260279633321,0.028034065254089684,0.04264261957677072
qualifying_event_rate,state,4,male,75-84,0.03156640509252622,0.02400496240253035,0.04118394272893378
qualifying_event_rate,state,4,male,85+,0.013547027715172376,0.00498605262212804,0.023920652809114894
person_years_exposure,state,4,female,0-17,14590.014304719289,14311.537747266633,14789.557113525898
person_years_exposure,state,4,female,18-44,19307.69428663986,19072.795005623444,19553.882076191505
person_years_exposure,state,4,female,45-64,15207.652277388735,15065.123395404704,15340.921853444133
person_years_exposure,state,4,female,65-74,5409.72635186247,5258.48597896891,5520.952944809817
person_years_exposure,state,4,female,75-84,2090.114279977476,1948.3799226126125,2174.5940760688904
person_years_exposure,state,4,female,85+,451.15029987023735,395.2313925707421,489.7868914799987
person_years_exposure,state,4,female,18-64,34515.346564028594,34180.66591855118,34878.01109251628
person_years_exposure,state,4,female,65+,7950.990931710184,7614.43486696804,8147.762101896476
mortality_rate,state,4,female,0-17,0.00017821076812851185,0.0,0.0004094605052726823
mortality_rate,state,4,female,18-44,0.0006668073115109679,0.00036078490516825335,0.0010425992518429822
mortality_rate,state,4,female,45-64,0.0074745534736653015,0.0057653960378550905,0.01012924537311806
mortality_rate,state,4,female,65-74,0.027382389124901315,0.02138715796737931,0.036763595662089865
mortality_rate,state,4,female,75-84,0.07139299517598356,0.055043022945643644,0.09692280587441582
mortality_rate,state,4,female,85+,0.09961471751427724,0.07082357011171547,0.14013949467496756
qualifying_event_rate,state,4,female,0-17,0.005835038883663929,0.004578283145010389,0.007512976447439095
qualifying_event_rate,state,4,female,18-44,0.012799706108409116,0.010800707615614418,0.015985916503924946
qualifying_event_rate,state,4,female,45-64,0.020789351360470908,0.017714096515160302,0.025771942919548013
qualifying_event_rate,state,4,female,65-74,0.03067101310376164,0.025519973710548826,0.03847679523786253
qualifying_event_rate,state,4,female,75-84,0.031026488822361475,0.023917989136576123,0.04074144191317173
qualifying_event_rate,state,4,female,85+,0.02456059480213256,0.01353880514720895,0.037604476653265884
person_years_exposure,state,5,male,0-17,7987.994996760677,7834.975395992083,8110.3731051616605
person_years_exposure,state,5,male,18-44,10358.696468806396,10286.352628747256,10440.777868588833
person_years_exposure,state,5,male,45-64,8289.918285204305,8175.390344306996,8405.600371199163
person_years_exposure,state,5,male,65-74,2962.255554941891,2889.8275726187117,3021.9884348527667
person_years_exposure,state,5,male,75-84,1138.6471056934763,1059.1604861823107,1197.0052599053438
person_years_exposure,state,5,male,85+,299.9983118321824,253.9716343400855,337.1234598050072
person_years_exposure,state,5,male,18-64,18648.6147540107,18464.470859638823,18839.866487606934
person_years_exposure,state,5,male,65+,4400.90097246755,4216.755780428489,4530.99479262415
mortality_rate,state,5,male,0-17,0.0002886411500551768,0.0,0.0006282710196314629
mortality_rate,state,5,male,18-44,0.0006168861823486095,0.00019446269219310224,0.0010656738049894402
mortality_rate,state,5,male,45-64,0.0053906427957207135,0.0037277170828095307,0.007525138448983593
mortality_rate,state,5,male,65-74,0.02193927731364314,0.015947914046133438,0.030932002801189566
mortality_rate,state,5,male,75-84,0.07159460350106579,0.05277327138573962,0.09978779397907125
mortality_rate,state,5,male,85+,0.15157722569299087,0.10873852350812445,0.21642137169912215
qualifying_event_rate,state,5,male,0-17,0.008254452270468227,0.006185973842407148,0.010844472242577025
qualifying_event_rate,state,5,male,18-44,0.012972710562416381,0.01066466696625966,0.01648651584201106
qualifying_event_rate,state,5,male,45-64,0.019897922122091793,0.01633660910322565,0.025068344069375106
qualifying_event_rate,state,5,male,65-74,0.03249229733764077,0.0260255152683816,0.04147902361851897
qualifying_event_rate,state,5,male,75-84,0.038459362110053484,0.02818599035790226,0.051605120447175315
qualifying_event_rate,state,5,male,85+,0.027398482936669948,0.012753636140426785,0.0437871973536802
person_years_exposure,state,5,female,0-17,7986.807479346638,7836.829375532009,8097.641884174701
person_years_exposure,state,5,female,18-44,10331.688711391138,10243.377252880065,10415.708880999087
person_years_exposure,state,5,female,45-64,8249.016940908255,8177.740045734958,8319.638418327817
person_years_exposure,state,5,female,65-74,2755.0055419397604,2677.398184638685,2817.131803674735
person_years_exposure,state,5,female,75-84,1155.1834436631518,1073.1542156719945,1208.350710745278
person_years_exposure,state,5,female,85+,297.390585626246,250.2837634720036,333.81660042528756
person_years_exposure,state,5,female,18-64,18580.705652299395,18431.658204973337,18726.72291480105
person_years_exposure,state,5,female,65+,4207.579571229158,4013.5137114315476,4333.836634587741
mortality_rate,state,5,female,0-17,0.0001791895381791619,0.0,0.0004971276194258384
mortality_rate,state,5,female,18-44,0.0006899567116158472,0.0002900962108827068,0.0011654815363633254
mortality_rate,state,5,female,45-64,0.004883394398819677,0.0033878797745077885,0.006816300444667459
mortality_rate,state,5,female,65-74,0.025556571770923447,0.018917070331459673,0.035521888679136415
mortality_rate,state,5,female,75-84,0.07100618747360937,0.05307176079849448,0.09845659452390383
mortality_rate,state,5,female,85+,0.12079846466813927,0.0817989319472409,0.1790279439586942
qualifying_event_rate,state,5,female,0-17,0.007429732581315997,0.005584047084004233,0.00975263818428025
qualifying_event_rate,state,5,female,18-44,0.012604718452286305,0.010229299697726573,0.01599712033818288
qualifying_event_rate,state,5,female,45-64,0.019800714067058987,0.016399724849430263,0.024908534554555946
qualifying_event_rate,state,5,female,65-74,0.03010987235558351,0.02370079778501792,0.03894648484669204
qualifying_event_rate,state,5,female,75-84,0.031390164877146194,0.022540443382243636,0.04216943093682578
qualifying_event_rate,state,5,female,85+,0.025383995451539666,0.01186516744337158,0.04265693727732698
