estimand,level,unit,sex,age_band,estimate,lower,upper
children_under_16,county,0,,,2652.0203329520546,1948.5135188272764,3355.527147076833
children_under_16,county,1,,,1574.9236318795004,1165.7848694384247,1984.062394320576
children_under_16,county,2,,,372.6306726550263,262.43247318652044,482.8288721235321
children_under_16,county,3,,,416.9041868643035,307.26700004726433,526.5413736813426
children_under_16,county,4,,,773.9209167085078,564.9330221525042,982.9088112645113
children_under_16,county,5,,,2022.3479613618908,1501.1689270252182,2543.5269956985635
children_under_16,county,6,,,545.5387086070397,404.94799782073994,686.1294193933394
children_under_16,county,7,,,511.5453555647351,378.65444614427815,644.436264985192
children_under_16,county,8,,,1022.3112228761428,753.464494876961,1291.1579508753246
children_under_16,county,9,,,147.93602109180523,104.186849707988,191.68519247562244
children_under_16,county,10,,,1188.7367077626784,882.3875229195845,1495.0858926057722
children_under_16,county,11,,,423.86682649126976,298.51654128538695,549.2171116971525
children_under_16,county,12,,,686.1993874986331,509.3590311545564,863.0397438427098
children_under_16,county,13,,,906.3808645740174,665.9433737685287,1146.818355379506
children_under_16,county,14,,,421.20311095684445,311.7816024691239,530.624619444565
children_under_16,county,15,,,890.8073971012803,661.2375367847792,1120.3772574177815
children_under_16,county,16,,,435.55031004081457,323.3046953745611,547.795924707068
children_under_16,nation,0,,,14992.823614986546,14177.833508624144,15807.813721348948
children_under_16,state,0,,,3558.401197526072,3182.2367450039937,3934.56565004815
children_under_16,state,1,,,2507.6720984010803,2279.3081819944355,2736.036014807725
children_under_16,state,2,,,944.4335202381012,785.6615110583707,1103.2055294178317
children_under_16,state,3,,,1439.2154097404464,1295.5543504735947,1582.876469007298
children_under_16,state,4,,,773.9209167085078,683.2495114738008,864.5923219432148
children_under_16,state,5,,,5769.180472372337,5278.967084401999,6259.393860342675
elders_65_plus,county,0,,,1023.1060784272931,751.7046533315479,1294.5075035230384
elders_65_plus,county,1,,,673.1864521578318,498.30389509107306,848.0690092245906
elders_65_plus,county,2,,,131.53764358215057,92.63797012853118,170.43731703576995
elders_65_plus,county,3,,,215.88585383557933,159.11233504184415,272.6593726293145
elders_65_plus,county,4,,,308.55113895435534,225.23067106058622,391.87160684812443
elders_65_plus,county,5,,,753.4309790325377,559.2643778374209,947.5975802276546
elders_65_plus,county,6,,,220.16338462053682,163.42510694276595,276.9016622983077
elders_65_plus,county,7,,,196.18668737159686,145.22067425587602,247.1527004873177
elders_65_plus,county,8,,,399.6626382826711,294.55962248722153,504.76565407812063
elders_65_plus,county,9,,,43.30370354700743,30.497484114781628,56.10992297923323
elders_65_plus,county,10,,,482.1053642498508,357.86205252071534,606.3486759789863
elders_65_plus,county,11,,,135.80322405715228,95.64208899414905,175.9643591201555
elders_65_plus,county,12,,,278.9653934964796,207.07325763577643,350.8575293571827
elders_65_plus,county,13,,,416.8140492091183,306.2449407456288,527.3831576726078
elders_65_plus,county,14,,,138.1298265467269,102.2460127886689,174.01364030478487
elders_65_plus,county,15,,,341.8062590692853,253.7194117831259,429.89310635544473
elders_65_plus,county,16,,,184.06203452127687,136.62743115794586,231.49663788460788
elders_65_plus,nation,0,,,5942.70071096145,5614.47099028005,6270.93043164285
elders_65_plus,state,0,,,1439.9201276364115,1287.7037988917932,1592.1364563810298
elders_65_plus,state,1,,,1007.5029660761555,915.7536008895501,1099.252331262761
elders_65_plus,state,2,,,310.6445711863103,258.42103014173597,362.86811223088466
elders_65_plus,state,3,,,615.5484921182504,554.1050502197446,676.9919340167561
elders_65_plus,state,4,,,308.55113895435534,272.4017537242131,344.70052418449757
elders_65_plus,state,5,,,2260.5334149899672,2068.453491456788,2452.6133385231465
households,county,0,,,4193.021164471752,3054.046289177059,5331.996039766445
households,county,1,,,2970.5329257703347,2192.475283165449,3748.5905683752203
households,county,2,,,603.9759865932492,431.7126522331855,776.2393209533129
households,county,3,,,1094.6203510383323,808.2832602394993,1380.9574418371653
households,county,4,,,1605.1720070273693,1159.124242536182,2051.2197715185566
households,county,5,,,3565.3414335857287,2614.08009296033,4516.602774211127
households,county,6,,,1170.52544513904,858.2199829776608,1482.8309073004189
households,county,7,,,1055.1881483551872,778.8077062831824,1331.568590427192
households,county,8,,,1948.7148413704176,1438.9587986061674,2458.470884134668
households,county,9,,,242.12177026052777,173.06487993364667,311.1786605874089
households,county,10,,,2425.8377388279478,1778.6050115947642,3073.0704660611314
households,county,11,,,755.5812730023475,540.0777557158859,971.0847902888091
households,county,12,,,1588.2775897505924,1164.5125457974473,2012.0426337037375
households,county,13,,,1797.892990713024,1309.5207968778063,2286.2651845482415
households,county,14,,,1040.6320798421118,768.0642399650285,1313.1999197191951
households,county,15,,,1806.0273262265832,1324.1649274760164,2287.88972497715
households,county,16,,,981.5775985516877,719.6849187846726,1243.4702783187029
households,nation,0,,,28845.040670526236,27130.318069512152,30559.76327154032
households,state,0,,,5990.914155184776,5267.234065913109,6714.594244456443
households,state,1,,,5066.353153967633,4574.876397833074,5557.829910102192
households,state,2,,,1601.6790298561245,1363.283728770194,1840.074330942055
households,state,3,,,3043.33519240875,2750.9086808011475,3335.7617040163527
households,state,4,,,1605.1720070273693,1389.6727398399155,1820.6712742148231
households,state,5,,,11537.58713208158,10274.120162483481,12801.05410167968
low_income_household_share,county,0,,,0.29481470230645307,0.14163103838733182,0.4479983662255743
low_income_household_share,county,1,,,0.36222386741097007,0.17260016567731218,0.551847569144628
low_income_household_share,county,2,,,0.379262248904533,0.0,0.7840559000182715
low_income_household_share,county,3,,,0.3446241026781993,0.13346674148063614,0.5557814638757625
low_income_household_share,county,4,,,0.260749328984688,0.0,0.5569397313915196
low_income_household_share,county,5,,,0.35936907107648364,0.23627256294014207,0.4824655792128252
low_income_household_share,county,6,,,0.37733697927607995,0.25344739036007086,0.5012265681920891
low_income_household_share,county,7,,,0.3835204989102073,0.1918741983582107,0.5751667994622038
low_income_household_share,county,8,,,0.3195875752041047,0.1113500464833061,0.5278251039249033
low_income_household_share,county,9,,,0.41231534106404477,0.0,0.8316154191545283
low_income_household_share,county,10,,,0.37268370822766267,0.24900276419622597,0.49636465225909937
low_income_household_share,county,11,,,0.463787085255517,0.02140194132066442,0.9061722291903695
low_income_household_share,county,12,,,0.36768799125293455,0.24422852224770678,0.49114746025816236
low_income_household_share,county,13,,,0.3067218649737645,0.15236313111087357,0.4610805988366555
low_income_household_share,county,14,,,0.39743997083620697,0.20442660046655248,0.5904533412058615
low_income_household_share,county,15,,,0.3425805987920688,0.22019409659198674,0.4649671009921509
low_income_household_share,county,16,,,0.40764996403747894,0.28234655324470176,0.5329533748302562
low_income_household_share,nation,0,,,0.34490534076929585,0.2528941177120557,0.436916563826536
low_income_household_share,state,0,,,0.29804238171699354,0.17690900917572222,0.41917575425826487
low_income_household_share,state,1,,,0.37259317799149505,0.21311785550408185,0.5320685004789083
low_income_household_share,state,2,,,0.422324101382362,0.013611996526117942,0.8310362062386061
low_income_household_share,state,3,,,0.32773442128031505,0.14923864792387084,0.5062301946367592
low_income_household_share,state,4,,,0.260749328984688,0.0,0.5339230533007189
low_income_household_share,state,5,,,0.3659311680413347,0.2777614132930052,0.4541009227896642
mean_income_adults,county,0,,,45488.72974116608,27265.946717953113,63711.51276437904
mean_income_adults,county,1,,,36840.2889194231,17346.56935179467,56334.008487051535
mean_income_adults,county,2,,,51613.95127264479,2583.9829500492197,100643.91959524035
mean_income_adults,county,3,,,49539.318630567046,23758.779719347276,75319.85754178681
mean_income_adults,county,4,,,46209.64304199364,18676.116605920746,73743.16947806653
mean_income_adults,county,5,,,42222.64515526098,24197.489227203245,60247.801083318715
mean_income_adults,county,6,,,36192.59436832554,19990.243154032716,52394.94558261836
mean_income_adults,county,7,,,40266.059609897384,19441.065941740722,61091.053278054045
mean_income_adults,county,8,,,44983.88114724249,20907.732519687554,69060.02977479744
mean_income_adults,county,9,,,39855.319902422525,0.0,83392.85813604802
mean_income_adults,county,10,,,48076.57894017806,27571.08232597604,68582.07555438008
mean_income_adults,county,11,,,43466.68444429799,0.0,88691.08287853045
mean_income_adults,county,12,,,39771.18863280916,22487.07563500274,57055.30163061558
mean_income_adults,county,13,,,49651.887768093475,30035.77392729673,69268.00160889022
mean_income_adults,county,14,,,51255.42947929178,27434.666499791783,75076.19245879177
mean_income_adults,county,15,,,53609.01046424327,32127.876243979677,75090.14468450687
mean_income_adults,county,16,,,45476.19417429707,26467.533347538767,64484.855001055366
mean_income_adults,nation,0,,,44674.928162644,29247.67246054946,60102.18386473854
mean_income_adults,state,0,,,46617.23867497187,30619.11042846995,62615.36692147379
mean_income_adults,state,1,,,40007.25249901259,21591.108420675853,58423.396577349326
mean_income_adults,state,2,,,46229.14666580256,1097.8132775882914,91360.48005401684
mean_income_adults,state,3,,,46466.21323282603,23854.722367901377,69077.70409775068
mean_income_adults,state,4,,,46209.64304199364,20597.562316190008,71821.72376779726
mean_income_adults,state,5,,,44620.83566719162,28042.823539580997,61198.84779480224
median_household_income,county,0,,,45786.0640466044,26557.415266594853,65014.71282661395
median_household_income,county,1,,,42958.7139515093,15384.637986638765,70532.78991637984
median_household_income,county,2,,,41267.42551811135,0.0,95348.43488176592
median_household_income,county,3,,,52622.75486337936,29767.161465602643,75478.34826115609
median_household_income,county,4,,,37515.88915553292,25625.860012062396,49405.91829900344
median_household_income,county,5,,,43086.75348598443,25347.399334198875,60826.10763776999
median_household_income,county,6,,,38469.62080465295,22137.070585885718,54802.17102342018
median_household_income,county,7,,,38979.465701625166,12815.056172247801,65143.87523100253
median_household_income,county,8,,,55345.75951356307,31692.777689255337,78998.7413378708
median_household_income,county,9,,,33936.60081003243,0.0,81994.25418454324
median_household_income,county,10,,,42489.773659178136,24932.314554870733,60047.23276348554
median_household_income,county,11,,,29695.323611033287,0.0,74268.14090836213
median_household_income,county,12,,,38410.85949551453,22096.213384450217,54725.505606578845
median_household_income,county,13,,,44399.46593036752,25650.355105126775,63148.57675560827
median_household_income,county,14,,,45232.40086293639,16852.86117160641,73611.94055426636
median_household_income,county,15,,,56097.321079732545,34393.74953915682,77800.89262030827
median_household_income,county,16,,,36309.776997781366,20635.314161795603,51984.23983376713
median_household_income,nation,0,,,43526.93731130057,27429.33876822787,59624.53585437327
median_household_income,state,0,,,45650.74513392139,28369.249492112453,62932.24077573032
median_household_income,state,1,,,42591.15259338475,16872.628259433728,68309.67692733578
median_household_income,state,2,,,33907.24652612267,0.0,81376.71815706145
median_household_income,state,3,,,54391.33242250514,33768.447297318184,75014.2175476921
median_household_income,state,4,,,37515.88915553292,27412.69582282642,47619.082488239415
median_household_income,state,5,,,42493.75636557815,26984.208130706123,58003.304600450174
persons,county,0,,,9164.647743031519,6733.523043056414,11595.772443006623
persons,county,1,,,6179.219113033833,4573.961556677388,7784.476669390278
persons,county,2,,,1388.370559161002,977.7872469378949,1798.9538713841089
persons,county,3,,,1829.5840744844706,1348.4412668757213,2310.72688209322
persons,county,4,,,3039.2022782958393,2218.5028094506474,3859.901747141031
persons,county,5,,,8000.368606675817,5938.594636801305,10062.14257655033
persons,county,6,,,2341.6068254301294,1738.151630087783,2945.062020772476
persons,county,7,,,2013.038150240685,1490.0845791184747,2535.991721362895
persons,county,8,,,3793.012881257189,2795.5288670292734,4790.496895485104
persons,county,9,,,496.1024508614262,349.3898991347624,642.81500258809
persons,county,10,,,4995.228367183589,3707.9087038815787,6282.5480304856
persons,county,11,,,1561.662299202655,1099.8313599409826,2023.4932384643275
persons,county,12,,,2926.092816964398,2172.0098115363903,3680.1758223924057
persons,county,13,,,3408.099762386534,2504.026224086362,4312.173300686706
persons,county,14,,,1693.4631564664423,1253.5298123655712,2133.3965005673135
persons,county,15,,,3815.2283465389337,2832.006337560805,4798.450355517062
persons,county,16,,,1821.9105546555556,1352.3862187525822,2291.434890558529
persons,nation,0,,,58466.837985870014,55268.91123205778,61664.76473968225
persons,state,0,,,12572.747505418054,11243.661654906884,13901.833355929224
persons,state,1,,,9885.720419740961,8985.466422022271,10785.97441745965
persons,state,2,,,3446.1353092250833,2866.793497201156,4025.477121249011
persons,state,3,,,5622.59695574166,5061.354886607551,6183.83902487577
persons,state,4,,,3039.2022782958393,2683.1339314967863,3395.2706250948922
persons,state,5,,,23900.435517448426,21869.590144334776,25931.280890562077
tertiary_share_25_plus,county,0,,,0.426375823507014,0.4028986836891171,0.44985296332491087
tertiary_share_25_plus,county,1,,,0.40953391318137033,0.3848022146708504,0.43426561169189026
tertiary_share_25_plus,county,2,,,0.3574717394555703,0.32095530447311016,0.39398817443803047
tertiary_share_25_plus,county,3,,,0.3626007962150864,0.3302891948090218,0.394912397621151
tertiary_share_25_plus,county,4,,,0.3866816439279585,0.35824631400833423,0.4151169738475828
tertiary_share_25_plus,county,5,,,0.39984194219113584,0.37544559872259364,0.424238285659678
tertiary_share_25_plus,county,6,,,0.4002838393368548,0.36780786155092005,0.43275981712278955
tertiary_share_25_plus,county,7,,,0.38848019226497266,0.35635609590106176,0.42060428862888355
tertiary_share_25_plus,county,8,,,0.38807808756834716,0.36058290120710684,0.4155732739295875
tertiary_share_25_plus,county,9,,,0.4058003568207715,0.34794191456633766,0.4636587990752053
tertiary_share_25_plus,county,10,,,0.39945261103418944,0.37268071569564515,0.42622450637273374
tertiary_share_25_plus,county,11,,,0.3675038804071987,0.3326645838851648,0.40234317692923266
tertiary_share_25_plus,county,12,,,0.3551408229225949,0.32555936941307484,0.384722276432115
tertiary_share_25_plus,county,13,,,0.4034358424605159,0.3750043584734538,0.43186732644757797
tertiary_share_25_plus,county,14,,,0.3737762832633842,0.3399496459120762,0.40760292061469217
tertiary_share_25_plus,county,15,,,0.397470548374063,0.3692244474503693,0.42571664929775666
tertiary_share_25_plus,county,16,,,0.4058671027598293,0.3704535127183827,0.44128069280127585
tertiary_share_25_plus,nation,0,,,0.39788086907559744,0.37728070290656995,0.41848103524462493
tertiary_share_25_plus,state,0,,,0.4201574735465117,0.3975659722867107,0.44274897480631265
tertiary_share_25_plus,state,1,,,0.3991213010633556,0.37608127234384375,0.4221613297828674
tertiary_share_25_plus,state,2,,,0.3689752813275172,0.34105551099899906,0.3968950516560354
tertiary_share_25_plus,state,3,,,0.37978781762941316,0.3546961634564038,0.4048794718024225
tertiary_share_25_plus,state,4,,,0.3866816439279585,0.35824631400833423,0.4151169738475828
tertiary_share_25_plus,state,5,,,0.3944119249074691,0.37286640894710865,0.4159574408678296
person_years_exposure,county,0,male,0-17,6852.013232249934,6063.691020314216,7442.425446580163
person_years_exposure,county,0,male,18-44,7108.9750109490315,6284.780032375543,7726.4178719992115
person_years_exposure,county,0,male,45-64,6863.305094127722,6061.744567958072,7459.666970670636
person_years_exposure,county,0,male,65-74,1996.2952109769267,1702.9657610157485,2211.7550821553596
person_years_exposure,county,0,male,75-84,721.9835736075263,562.0723017630296,844.0971045661792
person_years_exposure,county,0,male,85+,102.21107398426271,61.26140386383362,135.36869682322154
person_years_exposure,county,0,male,18-64,13972.280105076754,12325.150271981998,15179.80051023032
person_years_exposure,county,0,male,65+,2820.489858568716,2353.495075737893,3179.498074607912
mortality_rate,county,0,male,0-17,0.0009712160398243756,0.00014762452679595536,0.0022069126365709094
mortality_rate,county,0,male,18-44,0.001018120468506721,0.00014671189308806205,0.002375164206123915
mortality_rate,county,0,male,45-64,0.007679398477068367,0.0025908635951283846,0.016460785809894893
mortality_rate,county,0,male,65-74,0.029591191513875133,0.010033682654736488,0.0648708512199056
mortality_rate,county,0,male,75-84,0.06536662054309812,0.02245975612681203,0.15252477285242957
mortality_rate,county,0,male,85+,0.11740192111605584,0.034924937283980995,0.31134896965452624
qualifying_event_rate,county,0,male,0-17,0.015356244630557939,0.006130296499078617,0.029914808571544743
qualifying_event_rate,county,0,male,18-44,0.020615789010444835,0.008255625588210238,0.04009355544552546
qualifying_event_rate,county,0,male,45-64,0.027147529475728512,0.011260808090786658,0.05142510917799304
qualifying_event_rate,county,0,male,65-74,0.03698281340119055,0.015126024952094197,0.06902080370040325
qualifying_event_rate,county,0,male,75-84,0.03415369130282879,0.012255092729616746,0.06737153433760373
qualifying_event_rate,county,0,male,85+,0.02190964059127005,0.0,0.05753179339543101
person_years_exposure,county,0,female,0-17,7032.463444752621,6224.505493090961,7635.753400859255
person_years_exposure,county,0,female,18-44,6738.704030144922,5965.948730450968,7315.41661319018
person_years_exposure,county,0,female,45-64,6908.073519967409,6099.8262582389525,7518.152179263461
person_years_exposure,county,0,female,65-74,2053.28355896327,1748.9427128339432,2278.6813101265966
person_years_exposure,county,0,female,75-84,564.0982301854343,410.6785018689517,672.4960304272629
person_years_exposure,county,0,female,85+,78.23917525106211,45.34771956965494,105.25457387865445
person_years_exposure,county,0,female,18-64,13646.777550112332,12069.373466657033,14817.445522178057
person_years_exposure,county,0,female,65+,2695.6209643997663,2224.879971011368,3044.178627800636
mortality_rate,county,0,female,0-17,0.0008247187821257161,0.0001384084399644859,0.0019509303034314235
mortality_rate,county,0,female,18-44,0.001273688200892155,0.00028684720405986093,0.002946208505936073
mortality_rate,county,0,female,45-64,0.006651524280566252,0.002256887764182507,0.013832623476861773
mortality_rate,county,0,female,65-74,0.03416925995497879,0.012067201069227186,0.0755360770941767
mortality_rate,county,0,female,75-84,0.08524990396382019,0.029715739693951942,0.20872042128475043
mortality_rate,county,0,female,85+,0.10678632731269973,0.026641293106934243,0.29954365672789107
qualifying_event_rate,county,0,female,0-17,0.015255283927931435,0.006102918106890699,0.029747852749755603
qualifying_event_rate,county,0,female,18-44,0.021413366605543993,0.008707873780565856,0.040660990426306144
qualifying_event_rate,county,0,female,45-64,0.026702579000218902,0.011127628112296247,0.0508495819229803
qualifying_event_rate,county,0,female,65-74,0.035838175968814806,0.014378915479637686,0.06759954670746536
qualifying_event_rate,county,0,female,75-84,0.03260675618175925,0.011200504284784776,0.06443344501627213
qualifying_event_rate,county,0,female,85+,0.023032779083694492,0.0,0.061432320283067485
person_years_exposure,county,1,male,0-17,4679.261943671091,4275.773693801326,5081.801605391895
person_years_exposure,county,1,male,18-44,5560.84665384492,5093.183038323242,6034.794693768582
person_years_exposure,county,1,male,45-64,4607.460300850637,4213.058644169952,5007.886512043299
person_years_exposure,county,1,male,65-74,1187.6137092971107,1037.0933611073672,1325.8477092075689
person_years_exposure,county,1,male,75-84,443.91043541214384,331.46304510154675,534.756928903728
person_years_exposure,county,1,male,85+,73.79304553740526,40.86908736579002,102.96380575101979
person_years_exposure,county,1,male,18-64,10168.306954695558,9316.153011489754,11035.235481601505
person_years_exposure,county,1,male,65+,1705.31719024666,1428.1544330855525,1947.1080101051243
mortality_rate,county,1,male,0-17,0.006226150494076259,0.0019872700051634293,0.013417500251307559
mortality_rate,county,1,male,18-44,0.0010625524805947617,0.00017785896262620298,0.002429876728633897
mortality_rate,county,1,male,45-64,0.008204043490189451,0.0027629065446585954,0.01732409194779469
mortality_rate,county,1,male,65-74,0.03674723871741113,0.012179343833402238,0.08072004689449308
mortality_rate,county,1,male,75-84,0.0841390878539922,0.027488891888551154,0.2066646347278808
mortality_rate,county,1,male,85+,0.12066885976657012,0.03387046118422301,0.3415484775744547
qualifying_event_rate,county,1,male,0-17,0.013908923432204583,0.005406323575720671,0.026464290027950876
qualifying_event_rate,county,1,male,18-44,0.019761930735900973,0.007875208556946414,0.03797257744378586
qualifying_event_rate,county,1,male,45-64,0.02854109304006849,0.011763580391351409,0.052924995442329426
qualifying_event_rate,county,1,male,65-74,0.03963559613303002,0.01539713257069686,0.07431014874423447
qualifying_event_rate,county,1,male,75-84,0.03726760503987796,0.012185887486363855,0.07444934008181699
qualifying_event_rate,county,1,male,85+,0.024703422312703106,0.0,0.06657201929623163
person_years_exposure,county,1,female,0-17,4403.949721723236,4028.282839930785,4768.852300348697
person_years_exposure,county,1,female,18-44,5076.43136348274,4643.543101723095,5515.207296354781
person_years_exposure,county,1,female,45-64,4509.966355065485,4115.01076448404,4913.708040998554
person_years_exposure,county,1,female,65-74,1306.283611194601,1144.0469352881973,1458.2163641936793
person_years_exposure,county,1,female,75-84,438.70553510494716,321.72080044590325,530.9125139263269
person_years_exposure,county,1,female,85+,45.709250308114804,24.072536682955036,65.79483660581315
person_years_exposure,county,1,female,18-64,9586.397718548225,8763.043403352996,10420.044978845828
person_years_exposure,county,1,female,65+,1790.698396607663,1505.4230708495945,2038.2423465602858
mortality_rate,county,1,female,0-17,0.0018257536647361624,0.0004338470467915944,0.004131432786084266
mortality_rate,county,1,female,18-44,0.0012384899794423028,0.00019924476382372243,0.0028426955795915047
mortality_rate,county,1,female,45-64,0.007442501128594922,0.0023755615160347366,0.015444311885269313
mortality_rate,county,1,female,65-74,0.03636756003759802,0.011989083702657043,0.08035248364082265
mortality_rate,county,1,female,75-84,0.09062832654827756,0.030171791381342856,0.21816177445348808
mortality_rate,county,1,female,85+,0.09574876091362512,0.016760133436009343,0.28352578162228054
qualifying_event_rate,county,1,female,0-17,0.015503661046176417,0.0060873673559495665,0.030165093384021357
qualifying_event_rate,county,1,female,18-44,0.020757115140075163,0.008662677735338221,0.039609342415005126
qualifying_event_rate,county,1,female,45-64,0.024192080419281926,0.009877807666375537,0.046064606278631404
qualifying_event_rate,county,1,female,65-74,0.03829633815929234,0.015155057952635971,0.0724336633689239
qualifying_event_rate,county,1,female,75-84,0.033626666261627004,0.01142498480215093,0.06798298339461105
qualifying_event_rate,county,1,female,85+,0.02501700393952326,0.0,0.07600158344390993
person_years_exposure,county,2,male,0-17,900.4549271582789,749.0684390178754,1067.3857112902388
person_years_exposure,county,2,male,18-44,1063.1710498681234,883.7414113192343,1259.849721092746
person_years_exposure,county,2,male,45-64,1045.22589475518,863.6170799963026,1243.6143658881028
person_years_exposure,county,2,male,65-74,252.07250073471863,200.7757181713228,305.26539032609037
person_years_exposure,county,2,male,75-84,71.27986213950146,46.392525657972286,95.65814374355303
person_years_exposure,county,2,male,85+,38.93893236461636,3.2228786818320585,144.88345006437456
person_years_exposure,county,2,male,18-64,2108.396944623303,1750.6556659698222,2499.405237139716
person_years_exposure,county,2,male,65+,362.2912952388365,259.9579713000969,504.6443378296732
mortality_rate,county,2,male,0-17,0.0017639738073983577,0.0,0.005309230930542431
mortality_rate,county,2,male,18-44,0.001222114171008671,0.0,0.0034522813092276064
mortality_rate,county,2,male,45-64,0.008978696061867244,0.0021184623322063573,0.020906115180885906
mortality_rate,county,2,male,65-74,0.031444096158261756,0.00698742421173464,0.0783288485908273
mortality_rate,county,2,male,75-84,0.10019662447835277,0.023829087582917928,0.2589784243408304
mortality_rate,county,2,male,85+,0.06453958739628667,0.0,0.31724755377347036
qualifying_event_rate,county,2,male,0-17,0.019377661217108478,0.006202022805984472,0.038469457605283155
qualifying_event_rate,county,2,male,18-44,0.02951730523473906,0.010655563324877227,0.0570382239621759
qualifying_event_rate,county,2,male,45-64,0.0341710479935961,0.013221667135806017,0.06478689921070648
qualifying_event_rate,county,2,male,65-74,0.0436228143083034,0.01313078628301088,0.08489960012321342
qualifying_event_rate,county,2,male,75-84,0.04844804062623313,0.0,0.1068279924390432
qualifying_event_rate,county,2,male,85+,0.013107681375408287,0.0,0.08139690693020171
person_years_exposure,county,2,female,0-17,935.1568642666994,778.5869293600629,1110.5741684429972
person_years_exposure,county,2,female,18-44,1046.1855070723009,876.6618752627896,1234.6060389169631
person_years_exposure,county,2,female,45-64,957.8806715206464,799.6505506983278,1132.7449611121692
person_years_exposure,county,2,female,65-74,297.26440857962206,236.0326122268555,362.03021017877984
person_years_exposure,county,2,female,75-84,67.49124366773647,44.35567669820668,93.14604610562041
person_years_exposure,county,2,female,85+,9.67989384541789,3.9756843701491205,17.026604351260254
person_years_exposure,county,2,female,18-64,2004.0661785929474,1677.4990817464377,2366.603503029035
person_years_exposure,county,2,female,65+,374.4355460927764,289.9294713353135,462.0599532082997
mortality_rate,county,2,female,0-17,0.002064012846404696,0.0,0.0058116703086474744
mortality_rate,county,2,female,18-44,0.0021538588496593635,0.0,0.00579091656029689
mortality_rate,county,2,female,45-64,0.008312520108699548,0.0019100778790822667,0.018751541227932798
mortality_rate,county,2,female,65-74,0.03843036591151161,0.01074413955609679,0.0942888629228913
mortality_rate,county,2,female,75-84,0.076677069740279,0.01320889121959218,0.2007326382091292
mortality_rate,county,2,female,85+,0.08373059517035922,0.0,0.34584995408370184
qualifying_event_rate,county,2,female,0-17,0.022098313161429784,0.007540580018138978,0.042915414361510126
qualifying_event_rate,county,2,female,18-44,0.02714015321383615,0.010249325843383877,0.05247110763282664
qualifying_event_rate,county,2,female,45-64,0.03885361279260034,0.01503277246509832,0.07324232148924736
qualifying_event_rate,county,2,female,65-74,0.04693918363629565,0.016165060126104514,0.09157305647618756
qualifying_event_rate,county,2,female,75-84,0.0396069196656227,0.0,0.09372233223369568
qualifying_event_rate,county,2,female,85+,0.01961898655191132,0.0,0.11055754172514229
person_years_exposure,county,3,male,0-17,1130.458492944431,1006.7317054559436,1259.6219488271747
person_years_exposure,county,3,male,18-44,1345.4931838574405,1208.2131552222554,1487.4266536294938
person_years_exposure,county,3,male,45-64,1629.0345787062154,1455.583248215343,1804.8941399659805
person_years_exposure,county,3,male,65-74,401.59583166692585,340.6475870831498,457.53831008312244
person_years_exposure,county,3,male,75-84,120.76662731137063,85.11121067376443,149.29433441318827
person_years_exposure,county,3,male,85+,15.695083770817986,6.429136516041067,24.215368628836547
person_years_exposure,county,3,male,18-64,2974.527762563656,2663.5663095594014,3289.5486440342006
person_years_exposure,county,3,male,65+,538.0575427491144,442.29938503370204,624.1331178856313
mortality_rate,county,3,male,0-17,0.0072564583761353845,0.0016983031893119532,0.017053031034240346
mortality_rate,county,3,male,18-44,0.0011010112404087394,0.0,0.0031467605614589255
mortality_rate,county,3,male,45-64,0.007990077958681173,0.0018898252720474563,0.018269404247866647
mortality_rate,county,3,male,65-74,0.034478369066412766,0.009380324101814668,0.08007138983359277
mortality_rate,county,3,male,75-84,0.08363392452197532,0.021547077243689622,0.21776749994698194
mortality_rate,county,3,male,85+,0.0902266120117261,0.0,0.3690217915207256
qualifying_event_rate,county,3,male,0-17,0.025610546815249723,0.009252520069693236,0.049941686607876325
qualifying_event_rate,county,3,male,18-44,0.03840982657778078,0.0154168135566742,0.07320650921539777
qualifying_event_rate,county,3,male,45-64,0.041082506763876356,0.016233906792513977,0.07674651706351711
qualifying_event_rate,county,3,male,65-74,0.0615721172101914,0.02384655259541906,0.11736843684482522
qualifying_event_rate,county,3,male,75-84,0.046617286347855884,0.00844293147467508,0.09679792086491733
qualifying_event_rate,county,3,male,85+,0.024720323535110993,0.0,0.10920942379789685
person_years_exposure,county,3,female,0-17,1116.8491110304726,997.3229901041251,1237.849671708865
person_years_exposure,county,3,female,18-44,1341.3297858355943,1203.6392585527965,1484.0068766307093
person_years_exposure,county,3,female,45-64,1524.1808158328706,1363.8289977296895,1685.2992253315301
person_years_exposure,county,3,female,65-74,413.58188272934404,355.27582371555235,471.24896051553804
person_years_exposure,county,3,female,75-84,179.34928935146092,134.24111405219566,217.7612475328576
person_years_exposure,county,3,female,85+,7.805618072719138,2.8802202127321013,11.521862955726212
person_years_exposure,county,3,female,18-64,2865.510601668465,2563.9253672127916,3173.384052459393
person_years_exposure,county,3,female,65+,600.7367901535241,500.0854231580498,694.3435563023937
mortality_rate,county,3,female,0-17,0.001215840298245042,0.0,0.003671938764684171
mortality_rate,county,3,female,18-44,0.001626458984245431,0.0,0.004433368962094894
mortality_rate,county,3,female,45-64,0.00679892625671671,0.0014183479897219064,0.01568428086722243
mortality_rate,county,3,female,65-74,0.03359325594117018,0.008814686761558095,0.07851710992810135
mortality_rate,county,3,female,75-84,0.07364602575504503,0.020833212122599077,0.1814122311278228
mortality_rate,county,3,female,85+,0.09108247620527704,0.0,0.4687847625251068
qualifying_event_rate,county,3,female,0-17,0.026267101931230604,0.009443479765052698,0.05123163212759278
qualifying_event_rate,county,3,female,18-44,0.038324771478960226,0.014957969083834913,0.07201189804738221
qualifying_event_rate,county,3,female,45-64,0.05014235637971855,0.020206927966804084,0.092185857868987
qualifying_event_rate,county,3,female,65-74,0.05593851863945688,0.02113736089335377,0.10560702259211122
qualifying_event_rate,county,3,female,75-84,0.05254310735987241,0.015560596522233546,0.10391658664122536
qualifying_event_rate,county,3,female,85+,0.028226397747057496,0.0,0.1637421051506132
person_years_exposure,county,4,male,0-17,2120.379215907265,1863.9984053042049,2364.6567583374276
person_years_exposure,county,4,male,18-44,2455.12539525775,2160.473709526294,2723.7106001434117
person_years_exposure,county,4,male,45-64,2247.844051435843,1968.303427017871,2506.586278319495
person_years_exposure,county,4,male,65-74,570.5532693168537,479.1235710099724,656.6629237393628
person_years_exposure,county,4,male,75-84,196.17650900743692,130.53008223757766,260.4480610163421
person_years_exposure,county,4,male,85+,5.324329122712855,1.030650465939096,10.009689261510054
person_years_exposure,county,4,male,18-64,4702.9694466935925,4139.532681739728,5225.997703929971
person_years_exposure,county,4,male,65+,772.0541074470035,623.6841919577882,918.1701206643803
mortality_rate,county,4,male,0-17,0.0029404472721084635,0.00046292722480431066,0.007030574959264222
mortality_rate,county,4,male,18-44,0.0010908700066494276,0.0,0.00292412000563093
mortality_rate,county,4,male,45-64,0.008910664929560252,0.00255608983140001,0.0198959326722388
mortality_rate,county,4,male,65-74,0.03396638802796004,0.009483639874719386,0.07910545053280027
mortality_rate,county,4,male,75-84,0.09350359491721566,0.029087476460285807,0.24176109683747596
mortality_rate,county,4,male,85+,0.01010960985482145,0.0,0.10383283584109171
qualifying_event_rate,county,4,male,0-17,0.026828328650830315,0.010291502991974951,0.05138002431458236
qualifying_event_rate,county,4,male,18-44,0.036937435184132165,0.015371858670094427,0.06993874453135436
qualifying_event_rate,county,4,male,45-64,0.0432497752403687,0.017724632095440094,0.0801266797082522
qualifying_event_rate,county,4,male,65-74,0.06759682179719471,0.027694768720142614,0.12316067553804791
qualifying_event_rate,county,4,male,75-84,0.0532433887365158,0.016804806950878545,0.10027622447131553
qualifying_event_rate,county,4,male,85+,0.018129478955747142,0.0,0.14328230585949733
person_years_exposure,county,4,female,0-17,1896.1347332547507,1668.1045449882706,2111.444459402221
person_years_exposure,county,4,female,18-44,2133.8180610446657,1876.8661541762694,2367.9521937539084
person_years_exposure,county,4,female,45-64,2449.6812368927795,2151.5596936368265,2725.4096842012655
person_years_exposure,county,4,female,65-74,630.7413736101392,528.7381163773252,734.0226896335441
person_years_exposure,county,4,female,75-84,166.68341952233055,117.01486832165685,211.0630566410299
person_years_exposure,county,4,female,85+,14.066361611756417,6.30462027198842,20.921864351530058
person_years_exposure,county,4,female,18-64,4583.499297937446,4032.78178672085,5085.964256865971
person_years_exposure,county,4,female,65+,811.4911547442263,663.4217171207805,961.9766056519873
mortality_rate,county,4,female,0-17,0.0008000960148785878,0.0,0.0023107055632211114
mortality_rate,county,4,female,18-44,0.001988302498092498,0.0,0.004830668659491367
mortality_rate,county,4,female,45-64,0.00704631696924146,0.0019770415851178827,0.01574424177467027
mortality_rate,county,4,female,65-74,0.033729896548317415,0.010310881005863162,0.07922843400240415
mortality_rate,county,4,female,75-84,0.08563023631035843,0.024991019784021823,0.21992251920201586
mortality_rate,county,4,female,85+,0.01305263963964095,0.0,0.10341403390280395
qualifying_event_rate,county,4,female,0-17,0.02907307369931692,0.010975213846911077,0.05611462201669255
qualifying_event_rate,county,4,female,18-44,0.03853652331716353,0.015010219515195069,0.07210624560145845
qualifying_event_rate,county,4,female,45-64,0.04996385079380724,0.021455095115136946,0.09071980317149195
qualifying_event_rate,county,4,female,65-74,0.05064512705123102,0.02040308012637441,0.09487086677245324
qualifying_event_rate,county,4,female,75-84,0.04728628295888209,0.012543231887702276,0.09507542780034643
qualifying_event_rate,county,4,female,85+,0.02390704940742758,0.0,0.11123837857621696
person_years_exposure,county,5,male,0-17,6057.659177712172,5542.339284684693,6515.575882654473
person_years_exposure,county,5,male,18-44,5826.289843465204,5323.435803367831,6279.580840133121
person_years_exposure,county,5,male,45-64,5693.317164345285,5201.323264516687,6133.5709156603325
person_years_exposure,county,5,male,65-74,1495.7981766755238,1285.7984810881862,1663.914711399136
person_years_exposure,county,5,male,75-84,433.49473311062167,316.1752771814618,516.3432192230548
person_years_exposure,county,5,male,85+,64.8889339826414,38.28030473898764,87.13131355717789
person_years_exposure,county,5,male,18-64,11519.60700781049,10540.171767568976,12424.623158493447
person_years_exposure,county,5,male,65+,1994.1818437687868,1657.7833616970634,2252.7848100560286
mortality_rate,county,5,male,0-17,0.0012756642187681645,0.00031161131403829845,0.002902813857941796
mortality_rate,county,5,male,18-44,0.0010762437127176281,0.000171472090648324,0.0024763705563516755
mortality_rate,county,5,male,45-64,0.008601521747801932,0.0028324556090129796,0.018656757701961214
mortality_rate,county,5,male,65-74,0.037560292600682464,0.012630119435557656,0.08575026111441898
mortality_rate,county,5,male,75-84,0.08683150612717917,0.02921472131119172,0.21271128401886552
mortality_rate,county,5,male,85+,0.10729461635151502,0.024033206343013494,0.31023217849425994
qualifying_event_rate,county,5,male,0-17,0.01152031350150282,0.0045639536893365825,0.022483469117253036
qualifying_event_rate,county,5,male,18-44,0.017628037301078595,0.007054766296734492,0.03409078957196628
qualifying_event_rate,county,5,male,45-64,0.022141159009098722,0.008911326529866625,0.04172497129216396
qualifying_event_rate,county,5,male,65-74,0.030881100974406512,0.012152953649555301,0.058456523555919834
qualifying_event_rate,county,5,male,75-84,0.030411422334217897,0.009300011978841298,0.06115056563831251
qualifying_event_rate,county,5,male,85+,0.01987785355369332,0.0,0.05980705247835722
person_years_exposure,county,5,female,0-17,5575.530119024128,5091.003425126025,6007.405369129648
person_years_exposure,county,5,female,18-44,5979.217675347871,5463.90531631619,6460.788272419918
person_years_exposure,county,5,female,45-64,5634.99118887461,5143.517461339894,6070.855940118328
person_years_exposure,county,5,female,65-74,1535.3660666783123,1322.616857402608,1705.8799661221951
person_years_exposure,county,5,female,75-84,534.9525121326828,393.6410467745969,634.4513767357788
person_years_exposure,county,5,female,85+,46.600702854129906,26.28447725057795,65.01451319225245
person_years_exposure,county,5,female,18-64,11614.20886422248,10617.811845198761,12516.165913048644
person_years_exposure,county,5,female,65+,2116.919281665125,1751.4665288207989,2393.484464727755
mortality_rate,county,5,female,0-17,0.0013608396299145103,0.0003357560514308655,0.0031638625289348117
mortality_rate,county,5,female,18-44,0.0015866317169491672,0.0003358369931175552,0.0036048760180010346
mortality_rate,county,5,female,45-64,0.008578079490023779,0.0028449013256922014,0.01831954207750669
mortality_rate,county,5,female,65-74,0.03906839410367512,0.012918884206602001,0.08732103893097393
mortality_rate,county,5,female,75-84,0.08570461129023864,0.029583779611091494,0.2081379896190692
mortality_rate,county,5,female,85+,0.11311286387659447,0.02412571066925637,0.30970365632975716
qualifying_event_rate,county,5,female,0-17,0.01231884333238462,0.00483601741830925,0.024059336659759793
qualifying_event_rate,county,5,female,18-44,0.016334164876857044,0.0067542935274441775,0.031168807121649992
qualifying_event_rate,county,5,female,45-64,0.021748002894743653,0.009079360860767076,0.04071209208817695
qualifying_event_rate,county,5,female,65-74,0.03050123838386346,0.012204353366281563,0.05753346320493002
qualifying_event_rate,county,5,female,75-84,0.03247955038088795,0.011238636991631877,0.06553002418813651
qualifying_event_rate,county,5,female,85+,0.021430063293672932,0.0,0.06531569231995034
person_years_exposure,county,6,male,0-17,1534.339911978995,1395.9215185957637,1663.9410599805617
person_years_exposure,county,6,male,18-44,1847.7473903874898,1687.0728631237325,1990.6263011076662
person_years_exposure,county,6,male,45-64,1727.679496831691,1577.7897115221022,1862.2323469847922
person_years_exposure,county,6,male,65-74,433.94443924062284,370.51380982856597,484.5810665874507
person_years_exposure,county,6,male,75-84,162.0068994858123,118.16879736458259,195.61332470468938
person_years_exposure,county,6,male,85+,15.92873444434254,7.576193623743779,23.479267724859884
person_years_exposure,county,6,male,18-64,3575.4268872191806,3267.458841227506,3844.9252616539056
person_years_exposure,county,6,male,65+,611.8800731707777,503.4803936151785,696.4944194659648
mortality_rate,county,6,male,0-17,0.0012353897579677569,0.0,0.00332506724077806
mortality_rate,county,6,male,18-44,0.0011077677666592462,0.0,0.002999431035136249
mortality_rate,county,6,male,45-64,0.008412543943569127,0.0022769472231898747,0.01858945639401951
mortality_rate,county,6,male,65-74,0.04050746582706356,0.011773997288777384,0.09278438456304963
mortality_rate,county,6,male,75-84,0.08122739004092712,0.021545506347703858,0.20152621102952192
mortality_rate,county,6,male,85+,0.10536344484319538,0.0,0.3947766451687118
qualifying_event_rate,county,6,male,0-17,0.018625680513739536,0.006725233965491378,0.03632500556360958
qualifying_event_rate,county,6,male,18-44,0.028363265560932868,0.011056106525024782,0.05419098793637058
qualifying_event_rate,county,6,male,45-64,0.03524669009404154,0.014766573496426093,0.0657659478896414
qualifying_event_rate,county,6,male,65-74,0.0499619394460976,0.019388152160576277,0.09335577673436436
qualifying_event_rate,county,6,male,75-84,0.04617822715224084,0.01248302082702133,0.09258832729096328
qualifying_event_rate,county,6,male,85+,0.028126351043671876,0.0,0.11244192798544525
person_years_exposure,county,6,female,0-17,1629.1642797473494,1481.3971222927646,1765.0366419600048
person_years_exposure,county,6,female,18-44,2030.6024846338623,1854.5283784499811,2191.397000408819
person_years_exposure,county,6,female,45-64,1477.2860467240366,1346.800833643136,1594.0321014372512
person_years_exposure,county,6,female,65-74,397.0835517075723,339.74878548980547,443.33055915836746
person_years_exposure,county,6,female,75-84,154.11296525191008,113.28730936405547,185.98588370832258
person_years_exposure,county,6,female,85+,13.12851369161679,6.230361201619437,19.330172085823403
person_years_exposure,county,6,female,18-64,3507.888531357899,3211.4247000274804,3784.045069136269
person_years_exposure,county,6,female,65+,564.3250306510993,467.0362828812836,640.5600197667741
mortality_rate,county,6,female,0-17,0.001390666999126296,0.0,0.003781591639986575
mortality_rate,county,6,female,18-44,0.0015716548532518132,0.0,0.003937571059763811
mortality_rate,county,6,female,45-64,0.008831981666775537,0.002544018681617162,0.019589724319552613
mortality_rate,county,6,female,65-74,0.03812547769827611,0.009470822103633742,0.08741055648290325
mortality_rate,county,6,female,75-84,0.08797814703663537,0.02646818010964292,0.21852912073824043
mortality_rate,county,6,female,85+,0.10682624480481423,0.0,0.4168258759281243
qualifying_event_rate,county,6,female,0-17,0.020155979818586755,0.0075860336241315,0.03887093058244136
qualifying_event_rate,county,6,female,18-44,0.026035100608934932,0.010695464271700468,0.049919825320240224
qualifying_event_rate,county,6,female,45-64,0.034887760489957884,0.014276144796883636,0.06541950557358889
qualifying_event_rate,county,6,female,65-74,0.04798037483012235,0.017678118671136785,0.09240285899073576
qualifying_event_rate,county,6,female,75-84,0.05078783997411375,0.01340240232536975,0.1019224957274165
qualifying_event_rate,county,6,female,85+,0.03343835678300373,0.0,0.13855546054825044
person_years_exposure,county,7,male,0-17,1540.1592193072584,1406.5468040006576,1677.8751311251929
person_years_exposure,county,7,male,18-44,1776.0336890450349,1624.7351937455453,1926.4485032729542
person_years_exposure,county,7,male,45-64,1403.6869274245414,1281.1878941586442,1524.0942855515216
person_years_exposure,county,7,male,65-74,383.6394028968937,333.847796857278,429.54009857980503
person_years_exposure,county,7,male,75-84,131.88072676722095,95.80742458051017,160.06201360131578
person_years_exposure,county,7,male,85+,2.6522787420860334,0.07262349511195708,5.044703018719483
person_years_exposure,county,7,male,18-64,3179.7206164695763,2909.919367264304,3450.7825857689827
person_years_exposure,county,7,male,65+,518.1724084062007,438.1399733937832,589.8225953003553
mortality_rate,county,7,male,0-17,0.006227478609688182,0.0013272930875918023,0.014129864719621566
mortality_rate,county,7,male,18-44,0.0010419768211125835,0.0,0.0028491790541779085
mortality_rate,county,7,male,45-64,0.008130791642008462,0.002064244367519064,0.01798730468103808
mortality_rate,county,7,male,65-74,0.0363753644459824,0.009924667452155398,0.08490690754974417
mortality_rate,county,7,male,75-84,0.07693312167327929,0.01958456324974468,0.2058676039376213
mortality_rate,county,7,male,85+,0.06226803920476357,0.0,0.6473233980021081
qualifying_event_rate,county,7,male,0-17,0.015772073173821583,0.005558504253443545,0.030950024375719577
qualifying_event_rate,county,7,male,18-44,0.022310675728260492,0.008709959911216716,0.04345423497747702
qualifying_event_rate,county,7,male,45-64,0.032229923761744245,0.012540687349976931,0.06002823260228143
qualifying_event_rate,county,7,male,65-74,0.044734642001024665,0.015209595143563166,0.08664491508771238
qualifying_event_rate,county,7,male,75-84,0.04060994030848706,0.007474811029632068,0.08496490143153274
qualifying_event_rate,county,7,male,85+,0.02003438044062375,0.0,0.20693131561773964
person_years_exposure,county,7,female,0-17,1421.7370925356638,1299.5308337494082,1545.7433036234186
person_years_exposure,county,7,female,18-44,1574.163231257369,1442.1739043992968,1707.9908883370458
person_years_exposure,county,7,female,45-64,1775.6672596632316,1619.7151957696444,1932.9614220923497
person_years_exposure,county,7,female,65-74,419.18178443797495,367.46229286117136,468.1690355929382
person_years_exposure,county,7,female,75-84,124.34425344626885,90.77482300418468,151.41817593151282
person_years_exposure,county,7,female,85+,7.2065338800763685,1.8189523934039329,12.609526753098898
person_years_exposure,county,7,female,18-64,3349.830490920601,3062.9056030929028,3639.3262923070856
person_years_exposure,county,7,female,65+,550.7325717643201,468.9443810931756,623.7593488940599
mortality_rate,county,7,female,0-17,0.0018428985226987564,0.0,0.0046112994477093315
mortality_rate,county,7,female,18-44,0.0012869560576839426,0.0,0.0035815661941085543
mortality_rate,county,7,female,45-64,0.007370688710835506,0.0020806987285166036,0.016466857980467944
mortality_rate,county,7,female,65-74,0.03361715658919767,0.008983070806825717,0.07502456352103291
mortality_rate,county,7,female,75-84,0.08515953272390364,0.022848091166337948,0.21526544297884584
mortality_rate,county,7,female,85+,0.07870676617398929,0.0,0.4443779598045177
qualifying_event_rate,county,7,female,0-17,0.017684407515990378,0.00629571636699883,0.03454431178539193
qualifying_event_rate,county,7,female,18-44,0.023724622608029475,0.009037811572048799,0.04637240606488098
qualifying_event_rate,county,7,female,45-64,0.02725125436250222,0.010663993566381385,0.05212004864761424
qualifying_event_rate,county,7,female,65-74,0.04220413266824585,0.014944858983159526,0.08253734142916581
qualifying_event_rate,county,7,female,75-84,0.03756355123394944,0.007356180495593401,0.0812734155172528
qualifying_event_rate,county,7,female,85+,0.025663307066808944,0.0,0.1602270682042087
person_years_exposure,county,8,male,0-17,2562.4410494457125,2280.3921601057955,2843.2051834762924
person_years_exposure,county,8,male,18-44,2980.325541184849,2670.962846260354,3294.2838799915835
person_years_exposure,county,8,male,45-64,2774.392648321247,2475.954077367735,3064.941526735725
person_years_exposure,county,8,male,65-74,747.4390613819421,640.6834007514352,850.8203767572627
person_years_exposure,county,8,male,75-84,235.36311431746512,172.96658567219308,288.09059168281897
person_years_exposure,county,8,male,85+,33.981366882550006,18.216232126346004,48.48280118413089
person_years_exposure,county,8,male,18-64,5754.718189506097,5158.2934309758875,6360.8466674095
person_years_exposure,county,8,male,65+,1016.7835425819572,837.5805086762545,1178.7384626806734
mortality_rate,county,8,male,0-17,0.007141551487187763,0.0019654094481710137,0.015924935634538544
mortality_rate,county,8,male,18-44,0.0010744290827460962,0.0,0.0027933868619740942
mortality_rate,county,8,male,45-64,0.008045468645545307,0.0024550277205815474,0.01791537440411707
mortality_rate,county,8,male,65-74,0.03431704826387562,0.010775349591198627,0.07687730789450394
mortality_rate,county,8,male,75-84,0.08669320908711022,0.02702857210821948,0.21498197934486105
mortality_rate,county,8,male,85+,0.10824525353021947,0.020536529527212345,0.34158296848702685
qualifying_event_rate,county,8,male,0-17,0.028051521852297288,0.011152374085336463,0.054140320756940745
qualifying_event_rate,county,8,male,18-44,0.0414883931296623,0.01761687714518483,0.077542340568581
qualifying_event_rate,county,8,male,45-64,0.04477363209774319,0.018539475785748178,0.08357845629879021
qualifying_event_rate,county,8,male,65-74,0.06605325593636274,0.027991984114850876,0.11945854094218943
qualifying_event_rate,county,8,male,75-84,0.05155477495539474,0.017674379876152137,0.09979223278668906
qualifying_event_rate,county,8,male,85+,0.03039712092108619,0.0,0.09668074255749771
person_years_exposure,county,8,female,0-17,2880.3547868950313,2582.580691697873,3184.553881328553
person_years_exposure,county,8,female,18-44,3092.122536641154,2776.9854257085594,3413.333577807472
person_years_exposure,county,8,female,45-64,2779.216514477106,2488.650560445971,3075.539298311176
person_years_exposure,county,8,female,65-74,782.189280983009,674.5173854767199,886.6943620806841
person_years_exposure,county,8,female,75-84,263.8147815055816,191.81806320914296,318.489300644008
person_years_exposure,county,8,female,85+,55.19301931812409,32.14807153986964,74.27759961067004
person_years_exposure,county,8,female,18-64,5871.339051118261,5265.39470083944,6489.169392312078
person_years_exposure,county,8,female,65+,1101.1970818067146,915.6429163536774,1271.6569900616912
mortality_rate,county,8,female,0-17,0.0012007187827990434,0.0,0.0029596629685631104
mortality_rate,county,8,female,18-44,0.0016531739430361504,0.00030345070603661695,0.0038650381668651995
mortality_rate,county,8,female,45-64,0.007130915951227611,0.0022244133493515856,0.016091163224983086
mortality_rate,county,8,female,65-74,0.032225690466891985,0.010045176329838871,0.07393416797367999
mortality_rate,county,8,female,75-84,0.07918263705572656,0.02501634082908144,0.20115964980089793
mortality_rate,county,8,female,85+,0.11971439566853297,0.030146474504957544,0.33564894957913516
qualifying_event_rate,county,8,female,0-17,0.028640779199870278,0.01141893753223273,0.05450456878303801
qualifying_event_rate,county,8,female,18-44,0.04156978401122902,0.017070174926563417,0.07758481946378962
qualifying_event_rate,county,8,female,45-64,0.05481085467501726,0.023250564112707418,0.09964194361111374
qualifying_event_rate,county,8,female,65-74,0.059318844235608896,0.023836416323250793,0.10550597690902361
qualifying_event_rate,county,8,female,75-84,0.058660983374622305,0.020568186298245267,0.11222069258604384
qualifying_event_rate,county,8,female,85+,0.034106498019356356,0.0,0.0861703054705925
person_years_exposure,county,9,male,0-17,298.66314162522116,247.1532882232024,356.68267101349136
person_years_exposure,county,9,male,18-44,368.2642468252282,305.27908228225135,437.0645752336286
person_years_exposure,county,9,male,45-64,287.0185459844229,236.55509021450553,343.4409382707095
person_years_exposure,county,9,male,65-74,128.83916970555745,101.19465364834977,158.4702857488712
person_years_exposure,county,9,male,75-84,26.34780153294266,15.934861384441732,36.266459559641355
person_years_exposure,county,9,male,85+,17.068838546050824,0.8133706962215546,72.01900352383156
person_years_exposure,county,9,male,18-64,655.282792809651,543.0215829811798,778.7517727446212
person_years_exposure,county,9,male,65+,172.25580978455093,124.89777426212355,245.15308257244877
mortality_rate,county,9,male,0-17,0.0017195926200163647,0.0,0.007096592771704604
mortality_rate,county,9,male,18-44,0.0010604145632031763,0.0,0.005141062652027432
mortality_rate,county,9,male,45-64,0.010016548291287609,0.0,0.027289080682912987
mortality_rate,county,9,male,65-74,0.03271588069797197,0.0,0.08411300669138735
mortality_rate,county,9,male,75-84,0.08676142897013717,0.0,0.26473714950081934
mortality_rate,county,9,male,85+,0.05419300596085253,0.0,0.4055248244030753
qualifying_event_rate,county,9,male,0-17,0.022769314254127808,0.005263955010214066,0.04860845027976434
qualifying_event_rate,county,9,male,18-44,0.03411970649032878,0.011492511715254644,0.06651010003716316
qualifying_event_rate,county,9,male,45-64,0.04033700256950356,0.012790490162616863,0.07877257465164852
qualifying_event_rate,county,9,male,65-74,0.05053909510331631,0.014526871289036429,0.10204734943975617
qualifying_event_rate,county,9,male,75-84,0.051722040262807,0.0,0.13379788307465712
qualifying_event_rate,county,9,male,85+,0.015323896649600653,0.0,0.08864501130478729
person_years_exposure,county,9,female,0-17,416.98613727252757,345.54498749428205,496.56290238396065
person_years_exposure,county,9,female,18-44,388.0437557856193,324.8545763102789,459.38234133321487
person_years_exposure,county,9,female,45-64,373.70719080260506,310.965293103619,443.04177411191034
person_years_exposure,county,9,female,65-74,87.48439644317602,67.97181821020256,107.70767073039542
person_years_exposure,county,9,female,75-84,27.681139906525676,16.390003279758638,39.720814958597956
person_years_exposure,county,9,female,85+,0.09738199315042724,0.009845050136350635,0.29099697420520926
person_years_exposure,county,9,female,18-64,761.7509465882243,637.3285661010535,902.3861949778399
person_years_exposure,county,9,female,65+,115.26291834285212,87.44706228692132,144.66704212915502
mortality_rate,county,9,female,0-17,0.001961957041456019,0.0,0.007002291437756732
mortality_rate,county,9,female,18-44,0.0022982925236989388,0.0,0.007934057479337122
mortality_rate,county,9,female,45-64,0.008196529693756715,0.0,0.021128519155742435
mortality_rate,county,9,female,65-74,0.03429436036305244,0.0,0.09558356723819203
mortality_rate,county,9,female,75-84,0.06731079552151328,0.0,0.22067766905742323
mortality_rate,county,9,female,85+,0.00395108585419048,0.0,0.00395108585419048
qualifying_event_rate,county,9,female,0-17,0.026044562341298722,0.00798979778222683,0.052430450389160416
qualifying_event_rate,county,9,female,18-44,0.031709863665540426,0.010551043641919321,0.06173875559632096
qualifying_event_rate,county,9,female,45-64,0.04525184220310687,0.01579948333334587,0.08353543141293167
qualifying_event_rate,county,9,female,65-74,0.05052523613468248,0.01035869334527199,0.10382844642338734
qualifying_event_rate,county,9,female,75-84,0.042715356583905004,0.0,0.12390705696203819
qualifying_event_rate,county,9,female,85+,0.0,0.0,0.0
person_years_exposure,county,10,male,0-17,3490.610989917799,3186.2782060062264,3776.4100718453046
person_years_exposure,county,10,male,18-44,4070.8667566894296,3721.0842768546167,4388.8422294143975
person_years_exposure,county,10,male,45-64,3315.705504373215,3031.374867093772,3579.6963800204476
person_years_exposure,county,10,male,65-74,926.4478918397804,796.9012999230047,1029.98180243349
person_years_exposure,county,10,male,75-84,237.68290032376322,171.60228146591703,286.26254626749005
person_years_exposure,county,10,male,85+,46.86249008649057,25.602941815513606,64.50784687207538
person_years_exposure,county,10,male,18-64,7386.572261062644,6761.0708454068645,7965.319837994653
person_years_exposure,county,10,male,65+,1210.9932822500343,1007.329700309514,1371.3802763668818
mortality_rate,county,10,male,0-17,0.0012590974886472523,0.00026778571305654836,0.003086994535426749
mortality_rate,county,10,male,18-44,0.0010749495928131768,0.0,0.0026447105927528535
mortality_rate,county,10,male,45-64,0.009068612280732113,0.0028327602476950157,0.01982652958778754
mortality_rate,county,10,male,65-74,0.03726184515902765,0.011979277894426403,0.08498753431760465
mortality_rate,county,10,male,75-84,0.09031453639762675,0.027815414601535818,0.22457349467326845
mortality_rate,county,10,male,85+,0.10446195845021465,0.017316296919312617,0.31955424030483176
qualifying_event_rate,county,10,male,0-17,0.015842582610459344,0.0061388097788570226,0.030618171227389433
qualifying_event_rate,county,10,male,18-44,0.02405886400643301,0.009937408843640885,0.04565232877147891
qualifying_event_rate,county,10,male,45-64,0.030212361392356727,0.012832357570957374,0.05630979588669202
qualifying_event_rate,county,10,male,65-74,0.041885028291930394,0.016724680545395054,0.07871212256947296
qualifying_event_rate,county,10,male,75-84,0.041088092812165466,0.01189858384260127,0.08421268319065717
qualifying_event_rate,county,10,male,85+,0.024894761645042365,0.0,0.07182421038362725
person_years_exposure,county,10,female,0-17,3495.0372005393483,3186.999843593679,3786.2805439924136
person_years_exposure,county,10,female,18-44,4229.350356694701,3859.3911842077914,4573.2736771536065
person_years_exposure,county,10,female,45-64,3196.964706792076,2918.7655741102917,3447.3207320144784
person_years_exposure,county,10,female,65-74,983.9473411269214,840.0200253439453,1091.8698599111353
person_years_exposure,county,10,female,75-84,349.0453360993114,253.3058693748675,420.0051090807809
person_years_exposure,county,10,female,85+,40.32952685296451,21.771424263055003,56.2631506651223
person_years_exposure,county,10,female,18-64,7426.315063486777,6792.710937399327,8009.471693185796
person_years_exposure,county,10,female,65+,1373.3222040791975,1125.543995769875,1557.3230216503187
mortality_rate,county,10,female,0-17,0.0013671729479052806,0.0002706509457657044,0.0032623238891091107
mortality_rate,county,10,female,18-44,0.001538033566361634,0.0002372044604200944,0.003690409412767477
mortality_rate,county,10,female,45-64,0.008440623364615395,0.0026873792951481027,0.017817783015844368
mortality_rate,county,10,female,65-74,0.03866290148117155,0.012806296411250714,0.08673760093972002
mortality_rate,county,10,female,75-84,0.09411847905366687,0.03125249096800023,0.237746520787909
mortality_rate,county,10,female,85+,0.10898027636622311,0.01945659164822596,0.33278371570950344
qualifying_event_rate,county,10,female,0-17,0.01693807972655183,0.00663375527637901,0.032350978296263495
qualifying_event_rate,county,10,female,18-44,0.02226246439236453,0.00897161098803418,0.04172993798562332
qualifying_event_rate,county,10,female,45-64,0.029429464997725134,0.01235024075319546,0.055374661264761434
qualifying_event_rate,county,10,female,65-74,0.0411674547129195,0.016924405954837244,0.07643312004285233
qualifying_event_rate,county,10,female,75-84,0.04480526543156168,0.015844847313488113,0.08765268672882233
qualifying_event_rate,county,10,female,85+,0.029707110054153715,0.0,0.08593053806339429
person_years_exposure,county,11,male,0-17,1091.9846771738548,912.5545589932915,1291.1575231933975
person_years_exposure,county,11,male,18-44,1150.5264382794571,955.8284241605064,1365.1567775300757
person_years_exposure,county,11,male,45-64,1201.908792437801,993.6234800493639,1431.01561170499
person_years_exposure,county,11,male,65-74,342.1024266036399,273.51504896624687,415.91044096405346
person_years_exposure,county,11,male,75-84,94.4152590200284,62.55188589622296,123.91989797220356
person_years_exposure,county,11,male,85+,12.094909599050302,1.3035094692448126,35.64607222599592
person_years_exposure,county,11,male,18-64,2352.435230717258,1949.9336616485346,2796.0378800260823
person_years_exposure,county,11,male,65+,448.6125952227186,346.0682321156179,556.1428109202
mortality_rate,county,11,male,0-17,0.0017389674241259268,0.0,0.004755886033562458
mortality_rate,county,11,male,18-44,0.0011931197985472846,0.0,0.0036324853422615134
mortality_rate,county,11,male,45-64,0.009870773561101104,0.002375713650246203,0.02274689492883981
mortality_rate,county,11,male,65-74,0.03154287895572121,0.007948538712953482,0.07563206580097803
mortality_rate,county,11,male,75-84,0.09186905130959257,0.023671126840161608,0.24151237474094805
mortality_rate,county,11,male,85+,0.048581132182497044,0.0,0.36847719148175373
qualifying_event_rate,county,11,male,0-17,0.022270766656213914,0.008086339772411012,0.04298325617245388
qualifying_event_rate,county,11,male,18-44,0.03354236120822264,0.012961615956287446,0.06380307105479578
qualifying_event_rate,county,11,male,45-64,0.0391874642454056,0.015226306560520996,0.0737983764931043
qualifying_event_rate,county,11,male,65-74,0.049408144995868555,0.017140234220384215,0.0942955900549989
qualifying_event_rate,county,11,male,75-84,0.05465691215542902,0.010465944755482643,0.1163468004981411
qualifying_event_rate,county,11,male,85+,0.011316879559494524,0.0,0.0953051699891773
person_years_exposure,county,11,female,0-17,981.7929600204203,818.5091634503644,1165.3686331756471
person_years_exposure,county,11,female,18-44,1176.2474849787181,985.207842631419,1389.586215522986
person_years_exposure,county,11,female,45-64,1114.5442032733283,930.5774619911615,1317.6035281894542
person_years_exposure,county,11,female,65-74,301.34762018744544,239.69528096932257,366.795358846763
person_years_exposure,county,11,female,75-84,54.715650185207814,34.44324967807584,75.8744490820266
person_years_exposure,county,11,female,85+,6.916489038156198,1.6538313320316982,13.108704772755718
person_years_exposure,county,11,female,18-64,2290.7916882520467,1918.5314121248273,2704.988879493197
person_years_exposure,county,11,female,65+,362.9797594108095,281.7224726052971,448.0952194260756
mortality_rate,county,11,female,0-17,0.0020470360929846134,0.0,0.005512930418016168
mortality_rate,county,11,female,18-44,0.002236030885129759,0.0,0.005953535131497449
mortality_rate,county,11,female,45-64,0.008394424378837818,0.0017684551732467238,0.01939413984828949
mortality_rate,county,11,female,65-74,0.037273725041149196,0.009538371364796759,0.08904342150801695
mortality_rate,county,11,female,75-84,0.08127600096262315,0.013761782287966135,0.22036318245245967
mortality_rate,county,11,female,85+,0.07121648314978271,0.0,0.4615887145532511
qualifying_event_rate,county,11,female,0-17,0.02511249768687198,0.00846507068071699,0.049665182984145115
qualifying_event_rate,county,11,female,18-44,0.030926763003640504,0.012077766668845774,0.059286525061444
qualifying_event_rate,county,11,female,45-64,0.043676224062684545,0.017478120317073742,0.08173048102608321
qualifying_event_rate,county,11,female,65-74,0.051949315162093404,0.01791992220378389,0.09807208871599718
qualifying_event_rate,county,11,female,75-84,0.0442115011030778,0.0,0.10847096490036634
qualifying_event_rate,county,11,female,85+,0.023003016787655393,0.0,0.15132400709173568
person_years_exposure,county,12,male,0-17,1984.5303679683627,1807.2338765869486,2146.0995425559922
person_years_exposure,county,12,male,18-44,2151.313364955456,1963.9206835537766,2317.365961372552
person_years_exposure,county,12,male,45-64,2167.126137846209,1979.4421149199406,2337.107694804878
person_years_exposure,county,12,male,65-74,615.1901979067721,528.9552085427237,683.4617281703866
person_years_exposure,county,12,male,75-84,169.71966073314198,123.61579576818254,205.98302726188274
person_years_exposure,county,12,male,85+,12.272063402593236,5.783830741930419,18.62065880678106
person_years_exposure,county,12,male,18-64,4318.439502801665,3954.640756705382,4651.119317855569
person_years_exposure,county,12,male,65+,797.1819220425074,667.1719895880004,900.3887693656538
mortality_rate,county,12,male,0-17,0.0012848403474472047,0.0,0.0034630132488256563
mortality_rate,county,12,male,18-44,0.0011257657947242594,0.0,0.002999090774983021
mortality_rate,county,12,male,45-64,0.008505783372198943,0.0023756670400734156,0.018750594874287214
mortality_rate,county,12,male,65-74,0.036754745907698304,0.011067096596013598,0.08472941012702488
mortality_rate,county,12,male,75-84,0.08099201717243709,0.023668190283542043,0.19981336192192584
mortality_rate,county,12,male,85+,0.15758920881244928,0.0,0.5561223086637411
qualifying_event_rate,county,12,male,0-17,0.01752987748651302,0.006807767395476264,0.03414290320223424
qualifying_event_rate,county,12,male,18-44,0.02674669728784091,0.010607111667622307,0.050957663225033194
qualifying_event_rate,county,12,male,45-64,0.033005395588019036,0.013606669967164952,0.06173415831129862
qualifying_event_rate,county,12,male,65-74,0.046075794474323424,0.01772858205171252,0.08582102599630298
qualifying_event_rate,county,12,male,75-84,0.04354070445625895,0.0116077613051347,0.0883944819448211
qualifying_event_rate,county,12,male,85+,0.03186721486604621,0.0,0.14060097651507683
person_years_exposure,county,12,female,0-17,1981.525241789067,1805.9982503504782,2141.33219325795
person_years_exposure,county,12,female,18-44,2131.3315044413202,1947.0914250257765,2305.65954746067
person_years_exposure,county,12,female,45-64,2288.9833802832845,2088.9773036082206,2470.5142709853435
person_years_exposure,county,12,female,65-74,531.1063184816572,456.36467469627206,591.5956942065692
person_years_exposure,county,12,female,75-84,139.68842342095851,98.3907156116401,169.07241908884592
person_years_exposure,county,12,female,85+,38.363147175976295,22.191742900231954,52.06393925533776
person_years_exposure,county,12,female,18-64,4420.314884724605,4035.3828595168884,4771.808719637446
person_years_exposure,county,12,female,65+,709.1578890785921,587.0476634402372,802.2241912994974
mortality_rate,county,12,female,0-17,0.0013518429546128124,0.0,0.003482914477805076
mortality_rate,county,12,female,18-44,0.001606197739120527,0.0,0.0038739098108111947
mortality_rate,county,12,female,45-64,0.008324733130605663,0.002467875697575533,0.01798302009728071
mortality_rate,county,12,female,65-74,0.0395569680981099,0.012196351076419625,0.09094190894434279
mortality_rate,county,12,female,75-84,0.08651304951137441,0.02428755466039933,0.2207646715030125
mortality_rate,county,12,female,85+,0.10506524291755594,0.020099216946453478,0.29537220981669254
qualifying_event_rate,county,12,female,0-17,0.018867893399881232,0.0071980986233394495,0.037216480163541725
qualifying_event_rate,county,12,female,18-44,0.02474165810984376,0.009563615960343875,0.04723804762596834
qualifying_event_rate,county,12,female,45-64,0.03248811098163003,0.012945384714310046,0.06182472375138927
qualifying_event_rate,county,12,female,65-74,0.04571686330010001,0.017401380722207246,0.0860056012320988
qualifying_event_rate,county,12,female,75-84,0.04683616044939349,0.011542479728305249,0.09883356990311547
qualifying_event_rate,county,12,female,85+,0.032356172157582845,0.0,0.09529177927782281
person_years_exposure,county,13,male,0-17,2350.974556244721,2076.4224032917605,2555.708600497879
person_years_exposure,county,13,male,18-44,2843.9464091828004,2515.27088407719,3097.569417312578
person_years_exposure,county,13,male,45-64,2583.0380301865275,2283.52981355541,2807.262086577873
person_years_exposure,county,13,male,65-74,741.6659084190587,631.511752156874,826.0427051391274
person_years_exposure,county,13,male,75-84,326.8609430696945,250.8741513411631,383.3812643358817
person_years_exposure,county,13,male,85+,46.87248993066076,27.5029854935852,62.99657329015638
person_years_exposure,county,13,male,18-64,5426.984439369327,4795.357973049644,5900.713303942124
person_years_exposure,county,13,male,65+,1115.399341419414,922.3797447926779,1260.523033017547
mortality_rate,county,13,male,0-17,0.0009595422328191203,0.0,0.0025292252123605315
mortality_rate,county,13,male,18-44,0.0010349559912578542,0.0,0.002628881704466351
mortality_rate,county,13,male,45-64,0.007703879629315026,0.00232918857640377,0.01665670550711613
mortality_rate,county,13,male,65-74,0.028842638335768347,0.008636653248227344,0.06460010325622265
mortality_rate,county,13,male,75-84,0.06932244686286487,0.021772044658670747,0.16286200566559783
mortality_rate,county,13,male,85+,0.1102039474271901,0.01984268855107282,0.3147414649029924
qualifying_event_rate,county,13,male,0-17,0.01998194776564821,0.007599429592299594,0.03949729871906636
qualifying_event_rate,county,13,male,18-44,0.02674832427770983,0.0109797425249873,0.051357463593682866
qualifying_event_rate,county,13,male,45-64,0.035048928349387255,0.01439280683203438,0.06522325360868839
qualifying_event_rate,county,13,male,65-74,0.04698476527652172,0.018258130870005853,0.0887425077452789
qualifying_event_rate,county,13,male,75-84,0.044667183925146285,0.015070543358801028,0.08925472293102343
qualifying_event_rate,county,13,male,85+,0.02665114469854287,0.0,0.07887395002756724
person_years_exposure,county,13,female,0-17,2498.9132138060677,2208.676459440201,2715.190660447299
person_years_exposure,county,13,female,18-44,2762.4966877964926,2449.193399412484,3000.377134734612
person_years_exposure,county,13,female,45-64,2313.9632902429585,2040.3436382207337,2520.4946503719075
person_years_exposure,county,13,female,65-74,728.1161805157215,612.8744479073132,813.2405835334667
person_years_exposure,county,13,female,75-84,257.3613361556398,191.1243081720931,308.1047962119029
person_years_exposure,county,13,female,85+,29.798804078721748,16.981972216337013,41.722673672379194
person_years_exposure,county,13,female,18-64,5076.459978039451,4487.420626762501,5519.988391619842
person_years_exposure,county,13,female,65+,1015.276320750083,829.7729065285241,1151.8111798961488
mortality_rate,county,13,female,0-17,0.000831416116122566,0.0,0.0023237322847004596
mortality_rate,county,13,female,18-44,0.0012388660215842107,0.0,0.003192939252643087
mortality_rate,county,13,female,45-64,0.00655434075821383,0.0017005977431445811,0.014640914231664255
mortality_rate,county,13,female,65-74,0.03594799443642476,0.011035529423610201,0.08094010897074198
mortality_rate,county,13,female,75-84,0.08298479607547167,0.02619044470201897,0.20512049716331246
mortality_rate,county,13,female,85+,0.10444186341416038,0.02085391097635769,0.3165036720210213
qualifying_event_rate,county,13,female,0-17,0.01980880648746354,0.007564804706650299,0.038576726727810255
qualifying_event_rate,county,13,female,18-44,0.027681205417931468,0.011180987107541427,0.05272626136133504
qualifying_event_rate,county,13,female,45-64,0.03443872326854538,0.014310319067673547,0.06479349087869803
qualifying_event_rate,county,13,female,65-74,0.04676601558216538,0.019016777921122177,0.0894657665108511
qualifying_event_rate,county,13,female,75-84,0.040996633034297965,0.012411543701745574,0.08286445113011547
qualifying_event_rate,county,13,female,85+,0.028006880878462218,0.0,0.09042151754676864
person_years_exposure,county,14,male,0-17,1159.471848183578,1059.0219293100643,1261.3240951942319
person_years_exposure,county,14,male,18-44,1507.0035933663924,1380.078196632187,1634.3099092761151
person_years_exposure,county,14,male,45-64,1236.371283798269,1125.9215637669322,1345.7891598802646
person_years_exposure,county,14,male,65-74,301.1065607971015,260.9405573361697,338.4847433119436
person_years_exposure,county,14,male,75-84,90.5125321504883,65.25591695408853,110.95423247758829
person_years_exposure,county,14,male,85+,0.836010877045606,0.046472119027397646,1.6554893088561558
person_years_exposure,county,14,male,18-64,2743.3748771646615,2509.2686910192324,2976.401500859632
person_years_exposure,county,14,male,65+,392.45510382463544,331.6173676710349,448.776347410687
mortality_rate,county,14,male,0-17,0.006213261299777053,0.0015788766766779208,0.014632161608552243
mortality_rate,county,14,male,18-44,0.0010371156654704991,0.0,0.003002874715714756
mortality_rate,county,14,male,45-64,0.007744595363848911,0.0016646298145121506,0.01745014172057203
mortality_rate,county,14,male,65-74,0.03715735368866382,0.009380619716552064,0.08871986730701756
mortality_rate,county,14,male,75-84,0.07204509868580444,0.017723683085468796,0.18112949074627555
mortality_rate,county,14,male,85+,0.05354478475575287,0.0,0.05354478475575287
qualifying_event_rate,county,14,male,0-17,0.025011808890989463,0.009296331791820423,0.0492003063355557
qualifying_event_rate,county,14,male,18-44,0.034751826692710645,0.013705549609942018,0.0654132356571444
qualifying_event_rate,county,14,male,45-64,0.04915169456553863,0.020413309458127523,0.08953806858899896
qualifying_event_rate,county,14,male,65-74,0.06694547692626476,0.024789539972837088,0.12149246743750934
qualifying_event_rate,county,14,male,75-84,0.05749639972857675,0.011889774491925723,0.11486253350416172
qualifying_event_rate,county,14,male,85+,0.02395572670968433,0.0,0.02395572670968433
person_years_exposure,county,14,female,0-17,1329.7481950636097,1219.6945093727834,1445.237421601246
person_years_exposure,county,14,female,18-44,1547.5936449213957,1415.084750889034,1681.9707002175126
person_years_exposure,county,14,female,45-64,1343.4182369269404,1226.163056934783,1465.6162378887695
person_years_exposure,county,14,female,65-74,330.80133480381386,285.87906405223225,370.84231380450456
person_years_exposure,county,14,female,75-84,74.67583275265956,52.402895867971864,93.57056537795076
person_years_exposure,county,14,female,85+,3.071281808587006,0.1937048515198566,6.201718470865414
person_years_exposure,county,14,female,18-64,2891.011881848336,2642.3953464426636,3143.3638312976223
person_years_exposure,county,14,female,65+,408.54844936506043,347.31264209354254,464.7433795015843
mortality_rate,county,14,female,0-17,0.0017713645025006588,0.0,0.004746034776993063
mortality_rate,county,14,female,18-44,0.0011796783033535957,0.0,0.003278080760242841
mortality_rate,county,14,female,45-64,0.008040502589282206,0.002107595176216047,0.017892080204012978
mortality_rate,county,14,female,65-74,0.03412926909456067,0.00852645297112482,0.07867866641239991
mortality_rate,county,14,female,75-84,0.08291385105657971,0.012470664436252294,0.2220292037053903
mortality_rate,county,14,female,85+,0.0785727412865059,0.0,0.7843693790454646
qualifying_event_rate,county,14,female,0-17,0.027813066516876015,0.01062625425767967,0.05273699320891502
qualifying_event_rate,county,14,female,18-44,0.03645540465238145,0.014381058548882213,0.06852736921684541
qualifying_event_rate,county,14,female,45-64,0.04308290459598792,0.0180495582242543,0.07917538178228255
qualifying_event_rate,county,14,female,65-74,0.06400106668998494,0.02481873089671116,0.11822768477471769
qualifying_event_rate,county,14,female,75-84,0.05446796642898528,0.011751116025541903,0.115499328055216
qualifying_event_rate,county,14,female,85+,0.03885183522445328,0.0,0.2520070159406233
person_years_exposure,county,15,male,0-17,2604.01479723232,2378.2300358682046,2813.4739132983004
person_years_exposure,county,15,male,18-44,3213.1222263157315,2937.0835816730787,3467.27354281638
person_years_exposure,county,15,male,45-64,2724.8057013696275,2490.2399764882875,2936.7481314473944
person_years_exposure,county,15,male,65-74,753.5306604970566,647.7396562472047,839.31135656884
person_years_exposure,county,15,male,75-84,160.56292631389658,115.20639779805062,195.38456145845635
person_years_exposure,county,15,male,85+,8.31538530227931,3.2573988894527015,12.604602471744105
person_years_exposure,county,15,male,18-64,5937.9279276853595,5431.335226322129,6400.784161098883
person_years_exposure,county,15,male,65+,922.4089721132325,774.8160867864578,1038.7695007731843
mortality_rate,county,15,male,0-17,0.0012591359301164055,0.0,0.0032402217750847934
mortality_rate,county,15,male,18-44,0.0010815329799123943,0.0,0.0026854930957948145
mortality_rate,county,15,male,45-64,0.008578772522936325,0.0027185871846490605,0.018958591841155864
mortality_rate,county,15,male,65-74,0.03602177857618811,0.011058922229199434,0.08101574264100943
mortality_rate,county,15,male,75-84,0.0882282303566024,0.02584377550305684,0.22539540496012453
mortality_rate,county,15,male,85+,0.08179184406296962,0.0,0.4202024797669843
qualifying_event_rate,county,15,male,0-17,0.012647050048929442,0.004679584843660694,0.024296976486398846
qualifying_event_rate,county,15,male,18-44,0.019250132110496355,0.007501024816683238,0.03676520005602953
qualifying_event_rate,county,15,male,45-64,0.024098263558570195,0.009592465927282566,0.04551558997139693
qualifying_event_rate,county,15,male,65-74,0.03344070955265291,0.012756278104390076,0.06498985516921651
qualifying_event_rate,county,15,male,75-84,0.03332345799729221,0.006165557617898444,0.07206898833084058
qualifying_event_rate,county,15,male,85+,0.019709070309106284,0.0,0.12879552518163181
person_years_exposure,county,15,female,0-17,2587.538135762008,2361.238696922231,2795.7180379939787
person_years_exposure,county,15,female,18-44,2967.058521242361,2709.1443490258357,3207.2008355434646
person_years_exposure,county,15,female,45-64,2558.3564873493237,2329.5932946344788,2763.793561305966
person_years_exposure,county,15,female,65-74,746.0124801533277,639.5862203572035,829.3034923570101
person_years_exposure,county,15,female,75-84,226.89782717540666,163.47069743302407,273.7300899236968
person_years_exposure,county,15,female,85+,32.21379306510426,18.599507820732292,43.78621100260187
person_years_exposure,county,15,female,18-64,5525.415008591684,5044.525043775476,5959.679351313115
person_years_exposure,county,15,female,65+,1005.1241003938386,833.7689901190669,1138.8503177599764
mortality_rate,county,15,female,0-17,0.001375092957886848,0.0,0.003398487306770153
mortality_rate,county,15,female,18-44,0.0015396930469329419,0.0,0.0036419578607746286
mortality_rate,county,15,female,45-64,0.008940714583505498,0.0026894462067964696,0.019246506466257723
mortality_rate,county,15,female,65-74,0.038908859277028356,0.01198152802809182,0.08621910238280067
mortality_rate,county,15,female,75-84,0.087190808897716,0.027788149417460738,0.22080004690633945
mortality_rate,county,15,female,85+,0.09631458903678305,0.0,0.3058013539006725
qualifying_event_rate,county,15,female,0-17,0.013517690262833329,0.005036103057774433,0.026849949432155816
qualifying_event_rate,county,15,female,18-44,0.01780488137385302,0.007007196509849445,0.034316042849452486
qualifying_event_rate,county,15,female,45-64,0.02383579811943291,0.009309527449099768,0.04483786718407545
qualifying_event_rate,county,15,female,65-74,0.033622772379551476,0.011896870044515553,0.06505804180961149
qualifying_event_rate,county,15,female,75-84,0.03533962196703275,0.009201935060424993,0.07117550994597172
qualifying_event_rate,county,15,female,85+,0.02326725828592503,0.0,0.07789252230947874
person_years_exposure,county,16,male,0-17,1243.9945089238336,1130.4752522405295,1346.0461912779106
person_years_exposure,county,16,male,18-44,1437.7494908269302,1313.5808228785424,1547.9719572404829
person_years_exposure,county,16,male,45-64,1195.117730367549,1089.8319624198557,1288.852037320828
person_years_exposure,county,16,male,65-74,335.33561312139267,287.05470739905144,372.2944190370277
person_years_exposure,county,16,male,75-84,139.82638473987006,99.38776327613132,170.87104520214234
person_years_exposure,county,16,male,85+,27.756338089976268,14.300554026617382,39.31739006907581
person_years_exposure,county,16,male,18-64,2632.8672211944795,2406.6996941328916,2832.766404813219
person_years_exposure,county,16,male,65+,502.91833595123904,410.68118659401165,574.3934520227123
mortality_rate,county,16,male,0-17,0.0012693798494866862,0.0,0.0036036142919590804
mortality_rate,county,16,male,18-44,0.0010989940424817738,0.0,0.0030257851575754115
mortality_rate,county,16,male,45-64,0.008943042187118246,0.0019767854282183354,0.019902063975286134
mortality_rate,county,16,male,65-74,0.036716531433782985,0.008897727433704596,0.08593015748421845
mortality_rate,county,16,male,75-84,0.09218842445835781,0.0260160851316268,0.23610703543553424
mortality_rate,county,16,male,85+,0.11834622127065256,0.02438430497102901,0.36376959776813395
qualifying_event_rate,county,16,male,0-17,0.020883928346254986,0.007727761928283695,0.04098186892119404
qualifying_event_rate,county,16,male,18-44,0.031839254951784704,0.012482372466574956,0.060518940047909704
qualifying_event_rate,county,16,male,45-64,0.03960555649203967,0.016107466834015656,0.07347496232798276
qualifying_event_rate,county,16,male,65-74,0.05416656995249468,0.01941587011781966,0.10371140884712525
qualifying_event_rate,county,16,male,75-84,0.053475476473080735,0.014346039773311173,0.10673855953438624
qualifying_event_rate,county,16,male,85+,0.0350793511771644,0.0,0.10457522228555145
person_years_exposure,county,16,female,0-17,1315.7340959133317,1194.3075490587955,1425.5951057155503
person_years_exposure,county,16,female,18-44,1549.2046707093107,1414.971156682628,1674.6043571058904
person_years_exposure,county,16,female,45-64,1205.1215574482972,1096.774087667703,1299.4866539761306
person_years_exposure,county,16,female,65-74,275.1348494252594,233.0768420745637,307.5708434025264
person_years_exposure,county,16,female,75-84,133.66794170647438,96.6338823875467,162.52862447629576
person_years_exposure,county,16,female,85+,17.45303056398011,7.780397574458197,26.39697145655839
person_years_exposure,county,16,female,18-64,2754.326228157608,2517.31988337761,2970.1637382532626
person_years_exposure,county,16,female,65+,426.2558216957139,345.73423862320135,487.58563952052526
mortality_rate,county,16,female,0-17,0.0013731046650014038,0.0,0.003840722937403318
mortality_rate,county,16,female,18-44,0.001557313698999746,0.0,0.003950430217471066
mortality_rate,county,16,female,45-64,0.008145168350928888,0.001703252588991937,0.01832662510162474
mortality_rate,county,16,female,65-74,0.04126803988732475,0.010546304697869015,0.0981720192115178
mortality_rate,county,16,female,75-84,0.09104530854224012,0.025059162502292124,0.22901544623771244
mortality_rate,county,16,female,85+,0.12246555124165984,0.0,0.3992694941573112
qualifying_event_rate,county,16,female,0-17,0.02252002983412978,0.00820955973580013,0.04334358232695288
qualifying_event_rate,county,16,female,18-44,0.02930920778134479,0.011640816768120019,0.05562220970947078
qualifying_event_rate,county,16,female,45-64,0.03834510258153745,0.01555915918807204,0.07158324735104576
qualifying_event_rate,county,16,female,65-74,0.05508197187764735,0.02019201828525202,0.10357567353137342
qualifying_event_rate,county,16,female,75-84,0.056481139152973175,0.015001067023776338,0.11181482742755763
qualifying_event_rate,county,16,female,85+,0.037908682231097605,0.0,0.13101700865698823
person_years_exposure,state,0,male,0-17,9202.987788494669,8153.659704181772,9988.102339258397
person_years_exposure,state,0,male,18-44,9952.921420131835,8803.377915169309,10821.929295497424
person_years_exposure,state,0,male,45-64,9446.343124314268,8346.315962818282,10260.531266700798
person_years_exposure,state,0,male,65-74,2737.9611193959845,2334.6145076584985,3033.2618103583163
person_years_exposure,state,0,male,75-84,1048.8445166772203,815.3623196381071,1222.3448667362961
person_years_exposure,state,0,male,85+,149.08356391492336,93.26274048452721,194.48590193686604
person_years_exposure,state,0,male,18-64,19399.2645444461,17117.303629730377,21079.929595620164
person_years_exposure,state,0,male,65+,3935.889199988128,3276.3523251897473,4432.2476055026655
mortality_rate,state,0,male,0-17,0.0009682338753496828,0.00021513025680076043,0.002153470357342701
mortality_rate,state,0,male,18-44,0.0010229310484815564,0.00021312063007473614,0.002284407353248524
mortality_rate,state,0,male,45-64,0.007686092680999305,0.0026795988218855007,0.01628021346814324
mortality_rate,state,0,male,65-74,0.0293884215150948,0.010242662939920915,0.0634992730071011
mortality_rate,state,0,male,75-84,0.06659941062870128,0.023386158879978688,0.1554132168579699
mortality_rate,state,0,male,85+,0.11513884837756777,0.03931446254722371,0.2961615742411233
qualifying_event_rate,state,0,male,0-17,0.016537916346881846,0.006689416115145686,0.031926548553736035
qualifying_event_rate,state,0,male,18-44,0.022368098801341798,0.009312439541905485,0.04296584151452768
qualifying_event_rate,state,0,male,45-64,0.029308113049048016,0.012187283625323524,0.05495787592899172
qualifying_event_rate,state,0,male,65-74,0.039692167698090766,0.016685836702204967,0.07341758151224517
qualifying_event_rate,state,0,male,75-84,0.03743010649959579,0.01440702353992681,0.07244990384486452
qualifying_event_rate,state,0,male,85+,0.023400389119734005,0.0,0.05526466693452622
person_years_exposure,state,0,female,0-17,9531.376658558676,8439.838654787265,10343.604193062934
person_years_exposure,state,0,female,18-44,9501.200717941423,8413.724590848231,10312.6590168315
person_years_exposure,state,0,female,45-64,9222.036810210377,8147.538963619536,10034.412693417782
person_years_exposure,state,0,female,65-74,2781.399739478994,2362.72906247615,3091.070073049202
person_years_exposure,state,0,female,75-84,821.4595663410763,605.2512742699405,975.9700248929604
person_years_exposure,state,0,female,85+,108.03797932978405,64.50155136506648,143.72950526441386
person_years_exposure,state,0,female,18-64,18723.2375281518,16560.53863596871,20342.295520266885
person_years_exposure,state,0,female,65+,3710.8972851498543,3046.5840339167057,4189.532211754686
mortality_rate,state,0,female,0-17,0.0008264746729085006,0.0001926026323848799,0.0019481082294289145
mortality_rate,state,0,female,18-44,0.0012635635695054702,0.0003137275770908731,0.0028926914988797407
mortality_rate,state,0,female,45-64,0.006627139309245048,0.002263766496637601,0.013721418383302781
mortality_rate,state,0,female,65-74,0.034634897935165186,0.012341214849344603,0.07534352320810132
mortality_rate,state,0,female,75-84,0.08454025102827913,0.030136158390927554,0.20685382299064048
mortality_rate,state,0,female,85+,0.10613968230123594,0.03193186625034787,0.27443082980539324
qualifying_event_rate,state,0,female,0-17,0.016449115427934258,0.006584265839935845,0.031758513108885965
qualifying_event_rate,state,0,female,18-44,0.02323575563540274,0.009646744132050097,0.04419428623888841
qualifying_event_rate,state,0,female,45-64,0.028643706997573137,0.012102788581699418,0.054476281386786854
qualifying_event_rate,state,0,female,65-74,0.03869887115319401,0.01636862255867137,0.07263720837655464
qualifying_event_rate,state,0,female,75-84,0.035235284724640735,0.013284996255016774,0.06842985586018066
qualifying_event_rate,state,0,female,85+,0.024404725187920036,0.0,0.060794183064586026
person_years_exposure,state,1,male,0-17,7378.893011161935,6748.120069203109,8013.924940413522
person_years_exposure,state,1,male,18-44,8843.883936256358,8102.783900535444,9597.256413251069
person_years_exposure,state,1,male,45-64,7247.518512073452,6624.673125833016,7875.249697033183
person_years_exposure,state,1,male,65-74,1872.3596729911026,1638.8546950982993,2088.506379407817
person_years_exposure,state,1,male,75-84,666.3036943298536,499.1171579529315,799.0279487941589
person_years_exposure,state,1,male,85+,77.28133515653676,42.85301441653006,107.45449966395579
person_years_exposure,state,1,male,18-64,16091.402448329809,14741.649516081492,17455.49928775583
person_years_exposure,state,1,male,65+,2615.944702477493,2197.7782924933244,2979.115603219549
mortality_rate,state,1,male,0-17,0.006224402379770736,0.002058253816314346,0.013117206837209483
mortality_rate,state,1,male,18-44,0.0010540860153233468,0.00022880133655474782,0.0023152005185326837
mortality_rate,state,1,male,45-64,0.00811147785818918,0.0028444481322074384,0.01722693944095865
mortality_rate,state,1,male,65-74,0.03673699639314253,0.012794404191978352,0.0803320771267454
mortality_rate,state,1,male,75-84,0.08106993836887265,0.02791294645008359,0.19439908428217065
mortality_rate,state,1,male,85+,0.11793842412787808,0.034291369049860174,0.3330500891199515
qualifying_event_rate,state,1,male,0-17,0.016042445405047245,0.0065382563224648345,0.030607199445746906
qualifying_event_rate,state,1,male,18-44,0.022828059174238906,0.009358121588889223,0.043044532040729166
qualifying_event_rate,state,1,male,45-64,0.03277155057920026,0.013737206413582866,0.06030616551020429
qualifying_event_rate,state,1,male,65-74,0.045072254132243174,0.01845484428641933,0.0832208850254234
qualifying_event_rate,state,1,male,75-84,0.040677084911117746,0.015642530767633174,0.07854723080195855
qualifying_event_rate,state,1,male,85+,0.02453509341241023,0.0,0.06653435022189817
person_years_exposure,state,1,female,0-17,7155.435009322518,6555.546302293157,7758.010897420246
person_years_exposure,state,1,female,18-44,8198.188239661506,7505.073369528912,8906.45040570823
person_years_exposure,state,1,female,45-64,7629.051851655659,6965.444011147899,8302.706047627098
person_years_exposure,state,1,female,65-74,2056.2667304363936,1809.1986348895734,2292.6700989859437
person_years_exposure,state,1,female,75-84,637.7256213038742,478.5070037252696,767.2063269712867
person_years_exposure,state,1,female,85+,55.98706599677814,30.66312733361604,80.03256025797465
person_years_exposure,state,1,female,18-64,15827.240091317166,14474.759849269343,17202.791279551962
person_years_exposure,state,1,female,65+,2749.979417737046,2326.4463146054945,3120.9571124879717
mortality_rate,state,1,female,0-17,0.0018190526871241018,0.000527712392720795,0.0039495316369149
mortality_rate,state,1,female,18-44,0.0012366940877891201,0.00025397483671728727,0.002687248096923252
mortality_rate,state,1,female,45-64,0.007531090264189393,0.0025222842021449064,0.015864800439977643
mortality_rate,state,1,female,65-74,0.03544679006693416,0.012166038216050517,0.0768347676074617
mortality_rate,state,1,female,75-84,0.08865867388736118,0.030587283645867096,0.2087503234448981
mortality_rate,state,1,female,85+,0.09261292755686246,0.019018361646060918,0.2667629732620904
qualifying_event_rate,state,1,female,0-17,0.018224509999056896,0.007252822126709732,0.03481379855131142
qualifying_event_rate,state,1,female,18-44,0.024290324354494557,0.010313983607859544,0.04569172440632953
qualifying_event_rate,state,1,female,45-64,0.028230636365847134,0.011794040019911722,0.05275048502115717
qualifying_event_rate,state,1,female,65-74,0.04322820552557048,0.018005215699325897,0.08034199823840432
qualifying_event_rate,state,1,female,75-84,0.036834739451865176,0.01373547283550833,0.07178655217708506
qualifying_event_rate,state,1,female,85+,0.025859131852362514,0.0,0.07415964751661541
person_years_exposure,state,2,male,0-17,2291.1027459573575,1914.3730231829466,2714.106271103941
person_years_exposure,state,2,male,18-44,2581.961734972809,2148.743604055313,3059.3416332442525
person_years_exposure,state,2,male,45-64,2534.1532331774,2097.260142847089,3019.819103720611
person_years_exposure,state,2,male,65-74,723.0140970439163,585.0903595856569,875.0255787663556
person_years_exposure,state,2,male,75-84,192.04292269247236,130.44194331190752,251.27254929048988
person_years_exposure,state,2,male,85+,68.10268050971752,7.808037320729811,228.08086015138053
person_years_exposure,state,2,male,18-64,5116.114968150209,4247.443410694114,6075.762977869805
person_years_exposure,state,2,male,65+,983.1597002461061,741.3250816479657,1280.1627829684767
mortality_rate,state,2,male,0-17,0.0017462698382991239,0.0,0.004289010374275265
mortality_rate,state,2,male,18-44,0.0011861310752485199,0.0,0.002970603795508309
mortality_rate,state,2,male,45-64,0.009519341595753218,0.0029142400227736747,0.021179771308879443
mortality_rate,state,2,male,65-74,0.03171746496208771,0.009568947330382643,0.07194929202538418
mortality_rate,state,2,male,75-84,0.09425921305721237,0.03020386231733113,0.23225666780807872
mortality_rate,state,2,male,85+,0.05911219161083691,0.0,0.2210821433666446
qualifying_event_rate,state,2,male,0-17,0.021198700700236047,0.008125879894320594,0.040985177089219366
qualifying_event_rate,state,2,male,18-44,0.03196731565098225,0.013158743746157853,0.06020304170371365
qualifying_event_rate,state,2,male,45-64,0.03724861173932987,0.015432601626124486,0.07003228625738908
qualifying_event_rate,state,2,male,65-74,0.04759267264680014,0.018903382070752595,0.08921980851982253
qualifying_event_rate,state,2,male,75-84,0.05194973127364823,0.015731377549867222,0.09891572611971232
qualifying_event_rate,state,2,male,85+,0.013345096914769938,0.0,0.06839808185491171
person_years_exposure,state,2,female,0-17,2333.935961559642,1942.7835935989806,2769.9760746265333
person_years_exposure,state,2,female,18-44,2610.4767478366352,2189.7659181407926,3078.632778345437
person_years_exposure,state,2,female,45-64,2446.1320655965783,2044.218523639823,2888.4244743069376
person_years_exposure,state,2,female,65-74,686.0964252102428,546.7015230601103,832.189481029292
person_years_exposure,state,2,female,75-84,149.8880337594702,101.03914137286982,201.9078692854647
person_years_exposure,state,2,female,85+,16.693764876724497,7.736569274231739,28.43153404969455
person_years_exposure,state,2,female,18-64,5056.608813433213,4235.0062830834895,5973.196520245293
person_years_exposure,state,2,female,65+,852.6782238464375,664.2103518815773,1049.2625619571452
mortality_rate,state,2,female,0-17,0.0020386378944526984,0.00035879433127699987,0.004798822050161958
mortality_rate,state,2,female,18-44,0.0022123543852049,0.0003570267124837218,0.005247254911722816
mortality_rate,state,2,female,45-64,0.008332118182757723,0.00242293594829971,0.017668458532402478
mortality_rate,state,2,female,65-74,0.03739496199934268,0.012001228147811172,0.08613604289301872
mortality_rate,state,2,female,75-84,0.07662612748109107,0.021781755304786616,0.19047380653207147
mortality_rate,state,2,female,85+,0.07808041338459219,0.0,0.275121144476456
qualifying_event_rate,state,2,female,0-17,0.024071304891002787,0.009491344182237276,0.04625369241705533
qualifying_event_rate,state,2,female,18-44,0.02952563236186765,0.012123795768319373,0.05550929020528023
qualifying_event_rate,state,2,female,45-64,0.04202845273033281,0.01788426810360343,0.07740335637646882
qualifying_event_rate,state,2,female,65-74,0.04959699496361951,0.01986927573062853,0.09234810187178123
qualifying_event_rate,state,2,female,75-84,0.04186185447215332,0.00838528510315211,0.08755227874226443
qualifying_event_rate,state,2,female,85+,0.0209065973560066,0.0,0.09162903563877683
person_years_exposure,state,3,male,0-17,3692.8995423901342,3287.4952880089113,4098.294597912191
person_years_exposure,state,3,male,18-44,4325.818725042292,3883.823612284815,4782.818247623422
person_years_exposure,state,3,male,45-64,4403.427227027463,3933.0779109556197,4872.305698540765
person_years_exposure,state,3,male,65-74,1149.0348930488667,981.0240613216902,1305.5518825291194
person_years_exposure,state,3,male,75-84,356.129741628836,257.4334534160593,433.94708779055725
person_years_exposure,state,3,male,85+,49.67645065336803,27.26927089403565,69.81189903874063
person_years_exposure,state,3,male,18-64,8729.245952069756,7829.3916956370085,9654.507229581899
person_years_exposure,state,3,male,65+,1554.8410853310706,1278.6367705533683,1798.557022594454
mortality_rate,state,3,male,0-17,0.007176726413290587,0.0022303042656536013,0.015702755881352566
mortality_rate,state,3,male,18-44,0.0010826971388577075,0.0,0.002712918079611755
mortality_rate,state,3,male,45-64,0.008024977028541594,0.00256654385274397,0.017728377030526536
mortality_rate,state,3,male,65-74,0.03437343102670733,0.011353038358214136,0.07641213165051876
mortality_rate,state,3,male,75-84,0.0856557796457294,0.028717337571767726,0.20996746643970218
mortality_rate,state,3,male,85+,0.10255233295418144,0.017371719063579476,0.2936391868611176
qualifying_event_rate,state,3,male,0-17,0.027304298449651047,0.011045978747460581,0.05258238740081769
qualifying_event_rate,state,3,male,18-44,0.04053084253059792,0.016945455095159292,0.0752818087372622
qualifying_event_rate,state,3,male,45-64,0.0434081114491218,0.01809316323471779,0.08043767810476758
qualifying_event_rate,state,3,male,65-74,0.06448706621972458,0.027330474190910056,0.1162978087624983
qualifying_event_rate,state,3,male,75-84,0.0498804305330683,0.01874749396397962,0.09425768634743814
qualifying_event_rate,state,3,male,85+,0.028603558592236483,0.0,0.0814485142737571
person_years_exposure,state,3,female,0-17,3997.203897925507,3576.8650705632617,4419.879237490406
person_years_exposure,state,3,female,18-44,4433.452322476746,3982.5361137816767,4898.206014944857
person_years_exposure,state,3,female,45-64,4303.397330309976,3853.363032982551,4757.113655190167
person_years_exposure,state,3,female,65-74,1195.7711637123514,1030.530748044427,1355.7603982635187
person_years_exposure,state,3,female,75-84,443.16407085704174,329.5462377842482,534.1920167482162
person_years_exposure,state,3,female,85+,62.998637390843214,37.7103953272199,83.64120731015142
person_years_exposure,state,3,female,18-64,8736.849652786721,7836.418195190052,9653.407729741546
person_years_exposure,state,3,female,65+,1701.9338719602363,1415.4318841096908,1965.6017304167683
mortality_rate,state,3,female,0-17,0.0012049438489989584,0.00023015406359213922,0.002987578999350746
mortality_rate,state,3,female,18-44,0.0016450913998289774,0.0004050335423991388,0.0038236507588025395
mortality_rate,state,3,female,45-64,0.00701333156740515,0.002184962054987442,0.015595164994014508
mortality_rate,state,3,female,65-74,0.032698690921135865,0.010549475590156421,0.07453540193814946
mortality_rate,state,3,female,75-84,0.07694196059413509,0.025984648875054746,0.18902038992930423
mortality_rate,state,3,female,85+,0.11616686135231437,0.03289631752303021,0.31844363104918033
qualifying_event_rate,state,3,female,0-17,0.02797755575291792,0.011270993947203522,0.053060340934948776
qualifying_event_rate,state,3,female,18-44,0.04058801367778598,0.017174509958329594,0.07527895776836908
qualifying_event_rate,state,3,female,45-64,0.053157362098274374,0.022848796533904835,0.09677642119760901
qualifying_event_rate,state,3,female,65-74,0.05814968957899858,0.024250090698316306,0.10511307748458681
qualifying_event_rate,state,3,female,75-84,0.056185068047227345,0.02193322594283929,0.10545259201934737
qualifying_event_rate,state,3,female,85+,0.03337794548463872,0.0,0.08539401485345524
person_years_exposure,state,4,male,0-17,2120.379215907265,1863.9984053042049,2364.6567583374276
person_years_exposure,state,4,male,18-44,2455.12539525775,2160.473709526294,2723.7106001434117
person_years_exposure,state,4,male,45-64,2247.844051435843,1968.303427017871,2506.586278319495
person_years_exposure,state,4,male,65-74,570.5532693168537,479.1235710099724,656.6629237393628
person_years_exposure,state,4,male,75-84,196.17650900743692,130.53008223757766,260.4480610163421
person_years_exposure,state,4,male,85+,5.324329122712855,1.030650465939096,10.009689261510054
person_years_exposure,state,4,male,18-64,4702.9694466935925,4139.532681739728,5225.997703929971
person_years_exposure,state,4,male,65+,772.0541074470035,623.6841919577882,918.1701206643803
mortality_rate,state,4,male,0-17,0.0029404472721084635,0.00046292722480431066,0.007030574959264222
mortality_rate,state,4,male,18-44,0.0010908700066494276,0.0,0.00292412000563093
mortality_rate,state,4,male,45-64,0.008910664929560252,0.00255608983140001,0.0198959326722388
mortality_rate,state,4,male,65-74,0.03396638802796004,0.009483639874719386,0.07910545053280027
mortality_rate,state,4,male,75-84,0.09350359491721566,0.029087476460285807,0.24176109683747596
mortality_rate,state,4,male,85+,0.01010960985482145,0.0,0.10383283584109171
qualifying_event_rate,state,4,male,0-17,0.026828328650830315,0.010291502991974951,0.05138002431458236
qualifying_event_rate,state,4,male,18-44,0.036937435184132165,0.015371858670094427,0.06993874453135436
qualifying_event_rate,state,4,male,45-64,0.0432497752403687,0.017724632095440094,0.0801266797082522
qualifying_event_rate,state,4,male,65-74,0.06759682179719471,0.027694768720142614,0.12316067553804791
qualifying_event_rate,state,4,male,75-84,0.0532433887365158,0.016804806950878545,0.10027622447131553
qualifying_event_rate,state,4,male,85+,0.018129478955747142,0.0,0.14328230585949733
person_years_exposure,state,4,female,0-17,1896.1347332547507,1668.1045449882706,2111.444459402221
person_years_exposure,state,4,female,18-44,2133.8180610446657,1876.8661541762694,2367.9521937539084
person_years_exposure,state,4,female,45-64,2449.6812368927795,2151.5596936368265,2725.4096842012655
person_years_exposure,state,4,female,65-74,630.7413736101392,528.7381163773252,734.0226896335441
person_years_exposure,state,4,female,75-84,166.68341952233055,117.01486832165685,211.0630566410299
person_years_exposure,state,4,female,85+,14.066361611756417,6.30462027198842,20.921864351530058
person_years_exposure,state,4,female,18-64,4583.499297937446,4032.78178672085,5085.964256865971
person_years_exposure,state,4,female,65+,811.4911547442263,663.4217171207805,961.9766056519873
mortality_rate,state,4,female,0-17,0.0008000960148785878,0.0,0.0023107055632211114
mortality_rate,state,4,female,18-44,0.001988302498092498,0.0,0.004830668659491367
mortality_rate,state,4,female,45-64,0.00704631696924146,0.0019770415851178827,0.01574424177467027
mortality_rate,state,4,female,65-74,0.033729896548317415,0.010310881005863162,0.07922843400240415
mortality_rate,state,4,female,75-84,0.08563023631035843,0.024991019784021823,0.21992251920201586
mortality_rate,state,4,female,85+,0.01305263963964095,0.0,0.10341403390280395
qualifying_event_rate,state,4,female,0-17,0.02907307369931692,0.010975213846911077,0.05611462201669255
qualifying_event_rate,state,4,female,18-44,0.03853652331716353,0.015010219515195069,0.07210624560145845
qualifying_event_rate,state,4,female,45-64,0.04996385079380724,0.021455095115136946,0.09071980317149195
qualifying_event_rate,state,4,female,65-74,0.05064512705123102,0.02040308012637441,0.09487086677245324
qualifying_event_rate,state,4,female,75-84,0.04728628295888209,0.012543231887702276,0.09507542780034643
qualifying_event_rate,state,4,female,85+,0.02390704940742758,0.0,0.11123837857621696
person_years_exposure,state,5,male,0-17,16915.14975373348,15478.195217806002,18197.25673290318
person_years_exposure,state,5,male,18-44,18547.089072640236,16947.173629601875,20005.1449252792
person_years_exposure,state,5,male,45-64,16823.751735133585,15381.177222804548,18120.684605384416
person_years_exposure,state,5,male,65-74,4560.246979281152,3929.546492848654,5065.06995375812
person_years_exposure,state,5,male,75-84,1303.2935047071087,960.7470044008204,1547.608567416885
person_years_exposure,state,5,male,85+,176.0239453083234,110.51954575626718,230.671647934114
person_years_exposure,state,5,male,18-64,35370.84080777382,32352.017383396935,38139.02257814034
person_years_exposure,state,5,male,65+,6039.5644292965835,5027.929776732776,6815.938784281287
mortality_rate,state,5,male,0-17,0.001266662226580107,0.00037571579864465577,0.0027477754943412984
mortality_rate,state,5,male,18-44,0.001087524305148478,0.0003153529170961064,0.0023714263103149554
mortality_rate,state,5,male,45-64,0.008682415378028054,0.0031017778793798138,0.018694360142490072
mortality_rate,state,5,male,65-74,0.037355169575306706,0.013478968400040236,0.08452995303403847
mortality_rate,state,5,male,75-84,0.08675644692856248,0.03168539109700313,0.20900802126306098
mortality_rate,state,5,male,85+,0.11041009368219215,0.037753572815784724,0.26964198454909366
qualifying_event_rate,state,5,male,0-17,0.014623915617516298,0.006004984407382943,0.027953080080222882
qualifying_event_rate,state,5,male,18-44,0.022549363942925338,0.009559761132433718,0.042648214449329744
qualifying_event_rate,state,5,male,45-64,0.02803477898490407,0.011989366233869207,0.0519155058140899
qualifying_event_rate,state,5,male,65-74,0.03911736673967665,0.017039190031359258,0.07215670091025965
qualifying_event_rate,state,5,male,75-84,0.03886141361499111,0.015655305540403876,0.07192202604284409
qualifying_event_rate,state,5,male,85+,0.025184867563199886,0.004528454471743906,0.05559378109812051
person_years_exposure,state,5,female,0-17,16584.529072775218,15145.543919093487,17879.879308737785
person_years_exposure,state,5,female,18-44,18886.765213069422,17272.45581363614,20406.472252270913
person_years_exposure,state,5,female,45-64,16361.703367471633,14914.686267095232,17644.073957602355
person_years_exposure,state,5,female,65-74,4468.650607573041,3858.039700030602,4949.263406426986
person_years_exposure,state,5,female,75-84,1538.365005786742,1136.601685374933,1827.0509487708764
person_years_exposure,state,5,female,85+,188.08871420377181,116.14572384795177,247.54797936099425
person_years_exposure,state,5,female,18-64,35248.468580541055,32245.233762241118,38000.42562768533
person_years_exposure,state,5,female,65+,6195.104327563555,5138.428895650783,7002.8055133944645
mortality_rate,state,5,female,0-17,0.0013672263220740129,0.0004089675243661989,0.002918009748040361
mortality_rate,state,5,female,18-44,0.001566568017866599,0.0004951616744152296,0.0033973317388048293
mortality_rate,state,5,female,45-64,0.008563519725568874,0.003031426677176273,0.017936804681666096
mortality_rate,state,5,female,65-74,0.03906218842546324,0.013652355290450916,0.08610156587664779
mortality_rate,state,5,female,75-84,0.08859809046943655,0.03200511883879889,0.21183387392433725
mortality_rate,state,5,female,85+,0.10813736736229333,0.037590111594702505,0.26989757022509736
qualifying_event_rate,state,5,female,0-17,0.015841017803982643,0.006558636095438717,0.030024254579546744
qualifying_event_rate,state,5,female,18-44,0.020948795972969596,0.00880896185307403,0.03925833950899285
qualifying_event_rate,state,5,female,45-64,0.02748672811656581,0.011845449991657944,0.05103540040595355
qualifying_event_rate,state,5,female,65-74,0.03824597165486726,0.016432370708752843,0.06996001062572718
qualifying_event_rate,state,5,female,75-84,0.04092125135889435,0.01689835983652613,0.07629918397453156
qualifying_event_rate,state,5,female,85+,0.02811523423588088,0.005688224795930127,0.06130033422010517
