estimand,level,unit,sex,age_band,estimate,lower,upper
children_under_16,county,0,,,4730.324927361644,3400.455817420436,6060.194037302852
children_under_16,county,1,,,486.001913248502,175.50069076080973,796.5031357361943
children_under_16,county,2,,,1221.41783545572,829.9153508013228,1612.9203201101172
children_under_16,county,3,,,678.801841011661,236.00538292980423,1121.5982990935179
children_under_16,county,4,,,806.0896420928495,454.6157762046567,1157.5635079810424
children_under_16,county,5,,,537.3872102542831,338.01510073715616,736.75931977141
children_under_16,county,6,,,667.4404165199288,453.06250604636125,881.8183269934964
children_under_16,county,7,,,357.9048798721817,203.27662376020876,512.5331359841547
children_under_16,county,8,,,600.6421079351337,377.640632814405,823.6435830558623
children_under_16,county,9,,,285.8163104158274,167.9738131543494,403.6588076773054
children_under_16,county,10,,,1050.3311947940908,747.0782945502613,1353.5840950379204
children_under_16,county,11,,,224.71405431061686,144.07317002621355,305.35493859502014
children_under_16,county,12,,,380.3818329656903,244.3493985816169,516.4142673497637
children_under_16,county,13,,,910.1192794069674,492.21144132914253,1328.0271174847921
children_under_16,county,14,,,585.742432395886,299.1011458405977,872.3837189511743
children_under_16,county,15,,,93.02606886637605,56.935808668802935,129.11632906394917
children_under_16,county,16,,,592.3399678517624,290.17524728794393,894.5046884155809
children_under_16,county,17,,,518.3440737686047,251.43679983632074,785.2513477008888
children_under_16,nation,0,,,14726.825988527728,12506.17985790211,16947.472119153346
children_under_16,state,0,,,5780.656122155735,4632.490229090054,6928.822015221416
children_under_16,state,1,,,1396.1211926554693,757.5661598402086,2034.67622547073
children_under_16,state,2,,,1888.8582519756487,1351.358433054053,2426.3580708972445
children_under_16,state,3,,,1782.888347176152,987.0900281616847,2578.6866661906192
children_under_16,state,4,,,1398.429609944612,838.7537553938923,1958.1054644953315
children_under_16,state,5,,,2479.8724646201094,1882.696844958242,3077.048084281977
elders_65_plus,county,0,,,1967.4197971551523,1414.3054012731027,2520.534193037202
elders_65_plus,county,1,,,221.69538571316707,80.05666700174228,363.3341044245918
elders_65_plus,county,2,,,532.1588378334181,361.5853443123857,702.7323313544506
elders_65_plus,county,3,,,313.76427070710355,109.08935772413244,518.4391836900746
elders_65_plus,county,4,,,405.56682742779066,228.73024093852277,582.4034139170585
elders_65_plus,county,5,,,311.92562411994186,196.20037330161244,427.6508749382713
elders_65_plus,county,6,,,311.0716954431431,211.15730844170827,410.9860824445779
elders_65_plus,county,7,,,176.05511102394777,99.99273711344124,252.1174849344543
elders_65_plus,county,8,,,311.0743400637217,195.58121064444904,426.5674694829944
elders_65_plus,county,9,,,153.5086864386132,90.21682274148245,216.80055013574398
elders_65_plus,county,10,,,492.9440430305134,350.6206392814436,635.2674467795832
elders_65_plus,county,11,,,122.58335745600425,78.59309447877557,166.57362043323292
elders_65_plus,county,12,,,199.33967792532889,128.0516738529433,270.6276819977145
elders_65_plus,county,13,,,444.11145124325964,240.18471256829042,648.0381899182289
elders_65_plus,county,14,,,348.1344766949596,177.7699806724991,518.4989727174201
elders_65_plus,county,15,,,43.40973115223182,26.568554141504585,60.25090816295906
elders_65_plus,county,16,,,262.1513967502592,128.42261287005275,395.8801806304657
elders_65_plus,county,17,,,194.0119342468971,94.11073135731705,293.9131371364772
elders_65_plus,nation,0,,,6810.926644425454,5777.447588020252,7844.405700830655
elders_65_plus,state,0,,,2460.3638401856656,1969.3532308177892,2951.374449553542
elders_65_plus,state,1,,,665.8068369564267,368.47724303720173,963.1364308756515
elders_65_plus,state,2,,,843.2305332765612,603.3052850454006,1083.1557815077217
elders_65_plus,state,3,,,855.9106816489602,467.16334563110024,1244.6580176668203
elders_65_plus,state,4,,,667.7182241780499,395.2325661402194,940.2038822158804
elders_65_plus,state,5,,,1317.8965281797896,992.3337381874,1643.4593181721793
households,county,0,,,7914.320864161919,5689.312856248494,10139.328872075344
households,county,1,,,875.7961127078521,316.25970712438084,1435.3325182913234
households,county,2,,,2283.900170107321,1551.8389824090082,3015.961357805634
households,county,3,,,1183.7765299643913,411.5746546019777,1955.978405326805
households,county,4,,,1352.2261171093946,762.6240231022433,1941.8282111165458
households,county,5,,,1197.759260259558,753.3873328022125,1642.1311877169035
households,county,6,,,1276.0423021447295,866.1850689912442,1685.899535298215
households,county,7,,,711.7584916916313,404.252278357882,1019.2647050253806
households,county,8,,,1202.9513191298915,756.329420464467,1649.573217795316
households,county,9,,,602.8058447326343,354.2680828261862,851.3436066390825
households,county,10,,,2296.2924329839925,1633.3040883915319,2959.280777576453
households,county,11,,,518.3166964533259,332.3135696369179,704.3198232697339
households,county,12,,,792.3858938934256,509.01226041170986,1075.7595273751415
households,county,13,,,1869.0529676845906,1010.8227305590038,2727.2832048101773
households,county,14,,,1048.4795123636727,535.3913361810394,1561.567688546306
households,county,15,,,221.83924348329933,135.774808890827,307.90367807577167
households,county,16,,,1118.628723100107,547.9933551102257,1689.2640910899881
households,county,17,,,890.0389603050407,431.73744860570645,1348.340472004375
households,nation,0,,,27356.37144227678,23284.769571290384,31427.973313263177
households,state,0,,,10210.613297145912,8163.5447995052555,12257.681794786567
households,state,1,,,2744.849080392443,1546.5292902275114,3943.1688705573742
households,state,2,,,3559.9424722520507,2546.950990696716,4572.9339538073855
households,state,3,,,3122.2950026331046,1731.9735781954626,4512.616427070747
households,state,4,,,2470.8548402095016,1503.3669205265246,3438.3427598924786
households,state,5,,,5247.816749643766,3965.579451046044,6530.054048241489
low_income_household_share,county,0,,,0.2509623013432744,0.14422558554170228,0.35769901714484653
low_income_household_share,county,1,,,0.26900852324181446,0.1620911438471745,0.3759259026364544
low_income_household_share,county,2,,,0.3638117914635334,0.2463783557551671,0.48124522717189966
low_income_household_share,county,3,,,0.25456508487865864,0.14775570165938195,0.36137446809793533
low_income_household_share,county,4,,,0.2616931475408826,0.15466226633271096,0.3687240287490542
low_income_household_share,county,5,,,0.3517764303190901,0.23964130369954295,0.4639115569386373
low_income_household_share,county,6,,,0.32324318934955176,0.20826351349455596,0.43822286520454756
low_income_household_share,county,7,,,0.431759283570838,0.3228591597251102,0.5406594074165658
low_income_household_share,county,8,,,0.3732549278843085,0.2601149687467842,0.48639488702183276
low_income_household_share,county,9,,,0.42824290679176963,0.31784715689383325,0.538638656689706
low_income_household_share,county,10,,,0.3326045024391524,0.2237407322515247,0.4414682726267801
low_income_household_share,county,11,,,0.36875076324359224,0.25918696852931294,0.47831455795787153
low_income_household_share,county,12,,,0.4199710490352942,0.31120579981063806,0.5287362982599504
low_income_household_share,county,13,,,0.27787767325380336,0.17094364748273305,0.38481169902487367
low_income_household_share,county,14,,,0.28829665703708485,0.18109408706484814,0.39549922700932155
low_income_household_share,county,15,,,0.3856634858765848,0.2753399906770837,0.49598698107608585
low_income_household_share,county,16,,,0.3473034375301129,0.23804494415426092,0.45656193090596486
low_income_household_share,county,17,,,0.2550515956198058,0.14835258265979234,0.3617506085798192
low_income_household_share,nation,0,,,0.30163605891102874,0.23509023791527622,0.36818187990678125
low_income_household_share,state,0,,,0.26671936442207717,0.19823024577181125,0.3352084830723431
low_income_household_share,state,1,,,0.2747766268937738,0.20655519674491074,0.34299805704263686
low_income_household_share,state,2,,,0.3491019978361882,0.2674151972986152,0.4307887983737613
low_income_household_share,state,3,,,0.2658830560944047,0.19773536766252303,0.3340307445262864
low_income_household_share,state,4,,,0.297218154080963,0.22746143215778447,0.3669748760041416
low_income_household_share,state,5,,,0.3901130907931027,0.3177114607495953,0.4625147208366101
mean_income_adults,county,0,,,38511.62790210464,29363.869689228573,47659.38611498071
mean_income_adults,county,1,,,24262.396597010968,18506.344069317598,30018.449124704337
mean_income_adults,county,2,,,29935.569816350602,21879.52170928185,37991.617923419355
mean_income_adults,county,3,,,26906.3626419936,20509.528675888854,33303.19660809835
mean_income_adults,county,4,,,32766.211478058467,24946.46707145732,40585.95588465961
mean_income_adults,county,5,,,27128.984416815867,20280.979768679354,33976.98906495238
mean_income_adults,county,6,,,32089.745897659173,23447.553861429653,40731.937933888694
mean_income_adults,county,7,,,20798.378808727462,15899.4854265808,25697.272190874122
mean_income_adults,county,8,,,27208.63831523049,20326.73747501956,34090.539155441424
mean_income_adults,county,9,,,23497.544116284305,17868.036508675337,29127.051723893273
mean_income_adults,county,10,,,34865.4716745614,26437.46215111629,43293.481198006506
mean_income_adults,county,11,,,24580.345266742093,18649.40092467777,30511.289608806415
mean_income_adults,county,12,,,20263.736926210626,15487.419091933742,25040.05476048751
mean_income_adults,county,13,,,26129.821884390065,19946.24134355016,32313.40242522997
mean_income_adults,county,14,,,27274.30087500886,20798.39757263977,33750.20417737795
mean_income_adults,county,15,,,24524.753218790232,18579.486960397277,30470.01947718319
mean_income_adults,county,16,,,27015.710265249843,20478.07258504003,33553.34794545965
mean_income_adults,county,17,,,27627.7025807702,21082.828750989123,34172.57641055128
mean_income_adults,nation,0,,,31444.43998307115,26431.72793591833,36457.15203022397
mean_income_adults,state,0,,,37809.8584735558,31335.452260030448,44284.26468708116
mean_income_adults,state,1,,,25492.76766231578,21174.473750013374,29811.061574618183
mean_income_adults,state,2,,,30717.07359377721,24257.698278239146,37176.44890931527
mean_income_adults,state,3,,,27230.11848588295,22579.156112512053,31881.08085925385
mean_income_adults,state,4,,,30377.624825930805,25113.99681736951,35641.2528344921
mean_income_adults,state,5,,,24428.10932217891,20110.37453191896,28745.84411243886
median_household_income,county,0,,,36465.62533137165,26157.601533275003,46773.6491294683
median_household_income,county,1,,,35732.99244492994,25640.793451987713,45825.19143787217
median_household_income,county,2,,,31155.52795898984,21507.02344830784,40804.03246967184
median_household_income,county,3,,,33635.7505123878,24121.679209203077,43149.82181557252
median_household_income,county,4,,,33409.481477165056,23933.888515268918,42885.074439061194
median_household_income,county,5,,,30621.931318889085,21579.229631819006,39664.633005959164
median_household_income,county,6,,,35095.52584436633,24220.740880775673,45970.310807956994
median_household_income,county,7,,,22661.392712617715,16293.372026545865,29029.413398689565
median_household_income,county,8,,,28260.700780245694,19903.027490510984,36618.374069980404
median_household_income,county,9,,,23280.408742907977,16659.474763268954,29901.342722547
median_household_income,county,10,,,29497.464658464964,21054.888786221767,37940.04053070816
median_household_income,county,11,,,27212.713189886672,19434.204544239004,34991.221835534336
median_household_income,county,12,,,23547.282473276402,16927.051826352712,30167.513120200092
median_household_income,county,13,,,37761.6079354475,27115.27228824306,48407.94358265194
median_household_income,county,14,,,33446.01959103756,23994.277156282747,42897.76202579238
median_household_income,county,15,,,26302.83585801673,18759.280561196643,33846.39115483682
median_household_income,county,16,,,25953.06345358513,18519.14437380216,33386.98253336811
median_household_income,county,17,,,35488.60256600266,25475.750866464085,45501.45426554123
median_household_income,nation,0,,,32945.27798193184,25686.094075845154,40204.46188801852
median_household_income,state,0,,,35121.58173858804,27051.78994781098,43191.37352936509
median_household_income,state,1,,,37071.335004813045,28596.524537629826,45546.145471996264
median_household_income,state,2,,,32584.178901473,24101.997408443174,41066.36039450282
median_household_income,state,3,,,34102.2458065783,26278.263655837174,41926.227957319425
median_household_income,state,4,,,30314.377128400305,23276.990314484778,37351.76394231583
median_household_income,state,5,,,26548.68547989986,20340.775550003957,32756.595409795766
persons,county,0,,,19638.45882970649,14117.362464124379,25159.5551952886
persons,county,1,,,1954.822843892379,705.9082486424356,3203.7374391423227
persons,county,2,,,4733.152594702761,3216.029668146547,6250.2755212589755
persons,county,3,,,2605.930904706885,906.0283633547101,4305.8334460590595
persons,county,4,,,3602.3839236672457,2031.6605971926415,5173.107250141849
persons,county,5,,,2442.119339840584,1536.0864548260674,3348.1522248551005
persons,county,6,,,2698.269156159987,1831.6010772190668,3564.937235100907
persons,county,7,,,1511.9409208907523,858.726055462932,2165.1557863185726
persons,county,8,,,2426.0212764035614,1525.3079961240292,3326.7345566830936
persons,county,9,,,1145.666050381349,673.3062042682554,1618.0258964944423
persons,county,10,,,4656.664772350526,3312.1868546443784,6001.142690056673
persons,county,11,,,958.1954819115253,614.337456583669,1302.0535072393818
persons,county,12,,,1673.340251713419,1074.9190647216465,2271.7614387051917
persons,county,13,,,3721.179744110953,2012.4914247362553,5429.86806348565
persons,county,14,,,2210.1665027759645,1128.590480930028,3291.742524621901
persons,county,15,,,339.76406693330705,207.94968704134095,471.57844682527315
persons,county,16,,,2549.233404151112,1248.8173575843487,3849.649450717876
persons,county,17,,,1941.910592573181,941.9762078399348,2941.844977306427
persons,nation,0,,,60809.220656871985,51688.68582139226,69929.75549235172
persons,state,0,,,24295.123602057018,19457.28750387414,29132.959700239895
persons,state,1,,,5676.002588003332,3094.603043387306,8257.402132619358
persons,state,2,,,7431.421750862748,5316.861870818777,9545.98163090672
persons,state,3,,,6758.008000056031,3721.616254835701,9794.399745276362
persons,state,4,,,6151.617327818358,3686.938459279209,8616.296196357507
persons,state,5,,,10497.0473880745,7924.591138446696,13069.503637702303
tertiary_share_25_plus,county,0,,,0.47344353920079785,0.4517218891396809,0.4951651892619148
tertiary_share_25_plus,county,1,,,0.4448180583890191,0.41223962749092335,0.47739648928711487
tertiary_share_25_plus,county,2,,,0.42834490640820455,0.40270307300617575,0.45398673981023335
tertiary_share_25_plus,county,3,,,0.36936046532070066,0.3391581685984114,0.3995627620429899
tertiary_share_25_plus,county,4,,,0.4456099130505557,0.41761923183747196,0.47360059426363943
tertiary_share_25_plus,county,5,,,0.38872902372652346,0.3585012377285004,0.4189568097245465
tertiary_share_25_plus,county,6,,,0.44431826473874725,0.41512851306536136,0.47350801641213314
tertiary_share_25_plus,county,7,,,0.38686581571615714,0.3512682066867042,0.42246342474561005
tertiary_share_25_plus,county,8,,,0.3963174939980418,0.36543861617416773,0.42719637182191583
tertiary_share_25_plus,county,9,,,0.36743133538959377,0.3287811508378252,0.4060815199413623
tertiary_share_25_plus,county,10,,,0.40199918201375745,0.3757817219268852,0.4282166421006297
tertiary_share_25_plus,county,11,,,0.3664735713298039,0.32610428596290336,0.40684285669670445
tertiary_share_25_plus,county,12,,,0.42735086960841795,0.3927309292724502,0.4619708099443857
tertiary_share_25_plus,county,13,,,0.4330398183363705,0.4061118263979098,0.4599678102748312
tertiary_share_25_plus,county,14,,,0.375153054106102,0.34434800372821583,0.40595810448398817
tertiary_share_25_plus,county,15,,,0.42849176541926937,0.3604328806235427,0.49655065021499606
tertiary_share_25_plus,county,16,,,0.39421391120192356,0.36353217494442097,0.42489564745942615
tertiary_share_25_plus,county,17,,,0.3588324037554886,0.3262436468474432,0.39142116066353394
tertiary_share_25_plus,nation,0,,,0.4289364309087104,0.40777138623008036,0.4501014755873405
tertiary_share_25_plus,state,0,,,0.4596359893818942,0.4380122533487939,0.4812597254149945
tertiary_share_25_plus,state,1,,,0.4370894943887572,0.4121838043120249,0.46199518446548954
tertiary_share_25_plus,state,2,,,0.4341326971332427,0.4103821045226849,0.4578832897438005
tertiary_share_25_plus,state,3,,,0.3682191996486726,0.3439116802024689,0.39252671909487635
tertiary_share_25_plus,state,4,,,0.4243228711022285,0.3986608504495977,0.4499848917548593
tertiary_share_25_plus,state,5,,,0.39333104619638554,0.37036074210053627,0.4163013502922348
person_years_exposure,county,0,male,0-17,13281.556995488983,11112.031665419756,17193.79898347803
person_years_exposure,county,0,male,18-44,16119.197369476586,13474.717928167232,20854.21675430413
person_years_exposure,county,0,male,45-64,13838.517287888362,11597.15316152671,17936.75538726909
person_years_exposure,county,0,male,65-74,3995.605556252666,3253.7460723201684,5274.259101613712
person_years_exposure,county,0,male,75-84,1317.8694755733563,932.6820302944201,1796.9406506135485
person_years_exposure,county,0,male,85+,168.91661056686524,85.15884158499476,255.16482316749082
person_years_exposure,county,0,male,18-64,29957.714657364948,25069.500502506715,38799.106746169
person_years_exposure,county,0,male,65+,5482.391642392888,4308.420615926209,7312.4525691174795
mortality_rate,county,0,male,0-17,0.0009400885640132972,0.00024423314653127995,0.002022360178993369
mortality_rate,county,0,male,18-44,0.0009279017377330914,0.00025782110700060384,0.0020347588022242426
mortality_rate,county,0,male,45-64,0.00723287640387977,0.002495438633573231,0.015197291266715802
mortality_rate,county,0,male,65-74,0.039525478787341854,0.014299225686435888,0.08663627776098388
mortality_rate,county,0,male,75-84,0.10467666949703382,0.03770832194166537,0.2493535746144943
mortality_rate,county,0,male,85+,0.15815220373500216,0.05691262247842535,0.4340844046533228
qualifying_event_rate,county,0,male,0-17,0.017539888683918814,0.013389404844903665,0.023162365019647482
qualifying_event_rate,county,0,male,18-44,0.0340514977215533,0.0267636663449715,0.04431429805227895
qualifying_event_rate,county,0,male,45-64,0.044638627753541694,0.035490728858214686,0.058041475108052965
qualifying_event_rate,county,0,male,65-74,0.0700197956069987,0.055188135622211316,0.09053944159901352
qualifying_event_rate,county,0,male,75-84,0.06295761862095527,0.04712953409177568,0.08640506103151109
qualifying_event_rate,county,0,male,85+,0.056453797860413164,0.027319477162701347,0.09966056096407433
person_years_exposure,county,0,female,0-17,13929.411367530813,11654.423634634819,18120.18567900324
person_years_exposure,county,0,female,18-44,16391.423862455486,13724.205250590245,21207.222939284708
person_years_exposure,county,0,female,45-64,14124.258469752538,11832.641333561147,18329.341655967415
person_years_exposure,county,0,female,65-74,3704.4161382757225,3034.7095658334097,4865.034501375781
person_years_exposure,county,0,female,75-84,1321.3267827434584,922.0398191067403,1817.6320159946447
person_years_exposure,county,0,female,85+,187.63249879152613,94.57919060951363,281.80148130047104
person_years_exposure,county,0,female,18-64,30515.682332208024,25543.944799751393,39556.6595970004
person_years_exposure,county,0,female,65+,5213.375419810706,4101.532832487365,6955.602018980391
mortality_rate,county,0,female,0-17,0.002716262482433022,0.0008687085105020264,0.005785762696859856
mortality_rate,county,0,female,18-44,0.0010289357897016436,0.00028922813760552126,0.0022347933469723837
mortality_rate,county,0,female,45-64,0.007465719643411303,0.002619089053038902,0.015728958618686336
mortality_rate,county,0,female,65-74,0.03508389100468188,0.012476762287717356,0.07664404788442791
mortality_rate,county,0,female,75-84,0.11334854194772107,0.04062549038363586,0.2743569499506669
mortality_rate,county,0,female,85+,0.15948229869897884,0.058934683548325414,0.4180409546551641
qualifying_event_rate,county,0,female,0-17,0.01749491354848602,0.013557034689331499,0.02314554051390789
qualifying_event_rate,county,0,female,18-44,0.03375598107845603,0.026599300059825397,0.04414543263113044
qualifying_event_rate,county,0,female,45-64,0.042968516810966646,0.033784660878933,0.05539131511934926
qualifying_event_rate,county,0,female,65-74,0.06471214198861085,0.051414545236590635,0.08444679750699878
qualifying_event_rate,county,0,female,75-84,0.06723328705250321,0.050985772068751656,0.09125215947210315
qualifying_event_rate,county,0,female,85+,0.04976114817040022,0.023182083550709835,0.08393245855136518
person_years_exposure,county,1,male,0-17,1275.2512220029323,781.380045371585,2360.5384590932954
person_years_exposure,county,1,male,18-44,1600.2451544740593,990.3775102332208,2997.131096384284
person_years_exposure,county,1,male,45-64,1483.172679335695,917.7139368679086,2761.8434705729182
person_years_exposure,county,1,male,65-74,366.5390338698035,224.24652867027805,687.776014440609
person_years_exposure,county,1,male,75-84,129.5286356247837,72.91058440681742,239.47789074112512
person_years_exposure,county,1,male,85+,10.917112988776042,4.167186113341691,20.651395203020446
person_years_exposure,county,1,male,18-64,3083.4178338097545,1909.3237166864237,5768.948684514374
person_years_exposure,county,1,male,65+,506.9847824833633,307.11594254458066,936.6683152807283
mortality_rate,county,1,male,0-17,0.03101745011708055,0.01023095828940217,0.06910154371256363
mortality_rate,county,1,male,18-44,0.0010115027308312584,0.0,0.0029815187609754067
mortality_rate,county,1,male,45-64,0.006733085273302649,0.001561836763773989,0.014846612650265063
mortality_rate,county,1,male,65-74,0.03529153897262905,0.008878472416941976,0.08171443654590109
mortality_rate,county,1,male,75-84,0.09848843093769319,0.02930325537678058,0.23353574606448513
mortality_rate,county,1,male,85+,0.12198889248043683,0.0,0.4993427688393562
qualifying_event_rate,county,1,male,0-17,0.027147301103445164,0.01756726809434508,0.03885865908269623
qualifying_event_rate,county,1,male,18-44,0.03617217834420066,0.02555186512971842,0.049422617624137535
qualifying_event_rate,county,1,male,45-64,0.04354395380941178,0.031312097629236896,0.058362955414327775
qualifying_event_rate,county,1,male,65-74,0.06896748579599962,0.044076721319895075,0.0965142973171508
qualifying_event_rate,county,1,male,75-84,0.05905331723276774,0.02506553057634373,0.09725288993901236
qualifying_event_rate,county,1,male,85+,0.04690218039669096,0.0,0.16772628309645046
person_years_exposure,county,1,female,0-17,1367.530502732197,845.0458263224484,2550.6592985039833
person_years_exposure,county,1,female,18-44,1591.0756547449566,982.9689869720132,2997.1516924064686
person_years_exposure,county,1,female,45-64,1403.173935615277,866.5945575199335,2629.1866200307086
person_years_exposure,county,1,female,65-74,389.8531423171926,239.21923934280218,723.6107068754646
person_years_exposure,county,1,female,75-84,167.48679506619757,96.03835339810186,311.5528117872736
person_years_exposure,county,1,female,85+,35.55586241549348,15.55272295238514,67.90334283470118
person_years_exposure,county,1,female,18-64,2994.249590360234,1851.0573943639329,5634.927368349658
person_years_exposure,county,1,female,65+,592.8957997988837,359.0042615645039,1093.1476272668542
mortality_rate,county,1,female,0-17,0.01999177013904154,0.006241652742877234,0.04378687883024542
mortality_rate,county,1,female,18-44,0.0010713443063920423,0.0,0.0030057565805512365
mortality_rate,county,1,female,45-64,0.007085290197391376,0.0016965206759385362,0.016152096515630425
mortality_rate,county,1,female,65-74,0.034320141213571104,0.009172212005804715,0.07902869921143187
mortality_rate,county,1,female,75-84,0.09195332659760135,0.02706635814830329,0.22227910638661974
mortality_rate,county,1,female,85+,0.13709967143556095,0.024971527257527576,0.39291061345654765
qualifying_event_rate,county,1,female,0-17,0.029920707718768053,0.020512265231537135,0.04210691354271898
qualifying_event_rate,county,1,female,18-44,0.0380995834193896,0.027455344511696882,0.05139581344630825
qualifying_event_rate,county,1,female,45-64,0.036710509767388794,0.025586040154694758,0.050187995637038414
qualifying_event_rate,county,1,female,65-74,0.07110297400942861,0.04615996411125141,0.09907025628970899
qualifying_event_rate,county,1,female,75-84,0.07191400896088082,0.038854434146666325,0.11007839220900739
qualifying_event_rate,county,1,female,85+,0.04594119376728911,0.0,0.11101220478950719
person_years_exposure,county,2,male,0-17,3329.790200008908,2480.5332220756445,4322.330938897713
person_years_exposure,county,2,male,18-44,3712.1207425413554,2757.7231056559,4814.67662968276
person_years_exposure,county,2,male,45-64,3298.3900835980494,2452.454274504084,4282.510356517906
person_years_exposure,county,2,male,65-74,922.9313353496577,676.1495546451199,1210.238926616999
person_years_exposure,county,2,male,75-84,314.5107969361953,205.2052644557874,432.7282702213513
person_years_exposure,county,2,male,85+,37.57808553907186,18.70628275863621,58.44518297129847
person_years_exposure,county,2,male,18-64,7010.510826139405,5209.001613771078,9093.92549002971
person_years_exposure,county,2,male,65+,1275.0202178249249,916.7630637093596,1692.5116357989998
mortality_rate,county,2,male,0-17,0.00924332118955052,0.0028664863110679,0.02008919385407791
mortality_rate,county,2,male,18-44,0.0009866590852706338,0.0,0.002365464106303472
mortality_rate,county,2,male,45-64,0.006986422081211968,0.002118284726158383,0.015422092495136748
mortality_rate,county,2,male,65-74,0.03736090558901214,0.011953230945850636,0.08311005203667227
mortality_rate,county,2,male,75-84,0.10757733652518887,0.03680442693787691,0.2600888003331011
mortality_rate,county,2,male,85+,0.12688063959139026,0.023514727848412503,0.35764340912152404
qualifying_event_rate,county,2,male,0-17,0.02244021001865226,0.016036572718290083,0.030483007438557207
qualifying_event_rate,county,2,male,18-44,0.038291474869345914,0.02924247062108958,0.05007574874695494
qualifying_event_rate,county,2,male,45-64,0.0459464504092046,0.03517392302745701,0.05999574387558856
qualifying_event_rate,county,2,male,65-74,0.054695272048191294,0.03963610476024983,0.07476044088183427
qualifying_event_rate,county,2,male,75-84,0.07851023761274749,0.051088381550127765,0.11118726209599487
qualifying_event_rate,county,2,male,85+,0.05361959274029749,0.0,0.11966016724485115
person_years_exposure,county,2,female,0-17,3444.212206289908,2565.1623887529986,4480.072879789174
person_years_exposure,county,2,female,18-44,4166.761401853145,3090.268779015859,5406.752581747103
person_years_exposure,county,2,female,45-64,3609.7045915766553,2682.981287752904,4679.94307848719
person_years_exposure,county,2,female,65-74,927.4560948429055,683.1364014797065,1212.2451005054256
person_years_exposure,county,2,female,75-84,357.4657576014274,235.63251330304112,489.09039908056315
person_years_exposure,county,2,female,85+,57.930921991658074,29.13844521692167,89.02551907901554
person_years_exposure,county,2,female,18-64,7776.4659934298,5777.491202949492,10070.77416663887
person_years_exposure,county,2,female,65+,1342.852774435991,965.1472839489994,1786.0386372803046
mortality_rate,county,2,female,0-17,0.01863973962834164,0.006354836249122884,0.04047802148339781
mortality_rate,county,2,female,18-44,0.0010123597950374482,0.0,0.0024869948907268687
mortality_rate,county,2,female,45-64,0.007371891767707525,0.0023167658841020343,0.016284059773309607
mortality_rate,county,2,female,65-74,0.03617946848893526,0.011740331526885237,0.08122435917276752
mortality_rate,county,2,female,75-84,0.09814838687848294,0.034190528726122764,0.2394186187635416
mortality_rate,county,2,female,85+,0.1489312104609693,0.042331792246720484,0.4123279543308166
qualifying_event_rate,county,2,female,0-17,0.029684508378153115,0.02208670712144889,0.03964772531142901
qualifying_event_rate,county,2,female,18-44,0.038099836870163835,0.028980622711342368,0.0489207028555292
qualifying_event_rate,county,2,female,45-64,0.04643325992759168,0.035836888049920294,0.060295572614665165
qualifying_event_rate,county,2,female,65-74,0.0691629101561183,0.05053831353533983,0.09053894587306975
qualifying_event_rate,county,2,female,75-84,0.07068990584469118,0.04625043407979319,0.10088631448184916
qualifying_event_rate,county,2,female,85+,0.05715421380542037,0.013112955707486815,0.11505869856724739
person_years_exposure,county,3,male,0-17,1512.3158513885846,933.4608539783712,2913.3338205653295
person_years_exposure,county,3,male,18-44,1934.599964879465,1250.3767147781684,3767.893056040731
person_years_exposure,county,3,male,45-64,2210.2653145676672,1419.6179517517994,4289.173986857975
person_years_exposure,county,3,male,65-74,595.7960951095745,378.5745852631596,1153.93050121411
person_years_exposure,county,3,male,75-84,205.54558068740215,119.19954789340649,400.1900604163067
person_years_exposure,county,3,male,85+,34.3699774872842,15.044976258521404,67.42733264200092
person_years_exposure,county,3,male,18-64,4144.865279447133,2666.3665343000343,8059.763706696715
person_years_exposure,county,3,male,65+,835.7116532842609,521.5207202204139,1607.0502784898786
mortality_rate,county,3,male,0-17,0.06034150076623088,0.021507107966484362,0.14112257525056426
mortality_rate,county,3,male,18-44,0.0010557637267802063,0.0,0.0030209814709092862
mortality_rate,county,3,male,45-64,0.007245577411883017,0.0018560905010306533,0.015977343992891618
mortality_rate,county,3,male,65-74,0.03646717514930947,0.01132594344030875,0.0820294123334744
mortality_rate,county,3,male,75-84,0.0978599983961895,0.02954760620258409,0.23467253500022875
mortality_rate,county,3,male,85+,0.15353809958008094,0.03087465926865607,0.4463794395026459
qualifying_event_rate,county,3,male,0-17,0.0068952093343632006,0.0033068971771016494,0.011512407906138156
qualifying_event_rate,county,3,male,18-44,0.018609255400246567,0.012301739632942729,0.026440159147077726
qualifying_event_rate,county,3,male,45-64,0.022135263293976904,0.01533930317774119,0.030657629812102176
qualifying_event_rate,county,3,male,65-74,0.03214811873215752,0.018861938354131347,0.04777606134291117
qualifying_event_rate,county,3,male,75-84,0.038952241257348266,0.016846631844672447,0.0665459686752735
qualifying_event_rate,county,3,male,85+,0.036368296098445003,0.0,0.10103833051279261
person_years_exposure,county,3,female,0-17,1696.339670292468,1095.4715961797112,3275.7683549713283
person_years_exposure,county,3,female,18-44,1856.5563103566233,1197.1614737996897,3625.069787626354
person_years_exposure,county,3,female,45-64,2044.614195586844,1313.6976457129133,3965.0190659010245
person_years_exposure,county,3,female,65-74,620.4807098810835,396.39990522195984,1197.313252831548
person_years_exposure,county,3,female,75-84,193.37966053009575,111.60230276083661,371.6692855610364
person_years_exposure,county,3,female,85+,10.650156745238037,3.623440409901292,20.570886925306578
person_years_exposure,county,3,female,18-64,3901.170505943467,2507.4593335154327,7620.935321480453
person_years_exposure,county,3,female,65+,824.5105271564173,519.7905620063477,1584.7395442265365
mortality_rate,county,3,female,0-17,0.011061270454027012,0.003150596437462068,0.024751929116737573
mortality_rate,county,3,female,18-44,0.001047017882197502,0.0,0.002948803410926735
mortality_rate,county,3,female,45-64,0.007922156630435079,0.0021711862604282027,0.017598629001999183
mortality_rate,county,3,female,65-74,0.034873661384748574,0.010177355577180632,0.07895338779594548
mortality_rate,county,3,female,75-84,0.08948849089163549,0.027045666019888077,0.22218549218165187
mortality_rate,county,3,female,85+,0.14974598553958196,0.0,0.5650318404480819
qualifying_event_rate,county,3,female,0-17,0.005569494171306564,0.002495308413349524,0.009314520168702682
qualifying_event_rate,county,3,female,18-44,0.020260322760897162,0.013400878519478273,0.028918591239505326
qualifying_event_rate,county,3,female,45-64,0.024292336979003605,0.01689351989217955,0.033731483534022194
qualifying_event_rate,county,3,female,65-74,0.03410747448338446,0.02071318631967652,0.05013883556150594
qualifying_event_rate,county,3,female,75-84,0.0416216224253878,0.01797376180130606,0.07030948738027737
qualifying_event_rate,county,3,female,85+,0.02710822359674463,0.0,0.1406039789217411
person_years_exposure,county,4,male,0-17,2185.1789253720076,1474.3082021537753,3359.147551962407
person_years_exposure,county,4,male,18-44,2664.5556178221245,1840.381994505265,4027.8282640657653
person_years_exposure,county,4,male,45-64,2760.6896556720494,1893.7736891953698,4179.0230215030815
person_years_exposure,county,4,male,65-74,823.7670293988879,553.9668011877901,1260.3882455112482
person_years_exposure,county,4,male,75-84,324.787918628819,196.54530794796597,513.0305783129479
person_years_exposure,county,4,male,85+,56.616252596498214,24.1733315845311,94.56036742451998
person_years_exposure,county,4,male,18-64,5425.245273494174,3738.5011757914535,8209.291750079314
person_years_exposure,county,4,male,65+,1205.171200624205,795.5959324270992,1847.9835155238266
mortality_rate,county,4,male,0-17,0.027925389517410592,0.009469095727210147,0.0618508017209617
mortality_rate,county,4,male,18-44,0.0009844218891343496,0.0,0.002556067486373139
mortality_rate,county,4,male,45-64,0.007175410677020764,0.0020504723073926766,0.015462690835082107
mortality_rate,county,4,male,65-74,0.03485263210849837,0.011029944759065756,0.07725671432545361
mortality_rate,county,4,male,75-84,0.10576258665579212,0.035417047098444475,0.2603978216415594
mortality_rate,county,4,male,85+,0.1476981189441505,0.04342114760535495,0.41730615186879766
qualifying_event_rate,county,4,male,0-17,0.017026548378030873,0.011294674648722523,0.024199659574847317
qualifying_event_rate,county,4,male,18-44,0.0277763862865407,0.01996393472014466,0.038025932671055175
qualifying_event_rate,county,4,male,45-64,0.036583292504464515,0.027282849322572272,0.04906713891895496
qualifying_event_rate,county,4,male,65-74,0.05180445825640811,0.035929917895645945,0.0705597647475562
qualifying_event_rate,county,4,male,75-84,0.06221546995811529,0.038239312038609856,0.09097307644212392
qualifying_event_rate,county,4,male,85+,0.06758773851066997,0.016342200182040596,0.13269053292278593
person_years_exposure,county,4,female,0-17,2242.690891266812,1546.8085573883486,3402.8555524272024
person_years_exposure,county,4,female,18-44,2796.7107238573103,1927.469830910979,4231.916626412186
person_years_exposure,county,4,female,45-64,2379.6643380446258,1627.9942955994081,3612.9228732399106
person_years_exposure,county,4,female,65-74,741.4776526381762,502.0873482488164,1134.1850578023405
person_years_exposure,county,4,female,75-84,231.44865337330523,141.47307631453734,357.6129501831071
person_years_exposure,county,4,female,85+,54.13814893625924,24.491873944119586,91.17377267020034
person_years_exposure,county,4,female,18-64,5176.375061901936,3554.5890988665014,7852.761543252082
person_years_exposure,county,4,female,65+,1027.0644549477406,677.9921530463654,1564.2050091387184
mortality_rate,county,4,female,0-17,0.003012607614611389,0.00047481990729648287,0.007110350704154771
mortality_rate,county,4,female,18-44,0.00106203863646412,0.0,0.0027688592463722033
mortality_rate,county,4,female,45-64,0.007416561024632639,0.0021190927526135318,0.016605339062617783
mortality_rate,county,4,female,65-74,0.03148647057005768,0.009688788475210864,0.07242095186363591
mortality_rate,county,4,female,75-84,0.105630298544236,0.032789000899005806,0.25742748789527164
mortality_rate,county,4,female,85+,0.1431437088852668,0.037675548212283534,0.4166989857969052
qualifying_event_rate,county,4,female,0-17,0.012714479979625345,0.008134684557685361,0.018392088911103
qualifying_event_rate,county,4,female,18-44,0.028424975137841493,0.020655744583026017,0.03810181737957768
qualifying_event_rate,county,4,female,45-64,0.034062421161824355,0.02502528091350695,0.0454889967485443
qualifying_event_rate,county,4,female,65-74,0.043373384441348854,0.0281769145421593,0.061035049495509676
qualifying_event_rate,county,4,female,75-84,0.06232870332331181,0.034688534207868695,0.09465077748788044
qualifying_event_rate,county,4,female,85+,0.04557157416953433,0.0,0.10291588772482632
person_years_exposure,county,5,male,0-17,1328.1669081292378,965.689054075818,1873.7809268678582
person_years_exposure,county,5,male,18-44,1866.695742239509,1383.188028194043,2639.1534315894705
person_years_exposure,county,5,male,45-64,1979.4262812840238,1468.4475538998736,2798.424207147588
person_years_exposure,county,5,male,65-74,605.2934763176218,440.5586102904168,848.4333377719742
person_years_exposure,county,5,male,75-84,170.39374689077704,108.37832861892375,252.02409932450178
person_years_exposure,county,5,male,85+,23.121632904030523,10.742433990440635,37.952687508884075
person_years_exposure,county,5,male,18-64,3846.122023523533,2852.004642482041,5432.2562347586345
person_years_exposure,county,5,male,65+,798.8088561124293,568.59014332604,1134.0594621011069
mortality_rate,county,5,male,0-17,0.036809867900083816,0.012038463805329698,0.08233371435454992
mortality_rate,county,5,male,18-44,0.001522105895169199,0.0,0.003952227229746543
mortality_rate,county,5,male,45-64,0.007589053857820598,0.0020541523030068484,0.01691488201343622
mortality_rate,county,5,male,65-74,0.035647113867634084,0.01059429778331458,0.0801397642915283
mortality_rate,county,5,male,75-84,0.09417665250316597,0.026151351055367235,0.23969087371750442
mortality_rate,county,5,male,85+,0.1923567761589855,0.0530508415073718,0.5382348605515389
qualifying_event_rate,county,5,male,0-17,0.023016185503791697,0.015026157850362187,0.03252998336813075
qualifying_event_rate,county,5,male,18-44,0.028254303208901217,0.01979505241110419,0.038919780431906796
qualifying_event_rate,county,5,male,45-64,0.039783515001714044,0.02946467480190808,0.05262242829118629
qualifying_event_rate,county,5,male,65-74,0.05754832172149352,0.03929580586676304,0.08016393534966913
qualifying_event_rate,county,5,male,75-84,0.05513357394013171,0.027840878548803433,0.08849195161728807
qualifying_event_rate,county,5,male,85+,0.04296205004991741,0.0,0.12011322801442771
person_years_exposure,county,5,female,0-17,1537.1934478929752,1136.978609663736,2169.3689758590663
person_years_exposure,county,5,female,18-44,1713.315750232313,1268.0390583061608,2419.625572272292
person_years_exposure,county,5,female,45-64,2107.3490300161784,1558.565586517578,2978.91956364556
person_years_exposure,county,5,female,65-74,640.3282846904875,464.79603137958617,902.6381954991491
person_years_exposure,county,5,female,75-84,195.75274074098755,125.59532867369207,290.2182723554243
person_years_exposure,county,5,female,85+,27.37560518046432,10.600869511044282,46.286629442027916
person_years_exposure,county,5,female,18-64,3820.6647802484913,2828.6960463771243,5401.09926323021
person_years_exposure,county,5,female,65+,863.4566306119393,611.2176879237586,1231.6145418869694
mortality_rate,county,5,female,0-17,0.008033232791504688,0.002123064850123697,0.01779173155113961
mortality_rate,county,5,female,18-44,0.0010918042797986068,0.0,0.00321411291855108
mortality_rate,county,5,female,45-64,0.007956484476433065,0.002184621458328655,0.017336347619232986
mortality_rate,county,5,female,65-74,0.03786495786410216,0.012047152009059692,0.08730491814548828
mortality_rate,county,5,female,75-84,0.10510960733808244,0.03254308597552465,0.2585964927347527
mortality_rate,county,5,female,85+,0.12146437871928407,0.0,0.38940775007437045
qualifying_event_rate,county,5,female,0-17,0.02538361798476562,0.01717407201904462,0.0354257690135214
qualifying_event_rate,county,5,female,18-44,0.031344558055173576,0.02204608399251419,0.04271040100799984
qualifying_event_rate,county,5,female,45-64,0.03927684420203262,0.02914596125484395,0.05153052021200846
qualifying_event_rate,county,5,female,65-74,0.059162428245210126,0.04037759194399352,0.08111136082539265
qualifying_event_rate,county,5,female,75-84,0.05583719800330451,0.028204630885809587,0.08943128870228409
qualifying_event_rate,county,5,female,85+,0.05236311308895694,0.0,0.13864428169424708
person_years_exposure,county,6,male,0-17,1870.0673959896344,1378.9108837130527,2421.843526177605
person_years_exposure,county,6,male,18-44,2187.3100865429715,1613.637931242056,2825.220250286011
person_years_exposure,county,6,male,45-64,2043.758445850605,1510.5861680713942,2641.3403586497975
person_years_exposure,county,6,male,65-74,531.0038698916976,389.0804993555874,697.9505506178392
person_years_exposure,county,6,male,75-84,168.57124959530006,109.53246286003885,231.9467316252712
person_years_exposure,county,6,male,85+,41.91147687379421,21.26255451229433,63.38116972743569
person_years_exposure,county,6,male,18-64,4231.068532393577,3122.0502721666708,5471.307774760149
person_years_exposure,county,6,male,65+,741.4865963607919,529.5713745626407,988.1032151415842
mortality_rate,county,6,male,0-17,0.009250637941364274,0.0026918699523929644,0.020186840024158912
mortality_rate,county,6,male,18-44,0.000970619981163924,0.0,0.00257502862744021
mortality_rate,county,6,male,45-64,0.007188903777904674,0.0020121324115860806,0.01585180821605864
mortality_rate,county,6,male,65-74,0.037896375510124286,0.011556352456321866,0.08878528280273298
mortality_rate,county,6,male,75-84,0.10217669754973004,0.031044394630842177,0.2518066268558582
mortality_rate,county,6,male,85+,0.14726653851127333,0.03800287593777423,0.40276743468820453
qualifying_event_rate,county,6,male,0-17,0.019466575735087456,0.012993489062540078,0.027366721587057424
qualifying_event_rate,county,6,male,18-44,0.03331815457537611,0.023879513314511127,0.04463145788583009
qualifying_event_rate,county,6,male,45-64,0.040069119581505636,0.029284085554605658,0.05278735335325663
qualifying_event_rate,county,6,male,65-74,0.04750652937855647,0.0299725217612499,0.06799457379534479
qualifying_event_rate,county,6,male,75-84,0.06808510699425498,0.03707013723523755,0.10499000067722401
qualifying_event_rate,county,6,male,85+,0.05000046025604801,0.0,0.11163697837476094
person_years_exposure,county,6,female,0-17,1773.9790105681047,1309.7615974904709,2298.862075149567
person_years_exposure,county,6,female,18-44,2111.2067242088215,1554.6088871904485,2735.5521884234217
person_years_exposure,county,6,female,45-64,2164.4185117215425,1596.4146622167032,2794.263527143051
person_years_exposure,county,6,female,65-74,552.9713768211242,404.77698876602545,728.190365733074
person_years_exposure,county,6,female,75-84,225.60125766703123,148.19513042769523,309.4841438404772
person_years_exposure,county,6,female,85+,33.74299220306936,15.385270367940462,52.67676453220494
person_years_exposure,county,6,female,18-64,4275.6252359303635,3150.832565981677,5524.723201454784
person_years_exposure,county,6,female,65+,812.3156266912248,579.5739440275908,1085.6171114924825
mortality_rate,county,6,female,0-17,0.018682621343071196,0.0060737292519170635,0.041316363536699124
mortality_rate,county,6,female,18-44,0.001026886057694066,0.0,0.0027402675566391833
mortality_rate,county,6,female,45-64,0.007473048580902604,0.002048145969605789,0.016761845347645042
mortality_rate,county,6,female,65-74,0.03631863066615157,0.011098776296448122,0.08216890716637562
mortality_rate,county,6,female,75-84,0.10083832566189449,0.031807562481467204,0.23970183693903394
mortality_rate,county,6,female,85+,0.13466441254222009,0.026226970559688707,0.3962233937570809
qualifying_event_rate,county,6,female,0-17,0.02570167854841121,0.017760875179896767,0.03529701689089406
qualifying_event_rate,county,6,female,18-44,0.033094178576914775,0.02403038708835405,0.04425787401551151
qualifying_event_rate,county,6,female,45-64,0.040717353900819,0.02984159218796612,0.05451121684872382
qualifying_event_rate,county,6,female,65-74,0.060772565650994405,0.04164507226798512,0.08389173270588197
qualifying_event_rate,county,6,female,75-84,0.06208557182262601,0.03545592509020694,0.09331516198249348
qualifying_event_rate,county,6,female,85+,0.04719528432753178,0.0,0.11524275095426684
person_years_exposure,county,7,male,0-17,899.5656737544158,644.5036811361905,1384.452438716711
person_years_exposure,county,7,male,18-44,1231.73430681644,908.1735165421353,1874.90348615681
person_years_exposure,county,7,male,45-64,1201.9069776823906,881.327679285951,1836.503705451851
person_years_exposure,county,7,male,65-74,320.37722034365754,229.71398090856678,494.9743347150363
person_years_exposure,county,7,male,75-84,100.51255301906335,62.171062821854086,159.2909112624867
person_years_exposure,county,7,male,85+,12.00400860089401,4.446549197860222,21.589001836007203
person_years_exposure,county,7,male,18-64,2433.641284498831,1788.2362065127475,3716.4038369934183
person_years_exposure,county,7,male,65+,432.8937819636149,303.42645598669986,662.5589364518779
mortality_rate,county,7,male,0-17,0.03660138698382581,0.011471735340608457,0.08237766582280082
mortality_rate,county,7,male,18-44,0.0014790343450436113,0.0,0.00426225862716369
mortality_rate,county,7,male,45-64,0.007167158500993707,0.0014924201942181248,0.0168278532888519
mortality_rate,county,7,male,65-74,0.03576206496872189,0.008941775059643053,0.08581064152632353
mortality_rate,county,7,male,75-84,0.09979378448942451,0.027356730749449998,0.25901835443492593
mortality_rate,county,7,male,85+,0.15930893707486304,0.0,0.5955282429945025
qualifying_event_rate,county,7,male,0-17,0.022326312531666243,0.013194820777601436,0.033241598437510234
qualifying_event_rate,county,7,male,18-44,0.02682824900658558,0.017867451519585614,0.037832308777749166
qualifying_event_rate,county,7,male,45-64,0.03808342993376319,0.026373050865627714,0.05185655305047029
qualifying_event_rate,county,7,male,65-74,0.05513427758510102,0.033351039392960524,0.08050866571184037
qualifying_event_rate,county,7,male,75-84,0.0536440627029714,0.01885628454788893,0.09580056244892819
qualifying_event_rate,county,7,male,85+,0.040453659200503506,0.0,0.15975888451861023
person_years_exposure,county,7,female,0-17,1008.7549758534798,736.793134050201,1545.1791413288174
person_years_exposure,county,7,female,18-44,1222.3432413341607,899.0218429924086,1852.9905605809513
person_years_exposure,county,7,female,45-64,1074.4467317026306,788.9080901290366,1646.3932138914774
person_years_exposure,county,7,female,65-74,396.0104405837487,283.9788279164733,604.7806868842334
person_years_exposure,county,7,female,75-84,111.36114739442355,67.55584184385623,174.32585978004067
person_years_exposure,county,7,female,85+,6.977356837993485,1.5066681343531096,13.241102413694021
person_years_exposure,county,7,female,18-64,2296.7899730367913,1688.169219217731,3493.3541213845024
person_years_exposure,county,7,female,65+,514.3489448161657,361.0116497854472,786.9501799495133
mortality_rate,county,7,female,0-17,0.008030281021063929,0.0015151111907335583,0.018341528092560108
mortality_rate,county,7,female,18-44,0.0010437975710140192,0.0,0.003237459236526474
mortality_rate,county,7,female,45-64,0.007454327057292114,0.0016689731142338147,0.017019050685912158
mortality_rate,county,7,female,65-74,0.03516192760311492,0.009837356018044675,0.08069974461222082
mortality_rate,county,7,female,75-84,0.10274122019782553,0.02897334983403126,0.2626549031843729
mortality_rate,county,7,female,85+,0.11576669644837648,0.0,0.5809311776584052
qualifying_event_rate,county,7,female,0-17,0.024345933852119597,0.015401633529226313,0.03514101386715274
qualifying_event_rate,county,7,female,18-44,0.029905096127295853,0.019698562867512828,0.04168647237096695
qualifying_event_rate,county,7,female,45-64,0.03737604890067506,0.02535216658578465,0.05130489775702912
qualifying_event_rate,county,7,female,65-74,0.05645187640194725,0.03612319202015796,0.08057476220407479
qualifying_event_rate,county,7,female,75-84,0.05201472175826702,0.019586175709930067,0.09275468686127553
qualifying_event_rate,county,7,female,85+,0.049930005527122547,0.0,0.21150057747247514
person_years_exposure,county,8,male,0-17,1582.7268516295135,1184.0788218615342,2311.489286708324
person_years_exposure,county,8,male,18-44,1743.551263130691,1318.6194337100885,2556.1850917213587
person_years_exposure,county,8,male,45-64,1718.839720934088,1299.0283642971083,2501.048621427122
person_years_exposure,county,8,male,65-74,594.3319901437478,444.30379747478185,862.098110328927
person_years_exposure,county,8,male,75-84,238.81894744512843,156.97271802402236,365.9153043270079
person_years_exposure,county,8,male,85+,23.256956043976242,8.191558147058423,40.04439717201376
person_years_exposure,county,8,male,18-64,3462.3909840647793,2617.3973285331526,5061.066829824939
person_years_exposure,county,8,male,65+,856.4078936328525,621.7504225945238,1268.4098043558351
mortality_rate,county,8,male,0-17,0.03692127517772098,0.012293285856485587,0.08322223468823402
mortality_rate,county,8,male,18-44,0.0015035875839651148,0.0,0.004055604085732695
mortality_rate,county,8,male,45-64,0.007846465404535048,0.001988539021054353,0.017879315638318745
mortality_rate,county,8,male,65-74,0.03570921355763389,0.010649258579692131,0.08071968910847016
mortality_rate,county,8,male,75-84,0.10379125183317574,0.03272033770870122,0.2529495070706729
mortality_rate,county,8,male,85+,0.13058916791796407,0.0,0.44312563686888595
qualifying_event_rate,county,8,male,0-17,0.029207836649865034,0.02033273825707458,0.04071953587853492
qualifying_event_rate,county,8,male,18-44,0.03494779164817766,0.024744504878492102,0.04713869177196369
qualifying_event_rate,county,8,male,45-64,0.05023627633877841,0.03755502227079128,0.06688638218610221
qualifying_event_rate,county,8,male,65-74,0.07119243548800404,0.050445465097174694,0.09527132289611848
qualifying_event_rate,county,8,male,75-84,0.07001830246219777,0.04231838932249589,0.10300563607531779
qualifying_event_rate,county,8,male,85+,0.048546055862905314,0.0,0.1405258080832377
person_years_exposure,county,8,female,0-17,1562.26985831367,1177.3063280235413,2245.149392579098
person_years_exposure,county,8,female,18-44,1843.5965967284994,1395.0855099470398,2670.1113691031687
person_years_exposure,county,8,female,45-64,2037.9278615944156,1542.0424844734544,2939.5337053020885
person_years_exposure,county,8,female,65-74,545.5583504126145,406.1183959049279,804.7653957263108
person_years_exposure,county,8,female,75-84,193.0107142194352,125.69069108054656,296.85973721980605
person_years_exposure,county,8,female,85+,21.81795527335195,8.656366231220531,37.08618081348399
person_years_exposure,county,8,female,18-64,3881.524458322915,2936.3131101025274,5645.756668697454
person_years_exposure,county,8,female,65+,760.3870199054015,550.9041375697909,1124.8847690561147
mortality_rate,county,8,female,0-17,0.008116195439939284,0.0020381080762449486,0.01862343059925922
mortality_rate,county,8,female,18-44,0.0010854429371445005,0.0,0.0030649390389995207
mortality_rate,county,8,female,45-64,0.007286142504025074,0.0020535848453575654,0.01621681447023677
mortality_rate,county,8,female,65-74,0.03573947876110899,0.010796579131969058,0.08224771217377942
mortality_rate,county,8,female,75-84,0.10586994328660772,0.03485999532563109,0.2569107793676156
mortality_rate,county,8,female,85+,0.14355087395393273,0.025256728420456585,0.4935112728590202
qualifying_event_rate,county,8,female,0-17,0.03213285787046202,0.02303924321348968,0.0440531296511101
qualifying_event_rate,county,8,female,18-44,0.039392713926683906,0.029046699957511128,0.05251063487761644
qualifying_event_rate,county,8,female,45-64,0.04854137871573377,0.037088893516207415,0.06365563043891438
qualifying_event_rate,county,8,female,65-74,0.07215828639490615,0.050886488448728805,0.09680215779359518
qualifying_event_rate,county,8,female,75-84,0.06883986740315841,0.03871605358603043,0.10588078614936522
qualifying_event_rate,county,8,female,85+,0.06653189621746636,0.0,0.1707982934783177
person_years_exposure,county,9,male,0-17,721.8023535216217,520.3362846813819,1087.8017754878874
person_years_exposure,county,9,male,18-44,755.4042213344406,560.4802657810435,1137.2565694791494
person_years_exposure,county,9,male,45-64,953.7953681130932,708.9665600606002,1437.0393263566355
person_years_exposure,county,9,male,65-74,321.7775286167676,234.07506375618937,481.52288142634876
person_years_exposure,county,9,male,75-84,97.30457463043406,61.27324993383893,148.456108210296
person_years_exposure,county,9,male,85+,2.8040040504555335,0.04100975349455559,5.781949082057258
person_years_exposure,county,9,male,18-64,1709.199589447534,1272.8353187298212,2574.9798425520576
person_years_exposure,county,9,male,65+,421.8861072976572,301.34601527530697,631.0039838027786
mortality_rate,county,9,male,0-17,0.037082203204354146,0.010996832169856242,0.08585592663855854
mortality_rate,county,9,male,18-44,0.0014749285159385637,0.0,0.004812638035532498
mortality_rate,county,9,male,45-64,0.008243177677675358,0.001311838412470814,0.01856590276577429
mortality_rate,county,9,male,65-74,0.034255277733071174,0.009187260879685261,0.07993765926213264
mortality_rate,county,9,male,75-84,0.09087634783506414,0.021157021397922565,0.2341042078632276
mortality_rate,county,9,male,85+,0.12558226553931742,0.0,1.611552561440758
qualifying_event_rate,county,9,male,0-17,0.030350652274958465,0.018894194424958467,0.044725929557263164
qualifying_event_rate,county,9,male,18-44,0.036604278490968804,0.02408595739940024,0.05143037570292809
qualifying_event_rate,county,9,male,45-64,0.052477228865451746,0.03757572514757174,0.07055538196806918
qualifying_event_rate,county,9,male,65-74,0.07322257903343785,0.04745248731827418,0.10309678871240226
qualifying_event_rate,county,9,male,75-84,0.06980977370760086,0.03068685657716064,0.11547947105357376
qualifying_event_rate,county,9,male,85+,0.047679812884570474,0.0,0.26458927184693243
person_years_exposure,county,9,female,0-17,761.8287801216375,565.821834566624,1146.9862710624502
person_years_exposure,county,9,female,18-44,802.6481664949071,596.7957596656051,1209.7001411346516
person_years_exposure,county,9,female,45-64,848.9251097356638,632.0713873273419,1282.0293153235914
person_years_exposure,county,9,female,65-74,278.1047744886146,201.19979749089214,419.93424501446555
person_years_exposure,county,9,female,75-84,135.07708929791207,83.7328847807703,207.831802963306
person_years_exposure,county,9,female,85+,18.164290675855725,8.248036184859306,30.394129053429985
person_years_exposure,county,9,female,18-64,1651.5732762305709,1227.8312549452598,2491.1202225116594
person_years_exposure,county,9,female,65+,431.34615446238246,300.68418542084765,646.8233971805645
mortality_rate,county,9,female,0-17,0.008278345371890001,0.0014160552121985854,0.019408603790178
mortality_rate,county,9,female,18-44,0.001136983418569599,0.0,0.004035192523840866
mortality_rate,county,9,female,45-64,0.007756662666628809,0.001302992098244617,0.018401961906468214
mortality_rate,county,9,female,65-74,0.03679893541292592,0.008581248890194213,0.0860384210552386
mortality_rate,county,9,female,75-84,0.10603284083326643,0.031490315421078836,0.25807307899846
mortality_rate,county,9,female,85+,0.1412816091125577,0.0,0.4320065033034071
qualifying_event_rate,county,9,female,0-17,0.03333795493799249,0.02085556052399157,0.04849391783767092
qualifying_event_rate,county,9,female,18-44,0.04159754418688237,0.027991762552274202,0.05760836951784697
qualifying_event_rate,county,9,female,45-64,0.050830930347644056,0.03603784627951818,0.06796677384457876
qualifying_event_rate,county,9,female,65-74,0.07434564964340637,0.04728919135996093,0.10665690825847098
qualifying_event_rate,county,9,female,75-84,0.07064836535958136,0.035195034364283735,0.11197833423045046
qualifying_event_rate,county,9,female,85+,0.06478253916614392,0.0,0.17259048448044376
person_years_exposure,county,10,male,0-17,3120.4291067973854,2624.8389062081797,4109.316918404815
person_years_exposure,county,10,male,18-44,3699.444970013613,3110.8832872958574,4890.145049095294
person_years_exposure,county,10,male,45-64,3485.512708334937,2932.4469158189063,4575.190980055194
person_years_exposure,county,10,male,65-74,1010.6840855595186,828.4654528300194,1310.2381700659732
person_years_exposure,county,10,male,75-84,408.3485546531425,287.4515063725167,550.4025932277834
person_years_exposure,county,10,male,85+,43.29889075471598,20.49524746958555,65.43124596607066
person_years_exposure,county,10,male,18-64,7184.95767834855,6054.575680343252,9462.738649235269
person_years_exposure,county,10,male,65+,1462.3315309673771,1153.9350340914427,1916.8837868091875
mortality_rate,county,10,male,0-17,0.0009426287697395814,0.0,0.0023819729741907064
mortality_rate,county,10,male,18-44,0.0009251018217571721,0.0,0.0022792436443585928
mortality_rate,county,10,male,45-64,0.007547563617639819,0.0022680051568021104,0.016180500108577193
mortality_rate,county,10,male,65-74,0.04033613512493489,0.013574000143126612,0.09036719355478268
mortality_rate,county,10,male,75-84,0.10316487515203862,0.03574983859314074,0.24243611181117874
mortality_rate,county,10,male,85+,0.16095552459621001,0.04682717569978046,0.45643326023370717
qualifying_event_rate,county,10,male,0-17,0.019522617956548746,0.013753095397141684,0.0266672722590905
qualifying_event_rate,county,10,male,18-44,0.03794329737643955,0.028819163287727885,0.04982205121894057
qualifying_event_rate,county,10,male,45-64,0.04983490517682784,0.03870096575477329,0.06531325018967644
qualifying_event_rate,county,10,male,65-74,0.07734019464942571,0.05762676390019062,0.10291209863941506
qualifying_event_rate,county,10,male,75-84,0.06941717719945123,0.046896993431950425,0.09968410377662498
qualifying_event_rate,county,10,male,85+,0.060172318870266424,0.0,0.13151157180271356
person_years_exposure,county,10,female,0-17,2965.073723324258,2491.422143621393,3901.1199735950236
person_years_exposure,county,10,female,18-44,3934.9102984626147,3311.804893804138,5196.634824380896
person_years_exposure,county,10,female,45-64,3397.1192500938787,2856.368224724664,4459.031270320202
person_years_exposure,county,10,female,65-74,855.5658782364616,703.405832138137,1114.6073670588598
person_years_exposure,county,10,female,75-84,337.0516482769125,233.38376175876263,451.3910804480699
person_years_exposure,county,10,female,85+,30.781609532577132,15.487165708181033,47.05202560862628
person_years_exposure,county,10,female,18-64,7332.029548556493,6170.999987574153,9657.840062259953
person_years_exposure,county,10,female,65+,1223.399136045951,965.3579037811743,1586.7095467364684
mortality_rate,county,10,female,0-17,0.0026687653245357876,0.0006055887910961487,0.0061153701478742556
mortality_rate,county,10,female,18-44,0.0010303155373920447,0.0,0.0025207095630786895
mortality_rate,county,10,female,45-64,0.007319649628302816,0.00221871440282102,0.015699423834886293
mortality_rate,county,10,female,65-74,0.034729944656587984,0.010778531630339995,0.07675194084122981
mortality_rate,county,10,female,75-84,0.1113328892731613,0.039101876708878144,0.2659278949477666
mortality_rate,county,10,female,85+,0.1428417845450923,0.027191771882632332,0.3990594798725443
qualifying_event_rate,county,10,female,0-17,0.01947806754202721,0.013847884454367777,0.026683317769938243
qualifying_event_rate,county,10,female,18-44,0.037583622592751484,0.02829227514900348,0.04970450882257967
qualifying_event_rate,county,10,female,45-64,0.047555803161910055,0.03675232615634536,0.06200056048720226
qualifying_event_rate,county,10,female,65-74,0.07083112829711405,0.05229193982830857,0.093724698068964
qualifying_event_rate,county,10,female,75-84,0.07401206482420837,0.04835345032618153,0.10625951912199454
qualifying_event_rate,county,10,female,85+,0.05036627317733557,0.0,0.12412239967940095
person_years_exposure,county,11,male,0-17,568.7084285398923,426.1871553082557,797.4703163129959
person_years_exposure,county,11,male,18-44,769.5331786659916,587.580051321705,1078.4426228643292
person_years_exposure,county,11,male,45-64,748.8495431970986,572.4274291005806,1049.7668952850183
person_years_exposure,county,11,male,65-74,251.20353043493043,187.31449712000864,348.6351984428097
person_years_exposure,county,11,male,75-84,74.0182391628782,48.65000239612773,104.04492042586884
person_years_exposure,county,11,male,85+,14.555598036336503,6.11657277677478,24.11532398869993
person_years_exposure,county,11,male,18-64,1518.3827218630902,1161.2879053909412,2130.4549233110533
person_years_exposure,county,11,male,65+,339.77736763414515,249.28654926715996,469.11255092633075
mortality_rate,county,11,male,0-17,0.03690532464318005,0.010917570313969251,0.08461157412999949
mortality_rate,county,11,male,18-44,0.0014322057937104797,0.0,0.00447257185844499
mortality_rate,county,11,male,45-64,0.007244955666339723,0.0012282987582677332,0.017301380035180065
mortality_rate,county,11,male,65-74,0.03411842395400742,0.008124192133211649,0.07968922755865274
mortality_rate,county,11,male,75-84,0.10257684706290388,0.023432725408365458,0.2718008503838485
mortality_rate,county,11,male,85+,0.13126187278895451,0.0,0.4707137392593129
qualifying_event_rate,county,11,male,0-17,0.030055636641760138,0.01769235772504173,0.04530083911681931
qualifying_event_rate,county,11,male,18-44,0.03587200351717564,0.023858055158285756,0.051107526358976536
qualifying_event_rate,county,11,male,45-64,0.05084679491196393,0.03535906823473575,0.06945048611579172
qualifying_event_rate,county,11,male,65-74,0.07216868018788136,0.043657871052173364,0.10426155986946205
qualifying_event_rate,county,11,male,75-84,0.06934664040575393,0.023627368779077028,0.11866197018761347
qualifying_event_rate,county,11,male,85+,0.04790443693783992,0.0,0.15770928352091382
person_years_exposure,county,11,female,0-17,605.7860266353136,460.07554836748403,847.1412064894023
person_years_exposure,county,11,female,18-44,653.5261706150194,496.93706849371097,917.4158088458865
person_years_exposure,county,11,female,45-64,781.8935518911628,597.157884703711,1095.8222662269955
person_years_exposure,county,11,female,65-74,238.57907133102503,177.92276856138628,329.96155387326564
person_years_exposure,county,11,female,75-84,64.23178266617452,41.42097359588633,91.95811581074763
person_years_exposure,county,11,female,85+,11.408240931126302,4.1849535091957435,19.24315323547594
person_years_exposure,county,11,female,18-64,1435.419722506182,1096.9967183280933,2014.2915396549445
person_years_exposure,county,11,female,65+,314.2190949283259,229.19246579013554,438.4095544554673
mortality_rate,county,11,female,0-17,0.008185985045968031,0.0012668398748454251,0.02043772533372245
mortality_rate,county,11,female,18-44,0.001135251953950212,0.0,0.0040004559646136546
mortality_rate,county,11,female,45-64,0.007300875001889104,0.0012957058668320815,0.017034705383363418
mortality_rate,county,11,female,65-74,0.03740621924583046,0.008538191302417383,0.0892415191620741
mortality_rate,county,11,female,75-84,0.10099322226584159,0.022471703475219814,0.25861158122484496
mortality_rate,county,11,female,85+,0.14334038865762455,0.0,0.5849063786406143
qualifying_event_rate,county,11,female,0-17,0.032875397568040296,0.02001998625859052,0.047203487532181974
qualifying_event_rate,county,11,female,18-44,0.04049058479835877,0.026495002474567517,0.05765180384378828
qualifying_event_rate,county,11,female,45-64,0.04981290350535243,0.03430309158602662,0.06852411463277376
qualifying_event_rate,county,11,female,65-74,0.07507684724406105,0.046919116544008925,0.10943312810315181
qualifying_event_rate,county,11,female,75-84,0.06619870986840246,0.01911217543032206,0.12109635267305059
qualifying_event_rate,county,11,female,85+,0.06912335460392288,0.0,0.2207296671664748
person_years_exposure,county,12,male,0-17,1019.3374161656295,767.5175945266421,1451.3835168319704
person_years_exposure,county,12,male,18-44,1315.6587508945718,1016.5977412165072,1863.6354218281158
person_years_exposure,county,12,male,45-64,1326.8745395897524,1023.6019719698371,1880.1924719920446
person_years_exposure,county,12,male,65-74,393.9285837243596,295.2525647953764,562.6226559961084
person_years_exposure,county,12,male,75-84,91.55385891445468,59.1784676683657,134.77502409856683
person_years_exposure,county,12,male,85+,4.531913495070198,0.8834192056425981,8.517365111852646
person_years_exposure,county,12,male,18-64,2642.5332904843244,2039.5522449184573,3737.039268709289
person_years_exposure,county,12,male,65+,490.01435613388446,362.1830599156838,697.1245632882226
mortality_rate,county,12,male,0-17,0.03697521159786808,0.011861089815625071,0.08495769295893807
mortality_rate,county,12,male,18-44,0.0015027078867568965,0.0,0.00418861983725789
mortality_rate,county,12,male,45-64,0.007761351609726475,0.001693298354437103,0.017683685045337634
mortality_rate,county,12,male,65-74,0.036646270348131504,0.009205325295584354,0.08734411423218671
mortality_rate,county,12,male,75-84,0.08964002111705255,0.02114851663806938,0.23007024550987493
mortality_rate,county,12,male,85+,0.10993289661642927,0.0,0.673147252686467
qualifying_event_rate,county,12,male,0-17,0.03304867836603486,0.021810605769410484,0.04678686331130211
qualifying_event_rate,county,12,male,18-44,0.03936825643622651,0.027893970864239108,0.05411950364304377
qualifying_event_rate,county,12,male,45-64,0.056104380037065985,0.042293992139095904,0.0737855440286517
qualifying_event_rate,county,12,male,65-74,0.07934284052421185,0.054576593002269955,0.10898629910536195
qualifying_event_rate,county,12,male,75-84,0.07335576836648126,0.032032380095510564,0.12116159646978474
qualifying_event_rate,county,12,male,85+,0.04366242410615614,0.0,0.2442504726910127
person_years_exposure,county,12,female,0-17,1016.208039555105,778.8241863991406,1451.1485258162795
person_years_exposure,county,12,female,18-44,1397.3144778864346,1076.8656699168437,1977.0919046263791
person_years_exposure,county,12,female,45-64,1290.564603777218,995.0320288849579,1832.7756771655795
person_years_exposure,county,12,female,65-74,386.27030462055126,287.58539371413093,552.9182944727374
person_years_exposure,county,12,female,75-84,139.15272028958677,89.60406203412252,201.84306480068932
person_years_exposure,county,12,female,85+,21.896652449621193,9.191766872401923,36.68681470210265
person_years_exposure,county,12,female,18-64,2687.879081663653,2074.7355433469606,3817.2033534672455
person_years_exposure,county,12,female,65+,547.3196773597592,394.60838947896605,780.8765772074794
mortality_rate,county,12,female,0-17,0.007986086968781272,0.0012699581034598172,0.01820001949574828
mortality_rate,county,12,female,18-44,0.001056015636316857,0.0,0.0032245467491185
mortality_rate,county,12,female,45-64,0.007845025106931981,0.0017090499534407983,0.01769903006503124
mortality_rate,county,12,female,65-74,0.03889548557903937,0.010341734853902683,0.09145763844906987
mortality_rate,county,12,female,75-84,0.10124989773412704,0.029970031356909628,0.2536603002053877
mortality_rate,county,12,female,85+,0.1449274856508989,0.01696372053794467,0.46757334914086823
qualifying_event_rate,county,12,female,0-17,0.03642227887390409,0.024890914142691,0.05036152428085698
qualifying_event_rate,county,12,female,18-44,0.04420625226687155,0.03229163096373497,0.05864947080536349
qualifying_event_rate,county,12,female,45-64,0.05501015585061262,0.040405673892404535,0.07247963706582866
qualifying_event_rate,county,12,female,65-74,0.08182120488119284,0.056831129260677675,0.11159549427590462
qualifying_event_rate,county,12,female,75-84,0.07541079620280768,0.040366106048634706,0.11847604673871699
qualifying_event_rate,county,12,female,85+,0.0728598489806681,0.0,0.1787048598063438
person_years_exposure,county,13,male,0-17,2440.2063557692695,1601.50777796193,3831.897826723688
person_years_exposure,county,13,male,18-44,2783.9240331544484,1832.4968975071586,4292.675770736879
person_years_exposure,county,13,male,45-64,2943.423100955237,1945.9814957943804,4542.239317116408
person_years_exposure,county,13,male,65-74,860.9737008561018,566.3794348061242,1352.6878861067669
person_years_exposure,county,13,male,75-84,248.88277107607232,146.13089365612348,414.4822745684885
person_years_exposure,county,13,male,85+,19.546329617053136,8.203813917088336,34.197812470999224
person_years_exposure,county,13,male,18-64,5727.347134109685,3783.008565676649,8846.853200856714
person_years_exposure,county,13,male,65+,1129.4028015492272,729.8914498223264,1801.9481936004152
mortality_rate,county,13,male,0-17,0.031132100701397863,0.010731708919869121,0.06756846832364463
mortality_rate,county,13,male,18-44,0.0009950054305581416,0.0,0.002600419030144066
mortality_rate,county,13,male,45-64,0.007219983031611462,0.002169998458548432,0.01578145709861975
mortality_rate,county,13,male,65-74,0.03505070404008047,0.01098090589379657,0.07445918300377663
mortality_rate,county,13,male,75-84,0.09948765202121612,0.033274749368542245,0.23849310821989136
mortality_rate,county,13,male,85+,0.15338160923063962,0.030196510945719773,0.46967331667662754
qualifying_event_rate,county,13,male,0-17,0.02784988757019524,0.0196285663391398,0.03814540439761464
qualifying_event_rate,county,13,male,18-44,0.03691570121475309,0.027443153564766384,0.04892918049426028
qualifying_event_rate,county,13,male,45-64,0.04529248321893817,0.03445416425481211,0.06002965167178597
qualifying_event_rate,county,13,male,65-74,0.07057426562877189,0.05128296567507341,0.09445928212156131
qualifying_event_rate,county,13,male,75-84,0.061166297996510445,0.03478004586929215,0.0921175518506079
qualifying_event_rate,county,13,male,85+,0.050476807755428316,0.0,0.14372393828131785
person_years_exposure,county,13,female,0-17,2425.060464781996,1593.2023352967326,3771.406800198187
person_years_exposure,county,13,female,18-44,2927.704142988881,1934.7694895353777,4524.367824260972
person_years_exposure,county,13,female,45-64,2864.4188062362737,1896.9281974238002,4443.882348596722
person_years_exposure,county,13,female,65-74,852.9073046982446,562.4775322308967,1343.5153071722882
person_years_exposure,county,13,female,75-84,283.0413399168664,169.6955208407543,465.52859798129754
person_years_exposure,county,13,female,85+,31.154933267768918,13.95529205909028,54.825069016684026
person_years_exposure,county,13,female,18-64,5792.122949225155,3834.155255669168,8974.053689203305
person_years_exposure,county,13,female,65+,1167.1035778828798,754.7075688272487,1871.3506661375443
mortality_rate,county,13,female,0-17,0.020087289093379,0.0065295782148752516,0.04292840617742653
mortality_rate,county,13,female,18-44,0.0010490435209633353,0.0,0.0026276809715160766
mortality_rate,county,13,female,45-64,0.007687600627589101,0.002210602124213711,0.01616942886287868
mortality_rate,county,13,female,65-74,0.03514003367206908,0.011195712467857376,0.07583674781863442
mortality_rate,county,13,female,75-84,0.099239384601546,0.03240551782430443,0.23340815512488902
mortality_rate,county,13,female,85+,0.12584367630306442,0.01928674432804645,0.37861923117053004
qualifying_event_rate,county,13,female,0-17,0.03086545140812759,0.02233052181673449,0.041832789586314256
qualifying_event_rate,county,13,female,18-44,0.03898414448741201,0.029160528142355962,0.05214700896666519
qualifying_event_rate,county,13,female,45-64,0.03793172405985025,0.02833328728497851,0.04967064677590414
qualifying_event_rate,county,13,female,65-74,0.0734160235920903,0.053129072016820225,0.09797177336307582
qualifying_event_rate,county,13,female,75-84,0.07394151050165831,0.04459058860492495,0.10912571216295408
qualifying_event_rate,county,13,female,85+,0.04267919856491941,0.0,0.1126474217122715
person_years_exposure,county,14,male,0-17,1255.0731590052512,802.4386792944272,2081.970455131505
person_years_exposure,county,14,male,18-44,1460.1794497852413,971.0377856276206,2337.4187822809413
person_years_exposure,county,14,male,45-64,1641.2507768983228,1094.0211218125664,2620.553282722033
person_years_exposure,county,14,male,65-74,660.0658945426304,433.24482457047316,1070.8601954666738
person_years_exposure,county,14,male,75-84,203.08883104571672,119.76734553762454,347.6314877263404
person_years_exposure,county,14,male,85+,18.938704746814405,7.473689974683266,34.187366742055225
person_years_exposure,county,14,male,18-64,3101.430226683564,2065.1307847197827,4947.290588596312
person_years_exposure,county,14,male,65+,882.0934303351615,572.2684858045617,1446.0837573135093
mortality_rate,county,14,male,0-17,0.060187418648994705,0.02124633117779512,0.14023913139836713
mortality_rate,county,14,male,18-44,0.0010362997465637215,0.0,0.0031056848769952755
mortality_rate,county,14,male,45-64,0.007719377058083114,0.0019041360838678919,0.017758781921151948
mortality_rate,county,14,male,65-74,0.03611403832782706,0.011367436044846142,0.08347324729631998
mortality_rate,county,14,male,75-84,0.10059044022362744,0.03030274179540083,0.24623784122203798
mortality_rate,county,14,male,85+,0.15391342476066885,0.027775947844999066,0.48123230002821615
qualifying_event_rate,county,14,male,0-17,0.01397954064860057,0.008102733039971045,0.021343775796884814
qualifying_event_rate,county,14,male,18-44,0.036527245587211474,0.026417862721769016,0.048972806812066116
qualifying_event_rate,county,14,male,45-64,0.043443291353623334,0.03153493192227854,0.05755864495854819
qualifying_event_rate,county,14,male,65-74,0.0614270808477458,0.04266285330006642,0.08390863610735975
qualifying_event_rate,county,14,male,75-84,0.07371482737536941,0.04163587162448052,0.11160084042386956
qualifying_event_rate,county,14,male,85+,0.06287730007952072,0.0,0.16727676863602173
person_years_exposure,county,14,female,0-17,1512.3005129751946,1006.228892990364,2413.8234031895677
person_years_exposure,county,14,female,18-44,1510.0266941217974,1005.5923903920632,2408.004539791497
person_years_exposure,county,14,female,45-64,1680.5613621427904,1116.3025286154002,2675.6842045560397
person_years_exposure,county,14,female,65-74,654.0956830115322,432.3932690282756,1060.1408755584778
person_years_exposure,county,14,female,75-84,252.76052290973348,154.72022515122217,432.19074935116066
person_years_exposure,county,14,female,85+,41.23030387332098,19.577945010801468,72.43768665406208
person_years_exposure,county,14,female,18-64,3190.588056264588,2119.5794682082947,5087.7447749267485
person_years_exposure,county,14,female,65+,948.0865097945866,610.9951134391641,1570.8831417923316
mortality_rate,county,14,female,0-17,0.010983499258240647,0.003038072512770259,0.02467913690975321
mortality_rate,county,14,female,18-44,0.0010515646055671134,0.0,0.0030389593006139703
mortality_rate,county,14,female,45-64,0.007320610036704324,0.0016710336570149077,0.016241398379258278
mortality_rate,county,14,female,65-74,0.03623167073328308,0.010974558614141344,0.08428513873238111
mortality_rate,county,14,female,75-84,0.08890253844440558,0.027992615951219296,0.21314356802847834
mortality_rate,county,14,female,85+,0.17281813117614617,0.05206974486171737,0.4599938816875171
qualifying_event_rate,county,14,female,0-17,0.011295394733678958,0.006256925272573932,0.017108691136141874
qualifying_event_rate,county,14,female,18-44,0.039874734861901295,0.028564777148860628,0.053557907138260204
qualifying_event_rate,county,14,female,45-64,0.04676462406126797,0.034950243700614926,0.062213625109004404
qualifying_event_rate,county,14,female,65-74,0.06550339667765061,0.04607526602156088,0.0882765954685698
qualifying_event_rate,county,14,female,75-84,0.07785627789468529,0.04888544322621121,0.11531351596538561
qualifying_event_rate,county,14,female,85+,0.05609775779303869,0.0,0.12337365214342318
person_years_exposure,county,15,male,0-17,269.09647857351916,194.90307700726044,398.35680688090315
person_years_exposure,county,15,male,18-44,246.93514771507049,185.0326914698526,359.8826306703234
person_years_exposure,county,15,male,45-64,235.91393173351153,176.29350630764327,345.3809486691684
person_years_exposure,county,15,male,65-74,75.67080523588194,54.18356075325734,112.46710799527902
person_years_exposure,county,15,male,75-84,39.81756034279527,24.907604340580033,60.32559177680437
person_years_exposure,county,15,male,85+,1.8768718799333866,0.04994480206826271,3.8893422057149674
person_years_exposure,county,15,male,18-64,482.849079448582,361.8302083916728,704.3809686926983
person_years_exposure,county,15,male,65+,117.36523745861061,82.16545389454245,172.94765985886886
mortality_rate,county,15,male,0-17,0.03687953900583561,0.007921921587412863,0.08627684036957324
mortality_rate,county,15,male,18-44,0.0014477777436418533,0.0,0.0074167369020152
mortality_rate,county,15,male,45-64,0.007459151321726261,0.0,0.020906258200408975
mortality_rate,county,15,male,65-74,0.03848254995331241,0.0,0.10843686845054158
mortality_rate,county,15,male,75-84,0.09273348318808149,0.015556664798815338,0.24482333548457874
mortality_rate,county,15,male,85+,0.09967872309168334,0.0,0.8649634234956995
qualifying_event_rate,county,15,male,0-17,0.029946136156168673,0.013139734681683987,0.049928630641429134
qualifying_event_rate,county,15,male,18-44,0.03552472866326706,0.016459053011084735,0.05696628173989121
qualifying_event_rate,county,15,male,45-64,0.05093511323945345,0.028004570824276494,0.07681720273344966
qualifying_event_rate,county,15,male,65-74,0.0738760144275771,0.02910102421935992,0.12594067123480154
qualifying_event_rate,county,15,male,75-84,0.06814521787501429,0.0,0.1348133110687414
qualifying_event_rate,county,15,male,85+,0.035835229246317914,0.0,0.3118107481011748
person_years_exposure,county,15,female,0-17,209.81479876170536,156.36126256425462,303.5754119476131
person_years_exposure,county,15,female,18-44,267.9365948671385,200.2000730097945,390.6109897052182
person_years_exposure,county,15,female,45-64,262.50081302130303,196.5408226907065,384.40234595500004
person_years_exposure,county,15,female,65-74,87.3051949500939,63.35277690368606,128.24763166656706
person_years_exposure,county,15,female,75-84,37.299886517433045,22.51002951651206,57.303961581949025
person_years_exposure,county,15,female,85+,4.017010247456399,0.5578235446224473,7.527934848645865
person_years_exposure,county,15,female,18-64,530.4374078884416,396.4130976105191,772.293037910066
person_years_exposure,county,15,female,65+,128.62209171498336,91.57838179518548,191.96403331970228
mortality_rate,county,15,female,0-17,0.008069054349974309,0.0,0.02268945556809349
mortality_rate,county,15,female,18-44,0.001121423429717309,0.0,0.004956547285334451
mortality_rate,county,15,female,45-64,0.007465704545577406,0.0,0.021273959296465826
mortality_rate,county,15,female,65-74,0.03627470365314909,0.0,0.09492631427839396
mortality_rate,county,15,female,75-84,0.08700458911953698,0.0,0.2573151253850885
mortality_rate,county,15,female,85+,0.14924181189988114,0.0,1.7644641185629248
qualifying_event_rate,county,15,female,0-17,0.03249368358283459,0.01273160154116398,0.055491454173454725
qualifying_event_rate,county,15,female,18-44,0.04009323617734244,0.020879533072335893,0.06268524625091078
qualifying_event_rate,county,15,female,45-64,0.049813981789547185,0.02741942949397835,0.07437040944574252
qualifying_event_rate,county,15,female,65-74,0.0726037737295649,0.031198579067471928,0.11921015938533164
qualifying_event_rate,county,15,female,75-84,0.06559078293974474,0.0,0.13472611200767226
qualifying_event_rate,county,15,female,85+,0.06836078247784096,0.0,0.2800167776764885
person_years_exposure,county,16,male,0-17,1539.9020474647036,1031.1340738354882,2554.012733265303
person_years_exposure,county,16,male,18-44,1741.9892137012657,1186.264505033194,2874.307816624016
person_years_exposure,county,16,male,45-64,1897.6194269679602,1289.8199733106142,3135.099723224744
person_years_exposure,county,16,male,65-74,515.1355405379843,345.4515485413776,842.7891205844819
person_years_exposure,county,16,male,75-84,176.42470904783923,104.99445371191928,295.10379956011934
person_years_exposure,county,16,male,85+,26.77894012156705,11.811636015294933,46.2954700493923
person_years_exposure,county,16,male,18-64,3639.6086406692257,2477.5115797230123,6010.339352537815
person_years_exposure,county,16,male,65+,718.3391897073906,471.10204020846265,1169.2962989493078
mortality_rate,county,16,male,0-17,0.028016126035275545,0.009134540065959531,0.06064700837725422
mortality_rate,county,16,male,18-44,0.0009325053609423137,0.0,0.0026816072849370986
mortality_rate,county,16,male,45-64,0.007092305181157505,0.0017383998116492674,0.016182778881951722
mortality_rate,county,16,male,65-74,0.034559439349332484,0.009814147940519038,0.07872588824248218
mortality_rate,county,16,male,75-84,0.1015478361957524,0.03094331011202141,0.24821644007023416
mortality_rate,county,16,male,85+,0.150090874625624,0.030402621781108835,0.4523876227890499
qualifying_event_rate,county,16,male,0-17,0.015956397423429754,0.010018271250067422,0.02354378108374451
qualifying_event_rate,county,16,male,18-44,0.025891021466507427,0.017533211989753987,0.03602697423405843
qualifying_event_rate,county,16,male,45-64,0.03450149286762409,0.02484814904840724,0.04664652176348641
qualifying_event_rate,county,16,male,65-74,0.04882202080565222,0.031126691202152324,0.07013467353520358
qualifying_event_rate,county,16,male,75-84,0.05835142399316449,0.028896251038937514,0.0926838029032988
qualifying_event_rate,county,16,male,85+,0.062120640037923294,0.0,0.1486933153663072
person_years_exposure,county,16,female,0-17,1719.4335287570188,1169.3017112579316,2830.509652841137
person_years_exposure,county,16,female,18-44,1973.335142177861,1341.7833757927388,3248.8375626302245
person_years_exposure,county,16,female,45-64,1898.9132333835087,1288.078249276946,3121.2111628423872
person_years_exposure,county,16,female,65-74,560.5592923434117,375.3069771395911,920.262098606941
person_years_exposure,county,16,female,75-84,176.32126688766124,105.45965549055309,290.440261755922
person_years_exposure,county,16,female,85+,10.243119499894028,3.4599720579061164,19.268572225564082
person_years_exposure,county,16,female,18-64,3872.2483755613694,2627.8148683028307,6376.929651723536
person_years_exposure,county,16,female,65+,747.1236787309671,492.70756809826304,1218.440613627679
mortality_rate,county,16,female,0-17,0.00304112012403879,0.00045143064214010303,0.007642417708894553
mortality_rate,county,16,female,18-44,0.0010508909810383361,0.0,0.0028379928679617386
mortality_rate,county,16,female,45-64,0.0076830026839901965,0.0019882382294941505,0.017213460015648472
mortality_rate,county,16,female,65-74,0.03262122858771109,0.009491121438925899,0.0746776029866086
mortality_rate,county,16,female,75-84,0.09513486884134888,0.028851589255361455,0.22877049062026597
mortality_rate,county,16,female,85+,0.14131876202774293,0.0,0.5900753202847862
qualifying_event_rate,county,16,female,0-17,0.011905492583826897,0.007030765044265759,0.017615554007082312
qualifying_event_rate,county,16,female,18-44,0.026626840993224148,0.018609011713340153,0.03705214942291893
qualifying_event_rate,county,16,female,45-64,0.03236354633052278,0.022653926823924427,0.043829222315032425
qualifying_event_rate,county,16,female,65-74,0.04126389427655674,0.02531476438018048,0.060469576315611145
qualifying_event_rate,county,16,female,75-84,0.05692431013858252,0.027031049558732284,0.09086427734930942
qualifying_event_rate,county,16,female,85+,0.04076583031159978,0.0,0.17158305470262306
person_years_exposure,county,17,male,0-17,1103.3254753436863,715.7878009594078,1823.0430279466545
person_years_exposure,county,17,male,18-44,1474.1337985858934,994.3989204975024,2430.050776116211
person_years_exposure,county,17,male,45-64,1520.6366462794897,1021.3424058586877,2507.2663163816233
person_years_exposure,county,17,male,65-74,403.191412700003,268.05655936028916,661.5001163062142
person_years_exposure,county,17,male,75-84,131.8980933085543,78.55077697964768,219.65795549136243
person_years_exposure,county,17,male,85+,7.728221462101833,1.7989981732308826,15.057746681142747
person_years_exposure,county,17,male,18-64,2994.770444865383,2016.367116253035,4939.146561921854
person_years_exposure,county,17,male,65+,542.8177274706592,355.90734404498363,894.6816871386684
mortality_rate,county,17,male,0-17,0.05979605520330354,0.02064710985487697,0.14440428781664416
mortality_rate,county,17,male,18-44,0.0009436818303633406,0.0,0.0028851017744834485
mortality_rate,county,17,male,45-64,0.0073083081860421005,0.0017003804987708925,0.016748543749996056
mortality_rate,county,17,male,65-74,0.035080463114277906,0.009319419482881145,0.08258323937133769
mortality_rate,county,17,male,75-84,0.0935729417847121,0.025218291412653186,0.22921532285695836
mortality_rate,county,17,male,85+,0.15108400294722296,0.0,0.7142085670697407
qualifying_event_rate,county,17,male,0-17,0.009821759083457643,0.00478518831415242,0.016105197948699326
qualifying_event_rate,county,17,male,18-44,0.025548547316473654,0.016931883406050664,0.03559370786676774
qualifying_event_rate,county,17,male,45-64,0.030890125109721004,0.021412901944907657,0.04207457134408353
qualifying_event_rate,county,17,male,65-74,0.044126076509626876,0.026574795700985514,0.06594146875201264
qualifying_event_rate,county,17,male,75-84,0.05302462480141242,0.022390541914879446,0.09113820499617818
qualifying_event_rate,county,17,male,85+,0.047174147393512604,0.0,0.19724579855841098
person_years_exposure,county,17,female,0-17,1361.7926352300153,912.8408104535262,2238.4646695900105
person_years_exposure,county,17,female,18-44,1435.3940802509453,969.4609958854306,2371.219884263417
person_years_exposure,county,17,female,45-64,1684.9400406987343,1138.7483243554314,2785.098127117268
person_years_exposure,county,17,female,65-74,391.8543507548653,261.02468744259363,647.5266421490027
person_years_exposure,county,17,female,75-84,137.12830008421446,84.03746740326952,226.40665267866964
person_years_exposure,county,17,female,85+,15.28524671617355,6.2927326053225725,27.364865422369395
person_years_exposure,county,17,female,18-64,3120.3341209496793,2104.531160494234,5146.264761955668
person_years_exposure,county,17,female,65+,544.2678975552533,359.0207324067055,892.3097081966597
mortality_rate,county,17,female,0-17,0.010821630272483342,0.0028921031716695107,0.024160978610513188
mortality_rate,county,17,female,18-44,0.0010443288419009855,0.0,0.003101725748804397
mortality_rate,county,17,female,45-64,0.007629919594004493,0.0018492509003175226,0.017021105443741438
mortality_rate,county,17,female,65-74,0.034298825795409486,0.00877768092030745,0.08064477900342053
mortality_rate,county,17,female,75-84,0.09106795967310576,0.025583557105609566,0.22453831033676797
mortality_rate,county,17,female,85+,0.14122807244491942,0.0,0.4755279332228445
qualifying_event_rate,county,17,female,0-17,0.007850621080017984,0.0036882992343424507,0.012605553448303119
qualifying_event_rate,county,17,female,18-44,0.028402667529290986,0.019232622249909005,0.039038494060215256
qualifying_event_rate,county,17,female,45-64,0.033517281333987604,0.02404380207057309,0.04520984387004657
qualifying_event_rate,county,17,female,65-74,0.046927396899226724,0.02797892952084381,0.06850053914382
qualifying_event_rate,county,17,female,75-84,0.05794071816562037,0.025156904122468873,0.0955943084466143
qualifying_event_rate,county,17,female,85+,0.03749940243843605,0.0,0.1353707758180782
person_years_exposure,state,0,male,0-17,16401.986102286417,13985.005305202088,20680.86626790067
person_years_exposure,state,0,male,18-44,19818.64233949017,16940.425932422266,25023.683381016333
person_years_exposure,state,0,male,45-64,17324.029996223282,14802.348409927492,21665.035124724334
person_years_exposure,state,0,male,65-74,5006.289641812181,4141.879276880347,6321.858940823342
person_years_exposure,state,0,male,75-84,1726.2180302264962,1234.6251848608601,2272.915207858294
person_years_exposure,state,0,male,85+,212.21550132158137,109.93995870514311,310.8503333705824
person_years_exposure,state,0,male,18-64,37142.67233571345,31763.903053469276,46596.102999410214
person_years_exposure,state,0,male,65+,6944.723173360258,5545.697334968181,8870.244895489895
mortality_rate,state,0,male,0-17,0.0009405718306028475,0.00025566609318075704,0.002006556429350802
mortality_rate,state,0,male,18-44,0.000927379091686197,0.0002667258088707437,0.0019760243683217896
mortality_rate,state,0,male,45-64,0.007296189979471038,0.0025633864143509164,0.015474989596093182
mortality_rate,state,0,male,65-74,0.039689136409629726,0.014218611443716394,0.08757399288967817
mortality_rate,state,0,male,75-84,0.10431904431591443,0.03860709212369299,0.2492030149355158
mortality_rate,state,0,male,85+,0.1587241727144779,0.059462532623511484,0.4195542566650491
qualifying_event_rate,state,0,male,0-17,0.017917097035067848,0.013720682631633861,0.023746518648212717
qualifying_event_rate,state,0,male,18-44,0.0347779601305793,0.027392494076171718,0.045112881230856605
qualifying_event_rate,state,0,male,45-64,0.045684094137451614,0.03641436724483702,0.05974092700709058
qualifying_event_rate,state,0,male,65-74,0.07149765872349394,0.056631970560516214,0.09275205906614056
qualifying_event_rate,state,0,male,75-84,0.06448567090811637,0.04959806891087852,0.08705625962779563
qualifying_event_rate,state,0,male,85+,0.05721249754998372,0.030909402493810908,0.09649036975727242
person_years_exposure,state,0,female,0-17,16894.48509085504,14407.394978471464,21269.089124752518
person_years_exposure,state,0,female,18-44,20326.334160918108,17367.15370051987,25644.619107662027
person_years_exposure,state,0,female,45-64,17521.377719846372,14960.79318981925,21912.122880870367
person_years_exposure,state,0,female,65-74,4559.98201651218,3793.2960395218206,5767.95065560324
person_years_exposure,state,0,female,75-84,1658.378431020375,1173.74308284482,2197.344828024026
person_years_exposure,state,0,female,85+,218.41410832410264,110.92592162295253,322.044927516163
person_years_exposure,state,0,female,18-64,37847.71188076448,32369.957494460963,47474.117915245
person_years_exposure,state,0,female,65+,6436.7745558566585,5165.579927847604,8271.583875197028
mortality_rate,state,0,female,0-17,0.0027079264737262625,0.000886711253183224,0.005765564851162942
mortality_rate,state,0,female,18-44,0.001029202890663049,0.00030570896128270314,0.0022364244742381608
mortality_rate,state,0,female,45-64,0.0074373989674849945,0.002671705545709815,0.015660199961250388
mortality_rate,state,0,female,65-74,0.0350174818791505,0.012531734036642535,0.0761091010853681
mortality_rate,state,0,female,75-84,0.11293887727552886,0.04061407056119808,0.26845869349946805
mortality_rate,state,0,female,85+,0.15713711224084914,0.059108470384135796,0.4112473660603281
qualifying_event_rate,state,0,female,0-17,0.017842967825602643,0.013840337949969687,0.023488325303109393
qualifying_event_rate,state,0,female,18-44,0.034496962009606065,0.027110166343513452,0.045095963458272326
qualifying_event_rate,state,0,female,45-64,0.04385791940348272,0.03468093843761285,0.05645724043428959
qualifying_event_rate,state,0,female,65-74,0.06586021579153252,0.05232913063042106,0.08574163600533558
qualifying_event_rate,state,0,female,75-84,0.06861101735731068,0.05283510456475803,0.09199368030470133
qualifying_event_rate,state,0,female,85+,0.04984642984851541,0.02555200213404298,0.08272848455621178
person_years_exposure,state,1,male,0-17,3715.457577772205,2444.1692700448993,5808.72109955517
person_years_exposure,state,1,male,18-44,4384.1691876284995,2899.3413639744203,6960.52755717538
person_years_exposure,state,1,male,45-64,4426.595780290928,2922.4488134296453,6966.175445600466
person_years_exposure,state,1,male,65-74,1227.5127347259072,806.9132519782264,1903.794071475545
person_years_exposure,state,1,male,75-84,378.41140670085673,227.6796261946237,605.1737410777699
person_years_exposure,state,1,male,85+,30.463442605829176,14.577139527247237,50.70868386238063
person_years_exposure,state,1,male,18-64,8810.764967919427,5820.89489382013,13841.371838338591
person_years_exposure,state,1,male,65+,1636.3875840325932,1058.3624604990505,2584.344827610545
mortality_rate,state,1,male,0-17,0.031092749344345964,0.010817430824822652,0.06746194686996033
mortality_rate,state,1,male,18-44,0.0010010270332140023,0.0,0.0023651613266470676
mortality_rate,state,1,male,45-64,0.007056843344005756,0.002291949513047033,0.014971555424927563
mortality_rate,state,1,male,65-74,0.035122618083007366,0.01137314177657864,0.07552955577920074
mortality_rate,state,1,male,75-84,0.0991456228398954,0.03511342349029915,0.23369450935600336
mortality_rate,state,1,male,85+,0.1421314744306736,0.026672994174288107,0.3818536173868885
qualifying_event_rate,state,1,male,0-17,0.02760873981610809,0.02039433713694755,0.03722754190377722
qualifying_event_rate,state,1,male,18-44,0.03664431139836567,0.028039595707391007,0.048206798503962936
qualifying_event_rate,state,1,male,45-64,0.0447066219436053,0.034492200344886086,0.05878454653036237
qualifying_event_rate,state,1,male,65-74,0.07009447628656398,0.05243405125987563,0.092626760444049
qualifying_event_rate,state,1,male,75-84,0.06044303355314917,0.03800528233382005,0.08742743256510305
qualifying_event_rate,state,1,male,85+,0.04919577687283731,0.0,0.11683289592604003
person_years_exposure,state,1,female,0-17,3792.590967514194,2505.519384132046,5988.0184976013825
person_years_exposure,state,1,female,18-44,4518.779797733835,2984.267211495932,7123.563121421771
person_years_exposure,state,1,female,45-64,4267.592741851541,2818.3136540958376,6698.121766638244
person_years_exposure,state,1,female,65-74,1242.7604470154383,817.167038970214,1923.7915902214077
person_years_exposure,state,1,female,75-84,450.5281349830627,277.2408466624736,721.2859705239426
person_years_exposure,state,1,female,85+,66.71079568326219,33.26931961911126,113.48096655768572
person_years_exposure,state,1,female,18-64,8786.372539585376,5797.856324992306,13769.800552605962
person_years_exposure,state,1,female,65+,1759.9993776817632,1141.7734586245253,2763.0110957296247
mortality_rate,state,1,female,0-17,0.0200528469178941,0.006731757905534508,0.0429348804911746
mortality_rate,state,1,female,18-44,0.0010568956930906658,0.00015636590593961597,0.0024902812061943468
mortality_rate,state,1,female,45-64,0.007489562448239324,0.002420159941052937,0.015876532481370588
mortality_rate,state,1,female,65-74,0.03488283394216516,0.011725492429945725,0.07508113119061628
mortality_rate,state,1,female,75-84,0.09653074465435854,0.03294583262223475,0.22114762265008026
mortality_rate,state,1,female,85+,0.13184295438364277,0.037799860454422504,0.33631973946230936
qualifying_event_rate,state,1,female,0-17,0.0305247962139531,0.022823416588923923,0.04075917936830277
qualifying_event_rate,state,1,female,18-44,0.03867268793421343,0.02991477259011959,0.05081438774365939
qualifying_event_rate,state,1,female,45-64,0.03753019182173913,0.028375416723217806,0.04884653858710439
qualifying_event_rate,state,1,female,65-74,0.07269042144543218,0.05430899917694876,0.09562424055730359
qualifying_event_rate,state,1,female,75-84,0.07318777347906531,0.049499377341564635,0.10379175225797313
qualifying_event_rate,state,1,female,85+,0.044417793516869086,0.0,0.09091538560580906
person_years_exposure,state,2,male,0-17,5199.8575959985465,3860.403751675193,6785.210095651881
person_years_exposure,state,2,male,18-44,5899.430829084326,4376.159464731617,7687.804546938911
person_years_exposure,state,2,male,45-64,5342.148529448662,3969.2441740395907,6959.765691151635
person_years_exposure,state,2,male,65-74,1453.9352052413556,1066.411449118489,1927.0605783524784
person_years_exposure,state,2,male,75-84,483.0820465314949,315.38232334565976,662.628731267769
person_years_exposure,state,2,male,85+,79.48956241286606,43.00494069942401,120.46794921051726
person_years_exposure,state,2,male,18-64,11241.579358532988,8331.003126101494,14639.207131140396
person_years_exposure,state,2,male,65+,2016.5068141857164,1445.7118786108579,2695.0600179678295
mortality_rate,state,2,male,0-17,0.009245952572960315,0.0030356756366949522,0.019712281453049457
mortality_rate,state,2,male,18-44,0.0009807123261326572,0.00017072655209211576,0.002320112679325186
mortality_rate,state,2,male,45-64,0.0070638859846329635,0.002369094012837048,0.015277153807212743
mortality_rate,state,2,male,65-74,0.03755646904967815,0.012523215996252253,0.08447274806589909
mortality_rate,state,2,male,75-84,0.10569278613205649,0.03820133140360389,0.247656569600975
mortality_rate,state,2,male,85+,0.1376292599787368,0.04239701653508541,0.35466735055876997
qualifying_event_rate,state,2,male,0-17,0.021370777554661144,0.015762498285383824,0.02859446823607448
qualifying_event_rate,state,2,male,18-44,0.03644753535081147,0.028043317718051516,0.04770881390570584
qualifying_event_rate,state,2,male,45-64,0.043697946000921535,0.03385857969909406,0.056543837914943176
qualifying_event_rate,state,2,male,65-74,0.052069811048642826,0.038338146659248215,0.06928057610489569
qualifying_event_rate,state,2,male,75-84,0.07487239325862306,0.05110002571767409,0.10409950237297873
qualifying_event_rate,state,2,male,85+,0.05171137758836367,0.014370855346228183,0.09664684595789678
person_years_exposure,state,2,female,0-17,5218.191216858009,3868.7751941492343,6809.006321073943
person_years_exposure,state,2,female,18-44,6277.968126061972,4651.162101178352,8197.077386431069
person_years_exposure,state,2,female,45-64,5774.12310329819,4282.870046232397,7520.922996417744
person_years_exposure,state,2,female,65-74,1480.4274716640318,1087.908989037917,1951.3904668211344
person_years_exposure,state,2,female,75-84,583.0670152684589,390.4355801353965,801.3278027440878
person_years_exposure,state,2,female,85+,91.67391419472743,47.34167754295984,140.16124950532327
person_years_exposure,state,2,female,18-64,12052.091229360161,8932.09576849322,15714.777525997823
person_years_exposure,state,2,female,65+,2155.168401127218,1552.1264488044178,2884.9517705780618
mortality_rate,state,2,female,0-17,0.01865431771847021,0.006669894236986295,0.04057416010839956
mortality_rate,state,2,female,18-44,0.0010172448060445855,0.00018601420087678843,0.002357321775643538
mortality_rate,state,2,female,45-64,0.0074098101970775515,0.0025133936801566563,0.01602015491064709
mortality_rate,state,2,female,65-74,0.03623144854348677,0.012494040756841707,0.0803496391247672
mortality_rate,state,2,female,75-84,0.09918918245891126,0.03603550786688605,0.23544842392389576
mortality_rate,state,2,female,85+,0.14367994072776522,0.047032405785396664,0.3746578430630924
qualifying_event_rate,state,2,female,0-17,0.02833050346974716,0.02146377904135231,0.03736378089866959
qualifying_event_rate,state,2,female,18-44,0.036416492954490225,0.028139758195198157,0.04683996426514481
qualifying_event_rate,state,2,female,45-64,0.04429066397071981,0.03447119785580526,0.05750627441534478
qualifying_event_rate,state,2,female,65-74,0.06602893673168095,0.049675773787919764,0.0857938979436165
qualifying_event_rate,state,2,female,75-84,0.06736070263831294,0.046220751845240916,0.09311951423183645
qualifying_event_rate,state,2,female,85+,0.05348856821064943,0.017406731566184573,0.09676616174697379
person_years_exposure,state,3,male,0-17,3870.7144857375233,2550.1847419671208,6097.363999728622
person_years_exposure,state,3,male,18-44,4868.913213250609,3296.666562519128,7551.072034398766
person_years_exposure,state,3,male,45-64,5372.152737745483,3626.311833735311,8327.91026868383
person_years_exposure,state,3,male,65-74,1659.0534023522123,1116.4326304599147,2661.4868185635696
person_years_exposure,state,3,male,75-84,540.5325050416733,338.56411265327137,868.4747929674447
person_years_exposure,state,3,male,85+,61.03690369620043,29.85389731785735,105.5500602131941
person_years_exposure,state,3,male,18-64,10241.065950996093,6926.828005257515,15880.510503780168
person_years_exposure,state,3,male,65+,2260.622811090086,1498.1691768318574,3617.4144582597223
mortality_rate,state,3,male,0-17,0.060136063677665746,0.022145446841217314,0.1385635713638667
mortality_rate,state,3,male,18-44,0.001015992096611516,3.5605240279725555e-05,0.0025017257846696897
mortality_rate,state,3,male,45-64,0.007408084844950193,0.0023932234538486816,0.01625215024813265
mortality_rate,state,3,male,65-74,0.03598967155885411,0.012599290873931194,0.07987526461239286
mortality_rate,state,3,male,75-84,0.09783977324065297,0.033595532316092795,0.2333725507761879
mortality_rate,state,3,male,85+,0.15334382974051072,0.047076181053644126,0.397984064913567
qualifying_event_rate,state,3,male,0-17,0.010026489365400387,0.006615628810367429,0.014352546613430961
qualifying_event_rate,state,3,male,18-44,0.02608380345860618,0.0195487948947027,0.034859108167502956
qualifying_event_rate,state,3,male,45-64,0.031123239562399773,0.02352424559090683,0.04136345578504184
qualifying_event_rate,state,3,male,65-74,0.04670789963096198,0.03417068151725765,0.06308398748085371
qualifying_event_rate,state,3,male,75-84,0.05544711150741087,0.03691123147374821,0.079764540330755
qualifying_event_rate,state,3,male,85+,0.04596177440361982,0.0,0.09591510778715522
person_years_exposure,state,3,female,0-17,4570.432818497678,3096.184006591706,7069.154499408866
person_years_exposure,state,3,female,18-44,4801.977084729367,3257.1308312828287,7471.422298252824
person_years_exposure,state,3,female,45-64,5410.11559842837,3660.1144436098007,8414.706561210258
person_years_exposure,state,3,female,65-74,1666.430743647487,1123.7616995695714,2675.8951539397603
person_years_exposure,state,3,female,75-84,583.2684835240436,370.25820972339966,932.7395972413925
person_years_exposure,state,3,female,85+,67.16570733473259,34.3839586947905,109.75108940091545
person_years_exposure,state,3,female,18-64,10212.092683157736,6909.623217849746,15884.993597973478
person_years_exposure,state,3,female,65+,2316.864934506263,1546.4705653320802,3713.1853084898767
mortality_rate,state,3,female,0-17,0.010964134434038493,0.003594831527011681,0.023768472974270725
mortality_rate,state,3,female,18-44,0.0010476438412728342,0.0,0.002527906853974531
mortality_rate,state,3,female,45-64,0.00764428126536039,0.0024525651337217857,0.016490148297268158
mortality_rate,state,3,female,65-74,0.03527152743963367,0.012152426521542099,0.07867176057461127
mortality_rate,state,3,female,75-84,0.08960590546830396,0.03194466135974623,0.212199940962196
mortality_rate,state,3,female,85+,0.16197057461975414,0.05698713875336444,0.3977983630221726
qualifying_event_rate,state,3,female,0-17,0.008143802699463945,0.005258098820994833,0.011547813052020168
qualifying_event_rate,state,3,female,18-44,0.02886214626257356,0.021359875197038407,0.03863718206951359
qualifying_event_rate,state,3,female,45-64,0.03414601469373684,0.02594118234257095,0.04495634165582275
qualifying_event_rate,state,3,female,65-74,0.0494453333436202,0.03639268388013554,0.06641785779009537
qualifying_event_rate,state,3,female,75-84,0.061160652295109044,0.04147036376761205,0.08600385748017214
qualifying_event_rate,state,3,female,85+,0.04726849719556298,0.010946632905017467,0.09440550177361046
person_years_exposure,state,4,male,0-17,3725.0809728367203,2577.977452528452,5619.648383745386
person_years_exposure,state,4,male,18-44,4406.544831523386,3078.323051337962,6677.104357306215
person_years_exposure,state,4,male,45-64,4658.309082639999,3268.8490007251226,7006.384294563764
person_years_exposure,state,4,male,65-74,1338.902569936871,929.0273158521369,2017.1892365793142
person_years_exposure,state,4,male,75-84,501.2126276766584,312.04348245322007,769.6381507572027
person_years_exposure,state,4,male,85+,83.39519271806523,39.181567334292595,137.59863584971066
person_years_exposure,state,4,male,18-64,9064.853914163385,6336.661582550616,13680.337417399915
person_years_exposure,state,4,male,65+,1923.5103903315949,1293.9887195861165,2902.723204313749
mortality_rate,state,4,male,0-17,0.027962898863021782,0.009707817085894188,0.06070029316631904
mortality_rate,state,4,male,18-44,0.0009638983189492995,0.0,0.002245150288327308
mortality_rate,state,4,male,45-64,0.007141556632422144,0.0022353767632846307,0.015464869186298445
mortality_rate,state,4,male,65-74,0.03473982777615489,0.011354663535881954,0.07709555374179151
mortality_rate,state,4,male,75-84,0.10427901245482153,0.03699330015515484,0.2508033580875413
mortality_rate,state,4,male,85+,0.14846645413268283,0.04879827111073357,0.3978435152041971
qualifying_event_rate,state,4,male,0-17,0.01658416131098363,0.011946191549640352,0.0229625209219711
qualifying_event_rate,state,4,male,18-44,0.02703106647113915,0.01989373947848945,0.03631775875623084
qualifying_event_rate,state,4,male,45-64,0.035735245849800715,0.02717072236921491,0.04716923480827462
qualifying_event_rate,state,4,male,65-74,0.05065698153718108,0.03690307048106536,0.06884689865327327
qualifying_event_rate,state,4,male,75-84,0.060855342244905075,0.04083267222496342,0.08671323851119074
qualifying_event_rate,state,4,male,85+,0.06583220443407951,0.0237493472594207,0.1195192113998266
person_years_exposure,state,4,female,0-17,3962.124420023831,2782.436592887175,5933.18363357627
person_years_exposure,state,4,female,18-44,4770.045866035169,3332.695047536626,7189.104775137719
person_years_exposure,state,4,female,45-64,4278.577571428135,2999.961703177928,6361.647151749186
person_years_exposure,state,4,female,65-74,1302.036944981593,901.6805157433532,1967.8283887190992
person_years_exposure,state,4,female,75-84,407.76992026096644,254.65152867036724,625.1766221451205
person_years_exposure,state,4,female,85+,64.38126843615336,29.625423166599074,107.11781174025134
person_years_exposure,state,4,female,18-64,9048.623437463304,6333.283608854231,13549.567164177903
person_years_exposure,state,4,female,65+,1774.1881336787128,1205.5791366796313,2686.0952124651726
mortality_rate,state,4,female,0-17,0.003024981119201681,0.0007286451374033369,0.006766713078674797
mortality_rate,state,4,female,18-44,0.001057426928144663,0.00018853336833882977,0.002516686496015294
mortality_rate,state,4,female,45-64,0.007534812846513209,0.002358399148899917,0.016407776282787286
mortality_rate,state,4,female,65-74,0.03197501212320512,0.010671478921179105,0.07246597765770568
mortality_rate,state,4,female,75-84,0.10109203475920961,0.03474732098502226,0.24019655901872755
mortality_rate,state,4,female,85+,0.14285335814821784,0.04121361323586081,0.40546654373617735
qualifying_event_rate,state,4,female,0-17,0.0123634056807851,0.008510729645817349,0.0172598720753004
qualifying_event_rate,state,4,female,18-44,0.027681099418912065,0.020564865124419324,0.036571425692782704
qualifying_event_rate,state,4,female,45-64,0.03330842854508094,0.025234638718051393,0.04420279312857184
qualifying_event_rate,state,4,female,65-74,0.042465196452875,0.029453929361836176,0.0581040317731308
qualifying_event_rate,state,4,female,75-84,0.05999182312263232,0.03799850200999809,0.08675506756821579
qualifying_event_rate,state,4,female,85+,0.044806975866046,0.0,0.09938934472009313
person_years_exposure,state,5,male,0-17,6389.404110313826,4952.216357199014,8184.022495388651
person_years_exposure,state,5,male,18-44,7929.5126107967235,6198.953593568105,10067.388875480769
person_years_exposure,state,5,male,45-64,8165.606362533954,6399.622592063475,10392.431886361685
person_years_exposure,state,5,male,65-74,2562.5831348169627,1980.6041518882132,3290.7066584585145
person_years_exposure,state,5,male,75-84,812.4194804055334,558.8646058675492,1093.4732013038472
person_years_exposure,state,5,male,85+,82.15098501069637,41.8132934438665,126.21526879852317
person_years_exposure,state,5,male,18-64,16095.118973330678,12585.988435592088,20458.492110081523
person_years_exposure,state,5,male,65+,3457.1536002331923,2617.2157844441244,4470.505896800188
mortality_rate,state,5,male,0-17,0.036876686900938635,0.012904793824146355,0.08159629940009937
mortality_rate,state,5,male,18-44,0.001492591492813077,0.0003787188312505673,0.0033562435644814677
mortality_rate,state,5,male,45-64,0.0076502329514436754,0.0024546024460222722,0.016326547890966315
mortality_rate,state,5,male,65-74,0.03558858608090273,0.01232811553896227,0.07928157364239397
mortality_rate,state,5,male,75-84,0.09748598236344792,0.03471929766489581,0.2265612464522032
mortality_rate,state,5,male,85+,0.15027298773659142,0.0527552469919647,0.36945099032533746
qualifying_event_rate,state,5,male,0-17,0.027800333945952174,0.02146800720816797,0.036784227244726686
qualifying_event_rate,state,5,male,18-44,0.03310972060224875,0.025923730946789326,0.04351725595946099
qualifying_event_rate,state,5,male,45-64,0.047205103778161714,0.03745271325136455,0.06110659500075499
qualifying_event_rate,state,5,male,65-74,0.06764479477253683,0.05344380912935169,0.08671670873275977
qualifying_event_rate,state,5,male,75-84,0.06506875210822863,0.047251423285068914,0.0880788069594622
qualifying_event_rate,state,5,male,85+,0.04508889199154516,0.010787760291235175,0.08892496968080227
person_years_exposure,state,5,female,0-17,6701.855927133891,5254.388238569152,8515.849659195352
person_years_exposure,state,5,female,18-44,7900.6809981584765,6198.865996628214,10030.961857778982
person_years_exposure,state,5,female,45-64,8403.607701738567,6574.973101135894,10748.631076824546
person_years_exposure,state,5,female,65-74,2572.15642107714,1974.5875321622236,3293.276096488236
person_years_exposure,state,5,female,75-84,875.8860811259513,595.7020209825705,1177.331910772471
person_years_exposure,state,5,female,85+,111.65711159586932,57.49103452092817,170.54882548783226
person_years_exposure,state,5,female,18-64,16304.288699897043,12763.890653784181,20784.42832882543
person_years_exposure,state,5,female,65+,3559.699613798961,2665.9187335070287,4619.020376928613
mortality_rate,state,5,female,0-17,0.008087771021551187,0.002707087184108332,0.017090197706530343
mortality_rate,state,5,female,18-44,0.001085751229915878,0.0002312206290009881,0.002442190895414826
mortality_rate,state,5,female,45-64,0.007616085887861079,0.0026554007650661047,0.016490011470754552
mortality_rate,state,5,female,65-74,0.03694095198918381,0.013112628812233722,0.08300978596528415
mortality_rate,state,5,female,75-84,0.10343234287353281,0.03697877313667383,0.2385609951031383
mortality_rate,state,5,female,85+,0.136483626805669,0.045340139866976534,0.34671128666099776
qualifying_event_rate,state,5,female,0-17,0.030278530154244237,0.023563057234195262,0.03973128794903526
qualifying_event_rate,state,5,female,18-44,0.037369439598723936,0.02920827525344578,0.048337121904401086
qualifying_event_rate,state,5,female,45-64,0.04617336350018663,0.03653190294837045,0.05941505801298372
qualifying_event_rate,state,5,female,65-74,0.06847829932451334,0.053703289045688565,0.08802482284527283
qualifying_event_rate,state,5,female,75-84,0.06478550091205731,0.047734135856954275,0.08832381814325298
qualifying_event_rate,state,5,female,85+,0.06330755578524894,0.02834995687309833,0.10721044165505247
