estimand,level,unit,sex,age_band,estimate,lower,upper
children_under_16,county,0,,,2652.4065904123413,1947.919748173118,3356.8934326515646
children_under_16,county,1,,,1575.0731263343387,1165.76384245946,1984.3824102092174
children_under_16,county,2,,,371.72865946039747,262.21654498898033,481.2407739318146
children_under_16,county,3,,,417.25415459006695,304.8304927803248,529.6778163998091
children_under_16,county,4,,,774.1198446238917,565.3169221534586,982.9227670943249
children_under_16,county,5,,,2022.3910028927373,1499.2022143585118,2545.579791426963
children_under_16,county,6,,,545.5503192801796,404.41746701748815,686.6831715428709
children_under_16,county,7,,,511.59391232806456,378.64761644586406,644.5402082102651
children_under_16,county,8,,,1023.169395916772,747.4898157969874,1298.8489760365567
children_under_16,county,9,,,147.57791787385239,104.10112526088864,191.05471048681613
children_under_16,county,10,,,1188.7620075867706,881.2314886538684,1496.2925265196727
children_under_16,county,11,,,422.8407878467953,298.2709232873054,547.4106524062853
children_under_16,county,12,,,686.2139918459899,508.69170928262156,863.7362744093582
children_under_16,county,13,,,906.5128757680693,665.7404407999583,1147.2853107361802
children_under_16,county,14,,,421.24309227922356,311.77597893997324,530.7102056184739
children_under_16,county,15,,,890.8263561107055,660.371235720399,1121.281476501012
children_under_16,county,16,,,435.55957983635074,322.8811271617159,548.2380325109856
children_under_16,nation,0,,,14992.823614986546,14175.871599935925,15809.775630037168
children_under_16,state,0,,,3558.9194661804104,3179.755126335932,3938.083806024889
children_under_16,state,1,,,2507.9101309416274,2278.9270830226155,2736.893178860639
children_under_16,state,2,,,942.1473651810451,785.6368290791502,1098.65790128294
children_under_16,state,3,,,1440.423550506839,1273.6703944148203,1607.176706598858
children_under_16,state,4,,,774.1198446238917,683.9766513574546,864.2630378903289
children_under_16,state,5,,,5769.303257552734,5262.049586268373,6276.556928837095
elders_65_plus,county,0,,,1023.0777146414649,751.3453221951619,1294.8101070877678
elders_65_plus,county,1,,,673.2001007016974,498.2577145256425,848.1424868777522
elders_65_plus,county,2,,,131.68641346376813,92.89129444736383,170.48153248017243
elders_65_plus,county,3,,,215.8461236269569,157.68921532865312,274.0030319252607
elders_65_plus,county,4,,,308.50185732781443,225.2898200121957,391.71389464343315
elders_65_plus,county,5,,,753.3745566184709,558.4779609423913,948.2711522945506
elders_65_plus,county,6,,,220.1468971784285,163.19530459835636,277.09848975850065
elders_65_plus,county,7,,,196.19066496591688,145.20721585646268,247.17411407537108
elders_65_plus,county,8,,,399.5890870067748,291.9250460707454,507.25312794280416
elders_65_plus,county,9,,,43.35268030130261,30.580881391068736,56.12447921153649
elders_65_plus,county,10,,,482.06926067932807,357.3588401307532,606.779681227903
elders_65_plus,county,11,,,135.95681833644807,95.90362826376555,176.0100084091306
elders_65_plus,county,12,,,278.9445025305116,206.78207887530664,351.1069261857166
elders_65_plus,county,13,,,416.802493785227,306.0985490183954,527.5064385520586
elders_65_plus,county,14,,,138.1326270650539,102.23653708773595,174.02871704237185
elders_65_plus,county,15,,,341.7806621203722,253.362640924959,430.1986833157854
elders_65_plus,county,16,,,184.04825061191457,136.43531071465466,231.66119050917447
elders_65_plus,nation,0,,,5942.70071096145,5623.537533190317,6261.863888732582
elders_65_plus,state,0,,,1439.880208426692,1286.4765605298273,1593.2838563235566
elders_65_plus,state,1,,,1007.5233927326681,915.5321469255432,1099.514638539793
elders_65_plus,state,2,,,310.9959121015188,259.3329358757633,362.65888832727427
elders_65_plus,state,3,,,615.4352106337317,544.1882751700479,686.6821460974155
elders_65_plus,state,4,,,308.50185732781443,272.5780365637734,344.42567809185545
elders_65_plus,state,5,,,2260.364129739026,2061.6264395771177,2459.101819900934
households,county,0,,,4192.85835934179,3066.7833521919342,5318.933366491645
households,county,1,,,2968.8987634682826,2195.474265585051,3742.3232613515142
households,county,2,,,604.1633203720286,431.8465555079595,776.4800852360977
households,county,3,,,1095.729877191051,805.2014755351295,1386.2582788469724
households,county,4,,,1604.7798854771954,1153.4430557308378,2056.116715223553
households,county,5,,,3565.288990574882,2603.256359283948,4527.321621865816
households,county,6,,,1170.5082277477297,854.6664787998375,1486.349976695622
households,county,7,,,1054.607663729464,779.8730002170878,1329.3423272418404
households,county,8,,,1950.6900924961985,1433.4724036331363,2467.9077813592608
households,county,9,,,242.19686858753823,173.1185590511143,311.2751781239622
households,county,10,,,2425.802056905972,1771.2406056560087,3080.363508155936
households,county,11,,,755.8156298280963,540.2452703341138,971.3859893220789
households,county,12,,,1588.2542275956855,1159.6908214392456,2016.8176337521254
households,county,13,,,1797.8231827653583,1314.982223238052,2280.6641422926646
households,county,14,,,1040.0596028631726,769.1148384235223,1311.0043673028229
households,county,15,,,1806.000761166147,1318.6821541833376,2293.3193681489565
households,county,16,,,981.5631604156475,716.7050261972911,1246.421294634004
households,nation,0,,,28845.040670526236,27032.74885033666,30657.332490715813
households,state,0,,,5990.681542107149,5309.33731557659,6672.025768637707
households,state,1,,,5063.566030060918,4592.067251824076,5535.06480829776
households,state,2,,,1602.1758187876633,1363.7065752047015,1840.645062370625
households,state,3,,,3046.4199696872492,2725.3425064497574,3367.497432924741
households,state,4,,,1604.7798854771954,1378.3714775426906,1831.1882934117002
households,state,5,,,11537.417424406063,10191.16582057913,12883.669028232996
low_income_household_share,county,0,,,0.29481470230645307,0.14045247260097615,0.44917693201193
low_income_household_share,county,1,,,0.36222386741097007,0.171084133912249,0.5533636009096912
low_income_household_share,county,2,,,0.379262248904533,0.0,0.7717326974481578
low_income_household_share,county,3,,,0.3446241026781993,0.13278638257183173,0.5564618227845669
low_income_household_share,county,4,,,0.260749328984688,0.0,0.5499794762632495
low_income_household_share,county,5,,,0.35936907107648364,0.23595680504992997,0.4827813371030373
low_income_household_share,county,6,,,0.37733697927607995,0.25310100872440067,0.5015729498277592
low_income_household_share,county,7,,,0.3835204989102073,0.19019895361742584,0.5768420442029887
low_income_household_share,county,8,,,0.3195875752041047,0.11075322721764963,0.5284219231905598
low_income_household_share,county,9,,,0.41231534106404477,0.006715653814195144,0.8179150283138944
low_income_household_share,county,10,,,0.37268370822766267,0.24866441932174904,0.4967029971335763
low_income_household_share,county,11,,,0.463787085255517,0.037233843372328324,0.8903403271387056
low_income_household_share,county,12,,,0.36768799125293455,0.24389872373793992,0.4914772587679292
low_income_household_share,county,13,,,0.3067218649737645,0.15109753477869517,0.4623461951688339
low_income_household_share,county,14,,,0.39743997083620697,0.20264502595368042,0.5922349157187335
low_income_household_share,county,15,,,0.3425805987920688,0.2199059297953168,0.4652552677888208
low_income_household_share,county,16,,,0.40764996403747894,0.2819460775534324,0.5333538505215255
low_income_household_share,nation,0,,,0.34490534076929585,0.2529110102216373,0.4368996713169544
low_income_household_share,state,0,,,0.29804238171699354,0.1752735817204318,0.42081118171355525
low_income_household_share,state,1,,,0.37259317799149505,0.21100284696607513,0.5341835090169149
low_income_household_share,state,2,,,0.422324101382362,0.02877436073045886,0.815873842034265
low_income_household_share,state,3,,,0.32773442128031505,0.14841496977484142,0.5070538727857887
low_income_household_share,state,4,,,0.260749328984688,0.0,0.5257098986784339
low_income_household_share,state,5,,,0.3659311680413347,0.27728866096260324,0.45457367512006613
mean_income_adults,county,0,,,45488.72974116608,27265.495288274255,63711.9641940579
mean_income_adults,county,1,,,36840.2889194231,17041.266550117187,56639.31128872902
mean_income_adults,county,2,,,51613.95127264479,4444.883732713046,98783.01881257653
mean_income_adults,county,3,,,49539.318630567046,23935.423310309518,75143.21395082457
mean_income_adults,county,4,,,46209.64304199364,18674.655497810218,73744.63058617705
mean_income_adults,county,5,,,42222.64515526098,23929.409626642955,60515.880683879004
mean_income_adults,county,6,,,36192.59436832554,19757.685847344816,52627.50288930626
mean_income_adults,county,7,,,40266.059609897384,19035.269612799566,61496.8496069952
mean_income_adults,county,8,,,44983.88114724249,21157.60240723003,68810.15988725495
mean_income_adults,county,9,,,39855.319902422525,0.0,81955.90564217756
mean_income_adults,county,10,,,48076.57894017806,27317.730088291413,68835.4277920647
mean_income_adults,county,11,,,43466.68444429799,0.0,86997.39105604222
mean_income_adults,county,12,,,39771.18863280916,22373.313307920012,57169.0639576983
mean_income_adults,county,13,,,49651.887768093475,29769.915077780177,69533.86045840677
mean_income_adults,county,14,,,51255.42947929178,27003.7269982156,75507.13196036796
mean_income_adults,county,15,,,53609.01046424327,31727.600260514988,75490.42066797156
mean_income_adults,county,16,,,45476.19417429707,26175.323810748938,64777.064537845195
mean_income_adults,nation,0,,,44674.928162644,29259.311025748386,60090.54529953961
mean_income_adults,state,0,,,46617.23867497187,30678.879525919972,62555.597824023775
mean_income_adults,state,1,,,40007.25249901259,21161.772246992212,58852.73275103296
mean_income_adults,state,2,,,46229.14666580256,2961.789551967282,89496.50377963783
mean_income_adults,state,3,,,46466.21323282603,24251.72024908604,68680.70621656602
mean_income_adults,state,4,,,46209.64304199364,20595.9017744895,71823.38430949778
mean_income_adults,state,5,,,44620.83566719162,27719.002602221743,61522.668732161495
median_household_income,county,0,,,45786.0640466044,27182.863816982193,64389.264276226604
median_household_income,county,1,,,42958.7139515093,14151.313228662391,71766.11467435621
median_household_income,county,2,,,41267.42551811135,0.0,92373.27723213451
median_household_income,county,3,,,52622.75486337936,29316.2331821873,75929.27654457142
median_household_income,county,4,,,37515.88915553292,25642.803697505853,49388.974613559985
median_household_income,county,5,,,43086.75348598443,25535.96815800957,60637.53881395929
median_household_income,county,6,,,38469.62080465295,22205.967771743002,54733.2738375629
median_household_income,county,7,,,38979.465701625166,11699.050950239583,66259.88045301074
median_household_income,county,8,,,55345.75951356307,31218.515777339795,79473.00324978634
median_household_income,county,9,,,33936.60081003243,0.0,79547.60925249764
median_household_income,county,10,,,42489.773659178136,25118.27070135784,59861.27661699843
median_household_income,county,11,,,29695.323611033287,0.0,72127.26906839546
median_household_income,county,12,,,38410.85949551453,22264.31819650071,54557.40079452835
median_household_income,county,13,,,44399.46593036752,26256.862394677908,62542.06946605713
median_household_income,county,14,,,45232.40086293639,15557.830707273966,74906.97101859881
median_household_income,county,15,,,56097.321079732545,34639.259005503074,77555.38315396202
median_household_income,county,16,,,36309.776997781366,20794.22360349971,51825.33039206302
median_household_income,nation,0,,,43526.93731130057,27540.021583885144,59513.853038716
median_household_income,state,0,,,45650.74513392139,29082.498083439008,62218.99218440377
median_household_income,state,1,,,42591.15259338475,15509.646294392871,69672.65889237664
median_household_income,state,2,,,33907.24652612267,0.0,78876.64252290447
median_household_income,state,3,,,54391.33242250514,33208.71755835794,75573.94728665234
median_household_income,state,4,,,37515.88915553292,27432.746163240416,47599.03214782542
median_household_income,state,5,,,42493.75636557815,27205.81492963208,57781.69780152422
persons,county,0,,,9163.982738518633,6730.002486346921,11597.962990690345
persons,county,1,,,6179.18085380932,4573.416621076683,7784.945086541957
persons,county,2,,,1386.5094330772165,978.0405784797186,1794.9782876747145
persons,county,3,,,1829.8460884578822,1336.8180489533336,2322.8741279624305
persons,county,4,,,3038.4798665529765,2218.9123533185375,3858.0473797874156
persons,county,5,,,8002.2131084723615,5932.055470396474,10072.370746548248
persons,county,6,,,2342.1466878050583,1736.2376986879976,2948.055676922119
persons,county,7,,,2013.0256863229738,1489.9070524547367,2536.1443201912107
persons,county,8,,,3793.5560770523857,2771.4321250887865,4815.6800290159845
persons,county,9,,,495.43742004135026,349.48042136454467,641.3944187181559
persons,county,10,,,4996.380027582053,3703.825813313776,6288.93424185033
persons,county,11,,,1559.5688736255045,1100.1163114731617,2019.0214357778473
persons,county,12,,,2926.767433813082,2169.618145753623,3683.9167218725406
persons,county,13,,,3407.8524640957653,2502.717018449494,4312.987909742037
persons,county,14,,,1693.4526712277864,1253.3804685171724,2133.5248739384006
persons,county,15,,,3816.1079554526464,2828.887929615248,4803.327981290045
persons,county,16,,,1822.3305999630181,1350.8970653301176,2293.7641345959187
persons,nation,0,,,58466.837985870014,55290.40224788879,61643.273723851235
persons,state,0,,,12571.8352026144,11232.44226592938,13911.228139299421
persons,state,1,,,9885.65921136008,8983.055745239875,10788.262677480285
persons,state,2,,,3441.5157267440713,2869.8074236673956,4013.224029820747
persons,state,3,,,5623.402165510268,4972.399161051214,6274.405169969322
persons,state,4,,,3038.4798665529765,2684.6609071902476,3392.2988259157055
persons,state,5,,,23905.94581308822,21804.066567385707,26007.82505879073
tertiary_share_25_plus,county,0,,,0.426375823507014,0.4028986836891171,0.44985296332491087
tertiary_share_25_plus,county,1,,,0.40953391318137033,0.3848022146708504,0.43426561169189026
tertiary_share_25_plus,county,2,,,0.3574717394555703,0.32095530447311016,0.39398817443803047
tertiary_share_25_plus,county,3,,,0.3626007962150864,0.3302891948090218,0.394912397621151
tertiary_share_25_plus,county,4,,,0.3866816439279585,0.35824631400833423,0.4151169738475828
tertiary_share_25_plus,county,5,,,0.39984194219113584,0.37544559872259364,0.424238285659678
tertiary_share_25_plus,county,6,,,0.4002838393368548,0.36780786155092005,0.43275981712278955
tertiary_share_25_plus,county,7,,,0.38848019226497266,0.35635609590106176,0.42060428862888355
tertiary_share_25_plus,county,8,,,0.38807808756834716,0.36058290120710684,0.4155732739295875
tertiary_share_25_plus,county,9,,,0.4058003568207715,0.34794191456633766,0.4636587990752053
tertiary_share_25_plus,county,10,,,0.39945261103418944,0.37268071569564515,0.42622450637273374
tertiary_share_25_plus,county,11,,,0.3675038804071987,0.3326645838851648,0.40234317692923266
tertiary_share_25_plus,county,12,,,0.3551408229225949,0.32555936941307484,0.384722276432115
tertiary_share_25_plus,county,13,,,0.4034358424605159,0.3750043584734538,0.43186732644757797
tertiary_share_25_plus,county,14,,,0.3737762832633842,0.3399496459120762,0.40760292061469217
tertiary_share_25_plus,county,15,,,0.397470548374063,0.3692244474503693,0.42571664929775666
tertiary_share_25_plus,county,16,,,0.4058671027598293,0.3704535127183827,0.44128069280127585
tertiary_share_25_plus,nation,0,,,0.39788086907559744,0.3772797037826134,0.4184820343685815
tertiary_share_25_plus,state,0,,,0.4201574735465117,0.3975659722867107,0.44274897480631265
tertiary_share_25_plus,state,1,,,0.3991213010633556,0.37608127234384375,0.4221613297828674
tertiary_share_25_plus,state,2,,,0.3689752813275172,0.34105551099899906,0.3968950516560354
tertiary_share_25_plus,state,3,,,0.37978781762941316,0.3546961634564038,0.4048794718024225
tertiary_share_25_plus,state,4,,,0.3866816439279585,0.35824631400833423,0.4151169738475828
tertiary_share_25_plus,state,5,,,0.3944119249074691,0.37286640894710865,0.4159574408678296
person_years_exposure,county,0,male,0-17,6844.149318029055,6042.662378156018,7449.899413612611
person_years_exposure,county,0,male,18-44,7102.961785209069,6271.792255374743,7740.77956033249
person_years_exposure,county,0,male,45-64,6856.580484333606,6055.100373253915,7474.391810479939
person_years_exposure,county,0,male,65-74,1995.0476642619274,1718.4220510953733,2220.960518853132
person_years_exposure,county,0,male,75-84,722.7646511075402,564.2235752588919,846.9066890610505
person_years_exposure,county,0,male,85+,102.19140297053504,62.345618093757444,135.80922918419674
person_years_exposure,county,0,male,18-64,13959.542269542675,12344.1444267636,15190.315573162723
person_years_exposure,county,0,male,65+,2820.0037183400027,2375.796861614914,3187.384057830991
mortality_rate,county,0,male,0-17,0.0009435807888480939,0.00015099048999053815,0.0021638819732567303
mortality_rate,county,0,male,18-44,0.0009861918203032847,0.00015414945854552533,0.0022398448772410966
mortality_rate,county,0,male,45-64,0.007651679374088035,0.002630917572790317,0.016021745054465658
mortality_rate,county,0,male,65-74,0.029389423536876513,0.009881677789367386,0.06458119068769216
mortality_rate,county,0,male,75-84,0.06485566431821255,0.021756355375853166,0.14892167680215745
mortality_rate,county,0,male,85+,0.11733430113666467,0.035994774158841086,0.29324099623351907
qualifying_event_rate,county,0,male,0-17,0.01949879094063673,0.013042327816771922,0.027489990642565416
qualifying_event_rate,county,0,male,18-44,0.02617402311309603,0.017944487509968535,0.03691918395751669
qualifying_event_rate,county,0,male,45-64,0.03465413805929288,0.024011062881641076,0.048317079306339494
qualifying_event_rate,county,0,male,65-74,0.04820505717307202,0.0327317077806769,0.06848697932692958
qualifying_event_rate,county,0,male,75-84,0.043032587589372,0.02619015390085768,0.06388215336554974
qualifying_event_rate,county,0,male,85+,0.027156113032250413,0.0,0.05939695549517098
person_years_exposure,county,0,female,0-17,7024.055851282583,6206.991631872506,7644.155461762359
person_years_exposure,county,0,female,18-44,6732.047665083793,5961.936765222658,7318.630103457715
person_years_exposure,county,0,female,45-64,6901.796227160334,6093.109721127166,7525.859187798736
person_years_exposure,county,0,female,65-74,2052.2442139267246,1756.9210267857966,2293.249116405572
person_years_exposure,county,0,female,75-84,563.5340476078012,421.5271990590783,676.4941478395597
person_years_exposure,county,0,female,85+,77.49809998630967,44.81665874074589,104.0613394951207
person_years_exposure,county,0,female,18-64,13633.843892244127,12054.46269601269,14835.642030462037
person_years_exposure,county,0,female,65+,2693.2763615208355,2253.6552561206818,3059.146298049471
mortality_rate,county,0,female,0-17,0.0008136797531594781,0.00014114396470447108,0.001847369229729619
mortality_rate,county,0,female,18-44,0.0012626898536886987,0.00028681808708420426,0.00279705621324898
mortality_rate,county,0,female,45-64,0.006630053371276819,0.0022650013208310974,0.01406213510698225
mortality_rate,county,0,female,65-74,0.034118755972650565,0.012294369546422016,0.073093971702779
mortality_rate,county,0,female,75-84,0.08522426723956475,0.029422033897540043,0.20146660105205
mortality_rate,county,0,female,85+,0.11008174375709907,0.02796309534455044,0.29956538307988373
qualifying_event_rate,county,0,female,0-17,0.01936043397297569,0.013050364962777682,0.027552950353968212
qualifying_event_rate,county,0,female,18-44,0.027258985407111774,0.01863088126083132,0.038032113106119474
qualifying_event_rate,county,0,female,45-64,0.03436973257650039,0.023542361719315775,0.04763454607921246
qualifying_event_rate,county,0,female,65-74,0.046565828996612844,0.03130082268123662,0.0655723875002747
qualifying_event_rate,county,0,female,75-84,0.041680947233151924,0.0248088011516576,0.06383838106258181
qualifying_event_rate,county,0,female,85+,0.029218100301439343,0.0,0.06884486375154909
person_years_exposure,county,1,male,0-17,4677.401560958278,4264.474752803164,5078.27452937954
person_years_exposure,county,1,male,18-44,5554.9364170075305,5074.728645223854,6017.676156315418
person_years_exposure,county,1,male,45-64,4602.035595426398,4201.811131147877,4997.490725698304
person_years_exposure,county,1,male,65-74,1186.4307884399527,1034.6932736328738,1323.2036289556854
person_years_exposure,county,1,male,75-84,444.3260293923057,333.5476938362776,535.7512508847831
person_years_exposure,county,1,male,85+,74.0832327004722,42.386576421855686,103.57436071628634
person_years_exposure,county,1,male,18-64,10156.97201243393,9273.106458595455,11004.394944390957
person_years_exposure,county,1,male,65+,1704.8400505327309,1423.3519620114998,1948.5544775643577
mortality_rate,county,1,male,0-17,0.006148976112894949,0.001971794407223581,0.013373962954381551
mortality_rate,county,1,male,18-44,0.0010319509432095502,0.00017693842708540198,0.002408072418682189
mortality_rate,county,1,male,45-64,0.008166817399750618,0.0026656498139524523,0.017360857214638266
mortality_rate,county,1,male,65-74,0.03689794288490485,0.01243056416008569,0.07959631036580742
mortality_rate,county,1,male,75-84,0.08355254371091515,0.02927102154352773,0.202140796186746
mortality_rate,county,1,male,85+,0.11926097982445656,0.032984784613533595,0.3273073837864404
qualifying_event_rate,county,1,male,0-17,0.014522745172125689,0.009512461568569552,0.020739421756902816
qualifying_event_rate,county,1,male,18-44,0.020752937809880915,0.014210637143438506,0.02938682047188395
qualifying_event_rate,county,1,male,45-64,0.030247845169774787,0.02090090372102452,0.04221852819205662
qualifying_event_rate,county,1,male,65-74,0.043063444891025635,0.028560423213103914,0.06237563616410551
qualifying_event_rate,county,1,male,75-84,0.040967303274817554,0.022663536168527336,0.06418967087829394
qualifying_event_rate,county,1,male,85+,0.025556053064253695,0.0,0.059986719923255015
person_years_exposure,county,1,female,0-17,4401.437259305839,4016.161888952758,4782.334470885273
person_years_exposure,county,1,female,18-44,5070.962839890934,4624.43585303741,5505.406449755848
person_years_exposure,county,1,female,45-64,4506.257707147472,4108.581854197572,4905.991214628063
person_years_exposure,county,1,female,65-74,1305.5081201842836,1135.4731742067618,1456.1640358264692
person_years_exposure,county,1,female,75-84,438.2259687865742,326.11415095476053,532.2123881623753
person_years_exposure,county,1,female,85+,45.33840592457083,22.799312819084058,66.88316480257032
person_years_exposure,county,1,female,18-64,9577.220547038407,8749.066404149899,10408.06031532474
person_years_exposure,county,1,female,65+,1789.0724948954287,1498.204692237083,2042.328060855046
mortality_rate,county,1,female,0-17,0.001831233326502346,0.00043619429902691027,0.0040306108106381395
mortality_rate,county,1,female,18-44,0.0012173900773216424,0.00019658728025385733,0.002822378228825833
mortality_rate,county,1,female,45-64,0.007401816397361325,0.0024566510852107584,0.01602803591324615
mortality_rate,county,1,female,65-74,0.036296768672512185,0.012614055664164025,0.08008356828195339
mortality_rate,county,1,female,75-84,0.09061755275517233,0.032149203517985246,0.2112253072170835
mortality_rate,county,1,female,85+,0.09705345287474093,0.017259175687952537,0.2841727838900415
qualifying_event_rate,county,1,female,0-17,0.016200429900594723,0.01064726046835533,0.02322092104963968
qualifying_event_rate,county,1,female,18-44,0.02184850732457407,0.014738240264862893,0.030876085718630666
qualifying_event_rate,county,1,female,45-64,0.025538271161781523,0.01733880267543413,0.0359338144977374
qualifying_event_rate,county,1,female,65-74,0.04148289019631328,0.02707667774926646,0.059397888509782906
qualifying_event_rate,county,1,female,75-84,0.03896056367774463,0.02169276856584877,0.06089478227181518
qualifying_event_rate,county,1,female,85+,0.028283389685968427,0.0,0.07892514975450152
person_years_exposure,county,2,male,0-17,899.25452037045,753.9611821376474,1056.4292553387777
person_years_exposure,county,2,male,18-44,1061.9556355612247,888.8630527001808,1246.858387551454
person_years_exposure,county,2,male,45-64,1043.8332545575643,871.2139138769003,1228.9894734716356
person_years_exposure,county,2,male,65-74,251.9696264802475,205.01991955179497,301.6881367354045
person_years_exposure,county,2,male,75-84,71.50641833243836,47.041416450090225,94.2565626732556
person_years_exposure,county,2,male,85+,38.09570671473033,3.2462935140197824,132.07456148595762
person_years_exposure,county,2,male,18-64,2105.788890118789,1762.8480535773458,2475.678407720619
person_years_exposure,county,2,male,65+,361.5717515274162,264.91742241753366,500.8091534141472
mortality_rate,county,2,male,0-17,0.001832572627014567,0.0,0.005341742844792794
mortality_rate,county,2,male,18-44,0.0011678777657642527,0.0,0.0035439003224719246
mortality_rate,county,2,male,45-64,0.008930331835136923,0.0020261479360971025,0.020224809518236058
mortality_rate,county,2,male,65-74,0.031225840793955403,0.007066259331412551,0.07414597019774051
mortality_rate,county,2,male,75-84,0.09913103423116382,0.022563972854486924,0.26895534658444353
mortality_rate,county,2,male,85+,0.06511529097266695,0.0,0.3190514535613212
qualifying_event_rate,county,2,male,0-17,0.018431608244150955,0.009773642603910868,0.028889484160014155
qualifying_event_rate,county,2,male,18-44,0.02715589781349979,0.015978339247945755,0.0411281130869671
qualifying_event_rate,county,2,male,45-64,0.03302178593252427,0.02040411087128272,0.04865771307844728
qualifying_event_rate,county,2,male,65-74,0.04193076310426926,0.019574722062724356,0.06920296228399773
qualifying_event_rate,county,2,male,75-84,0.04685357218833946,0.011951425735214512,0.09322037938642427
qualifying_event_rate,county,2,male,85+,0.0154974334328565,0.0,0.09431410847065146
person_years_exposure,county,2,female,0-17,934.7074896485966,783.3911199430048,1097.5266974993147
person_years_exposure,county,2,female,18-44,1045.2720675139842,878.4552623796122,1221.1595179849162
person_years_exposure,county,2,female,45-64,957.2390768510464,804.206554760675,1124.2293131453011
person_years_exposure,county,2,female,65-74,297.4626799505734,239.64785660353525,358.0073278126033
person_years_exposure,county,2,female,75-84,67.5040207238039,44.088795414365435,92.84825899219666
person_years_exposure,county,2,female,85+,9.440597538925697,3.8825825134652545,16.535083221189538
person_years_exposure,county,2,female,18-64,2002.5111443650308,1684.2404839438136,2343.5947181328406
person_years_exposure,county,2,female,65+,374.407298213303,293.86398163293865,459.469992640742
mortality_rate,county,2,female,0-17,0.00206657231956727,0.0,0.00546413618783987
mortality_rate,county,2,female,18-44,0.0021528352230909685,0.0,0.005733866470728976
mortality_rate,county,2,female,45-64,0.008211482118299616,0.001928739195886682,0.018761312265972118
mortality_rate,county,2,female,65-74,0.038724943378394196,0.010401025823304646,0.0910528919491606
mortality_rate,county,2,female,75-84,0.07574289345287268,0.013486833107441826,0.19940029236801218
mortality_rate,county,2,female,85+,0.0860760676998169,0.0,0.35194255283064035
qualifying_event_rate,county,2,female,0-17,0.02119433428212725,0.011523102017062891,0.032719484344940174
qualifying_event_rate,county,2,female,18-44,0.0257489147827268,0.015004303970816375,0.03856240624297461
qualifying_event_rate,county,2,female,45-64,0.03814431239323201,0.02345264563055043,0.056668382116528686
qualifying_event_rate,county,2,female,65-74,0.04843999717876715,0.02559885616214552,0.07547222887661252
qualifying_event_rate,county,2,female,75-84,0.04130423885697721,0.0,0.0853787010863385
qualifying_event_rate,county,2,female,85+,0.022308590407133653,0.0,0.11415249980248082
person_years_exposure,county,3,male,0-17,1129.5234079145075,990.2436925013702,1266.2156345011351
person_years_exposure,county,3,male,18-44,1344.2727660348235,1183.7667875186476,1493.5097468963877
person_years_exposure,county,3,male,45-64,1627.3694295378175,1430.7232264940455,1806.6780237458427
person_years_exposure,county,3,male,65-74,401.6038187203929,338.3088134689381,461.5003007727459
person_years_exposure,county,3,male,75-84,120.87293096653801,86.55305561174242,149.94675232395457
person_years_exposure,county,3,male,85+,15.966849440673716,6.104541460175858,24.329334849495382
person_years_exposure,county,3,male,18-64,2971.642195572641,2615.1410386180987,3298.658879639683
person_years_exposure,county,3,male,65+,538.4435991276047,438.3684445258268,629.8826418321332
mortality_rate,county,3,male,0-17,0.0071448829156188975,0.0016790545156415392,0.016027249878131446
mortality_rate,county,3,male,18-44,0.0011307147362838487,0.0,0.003168809962512284
mortality_rate,county,3,male,45-64,0.007985651710589665,0.0019349800341396817,0.018005947854942222
mortality_rate,county,3,male,65-74,0.034529758711524784,0.009181191796567364,0.07960471355038422
mortality_rate,county,3,male,75-84,0.08278970073347941,0.02204476636941827,0.2138203823824555
mortality_rate,county,3,male,85+,0.08342982285386435,0.0,0.35100187222449764
qualifying_event_rate,county,3,male,0-17,0.024219026218994962,0.014503104710082567,0.0360843641560407
qualifying_event_rate,county,3,male,18-44,0.03735448318856411,0.024728581650425054,0.05353744021017949
qualifying_event_rate,county,3,male,45-64,0.0398034405513851,0.026433562299532854,0.05651392239285949
qualifying_event_rate,county,3,male,65-74,0.06255637710476207,0.03820769271551591,0.09190156743108116
qualifying_event_rate,county,3,male,75-84,0.051730686422172434,0.019562409372807496,0.09200121061654552
qualifying_event_rate,county,3,male,85+,0.029070989667638516,0.0,0.11925660828602132
person_years_exposure,county,3,female,0-17,1116.0291641451747,981.4292371681624,1243.166304773439
person_years_exposure,county,3,female,18-44,1339.7601745936481,1182.0837672571186,1489.0347897153952
person_years_exposure,county,3,female,45-64,1522.1772527102332,1343.0639099664347,1692.5113131368641
person_years_exposure,county,3,female,65-74,413.42596365386163,348.96796219928,473.78185672225743
person_years_exposure,county,3,female,75-84,179.20073488825201,132.52120499865518,219.7699258034322
person_years_exposure,county,3,female,85+,7.754053286706216,2.916914382281554,11.483895372847966
person_years_exposure,county,3,female,18-64,2861.937427303881,2523.3826724151872,3179.85136310087
person_years_exposure,county,3,female,65+,600.3807518288199,489.95683086779337,700.0282498730181
mortality_rate,county,3,female,0-17,0.0011808572177945068,0.0,0.003554221126720924
mortality_rate,county,3,female,18-44,0.0015962928961899222,0.0,0.004392879660456277
mortality_rate,county,3,female,45-64,0.006827442800433417,0.001751455869084164,0.015541922401508057
mortality_rate,county,3,female,65-74,0.0335134036295463,0.009084757045833102,0.08058213080581764
mortality_rate,county,3,female,75-84,0.07388959254468179,0.021173367313996168,0.18494860087278245
mortality_rate,county,3,female,85+,0.09337530882934522,0.0,0.4966867603153819
qualifying_event_rate,county,3,female,0-17,0.02464574580792233,0.014628406320179355,0.037227666042127946
qualifying_event_rate,county,3,female,18-44,0.036613435565699216,0.02352433188071775,0.05272451833016804
qualifying_event_rate,county,3,female,45-64,0.049051153962726704,0.03310446478077934,0.06920071866589377
qualifying_event_rate,county,3,female,65-74,0.05421600166177858,0.031165502729134972,0.08060988148975647
qualifying_event_rate,county,3,female,75-84,0.0538127217263685,0.02422258637345619,0.08864145616228622
qualifying_event_rate,county,3,female,85+,0.033324489405380166,0.0,0.17497689574592395
person_years_exposure,county,4,male,0-17,2119.3079204337623,1859.5535767924791,2361.442322083371
person_years_exposure,county,4,male,18-44,2452.2407493351607,2153.8287493248827,2721.536337743258
person_years_exposure,county,4,male,45-64,2246.7894043049923,1958.2083069124476,2509.8215946798637
person_years_exposure,county,4,male,65-74,570.2176047683178,470.4954885415312,656.095016377269
person_years_exposure,county,4,male,75-84,196.78435234749665,132.24242479947753,260.30914756835415
person_years_exposure,county,4,male,85+,5.290282641408827,1.1990297856255023,9.739432768329742
person_years_exposure,county,4,male,18-64,4699.030153640153,4131.659606340897,5219.774267370184
person_years_exposure,county,4,male,65+,772.2922397572232,616.2650851303467,919.8128629938319
mortality_rate,county,4,male,0-17,0.002958522200005134,0.00047459695346010485,0.0066191823065287776
mortality_rate,county,4,male,18-44,0.0010991223030327425,0.0,0.002817611354756
mortality_rate,county,4,male,45-64,0.008781628003138683,0.002566304758310688,0.01948611238509299
mortality_rate,county,4,male,65-74,0.0338512403965375,0.010073802739863174,0.07874815784042634
mortality_rate,county,4,male,75-84,0.09138677657655966,0.02829595149769465,0.23301473646445656
mortality_rate,county,4,male,85+,0.008748263779883822,0.0,0.008748263779883822
qualifying_event_rate,county,4,male,0-17,0.032133177533877115,0.021264948192149136,0.04601710205782874
qualifying_event_rate,county,4,male,18-44,0.04455885622093772,0.030743591239993498,0.062052018995107844
qualifying_event_rate,county,4,male,45-64,0.05286275791911171,0.036773698452330805,0.07357614248275479
qualifying_event_rate,county,4,male,65-74,0.08321460766152533,0.05528285010939212,0.11807542016458743
qualifying_event_rate,county,4,male,75-84,0.06454996496503539,0.03482889790248884,0.10300152494205833
qualifying_event_rate,county,4,male,85+,0.027661342208082536,0.0,0.18623343735478062
person_years_exposure,county,4,female,0-17,1895.798230465439,1667.459563271819,2110.6389443250764
person_years_exposure,county,4,female,18-44,2131.5996249376017,1874.7846745749932,2366.7158864974217
person_years_exposure,county,4,female,45-64,2447.078223427949,2143.6485394308725,2727.4869514747343
person_years_exposure,county,4,female,65-74,630.3730465464828,521.0714989654913,733.0951147808671
person_years_exposure,county,4,female,75-84,166.66155799090177,118.10656601816572,210.77762998494117
person_years_exposure,county,4,female,85+,14.113124301056933,5.759348873145694,20.681254217052935
person_years_exposure,county,4,female,18-64,4578.677848365551,4022.0871688069974,5084.7987594749875
person_years_exposure,county,4,female,65+,811.1477288384415,653.5093319233639,954.7459165203984
mortality_rate,county,4,female,0-17,0.000795344396766219,0.0,0.002349469584453416
mortality_rate,county,4,female,18-44,0.002023586658599768,0.0,0.004855442137083886
mortality_rate,county,4,female,45-64,0.007040243821718295,0.001888746149527601,0.015380480236622307
mortality_rate,county,4,female,65-74,0.03347592205090041,0.009769710479641534,0.07705989682422816
mortality_rate,county,4,female,75-84,0.08479269543414954,0.023855733851694354,0.2099462913601454
mortality_rate,county,4,female,85+,0.013102418646501893,0.0,0.1055619995087919
qualifying_event_rate,county,4,female,0-17,0.03548554715312908,0.02339011523299529,0.05156316640462022
qualifying_event_rate,county,4,female,18-44,0.046494437723558324,0.03184787712673949,0.06557884444262178
qualifying_event_rate,county,4,female,45-64,0.06258739444195356,0.044646235346628656,0.08536644137833013
qualifying_event_rate,county,4,female,65-74,0.06402357373497494,0.041897391015179974,0.09083706331827959
qualifying_event_rate,county,4,female,75-84,0.06539255557914204,0.032083377833040924,0.10438176931082395
qualifying_event_rate,county,4,female,85+,0.0355557221809049,0.0,0.12944246469082518
person_years_exposure,county,5,male,0-17,6055.010095173183,5435.380389947507,6551.660726586112
person_years_exposure,county,5,male,18-44,5822.723010569924,5263.911633930497,6301.799151189804
person_years_exposure,county,5,male,45-64,5688.602928991482,5089.782279403526,6187.946210000498
person_years_exposure,county,5,male,65-74,1496.002454600793,1294.0518648319612,1670.1100351808716
person_years_exposure,county,5,male,75-84,434.0692774901397,317.9937599076729,521.7089043821127
person_years_exposure,county,5,male,85+,64.94027454186678,39.09330374980185,87.52998903751927
person_years_exposure,county,5,male,18-64,11511.325939561406,10364.794880713473,12495.68375698031
person_years_exposure,county,5,male,65+,1995.0120066327995,1669.0117238439109,2269.447481251253
mortality_rate,county,5,male,0-17,0.0012778351424497006,0.00029885405168743285,0.0030106528128710742
mortality_rate,county,5,male,18-44,0.0010765675571585258,0.0001704806196825298,0.002511759062168202
mortality_rate,county,5,male,45-64,0.008553543893135885,0.0028881542554344613,0.018292778896260672
mortality_rate,county,5,male,65-74,0.037265002463599865,0.012779001491131222,0.08284565180376335
mortality_rate,county,5,male,75-84,0.08655913561929944,0.029129077817144584,0.21049705845785854
mortality_rate,county,5,male,85+,0.10667685597293544,0.02508806705410554,0.2957276242848256
qualifying_event_rate,county,5,male,0-17,0.01037622134603609,0.006587370939444042,0.014892832618527406
qualifying_event_rate,county,5,male,18-44,0.015870189029428897,0.010631900565829857,0.022591531667012183
qualifying_event_rate,county,5,male,45-64,0.020192426972419117,0.013600166786923605,0.028592569050381485
qualifying_event_rate,county,5,male,65-74,0.02878047688363544,0.017950973981615756,0.04249478599767091
qualifying_event_rate,county,5,male,75-84,0.028341410372395678,0.014219316703723344,0.0470329490579886
qualifying_event_rate,county,5,male,85+,0.019336505862987057,0.0,0.05246173574968366
person_years_exposure,county,5,female,0-17,5572.851279631616,4994.052520723742,6055.944017025019
person_years_exposure,county,5,female,18-44,5974.301964840318,5395.212455429586,6487.436407861795
person_years_exposure,county,5,female,45-64,5632.198502184145,5046.62581116329,6108.075673999647
person_years_exposure,county,5,female,65-74,1537.1874920214404,1324.1768558364295,1716.8855423887032
person_years_exposure,county,5,female,75-84,533.9731280340953,395.8105791785639,638.3905232191609
person_years_exposure,county,5,female,85+,46.5728550905714,26.4571111139567,64.36274167489773
person_years_exposure,county,5,female,18-64,11606.500467024463,10402.453216413196,12598.816085355254
person_years_exposure,county,5,female,65+,2117.733475146107,1768.3594548377614,2409.3127519702966
mortality_rate,county,5,female,0-17,0.0013677146455277098,0.0002135273710198048,0.003127914365899313
mortality_rate,county,5,female,18-44,0.0015773122783561658,0.0003411712582922589,0.0036643693929300854
mortality_rate,county,5,female,45-64,0.008480466705226642,0.0028641661723367803,0.01783765754482769
mortality_rate,county,5,female,65-74,0.0385142434403989,0.012924094032623531,0.08521163968282586
mortality_rate,county,5,female,75-84,0.08601618449542968,0.028395058751452377,0.2075266482262749
mortality_rate,county,5,female,85+,0.11244575042384745,0.029550681915974233,0.29570970134939334
qualifying_event_rate,county,5,female,0-17,0.01119370610211647,0.007197909052896726,0.01602186207444802
qualifying_event_rate,county,5,female,18-44,0.014688153588516419,0.009731620775567506,0.021095216017869317
qualifying_event_rate,county,5,female,45-64,0.019807204136269026,0.013307054325867308,0.028056601482282135
qualifying_event_rate,county,5,female,65-74,0.02827778780686547,0.01767933850199557,0.0412900427444687
qualifying_event_rate,county,5,female,75-84,0.029943390320034086,0.016016119849535018,0.04715360883574838
qualifying_event_rate,county,5,female,85+,0.020034275959016346,0.0,0.06334617077242032
person_years_exposure,county,6,male,0-17,1532.3028549210833,1375.846991357273,1666.1349618249076
person_years_exposure,county,6,male,18-44,1846.4965703972084,1659.4451080439226,2005.3443087793228
person_years_exposure,county,6,male,45-64,1726.029446418814,1545.903139565173,1871.500413658394
person_years_exposure,county,6,male,65-74,434.5477679379029,370.6816588627445,485.79296663729724
person_years_exposure,county,6,male,75-84,161.94552295003018,117.00264413062672,196.56746158097755
person_years_exposure,county,6,male,85+,15.95363791404612,7.208491511386493,23.533495081024498
person_years_exposure,county,6,male,18-64,3572.526016816022,3213.610808816003,3871.4987842662604
person_years_exposure,county,6,male,65+,612.4469288019792,507.57874094230135,697.5417676176369
mortality_rate,county,6,male,0-17,0.0012660300149019241,0.0,0.003517208261325592
mortality_rate,county,6,male,18-44,0.001101907255810561,0.0,0.003013698815301581
mortality_rate,county,6,male,45-64,0.00836485629558992,0.0021923507416776954,0.01892448575757
mortality_rate,county,6,male,65-74,0.03956703403337818,0.011035737155136675,0.09162230321696274
mortality_rate,county,6,male,75-84,0.08153043942092779,0.021662778205363595,0.20721975824091327
mortality_rate,county,6,male,85+,0.10657950065262192,0.0,0.40306499661297
qualifying_event_rate,county,6,male,0-17,0.01945537289952733,0.011363666656826508,0.029252022307473546
qualifying_event_rate,county,6,male,18-44,0.02954893748165095,0.0195403898984193,0.041990919278546174
qualifying_event_rate,county,6,male,45-64,0.0368971381149583,0.024465698468604836,0.05247510782643828
qualifying_event_rate,county,6,male,65-74,0.052825199742655905,0.031219343475968553,0.07853700052474664
qualifying_event_rate,county,6,male,75-84,0.04984130073313897,0.02092309996664131,0.08473842554114801
qualifying_event_rate,county,6,male,85+,0.030090157812624592,0.0,0.11033556344421123
person_years_exposure,county,6,female,0-17,1627.5144840336789,1457.7167944116215,1770.2283949765488
person_years_exposure,county,6,female,18-44,2029.1960709950004,1836.4377123420809,2203.490590444346
person_years_exposure,county,6,female,45-64,1475.8696781522128,1324.3167333987676,1602.0186123381256
person_years_exposure,county,6,female,65-74,396.9962007911837,336.8110189140158,444.5828535641739
person_years_exposure,county,6,female,75-84,154.67219314766896,112.91329562176965,186.78546601631015
person_years_exposure,county,6,female,85+,13.248104910604464,6.3710945840712485,19.512830671207166
person_years_exposure,county,6,female,18-64,3505.065749147213,3153.9022631808557,3807.773548155986
person_years_exposure,county,6,female,65+,564.9164988494571,464.26312895987337,643.3290985511136
mortality_rate,county,6,female,0-17,0.0013554746880239433,0.0,0.0037296574047993034
mortality_rate,county,6,female,18-44,0.0015417031471069253,0.0,0.003884416932531748
mortality_rate,county,6,female,45-64,0.008824907954479119,0.002350410712965431,0.01992510779243328
mortality_rate,county,6,female,65-74,0.03810947058321058,0.010977535435705772,0.08771721786215073
mortality_rate,county,6,female,75-84,0.08676549144924882,0.026163325974727286,0.21239338656816495
mortality_rate,county,6,female,85+,0.10636657103296066,0.0,0.39645334325836595
qualifying_event_rate,county,6,female,0-17,0.020748543265683903,0.012684378334673204,0.030355569967246518
qualifying_event_rate,county,6,female,18-44,0.027101169680839275,0.01719622162954974,0.03935393492952063
qualifying_event_rate,county,6,female,45-64,0.03657470099601359,0.023801479632385415,0.052478247343810853
qualifying_event_rate,county,6,female,65-74,0.05075646114780274,0.028996510559504363,0.07625314247826995
qualifying_event_rate,county,6,female,75-84,0.05353393651400209,0.024158807416082072,0.0890829895924946
qualifying_event_rate,county,6,female,85+,0.033746052315348024,0.0,0.12752376673115196
person_years_exposure,county,7,male,0-17,1538.6781528809959,1402.0931662203363,1675.6592933983245
person_years_exposure,county,7,male,18-44,1773.6257203722616,1621.3729283664,1923.4486025159097
person_years_exposure,county,7,male,45-64,1402.487029153537,1279.7184792975213,1524.4667771694492
person_years_exposure,county,7,male,65-74,383.80750411589725,333.87721512834946,428.8501984648899
person_years_exposure,county,7,male,75-84,131.88617408121377,96.80227483401953,161.25136941045238
person_years_exposure,county,7,male,85+,2.6419435160531552,0.08090638392474525,5.144597650429041
person_years_exposure,county,7,male,18-64,3176.112749525799,2901.7150462494124,3442.1596452817666
person_years_exposure,county,7,male,65+,518.3356217131642,436.5649447609394,589.6067512473026
mortality_rate,county,7,male,0-17,0.006226808816100098,0.001306999660536237,0.013744693450839483
mortality_rate,county,7,male,18-44,0.0010502739937482545,0.0,0.002880531169730739
mortality_rate,county,7,male,45-64,0.008085873020939376,0.0020422885817885372,0.01759376217714582
mortality_rate,county,7,male,65-74,0.035616054784364685,0.00972094877144875,0.08009739630069697
mortality_rate,county,7,male,75-84,0.07674678704665656,0.01954811698342032,0.19054064782952446
mortality_rate,county,7,male,85+,0.0714471897826862,0.0,0.7639649269814837
qualifying_event_rate,county,7,male,0-17,0.0155749554935375,0.008988113849748819,0.023567874508043683
qualifying_event_rate,county,7,male,18-44,0.02196380327528951,0.01353790127798027,0.032272848368216187
qualifying_event_rate,county,7,male,45-64,0.03213215973977246,0.020714301881185577,0.04656954552943923
qualifying_event_rate,county,7,male,65-74,0.045760432964683614,0.02528948692030175,0.07139115824393452
qualifying_event_rate,county,7,male,75-84,0.04196458777123446,0.01473985615506372,0.07391504341223656
qualifying_event_rate,county,7,male,85+,0.021466355009374955,0.0,0.1995066507276949
person_years_exposure,county,7,female,0-17,1420.2873378172394,1295.8543824702058,1546.0712013089492
person_years_exposure,county,7,female,18-44,1572.84249612785,1433.3383010599582,1712.445045264709
person_years_exposure,county,7,female,45-64,1774.628585666056,1614.9985266342903,1935.800919413205
person_years_exposure,county,7,female,65-74,418.73024686223397,364.06897325628444,469.29580258176253
person_years_exposure,county,7,female,75-84,124.87299656362912,90.150991243488,152.79666588679015
person_years_exposure,county,7,female,85+,7.3329646786804945,1.7126901428102075,12.705467583842323
person_years_exposure,county,7,female,18-64,3347.471081793906,3051.957127484158,3642.969531043072
person_years_exposure,county,7,female,65+,550.9362081045435,466.6205552689268,627.4777894358425
mortality_rate,county,7,female,0-17,0.0018018058480919156,0.0,0.004894023843069977
mortality_rate,county,7,female,18-44,0.001274066700851088,0.0,0.0034090882738514144
mortality_rate,county,7,female,45-64,0.007272648544177489,0.0018369164571391207,0.016106454123037767
mortality_rate,county,7,female,65-74,0.03384009432012872,0.009216336048473073,0.07744149798994068
mortality_rate,county,7,female,75-84,0.08340050597239877,0.020803125268887616,0.20824894294905819
mortality_rate,county,7,female,85+,0.07996041952996165,0.0,0.45080044701251343
qualifying_event_rate,county,7,female,0-17,0.01719674305044948,0.01014052749984928,0.025782154512386423
qualifying_event_rate,county,7,female,18-44,0.023330964927073004,0.014712262556477194,0.03448874859411511
qualifying_event_rate,county,7,female,45-64,0.02708368215789827,0.017635678643423417,0.03893178971783372
qualifying_event_rate,county,7,female,65-74,0.04318801294291674,0.023746399766596173,0.06679646883389562
qualifying_event_rate,county,7,female,75-84,0.040721106247111866,0.01357537330771223,0.07577764139081818
qualifying_event_rate,county,7,female,85+,0.027099916431172367,0.0,0.15695215970160475
person_years_exposure,county,8,male,0-17,2560.5992403642877,2244.8055468068305,2869.2462148039485
person_years_exposure,county,8,male,18-44,2977.3087470263013,2628.5163930863664,3311.5874820471286
person_years_exposure,county,8,male,45-64,2772.4836353420806,2445.6174180408943,3081.452151802952
person_years_exposure,county,8,male,65-74,747.3579960092484,629.3815994324419,857.0365896988077
person_years_exposure,county,8,male,75-84,234.81473238178225,171.31416160858421,290.93880608068525
person_years_exposure,county,8,male,85+,33.95526244156253,18.315177952921267,48.51539589888444
person_years_exposure,county,8,male,18-64,5749.792382368381,5075.117218431559,6386.2146519436865
person_years_exposure,county,8,male,65+,1016.1279908325932,829.1797923507735,1185.1072743540146
mortality_rate,county,8,male,0-17,0.007080709503147624,0.0019401175314863108,0.015804707883586733
mortality_rate,county,8,male,18-44,0.0010869978225242524,0.0,0.0027578377993847567
mortality_rate,county,8,male,45-64,0.00792649375405186,0.0024114986535601346,0.01746125236477031
mortality_rate,county,8,male,65-74,0.03435278442472474,0.010665883675201592,0.07794881300141855
mortality_rate,county,8,male,75-84,0.08723697532786356,0.02788306510998191,0.21505745139343174
mortality_rate,county,8,male,85+,0.10762263366348745,0.0208459996841301,0.3416343199714026
qualifying_event_rate,county,8,male,0-17,0.028962222343196283,0.019290397126703364,0.041024835236437886
qualifying_event_rate,county,8,male,18-44,0.0440324665939836,0.03073171525113866,0.06155743721045727
qualifying_event_rate,county,8,male,45-64,0.04740609304670731,0.03260257624674381,0.06607156824593995
qualifying_event_rate,county,8,male,65-74,0.07360273118720559,0.049907694999688564,0.10297381832985911
qualifying_event_rate,county,8,male,75-84,0.06167874621071741,0.032472409603201954,0.09679781191999817
qualifying_event_rate,county,8,male,85+,0.03603687975940422,0.0,0.09941059868377675
person_years_exposure,county,8,female,0-17,2877.3821899071477,2529.2151012394697,3200.995592175445
person_years_exposure,county,8,female,18-44,3088.9759696760902,2727.04184519852,3435.150846261191
person_years_exposure,county,8,female,45-64,2776.584773018534,2444.152189448331,3084.4565191766023
person_years_exposure,county,8,female,65-74,780.700488983426,662.1572281605808,894.5712254917872
person_years_exposure,county,8,female,75-84,264.44581138641985,193.30643379395676,323.4236406218194
person_years_exposure,county,8,female,85+,55.129981426008044,33.11586384389957,73.94549071197754
person_years_exposure,county,8,female,18-64,5865.560742694624,5186.068085864189,6516.70118677633
person_years_exposure,county,8,female,65+,1100.276281795854,903.6329964585465,1284.1872431182537
mortality_rate,county,8,female,0-17,0.0011929653278387636,0.0,0.0028937657412151114
mortality_rate,county,8,female,18-44,0.0016614969715313696,0.0003065036117112552,0.0039124762540119215
mortality_rate,county,8,female,45-64,0.007117627203226069,0.0020974018566918555,0.015391248132287622
mortality_rate,county,8,female,65-74,0.0325270400984622,0.010334066096120255,0.0744530560950623
mortality_rate,county,8,female,75-84,0.07823874858828721,0.024171324838336027,0.1924017100033061
mortality_rate,county,8,female,85+,0.12007983594308252,0.029577172987468172,0.3206369040112705
qualifying_event_rate,county,8,female,0-17,0.029456231513073722,0.019935973638026707,0.042161590295907866
qualifying_event_rate,county,8,female,18-44,0.043469883188298836,0.02994714592260661,0.060824493500559365
qualifying_event_rate,county,8,female,45-64,0.05822670652442954,0.04119555483167713,0.08000844244518807
qualifying_event_rate,county,8,female,65-74,0.06266658615386689,0.041995716827126536,0.08922868185755452
qualifying_event_rate,county,8,female,75-84,0.0642927821568817,0.03633556941560191,0.09980702232875797
qualifying_event_rate,county,8,female,85+,0.04404911840278621,0.0,0.09380606211080905
person_years_exposure,county,9,male,0-17,298.2129835845973,248.52210114950802,351.4043766920119
person_years_exposure,county,9,male,18-44,367.7453659811317,306.6467302191362,431.82028431621484
person_years_exposure,county,9,male,45-64,286.5277821393596,238.44576977310786,338.47616458800775
person_years_exposure,county,9,male,65-74,128.86725782245693,102.71369047173944,155.47497769400823
person_years_exposure,county,9,male,75-84,26.418205743198598,15.902049883546825,36.32012529251161
person_years_exposure,county,9,male,85+,17.754507940749367,0.8370385554034603,69.21451635177942
person_years_exposure,county,9,male,18-64,654.2731481204913,545.6273360249866,768.402680968706
person_years_exposure,county,9,male,65+,173.0399715064049,126.15719165544459,243.01074552780008
mortality_rate,county,9,male,0-17,0.0018022484454773007,0.0,0.007070122183726028
mortality_rate,county,9,male,18-44,0.0011327566648054225,0.0,0.005362708378820166
mortality_rate,county,9,male,45-64,0.009970978724732491,0.0,0.02563232279962657
mortality_rate,county,9,male,65-74,0.03239199609786065,0.006261607115670371,0.08477263683777188
mortality_rate,county,9,male,75-84,0.08726985479195677,0.0,0.2747305674061936
mortality_rate,county,9,male,85+,0.05546764224939167,0.0,0.46978648524565564
qualifying_event_rate,county,9,male,0-17,0.022856403586265485,0.008691646486835881,0.0396894662133236
qualifying_event_rate,county,9,male,18-44,0.03370993215163928,0.016468728312853946,0.054681270358791105
qualifying_event_rate,county,9,male,45-64,0.04175789211183637,0.020835230411370892,0.06541879966767761
qualifying_event_rate,county,9,male,65-74,0.05235979717018943,0.02049509338266223,0.08868527565143325
qualifying_event_rate,county,9,male,75-84,0.05382912300723068,0.0,0.13087558040225686
qualifying_event_rate,county,9,male,85+,0.018635239174929773,0.0,0.09019914645304074
person_years_exposure,county,9,female,0-17,416.4693658490393,347.135849634615,490.43033401232185
person_years_exposure,county,9,female,18-44,387.5691844354443,324.84750829411746,452.70955220798254
person_years_exposure,county,9,female,45-64,373.74474284945455,313.1510173197461,438.2171268830977
person_years_exposure,county,9,female,65-74,87.22563576894527,69.25204628174579,105.88944841554826
person_years_exposure,county,9,female,75-84,27.50748991073353,16.436870448559667,39.66389341680664
person_years_exposure,county,9,female,85+,0.09885460052460737,0.009617287447547179,0.29988150317542567
person_years_exposure,county,9,female,18-64,761.3139272848989,637.8785763850699,890.6367560991604
person_years_exposure,county,9,female,65+,114.8319802802034,88.8674286526718,143.39559605536635
mortality_rate,county,9,female,0-17,0.002053606818327066,0.0,0.007049300643765852
mortality_rate,county,9,female,18-44,0.002314291803973448,0.0,0.007892182450059784
mortality_rate,county,9,female,45-64,0.008071929154949222,0.0,0.021071570254115265
mortality_rate,county,9,female,65-74,0.03431433779806248,0.0,0.09399098264308978
mortality_rate,county,9,female,75-84,0.06878900737907356,0.0,0.22043055160015967
mortality_rate,county,9,female,85+,0.004912329580620722,0.0,0.004912329580620722
qualifying_event_rate,county,9,female,0-17,0.0264167267656399,0.012434220198098854,0.04355890955197149
qualifying_event_rate,county,9,female,18-44,0.03285710670650941,0.0161333000358247,0.05245975932527288
qualifying_event_rate,county,9,female,45-64,0.04701238039416333,0.026493035770736997,0.07075623465010539
qualifying_event_rate,county,9,female,65-74,0.0554044177012255,0.017558380502036678,0.09920035316486772
qualifying_event_rate,county,9,female,75-84,0.04770289926278204,0.0,0.11925988052701994
qualifying_event_rate,county,9,female,85+,0.0,0.0,0.0
person_years_exposure,county,10,male,0-17,3487.2270919061466,3133.7180053421857,3781.276481478195
person_years_exposure,county,10,male,18-44,4067.4838968687964,3659.8861282405333,4409.928385159549
person_years_exposure,county,10,male,45-64,3313.1860138399093,2963.1230984818903,3601.521957994562
person_years_exposure,county,10,male,65-74,926.2570024427929,795.5374678062717,1036.1837333890035
person_years_exposure,county,10,male,75-84,237.98587344666157,175.3043601748335,289.87191705954024
person_years_exposure,county,10,male,85+,47.18604640699908,25.957181017016616,63.897775385243065
person_years_exposure,county,10,male,18-64,7380.669910708706,6617.065331806113,8013.322606812315
person_years_exposure,county,10,male,65+,1211.4289222964535,1009.7203903018662,1378.771520125814
mortality_rate,county,10,male,0-17,0.001268020373626705,0.00025812463349877675,0.0030088673009389844
mortality_rate,county,10,male,18-44,0.0010835264930963199,0.0,0.0026118210177047203
mortality_rate,county,10,male,45-64,0.00899047299203023,0.0029726493363774137,0.01922585998404764
mortality_rate,county,10,male,65-74,0.03728958291685461,0.012113390194302924,0.08336060586098974
mortality_rate,county,10,male,75-84,0.08959105113272137,0.02672705415633622,0.21992826390325815
mortality_rate,county,10,male,85+,0.10354311203126886,0.017140080084757838,0.3087438898439138
qualifying_event_rate,county,10,male,0-17,0.015151275241762201,0.00952911959182287,0.021892371407878985
qualifying_event_rate,county,10,male,18-44,0.02304120408064718,0.015449495369832237,0.03271169527956803
qualifying_event_rate,county,10,male,45-64,0.029495365610106652,0.019837167244321996,0.041640264480757964
qualifying_event_rate,county,10,male,65-74,0.041341096874584767,0.025319538902604112,0.060912744792500424
qualifying_event_rate,county,10,male,75-84,0.041015340143077304,0.01926013884354272,0.06749691373151727
qualifying_event_rate,county,10,male,85+,0.025857173482812093,0.0,0.07054190303348351
person_years_exposure,county,10,female,0-17,3491.436366588822,3138.3273559375552,3786.967838326777
person_years_exposure,county,10,female,18-44,4225.506678459027,3802.599681660295,4586.995262492936
person_years_exposure,county,10,female,45-64,3194.6634700284603,2862.2477775011694,3470.105260129427
person_years_exposure,county,10,female,65-74,983.2721896412901,840.8575931600616,1098.7556141164775
person_years_exposure,county,10,female,75-84,349.826360721696,256.4979295698879,425.0024514591006
person_years_exposure,county,10,female,85+,40.11554495584074,21.583525983681987,56.136824262544685
person_years_exposure,county,10,female,18-64,7420.1701484874875,6657.189488184806,8053.476962348709
person_years_exposure,county,10,female,65+,1373.2140953188268,1125.2386975739316,1565.7065170401374
mortality_rate,county,10,female,0-17,0.0013632686164778516,0.0002669034287422955,0.003260988384813637
mortality_rate,county,10,female,18-44,0.0015459037364205978,0.0002382418997384276,0.003613187576683354
mortality_rate,county,10,female,45-64,0.008416899122088265,0.002549957528505882,0.0181927267803634
mortality_rate,county,10,female,65-74,0.03864127946219595,0.012973509251215135,0.08732576695389162
mortality_rate,county,10,female,75-84,0.0936214406412359,0.0307748246210906,0.22572373715712868
mortality_rate,county,10,female,85+,0.11071184199622312,0.020014825853421497,0.338473618531462
qualifying_event_rate,county,10,female,0-17,0.01635083233115762,0.010404289425033516,0.023618048544882655
qualifying_event_rate,county,10,female,18-44,0.021337238677405217,0.0142329610764123,0.03031285335422882
qualifying_event_rate,county,10,female,45-64,0.028615531196056025,0.01914377928436488,0.04026228785488667
qualifying_event_rate,county,10,female,65-74,0.040758399146566725,0.026004336772747307,0.05962703942822202
qualifying_event_rate,county,10,female,75-84,0.043866028192237644,0.023202183021240434,0.06983385819120136
qualifying_event_rate,county,10,female,85+,0.029366613599732423,0.0,0.08191132660614296
person_years_exposure,county,11,male,0-17,1090.765553216099,912.0660011871091,1278.4354076754166
person_years_exposure,county,11,male,18-44,1149.522423669852,962.6240793549946,1351.6958990260682
person_years_exposure,county,11,male,45-64,1201.3902963719163,1001.7582546364039,1414.5452323524
person_years_exposure,county,11,male,65-74,341.9061865481401,277.9179005974706,408.9116787904881
person_years_exposure,county,11,male,75-84,94.62588055752079,66.05884254184132,123.63811915326912
person_years_exposure,county,11,male,85+,11.895615055224559,1.3296945883598548,35.27304995441051
person_years_exposure,county,11,male,18-64,2350.9127200417684,1964.617696457299,2760.546519806124
person_years_exposure,county,11,male,65+,448.4276821608854,353.83494309073336,549.3647547301772
mortality_rate,county,11,male,0-17,0.0018438705392005914,0.0,0.005179031956108036
mortality_rate,county,11,male,18-44,0.0011828451600040036,0.0,0.0035333805949526757
mortality_rate,county,11,male,45-64,0.009652309862389756,0.0022918936169078964,0.02180332618169958
mortality_rate,county,11,male,65-74,0.03155861927301829,0.007893376234738726,0.073983805756427
mortality_rate,county,11,male,75-84,0.09115141315711675,0.023194644061901012,0.23181611533174193
mortality_rate,county,11,male,85+,0.047452205038196325,0.0,0.35375379231298787
qualifying_event_rate,county,11,male,0-17,0.022934007153271353,0.013020392970608773,0.034596146379002594
qualifying_event_rate,county,11,male,18-44,0.03364671548420932,0.02080812341017738,0.04883704829891573
qualifying_event_rate,county,11,male,45-64,0.04122421109698063,0.02662255844828027,0.05920495323772494
qualifying_event_rate,county,11,male,65-74,0.05166312403119113,0.02853930014716227,0.07862979543061542
qualifying_event_rate,county,11,male,75-84,0.05563090860843517,0.018659316303918472,0.10074647386627629
qualifying_event_rate,county,11,male,85+,0.01857572203090619,0.0,0.13096872236408152
person_years_exposure,county,11,female,0-17,980.9230518006581,821.4501101232139,1149.8856765049054
person_years_exposure,county,11,female,18-44,1174.4686302592002,986.0829065386529,1370.1135483236558
person_years_exposure,county,11,female,45-64,1112.8822600965775,933.988372256681,1304.5366354490297
person_years_exposure,county,11,female,65-74,300.7932867047701,243.1005789037521,362.2355422629646
person_years_exposure,county,11,female,75-84,54.467205107138916,35.47356894378749,74.65109137442556
person_years_exposure,county,11,female,85+,7.001521311521693,1.635739656653266,13.578717077692458
person_years_exposure,county,11,female,18-64,2287.3508903557777,1920.158201155595,2674.5018288050064
person_years_exposure,county,11,female,65+,362.2620131234307,285.6713931221805,442.88273086942206
mortality_rate,county,11,female,0-17,0.0020792158747885915,0.0,0.00565492822450601
mortality_rate,county,11,female,18-44,0.002226579868069208,0.0,0.0057163791477847364
mortality_rate,county,11,female,45-64,0.008351072858453904,0.0018436257789200953,0.01840614778468282
mortality_rate,county,11,female,65-74,0.03737838986726416,0.009582683684862835,0.08942991121973687
mortality_rate,county,11,female,75-84,0.0830288238853927,0.015105956351103565,0.2190198281465519
mortality_rate,county,11,female,85+,0.0696158839649248,0.0,0.4243717353480459
qualifying_event_rate,county,11,female,0-17,0.026268704846622824,0.01553863470027608,0.04005340014508778
qualifying_event_rate,county,11,female,18-44,0.03208445118516329,0.020151798529794537,0.04693785237120987
qualifying_event_rate,county,11,female,45-64,0.046702065272925565,0.03050381325993096,0.06731887542616223
qualifying_event_rate,county,11,female,65-74,0.05844493022579639,0.031672658634274216,0.08900905740718666
qualifying_event_rate,county,11,female,75-84,0.050494531717666026,0.0,0.10372070097286673
qualifying_event_rate,county,11,female,85+,0.03077709252856212,0.0,0.1630741745038116
person_years_exposure,county,12,male,0-17,1982.863974727311,1781.5003259450712,2149.1147841018555
person_years_exposure,county,12,male,18-44,2149.679834216475,1935.249375975977,2325.6911990781437
person_years_exposure,county,12,male,45-64,2165.8393005683074,1939.289903082453,2352.246180659789
person_years_exposure,county,12,male,65-74,614.6868026661117,529.3890260268022,685.7821736542394
person_years_exposure,county,12,male,75-84,170.05914785511786,123.66501341033216,206.07783340987396
person_years_exposure,county,12,male,85+,12.266618320597805,5.775820447235414,19.085335935133056
person_years_exposure,county,12,male,18-64,4315.519134784782,3879.613690618168,4683.892953601256
person_years_exposure,county,12,male,65+,797.0125688418274,668.3015141129073,903.8483997379782
mortality_rate,county,12,male,0-17,0.0012901063821595718,0.0,0.003340815382943297
mortality_rate,county,12,male,18-44,0.0011218512893707256,0.0,0.0028479520405002108
mortality_rate,county,12,male,45-64,0.00841231690537669,0.0024569659047329858,0.0181369557824501
mortality_rate,county,12,male,65-74,0.03673514275453232,0.011693799015385167,0.08433191797495646
mortality_rate,county,12,male,75-84,0.08020893016782042,0.023252592836113344,0.20385627747352425
mortality_rate,county,12,male,85+,0.15734874050100084,0.0,0.555866421113134
qualifying_event_rate,county,12,male,0-17,0.017145191230742544,0.010429202575411045,0.025550088537465415
qualifying_event_rate,county,12,male,18-44,0.02629116076980821,0.01708631788998507,0.03727547971287342
qualifying_event_rate,county,12,male,45-64,0.03272854343644061,0.02149081621426786,0.04653497015709246
qualifying_event_rate,county,12,male,65-74,0.04629292296467031,0.028333918715222915,0.06744896376246767
qualifying_event_rate,county,12,male,75-84,0.04411765584093361,0.018829518903030074,0.07500569867863727
qualifying_event_rate,county,12,male,85+,0.03557435881598815,0.0,0.1474869265367175
person_years_exposure,county,12,female,0-17,1980.2208553878252,1773.3381620351545,2146.5984628957176
person_years_exposure,county,12,female,18-44,2129.4789942928446,1924.684507453021,2312.745894829552
person_years_exposure,county,12,female,45-64,2287.849040544688,2049.9961957078663,2485.2135679829316
person_years_exposure,county,12,female,65-74,531.1305361348669,453.8412124465311,593.5125948802175
person_years_exposure,county,12,female,75-84,140.02533496492697,100.98207679936515,169.37810130675726
person_years_exposure,county,12,female,85+,38.28771584694504,21.50867370927161,52.01916816169427
person_years_exposure,county,12,female,18-64,4417.328034837532,3965.2824347903165,4795.187591454577
person_years_exposure,county,12,female,65+,709.443586946739,587.58697190377,805.8473015753918
mortality_rate,county,12,female,0-17,0.0013369523557419034,0.0,0.0034370811315458773
mortality_rate,county,12,female,18-44,0.001565175247763748,0.0,0.0039457548922306315
mortality_rate,county,12,female,45-64,0.008267394590312152,0.0024846879572017725,0.01806008019302705
mortality_rate,county,12,female,65-74,0.039280985274693,0.011776668763496919,0.08958088541456566
mortality_rate,county,12,female,75-84,0.08527414281384767,0.023692871955142338,0.21878699994322406
mortality_rate,county,12,female,85+,0.10606170202831587,0.02024330139033788,0.30579341092618245
qualifying_event_rate,county,12,female,0-17,0.018390615556676204,0.011203768433728169,0.027594617556591605
qualifying_event_rate,county,12,female,18-44,0.0242121707921511,0.015656918344486837,0.0350672408231831
qualifying_event_rate,county,12,female,45-64,0.0320355404442684,0.02144384293606848,0.04512495495495289
qualifying_event_rate,county,12,female,65-74,0.045583261852570896,0.02684083946773539,0.06794938529541608
qualifying_event_rate,county,12,female,75-84,0.04698344268394527,0.017851920426217343,0.08306652194465729
qualifying_event_rate,county,12,female,85+,0.03235337423749177,0.0,0.08464362854204908
person_years_exposure,county,13,male,0-17,2348.1608198397707,2076.805570835437,2557.9373269259977
person_years_exposure,county,13,male,18-44,2841.2307288663337,2509.226775460153,3096.8261642456528
person_years_exposure,county,13,male,45-64,2580.498260515222,2278.464088612546,2810.5826968803367
person_years_exposure,county,13,male,65-74,741.5725220872889,638.2812821728002,826.3198062916331
person_years_exposure,county,13,male,75-84,327.0585950116743,255.67349808530346,386.2114546072854
person_years_exposure,county,13,male,85+,47.27889985351721,28.426654724067237,63.30697608265562
person_years_exposure,county,13,male,18-64,5421.728989381556,4789.912636980816,5900.945719062962
person_years_exposure,county,13,male,65+,1115.9100169524804,934.691628672593,1266.8547626627605
mortality_rate,county,13,male,0-17,0.0009527902299522504,0.0,0.0025888471383522455
mortality_rate,county,13,male,18-44,0.0010416164467680685,0.0,0.0026716505847291547
mortality_rate,county,13,male,45-64,0.007612689204478587,0.002227805399991577,0.016412387577454262
mortality_rate,county,13,male,65-74,0.028593831145536944,0.008971225342028268,0.06500007871919913
mortality_rate,county,13,male,75-84,0.06879267186310468,0.02132550232845954,0.1569269572907328
mortality_rate,county,13,male,85+,0.10850727131638097,0.021142246200365564,0.30825950437398025
qualifying_event_rate,county,13,male,0-17,0.02321568424771257,0.014704024074614056,0.03359511512943761
qualifying_event_rate,county,13,male,18-44,0.03130606500998271,0.02053688394892777,0.04440901708446153
qualifying_event_rate,county,13,male,45-64,0.041021896900102786,0.02761010846235995,0.057587610283930696
qualifying_event_rate,county,13,male,65-74,0.05662057549453479,0.036503058611072906,0.08130476643733846
qualifying_event_rate,county,13,male,75-84,0.05178734767462487,0.028225885626054728,0.08051270745214188
qualifying_event_rate,county,13,male,85+,0.03097822150420249,0.0,0.07984948918959198
person_years_exposure,county,13,female,0-17,2496.2145897984346,2209.380477460925,2717.107749338847
person_years_exposure,county,13,female,18-44,2759.645854899454,2440.562934127021,3000.3562621686615
person_years_exposure,county,13,female,45-64,2311.4483624340696,2037.78570836526,2522.1448399854007
person_years_exposure,county,13,female,65-74,728.4695760801516,618.5001272365076,815.3777445003498
person_years_exposure,county,13,female,75-84,258.33155646078666,191.6091611790897,311.01530244617334
person_years_exposure,county,13,female,85+,29.887362126160156,16.51764910720017,41.945450267433294
person_years_exposure,county,13,female,18-64,5071.094217333524,4481.106356486739,5516.853058839678
person_years_exposure,county,13,female,65+,1016.6884946670983,843.7335312279972,1161.6390368840778
mortality_rate,county,13,female,0-17,0.0008285983839101817,0.0,0.0022206171802318713
mortality_rate,county,13,female,18-44,0.001247046335271663,0.0,0.0032248470201535558
mortality_rate,county,13,female,45-64,0.00656358453224271,0.001837886665778987,0.014262171602642797
mortality_rate,county,13,female,65-74,0.035676770525759016,0.011043239828528338,0.08006154632538681
mortality_rate,county,13,female,75-84,0.08141809364825268,0.025112122462855244,0.1952354536395325
mortality_rate,county,13,female,85+,0.10585900835127582,0.02120183837988776,0.318979288450246
qualifying_event_rate,county,13,female,0-17,0.023199189880015944,0.014740229999940516,0.033185630079263846
qualifying_event_rate,county,13,female,18-44,0.03235207636479604,0.021639385554847006,0.04578989600914606
qualifying_event_rate,county,13,female,45-64,0.04068552081765677,0.027306412757993587,0.056946738732137445
qualifying_event_rate,county,13,female,65-74,0.0559914748354737,0.035832501793442266,0.08147286066162153
qualifying_event_rate,county,13,female,75-84,0.0487220275444241,0.023849160875248188,0.0779090358124928
qualifying_event_rate,county,13,female,85+,0.032322946120088895,0.0,0.09326940732410692
person_years_exposure,county,14,male,0-17,1157.8585870668176,1052.1185328585502,1258.9062203888568
person_years_exposure,county,14,male,18-44,1505.121717734736,1372.8729624240184,1631.3776451192232
person_years_exposure,county,14,male,45-64,1235.0417113181938,1123.8386376405406,1341.9952890611894
person_years_exposure,county,14,male,65-74,300.6601097950491,258.2396974318679,337.71119743813983
person_years_exposure,county,14,male,75-84,90.53517450786636,66.26420331644754,110.46550092276541
person_years_exposure,county,14,male,85+,0.8160214087134997,0.03507856389624418,1.631436523795471
person_years_exposure,county,14,male,18-64,2740.16342905293,2501.827834206889,2970.752829772459
person_years_exposure,county,14,male,65+,392.01130571162895,330.62530829333065,444.7017182208047
mortality_rate,county,14,male,0-17,0.006224870300879039,0.0008882651449657088,0.01410521530555079
mortality_rate,county,14,male,18-44,0.0010231774576025716,0.0,0.0028758953759461495
mortality_rate,county,14,male,45-64,0.007782189084724569,0.0016946572152916682,0.017398002631566607
mortality_rate,county,14,male,65-74,0.03752657847498016,0.009463376545834434,0.086597779091486
mortality_rate,county,14,male,75-84,0.07154207318568355,0.017991514684527962,0.18630519969497844
mortality_rate,county,14,male,85+,0.04632378238566545,0.0,0.04632378238566545
qualifying_event_rate,county,14,male,0-17,0.026792118417142952,0.01594491758860215,0.03967241741142057
qualifying_event_rate,county,14,male,18-44,0.03774492224361902,0.025025901102666896,0.05321518066358804
qualifying_event_rate,county,14,male,45-64,0.053538718365195186,0.0367208163213376,0.07487503388403909
qualifying_event_rate,county,14,male,65-74,0.07533260576309951,0.046145687369977574,0.10987173036732265
qualifying_event_rate,county,14,male,75-84,0.0637697353971618,0.02434475308936608,0.1101470824200016
qualifying_event_rate,county,14,male,85+,0.023544671938095067,0.0,0.023544671938095067
person_years_exposure,county,14,female,0-17,1327.831179344766,1212.184334653114,1440.3602767213704
person_years_exposure,county,14,female,18-44,1545.9647531912503,1409.8246175700926,1682.4369784705011
person_years_exposure,county,14,female,45-64,1342.4689334112727,1223.8775585383446,1462.5386603035402
person_years_exposure,county,14,female,65-74,330.81368196382647,288.34779069783605,371.28458569896645
person_years_exposure,county,14,female,75-84,74.72667541481694,52.57782570316695,93.79625505379707
person_years_exposure,county,14,female,85+,3.1212439864476202,0.22064634924821455,6.1774847818623275
person_years_exposure,county,14,female,18-64,2888.4336866025233,2630.5582007184526,3142.270858421251
person_years_exposure,county,14,female,65+,408.66160136509103,347.3383046387043,464.9801326800428
mortality_rate,county,14,female,0-17,0.0018088560549807424,0.0,0.0046805450015827135
mortality_rate,county,14,female,18-44,0.001168616956674239,0.0,0.0033250160515129264
mortality_rate,county,14,female,45-64,0.007914158349834322,0.0017724925069137216,0.017376861912209263
mortality_rate,county,14,female,65-74,0.03344925115378776,0.008683953322165719,0.07787006436422647
mortality_rate,county,14,female,75-84,0.08301466900105689,0.020603431801128693,0.2149003587638569
mortality_rate,county,14,female,85+,0.07974969021990287,0.0,0.8197323137895679
qualifying_event_rate,county,14,female,0-17,0.02982350960988985,0.018591953074972765,0.04294942131938853
qualifying_event_rate,county,14,female,18-44,0.039302777652781756,0.026349538337160413,0.05522935201251099
qualifying_event_rate,county,14,female,45-64,0.04683898543016519,0.031058811272034033,0.06625603923392574
qualifying_event_rate,county,14,female,65-74,0.07118619007233788,0.042855342371670144,0.10460215961110746
qualifying_event_rate,county,14,female,75-84,0.06227438270362739,0.021410138975760436,0.11442467746210148
qualifying_event_rate,county,14,female,85+,0.044259314653794825,0.0,0.2507963823466905
person_years_exposure,county,15,male,0-17,2602.2697896857753,2338.835655807943,2815.9635469229647
person_years_exposure,county,15,male,18-44,3210.7069600892673,2899.250445649756,3478.37041491463
person_years_exposure,county,15,male,45-64,2722.7351564798723,2440.029351214553,2955.604101028733
person_years_exposure,county,15,male,65-74,753.8394391992647,647.3968721337429,844.0613431615452
person_years_exposure,county,15,male,75-84,160.74589694471348,116.8703757125066,195.26552273496418
person_years_exposure,county,15,male,85+,8.34536798240514,3.165746347290959,12.621812564757793
person_years_exposure,county,15,male,18-64,5933.44211656914,5326.6385728266805,6439.757722601781
person_years_exposure,county,15,male,65+,922.9307041263833,775.7540453422646,1043.818694052019
mortality_rate,county,15,male,0-17,0.0012575409938164598,0.0,0.0031198810387848596
mortality_rate,county,15,male,18-44,0.0010686594530117453,0.0,0.0026866481828347597
mortality_rate,county,15,male,45-64,0.008500829673945961,0.0025707003985020412,0.018465717603873628
mortality_rate,county,15,male,65-74,0.03567915826314071,0.011426023242923099,0.07833890486395556
mortality_rate,county,15,male,75-84,0.08768099194043638,0.02608497631929778,0.2099694534566699
mortality_rate,county,15,male,85+,0.08022626845728584,0.0,0.45361953086590806
qualifying_event_rate,county,15,male,0-17,0.011641354571525039,0.007104096904307769,0.017702931516931978
qualifying_event_rate,county,15,male,18-44,0.017868527455758506,0.01163289092936697,0.026050129599724844
qualifying_event_rate,county,15,male,45-64,0.022577358588275323,0.014793053554893644,0.03289015035369041
qualifying_event_rate,county,15,male,65-74,0.03178581834578303,0.018320391203563834,0.04768850685193069
qualifying_event_rate,county,15,male,75-84,0.03137839960466952,0.00805260371501022,0.05837114237070576
qualifying_event_rate,county,15,male,85+,0.017377897308222104,0.0,0.11915952330028676
person_years_exposure,county,15,female,0-17,2586.0224676893536,2322.6246759240366,2800.8787140841473
person_years_exposure,county,15,female,18-44,2964.38216149908,2674.163692873001,3213.099236825588
person_years_exposure,county,15,female,45-64,2556.8901240214636,2290.6017922753917,2772.7355120540205
person_years_exposure,county,15,female,65-74,745.8710346041515,639.0682332768408,831.949040409538
person_years_exposure,county,15,female,75-84,227.2059031328983,164.12894375210627,275.76036068310447
person_years_exposure,county,15,female,85+,32.05675297127719,18.323185281440853,44.01666900546075
person_years_exposure,county,15,female,18-64,5521.272285520544,4962.145037920827,5990.056253990834
person_years_exposure,county,15,female,65+,1005.133690708327,836.2640463254069,1143.3698583727387
mortality_rate,county,15,female,0-17,0.0013579614229484126,0.0,0.003444316915193146
mortality_rate,county,15,female,18-44,0.001561178497026061,0.000306110375866467,0.0036649083678699785
mortality_rate,county,15,female,45-64,0.008900773860965078,0.0027812376756046714,0.019738694506709915
mortality_rate,county,15,female,65-74,0.038695853354536076,0.011970988146415932,0.08819164894103498
mortality_rate,county,15,female,75-84,0.08709060874701184,0.026435206929752885,0.2193221167755514
mortality_rate,county,15,female,85+,0.09767000538367522,0.0,0.2963606578171997
qualifying_event_rate,county,15,female,0-17,0.012608724680429518,0.007672652350307499,0.018649973565042458
qualifying_event_rate,county,15,female,18-44,0.016481135000645287,0.010296050096058532,0.02409057049036283
qualifying_event_rate,county,15,female,45-64,0.022483863890416986,0.014561187680041427,0.03232575331236941
qualifying_event_rate,county,15,female,65-74,0.03173067606796199,0.018419375247228496,0.04805828974464329
qualifying_event_rate,county,15,female,75-84,0.0333826623763143,0.013444548356286395,0.0572201948801216
qualifying_event_rate,county,15,female,85+,0.021766603123576145,0.0,0.07030453449976762
person_years_exposure,county,16,male,0-17,1242.916046152083,1113.1601793339119,1348.4712303888398
person_years_exposure,county,16,male,18-44,1436.4783327039713,1288.8100501096205,1555.0964006213499
person_years_exposure,county,16,male,45-64,1194.1490515740659,1070.797687627093,1299.258187495483
person_years_exposure,county,16,male,65-74,334.83097651546444,286.5923573849412,374.7639828323789
person_years_exposure,county,16,male,75-84,139.7836217601594,99.29209736722555,171.2019148766952
person_years_exposure,county,16,male,85+,27.735122765076746,14.725759695446877,39.578107133852626
person_years_exposure,county,16,male,18-64,2630.6273842780374,2361.8356448376,2854.5082201031646
person_years_exposure,county,16,male,65+,502.3497210407006,407.7296724281232,576.8350627350127
mortality_rate,county,16,male,0-17,0.0012630170988700202,0.0,0.0035936007787820525
mortality_rate,county,16,male,18-44,0.001113563176403056,0.0,0.0030639541984274032
mortality_rate,county,16,male,45-64,0.008922491829814218,0.0023160625338507993,0.01980983464470699
mortality_rate,county,16,male,65-74,0.0370949473341199,0.00892860671004568,0.08769575719496388
mortality_rate,county,16,male,75-84,0.0922624664778618,0.02576853566773412,0.23851546461861708
mortality_rate,county,16,male,85+,0.11719205800124279,0.024864353604129898,0.3612770555657494
qualifying_event_rate,county,16,male,0-17,0.021971586698839453,0.012680853409086285,0.033425319699906
qualifying_event_rate,county,16,male,18-44,0.033350391994141575,0.021729819302154077,0.047151543024118385
qualifying_event_rate,county,16,male,45-64,0.041996556501998634,0.027344062740520206,0.05981782260764135
qualifying_event_rate,county,16,male,65-74,0.057978101016721545,0.03332362446085635,0.08762410221231075
qualifying_event_rate,county,16,male,75-84,0.05753480774331284,0.02450078252607403,0.09718490661061716
qualifying_event_rate,county,16,male,85+,0.037704964013369556,0.0,0.10407767255165908
person_years_exposure,county,16,female,0-17,1314.633778412475,1177.7762173576468,1426.1112381720263
person_years_exposure,county,16,female,18-44,1547.8605507305128,1398.1055036471157,1679.3631767586387
person_years_exposure,county,16,female,45-64,1204.4225523458726,1080.4472365253303,1308.5800007095563
person_years_exposure,county,16,female,65-74,275.0215267332353,233.13080496403995,310.8369786568755
person_years_exposure,county,16,female,75-84,134.43784631468304,97.56375301718731,163.22131252080084
person_years_exposure,county,16,female,85+,17.677602919362663,7.538477103351121,26.77633422455026
person_years_exposure,county,16,female,18-64,2752.2831030763855,2470.9017322574746,2988.7119105660586
person_years_exposure,county,16,female,65+,427.136975967281,347.4121328760474,493.1933216337846
mortality_rate,county,16,female,0-17,0.0013311692037255153,0.0,0.003780283962956693
mortality_rate,county,16,female,18-44,0.0015529878273695407,0.0,0.003999919902984518
mortality_rate,county,16,female,45-64,0.008075706056031102,0.0017323640218600863,0.01810783568583798
mortality_rate,county,16,female,65-74,0.04097246158813722,0.010223154497658102,0.09814482530334023
mortality_rate,county,16,female,75-84,0.0899136328941197,0.024260722999561612,0.22882257976304346
mortality_rate,county,16,female,85+,0.12061669950267864,0.0,0.4136603158921383
qualifying_event_rate,county,16,female,0-17,0.02359111136825609,0.014378184890535096,0.03473770167337965
qualifying_event_rate,county,16,female,18-44,0.03050925951738038,0.01950257621856118,0.044087015105884
qualifying_event_rate,county,16,female,45-64,0.040629817911586666,0.026123096737351467,0.058438530287796296
qualifying_event_rate,county,16,female,65-74,0.05831056244731194,0.031277467384056054,0.08931863964496592
qualifying_event_rate,county,16,female,75-84,0.0606996030182148,0.027192359245382144,0.10139157804679566
qualifying_event_rate,county,16,female,85+,0.03847815328393787,0.0,0.1348038546243781
person_years_exposure,state,0,male,0-17,9192.310137868797,8115.989922580336,10006.362642432532
person_years_exposure,state,0,male,18-44,9944.192514075403,8783.491084523414,10836.742099346391
person_years_exposure,state,0,male,45-64,9437.078744848837,8330.917091230369,10281.38621479545
person_years_exposure,state,0,male,65-74,2736.6201863492192,2361.5180739254906,3045.573937140383
person_years_exposure,state,0,male,75-84,1049.8232461192174,828.7012098902507,1227.962351610189
person_years_exposure,state,0,male,85+,149.47030282405217,95.09952601779999,196.58522645224497
person_years_exposure,state,0,male,18-64,19381.27125892424,17133.225084905185,21089.685135953074
person_years_exposure,state,0,male,65+,3935.913735292489,3317.99216730961,4451.646276133471
mortality_rate,state,0,male,0-17,0.0009459333257456842,0.00021626370713479892,0.002130227345914396
mortality_rate,state,0,male,18-44,0.001002027611055001,0.0002181673212300335,0.0022256330774623333
mortality_rate,state,0,male,45-64,0.00764101780523026,0.002648118321739796,0.01583361639710696
mortality_rate,state,0,male,65-74,0.029173832985019077,0.010052846865169688,0.06341566685092995
mortality_rate,state,0,male,75-84,0.06608218712664002,0.022880758264668666,0.15138049109499538
mortality_rate,state,0,male,85+,0.11454222638340443,0.037688356363728893,0.2823220960336391
qualifying_event_rate,state,0,male,0-17,0.020448265349604425,0.013945293491681648,0.028553286317153946
qualifying_event_rate,state,0,male,18-44,0.02764033776042661,0.01915405036581771,0.03864958998290498
qualifying_event_rate,state,0,male,45-64,0.036395353858838825,0.02536891585539472,0.05042555639903619
qualifying_event_rate,state,0,male,65-74,0.05048550411907083,0.03505846464808878,0.07058022835758425
qualifying_event_rate,state,0,male,75-84,0.04576001770080412,0.029634969941863848,0.06676133820505369
qualifying_event_rate,state,0,male,85+,0.028365082842711154,0.006998966084095893,0.05612151457408892
person_years_exposure,state,0,female,0-17,9520.270441081007,8420.411717517036,10362.400649874948
person_years_exposure,state,0,female,18-44,9491.693519983215,8401.515945366033,10317.62148600233
person_years_exposure,state,0,female,45-64,9213.244589594398,8128.166709187843,10047.98272090638
person_years_exposure,state,0,female,65-74,2780.7137900068747,2379.759643081886,3107.1499626831696
person_years_exposure,state,0,female,75-84,821.8656040685894,623.9261352464518,982.1907986513631
person_years_exposure,state,0,female,85+,107.38546211246984,64.49125760953663,142.9002544585056
person_years_exposure,state,0,female,18-64,18704.93810957761,16529.61913048526,20353.117576079934
person_years_exposure,state,0,female,65+,3709.9648561879335,3104.333495645982,4217.665939544656
mortality_rate,state,0,female,0-17,0.0008175914176410914,0.00019766115322638174,0.0018084804103271
mortality_rate,state,0,female,18-44,0.001258141606248483,0.00031132732837567043,0.0027446430087111127
mortality_rate,state,0,female,45-64,0.006613377455681159,0.002361202966283844,0.013893731124716693
mortality_rate,state,0,female,65-74,0.03452691239820879,0.01252399868526359,0.07488521761234486
mortality_rate,state,0,female,75-84,0.0840278979753734,0.029326139347977277,0.19644418162594
mortality_rate,state,0,female,85+,0.10890647831842529,0.032495778649976985,0.2834237366377376
qualifying_event_rate,state,0,female,0-17,0.02036695564283079,0.013904135997038004,0.028722509698370792
qualifying_event_rate,state,0,female,18-44,0.02873976724234585,0.019814226784733883,0.040163332938556756
qualifying_event_rate,state,0,female,45-64,0.03595425779403227,0.024978290065303128,0.04976439673427275
qualifying_event_rate,state,0,female,65-74,0.049035085722419096,0.03386990522359782,0.0685250175522664
qualifying_event_rate,state,0,female,75-84,0.04389412324024088,0.02765435400420956,0.06473101501922283
qualifying_event_rate,state,0,female,85+,0.030082236372583532,0.006635177835827262,0.06460727242161841
person_years_exposure,state,1,male,0-17,7373.9383009060875,6725.066994958497,7999.039201344941
person_years_exposure,state,1,male,18-44,8833.683855114527,8070.783404313095,9564.850906767093
person_years_exposure,state,1,male,45-64,7239.564335898136,6604.787882290775,7860.138962373992
person_years_exposure,state,1,male,65-74,1870.8984023509013,1637.083400560226,2081.523462020012
person_years_exposure,state,1,male,75-84,666.7473779813868,504.7739600570419,798.4792372436424
person_years_exposure,state,1,male,85+,77.5411976252387,44.731247022079685,108.41387138621177
person_years_exposure,state,1,male,18-64,16073.248191012663,14675.257460964578,17402.973027743876
person_years_exposure,state,1,male,65+,2615.186977957527,2198.198505995421,2980.7448881037567
mortality_rate,state,1,male,0-17,0.006177133958647711,0.0020083558698174232,0.013062085890336304
mortality_rate,state,1,male,18-44,0.0010341349776735705,0.00022700133104886291,0.0022761413731478856
mortality_rate,state,1,male,45-64,0.008085520317983071,0.002781847766718582,0.016993794801957184
mortality_rate,state,1,male,65-74,0.03673599254783127,0.012689124072888788,0.07977408862671043
mortality_rate,state,1,male,75-84,0.08057547125641244,0.02849671347798107,0.19218054947770993
mortality_rate,state,1,male,85+,0.11686432291339675,0.03243919196582337,0.3173997101517095
qualifying_event_rate,state,1,male,0-17,0.0166688456082412,0.01133346472438129,0.023348383007867145
qualifying_event_rate,state,1,male,18-44,0.023891223873394294,0.016704272056854787,0.03346987192430765
qualifying_event_rate,state,1,male,45-64,0.03458621764294891,0.02445964099947366,0.04798648728685507
qualifying_event_rate,state,1,male,65-74,0.04880249181013188,0.033523552858724145,0.06889666170468361
qualifying_event_rate,state,1,male,75-84,0.04426082984968233,0.026897788667413054,0.06719276960742292
qualifying_event_rate,state,1,male,85+,0.025395543790475407,0.0,0.059930172400146337
person_years_exposure,state,1,female,0-17,7149.55577646783,6522.668958886997,7759.3280626795
person_years_exposure,state,1,female,18-44,8189.770089210018,7470.263869428427,8896.991572511906
person_years_exposure,state,1,female,45-64,7623.355226224784,6953.409434213068,8301.731894706923
person_years_exposure,state,1,female,65-74,2055.052049010344,1796.2642390037288,2288.4484960940067
person_years_exposure,state,1,female,75-84,637.82564076502,475.8708610516489,771.8858382733813
person_years_exposure,state,1,female,85+,55.7926145896988,29.27912688862215,81.03706759180193
person_years_exposure,state,1,female,18-64,15813.125315434801,14425.852103808385,17196.66814072092
person_years_exposure,state,1,female,65+,2748.6703043650627,2313.560346242382,3129.688133928522
mortality_rate,state,1,female,0-17,0.001821231486382347,0.0004690631316893905,0.0039312549183179255
mortality_rate,state,1,female,18-44,0.0012190680092355366,0.0002513247044319191,0.0027467506722935824
mortality_rate,state,1,female,45-64,0.007461970775094072,0.0025440060750439443,0.015795303917748988
mortality_rate,state,1,female,65-74,0.03533782380597783,0.012512169121099074,0.07731085469046999
mortality_rate,state,1,female,75-84,0.0883138628582707,0.03181936414854221,0.20326047731035415
mortality_rate,state,1,female,85+,0.09383883609764504,0.016677185593541692,0.271700564115542
qualifying_event_rate,state,1,female,0-17,0.018928459663246175,0.01299460609483887,0.026949294603851603
qualifying_event_rate,state,1,female,18-44,0.025428016726751584,0.017736866653940104,0.035208983365554954
qualifying_event_rate,state,1,female,45-64,0.029649069722929813,0.02061742078898665,0.04097575339935013
qualifying_event_rate,state,1,female,65-74,0.04661183302389516,0.03167367984599436,0.06569322657418038
qualifying_event_rate,state,1,female,75-84,0.04203665263975058,0.025314885312920258,0.06321043074366234
qualifying_event_rate,state,1,female,85+,0.029021594777467984,0.0,0.07240096339615792
person_years_exposure,state,2,male,0-17,2288.2330571711504,1920.4811708237132,2679.557655510336
person_years_exposure,state,2,male,18-44,2579.2234252122053,2162.354913476006,3033.1886285832447
person_years_exposure,state,2,male,45-64,2531.751333068837,2117.3559227678634,2975.7480195920293
person_years_exposure,state,2,male,65-74,722.743070850845,589.6273616290059,859.6907889759657
person_years_exposure,state,2,male,75-84,192.55050463315746,136.50684168823915,248.50800236101801
person_years_exposure,state,2,male,85+,67.7458297107043,7.954626098529368,225.13113484027298
person_years_exposure,state,2,male,18-64,5110.974758281042,4276.234241658928,6001.5607525512505
person_years_exposure,state,2,male,65+,983.0394051947069,755.6108171517867,1269.4604310148538
mortality_rate,state,2,male,0-17,0.001834006182383632,0.0,0.004518538899589477
mortality_rate,state,2,male,18-44,0.0011695409536582547,0.0,0.0029674743013169635
mortality_rate,state,2,male,45-64,0.009390705500661393,0.0028938559463179488,0.020577168135540055
mortality_rate,state,2,male,65-74,0.03159119643360227,0.009772392444163247,0.0699028095245008
mortality_rate,state,2,male,75-84,0.0935822056188237,0.030453282491237046,0.22866064410333978
mortality_rate,state,2,male,85+,0.05948538683746816,0.0,0.21839715824156133
qualifying_event_rate,state,2,male,0-17,0.02115449219082902,0.013355960856009218,0.03106422344551352
qualifying_event_rate,state,2,male,18-44,0.030983234414226048,0.020467225890749223,0.04433406268514965
qualifying_event_rate,state,2,male,45-64,0.03790277521688976,0.025668088888265845,0.05324810051673192
qualifying_event_rate,state,2,male,65-74,0.04839435386128139,0.029518748629438724,0.07111381098319147
qualifying_event_rate,state,2,male,75-84,0.052124110047174106,0.024817742793877263,0.0851093165127633
qualifying_event_rate,state,2,male,85+,0.016860297147858958,0.0,0.07578809850739321
person_years_exposure,state,2,female,0-17,2332.099907298299,1953.4310927915703,2738.1965974274376
person_years_exposure,state,2,female,18-44,2607.3098822086386,2189.0358352718818,3042.4442568340855
person_years_exposure,state,2,female,45-64,2443.866079797075,2051.9609500054567,2870.3244340983483
person_years_exposure,state,2,female,65-74,685.4816024242883,557.006951910123,820.7268229477373
person_years_exposure,state,2,female,75-84,149.47871574167615,101.0220982640831,202.8978428949633
person_years_exposure,state,2,female,85+,16.540973450972032,7.7078994872097795,27.982501874703097
person_years_exposure,state,2,female,18-64,5051.175962005714,4246.56924158032,5910.581997083079
person_years_exposure,state,2,female,65+,851.5012916169366,675.803924286723,1041.1170128813899
mortality_rate,state,2,female,0-17,0.0020695750299880205,0.0003909338937169157,0.00491333807906895
mortality_rate,state,2,female,18-44,0.002210053725797101,0.00036646868060345836,0.0051173921829884275
mortality_rate,state,2,female,45-64,0.008253706556391077,0.002531941975358829,0.017591060037795224
mortality_rate,state,2,female,65-74,0.03757283057271994,0.011645154875550314,0.08689674488079803
mortality_rate,state,2,female,75-84,0.07711807462986546,0.022343492482996285,0.18977385627184387
mortality_rate,state,2,female,85+,0.07862368066312615,0.0,0.271376005578089
qualifying_event_rate,state,2,female,0-17,0.024261327048402743,0.015483835163717024,0.03545562343303617
qualifying_event_rate,state,2,female,18-44,0.029659383951278737,0.01962283481071127,0.04254664023543162
qualifying_event_rate,state,2,female,45-64,0.04339753198116748,0.02953914441776501,0.0613825737452634
qualifying_event_rate,state,2,female,65-74,0.053716422818083,0.034360896600850704,0.07834796373477358
qualifying_event_rate,state,2,female,75-84,0.04583050635556844,0.01749319567888161,0.07906475408950928
qualifying_event_rate,state,2,female,85+,0.025759843832821747,0.0,0.09609827754831998
person_years_exposure,state,3,male,0-17,3690.122648278801,3236.644161657365,4131.475601137644
person_years_exposure,state,3,male,18-44,4321.581513061123,3816.86019629875,4804.4015808927925
person_years_exposure,state,3,male,45-64,4399.8530648798915,3882.1410043784645,4887.66204073586
person_years_exposure,state,3,male,65-74,1148.9618147296421,969.2059727058661,1313.2254123225523
person_years_exposure,state,3,male,75-84,355.68766334832094,260.3679721008444,437.059418756452
person_years_exposure,state,3,male,85+,49.9221118822362,27.9199795641888,69.79884894804091
person_years_exposure,state,3,male,18-64,8721.434577941014,7691.1662036331445,9687.19630266263
person_years_exposure,state,3,male,65+,1554.5715899601992,1270.296204776095,1812.3670230301018
mortality_rate,state,3,male,0-17,0.007100352582378561,0.002202511882162743,0.015573840087246743
mortality_rate,state,3,male,18-44,0.0011005964221120438,0.0002102212394022645,0.0026824515682542776
mortality_rate,state,3,male,45-64,0.007948374450648766,0.002606182557347404,0.017606755183812193
mortality_rate,state,3,male,65-74,0.03441464335552908,0.011330251844313419,0.07841305352665995
mortality_rate,state,3,male,75-84,0.08572566309966895,0.029758375486450238,0.21213702881279167
mortality_rate,state,3,male,85+,0.0998849207907794,0.017897140345546153,0.30166674884016964
qualifying_event_rate,state,3,male,0-17,0.027510359746403226,0.018614206634700793,0.03891208871043559
qualifying_event_rate,state,3,male,18-44,0.04195521057166711,0.02949906139511317,0.05860534893711782
qualifying_event_rate,state,3,male,45-64,0.044594107266308476,0.031347608066099056,0.06196452475299217
qualifying_event_rate,state,3,male,65-74,0.0697416298646252,0.04787898057938868,0.09700022132354814
qualifying_event_rate,state,3,male,75-84,0.05829810845468063,0.03389346225386767,0.08753740971609744
qualifying_event_rate,state,3,male,85+,0.033808942796763844,0.0,0.08579250962094254
person_years_exposure,state,3,female,0-17,3993.4113540523244,3516.875789363104,4436.3804030747515
person_years_exposure,state,3,female,18-44,4428.736144269746,3909.4147849741507,4922.8737271014525
person_years_exposure,state,3,female,45-64,4298.762025728777,3791.728974482194,4774.289174999833
person_years_exposure,state,3,female,65-74,1194.1264526372886,1013.4039030598485,1366.486318982366
person_years_exposure,state,3,female,75-84,443.64654627467155,329.30528188352304,539.5327081194946
person_years_exposure,state,3,female,85+,62.88403471271439,38.3460425104008,83.94826365363933
person_years_exposure,state,3,female,18-64,8727.498169998522,7710.154361238603,9697.171819606107
person_years_exposure,state,3,female,65+,1700.6570336246746,1396.068586132425,1979.9991453345262
mortality_rate,state,3,female,0-17,0.0011895815031500397,0.00023323316055896815,0.002771157514570388
mortality_rate,state,3,female,18-44,0.0016417717450744453,0.000243835014331293,0.0037122638104120933
mortality_rate,state,3,female,45-64,0.007014873876947799,0.0022048657796544502,0.014934523358955946
mortality_rate,state,3,female,65-74,0.03286853516579851,0.010963481281987819,0.07408363420086947
mortality_rate,state,3,female,75-84,0.07648200785469605,0.02554977489915591,0.1830975098457459
mortality_rate,state,3,female,85+,0.1167869758843694,0.029226767683061133,0.30617871450827616
qualifying_event_rate,state,3,female,0-17,0.02811185652520661,0.01924011328427679,0.03996583890978339
qualifying_event_rate,state,3,female,18-44,0.04139570329482468,0.02887895053429941,0.057741328035417226
qualifying_event_rate,state,3,female,45-64,0.05497767405720337,0.03884682432062004,0.07627233874660694
qualifying_event_rate,state,3,female,65-74,0.059740856613780036,0.04086850495915732,0.08403580555063192
qualifying_event_rate,state,3,female,75-84,0.06005960476241935,0.0374395227631343,0.08956337655297016
qualifying_event_rate,state,3,female,85+,0.04272669459353223,0.0,0.08957433514336621
person_years_exposure,state,4,male,0-17,2119.3079204337623,1859.5535767924791,2361.442322083371
person_years_exposure,state,4,male,18-44,2452.2407493351607,2153.8287493248827,2721.536337743258
person_years_exposure,state,4,male,45-64,2246.7894043049923,1958.2083069124476,2509.8215946798637
person_years_exposure,state,4,male,65-74,570.2176047683178,470.4954885415312,656.095016377269
person_years_exposure,state,4,male,75-84,196.78435234749665,132.24242479947753,260.30914756835415
person_years_exposure,state,4,male,85+,5.290282641408827,1.1990297856255023,9.739432768329742
person_years_exposure,state,4,male,18-64,4699.030153640153,4131.659606340897,5219.774267370184
person_years_exposure,state,4,male,65+,772.2922397572232,616.2650851303467,919.8128629938319
mortality_rate,state,4,male,0-17,0.002958522200005134,0.00047459695346010485,0.0066191823065287776
mortality_rate,state,4,male,18-44,0.0010991223030327425,0.0,0.002817611354756
mortality_rate,state,4,male,45-64,0.008781628003138683,0.002566304758310688,0.01948611238509299
mortality_rate,state,4,male,65-74,0.0338512403965375,0.010073802739863174,0.07874815784042634
mortality_rate,state,4,male,75-84,0.09138677657655966,0.02829595149769465,0.23301473646445656
mortality_rate,state,4,male,85+,0.008748263779883822,0.0,0.008748263779883822
qualifying_event_rate,state,4,male,0-17,0.032133177533877115,0.021264948192149136,0.04601710205782874
qualifying_event_rate,state,4,male,18-44,0.04455885622093772,0.030743591239993498,0.062052018995107844
qualifying_event_rate,state,4,male,45-64,0.05286275791911171,0.036773698452330805,0.07357614248275479
qualifying_event_rate,state,4,male,65-74,0.08321460766152533,0.05528285010939212,0.11807542016458743
qualifying_event_rate,state,4,male,75-84,0.06454996496503539,0.03482889790248884,0.10300152494205833
qualifying_event_rate,state,4,male,85+,0.027661342208082536,0.0,0.18623343735478062
person_years_exposure,state,4,female,0-17,1895.798230465439,1667.459563271819,2110.6389443250764
person_years_exposure,state,4,female,18-44,2131.5996249376017,1874.7846745749932,2366.7158864974217
person_years_exposure,state,4,female,45-64,2447.078223427949,2143.6485394308725,2727.4869514747343
person_years_exposure,state,4,female,65-74,630.3730465464828,521.0714989654913,733.0951147808671
person_years_exposure,state,4,female,75-84,166.66155799090177,118.10656601816572,210.77762998494117
person_years_exposure,state,4,female,85+,14.113124301056933,5.759348873145694,20.681254217052935
person_years_exposure,state,4,female,18-64,4578.677848365551,4022.0871688069974,5084.7987594749875
person_years_exposure,state,4,female,65+,811.1477288384415,653.5093319233639,954.7459165203984
mortality_rate,state,4,female,0-17,0.000795344396766219,0.0,0.002349469584453416
mortality_rate,state,4,female,18-44,0.002023586658599768,0.0,0.004855442137083886
mortality_rate,state,4,female,45-64,0.007040243821718295,0.001888746149527601,0.015380480236622307
mortality_rate,state,4,female,65-74,0.03347592205090041,0.009769710479641534,0.07705989682422816
mortality_rate,state,4,female,75-84,0.08479269543414954,0.023855733851694354,0.2099462913601454
mortality_rate,state,4,female,85+,0.013102418646501893,0.0,0.1055619995087919
qualifying_event_rate,state,4,female,0-17,0.03548554715312908,0.02339011523299529,0.05156316640462022
qualifying_event_rate,state,4,female,18-44,0.046494437723558324,0.03184787712673949,0.06557884444262178
qualifying_event_rate,state,4,female,45-64,0.06258739444195356,0.044646235346628656,0.08536644137833013
qualifying_event_rate,state,4,female,65-74,0.06402357373497494,0.041897391015179974,0.09083706331827959
qualifying_event_rate,state,4,female,75-84,0.06539255557914204,0.032083377833040924,0.10438176931082395
qualifying_event_rate,state,4,female,85+,0.0355557221809049,0.0,0.12944246469082518
person_years_exposure,state,5,male,0-17,16902.589852565572,15206.360564304918,18257.900687425095
person_years_exposure,state,5,male,18-44,18533.56860484563,16712.320215323438,20086.485936803398
person_years_exposure,state,5,male,45-64,16810.541897872467,15058.516258831309,18272.340817048673
person_years_exposure,state,5,male,65-74,4560.164443362326,3943.3401801272944,5085.366748267599
person_years_exposure,state,5,male,75-84,1304.5893404468225,974.8863519768256,1565.9892840769644
person_years_exposure,state,5,male,85+,176.42706793099183,105.79654507728787,231.21049114991484
person_years_exposure,state,5,male,18-64,35344.1105027181,31705.5530929458,38381.45332352668
person_years_exposure,state,5,male,65+,6041.1808517401405,5043.854160159919,6848.6338194600885
mortality_rate,state,5,male,0-17,0.0012719655334644875,0.00036336911768139257,0.0027856138195773653
mortality_rate,state,5,male,18-44,0.0010873692196537374,0.00031369883711704973,0.0023631188717297834
mortality_rate,state,5,male,45-64,0.008619759726460027,0.003040961037507751,0.018319846743355996
mortality_rate,state,5,male,65-74,0.0371432965672889,0.013190735039347286,0.08275509220166756
mortality_rate,state,5,male,75-84,0.08640953585516986,0.031105911976335953,0.2049028753056998
mortality_rate,state,5,male,85+,0.10975490430110318,0.03747138838696526,0.2732855153193127
qualifying_event_rate,state,5,male,0-17,0.014025954189066159,0.009597234648892373,0.019712993828543166
qualifying_event_rate,state,5,male,18-44,0.021716527495966864,0.015226897384291465,0.030107202946945695
qualifying_event_rate,state,5,male,45-64,0.027291384382695107,0.019294467760348932,0.03788898567196212
qualifying_event_rate,state,5,male,65-74,0.03862429432476019,0.02658216722439738,0.05460637419333357
qualifying_event_rate,state,5,male,75-84,0.03888102160705684,0.025626766028267772,0.05735095075802781
qualifying_event_rate,state,5,male,85+,0.02597683654078077,0.007300061629691556,0.05036811474436189
person_years_exposure,state,5,female,0-17,16572.67923174375,14849.632829352362,17929.774945698562
person_years_exposure,state,5,female,18-44,18870.726420816813,17060.16314948256,20500.066342222948
person_years_exposure,state,5,female,45-64,16351.893367276865,14653.092047315733,17761.84133560178
person_years_exposure,state,5,female,65-74,4469.478979926162,3861.6458562937473,4985.02945445717
person_years_exposure,state,5,female,75-84,1540.1407663159705,1153.4493671268667,1838.4597233545878
person_years_exposure,state,5,female,85+,187.9585766946018,115.84724424753927,247.60501445286212
person_years_exposure,state,5,female,18-64,35222.61978809368,31623.42583985478,38234.363450439545
person_years_exposure,state,5,female,65+,6197.578322936734,5150.7860756497685,7045.085445673769
mortality_rate,state,5,female,0-17,0.001357479379037791,0.00039889889010684653,0.00296357371413243
mortality_rate,state,5,female,18-44,0.001560550972551025,0.0005032062643600625,0.0033735589664471814
mortality_rate,state,5,female,45-64,0.008505232821207596,0.0030717043203435388,0.01800712985500892
mortality_rate,state,5,female,65-74,0.03877892265474442,0.01377711887414628,0.08613873709931033
mortality_rate,state,5,female,75-84,0.08825013061985511,0.03125990099117152,0.21117340683736177
mortality_rate,state,5,female,85+,0.1085951970365166,0.03710209369563228,0.26429472556461014
qualifying_event_rate,state,5,female,0-17,0.015282676916754686,0.010473503813871228,0.02127759239316165
qualifying_event_rate,state,5,female,18-44,0.020165915125301054,0.014091138492039187,0.02817286648527184
qualifying_event_rate,state,5,female,45-64,0.026704632853589334,0.018577775818567947,0.037184816921235965
qualifying_event_rate,state,5,female,65-74,0.03750085848728743,0.025875540960954128,0.052412649080271226
qualifying_event_rate,state,5,female,75-84,0.040216196904707444,0.026662233029621518,0.05818088550241332
qualifying_event_rate,state,5,female,85+,0.02753206267687624,0.008992868523762632,0.05047776032822854
