estimand,level,unit,sex,age_band,estimate,lower,upper
children_under_16,county,0,,,2652.0203329520546,1948.5135188272764,3355.527147076833
children_under_16,county,1,,,1574.9236318795004,1165.7848694384247,1984.062394320576
children_under_16,county,2,,,372.6306726550263,262.43247318652044,482.8288721235321
children_under_16,county,3,,,416.9041868643035,307.26700004726433,526.5413736813426
children_under_16,county,4,,,773.9209167085078,564.9330221525042,982.9088112645113
children_under_16,county,5,,,2022.3479613618908,1501.1689270252182,2543.5269956985635
children_under_16,county,6,,,545.5387086070397,404.94799782073994,686.1294193933394
children_under_16,county,7,,,511.5453555647351,378.65444614427815,644.436264985192
children_under_16,county,8,,,1022.3112228761428,753.464494876961,1291.1579508753246
children_under_16,county,9,,,147.93602109180523,104.186849707988,191.68519247562244
children_under_16,county,10,,,1188.7367077626784,882.3875229195845,1495.0858926057722
children_under_16,county,11,,,423.86682649126976,298.51654128538695,549.2171116971525
children_under_16,county,12,,,686.1993874986331,509.3590311545564,863.0397438427098
children_under_16,county,13,,,906.3808645740174,665.9433737685287,1146.818355379506
children_under_16,county,14,,,421.20311095684445,311.7816024691239,530.624619444565
children_under_16,county,15,,,890.8073971012803,661.2375367847792,1120.3772574177815
children_under_16,county,16,,,435.55031004081457,323.3046953745611,547.795924707068
children_under_16,nation,0,,,14992.823614986546,14177.833508624144,15807.813721348948
children_under_16,state,0,,,3558.401197526072,3182.2367450039937,3934.56565004815
children_under_16,state,1,,,2507.6720984010803,2279.3081819944355,2736.036014807725
children_under_16,state,2,,,944.4335202381012,785.6615110583707,1103.2055294178317
children_under_16,state,3,,,1439.2154097404464,1295.5543504735947,1582.876469007298
children_under_16,state,4,,,773.9209167085078,683.2495114738008,864.5923219432148
children_under_16,state,5,,,5769.180472372337,5278.967084401999,6259.393860342675
elders_65_plus,county,0,,,1023.1060784272931,751.7046533315479,1294.5075035230384
elders_65_plus,county,1,,,673.1864521578318,498.30389509107306,848.0690092245906
elders_65_plus,county,2,,,131.53764358215057,92.63797012853118,170.43731703576995
elders_65_plus,county,3,,,215.88585383557933,159.11233504184415,272.6593726293145
elders_65_plus,county,4,,,308.55113895435534,225.23067106058622,391.87160684812443
elders_65_plus,county,5,,,753.4309790325377,559.2643778374209,947.5975802276546
elders_65_plus,county,6,,,220.16338462053682,163.42510694276595,276.9016622983077
elders_65_plus,county,7,,,196.18668737159686,145.22067425587602,247.1527004873177
elders_65_plus,county,8,,,399.6626382826711,294.55962248722153,504.76565407812063
elders_65_plus,county,9,,,43.30370354700743,30.497484114781628,56.10992297923323
elders_65_plus,county,10,,,482.1053642498508,357.86205252071534,606.3486759789863
elders_65_plus,county,11,,,135.80322405715228,95.64208899414905,175.9643591201555
elders_65_plus,county,12,,,278.9653934964796,207.07325763577643,350.8575293571827
elders_65_plus,county,13,,,416.8140492091183,306.2449407456288,527.3831576726078
elders_65_plus,county,14,,,138.1298265467269,102.2460127886689,174.01364030478487
elders_65_plus,county,15,,,341.8062590692853,253.7194117831259,429.89310635544473
elders_65_plus,county,16,,,184.06203452127687,136.62743115794586,231.49663788460788
elders_65_plus,nation,0,,,5942.70071096145,5614.47099028005,6270.93043164285
elders_65_plus,state,0,,,1439.9201276364115,1287.7037988917932,1592.1364563810298
elders_65_plus,state,1,,,1007.5029660761555,915.7536008895501,1099.252331262761
elders_65_plus,state,2,,,310.6445711863103,258.42103014173597,362.86811223088466
elders_65_plus,state,3,,,615.5484921182504,554.1050502197446,676.9919340167561
elders_65_plus,state,4,,,308.55113895435534,272.4017537242131,344.70052418449757
elders_65_plus,state,5,,,2260.5334149899672,2068.453491456788,2452.6133385231465
households,county,0,,,4193.021164471752,3054.046289177059,5331.996039766445
households,county,1,,,2970.5329257703347,2192.475283165449,3748.5905683752203
households,county,2,,,603.9759865932492,431.7126522331855,776.2393209533129
households,county,3,,,1094.6203510383323,808.2832602394993,1380.9574418371653
households,county,4,,,1605.1720070273693,1159.124242536182,2051.2197715185566
households,county,5,,,3565.3414335857287,2614.08009296033,4516.602774211127
households,county,6,,,1170.52544513904,858.2199829776608,1482.8309073004189
households,county,7,,,1055.1881483551872,778.8077062831824,1331.568590427192
households,county,8,,,1948.7148413704176,1438.9587986061674,2458.470884134668
households,county,9,,,242.12177026052777,173.06487993364667,311.1786605874089
households,county,10,,,2425.8377388279478,1778.6050115947642,3073.0704660611314
households,county,11,,,755.5812730023475,540.0777557158859,971.0847902888091
households,county,12,,,1588.2775897505924,1164.5125457974473,2012.0426337037375
households,county,13,,,1797.892990713024,1309.5207968778063,2286.2651845482415
households,county,14,,,1040.6320798421118,768.0642399650285,1313.1999197191951
households,county,15,,,1806.0273262265832,1324.1649274760164,2287.88972497715
households,county,16,,,981.5775985516877,719.6849187846726,1243.4702783187029
households,nation,0,,,28845.040670526236,27130.318069512152,30559.76327154032
households,state,0,,,5990.914155184776,5267.234065913109,6714.594244456443
households,state,1,,,5066.353153967633,4574.876397833074,5557.829910102192
households,state,2,,,1601.6790298561245,1363.283728770194,1840.074330942055
households,state,3,,,3043.33519240875,2750.9086808011475,3335.7617040163527
households,state,4,,,1605.1720070273693,1389.6727398399155,1820.6712742148231
households,state,5,,,11537.58713208158,10274.120162483481,12801.05410167968
low_income_household_share,county,0,,,0.29481470230645307,0.14163103838733182,0.4479983662255743
low_income_household_share,county,1,,,0.36222386741097007,0.17260016567731218,0.551847569144628
low_income_household_share,county,2,,,0.379262248904533,0.0,0.7840559000182715
low_income_household_share,county,3,,,0.3446241026781993,0.13346674148063614,0.5557814638757625
low_income_household_share,county,4,,,0.260749328984688,0.0,0.5569397313915196
low_income_household_share,county,5,,,0.35936907107648364,0.23627256294014207,0.4824655792128252
low_income_household_share,county,6,,,0.37733697927607995,0.25344739036007086,0.5012265681920891
low_income_household_share,county,7,,,0.3835204989102073,0.1918741983582107,0.5751667994622038
low_income_household_share,county,8,,,0.3195875752041047,0.1113500464833061,0.5278251039249033
low_income_household_share,county,9,,,0.41231534106404477,0.0,0.8316154191545283
low_income_household_share,county,10,,,0.37268370822766267,0.24900276419622597,0.49636465225909937
low_income_household_share,county,11,,,0.463787085255517,0.02140194132066442,0.9061722291903695
low_income_household_share,county,12,,,0.36768799125293455,0.24422852224770678,0.49114746025816236
low_income_household_share,county,13,,,0.3067218649737645,0.15236313111087357,0.4610805988366555
low_income_household_share,county,14,,,0.39743997083620697,0.20442660046655248,0.5904533412058615
low_income_household_share,county,15,,,0.3425805987920688,0.22019409659198674,0.4649671009921509
low_income_household_share,county,16,,,0.40764996403747894,0.28234655324470176,0.5329533748302562
low_income_household_share,nation,0,,,0.34490534076929585,0.2528941177120557,0.436916563826536
low_income_household_share,state,0,,,0.29804238171699354,0.17690900917572222,0.41917575425826487
low_income_household_share,state,1,,,0.37259317799149505,0.21311785550408185,0.5320685004789083
low_income_household_share,state,2,,,0.422324101382362,0.013611996526117942,0.8310362062386061
low_income_household_share,state,3,,,0.32773442128031505,0.14923864792387084,0.5062301946367592
low_income_household_share,state,4,,,0.260749328984688,0.0,0.5339230533007189
low_income_household_share,state,5,,,0.3659311680413347,0.2777614132930052,0.4541009227896642
mean_income_adults,county,0,,,45488.72974116608,27265.946717953113,63711.51276437904
mean_income_adults,county,1,,,36840.2889194231,17346.56935179467,56334.008487051535
mean_income_adults,county,2,,,51613.95127264479,2583.9829500492197,100643.91959524035
mean_income_adults,county,3,,,49539.318630567046,23758.779719347276,75319.85754178681
mean_income_adults,county,4,,,46209.64304199364,18676.116605920746,73743.16947806653
mean_income_adults,county,5,,,42222.64515526098,24197.489227203245,60247.801083318715
mean_income_adults,county,6,,,36192.59436832554,19990.243154032716,52394.94558261836
mean_income_adults,county,7,,,40266.059609897384,19441.065941740722,61091.053278054045
mean_income_adults,county,8,,,44983.88114724249,20907.732519687554,69060.02977479744
mean_income_adults,county,9,,,39855.319902422525,0.0,83392.85813604802
mean_income_adults,county,10,,,48076.57894017806,27571.08232597604,68582.07555438008
mean_income_adults,county,11,,,43466.68444429799,0.0,88691.08287853045
mean_income_adults,county,12,,,39771.18863280916,22487.07563500274,57055.30163061558
mean_income_adults,county,13,,,49651.887768093475,30035.77392729673,69268.00160889022
mean_income_adults,county,14,,,51255.42947929178,27434.666499791783,75076.19245879177
mean_income_adults,county,15,,,53609.01046424327,32127.876243979677,75090.14468450687
mean_income_adults,county,16,,,45476.19417429707,26467.533347538767,64484.855001055366
mean_income_adults,nation,0,,,44674.928162644,29247.67246054946,60102.18386473854
mean_income_adults,state,0,,,46617.23867497187,30619.11042846995,62615.36692147379
mean_income_adults,state,1,,,40007.25249901259,21591.108420675853,58423.396577349326
mean_income_adults,state,2,,,46229.14666580256,1097.8132775882914,91360.48005401684
mean_income_adults,state,3,,,46466.21323282603,23854.722367901377,69077.70409775068
mean_income_adults,state,4,,,46209.64304199364,20597.562316190008,71821.72376779726
mean_income_adults,state,5,,,44620.83566719162,28042.823539580997,61198.84779480224
median_household_income,county,0,,,45786.0640466044,26557.415266594853,65014.71282661395
median_household_income,county,1,,,42958.7139515093,15384.637986638765,70532.78991637984
median_household_income,county,2,,,41267.42551811135,0.0,95348.43488176592
median_household_income,county,3,,,52622.75486337936,29767.161465602643,75478.34826115609
median_household_income,county,4,,,37515.88915553292,25625.860012062396,49405.91829900344
median_household_income,county,5,,,43086.75348598443,25347.399334198875,60826.10763776999
median_household_income,county,6,,,38469.62080465295,22137.070585885718,54802.17102342018
median_household_income,county,7,,,38979.465701625166,12815.056172247801,65143.87523100253
median_household_income,county,8,,,55345.75951356307,31692.777689255337,78998.7413378708
median_household_income,county,9,,,33936.60081003243,0.0,81994.25418454324
median_household_income,county,10,,,42489.773659178136,24932.314554870733,60047.23276348554
median_household_income,county,11,,,29695.323611033287,0.0,74268.14090836213
median_household_income,county,12,,,38410.85949551453,22096.213384450217,54725.505606578845
median_household_income,county,13,,,44399.46593036752,25650.355105126775,63148.57675560827
median_household_income,county,14,,,45232.40086293639,16852.86117160641,73611.94055426636
median_household_income,county,15,,,56097.321079732545,34393.74953915682,77800.89262030827
median_household_income,county,16,,,36309.776997781366,20635.314161795603,51984.23983376713
median_household_income,nation,0,,,43526.93731130057,27429.33876822787,59624.53585437327
median_household_income,state,0,,,45650.74513392139,28369.249492112453,62932.24077573032
median_household_income,state,1,,,42591.15259338475,16872.628259433728,68309.67692733578
median_household_income,state,2,,,33907.24652612267,0.0,81376.71815706145
median_household_income,state,3,,,54391.33242250514,33768.447297318184,75014.2175476921
median_household_income,state,4,,,37515.88915553292,27412.69582282642,47619.082488239415
median_household_income,state,5,,,42493.75636557815,26984.208130706123,58003.304600450174
persons,county,0,,,9164.647743031519,6733.523043056414,11595.772443006623
persons,county,1,,,6179.219113033833,4573.961556677388,7784.476669390278
persons,county,2,,,1388.370559161002,977.7872469378949,1798.9538713841089
persons,county,3,,,1829.5840744844706,1348.4412668757213,2310.72688209322
persons,county,4,,,3039.2022782958393,2218.5028094506474,3859.901747141031
persons,county,5,,,8000.368606675817,5938.594636801305,10062.14257655033
persons,county,6,,,2341.6068254301294,1738.151630087783,2945.062020772476
persons,county,7,,,2013.038150240685,1490.0845791184747,2535.991721362895
persons,county,8,,,3793.012881257189,2795.5288670292734,4790.496895485104
persons,county,9,,,496.1024508614262,349.3898991347624,642.81500258809
persons,county,10,,,4995.228367183589,3707.9087038815787,6282.5480304856
persons,county,11,,,1561.662299202655,1099.8313599409826,2023.4932384643275
persons,county,12,,,2926.092816964398,2172.0098115363903,3680.1758223924057
persons,county,13,,,3408.099762386534,2504.026224086362,4312.173300686706
persons,county,14,,,1693.4631564664423,1253.5298123655712,2133.3965005673135
persons,county,15,,,3815.2283465389337,2832.006337560805,4798.450355517062
persons,county,16,,,1821.9105546555556,1352.3862187525822,2291.434890558529
persons,nation,0,,,58466.837985870014,55268.91123205778,61664.76473968225
persons,state,0,,,12572.747505418054,11243.661654906884,13901.833355929224
persons,state,1,,,9885.720419740961,8985.466422022271,10785.97441745965
persons,state,2,,,3446.1353092250833,2866.793497201156,4025.477121249011
persons,state,3,,,5622.59695574166,5061.354886607551,6183.83902487577
persons,state,4,,,3039.2022782958393,2683.1339314967863,3395.2706250948922
persons,state,5,,,23900.435517448426,21869.590144334776,25931.280890562077
tertiary_share_25_plus,county,0,,,0.426375823507014,0.4028986836891171,0.44985296332491087
tertiary_share_25_plus,county,1,,,0.40953391318137033,0.3848022146708504,0.43426561169189026
tertiary_share_25_plus,county,2,,,0.3574717394555703,0.32095530447311016,0.39398817443803047
tertiary_share_25_plus,county,3,,,0.3626007962150864,0.3302891948090218,0.394912397621151
tertiary_share_25_plus,county,4,,,0.3866816439279585,0.35824631400833423,0.4151169738475828
tertiary_share_25_plus,county,5,,,0.39984194219113584,0.37544559872259364,0.424238285659678
tertiary_share_25_plus,county,6,,,0.4002838393368548,0.36780786155092005,0.43275981712278955
tertiary_share_25_plus,county,7,,,0.38848019226497266,0.35635609590106176,0.42060428862888355
tertiary_share_25_plus,county,8,,,0.38807808756834716,0.36058290120710684,0.4155732739295875
tertiary_share_25_plus,county,9,,,0.4058003568207715,0.34794191456633766,0.4636587990752053
tertiary_share_25_plus,county,10,,,0.39945261103418944,0.37268071569564515,0.42622450637273374
tertiary_share_25_plus,county,11,,,0.3675038804071987,0.3326645838851648,0.40234317692923266
tertiary_share_25_plus,county,12,,,0.3551408229225949,0.32555936941307484,0.384722276432115
tertiary_share_25_plus,county,13,,,0.4034358424605159,0.3750043584734538,0.43186732644757797
tertiary_share_25_plus,county,14,,,0.3737762832633842,0.3399496459120762,0.40760292061469217
tertiary_share_25_plus,county,15,,,0.397470548374063,0.3692244474503693,0.42571664929775666
tertiary_share_25_plus,county,16,,,0.4058671027598293,0.3704535127183827,0.44128069280127585
tertiary_share_25_plus,nation,0,,,0.39788086907559744,0.37728070290656995,0.41848103524462493
tertiary_share_25_plus,state,0,,,0.4201574735465117,0.3975659722867107,0.44274897480631265
tertiary_share_25_plus,state,1,,,0.3991213010633556,0.37608127234384375,0.4221613297828674
tertiary_share_25_plus,state,2,,,0.3689752813275172,0.34105551099899906,0.3968950516560354
tertiary_share_25_plus,state,3,,,0.37978781762941316,0.3546961634564038,0.4048794718024225
tertiary_share_25_plus,state,4,,,0.3866816439279585,0.35824631400833423,0.4151169738475828
tertiary_share_25_plus,state,5,,,0.3944119249074691,0.37286640894710865,0.4159574408678296
person_years_exposure,county,0,male,0-17,6849.625844673612,6062.09327429276,7444.197552048985
person_years_exposure,county,0,male,18-44,7105.892813926299,6292.288748103616,7729.255112432791
person_years_exposure,county,0,male,45-64,6835.338941707195,6037.081430007739,7432.683346409544
person_years_exposure,county,0,male,65-74,1962.0748743512231,1658.9240030901508,2188.446599243657
person_years_exposure,county,0,male,75-84,693.8081062046863,521.4817892412821,826.3754230654438
person_years_exposure,county,0,male,85+,94.5181187371498,54.72389632653513,130.30021120572889
person_years_exposure,county,0,male,18-64,13941.231755633493,12324.695501298014,15141.292585128078
person_years_exposure,county,0,male,65+,2750.4010992930594,2257.397366413449,3128.8217362191044
mortality_rate,county,0,male,0-17,0.0012827884753125061,0.00029113332264526815,0.002881392480902032
mortality_rate,county,0,male,18-44,0.0013319023684401107,0.00028592025687117375,0.002958419354249483
mortality_rate,county,0,male,45-64,0.010275399719418725,0.003627292673346601,0.021669991645562058
mortality_rate,county,0,male,65-74,0.040151263433460566,0.01429499946467301,0.0861425802643965
mortality_rate,county,0,male,75-84,0.08906087164339949,0.03303981854790199,0.2066587974019954
mortality_rate,county,0,male,85+,0.15884818017131214,0.05528622687414262,0.39583879983091386
qualifying_event_rate,county,0,male,0-17,0.02377724536613147,0.01730165989027076,0.032123177961139275
qualifying_event_rate,county,0,male,18-44,0.03166173050630869,0.023226267429458932,0.042618311382127766
qualifying_event_rate,county,0,male,45-64,0.04191195554721799,0.030794963652779988,0.0558533663248216
qualifying_event_rate,county,0,male,65-74,0.05862013287427748,0.042827902333182524,0.07869023106407294
qualifying_event_rate,county,0,male,75-84,0.05259705053230553,0.03411934609983909,0.07566627754378435
qualifying_event_rate,county,0,male,85+,0.0338734861546807,0.007676591519979137,0.06936184100263357
person_years_exposure,county,0,female,0-17,7031.142015812457,6220.975944249656,7644.221394109908
person_years_exposure,county,0,female,18-44,6734.044743783747,5965.060512931723,7314.325595729332
person_years_exposure,county,0,female,45-64,6882.360144900712,6065.8246390723625,7494.724317420022
person_years_exposure,county,0,female,65-74,2012.0146739702498,1692.14758915068,2263.5475973697853
person_years_exposure,county,0,female,75-84,535.3838581096167,374.03094236765776,659.9869748282653
person_years_exposure,county,0,female,85+,72.36448170970651,39.81495365879461,101.22036206114882
person_years_exposure,county,0,female,18-64,13616.40488868446,12045.019842885637,14790.884234342764
person_years_exposure,county,0,female,65+,2619.763013789573,2128.6247947692127,2998.365590055335
mortality_rate,county,0,female,0-17,0.0010868916922121003,0.00025862023693355463,0.0024223969907731895
mortality_rate,county,0,female,18-44,0.0017028097245099382,0.0004355367184958369,0.003742368818740924
mortality_rate,county,0,female,45-64,0.008947736194011452,0.003130947974445886,0.01885217193099287
mortality_rate,county,0,female,65-74,0.04682684963118868,0.016931987274262005,0.10214765999707294
mortality_rate,county,0,female,75-84,0.11603344599455799,0.042851026652308125,0.27617574985815385
mortality_rate,county,0,female,85+,0.14616861607907947,0.04515600818303677,0.3927165054296794
qualifying_event_rate,county,0,female,0-17,0.023614876560285766,0.017119562604749693,0.032553305151377505
qualifying_event_rate,county,0,female,18-44,0.032852974230936374,0.02424721612419521,0.04365659034535449
qualifying_event_rate,county,0,female,45-64,0.04150960949681185,0.030858857338816395,0.05511734356096209
qualifying_event_rate,county,0,female,65-74,0.05658779243658911,0.04147189252247522,0.0761082142827167
qualifying_event_rate,county,0,female,75-84,0.05047460600234211,0.03240937639597252,0.0745950006486273
qualifying_event_rate,county,0,female,85+,0.03563292427048234,0.0,0.07687184302295433
person_years_exposure,county,1,male,0-17,4664.243122553294,4265.610024963209,5064.6177976525805
person_years_exposure,county,1,male,18-44,5557.426837086671,5091.167436760258,6022.022879043646
person_years_exposure,county,1,male,45-64,4586.126686753921,4190.629217213173,4989.311588868462
person_years_exposure,county,1,male,65-74,1162.7469327029378,1003.6518659806666,1306.0048132648685
person_years_exposure,county,1,male,75-84,421.5373920527188,298.864123442839,517.8463539937976
person_years_exposure,county,1,male,85+,67.79854542223154,35.93217262765256,97.29711893771447
person_years_exposure,county,1,male,18-64,10143.553523840592,9285.307558578908,10997.73438963896
person_years_exposure,county,1,male,65+,1652.0828701778883,1355.7939662770016,1900.5934792338212
mortality_rate,county,1,male,0-17,0.00836787108449106,0.00271936240636792,0.017639737673098756
mortality_rate,county,1,male,18-44,0.0014196585342068006,0.00034177930292031693,0.0031654640398423987
mortality_rate,county,1,male,45-64,0.011026589405730784,0.003798319577023092,0.02290950794269445
mortality_rate,county,1,male,65-74,0.0498848170116557,0.018173453208416054,0.11125659562939971
mortality_rate,county,1,male,75-84,0.114516872639179,0.041274857362743264,0.2663919114610145
mortality_rate,county,1,male,85+,0.1642851191502678,0.05549331291558163,0.4313170010657409
qualifying_event_rate,county,1,male,0-17,0.017816102340525136,0.012461011271989056,0.02481363392226964
qualifying_event_rate,county,1,male,18-44,0.025248975839159866,0.01824816821905595,0.03432806240511056
qualifying_event_rate,county,1,male,45-64,0.03677999887403695,0.02685932763151393,0.049864851372114105
qualifying_event_rate,county,1,male,65-74,0.052600553991850985,0.03687914385860366,0.07184460643109798
qualifying_event_rate,county,1,male,75-84,0.05036976070452561,0.030553808999232206,0.07566772502825682
qualifying_event_rate,county,1,male,85+,0.032203927338201536,0.0,0.0767900447082401
person_years_exposure,county,1,female,0-17,4401.945804572037,4032.23586146884,4778.594594057063
person_years_exposure,county,1,female,18-44,5072.9103481773855,4646.354109474657,5508.086070795899
person_years_exposure,county,1,female,45-64,4491.302607679266,4099.515050669846,4892.821262956524
person_years_exposure,county,1,female,65-74,1278.9744667202174,1104.9615791595565,1433.752266584029
person_years_exposure,county,1,female,75-84,413.96900586110075,286.69407711637456,514.0486278650586
person_years_exposure,county,1,female,85+,42.01896375734412,19.557557302120884,63.517300263295816
person_years_exposure,county,1,female,18-64,9564.212955856652,8738.153685772304,10396.935785830381
person_years_exposure,county,1,female,65+,1734.9624363386622,1429.447438578617,2005.5673967942864
mortality_rate,county,1,female,0-17,0.0024293455964730284,0.0006369768615608492,0.005400703240230576
mortality_rate,county,1,female,18-44,0.0016724866827280515,0.00038738141943023844,0.0037296552539985606
mortality_rate,county,1,female,45-64,0.010048827291570687,0.003355616148772651,0.02134800821733754
mortality_rate,county,1,female,65-74,0.04926126978247365,0.01736129700636812,0.10849158724284465
mortality_rate,county,1,female,75-84,0.12376087858814432,0.044202221200322814,0.2902781171494439
mortality_rate,county,1,female,85+,0.13377565512561485,0.03345200923070388,0.3954919318296485
qualifying_event_rate,county,1,female,0-17,0.019810796988214693,0.013889830891390884,0.027183762164475135
qualifying_event_rate,county,1,female,18-44,0.026569014098765824,0.018969958859755342,0.03611811101816425
qualifying_event_rate,county,1,female,45-64,0.03120038512972917,0.022595252740334616,0.041954058015638875
qualifying_event_rate,county,1,female,65-74,0.050384835386120964,0.035854417826785646,0.06859630703256399
qualifying_event_rate,county,1,female,75-84,0.04828891382854304,0.028975675984527535,0.07295346399363045
qualifying_event_rate,county,1,female,85+,0.03591456920347383,0.0,0.09303370512387
person_years_exposure,county,2,male,0-17,900.0529317808252,748.439312643839,1065.8164796867825
person_years_exposure,county,2,male,18-44,1062.643501346768,884.1144288806792,1258.2971557545611
person_years_exposure,county,2,male,45-64,1040.0106806385202,860.2226010300319,1237.5996155850348
person_years_exposure,county,2,male,65-74,246.47684414584046,194.26277971568973,301.2579267757636
person_years_exposure,county,2,male,75-84,67.69880976558963,42.447989556433846,93.29040992468657
person_years_exposure,county,2,male,85+,33.016911466475776,2.7937050941411563,117.78295041116007
person_years_exposure,county,2,male,18-64,2102.6541819852882,1746.7949221856672,2489.730408317206
person_years_exposure,county,2,male,65+,347.1925653779059,249.1328252767615,477.5049722681073
mortality_rate,county,2,male,0-17,0.002404914983130233,0.0,0.006520659112090888
mortality_rate,county,2,male,18-44,0.0015871018223539146,0.0,0.004526932205607808
mortality_rate,county,2,male,45-64,0.012087195036027154,0.00322520999388031,0.027086252464837382
mortality_rate,county,2,male,65-74,0.04376887369852377,0.010496215259110254,0.10363212134353605
mortality_rate,county,2,male,75-84,0.132783623751963,0.03803640032239637,0.33633020805994907
mortality_rate,county,2,male,85+,0.10129232162614664,0.0,0.4146344945871206
qualifying_event_rate,county,2,male,0-17,0.022178600121888152,0.012978227660005143,0.03294045939682136
qualifying_event_rate,county,2,male,18-44,0.03278852695707877,0.02111994902926208,0.04601726837920217
qualifying_event_rate,county,2,male,45-64,0.03970896812623076,0.02626221826973419,0.055888586927234606
qualifying_event_rate,county,2,male,65-74,0.05093230900454456,0.026979749524596353,0.0787212272535609
qualifying_event_rate,county,2,male,75-84,0.05633323042219093,0.015096805625884158,0.10827141069911976
qualifying_event_rate,county,2,male,85+,0.022590079144980305,0.0,0.1047128389349774
person_years_exposure,county,2,female,0-17,934.6836363745731,776.9647548521957,1107.0240944691468
person_years_exposure,county,2,female,18-44,1044.7521118209197,875.3803684853725,1232.774292478543
person_years_exposure,county,2,female,45-64,953.0446683354398,794.0151462102551,1127.3499594253874
person_years_exposure,county,2,female,65-74,290.986356664141,227.365118970653,356.63342020005797
person_years_exposure,county,2,female,75-84,64.2919761120963,39.65339183106055,90.39124337793636
person_years_exposure,county,2,female,85+,8.924254747723447,3.638228456142672,15.929305425587058
person_years_exposure,county,2,female,18-64,1997.7967801563595,1670.8004829501879,2359.319547017576
person_years_exposure,county,2,female,65+,364.20258752396074,275.42007659105826,453.4448593107698
mortality_rate,county,2,female,0-17,0.0027269420644682827,0.0,0.00724636390511964
mortality_rate,county,2,female,18-44,0.0029100293610872193,0.0,0.0075040582483381895
mortality_rate,county,2,female,45-64,0.011338957784277324,0.0029066997960505046,0.024976584197827962
mortality_rate,county,2,female,65-74,0.05211783163375784,0.01469628857220256,0.1208919357422386
mortality_rate,county,2,female,75-84,0.10333308517880456,0.024651089364498793,0.26198062111073117
mortality_rate,county,2,female,85+,0.11787683344591675,0.0,0.43614519046842093
qualifying_event_rate,county,2,female,0-17,0.02559981188843963,0.0155770358128346,0.03706029588751779
qualifying_event_rate,county,2,female,18-44,0.03121977328455492,0.020231301101513416,0.0450253423055967
qualifying_event_rate,county,2,female,45-64,0.04566614091898417,0.03050779735248238,0.06430231061054745
qualifying_event_rate,county,2,female,65-74,0.058241420765333264,0.03356265954487395,0.08726061355440722
qualifying_event_rate,county,2,female,75-84,0.05130244971075886,0.012763893252083151,0.10372740943611179
qualifying_event_rate,county,2,female,85+,0.028902211358862406,0.0,0.1289366992209135
person_years_exposure,county,3,male,0-17,1126.2020919892602,1000.0639745031882,1251.603697610761
person_years_exposure,county,3,male,18-44,1344.1610221783687,1203.1550061099342,1485.8398505458674
person_years_exposure,county,3,male,45-64,1621.5192015366217,1447.9100649605605,1795.0278390740873
person_years_exposure,county,3,male,65-74,393.68432260540595,331.01310783187915,449.9517940150484
person_years_exposure,county,3,male,75-84,114.80987524613458,79.07672600867001,144.87139793986256
person_years_exposure,county,3,male,85+,14.640544355172988,5.193095035803557,23.479823075828985
person_years_exposure,county,3,male,18-64,2965.6802237149905,2652.816401831993,3277.9160353573743
person_years_exposure,county,3,male,65+,523.1347422067136,422.1838766885461,611.1266027790089
mortality_rate,county,3,male,0-17,0.0096103907677728,0.00248631608372883,0.021493115613553337
mortality_rate,county,3,male,18-44,0.0015220633493401641,0.0,0.004103926121935264
mortality_rate,county,3,male,45-64,0.010788433665893231,0.0030973348042885804,0.023678508473978246
mortality_rate,county,3,male,65-74,0.04676033292946937,0.014159671781464931,0.1046529832031704
mortality_rate,county,3,male,75-84,0.11415268722736259,0.034059447607890356,0.27805734630216156
mortality_rate,county,3,male,85+,0.12309449711175363,0.0,0.5056432848164069
qualifying_event_rate,county,3,male,0-17,0.029841811159209333,0.018800920962051052,0.04316583220508365
qualifying_event_rate,county,3,male,18-44,0.04452873906469316,0.030112669643651304,0.061395598750788496
qualifying_event_rate,county,3,male,45-64,0.048088282978614436,0.03463514750796154,0.0661366210220424
qualifying_event_rate,county,3,male,65-74,0.07548819147243889,0.0490694833745289,0.10595827475625404
qualifying_event_rate,county,3,male,75-84,0.06292405708379176,0.026545282765929285,0.11076279865506412
qualifying_event_rate,county,3,male,85+,0.03535032921852868,0.0,0.13726407978229282
person_years_exposure,county,3,female,0-17,1116.3954402872935,993.6244508839031,1236.8617588269437
person_years_exposure,county,3,female,18-44,1339.9451107587265,1204.9296900693432,1480.8201714928048
person_years_exposure,county,3,female,45-64,1517.1240025068569,1356.1352712461726,1680.0327003774978
person_years_exposure,county,3,female,65-74,405.9359381925894,343.38805795147505,465.9692785550374
person_years_exposure,county,3,female,75-84,171.40585765176357,123.695653732061,212.97747876816084
person_years_exposure,county,3,female,85+,7.331166039895413,2.62645747343288,11.286088358666209
person_years_exposure,county,3,female,18-64,2857.0691132655834,2553.8919840894705,3158.8543332288564
person_years_exposure,county,3,female,65+,584.6729618842484,476.58730068253,681.9857018841828
mortality_rate,county,3,female,0-17,0.0015885388241496429,0.0,0.0044999448483652995
mortality_rate,county,3,female,18-44,0.0021733049746724743,0.0,0.005505877763516498
mortality_rate,county,3,female,45-64,0.009427209687617713,0.0025517634049199763,0.020773714057020855
mortality_rate,county,3,female,65-74,0.045842164756555906,0.013777546701531838,0.10518148124752046
mortality_rate,county,3,female,75-84,0.10092116341721151,0.03291757918115439,0.24370790159165312
mortality_rate,county,3,female,85+,0.12629572706921466,0.0,0.5866608558374308
qualifying_event_rate,county,3,female,0-17,0.030149735221493695,0.018910291207771254,0.04289567837357053
qualifying_event_rate,county,3,female,18-44,0.044172516178443914,0.03045030613241176,0.06107180358378569
qualifying_event_rate,county,3,female,45-64,0.05896356059477546,0.04294575239848229,0.07940293471586583
qualifying_event_rate,county,3,female,65-74,0.06539130011479492,0.04150598300665046,0.0942477879718775
qualifying_event_rate,county,3,female,75-84,0.06533825160562613,0.03438749708902067,0.10301775471702063
qualifying_event_rate,county,3,female,85+,0.041972777582448585,0.0,0.193561346703838
person_years_exposure,county,4,male,0-17,2116.705132439665,1859.5863079011967,2352.3693007049505
person_years_exposure,county,4,male,18-44,2452.9308550575192,2154.533306130786,2720.615954329713
person_years_exposure,county,4,male,45-64,2237.343790097174,1959.814854936151,2494.001150456899
person_years_exposure,county,4,male,65-74,559.1327816556237,463.8815007040501,645.8890010386791
person_years_exposure,county,4,male,75-84,186.1005703728285,117.6883670006701,250.88669091553484
person_years_exposure,county,4,male,85+,4.669866369505911,0.5775936469866535,9.242858862684903
person_years_exposure,county,4,male,18-64,4690.274645154694,4125.733512443328,5210.972537414185
person_years_exposure,county,4,male,65+,749.9032183979582,590.1490042532419,898.2286527562161
mortality_rate,county,4,male,0-17,0.003921788351163561,0.0008932566319275716,0.008763749581809012
mortality_rate,county,4,male,18-44,0.0014835967140071156,0.0,0.0036416119210612285
mortality_rate,county,4,male,45-64,0.011853568472527033,0.0038866439659435126,0.025224686093701296
mortality_rate,county,4,male,65-74,0.046432690557545765,0.014792894965822999,0.10574670696936139
mortality_rate,county,4,male,75-84,0.12536606001548578,0.04429619808479501,0.31113825404629575
mortality_rate,county,4,male,85+,0.014779308778860219,0.0,0.15209805714070032
qualifying_event_rate,county,4,male,0-17,0.03890900317505494,0.027307450504721616,0.05285670941646955
qualifying_event_rate,county,4,male,18-44,0.053362034317016784,0.039334170267619636,0.07117986088270077
qualifying_event_rate,county,4,male,45-64,0.06342948940027957,0.047345848735978344,0.08442593510041059
qualifying_event_rate,county,4,male,65-74,0.09968217316321361,0.07223941710932501,0.13228015930224354
qualifying_event_rate,county,4,male,75-84,0.07825666348388252,0.04549014737099283,0.12077825369272589
qualifying_event_rate,county,4,male,85+,0.036731454134722126,0.0,0.21922824632552507
person_years_exposure,county,4,female,0-17,1895.280755506102,1667.9491927991892,2103.7055952895294
person_years_exposure,county,4,female,18-44,2131.326602941106,1872.0043996583836,2365.6993266963887
person_years_exposure,county,4,female,45-64,2439.7986572778914,2140.9624773065016,2715.4755659467464
person_years_exposure,county,4,female,65-74,619.5388153277094,513.086336669115,719.7733841399479
person_years_exposure,county,4,female,75-84,158.24056377155446,109.12409185297773,204.77851219349648
person_years_exposure,county,4,female,85+,13.2933282941136,4.672956963735214,20.23446167553782
person_years_exposure,county,4,female,18-64,4571.125260218998,4015.3315607230047,5073.527065976909
person_years_exposure,county,4,female,65+,791.0727073933774,636.927048104847,937.5796698063829
mortality_rate,county,4,female,0-17,0.0010472660979032504,0.0,0.0028457640947949026
mortality_rate,county,4,female,18-44,0.002687540865790188,0.000452865487865434,0.006252270919692576
mortality_rate,county,4,female,45-64,0.009440216098896167,0.0029865988065679127,0.02063819845939099
mortality_rate,county,4,female,65-74,0.045753656472493125,0.015069219892858749,0.10370261015240066
mortality_rate,county,4,female,75-84,0.116259447712512,0.03758296627736583,0.279467423519005
mortality_rate,county,4,female,85+,0.01738791874280355,0.0,0.1255369164521208
qualifying_event_rate,county,4,female,0-17,0.04298402579054611,0.03066630684408776,0.0579770430598442
qualifying_event_rate,county,4,female,18-44,0.05559306787511293,0.04125453368039025,0.07429668266966266
qualifying_event_rate,county,4,female,45-64,0.07461933459167977,0.057286020005082594,0.0970111458070261
qualifying_event_rate,county,4,female,65-74,0.0775425260552759,0.05397735221425233,0.10497375197290867
qualifying_event_rate,county,4,female,75-84,0.07864387857158037,0.04331649018589987,0.12210678347838783
qualifying_event_rate,county,4,female,85+,0.04373987350869743,0.0,0.14931642151347474
person_years_exposure,county,5,male,0-17,6055.147220180118,5541.8947858204765,6526.0233063152
person_years_exposure,county,5,male,18-44,5822.672271610909,5323.816844505467,6270.208399914397
person_years_exposure,county,5,male,45-64,5666.388654566931,5168.819802949537,6113.45268140525
person_years_exposure,county,5,male,65-74,1462.6632881076423,1242.24514956454,1635.4213093949884
person_years_exposure,county,5,male,75-84,411.2123245071503,286.8179895160627,505.1417558616056
person_years_exposure,county,5,male,85+,60.56359685022635,33.03348539358033,84.60298633084722
person_years_exposure,county,5,male,18-64,11489.06092617784,10499.03753442407,12364.850943871283
person_years_exposure,county,5,male,65+,1934.4392094650188,1577.3346859414826,2210.80412559642
mortality_rate,county,5,male,0-17,0.0017300299326476806,0.0003506461012769867,0.00382698447934704
mortality_rate,county,5,male,18-44,0.0014676935329447419,0.00033430618440513643,0.0033843924642218554
mortality_rate,county,5,male,45-64,0.01154448297347679,0.003920093495525339,0.024364728154252287
mortality_rate,county,5,male,65-74,0.05121378538243762,0.018631081773857666,0.11394802191385682
mortality_rate,county,5,male,75-84,0.11798935054697583,0.04183612456664966,0.2771056107968837
mortality_rate,county,5,male,85+,0.14530079475804528,0.041296647290693204,0.38724815865084744
qualifying_event_rate,county,5,male,0-17,0.012676860052292283,0.008669709925295546,0.01743906197728892
qualifying_event_rate,county,5,male,18-44,0.01943020951721875,0.01388002529205409,0.02646892739285293
qualifying_event_rate,county,5,male,45-64,0.024637640271989038,0.017779029793359394,0.03361485120465464
qualifying_event_rate,county,5,male,65-74,0.03539335068324363,0.02427621531415707,0.04957831881928294
qualifying_event_rate,county,5,male,75-84,0.03504836122461721,0.019700024251526987,0.05486779581006788
qualifying_event_rate,county,5,male,85+,0.02394501971254073,0.0,0.062432559826891165
person_years_exposure,county,5,female,0-17,5572.990010396607,5098.357740061202,6023.126931252422
person_years_exposure,county,5,female,18-44,5973.445800520362,5462.136999066892,6456.780802400025
person_years_exposure,county,5,female,45-64,5607.992721631859,5097.083094814154,6056.228444311125
person_years_exposure,county,5,female,65-74,1501.2170305228183,1272.880737529027,1679.4793325011192
person_years_exposure,county,5,female,75-84,506.68974919293134,353.6568065251477,619.1899532268656
person_years_exposure,county,5,female,85+,42.68490106897532,23.06952630162223,61.56660329649195
person_years_exposure,county,5,female,18-64,11581.43852215222,10581.495055580228,12487.15241390905
person_years_exposure,county,5,female,65+,2050.5916807847248,1668.9770253627287,2351.398688831827
mortality_rate,county,5,female,0-17,0.0018623586675443143,0.0004286719196910898,0.004074877909439137
mortality_rate,county,5,female,18-44,0.002105836728510067,0.0005591497954189167,0.004560436517702081
mortality_rate,county,5,female,45-64,0.011534266401905689,0.003925798615986037,0.024534068023983606
mortality_rate,county,5,female,65-74,0.053009144959569966,0.018922672578819848,0.11669640768738417
mortality_rate,county,5,female,75-84,0.11726038593568601,0.042973647068567745,0.27882410074920355
mortality_rate,county,5,female,85+,0.15490970774061835,0.046164288544917255,0.39551547975818285
qualifying_event_rate,county,5,female,0-17,0.013767312970796045,0.00958240699302533,0.019000645030832986
qualifying_event_rate,county,5,female,18-44,0.01796565970714949,0.012800834306038114,0.024479301864491522
qualifying_event_rate,county,5,female,45-64,0.02408697666862225,0.01734148021634056,0.03300830171176126
qualifying_event_rate,county,5,female,65-74,0.035118641777358024,0.023718229804778005,0.04936282007112998
qualifying_event_rate,county,5,female,75-84,0.03743368324474482,0.022549324122518973,0.05690827910104795
qualifying_event_rate,county,5,female,85+,0.02517733732083082,0.0,0.0722198322869773
person_years_exposure,county,6,male,0-17,1532.9270241003892,1398.862306312092,1660.0771246482852
person_years_exposure,county,6,male,18-44,1846.849103161716,1685.0963632925584,1992.5849480495622
person_years_exposure,county,6,male,45-64,1719.411257851069,1566.355686615021,1855.1105354019487
person_years_exposure,county,6,male,65-74,425.2048756557162,358.99029475892365,477.8346896703706
person_years_exposure,county,6,male,75-84,153.60347234318317,106.52753538812034,191.10030609727428
person_years_exposure,county,6,male,85+,14.799907350509931,6.5740996846684,22.436445198326723
person_years_exposure,county,6,male,18-64,3566.260361012785,3258.861228855004,3838.5288038158315
person_years_exposure,county,6,male,65+,593.6082553494092,480.6781239927494,683.4113621248288
mortality_rate,county,6,male,0-17,0.0016878835737587955,0.0,0.00416215440450358
mortality_rate,county,6,male,18-44,0.001466814137853683,0.0,0.003808320220928955
mortality_rate,county,6,male,45-64,0.01130758143156467,0.0034604392627887908,0.024612314826617986
mortality_rate,county,6,male,65-74,0.05361776198578108,0.01697857510072685,0.12014549339572288
mortality_rate,county,6,male,75-84,0.11220795869036661,0.035613051331955206,0.27460841008261294
mortality_rate,county,6,male,85+,0.1456954490794808,0.0,0.46397198017187496
qualifying_event_rate,county,6,male,0-17,0.02363897030748471,0.015653914424263348,0.03385262370283833
qualifying_event_rate,county,6,male,18-44,0.03567342873698937,0.02506394127463014,0.048662914446037014
qualifying_event_rate,county,6,male,45-64,0.04484751845894869,0.03183738095197978,0.06133502585048018
qualifying_event_rate,county,6,male,65-74,0.06399828514629317,0.04047801454550559,0.09006356400241573
qualifying_event_rate,county,6,male,75-84,0.060640955205152086,0.029274611205214428,0.10025045521068034
qualifying_event_rate,county,6,male,85+,0.039760071632477204,0.0,0.13483870974075723
person_years_exposure,county,6,female,0-17,1627.8138707118737,1481.2875588512668,1762.160306824935
person_years_exposure,county,6,female,18-44,2028.9292517464005,1850.9744927814584,2196.9514708742263
person_years_exposure,county,6,female,45-64,1469.9577102952499,1337.1949521219656,1586.4531252290758
person_years_exposure,county,6,female,65-74,387.6522125117331,325.8831564533742,436.6443749646309
person_years_exposure,county,6,female,75-84,146.53422656674576,101.2757865054882,181.4985085413676
person_years_exposure,county,6,female,85+,12.317049517503303,5.549941657345219,18.7988358781756
person_years_exposure,county,6,female,18-64,3498.8869620416503,3194.3748010756335,3770.1806209128904
person_years_exposure,county,6,female,65+,546.5034885959822,440.5891767711673,631.0562337312762
mortality_rate,county,6,female,0-17,0.0018750584134138108,0.0,0.004714261387906042
mortality_rate,county,6,female,18-44,0.0020836305942462737,0.0,0.005050833527360338
mortality_rate,county,6,female,45-64,0.011857603561771205,0.003335847526747379,0.025662289069428915
mortality_rate,county,6,female,65-74,0.052468335206971514,0.01594231460860547,0.11791845342254123
mortality_rate,county,6,female,75-84,0.11764451944139795,0.03933468843450036,0.2874621780080073
mortality_rate,county,6,female,85+,0.14294719585139923,0.0,0.49163976920683217
qualifying_event_rate,county,6,female,0-17,0.025537509691953,0.016846802987988303,0.03536987232119546
qualifying_event_rate,county,6,female,18-44,0.032974167149358406,0.022961564588916485,0.04518999431022621
qualifying_event_rate,county,6,female,45-64,0.04414189489639611,0.03052972498888437,0.05991604336881405
qualifying_event_rate,county,6,female,65-74,0.0626316898594097,0.04053612997386123,0.09105061222849146
qualifying_event_rate,county,6,female,75-84,0.06508182941403202,0.03358773796133382,0.10686395829542641
qualifying_event_rate,county,6,female,85+,0.04229713202118993,0.0,0.15145069511331166
person_years_exposure,county,7,male,0-17,1534.0755890311955,1400.422894487376,1667.1431519687526
person_years_exposure,county,7,male,18-44,1774.2245836873021,1623.9628580166807,1922.8304026317226
person_years_exposure,county,7,male,45-64,1396.5546929830966,1271.3163110208893,1517.2970923611108
person_years_exposure,county,7,male,65-74,375.7681412936512,320.2951588566741,424.0758392398457
person_years_exposure,county,7,male,75-84,125.62228955442444,89.724097918599,156.10833806411978
person_years_exposure,county,7,male,85+,2.4134974158091924,0.08782684539566929,4.956432164254847
person_years_exposure,county,7,male,18-64,3170.7792766703988,2904.162268850762,3437.874321182051
person_years_exposure,county,7,male,65+,503.80392826388487,416.328118502527,578.6075346095801
mortality_rate,county,7,male,0-17,0.00843978335720504,0.0020327971845793347,0.018397251505591062
mortality_rate,county,7,male,18-44,0.001386499183991442,0.0,0.0035200182069293896
mortality_rate,county,7,male,45-64,0.011087553590131695,0.002876780508837241,0.024221274134587002
mortality_rate,county,7,male,65-74,0.04907037521893642,0.014995913257649617,0.11213294802523194
mortality_rate,county,7,male,75-84,0.10567405546895822,0.032882414642627394,0.25322768191855116
mortality_rate,county,7,male,85+,0.10357898986936885,0.0,0.7671596594168802
qualifying_event_rate,county,7,male,0-17,0.018976462654871188,0.011931088481493567,0.027765495169668506
qualifying_event_rate,county,7,male,18-44,0.02687766371698217,0.017986366642741385,0.037325970076089635
qualifying_event_rate,county,7,male,45-64,0.03894531432621567,0.02664099926369636,0.053903913875701474
qualifying_event_rate,county,7,male,65-74,0.05556571638651034,0.03386386723388149,0.08186245010967204
qualifying_event_rate,county,7,male,75-84,0.0519122284589434,0.022045732831955437,0.08928148963038347
qualifying_event_rate,county,7,male,85+,0.02783893568436424,0.0,0.24036763533518085
person_years_exposure,county,7,female,0-17,1420.596612979816,1297.7245441126222,1543.3116596150066
person_years_exposure,county,7,female,18-44,1573.2174456489004,1440.1445318698836,1709.2918245188891
person_years_exposure,county,7,female,45-64,1768.9315221643317,1611.6055937085252,1924.8087781772815
person_years_exposure,county,7,female,65-74,410.56053787432705,351.78960244972194,462.7726327351093
person_years_exposure,county,7,female,75-84,118.0939753371069,82.29115817289646,148.3507822147282
person_years_exposure,county,7,female,85+,6.548146262973027,1.2805130871665629,12.132838074658865
person_years_exposure,county,7,female,18-64,3342.148967813232,3056.5726482403797,3630.084958459224
person_years_exposure,county,7,female,65+,535.2026594744069,442.2484461646437,615.9366728502947
mortality_rate,county,7,female,0-17,0.0024111650960262194,0.0,0.00606334030570385
mortality_rate,county,7,female,18-44,0.0017234613109526633,0.0,0.004538130068036163
mortality_rate,county,7,female,45-64,0.009906227166193318,0.002877716213402703,0.021106113560631
mortality_rate,county,7,female,65-74,0.046069858727793615,0.013700795319758133,0.1037299093189052
mortality_rate,county,7,female,75-84,0.11575871657136078,0.03479197254818212,0.27928206164683134
mortality_rate,county,7,female,85+,0.11665359345906474,0.0,0.6248731497212906
qualifying_event_rate,county,7,female,0-17,0.021069767695852778,0.013304612806018794,0.030351914537488298
qualifying_event_rate,county,7,female,18-44,0.028150052413945487,0.01860957909029036,0.039307382783018936
qualifying_event_rate,county,7,female,45-64,0.03283314764648898,0.02286057118398598,0.045313744091525505
qualifying_event_rate,county,7,female,65-74,0.05305954402352969,0.03193664506523693,0.0782168013399419
qualifying_event_rate,county,7,female,75-84,0.049599476597708254,0.017668509585613657,0.08907786004924353
qualifying_event_rate,county,7,female,85+,0.03254565378321968,0.0,0.1883373666736103
person_years_exposure,county,8,male,0-17,2551.978464474355,2274.68360111235,2837.629224986459
person_years_exposure,county,8,male,18-44,2978.252156587881,2667.8680377599467,3293.6592956575782
person_years_exposure,county,8,male,45-64,2762.9289064923896,2466.392157063268,3062.7231806841487
person_years_exposure,county,8,male,65-74,732.9806313782552,620.1353557231176,836.4992733666977
person_years_exposure,county,8,male,75-84,222.59407155292175,152.88651822659781,279.1198816197323
person_years_exposure,county,8,male,85+,31.30933736150092,15.512355013205745,45.96595842206119
person_years_exposure,county,8,male,18-64,5741.18106308027,5144.994749540219,6348.435858283488
person_years_exposure,county,8,male,65+,986.8840402926778,797.6566264746444,1153.0060044248312
mortality_rate,county,8,male,0-17,0.00962144127754521,0.002929590319706532,0.020923596814061432
mortality_rate,county,8,male,18-44,0.0014527514558092224,0.0,0.0035566745454727496
mortality_rate,county,8,male,45-64,0.010767205543217239,0.0034292211141864694,0.022889875118788584
mortality_rate,county,8,male,65-74,0.046467194613158416,0.015843970820575832,0.10259680270554437
mortality_rate,county,8,male,75-84,0.1189100634175492,0.040243293381838754,0.2889053850912404
mortality_rate,county,8,male,85+,0.14792375803708863,0.033178704351395874,0.4286019713196757
qualifying_event_rate,county,8,male,0-17,0.03549444321277118,0.02505393103387988,0.04835468526793367
qualifying_event_rate,county,8,male,18-44,0.052676107993232524,0.03907958842469793,0.07092021768530872
qualifying_event_rate,county,8,male,45-64,0.05696142623284089,0.04212619557321574,0.07595744542069768
qualifying_event_rate,county,8,male,65-74,0.08807234130684735,0.06288099691193631,0.11750937006712757
qualifying_event_rate,county,8,male,75-84,0.07509497854990813,0.04503278261775825,0.11410940755782888
qualifying_event_rate,county,8,male,85+,0.046289365236441594,0.0,0.114849628739902
person_years_exposure,county,8,female,0-17,2878.126790009223,2578.115240654833,3180.826958662678
person_years_exposure,county,8,female,18-44,3089.4361647648093,2770.7913082608925,3413.955615364152
person_years_exposure,county,8,female,45-64,2768.217005274011,2479.973154948545,3061.2439899826973
person_years_exposure,county,8,female,65-74,766.8058622907996,652.8273466329053,874.7118977677671
person_years_exposure,county,8,female,75-84,251.8611493236134,179.69583183884072,310.85895395747394
person_years_exposure,county,8,female,85+,50.8879348741918,28.70061800059906,70.09156727519195
person_years_exposure,county,8,female,18-64,5857.6531700388205,5250.698046978651,6468.893055010346
person_years_exposure,county,8,female,65+,1069.5549464886049,873.2642140588451,1247.0448670384628
mortality_rate,county,8,female,0-17,0.001625440085714573,0.0,0.0038973842477280285
mortality_rate,county,8,female,18-44,0.002244132941739484,0.0003434818377786637,0.005104875867465856
mortality_rate,county,8,female,45-64,0.009606815487851403,0.002986048052007534,0.02072716097641121
mortality_rate,county,8,female,65-74,0.044353694678485,0.014125976535825218,0.10030556104045676
mortality_rate,county,8,female,75-84,0.1072838499818996,0.035435329781676746,0.2560666079880246
mortality_rate,county,8,female,85+,0.16115685901509075,0.05010152972531863,0.4183824030863201
qualifying_event_rate,county,8,female,0-17,0.03592967363667416,0.026194898101334962,0.04954045545112589
qualifying_event_rate,county,8,female,18-44,0.05223123999781014,0.038542967854119134,0.06981455283517754
qualifying_event_rate,county,8,female,45-64,0.06961395822712063,0.05186684618573092,0.09151338664743978
qualifying_event_rate,county,8,female,65-74,0.07531367814660367,0.053857670579457756,0.10263412456813162
qualifying_event_rate,county,8,female,75-84,0.07811969496484059,0.04783679153598822,0.11513987399113386
qualifying_event_rate,county,8,female,85+,0.054401478240033635,0.0,0.11197031282717883
person_years_exposure,county,9,male,0-17,298.16624338046853,246.1345778072753,354.25563385245357
person_years_exposure,county,9,male,18-44,367.86973905004817,304.52712309133886,436.5540730598737
person_years_exposure,county,9,male,45-64,285.2356602988053,234.8841646623689,339.92324793647543
person_years_exposure,county,9,male,65-74,126.29314378566403,97.23000913698108,156.95826804567574
person_years_exposure,county,9,male,75-84,24.96051610950156,14.521330191145688,35.17857571584042
person_years_exposure,county,9,male,85+,14.975949945380163,0.6856211501647786,64.0383659002912
person_years_exposure,county,9,male,18-64,653.1053993488536,540.2658675361424,776.5320718809647
person_years_exposure,county,9,male,65+,166.22960984054575,118.31059761967676,234.6851035235322
mortality_rate,county,9,male,0-17,0.0024717711118729664,0.0,0.008811520202896737
mortality_rate,county,9,male,18-44,0.0015047691040865755,0.0,0.0060066197540556325
mortality_rate,county,9,male,45-64,0.013494582256384561,0.0,0.0326777624473985
mortality_rate,county,9,male,65-74,0.045047142875357604,0.007805824764022765,0.11014410830500651
mortality_rate,county,9,male,75-84,0.1170103505355735,0.0,0.3344769544504612
mortality_rate,county,9,male,85+,0.0897426642040936,0.0,0.5924729424979973
qualifying_event_rate,county,9,male,0-17,0.028127802806991373,0.012301886652088489,0.04672351346603558
qualifying_event_rate,county,9,male,18-44,0.04070905760462759,0.021871558300307646,0.061053626578742165
qualifying_event_rate,county,9,male,45-64,0.04979972687018137,0.027188499159407974,0.07454413053153951
qualifying_event_rate,county,9,male,65-74,0.06401464356048586,0.03062287364379609,0.10222337703962169
qualifying_event_rate,county,9,male,75-84,0.06564637737906591,0.0,0.14936609144300766
qualifying_event_rate,county,9,male,85+,0.02679367967054485,0.0,0.13201447368284236
person_years_exposure,county,9,female,0-17,416.1555069958553,345.58779570510995,494.7210309202883
person_years_exposure,county,9,female,18-44,387.6411964194154,324.50645591065177,457.38079688165334
person_years_exposure,county,9,female,45-64,371.88846552805893,309.2939378952273,440.9714839216335
person_years_exposure,county,9,female,65-74,85.75244394685978,66.04515558074142,105.7999747711208
person_years_exposure,county,9,female,75-84,26.101457603957222,15.494879168600315,38.01343951549471
person_years_exposure,county,9,female,85+,0.09971965743296136,0.009589275184618657,0.2955260578906441
person_years_exposure,county,9,female,18-64,759.5296619474743,635.510226909958,898.5017651416647
person_years_exposure,county,9,female,65+,111.95362120824996,84.71841365511402,140.76671518415486
mortality_rate,county,9,female,0-17,0.0027590241415070943,0.0,0.008649955074438415
mortality_rate,county,9,female,18-44,0.002924373406287476,0.0,0.009152348632861136
mortality_rate,county,9,female,45-64,0.01105617901612564,0.0,0.026928396677668876
mortality_rate,county,9,female,65-74,0.04648936266816517,0.008848842947596138,0.11722109565237528
mortality_rate,county,9,female,75-84,0.09808934738048163,0.0,0.2878157937484276
mortality_rate,county,9,female,85+,0.008638909722664866,0.0,0.008638909722664866
qualifying_event_rate,county,9,female,0-17,0.0321434659606794,0.01769961245797822,0.05025887164103396
qualifying_event_rate,county,9,female,18-44,0.0390425103839677,0.02239655338817069,0.05928606329669315
qualifying_event_rate,county,9,female,45-64,0.056910452754707914,0.03518763679758659,0.08114874015716483
qualifying_event_rate,county,9,female,65-74,0.06762061156446784,0.026075638037157733,0.11287345279364892
qualifying_event_rate,county,9,female,75-84,0.057123708935319935,0.0,0.13479559648743822
qualifying_event_rate,county,9,female,85+,0.0,0.0,0.0
person_years_exposure,county,10,male,0-17,3488.3689701002745,3188.1108983847507,3770.727335752141
person_years_exposure,county,10,male,18-44,4068.0524515525212,3719.2170224697106,4375.578832207007
person_years_exposure,county,10,male,45-64,3299.367545247704,3000.3382563895557,3559.119870902251
person_years_exposure,county,10,male,65-74,905.9580580733084,768.4294069474328,1014.7089688166081
person_years_exposure,county,10,male,75-84,225.4622306501572,157.27376331480167,279.43318601926404
person_years_exposure,county,10,male,85+,43.3161246127924,22.68129205044136,61.56523438427469
person_years_exposure,county,10,male,18-64,7367.419996800225,6736.8377834872335,7929.723770437341
person_years_exposure,county,10,male,65+,1174.736413336258,954.7299260879477,1343.377135208805
mortality_rate,county,10,male,0-17,0.0016924266453328452,0.00028188553896430814,0.004053788350586272
mortality_rate,county,10,male,18-44,0.001455222602339047,0.00023976982593078706,0.003323152549240066
mortality_rate,county,10,male,45-64,0.012114064120431086,0.004153147862727208,0.02528438242294038
mortality_rate,county,10,male,65-74,0.05108583017360715,0.01820480642605233,0.11386803635989377
mortality_rate,county,10,male,75-84,0.12197487319830912,0.040775211860796745,0.29208409381561334
mortality_rate,county,10,male,85+,0.14169382717266046,0.03488267217664827,0.4000266873950535
qualifying_event_rate,county,10,male,0-17,0.01861515338374122,0.012592177999211637,0.02557853102562448
qualifying_event_rate,county,10,male,18-44,0.02799010969771168,0.020013559373657522,0.0376844240868916
qualifying_event_rate,county,10,male,45-64,0.03567134291033164,0.02582539836061852,0.04732067383304644
qualifying_event_rate,county,10,male,65-74,0.05037614210536334,0.034519390737573326,0.070261795873641
qualifying_event_rate,county,10,male,75-84,0.05008648095869316,0.025987630455743323,0.07904519838132038
qualifying_event_rate,county,10,male,85+,0.03217002449667124,0.0,0.08687023821780585
person_years_exposure,county,10,female,0-17,3492.3279067101666,3191.1751984733814,3775.5035583508434
person_years_exposure,county,10,female,18-44,4225.758548496559,3865.3410742284623,4570.122438327787
person_years_exposure,county,10,female,45-64,3181.306341069042,2896.7426733128823,3429.6212634320814
person_years_exposure,county,10,female,65-74,961.1091727789392,818.6162793140171,1076.8145596984841
person_years_exposure,county,10,female,75-84,330.719083516035,229.64965451183932,409.6312596300265
person_years_exposure,county,10,female,85+,36.77845767811163,18.75935615324145,52.8172991331243
person_years_exposure,county,10,female,18-64,7407.064889565601,6767.270739258735,7972.492319687156
person_years_exposure,county,10,female,65+,1328.6067139730858,1078.3046561997942,1525.264704398151
mortality_rate,county,10,female,0-17,0.0018310225788688208,0.00028296940078279095,0.004169390467415254
mortality_rate,county,10,female,18-44,0.0020757183057987824,0.0004699446431744389,0.004846426554259533
mortality_rate,county,10,female,45-64,0.011419861600876728,0.003977567298638545,0.023826747133788524
mortality_rate,county,10,female,65-74,0.052720136806578874,0.01894353532557844,0.1154803965016941
mortality_rate,county,10,female,75-84,0.1266783937067305,0.04445194088045052,0.30616854670400767
mortality_rate,county,10,female,85+,0.1503911540200582,0.03902056004553119,0.40785055961112
qualifying_event_rate,county,10,female,0-17,0.02002086730155168,0.013710415362979718,0.027972632778684326
qualifying_event_rate,county,10,female,18-44,0.026003444371625217,0.018753313218915258,0.035150954635523285
qualifying_event_rate,county,10,female,45-64,0.034741833138068536,0.02480340062185089,0.04651398087387126
qualifying_event_rate,county,10,female,65-74,0.0501443575548192,0.034058539047158026,0.06993001945596608
qualifying_event_rate,county,10,female,75-84,0.05337192838491749,0.03060140853839795,0.08257993426316335
qualifying_event_rate,county,10,female,85+,0.03548982579656545,0.0,0.09296731806104346
person_years_exposure,county,11,male,0-17,1091.2760796842776,909.63948729868,1292.8917353214442
person_years_exposure,county,11,male,18-44,1150.2837854243523,957.3337380160445,1360.1058206645205
person_years_exposure,county,11,male,45-64,1196.390864179121,990.3811121189549,1422.6458262623382
person_years_exposure,county,11,male,65-74,334.9078093755397,264.4770926660306,409.9186647983427
person_years_exposure,county,11,male,75-84,89.85340108656516,58.36335895571383,120.90472218085407
person_years_exposure,county,11,male,85+,10.829307443850608,0.9890284104764451,32.503234931155
person_years_exposure,county,11,male,18-64,2346.6746496034734,1948.8446052199295,2785.7009849221195
person_years_exposure,county,11,male,65+,435.5905179059555,326.84545974654327,545.6372692750176
mortality_rate,county,11,male,0-17,0.0024175216912234215,0.0,0.00624772072568024
mortality_rate,county,11,male,18-44,0.0015831837885437777,0.0,0.004311562691551975
mortality_rate,county,11,male,45-64,0.013128270566932757,0.003934131700464671,0.029220843311847856
mortality_rate,county,11,male,65-74,0.0440316710136355,0.013243933133703825,0.09900286759722134
mortality_rate,county,11,male,75-84,0.12281931322157184,0.037130555341835125,0.30917925932122464
mortality_rate,county,11,male,85+,0.07526346670499935,0.0,0.5329569741301967
qualifying_event_rate,county,11,male,0-17,0.02779008971315852,0.017460722076274922,0.04001566098518464
qualifying_event_rate,county,11,male,18-44,0.04048338621404246,0.02711228910165147,0.05664543637964475
qualifying_event_rate,county,11,male,45-64,0.049514789621670705,0.03439725031079402,0.06782050951669323
qualifying_event_rate,county,11,male,65-74,0.06273085652657845,0.038501871696115984,0.09198106194390705
qualifying_event_rate,county,11,male,75-84,0.06849970797029362,0.027455613030381465,0.12021383033100143
qualifying_event_rate,county,11,male,85+,0.025028173756207025,0.0,0.153650567979824
person_years_exposure,county,11,female,0-17,981.587881044676,817.4477620773471,1164.3399954044405
person_years_exposure,county,11,female,18-44,1174.7493530265176,984.4697756835948,1385.8194103364967
person_years_exposure,county,11,female,45-64,1108.9109402352797,924.2786165671345,1315.758296111847
person_years_exposure,county,11,female,65-74,294.5392301104153,230.26579794908093,359.86665626959996
person_years_exposure,county,11,female,75-84,52.11250506598372,32.54143395100937,72.65821467106072
person_years_exposure,county,11,female,85+,6.557612972953923,1.4588081058310052,12.986065673528758
person_years_exposure,county,11,female,18-64,2283.660293261797,1911.1952296131167,2699.030128975236
person_years_exposure,county,11,female,65+,353.20934814935293,269.18185347926084,439.2662331405253
mortality_rate,county,11,female,0-17,0.0026727460749187797,0.0,0.006983407904895054
mortality_rate,county,11,female,18-44,0.0029549743683231354,0.0,0.007051122386106203
mortality_rate,county,11,female,45-64,0.011244140126667416,0.0029223405116790653,0.024807477567197724
mortality_rate,county,11,female,65-74,0.05104933194394096,0.015546834980979654,0.11942100528349835
mortality_rate,county,11,female,75-84,0.10999320786104812,0.025497188225766767,0.2897210215255698
mortality_rate,county,11,female,85+,0.09990189136210903,0.0,0.565026865588761
qualifying_event_rate,county,11,female,0-17,0.03204804041549634,0.020560311613385104,0.0459707032226763
qualifying_event_rate,county,11,female,18-44,0.038690779038847656,0.025721223116276073,0.05396010507018843
qualifying_event_rate,county,11,female,45-64,0.055982456354610244,0.03914414729675754,0.07635225902628955
qualifying_event_rate,county,11,female,65-74,0.07019610421476759,0.04347394206693428,0.10226239885958395
qualifying_event_rate,county,11,female,75-84,0.06318373663008402,0.016101485351176004,0.12201541369665572
qualifying_event_rate,county,11,female,85+,0.038705418616115525,0.0,0.19860918226101984
person_years_exposure,county,12,male,0-17,1983.8031979678478,1810.8228498372957,2144.9548847607225
person_years_exposure,county,12,male,18-44,2150.150809615905,1964.1960489174,2316.0669626285685
person_years_exposure,county,12,male,45-64,2156.8807422849695,1962.9221134190311,2326.1599507385263
person_years_exposure,county,12,male,65-74,601.7509903259767,511.3671934624558,673.5042674593341
person_years_exposure,county,12,male,75-84,160.91164783336745,109.11166097691584,200.3186575542976
person_years_exposure,county,12,male,85+,11.372527949047061,4.88254479500549,18.13732989528243
person_years_exposure,county,12,male,18-64,4307.031551900875,3929.800466765923,4641.73730997885
person_years_exposure,county,12,male,65+,774.0351661083912,637.9605814863763,888.4611071983817
mortality_rate,county,12,male,0-17,0.001703738967636637,0.0,0.004158279491545512
mortality_rate,county,12,male,18-44,0.0014633784574218198,0.0,0.0036561991648900193
mortality_rate,county,12,male,45-64,0.011402461674327772,0.0036874236196038452,0.024571315164058596
mortality_rate,county,12,male,65-74,0.05025030695704004,0.016237034755274084,0.11403489807881569
mortality_rate,county,12,male,75-84,0.11180723504341297,0.03698692475274758,0.2744953494289536
mortality_rate,county,12,male,85+,0.19856030276451916,0.05139637638724926,0.6503019290240781
qualifying_event_rate,county,12,male,0-17,0.020969132853053404,0.013536398182750268,0.02989786483413776
qualifying_event_rate,county,12,male,18-44,0.03164476432104527,0.0218342015097015,0.04331772762020851
qualifying_event_rate,county,12,male,45-64,0.03953961148178883,0.028208689525981805,0.053853785375222694
qualifying_event_rate,county,12,male,65-74,0.05645488482468532,0.03722424749391313,0.0782923804979649
qualifying_event_rate,county,12,male,75-84,0.054135213999344005,0.025469399928824757,0.08871170942555849
qualifying_event_rate,county,12,male,85+,0.03969498884330157,0.0,0.15227116443460162
person_years_exposure,county,12,female,0-17,1980.6680488141712,1803.9158044190767,2142.4123646474823
person_years_exposure,county,12,female,18-44,2129.774221586241,1946.5275174880637,2305.0574470254955
person_years_exposure,county,12,female,45-64,2277.477747978701,2074.5884153890934,2457.575757800832
person_years_exposure,county,12,female,65-74,518.8509337743907,437.2592356182721,583.6925260760119
person_years_exposure,county,12,female,75-84,132.488029005101,92.1226515892717,164.07630647139007
person_years_exposure,county,12,female,85+,35.65726829353687,19.0136805412848,50.94432133547631
person_years_exposure,county,12,female,18-64,4407.251969564942,4021.8145196510714,4747.377428756278
person_years_exposure,county,12,female,65+,686.9962310730285,556.9690181950901,789.1091462698178
mortality_rate,county,12,female,0-17,0.0018407910886091504,0.0,0.004433921305152575
mortality_rate,county,12,female,18-44,0.002089973589634679,0.0,0.004999575703567807
mortality_rate,county,12,female,45-64,0.011356321507072692,0.003523922906504369,0.023984109393687825
mortality_rate,county,12,female,65-74,0.05395986187067055,0.018317337565367006,0.12167989039728634
mortality_rate,county,12,female,75-84,0.11673981052715615,0.03658497174722442,0.28377691351928774
mortality_rate,county,12,female,85+,0.1427027367909641,0.03948601363203357,0.3818473467949537
qualifying_event_rate,county,12,female,0-17,0.022531263202694777,0.014939149108864055,0.03175570677823715
qualifying_event_rate,county,12,female,18-44,0.029162460381085394,0.019825609504851634,0.04026823345326057
qualifying_event_rate,county,12,female,45-64,0.03872836186354149,0.027816500529830798,0.0522713950062964
qualifying_event_rate,county,12,female,65-74,0.05587896320756396,0.035856121860407694,0.0795746051578788
qualifying_event_rate,county,12,female,75-84,0.05711313517542746,0.02495554017322814,0.09676536863117906
qualifying_event_rate,county,12,female,85+,0.038758968604883544,0.0,0.09598512169372345
person_years_exposure,county,13,male,0-17,2348.3108394724673,2071.6817455950286,2552.399263959482
person_years_exposure,county,13,male,18-44,2843.6782405774866,2516.8743284281277,3091.4604177494884
person_years_exposure,county,13,male,45-64,2571.9709700708986,2270.777604604985,2797.974888752135
person_years_exposure,county,13,male,65-74,728.5595849195223,618.075976372641,816.0324586426555
person_years_exposure,county,13,male,75-84,314.35469687508674,233.67725859003818,377.85159710345835
person_years_exposure,county,13,male,85+,43.5849089889586,24.593280248018058,59.994233243256254
person_years_exposure,county,13,male,18-64,5415.649210648386,4791.403505741402,5889.6088082549295
person_years_exposure,county,13,male,65+,1086.4991907835677,889.5394419774212,1245.334890217205
mortality_rate,county,13,male,0-17,0.0012795932982939463,0.0,0.0033627125345969573
mortality_rate,county,13,male,18-44,0.0013420668328583386,0.0,0.003205238278849067
mortality_rate,county,13,male,45-64,0.010371157651719023,0.0034373886397461996,0.0223116123611625
mortality_rate,county,13,male,65-74,0.039400644628015846,0.012900278305778293,0.08571281980390014
mortality_rate,county,13,male,75-84,0.09322693243472802,0.03162899623317549,0.21605097891196523
mortality_rate,county,13,male,85+,0.14881317490131762,0.03923612311495575,0.3958430609601936
qualifying_event_rate,county,13,male,0-17,0.028252105916865722,0.019556335519608337,0.0391478993190749
qualifying_event_rate,county,13,male,18-44,0.037585941578624105,0.0269740056559571,0.05108295709996439
qualifying_event_rate,county,13,male,45-64,0.04927139958018528,0.03572083759821488,0.0663074739843885
qualifying_event_rate,county,13,male,65-74,0.06858069654662627,0.048117790266224536,0.09314005836664073
qualifying_event_rate,county,13,male,75-84,0.06260185711196485,0.03749197235032817,0.0942986095952425
qualifying_event_rate,county,13,male,85+,0.039079648930294385,0.0,0.09429112111369763
person_years_exposure,county,13,female,0-17,2496.799075604939,2202.7705986223914,2711.90722067932
person_years_exposure,county,13,female,18-44,2760.6515134599877,2444.8438680417794,3001.0966529827883
person_years_exposure,county,13,female,45-64,2304.9293285316317,2029.2336278419473,2509.4608752834893
person_years_exposure,county,13,female,65-74,714.0839222939029,596.7315394716035,803.479248708184
person_years_exposure,county,13,female,75-84,244.97494987741985,173.3031418654703,303.4529073406343
person_years_exposure,county,13,female,85+,27.400101116183933,14.454506024799956,39.66382192312199
person_years_exposure,county,13,female,18-64,5065.580841991619,4479.9391711861945,5503.828004142228
person_years_exposure,county,13,female,65+,986.4589732875066,798.8439037175273,1135.8370687267486
mortality_rate,county,13,female,0-17,0.0010814627972600402,0.0,0.0027953866871663876
mortality_rate,county,13,female,18-44,0.0016984993654172646,0.0001142167499576648,0.004143076862188582
mortality_rate,county,13,female,45-64,0.008868984640636655,0.0027280506178401216,0.018869634580727525
mortality_rate,county,13,female,65-74,0.04830054063695532,0.01642747878691398,0.10813562907619437
mortality_rate,county,13,female,75-84,0.11218708797248303,0.0385651891498673,0.2659793867477486
mortality_rate,county,13,female,85+,0.14451200048547078,0.02866815157863277,0.39299514415456965
qualifying_event_rate,county,13,female,0-17,0.028209165036812256,0.019430101217440657,0.039125253473569536
qualifying_event_rate,county,13,female,18-44,0.03896820594495119,0.028075246871618918,0.05251443000626525
qualifying_event_rate,county,13,female,45-64,0.04897791164465663,0.03541782093106273,0.06510902999627818
qualifying_event_rate,county,13,female,65-74,0.06728053077874235,0.04692633305805897,0.09278599186585991
qualifying_event_rate,county,13,female,75-84,0.05972512617589172,0.03273339192384811,0.09297200177470959
qualifying_event_rate,county,13,female,85+,0.04012095184951501,0.0,0.10951791762970788
person_years_exposure,county,14,male,0-17,1155.6306875090831,1052.7671718363272,1260.4410302057368
person_years_exposure,county,14,male,18-44,1505.4077313815865,1377.523002655446,1633.2168101518264
person_years_exposure,county,14,male,45-64,1231.1193425028928,1121.5345670997976,1336.5766284781303
person_years_exposure,county,14,male,65-74,295.0452101288351,251.93413834284812,333.25681062791693
person_years_exposure,county,14,male,75-84,86.00078814821777,59.48580250631918,107.51481861520226
person_years_exposure,county,14,male,85+,0.7157116014310452,0.029755046442418977,1.6335934420565397
person_years_exposure,county,14,male,18-64,2736.5270738844793,2506.3788249675363,2969.8886908097875
person_years_exposure,county,14,male,65+,381.7617098784839,317.3157454618894,438.955445614686
mortality_rate,county,14,male,0-17,0.00826625190751082,0.0017621358159351842,0.018228613108080757
mortality_rate,county,14,male,18-44,0.0013904590591738294,0.0,0.0037528277433244717
mortality_rate,county,14,male,45-64,0.010466688112708067,0.002530821507898121,0.022967272600142415
mortality_rate,county,14,male,65-74,0.05015180406219885,0.01348666308981529,0.11488572436488101
mortality_rate,county,14,male,75-84,0.10051739990737564,0.02704851540276539,0.25249659814433184
mortality_rate,county,14,male,85+,0.07374764661450205,0.0,1.03438705496078
qualifying_event_rate,county,14,male,0-17,0.032913321654026294,0.02187328691448864,0.04642938758144664
qualifying_event_rate,county,14,male,18-44,0.04560034257001433,0.032033919300214916,0.06174932930586841
qualifying_event_rate,county,14,male,45-64,0.06452526431641115,0.04732199910222673,0.08614302070083829
qualifying_event_rate,county,14,male,65-74,0.09017996714910889,0.06030546929078042,0.12695122344382112
qualifying_event_rate,county,14,male,75-84,0.07859696011242542,0.034197145011178265,0.13095721734865887
qualifying_event_rate,county,14,male,85+,0.03752204910644819,0.0,0.03752204910644819
person_years_exposure,county,14,female,0-17,1328.0995931341388,1215.6682634752653,1441.0775251556677
person_years_exposure,county,14,female,18-44,1546.4107032625116,1413.3634462167115,1679.272706746459
person_years_exposure,county,14,female,45-64,1337.2240735610364,1220.5507174355191,1456.809554419719
person_years_exposure,county,14,female,65-74,324.1342678894056,279.42132635642815,366.1939691648469
person_years_exposure,county,14,female,75-84,70.75610015851335,46.74866940831462,91.100605260965
person_years_exposure,county,14,female,85+,2.862510806140558,0.18709369545544902,6.039952028852375
person_years_exposure,county,14,female,18-64,2883.6347768235482,2636.9695862412154,3135.212058126923
person_years_exposure,county,14,female,65+,397.7528788540595,333.6124930510745,457.2471459280638
mortality_rate,county,14,female,0-17,0.0024824004291875523,0.0,0.006024122063232173
mortality_rate,county,14,female,18-44,0.0016128562824711571,0.0,0.004166787417813102
mortality_rate,county,14,female,45-64,0.010853947698981141,0.003017911456737908,0.02401825741621685
mortality_rate,county,14,female,65-74,0.046661959152811835,0.012798654845565586,0.10607920044116491
mortality_rate,county,14,female,75-84,0.11434156803309975,0.032408723166544535,0.2916466696450084
mortality_rate,county,14,female,85+,0.11354295558208609,0.0,1.020581128426822
qualifying_event_rate,county,14,female,0-17,0.03618047153967978,0.024370170659823494,0.050108225284374724
qualifying_event_rate,county,14,female,18-44,0.04766696162336784,0.03358409210777211,0.06469127581925166
qualifying_event_rate,county,14,female,45-64,0.05610465422088901,0.040219540467715864,0.07591314206204054
qualifying_event_rate,county,14,female,65-74,0.08594336472084377,0.05599294001919534,0.11982863936997039
qualifying_event_rate,county,14,female,75-84,0.07833484632287561,0.03139373522186753,0.13423663195813082
qualifying_event_rate,county,14,female,85+,0.05433111401047935,0.0,0.3060293132839886
person_years_exposure,county,15,male,0-17,2601.9405629925513,2379.575339015653,2808.2329283737517
person_years_exposure,county,15,male,18-44,3211.308376092093,2935.729676264437,3455.9759202170103
person_years_exposure,county,15,male,45-64,2713.23858785101,2470.1026320166393,2927.0388057764294
person_years_exposure,county,15,male,65-74,736.7968314612332,626.2159855717246,826.9169916975065
person_years_exposure,county,15,male,75-84,152.06028617517404,103.77319540854286,189.13235448072356
person_years_exposure,county,15,male,85+,7.5916927862672,2.672147815781796,12.20896342477787
person_years_exposure,county,15,male,18-64,5924.546963943103,5415.0371927833385,6381.063081226022
person_years_exposure,county,15,male,65+,896.4488104226745,739.6739187260903,1017.5061917494073
mortality_rate,county,15,male,0-17,0.0017077097909913787,0.0003583276183084736,0.004137248947348736
mortality_rate,county,15,male,18-44,0.001464703083723751,0.000286584109777353,0.003548831062927176
mortality_rate,county,15,male,45-64,0.011352035677185107,0.0037481081759670964,0.02380206352473346
mortality_rate,county,15,male,65-74,0.04952478973506218,0.01691502123080272,0.10919652359391223
mortality_rate,county,15,male,75-84,0.11976650964040664,0.03990115460541214,0.29009895302588806
mortality_rate,county,15,male,85+,0.1159517010272219,0.0,0.5657492713529598
qualifying_event_rate,county,15,male,0-17,0.01430816846309205,0.009239202458852243,0.02048854659022472
qualifying_event_rate,county,15,male,18-44,0.021607449508847822,0.014922529884111593,0.029809988682773927
qualifying_event_rate,county,15,male,45-64,0.027548482394226678,0.019338937121461515,0.03792698610520605
qualifying_event_rate,county,15,male,65-74,0.03929330017824806,0.025200335537525924,0.05656063409287323
qualifying_event_rate,county,15,male,75-84,0.03902024602233042,0.0133773740814312,0.07082884666390316
qualifying_event_rate,county,15,male,85+,0.022493852664685333,0.0,0.14435183746351618
person_years_exposure,county,15,female,0-17,2585.2275734805053,2363.251081335773,2790.740117617076
person_years_exposure,county,15,female,18-44,2963.843861446788,2707.329417167055,3205.49885812055
person_years_exposure,county,15,female,45-64,2545.1129430531837,2314.983527104733,2749.0317080553705
person_years_exposure,county,15,female,65-74,729.5883742236598,620.4600005360934,817.2064842492214
person_years_exposure,county,15,female,75-84,214.71536139002322,150.20332677166962,265.3305351019696
person_years_exposure,county,15,female,85+,29.727518056837802,15.788469664554263,41.83449070846369
person_years_exposure,county,15,female,18-64,5508.956804499972,5033.067507093107,5938.3831167902335
person_years_exposure,county,15,female,65+,974.0312536705208,794.9573291552774,1115.162797970406
mortality_rate,county,15,female,0-17,0.0018418953901181215,0.0003640205710837256,0.004271507363870443
mortality_rate,county,15,female,18-44,0.002092273468135033,0.0003370261522640644,0.004754721728084733
mortality_rate,county,15,female,45-64,0.01207085122542557,0.0039050241946057417,0.025893005724833794
mortality_rate,county,15,female,65-74,0.05281578276747039,0.018070774758096424,0.11779199114463747
mortality_rate,county,15,female,75-84,0.12015192538174364,0.04173739665624794,0.2828394006823079
mortality_rate,county,15,female,85+,0.13281722881104055,0.025504766229092972,0.3860623143727719
qualifying_event_rate,county,15,female,0-17,0.015423607408986456,0.010076186130206981,0.022071467532389377
qualifying_event_rate,county,15,female,18-44,0.02010345310993021,0.013702757139203714,0.027555382358878586
qualifying_event_rate,county,15,female,45-64,0.027339083272284473,0.01932949115917731,0.03735427398563327
qualifying_event_rate,county,15,female,65-74,0.03912352721362782,0.025191380890143958,0.056856620050772674
qualifying_event_rate,county,15,female,75-84,0.04170030096353349,0.019403854134878853,0.07007814360789279
qualifying_event_rate,county,15,female,85+,0.027538796096610328,0.0,0.0869640674210737
person_years_exposure,county,16,male,0-17,1243.6486532912625,1135.7638138093741,1346.4129406700754
person_years_exposure,county,16,male,18-44,1436.6754799437213,1312.1570657627665,1547.9913344980819
person_years_exposure,county,16,male,45-64,1188.9259258028703,1083.126413316886,1283.8941175531818
person_years_exposure,county,16,male,65-74,327.9285017068894,277.7391061457227,368.60038606562244
person_years_exposure,county,16,male,75-84,132.4670487851638,89.23029946476466,165.19557050082432
person_years_exposure,county,16,male,85+,25.845152965089593,12.514132486202033,37.76473129325829
person_years_exposure,county,16,male,18-64,2625.601405746592,2398.645875808291,2828.5318960648324
person_years_exposure,county,16,male,65+,486.2407034571428,386.9380371309771,563.8630221710306
mortality_rate,county,16,male,0-17,0.0017137860042782023,0.0,0.004727921882398146
mortality_rate,county,16,male,18-44,0.0014811484689523323,0.0,0.004081185535738295
mortality_rate,county,16,male,45-64,0.012078424106028803,0.0033279075953687406,0.02634254401592525
mortality_rate,county,16,male,65-74,0.050253404018792004,0.014174282622809155,0.11733592931477378
mortality_rate,county,16,male,75-84,0.12391122296847872,0.04171505824320338,0.3080765962280976
mortality_rate,county,16,male,85+,0.15728345487060777,0.030714409994380066,0.4677103603929499
qualifying_event_rate,county,16,male,0-17,0.026777464619423128,0.017146590009979187,0.03837342587036345
qualifying_event_rate,county,16,male,18-44,0.04012853241527246,0.027682019924657283,0.05557498342649651
qualifying_event_rate,county,16,male,45-64,0.050319084455699416,0.03550314052963311,0.06839408614125711
qualifying_event_rate,county,16,male,65-74,0.0705609710201901,0.045693949477563514,0.10103041112750404
qualifying_event_rate,county,16,male,75-84,0.07045205158076592,0.034512661315877824,0.11425164797108671
qualifying_event_rate,county,16,male,85+,0.046561775875785284,0.0,0.12476344888809189
person_years_exposure,county,16,female,0-17,1315.2322757153695,1199.310532336139,1424.6238429676978
person_years_exposure,county,16,female,18-44,1548.0868359277908,1413.1375523889833,1669.2588032564527
person_years_exposure,county,16,female,45-64,1199.6812222870449,1091.979704768042,1294.688567974704
person_years_exposure,county,16,female,65-74,268.6748389561727,224.2756259176077,303.93437031585574
person_years_exposure,county,16,female,75-84,127.45260841620978,87.44168747762218,157.6896118740101
person_years_exposure,county,16,female,85+,15.985502932284673,6.6734197292476,24.98339567385421
person_years_exposure,county,16,female,18-64,2747.768058214836,2510.829388389912,2965.2738585476427
person_years_exposure,county,16,female,65+,412.11295030466715,323.8737202721915,479.0113117926594
mortality_rate,county,16,female,0-17,0.0018117047034174718,0.0,0.004732467168267154
mortality_rate,county,16,female,18-44,0.0020924264306909283,0.0,0.005162943222488153
mortality_rate,county,16,female,45-64,0.011009597855770848,0.002565776052460784,0.02408766967877156
mortality_rate,county,16,female,65-74,0.05600062444597329,0.016214312810849816,0.13014927246439992
mortality_rate,county,16,female,75-84,0.1202466994600912,0.0374248425986787,0.28402831984301075
mortality_rate,county,16,female,85+,0.16315864842345768,0.04024020373356046,0.5133363525913888
qualifying_event_rate,county,16,female,0-17,0.02906523795708071,0.019044316901503273,0.041087836911895284
qualifying_event_rate,county,16,female,18-44,0.036982109672585355,0.02554627700654249,0.05022908415443736
qualifying_event_rate,county,16,female,45-64,0.04880492932080346,0.034252736540424274,0.06688052153938485
qualifying_event_rate,county,16,female,65-74,0.07060547902787206,0.043772636131205335,0.10342646386210098
qualifying_event_rate,county,16,female,75-84,0.07345449552578615,0.03729652198222508,0.11725629602567723
qualifying_event_rate,county,16,female,85+,0.046960948066551385,0.0,0.14866278933062552
person_years_exposure,state,0,male,0-17,9197.936684146076,8124.6545116291545,9993.114985929255
person_years_exposure,state,0,male,18-44,9949.571054503795,8813.119600470174,10818.473527940649
person_years_exposure,state,0,male,45-64,9407.309911778093,8318.444177500825,10231.734689539895
person_years_exposure,state,0,male,65-74,2690.634459270747,2277.1301828304004,3003.871281327287
person_years_exposure,state,0,male,75-84,1008.1628030797722,758.9549856477275,1199.8454799196684
person_years_exposure,state,0,male,85+,138.1030277261085,81.38029728931627,186.72586962851454
person_years_exposure,state,0,male,18-64,19356.88096628189,17115.65466556204,21023.825887776526
person_years_exposure,state,0,male,65+,3836.9002900766277,3160.45302884492,4371.240368757036
mortality_rate,state,0,male,0-17,0.001281972719661606,0.00033083793033528597,0.002833022441163353
mortality_rate,state,0,male,18-44,0.0013348074651658777,0.0003744532617572656,0.0029037807701558587
mortality_rate,state,0,male,45-64,0.010301580064739552,0.003736941915884862,0.021800951430745185
mortality_rate,state,0,male,65-74,0.039948013778553566,0.01455818372909937,0.08546420204437154
mortality_rate,state,0,male,75-84,0.09035988879937931,0.03417362757932958,0.2081125899872647
mortality_rate,state,0,male,85+,0.15568116205014637,0.057212066073466454,0.3677396848665881
qualifying_event_rate,state,0,male,0-17,0.024919715019627746,0.018215856433710955,0.03337513199961486
qualifying_event_rate,state,0,male,18-44,0.03335492411502265,0.024773269523349885,0.0445576003824699
qualifying_event_rate,state,0,male,45-64,0.04392403727793198,0.03265552055645172,0.058568319048197766
qualifying_event_rate,state,0,male,65-74,0.06131721575362843,0.045847693802457005,0.0819720803852665
qualifying_event_rate,state,0,male,75-84,0.05571664384603928,0.03834656581172963,0.07876282510751882
qualifying_event_rate,state,0,male,85+,0.03551653580024561,0.011133583806311008,0.06742498271858337
person_years_exposure,state,0,female,0-17,9527.941091417408,8423.403688841849,10349.9749273585
person_years_exposure,state,0,female,18-44,9494.696257243713,8410.529121405993,10319.159073588316
person_years_exposure,state,0,female,45-64,9187.289473432358,8102.279429386093,10001.341745419892
person_years_exposure,state,0,female,65-74,2726.0985962641544,2291.891509195487,3056.978813370434
person_years_exposure,state,0,female,75-84,780.3588079870349,556.7312315079139,956.8731821650895
person_years_exposure,state,0,female,85+,99.76458282589034,57.53485102100843,137.7795907246282
person_years_exposure,state,0,female,18-64,18681.98573067607,16517.082359154232,20291.323310073385
person_years_exposure,state,0,female,65+,3606.22198707708,2935.209032528728,4129.76301701415
mortality_rate,state,0,female,0-17,0.0010854690490861806,0.00028967618529175763,0.0023839845002716436
mortality_rate,state,0,female,18-44,0.0017015564564716236,0.0004855838802580703,0.0036442729094124473
mortality_rate,state,0,female,45-64,0.008927978814474644,0.003115255530684975,0.018727534529791503
mortality_rate,state,0,female,65-74,0.0472128734731323,0.017210947888204767,0.10262666880943623
mortality_rate,state,0,female,75-84,0.11482597405469631,0.04246833815395922,0.27239560737407587
mortality_rate,state,0,female,85+,0.14571363061740786,0.0500020793510025,0.3574382917391199
qualifying_event_rate,state,0,female,0-17,0.02481881087423596,0.018080253786563267,0.03367263213558328
qualifying_event_rate,state,0,female,18-44,0.03463102201983479,0.025889979011920385,0.04589674703928435
qualifying_event_rate,state,0,female,45-64,0.04338327514157917,0.0325776100516145,0.05742901379341953
qualifying_event_rate,state,0,female,65-74,0.05938868619218944,0.044185363545806454,0.07933282454411908
qualifying_event_rate,state,0,female,75-84,0.0533785851625198,0.03575608392418653,0.07636363844698796
qualifying_event_rate,state,0,female,85+,0.03686555017833917,0.008982851906922098,0.07391853918729528
person_years_exposure,state,1,male,0-17,7353.949399093579,6723.659915359907,7994.272991053929
person_years_exposure,state,1,male,18-44,8837.059152155563,8101.387007256523,9577.478352848262
person_years_exposure,state,1,male,45-64,7213.800722239905,6592.223698169132,7836.393866404975
person_years_exposure,state,1,male,65-74,1833.5602841254238,1587.7704040599956,2056.4728129989735
person_years_exposure,state,1,male,75-84,633.1604697553616,456.44808389795924,775.0916226258983
person_years_exposure,state,1,male,85+,70.92775443947176,37.309438512942435,101.60223295727776
person_years_exposure,state,1,male,18-64,16050.859874395468,14690.128397902252,17404.796623103506
person_years_exposure,state,1,male,65+,2537.648508320257,2084.2181258488417,2911.2554243508002
mortality_rate,state,1,male,0-17,0.008366903525856995,0.0028593457713663828,0.017731271365532965
mortality_rate,state,1,male,18-44,0.0014080269214690906,0.0003562046545614214,0.003036361486542497
mortality_rate,state,1,male,45-64,0.010942838063384856,0.003818155314402053,0.02266007978765133
mortality_rate,state,1,male,65-74,0.049760867976447846,0.018391637668622635,0.11089402043865924
mortality_rate,state,1,male,75-84,0.110860894829125,0.04221312383194312,0.2567003339968212
mortality_rate,state,1,male,85+,0.16130585091780672,0.053420974149120774,0.4239215689445683
qualifying_event_rate,state,1,male,0-17,0.020430600934957306,0.014771834938312517,0.027916769741773036
qualifying_event_rate,state,1,male,18-44,0.029042858206080324,0.021511441108257697,0.038960396992101576
qualifying_event_rate,state,1,male,45-64,0.04193424638338153,0.031249497168501585,0.05564638429334237
qualifying_event_rate,state,1,male,65-74,0.05925527896534512,0.043493046324669715,0.07921378202263259
qualifying_event_rate,state,1,male,75-84,0.054509832380483084,0.036752584941235594,0.07802750856163866
qualifying_event_rate,state,1,male,85+,0.0321090610241277,0.0,0.07639568592292757
person_years_exposure,state,1,female,0-17,7150.6420106859805,6557.224321805249,7756.0939029409865
person_years_exposure,state,1,female,18-44,8192.538497088786,7505.336020567383,8900.89387708985
person_years_exposure,state,1,female,45-64,7597.458203404639,6943.0806428225615,8275.405655541254
person_years_exposure,state,1,female,65-74,2013.6692724839493,1745.9193594600947,2256.795381120719
person_years_exposure,state,1,female,75-84,602.8190813567205,422.7132066472241,745.4392238006003
person_years_exposure,state,1,female,85+,51.429620826457665,24.97261077364974,76.9970901519523
person_years_exposure,state,1,female,18-64,15789.996700493426,14440.449676744616,17163.14394590365
person_years_exposure,state,1,female,65+,2667.9179746671275,2219.7017024307615,3068.0101551205867
mortality_rate,state,1,female,0-17,0.0024355876855495433,0.0007333713176706366,0.00525897387932022
mortality_rate,state,1,female,18-44,0.0016710196264801112,0.0004634357413148444,0.0035980792845767577
mortality_rate,state,1,female,45-64,0.010157334177951508,0.0035940149121992484,0.021275985294505074
mortality_rate,state,1,female,65-74,0.0481921800781378,0.017046365219811916,0.10553872748745437
mortality_rate,state,1,female,75-84,0.12108763738734565,0.0444887406797088,0.2845105704174363
mortality_rate,state,1,female,85+,0.13046950426421317,0.03548200549511645,0.36768024789222
qualifying_event_rate,state,1,female,0-17,0.023101277423326492,0.01678167954896883,0.030985480180103758
qualifying_event_rate,state,1,female,18-44,0.03085503716000297,0.022697156615348067,0.041200313221946595
qualifying_event_rate,state,1,female,45-64,0.035963930025708656,0.026689341578333206,0.04766609528994337
qualifying_event_rate,state,1,female,65-74,0.056653922302461454,0.041683179350495723,0.07596518388393779
qualifying_event_rate,state,1,female,75-84,0.05207230862608572,0.034137391054088945,0.07559291852162982
qualifying_event_rate,state,1,female,85+,0.03651067329893015,0.0,0.08839729203675252
person_years_exposure,state,2,male,0-17,2289.4952548455694,1906.2283617864375,2712.9656293979224
person_years_exposure,state,2,male,18-44,2580.7970258211776,2148.211022187347,3052.3410608072463
person_years_exposure,state,2,male,45-64,2521.6372051164512,2089.4957880889997,2998.75978426863
person_years_exposure,state,2,male,65-74,707.6777973070454,561.0101592885017,862.4069128650727
person_years_exposure,state,2,male,75-84,182.5127269616563,120.65390915231026,243.6286247631761
person_years_exposure,state,2,male,85+,58.822168855706565,7.0005517400215345,195.85140776640216
person_years_exposure,state,2,male,18-64,5102.434230937629,4235.406385981851,6047.368312890154
person_years_exposure,state,2,male,65+,949.0126931244082,703.692884730627,1223.0458541503433
mortality_rate,state,2,male,0-17,0.00241963073310549,0.00040853010086215066,0.005712405970567088
mortality_rate,state,2,male,18-44,0.0015736197212825314,0.0,0.0038266890445126725
mortality_rate,state,2,male,45-64,0.012740330337905172,0.004200795360170674,0.0271129691637023
mortality_rate,state,2,male,65-74,0.04412136392360881,0.014861500926983889,0.09749366364379611
mortality_rate,state,2,male,75-84,0.1257209040593994,0.04385015890540852,0.29602809260951696
mortality_rate,state,2,male,85+,0.0935598361935338,0.0,0.30587189549853744
qualifying_event_rate,state,2,male,0-17,0.025628066008031525,0.017599672963841986,0.03557717035661999
qualifying_event_rate,state,2,male,18-44,0.03734719439940338,0.02609251102233806,0.05053920328945917
qualifying_event_rate,state,2,male,45-64,0.04550275934112814,0.03279772770964877,0.06160377389286386
qualifying_event_rate,state,2,male,65-74,0.05885065105917297,0.040379730601664436,0.0809558088610491
qualifying_event_rate,state,2,male,75-84,0.06359661617975568,0.0346135904750546,0.10021163925048267
qualifying_event_rate,state,2,male,85+,0.02410916266266887,0.0,0.08254405936226396
person_years_exposure,state,2,female,0-17,2332.4270244150994,1941.1147412672738,2764.5607076940855
person_years_exposure,state,2,female,18-44,2607.1426612668574,2186.6623418269,3074.961879831596
person_years_exposure,state,2,female,45-64,2433.8440740987835,2028.9509169130606,2881.389041181551
person_years_exposure,state,2,female,65-74,671.278030721416,527.8186588280528,820.761554596603
person_years_exposure,state,2,female,75-84,142.50593878203674,92.16037599160953,195.60714543283746
person_years_exposure,state,2,female,85+,15.581587378110322,6.654097092220233,26.773657887333627
person_years_exposure,state,2,female,18-64,5040.986735365641,4219.675119699528,5958.981304024783
person_years_exposure,state,2,female,65+,829.3655568815631,636.9252156283313,1027.4190512200375
mortality_rate,state,2,female,0-17,0.0027098581458331744,0.00042946892420770447,0.006102170107310056
mortality_rate,state,2,female,18-44,0.0029324138135692767,0.0006649119128702308,0.00657792043231759
mortality_rate,state,2,female,45-64,0.011252548592225494,0.003682199303266057,0.023982290092751622
mortality_rate,state,2,female,65-74,0.050929992900776246,0.017105948314710656,0.11367275442726016
mortality_rate,state,2,female,75-84,0.10480815687747151,0.03340964790901667,0.2544188819023125
mortality_rate,state,2,female,85+,0.10961285631672268,0.0,0.34770254830276554
qualifying_event_rate,state,2,female,0-17,0.029481039708064177,0.020403037777705454,0.04077211582191967
qualifying_event_rate,state,2,female,18-44,0.035749243236561826,0.025393281952310734,0.048448817324841804
qualifying_event_rate,state,2,female,45-64,0.05208459027251324,0.037879670617048555,0.07015981613917892
qualifying_event_rate,state,2,female,65-74,0.06468496814022846,0.043249563737453485,0.09044350019231313
qualifying_event_rate,state,2,female,75-84,0.05671350122352916,0.025829448249422366,0.09492576622849261
qualifying_event_rate,state,2,female,85+,0.03284298574730635,0.0,0.11277186290023074
person_years_exposure,state,3,male,0-17,3678.180556463608,3283.2541777168085,4084.0093818878577
person_years_exposure,state,3,male,18-44,4322.413178766245,3872.1508840626852,4777.018968168302
person_years_exposure,state,3,male,45-64,4384.448108029011,3912.603295679499,4856.046610830174
person_years_exposure,state,3,male,65-74,1126.6649539836621,952.9500686192317,1286.6615459950958
person_years_exposure,state,3,male,75-84,337.40394679905626,234.06341472257012,420.255534646984
person_years_exposure,state,3,male,85+,45.949881716673886,23.610674476522874,66.35746385073078
person_years_exposure,state,3,male,18-64,8706.861286795256,7786.1373948178025,9622.558424025161
person_years_exposure,state,3,male,65+,1510.0187824993923,1222.0404316732845,1759.1749334393428
mortality_rate,state,3,male,0-17,0.009618057782082677,0.0030917488116610145,0.02071407362749211
mortality_rate,state,3,male,18-44,0.0014743056991923752,0.00023619321865325587,0.00344287985483411
mortality_rate,state,3,male,45-64,0.010775056430645616,0.003669494708140256,0.02294144361285564
mortality_rate,state,3,male,65-74,0.04656962431870528,0.016123789314696255,0.10338600728502537
mortality_rate,state,3,male,75-84,0.11729125079820678,0.04243467672326261,0.2828830875505313
mortality_rate,state,3,male,85+,0.14001266268052281,0.03465483220619245,0.3755636387030913
qualifying_event_rate,state,3,male,0-17,0.033763694559668836,0.024150789647262295,0.04596215361282085
qualifying_event_rate,state,3,male,18-44,0.05014248260988234,0.037269570204974775,0.06752571914639979
qualifying_event_rate,state,3,male,45-64,0.05367983370164743,0.040264249359488434,0.07194715652969413
qualifying_event_rate,state,3,male,65-74,0.08367513121736413,0.06149690946384268,0.11009201063467383
qualifying_event_rate,state,3,male,75-84,0.07095352736532103,0.04391570121534738,0.10415199079923625
qualifying_event_rate,state,3,male,85+,0.0428039712367227,0.0,0.0994232600183313
person_years_exposure,state,3,female,0-17,3994.522230296513,3575.6636379273864,4412.38150320886
person_years_exposure,state,3,female,18-44,4429.3812755235485,3981.212631263138,4893.775926742497
person_years_exposure,state,3,female,45-64,4285.341007780867,3833.323018917525,4734.326527157734
person_years_exposure,state,3,female,65-74,1172.7418004833912,998.1608772660464,1336.1429911907087
person_years_exposure,state,3,female,75-84,423.2670069753757,303.04125301810825,521.5997077595101
person_years_exposure,state,3,female,85+,58.21910091408715,33.45195715747097,79.63052770203687
person_years_exposure,state,3,female,18-64,8714.722283304414,7817.547256754345,9630.068534127025
person_years_exposure,state,3,female,65+,1654.2279083728542,1353.3434806783055,1926.7611178194877
mortality_rate,state,3,female,0-17,0.0016151268623109136,0.0002506459440667746,0.0036868914354172837
mortality_rate,state,3,female,18-44,0.002222706565847914,0.0005218591638094482,0.004970168867759383
mortality_rate,state,3,female,45-64,0.009543230286573553,0.0033168501684270276,0.02043689968434354
mortality_rate,state,3,female,65-74,0.044868917634948366,0.015438251249669572,0.09967600564156606
mortality_rate,state,3,female,75-84,0.10470722168435544,0.03758206941301714,0.2496908874022711
mortality_rate,state,3,female,85+,0.15676701543074795,0.05033515336162023,0.396334683700596
qualifying_event_rate,state,3,female,0-17,0.034314287235039403,0.025246773363365525,0.046917665148206146
qualifying_event_rate,state,3,female,18-44,0.04979337183767101,0.03715872107986333,0.0670044690679367
qualifying_event_rate,state,3,female,45-64,0.06584343591514243,0.04970105471192139,0.08672217724878965
qualifying_event_rate,state,3,female,65-74,0.07187912005906577,0.051656784836362685,0.0969389253723742
qualifying_event_rate,state,3,female,75-84,0.07294373221577391,0.04822101208313719,0.10160906332131152
qualifying_event_rate,state,3,female,85+,0.05283640995917219,0.011706741967416012,0.10637682230242904
person_years_exposure,state,4,male,0-17,2116.705132439665,1859.5863079011967,2352.3693007049505
person_years_exposure,state,4,male,18-44,2452.9308550575192,2154.533306130786,2720.615954329713
person_years_exposure,state,4,male,45-64,2237.343790097174,1959.814854936151,2494.001150456899
person_years_exposure,state,4,male,65-74,559.1327816556237,463.8815007040501,645.8890010386791
person_years_exposure,state,4,male,75-84,186.1005703728285,117.6883670006701,250.88669091553484
person_years_exposure,state,4,male,85+,4.669866369505911,0.5775936469866535,9.242858862684903
person_years_exposure,state,4,male,18-64,4690.274645154694,4125.733512443328,5210.972537414185
person_years_exposure,state,4,male,65+,749.9032183979582,590.1490042532419,898.2286527562161
mortality_rate,state,4,male,0-17,0.003921788351163561,0.0008932566319275716,0.008763749581809012
mortality_rate,state,4,male,18-44,0.0014835967140071156,0.0,0.0036416119210612285
mortality_rate,state,4,male,45-64,0.011853568472527033,0.0038866439659435126,0.025224686093701296
mortality_rate,state,4,male,65-74,0.046432690557545765,0.014792894965822999,0.10574670696936139
mortality_rate,state,4,male,75-84,0.12536606001548578,0.04429619808479501,0.31113825404629575
mortality_rate,state,4,male,85+,0.014779308778860219,0.0,0.15209805714070032
qualifying_event_rate,state,4,male,0-17,0.03890900317505494,0.027307450504721616,0.05285670941646955
qualifying_event_rate,state,4,male,18-44,0.053362034317016784,0.039334170267619636,0.07117986088270077
qualifying_event_rate,state,4,male,45-64,0.06342948940027957,0.047345848735978344,0.08442593510041059
qualifying_event_rate,state,4,male,65-74,0.09968217316321361,0.07223941710932501,0.13228015930224354
qualifying_event_rate,state,4,male,75-84,0.07825666348388252,0.04549014737099283,0.12077825369272589
qualifying_event_rate,state,4,male,85+,0.036731454134722126,0.0,0.21922824632552507
person_years_exposure,state,4,female,0-17,1895.280755506102,1667.9491927991892,2103.7055952895294
person_years_exposure,state,4,female,18-44,2131.326602941106,1872.0043996583836,2365.6993266963887
person_years_exposure,state,4,female,45-64,2439.7986572778914,2140.9624773065016,2715.4755659467464
person_years_exposure,state,4,female,65-74,619.5388153277094,513.086336669115,719.7733841399479
person_years_exposure,state,4,female,75-84,158.24056377155446,109.12409185297773,204.77851219349648
person_years_exposure,state,4,female,85+,13.2933282941136,4.672956963735214,20.23446167553782
person_years_exposure,state,4,female,18-64,4571.125260218998,4015.3315607230047,5073.527065976909
person_years_exposure,state,4,female,65+,791.0727073933774,636.927048104847,937.5796698063829
mortality_rate,state,4,female,0-17,0.0010472660979032504,0.0,0.0028457640947949026
mortality_rate,state,4,female,18-44,0.002687540865790188,0.000452865487865434,0.006252270919692576
mortality_rate,state,4,female,45-64,0.009440216098896167,0.0029865988065679127,0.02063819845939099
mortality_rate,state,4,female,65-74,0.045753656472493125,0.015069219892858749,0.10370261015240066
mortality_rate,state,4,female,75-84,0.116259447712512,0.03758296627736583,0.279467423519005
mortality_rate,state,4,female,85+,0.01738791874280355,0.0,0.1255369164521208
qualifying_event_rate,state,4,female,0-17,0.04298402579054611,0.03066630684408776,0.0579770430598442
qualifying_event_rate,state,4,female,18-44,0.05559306787511293,0.04125453368039025,0.07429668266966266
qualifying_event_rate,state,4,female,45-64,0.07461933459167977,0.057286020005082594,0.0970111458070261
qualifying_event_rate,state,4,female,65-74,0.0775425260552759,0.05397735221425233,0.10497375197290867
qualifying_event_rate,state,4,female,75-84,0.07864387857158037,0.04331649018589987,0.12210678347838783
qualifying_event_rate,state,4,female,85+,0.04373987350869743,0.0,0.14931642151347474
person_years_exposure,state,5,male,0-17,16905.835628632423,15496.559385141065,18194.416337434883
person_years_exposure,state,5,male,18-44,18535.70849197688,16955.87352485521,19960.635072574998
person_years_exposure,state,5,male,45-64,16744.212713604542,15281.627422446805,18056.006488622977
person_years_exposure,state,5,male,65-74,4460.302545330756,3796.450685151469,4983.102157695347
person_years_exposure,state,5,male,75-84,1235.7170102941952,875.2709617471849,1512.6933216052169
person_years_exposure,state,5,male,85+,163.4890025139326,95.33284837216159,222.15162565670158
person_years_exposure,state,5,male,18-64,35279.92120558142,32235.346220263342,38008.73054884605
person_years_exposure,state,5,male,65+,5859.508558138885,4794.800204042855,6687.892400183714
mortality_rate,state,5,male,0-17,0.0017107339355510792,0.0005302251041854227,0.0036812228924504183
mortality_rate,state,5,male,18-44,0.0014648931300901185,0.00045433767308558046,0.0031638744542225343
mortality_rate,state,5,male,45-64,0.011620823641989093,0.004281883197747323,0.024163118069297468
mortality_rate,state,5,male,65-74,0.05093736990906912,0.019482474457409006,0.11249782456213141
mortality_rate,state,5,male,75-84,0.11804636752824889,0.0458464459581372,0.2729049311799406
mortality_rate,state,5,male,85+,0.148617107203452,0.05395045248727772,0.3601267959053137
qualifying_event_rate,state,5,male,0-17,0.0171575658638244,0.01257320109823178,0.023053255576714542
qualifying_event_rate,state,5,male,18-44,0.026325688841579764,0.01962429041152165,0.03539314296789545
qualifying_event_rate,state,5,male,45-64,0.03310183345820792,0.02501421929269795,0.04378135348188725
qualifying_event_rate,state,5,male,65-74,0.04723480587375744,0.03526698145364626,0.06356678957411445
qualifying_event_rate,state,5,male,75-84,0.047742792424917475,0.03375026630152056,0.06750649127758357
qualifying_event_rate,state,5,male,85+,0.03215945791339064,0.010796159931455648,0.05936335639872269
person_years_exposure,state,5,female,0-17,16574.25968582871,15159.949613070945,17901.13231706398
person_years_exposure,state,5,female,18-44,18869.83851972414,17262.51989600099,20388.001231259233
person_years_exposure,state,5,female,45-64,16281.528686315112,14821.120189294095,17569.833759930498
person_years_exposure,state,5,female,65-74,4367.0925627677125,3722.0171086445507,4878.50056380478
person_years_exposure,state,5,female,75-84,1458.599058087046,1029.8112322432057,1775.8273660573705
person_years_exposure,state,5,female,85+,173.1506975472492,100.3171899084944,236.4901068595578
person_years_exposure,state,5,female,18-64,35151.36720603926,32116.412448556817,37880.78432227633
person_years_exposure,state,5,female,65+,5998.842318402008,4887.683399900668,6863.773491641892
mortality_rate,state,5,female,0-17,0.001847214386515098,0.0005745049472017107,0.003812332385135869
mortality_rate,state,5,female,18-44,0.002091683324223646,0.0006908492902074382,0.004369370817027637
mortality_rate,state,5,female,45-64,0.011561432381160064,0.0042764776328064295,0.02394972273516186
mortality_rate,state,5,female,65-74,0.05316222766284693,0.01997648755126191,0.11578781069389792
mortality_rate,state,5,female,75-84,0.12007370530370311,0.045729253285495326,0.27828229615341443
mortality_rate,state,5,female,85+,0.14755376493968161,0.05581557433259497,0.3395134908070681
qualifying_event_rate,state,5,female,0-17,0.018760588827965073,0.013872632686725964,0.02535481093990191
qualifying_event_rate,state,5,female,18-44,0.02453904909004281,0.018284461715484552,0.03262196115060616
qualifying_event_rate,state,5,female,45-64,0.03235722683752982,0.0242297412559421,0.042956665288665444
qualifying_event_rate,state,5,female,65-74,0.046186576982713064,0.03436861607585001,0.06196658691398298
qualifying_event_rate,state,5,female,75-84,0.04938818718463491,0.0353390878737561,0.06852105253480699
qualifying_event_rate,state,5,female,85+,0.03379901169794712,0.01272378591259084,0.06092770920872813
