estimand,level,unit,sex,age_band,estimate,lower,upper
children_under_16,county,0,,,1470.4935867252482,843.1873437757365,2097.79982967476
children_under_16,county,1,,,1429.2126715288234,845.9697845042119,2012.455558553435
children_under_16,county,2,,,509.24889663421027,314.6483573804056,703.8494358880149
children_under_16,county,3,,,362.1871725095473,189.8878994348856,534.4864455842089
children_under_16,county,4,,,555.0380765390861,298.6072757166965,811.4688773614757
children_under_16,county,5,,,295.7106917395015,207.52011504148055,383.90126843752245
children_under_16,county,6,,,734.0103528055386,346.657375519913,1121.3633300911642
children_under_16,county,7,,,385.13498962705967,191.84171995090452,578.4282593032149
children_under_16,county,8,,,422.33331245615017,243.30346802762557,601.3631568846747
children_under_16,county,9,,,586.4547348320193,319.39351840213294,853.5159512619057
children_under_16,county,10,,,420.917365278193,240.65663914708156,601.1780914093044
children_under_16,county,11,,,1116.4546637442647,707.8001902034906,1525.1091372850387
children_under_16,county,12,,,665.3392431549205,378.1963199099005,952.4821663999405
children_under_16,county,13,,,423.4483004864118,272.1810218825734,574.7155790902502
children_under_16,county,14,,,375.5617005253586,179.42000319224135,571.7033978584759
children_under_16,county,15,,,1092.342393143835,604.7943111601259,1579.890475127544
children_under_16,county,16,,,1125.4703592183746,693.0078824330644,1557.9328360036848
children_under_16,nation,0,,,11969.358510948543,10095.175440821464,13843.541581075622
children_under_16,state,0,,,3649.0925883021964,2479.1398089191603,4819.045367685232
children_under_16,state,1,,,2968.000647729238,2096.3282221045124,3839.673073353964
children_under_16,state,2,,,2279.84862210506,1590.321107962999,2969.3761362471205
children_under_16,state,3,,,1487.6575317279219,993.3269794439803,1981.9880840118635
children_under_16,state,4,,,1289.0484293446248,783.4615156633722,1794.6353430258773
children_under_16,state,5,,,295.7106917395015,221.15070435783534,370.27067912116763
elders_65_plus,county,0,,,592.0143611351709,339.4635795415561,844.5651427287858
elders_65_plus,county,1,,,587.6046087812588,347.81089908237493,827.3983184801426
elders_65_plus,county,2,,,325.43034248828303,201.0728415563588,449.78784342020725
elders_65_plus,county,3,,,205.96143138392677,107.98169161848286,303.9411711493707
elders_65_plus,county,4,,,399.6399965060431,215.0040072353414,584.2759857767447
elders_65_plus,county,5,,,198.84526759182125,139.5431208908047,258.1474142928378
elders_65_plus,county,6,,,390.76094801318044,184.54803011451497,596.9738659118459
elders_65_plus,county,7,,,175.10863902982024,87.22433275219238,262.9929453074481
elders_65_plus,county,8,,,238.99960368319444,137.68611359395618,340.3130937724327
elders_65_plus,county,9,,,236.3006842818306,128.6934906838522,343.907877879809
elders_65_plus,county,10,,,246.5267167200611,140.94997260710124,352.10346083302096
elders_65_plus,county,11,,,639.9404079982853,405.7038384174268,874.1769775791438
elders_65_plus,county,12,,,342.41138223413043,194.6356328572331,490.1871316110278
elders_65_plus,county,13,,,217.16560458777337,139.58812942819628,294.74307974735046
elders_65_plus,county,14,,,234.31143024849237,111.93941635783095,356.6834441391538
elders_65_plus,county,15,,,493.64893855224113,273.3172965001986,713.9805806042837
elders_65_plus,county,16,,,584.2135091530006,359.7292132580766,808.6978050479246
elders_65_plus,nation,0,,,6108.883872388514,5133.7615428325225,7084.006201944505
elders_65_plus,state,0,,,1674.6013986416035,1147.3491299435696,2201.8536673396375
elders_65_plus,state,1,,,1466.5446204627385,1056.7875352477317,1876.3017056777453
elders_65_plus,state,2,,,1188.3167006361996,825.1970470726384,1551.436354199761
elders_65_plus,state,3,,,790.1749405369274,522.8257412986925,1057.5241397751622
elders_65_plus,state,4,,,790.4009445192235,496.40321590036245,1084.3986731380844
elders_65_plus,state,5,,,198.84526759182125,148.70876236322198,248.98177282042053
households,county,0,,,3057.544043577741,1753.208897920435,4361.879189235047
households,county,1,,,3150.190457207525,1864.6391788426909,4435.741735572359
households,county,2,,,1537.4073873817194,949.9141034204889,2124.90067134295
households,county,3,,,954.9297478081982,500.65164556429454,1409.2078500521018
households,county,4,,,1833.46107439691,986.3914561899693,2680.5306926038506
households,county,5,,,1054.220266627305,739.8173861169684,1368.6231471376414
households,county,6,,,1960.720205855737,926.0061770148982,2995.434234696576
households,county,7,,,1039.217116524881,517.6501860545192,1560.784046995243
households,county,8,,,1185.304908500704,682.8464305389867,1687.7633864624213
households,county,9,,,1497.5532620488432,815.5937311979848,2179.5127928997017
households,county,10,,,1251.5377070290167,715.558166958459,1787.5172470995744
households,county,11,,,2856.075034540086,1810.6695402241307,3901.4805288560415
households,county,12,,,1752.716368545369,996.2900689375957,2509.1426681531425
households,county,13,,,1181.1373195650983,759.2028643250824,1603.0717748051143
households,county,14,,,1179.7309335206683,563.6020061741411,1795.8598608671955
households,county,15,,,2402.4094848973773,1330.1356778448696,3474.6832919498847
households,county,16,,,2430.3359317409004,1496.4782891540879,3364.1935743277127
households,nation,0,,,30324.49124976808,25510.964148387437,35138.01835114873
households,state,0,,,8464.207604049505,5762.111761739157,11166.303446359852
households,state,1,,,7191.570400248314,5112.606968520596,9270.533831976034
households,state,2,,,6435.0460190412105,4460.37411935506,8409.717918727361
households,state,3,,,3385.2656795490984,2195.7317877497453,4574.7995713484515
households,state,4,,,3794.181280252647,2333.4063177222306,5254.956242783063
households,state,5,,,1054.220266627305,788.4109740553895,1320.0295591992203
low_income_household_share,county,0,,,0.3726762618236381,0.2637250153818197,0.4816275082654565
low_income_household_share,county,1,,,0.34290923237850685,0.23546356627014736,0.45035489848686633
low_income_household_share,county,2,,,0.35135556175878774,0.24485301392183473,0.45785810959574075
low_income_household_share,county,3,,,0.4354812262808023,0.3218966162378917,0.549065836323713
low_income_household_share,county,4,,,0.35819980860946776,0.24918590413309694,0.4672137130858386
low_income_household_share,county,5,,,0.4548784956386158,0.3332216853962699,0.5765353058809618
low_income_household_share,county,6,,,0.34619064468616023,0.23727100518559163,0.45511028418672883
low_income_household_share,county,7,,,0.34540537365811197,0.23906342905489192,0.451747318261332
low_income_household_share,county,8,,,0.35706166663138444,0.2493307249038813,0.4647926083588876
low_income_household_share,county,9,,,0.3310788112115499,0.2243233359525979,0.43783428647050193
low_income_household_share,county,10,,,0.4488644944701221,0.3380066049100644,0.5597223840301798
low_income_household_share,county,11,,,0.31759843508966545,0.21051092929189363,0.4246859408874373
low_income_household_share,county,12,,,0.42617516978381687,0.315970509427228,0.5363798301404057
low_income_household_share,county,13,,,0.3370768177103491,0.23093036649486376,0.4432232689258344
low_income_household_share,county,14,,,0.33491124955438295,0.22848981941087526,0.44133267969789064
low_income_household_share,county,15,,,0.38535777640484414,0.2761835718327734,0.49453198097691486
low_income_household_share,county,16,,,0.3797418266091659,0.2711862799907916,0.4882973732275402
low_income_household_share,nation,0,,,0.3668195444033078,0.3005632603862986,0.43307582842031694
low_income_household_share,state,0,,,0.39621629475421877,0.32429276700111537,0.46813982250732217
low_income_household_share,state,1,,,0.33532614734302657,0.26647709408715803,0.4041752005988951
low_income_household_share,state,2,,,0.3399433132985511,0.27282857203440836,0.40705805456269384
low_income_household_share,state,3,,,0.3945280156537383,0.32209519844721124,0.46696083286026535
low_income_household_share,state,4,,,0.35179901465247254,0.2803750601163778,0.4232229691885673
low_income_household_share,state,5,,,0.4548784956386158,0.3652385660405725,0.5445184252366592
mean_income_adults,county,0,,,37020.923720209335,28177.475536986974,45864.3719034317
mean_income_adults,county,1,,,37115.48362161259,28389.399044447287,45841.568198777895
mean_income_adults,county,2,,,34081.05564820958,26206.926653055656,41955.1846433635
mean_income_adults,county,3,,,34158.61048794764,25717.767763041164,42599.45321285412
mean_income_adults,county,4,,,36398.272233700736,27657.510129072638,45139.034338328835
mean_income_adults,county,5,,,41747.00539060423,30728.160455266203,52765.85032594226
mean_income_adults,county,6,,,36678.7117685811,27848.471789442287,45508.95174771992
mean_income_adults,county,7,,,34157.7844929917,26282.125822848957,42033.443163134434
mean_income_adults,county,8,,,37161.97611957135,28411.22925839574,45912.72298074696
mean_income_adults,county,9,,,35154.85500655438,26972.179554786053,43337.53045832271
mean_income_adults,county,10,,,36342.14365936245,27639.297851127667,45044.98946759724
mean_income_adults,county,11,,,37216.96352694682,28474.70563884471,45959.22141504893
mean_income_adults,county,12,,,36815.568961022094,28009.573320871546,45621.56460117264
mean_income_adults,county,13,,,34397.397469734395,26487.249736930633,42307.54520253816
mean_income_adults,county,14,,,34582.081907373904,26587.132750003297,42577.03106474451
mean_income_adults,county,15,,,36793.13358774269,28007.926378656302,45578.34079682908
mean_income_adults,county,16,,,35586.98570012243,27148.78586492903,44025.18553531583
mean_income_adults,nation,0,,,36347.33468587436,30641.81510319419,42052.85426855453
mean_income_adults,state,0,,,36828.26544877593,30458.52873587958,43198.00216167228
mean_income_adults,state,1,,,37164.70719130146,30934.60292432932,43394.8114582736
mean_income_adults,state,2,,,34503.00765148489,28965.939891492526,40040.07541147726
mean_income_adults,state,3,,,35206.66287273478,29112.69516296917,41300.63058250039
mean_income_adults,state,4,,,36547.87676195267,30112.071626788907,42983.68189711643
mean_income_adults,state,5,,,41747.00539060423,33129.92915425121,50364.08162695725
median_household_income,county,0,,,34751.52335529027,24888.739651993914,44614.30705858663
median_household_income,county,1,,,33768.08312218825,24291.330168488872,43244.83607588762
median_household_income,county,2,,,26638.205411885832,19252.877501504932,34023.53332226673
median_household_income,county,3,,,25842.431034381236,18328.228973256617,33356.63309550585
median_household_income,county,4,,,35847.71193345882,25635.616922766876,46059.80694415077
median_household_income,county,5,,,20511.181731971465,14251.028384973464,26771.335078969467
median_household_income,county,6,,,39311.372071261605,28092.565435789256,50530.178706733954
median_household_income,county,7,,,25431.214729304058,18390.566488176675,32471.86297043144
median_household_income,county,8,,,32423.18097523955,23313.825461007815,41532.536489471284
median_household_income,county,9,,,32841.09700925912,23688.927155743135,41993.26686277511
median_household_income,county,10,,,25340.142612997213,18135.742963300407,32544.54226269402
median_household_income,county,11,,,38529.25071908465,27722.977095523765,49335.52434264554
median_household_income,county,12,,,29843.707467598295,21365.887013831805,38321.52792136479
median_household_income,county,13,,,27993.046786229635,20257.216840153964,35728.87673230531
median_household_income,county,14,,,28893.77109784782,20879.57213330067,36907.97006239497
median_household_income,county,15,,,34504.73836250364,24715.015082987855,44294.46164201942
median_household_income,county,16,,,35996.0403523411,25833.385849760114,46158.69485492208
median_household_income,nation,0,,,32785.44043128446,25567.996828135823,40002.884034433104
median_household_income,state,0,,,32549.51446469165,25046.79443986158,40052.23448952172
median_household_income,state,1,,,35390.26845974702,27346.65344507358,43433.883474420465
median_household_income,state,2,,,28594.63713867508,22245.269289080712,34944.00498826945
median_household_income,state,3,,,33302.11674819485,25568.23619532723,41035.997301062474
median_household_income,state,4,,,37693.07296723141,28911.153196125968,46474.992738336856
median_household_income,state,5,,,20511.181731971465,15238.133213031892,25784.230250911038
persons,county,0,,,6136.252977867116,3518.553835155527,8753.952120578706
persons,county,1,,,6347.774909897463,3757.331487176714,8938.218332618211
persons,county,2,,,2710.3100559854397,1674.6125769614969,3746.0075350093825
persons,county,3,,,1862.4636490119422,976.4545431972398,2748.4727548266446
persons,county,4,,,3043.7831972823665,1637.5377597157317,4450.028634849001
persons,county,5,,,1722.3038482013392,1208.6566454958615,2235.951050906817
persons,county,6,,,3552.030593639117,1677.5480054892266,5426.513181789007
persons,county,7,,,1808.3470348028231,900.7657438775528,2715.9283257280936
persons,county,8,,,2044.0627220427953,1177.5712085004825,2910.554235585108
persons,county,9,,,2735.6223160494087,1489.8678186862644,3981.376813412553
persons,county,10,,,2013.6078391784276,1151.2665789320026,2875.9490994248526
persons,county,11,,,5198.398837279659,3295.635555357363,7101.162119201956
persons,county,12,,,2924.2216619429123,1662.2044806849199,4186.238843200905
persons,county,13,,,2076.507884187364,1334.7226502411563,2818.293118133572
persons,county,14,,,2020.3178550314665,965.1821138631044,3075.4535961998286
persons,county,15,,,4671.699707667657,2586.5675674401696,6756.831847895144
persons,county,16,,,5244.226826293385,3229.130379241813,7259.323273344957
persons,nation,0,,,56111.93191636068,47169.5227729927,65054.34105972866
persons,state,0,,,15745.782186656113,10655.267179144888,20836.29719416734
persons,state,1,,,13590.236469219917,9582.568860009356,17597.904078430478
persons,state,2,,,11351.105146056501,7875.905955006574,14826.304337106429
persons,state,3,,,7106.690475305327,4695.7739703248135,9517.60698028584
persons,state,4,,,6595.813790921484,4023.1132184164094,9168.514363426559
persons,state,5,,,1722.3038482013392,1288.0451055299359,2156.5625908727425
tertiary_share_25_plus,county,0,,,0.545358890371591,0.5206098798883911,0.5701079008547909
tertiary_share_25_plus,county,1,,,0.4910250172339708,0.4663122476169429,0.5157377868509987
tertiary_share_25_plus,county,2,,,0.428341402743079,0.3993450155711264,0.45733778991503166
tertiary_share_25_plus,county,3,,,0.4360134745766273,0.40324559453575987,0.46878135461749476
tertiary_share_25_plus,county,4,,,0.42869809373185574,0.4011777445442678,0.4562184429194437
tertiary_share_25_plus,county,5,,,0.40321957405983044,0.37123911551089694,0.43520003260876394
tertiary_share_25_plus,county,6,,,0.4435334892396535,0.4162054669166399,0.47086151156266715
tertiary_share_25_plus,county,7,,,0.4501920175320447,0.4171438962014891,0.48324013886260025
tertiary_share_25_plus,county,8,,,0.4411682239276566,0.4089796871926731,0.4733567606626401
tertiary_share_25_plus,county,9,,,0.4768804651942969,0.4472663363241933,0.5064945940644004
tertiary_share_25_plus,county,10,,,0.42308638930207015,0.39106088326949606,0.45511189533464425
tertiary_share_25_plus,county,11,,,0.4456599687941169,0.42064109814213846,0.47067883944609534
tertiary_share_25_plus,county,12,,,0.4489646899899126,0.420132996917438,0.47779638306238725
tertiary_share_25_plus,county,13,,,0.43649438234272697,0.4051674650339032,0.4678212996515507
tertiary_share_25_plus,county,14,,,0.41874280713060136,0.3871203150890718,0.4503652991721309
tertiary_share_25_plus,county,15,,,0.4740289079184112,0.44792448954762853,0.5001333262891938
tertiary_share_25_plus,county,16,,,0.46778979389482034,0.44243113069908857,0.4931484570905521
tertiary_share_25_plus,nation,0,,,0.4623857483534085,0.4413787002977896,0.48339279640902744
tertiary_share_25_plus,state,0,,,0.49058085069826385,0.4671114086465333,0.5140502927499944
tertiary_share_25_plus,state,1,,,0.4661130322510036,0.4434220176725845,0.4888040468294227
tertiary_share_25_plus,state,2,,,0.4433423620540347,0.420321983132144,0.46636274097592545
tertiary_share_25_plus,state,3,,,0.45936689085197524,0.4351044089581633,0.48362937274578716
tertiary_share_25_plus,state,4,,,0.4366019643942847,0.4125274690316184,0.46067645975695104
tertiary_share_25_plus,state,5,,,0.40321957405983044,0.37123911551089694,0.43520003260876394
person_years_exposure,county,0,male,0-17,3918.7198164684473,2762.5347525086077,5895.36612404834
person_years_exposure,county,0,male,18-44,5534.095266284234,3896.8601190291724,8393.804416182007
person_years_exposure,county,0,male,45-64,4481.272322007108,3155.575461676166,6744.05337113921
person_years_exposure,county,0,male,65-74,1194.4000589252748,828.0385095283814,1808.2207119046593
person_years_exposure,county,0,male,75-84,419.0066572493176,266.6037418965689,644.1288047021499
person_years_exposure,county,0,male,85+,55.443591129889676,25.422571076874085,91.16664193229147
person_years_exposure,county,0,male,18-64,10015.367588291341,7058.1518363392115,15149.71257628041
person_years_exposure,county,0,male,65+,1668.8503073044822,1131.8226302224969,2509.896448816936
mortality_rate,county,0,male,0-17,0.0012834030271478825,0.00019131807164789972,0.0030850277845703754
mortality_rate,county,0,male,18-44,0.0015998126521129677,0.00034440807844693063,0.003639553258172574
mortality_rate,county,0,male,45-64,0.009383343252707439,0.003069501056414808,0.02047658171468337
mortality_rate,county,0,male,65-74,0.037866323535847686,0.01250495292600036,0.0844043309522127
mortality_rate,county,0,male,75-84,0.09821333443665328,0.03446296825097614,0.23428557753023388
mortality_rate,county,0,male,85+,0.15157119149780982,0.04371652073806289,0.43233244824470696
qualifying_event_rate,county,0,male,0-17,0.01456326009776604,0.008610180107479234,0.022512091329928204
qualifying_event_rate,county,0,male,18-44,0.01847169522298204,0.011226256237836713,0.028089583977394375
qualifying_event_rate,county,0,male,45-64,0.026932942027096597,0.016500804040752097,0.040014381650154696
qualifying_event_rate,county,0,male,65-74,0.0395968111692038,0.02317701277166036,0.06015384215954352
qualifying_event_rate,county,0,male,75-84,0.04631548310196472,0.023694211464132583,0.07388420398229355
qualifying_event_rate,county,0,male,85+,0.022152553725453803,0.0,0.06287005942072084
person_years_exposure,county,0,female,0-17,3774.5197135462286,2655.1526700646455,5676.844009596643
person_years_exposure,county,0,female,18-44,5603.704265581273,3947.4080931009876,8501.406240043098
person_years_exposure,county,0,female,45-64,4555.000019414623,3208.477415033456,6860.325205170971
person_years_exposure,county,0,female,65-74,1073.5460476411001,742.0997819596363,1618.5742326221068
person_years_exposure,county,0,female,75-84,298.5936444419333,183.51679595886404,454.04597528628835
person_years_exposure,county,0,female,85+,53.64547828743197,25.744672715156963,87.74745445703869
person_years_exposure,county,0,female,18-64,10158.704284995896,7159.92949647478,15324.50519182062
person_years_exposure,county,0,female,65+,1425.7851703704655,966.8713212810753,2148.0812512045427
mortality_rate,county,0,female,0-17,0.0024606038280627065,0.0005599122923612317,0.005490301075776067
mortality_rate,county,0,female,18-44,0.0019629872453411795,0.0004728522057633323,0.00437663567940514
mortality_rate,county,0,female,45-64,0.009469011519739343,0.0031195320641524056,0.020575421240450864
mortality_rate,county,0,female,65-74,0.041883915060527,0.014150628293461918,0.09242851969483407
mortality_rate,county,0,female,75-84,0.10796893103494155,0.03579152028603189,0.26150050444531386
mortality_rate,county,0,female,85+,0.15182112252546945,0.04362233764911168,0.4051356892466927
qualifying_event_rate,county,0,female,0-17,0.013043360642232615,0.007500917420058301,0.020398035877406934
qualifying_event_rate,county,0,female,18-44,0.018635221378945816,0.011401245321451233,0.02765403492956049
qualifying_event_rate,county,0,female,45-64,0.025535983700159935,0.015482750460499963,0.03777263204567562
qualifying_event_rate,county,0,female,65-74,0.04260850067913639,0.025357853280288986,0.06434820490541764
qualifying_event_rate,county,0,female,75-84,0.04834493673767278,0.022935791442281455,0.08071591124347845
qualifying_event_rate,county,0,female,85+,0.020655759030757222,0.0,0.06150519528032909
person_years_exposure,county,1,male,0-17,3973.3669427878717,2978.266285571919,6033.165424743696
person_years_exposure,county,1,male,18-44,6229.074095097589,4669.04034646671,9422.840984764187
person_years_exposure,county,1,male,45-64,4749.666726963421,3554.835263959553,7203.0220313568825
person_years_exposure,county,1,male,65-74,1056.9909809731955,761.1187865301432,1616.807686161998
person_years_exposure,county,1,male,75-84,324.3161115915947,204.43521811700367,508.60644337735766
person_years_exposure,county,1,male,85+,65.83030029498259,31.61835253397938,108.14144177256772
person_years_exposure,county,1,male,18-64,10978.740822061009,8246.887568709388,16586.31947635472
person_years_exposure,county,1,male,65+,1447.137392859773,1013.443661407031,2201.010397782266
mortality_rate,county,1,male,0-17,0.0007750580019647614,0.0,0.0019209162537082987
mortality_rate,county,1,male,18-44,0.0017856661688699562,0.000433264384480703,0.003922839734878068
mortality_rate,county,1,male,45-64,0.009455844369045535,0.0031466195293646257,0.020066734468931938
mortality_rate,county,1,male,65-74,0.04836454386101504,0.016732006269273788,0.10678197036971025
mortality_rate,county,1,male,75-84,0.10390672185566345,0.03432639448325516,0.25375768588792164
mortality_rate,county,1,male,85+,0.15061992488838735,0.041241089813106216,0.415547285572091
qualifying_event_rate,county,1,male,0-17,0.020684967189585304,0.012770954536564372,0.031066979975704984
qualifying_event_rate,county,1,male,18-44,0.02566710907237092,0.016125949183268012,0.037870798337392236
qualifying_event_rate,county,1,male,45-64,0.037366314157365264,0.023808957357041086,0.05466494719970647
qualifying_event_rate,county,1,male,65-74,0.060051149470476614,0.036740592653450185,0.08947678551577941
qualifying_event_rate,county,1,male,75-84,0.055772552672862935,0.028919376268853332,0.09101209688849353
qualifying_event_rate,county,1,male,85+,0.028883487383095884,0.0,0.07186808616618408
person_years_exposure,county,1,female,0-17,4144.552633947207,3106.59907393593,6300.574652783656
person_years_exposure,county,1,female,18-44,6102.488454705188,4585.085312433761,9241.389933288909
person_years_exposure,county,1,female,45-64,4190.102802364352,3141.828470484891,6354.642588683504
person_years_exposure,county,1,female,65-74,1056.9614907937544,767.036958142178,1621.9956543367553
person_years_exposure,county,1,female,75-84,330.3481043594008,206.84350657354247,513.3304861526909
person_years_exposure,county,1,female,85+,27.686105306529438,11.001608353515442,48.06533147905509
person_years_exposure,county,1,female,18-64,10292.59125706954,7742.3890519564175,15604.117982491747
person_years_exposure,county,1,female,65+,1414.9957004596847,1004.3768631493593,2168.620226621189
mortality_rate,county,1,female,0-17,0.0011041413342220547,0.0,0.0026018177151552486
mortality_rate,county,1,female,18-44,0.001875915700819305,0.000459613318442948,0.004157219320129035
mortality_rate,county,1,female,45-64,0.009399707846135847,0.003018647458876134,0.01990059302555794
mortality_rate,county,1,female,65-74,0.04227967496496994,0.014100448963465023,0.09323553772474927
mortality_rate,county,1,female,75-84,0.1151120010864553,0.038556247739985776,0.2790335758409062
mortality_rate,county,1,female,85+,0.12810806291306479,0.024538109229230495,0.42514481335143856
qualifying_event_rate,county,1,female,0-17,0.021082949656747688,0.012760119776874655,0.03180257426109971
qualifying_event_rate,county,1,female,18-44,0.026106233459305486,0.01656135882375068,0.03869912146702419
qualifying_event_rate,county,1,female,45-64,0.03708643998091517,0.023680043348728006,0.05465441276087693
qualifying_event_rate,county,1,female,65-74,0.05619088498474835,0.03465836479929255,0.08347803859657454
qualifying_event_rate,county,1,female,75-84,0.05923213226389526,0.03330454590191413,0.09401081228039863
qualifying_event_rate,county,1,female,85+,0.029307330655211464,0.0,0.0960028654652099
person_years_exposure,county,2,male,0-17,1427.7298120535838,1056.4040046696166,2052.382736144765
person_years_exposure,county,2,male,18-44,2295.3485645762034,1698.9161096811795,3302.3688488175803
person_years_exposure,county,2,male,45-64,2060.299853322796,1523.143246013155,2949.223106874725
person_years_exposure,county,2,male,65-74,635.674260317021,454.1798850307672,933.1186753656859
person_years_exposure,county,2,male,75-84,224.947062326886,139.12404586500406,338.4286777245858
person_years_exposure,county,2,male,85+,40.03013305322811,20.625515799920333,65.26841871574146
person_years_exposure,county,2,male,18-64,4355.6484178989995,3226.3199198176176,6248.977954667253
person_years_exposure,county,2,male,65+,900.6514556971351,630.5003030608577,1333.7300923637094
mortality_rate,county,2,male,0-17,0.0014599909861458913,0.0,0.004034970977932056
mortality_rate,county,2,male,18-44,0.0020302608161215886,0.0,0.004784119512845845
mortality_rate,county,2,male,45-64,0.010056418849826432,0.002969880749883548,0.022905873606924775
mortality_rate,county,2,male,65-74,0.046604801436091595,0.015243130256747887,0.10616246427049604
mortality_rate,county,2,male,75-84,0.0924094685980327,0.027823644303492812,0.22964215462188106
mortality_rate,county,2,male,85+,0.15612352220654718,0.04078553369068453,0.43365527057153125
qualifying_event_rate,county,2,male,0-17,0.025729904392527522,0.01449869781228045,0.03949153401053769
qualifying_event_rate,county,2,male,18-44,0.03658122796111058,0.02245118127126163,0.05488149769665306
qualifying_event_rate,county,2,male,45-64,0.05123126016937242,0.03244440008541772,0.0746374347995614
qualifying_event_rate,county,2,male,65-74,0.07118701750646252,0.04380630917115741,0.1036747826785181
qualifying_event_rate,county,2,male,75-84,0.06306007542530087,0.030831059431511064,0.09951961685591545
qualifying_event_rate,county,2,male,85+,0.03681866333300515,0.0,0.09200229395505079
person_years_exposure,county,2,female,0-17,1429.9800225739798,1057.6309773504488,2054.3566423215975
person_years_exposure,county,2,female,18-44,2109.652212401228,1564.0106494934455,3032.031026541203
person_years_exposure,county,2,female,45-64,1937.009965018971,1435.1704097608786,2780.9661220243825
person_years_exposure,county,2,female,65-74,752.6646047782177,541.2269590148068,1098.1637435092573
person_years_exposure,county,2,female,75-84,238.5858560675248,146.08062706628954,365.8583419935889
person_years_exposure,county,2,female,85+,12.415035213492063,4.9364580125209025,20.645413927893777
person_years_exposure,county,2,female,18-64,4046.662177420199,3002.796987963562,5814.651868373752
person_years_exposure,county,2,female,65+,1003.6654960592346,709.8341521233237,1473.7448381959189
mortality_rate,county,2,female,0-17,0.0032117745457960717,0.0,0.007833264378119445
mortality_rate,county,2,female,18-44,0.0022992015331469193,0.0004273646533150084,0.0055233188604166365
mortality_rate,county,2,female,45-64,0.010141425869514104,0.003052838097193911,0.02211820907929468
mortality_rate,county,2,female,65-74,0.04297196580554088,0.014117664437836585,0.09784967153576855
mortality_rate,county,2,female,75-84,0.10419685882077592,0.03287075711482644,0.2601289530730679
mortality_rate,county,2,female,85+,0.11365192223175657,0.0,0.427508199022016
qualifying_event_rate,county,2,female,0-17,0.027962174947399564,0.016000338018395097,0.042821277963075645
qualifying_event_rate,county,2,female,18-44,0.0384949168140765,0.023361371674222513,0.057615665235202417
qualifying_event_rate,county,2,female,45-64,0.053354472304037844,0.03388130189019962,0.0776180771122823
qualifying_event_rate,county,2,female,65-74,0.07769170984168891,0.04885197759712551,0.11396111146641402
qualifying_event_rate,county,2,female,75-84,0.07071989132200658,0.0372423021354562,0.11156738552537372
qualifying_event_rate,county,2,female,85+,0.030409614407325505,0.0,0.12415779120927223
person_years_exposure,county,3,male,0-17,1092.8117325722328,770.9507202361079,1750.8240166429803
person_years_exposure,county,3,male,18-44,1430.4577583718828,1012.1918587796907,2304.7837276766213
person_years_exposure,county,3,male,45-64,1441.6324089549748,1013.193817270529,2316.05062494222
person_years_exposure,county,3,male,65-74,361.398242137965,243.96453831474219,587.3495038543715
person_years_exposure,county,3,male,75-84,120.50330271849384,72.88020071475805,201.31343872969677
person_years_exposure,county,3,male,85+,22.528521612228474,9.125550263346337,41.36917316991274
person_years_exposure,county,3,male,18-64,2872.0901673268577,2026.074974427402,4630.3837462485235
person_years_exposure,county,3,male,65+,504.4300664686873,333.90009021208596,829.7356348070952
mortality_rate,county,3,male,0-17,0.0010437525202215989,0.0,0.003463597015712145
mortality_rate,county,3,male,18-44,0.001878769215148902,0.0,0.005055343099482446
mortality_rate,county,3,male,45-64,0.011167285775310848,0.003011150615677806,0.024592607824433562
mortality_rate,county,3,male,65-74,0.044031320479728284,0.01249460595237159,0.10555473387524705
mortality_rate,county,3,male,75-84,0.09014438812312145,0.02396077484006274,0.23033981776583742
mortality_rate,county,3,male,85+,0.1521974141452999,0.03067414720901991,0.4964359644992036
qualifying_event_rate,county,3,male,0-17,0.02318506775440872,0.012401294437905759,0.03656717914012614
qualifying_event_rate,county,3,male,18-44,0.03679638518923414,0.02145963597889421,0.05498200976616519
qualifying_event_rate,county,3,male,45-64,0.04918656005284732,0.029945477826377694,0.07242620654260501
qualifying_event_rate,county,3,male,65-74,0.06854063596642787,0.03838108041756993,0.10490403498067549
qualifying_event_rate,county,3,male,75-84,0.054181622020657724,0.01927680805172908,0.09798927196760036
qualifying_event_rate,county,3,male,85+,0.03360014051629823,0.0,0.10613654365864902
person_years_exposure,county,3,female,0-17,1070.0165150471032,754.358921915202,1712.253161701614
person_years_exposure,county,3,female,18-44,1639.9229747196584,1157.221210148159,2639.8597586615574
person_years_exposure,county,3,female,45-64,1430.2768814274823,1009.3223331407073,2304.9978267054253
person_years_exposure,county,3,female,65-74,333.8454557526001,225.24650671785375,539.7317242512553
person_years_exposure,county,3,female,75-84,161.25847767813553,95.65124861022647,266.2102294002848
person_years_exposure,county,3,female,85+,28.589645645892787,12.299613956157879,51.045372124303604
person_years_exposure,county,3,female,18-64,3070.199856147141,2166.716995869729,4929.849512169048
person_years_exposure,county,3,female,65+,523.6935790766285,341.2371106527062,848.915677605133
mortality_rate,county,3,female,0-17,0.0011700315905356729,0.0,0.003580217306996575
mortality_rate,county,3,female,18-44,0.002123825453964017,0.0,0.005499790761113529
mortality_rate,county,3,female,45-64,0.01088690537104895,0.0029688022588478507,0.02451250110429821
mortality_rate,county,3,female,65-74,0.043172419219550756,0.011265613859625517,0.10700153431580738
mortality_rate,county,3,female,75-84,0.10221973522679458,0.03015908330242463,0.2562434440556509
mortality_rate,county,3,female,85+,0.13533625295514962,0.02430021589931436,0.43326724273621714
qualifying_event_rate,county,3,female,0-17,0.025084622031447096,0.01354209008998442,0.03980351347433288
qualifying_event_rate,county,3,female,18-44,0.03744333327437729,0.02219103677192332,0.05563559986098784
qualifying_event_rate,county,3,female,45-64,0.049219960660901514,0.030326120945746382,0.07335489267400679
qualifying_event_rate,county,3,female,65-74,0.07045216103265402,0.0393471407921879,0.10735746572310113
qualifying_event_rate,county,3,female,75-84,0.057778160359185156,0.024417050267839358,0.09970371789293357
qualifying_event_rate,county,3,female,85+,0.042086257874886145,0.0,0.1174011822073346
person_years_exposure,county,4,male,0-17,1667.822974045965,1135.0147678977733,2581.247459803338
person_years_exposure,county,4,male,18-44,2428.86714887701,1647.4714582219706,3760.993451699302
person_years_exposure,county,4,male,45-64,2520.0244142827664,1710.5768227369326,3895.8822928635445
person_years_exposure,county,4,male,65-74,776.8381406258371,518.9051662737857,1178.444470933372
person_years_exposure,county,4,male,75-84,309.30603680513354,189.09332453827986,473.9831717514655
person_years_exposure,county,4,male,85+,35.50303407831201,14.654308583061672,62.74419691783177
person_years_exposure,county,4,male,18-64,4948.8915631597765,3361.172101874933,7635.417616658837
person_years_exposure,county,4,male,65+,1121.6472115092827,738.2569650272044,1703.1317795906286
mortality_rate,county,4,male,0-17,0.001693063660047759,0.0,0.004519213771690788
mortality_rate,county,4,male,18-44,0.002504261928884114,0.0004389426267908672,0.00593052627592231
mortality_rate,county,4,male,45-64,0.010273182961351695,0.0032305047684550044,0.022145028865312815
mortality_rate,county,4,male,65-74,0.04687989627375401,0.015356293152894183,0.10434018065532762
mortality_rate,county,4,male,75-84,0.0947257704318679,0.031153531876401016,0.22776881358927897
mortality_rate,county,4,male,85+,0.12186284454505132,0.022244883358547726,0.3584762008211159
qualifying_event_rate,county,4,male,0-17,0.020521407098573,0.011310318656999207,0.03248971757485008
qualifying_event_rate,county,4,male,18-44,0.02891236910041374,0.017424944237301714,0.043203631563125816
qualifying_event_rate,county,4,male,45-64,0.0401289670010129,0.025069034778830948,0.05889079571930302
qualifying_event_rate,county,4,male,65-74,0.05788559152931244,0.03419096402633888,0.08693569104954513
qualifying_event_rate,county,4,male,75-84,0.06004954142067642,0.03086993453320117,0.09738257629244916
qualifying_event_rate,county,4,male,85+,0.024190430739341077,0.0,0.07427434845545575
person_years_exposure,county,4,female,0-17,1552.2674804561716,1055.7286109839029,2413.307231894801
person_years_exposure,county,4,female,18-44,2284.9769623987913,1551.0076383962125,3512.796544097756
person_years_exposure,county,4,female,45-64,2598.0251157838447,1763.5913894531518,4017.6572431040904
person_years_exposure,county,4,female,65-74,764.1230933946606,511.6380153258898,1173.2254507801406
person_years_exposure,county,4,female,75-84,202.6214517903597,122.86518109511609,311.76501925695806
person_years_exposure,county,4,female,85+,14.093658382982033,6.002180962583034,24.02833678574031
person_years_exposure,county,4,female,18-64,4883.002078182636,3316.432828149814,7542.123155438304
person_years_exposure,county,4,female,65+,980.8382035680024,651.188082533486,1483.3977524729057
mortality_rate,county,4,female,0-17,0.002859350349332607,0.0,0.0069455807121045505
mortality_rate,county,4,female,18-44,0.0022510313110991917,0.00024059762955378652,0.005488553946384707
mortality_rate,county,4,female,45-64,0.01088717583142615,0.0033975560629099697,0.02354210796532051
mortality_rate,county,4,female,65-74,0.042631940408838886,0.013513237866173465,0.0957283638243902
mortality_rate,county,4,female,75-84,0.10169992517308175,0.03151914134890386,0.24891959765520802
mortality_rate,county,4,female,85+,0.14555821951363238,0.0,0.47982383735274153
qualifying_event_rate,county,4,female,0-17,0.021579759297608893,0.01162713276435713,0.03377591817311072
qualifying_event_rate,county,4,female,18-44,0.02913195987220204,0.017590719551457152,0.04364067491680546
qualifying_event_rate,county,4,female,45-64,0.03657450568807579,0.0227822428539187,0.054649804648415526
qualifying_event_rate,county,4,female,65-74,0.05222553620773589,0.030690758154787872,0.07977690126030057
qualifying_event_rate,county,4,female,75-84,0.06275266946232705,0.02894297758133973,0.10365203365783479
qualifying_event_rate,county,4,female,85+,0.032003775807675106,0.0,0.12134928949206358
person_years_exposure,county,5,male,0-17,728.821346839028,565.3683570734984,967.7246310222098
person_years_exposure,county,5,male,18-44,1102.5969652517797,875.3165949847247,1446.4803112045854
person_years_exposure,county,5,male,45-64,1808.1519977443702,1428.3469021436188,2384.8918404615715
person_years_exposure,county,5,male,65-74,503.14202065871626,377.8143566188894,674.2894191062944
person_years_exposure,county,5,male,75-84,151.87065744115367,96.30620740059973,217.5243826677594
person_years_exposure,county,5,male,85+,37.3286569940166,5.0140050063371016,114.49074301759792
person_years_exposure,county,5,male,18-64,2910.74896299615,2311.3068192741193,3828.828707575322
person_years_exposure,county,5,male,65+,692.3413350938865,491.0147843872915,987.4432250851211
mortality_rate,county,5,male,0-17,0.006950606262029332,0.001246873398350681,0.016903442318151943
mortality_rate,county,5,male,18-44,0.002138063090407363,0.0,0.0056504945205346985
mortality_rate,county,5,male,45-64,0.010284909515737033,0.0029221131879594436,0.022844294466082337
mortality_rate,county,5,male,65-74,0.04196668527916066,0.011806932652235216,0.09802683072559472
mortality_rate,county,5,male,75-84,0.09383910288052935,0.026159009763502317,0.23638073584095015
mortality_rate,county,5,male,85+,0.11218313548456951,0.0,0.45377368278086594
qualifying_event_rate,county,5,male,0-17,0.025242997243844413,0.012458026732985723,0.04159814177066416
qualifying_event_rate,county,5,male,18-44,0.038471867116759886,0.022632804218297276,0.05894273870987177
qualifying_event_rate,county,5,male,45-64,0.05105242644985343,0.03219684051153911,0.07540208096138466
qualifying_event_rate,county,5,male,65-74,0.05801025887228822,0.03399744245098613,0.09042125646932686
qualifying_event_rate,county,5,male,75-84,0.06070711211713483,0.027038497284710767,0.10144320218635224
qualifying_event_rate,county,5,male,85+,0.023755341405992197,0.0,0.10289960071628368
person_years_exposure,county,5,female,0-17,797.1751076431872,633.0397595669052,1049.2896930236775
person_years_exposure,county,5,female,18-44,1069.611463257142,850.6127657324749,1399.9488037148938
person_years_exposure,county,5,female,45-64,1721.5992739155638,1361.6384312163837,2277.3925820039503
person_years_exposure,county,5,female,65-74,430.1263459958144,327.2623423411827,572.3316931527551
person_years_exposure,county,5,female,75-84,141.11078538414847,90.78154348517288,197.03271715580286
person_years_exposure,county,5,female,85+,16.072159066393528,6.615642941226627,28.36865197557362
person_years_exposure,county,5,female,18-64,2791.210737172706,2207.1032374272104,3685.117613294129
person_years_exposure,county,5,female,65+,587.3092904463564,430.81474682838035,787.7949136238007
mortality_rate,county,5,female,0-17,0.0032195275097307587,0.0,0.008534467740769453
mortality_rate,county,5,female,18-44,0.004901476808490061,0.0008756157865540771,0.011568662497813643
mortality_rate,county,5,female,45-64,0.010986616379217681,0.0031233549848790625,0.024539012587727976
mortality_rate,county,5,female,65-74,0.04178069724906369,0.011727778020435054,0.09666870460479508
mortality_rate,county,5,female,75-84,0.10229646728552642,0.029360047302806547,0.2626591788864826
mortality_rate,county,5,female,85+,0.13206875920713954,0.0,0.467267198940494
qualifying_event_rate,county,5,female,0-17,0.02959618802845836,0.015531870929991495,0.047272374538582435
qualifying_event_rate,county,5,female,18-44,0.03968766615114419,0.02369984639559962,0.06019923921437328
qualifying_event_rate,county,5,female,45-64,0.046033522152644814,0.028440420383656646,0.06890154402320584
qualifying_event_rate,county,5,female,65-74,0.07484850931842284,0.04363415748895253,0.1122181444147283
qualifying_event_rate,county,5,female,75-84,0.06248753203090531,0.02499130972468682,0.10773056938630476
qualifying_event_rate,county,5,female,85+,0.03402675435776082,0.0,0.12336234230207627
person_years_exposure,county,6,male,0-17,2136.5958100255643,1396.6449085917334,3582.434743770037
person_years_exposure,county,6,male,18-44,2955.432357677607,1928.733016174793,4959.456195084015
person_years_exposure,county,6,male,45-64,2844.6912654429284,1862.2871050365147,4763.415190528719
person_years_exposure,county,6,male,65-74,770.4664423244684,491.2257686086245,1289.9888632148363
person_years_exposure,county,6,male,75-84,226.2857461956305,131.40193897773796,387.08209239398184
person_years_exposure,county,6,male,85+,45.91413833850863,18.92691781541017,82.06381935332956
person_years_exposure,county,6,male,18-64,5800.123623120535,3798.587813518213,9737.13505638613
person_years_exposure,county,6,male,65+,1042.6663268586076,653.3701940699825,1751.588641189707
mortality_rate,county,6,male,0-17,0.001719248828680446,0.0,0.004289815390230062
mortality_rate,county,6,male,18-44,0.0023574503873013443,0.0004564952206709612,0.005406363906444185
mortality_rate,county,6,male,45-64,0.010346335035998121,0.0032057448666991616,0.02263900347270315
mortality_rate,county,6,male,65-74,0.04446613717495,0.014280840535318563,0.10166998018200099
mortality_rate,county,6,male,75-84,0.09775335779043523,0.03018214011437003,0.23882574378219512
mortality_rate,county,6,male,85+,0.13613296965725064,0.030141446914112947,0.37800391964783897
qualifying_event_rate,county,6,male,0-17,0.02379204533514075,0.013465996114851029,0.03629570531313761
qualifying_event_rate,county,6,male,18-44,0.03330798429372216,0.020444042579982863,0.04962906432255913
qualifying_event_rate,county,6,male,45-64,0.04649817392333246,0.02977918221825569,0.06768144896515434
qualifying_event_rate,county,6,male,65-74,0.06484353801214415,0.0391941383517519,0.0958599076474838
qualifying_event_rate,county,6,male,75-84,0.06820483629538167,0.03409548755791649,0.10970953629110837
qualifying_event_rate,county,6,male,85+,0.03084548187049426,0.0,0.08235210930748064
person_years_exposure,county,6,female,0-17,2138.0923974694847,1400.483878420801,3575.328577744027
person_years_exposure,county,6,female,18-44,2932.5668579048743,1916.3511091973392,4912.653725206873
person_years_exposure,county,6,female,45-64,2619.0274579457714,1712.9554943181395,4391.205520385781
person_years_exposure,county,6,female,65-74,805.5911859261399,515.168608858151,1350.8462790342614
person_years_exposure,county,6,female,75-84,288.6882227678447,164.58405505563368,497.4586963364595
person_years_exposure,county,6,female,85+,33.1832690061235,13.950617159200824,58.12884247462943
person_years_exposure,county,6,female,18-64,5551.594315850645,3638.8032935046645,9312.67446836063
person_years_exposure,county,6,female,65+,1127.462677700108,715.8470320358646,1901.0010101801079
mortality_rate,county,6,female,0-17,0.002854883125478733,0.000474645212114082,0.00654100121825759
mortality_rate,county,6,female,18-44,0.002310229458362706,0.00040071240229094,0.005206903144603287
mortality_rate,county,6,female,45-64,0.010235155138379247,0.0031433504687872972,0.021717858594675298
mortality_rate,county,6,female,65-74,0.04192106771378098,0.013703302837394096,0.09419937410188552
mortality_rate,county,6,female,75-84,0.10790049536656067,0.03542729160844773,0.2597992642182306
mortality_rate,county,6,female,85+,0.12750245383994482,0.021219144056145934,0.3847406674290859
qualifying_event_rate,county,6,female,0-17,0.025279680631538945,0.015114620393706273,0.03838014168422674
qualifying_event_rate,county,6,female,18-44,0.03363974391642067,0.020797076655587034,0.0507721847937339
qualifying_event_rate,county,6,female,45-64,0.04195986668079653,0.02613174295110087,0.06212320038240779
qualifying_event_rate,county,6,female,65-74,0.059784476519823535,0.03566839409701621,0.08896561622196993
qualifying_event_rate,county,6,female,75-84,0.07414566236274123,0.040272849269014976,0.11522344554048503
qualifying_event_rate,county,6,female,85+,0.035213168689084626,0.0,0.09702766640833223
person_years_exposure,county,7,male,0-17,1074.074810868771,775.5910616360238,1804.1387579510408
person_years_exposure,county,7,male,18-44,1494.0586548886363,1079.8340429757927,2501.550674059636
person_years_exposure,county,7,male,45-64,1269.442727133167,913.3566649751459,2114.922347841862
person_years_exposure,county,7,male,65-74,441.14256030274055,308.58776360173755,729.1720543495303
person_years_exposure,county,7,male,75-84,108.79788928188198,65.37909096764962,182.10625567219162
person_years_exposure,county,7,male,85+,7.33087266153707,2.355844278025315,13.078612028604937
person_years_exposure,county,7,male,18-64,2763.5013820218032,1996.7538108275073,4611.478263509787
person_years_exposure,county,7,male,65+,557.2713222461597,385.18133598713706,927.419470284508
mortality_rate,county,7,male,0-17,0.001453376562278142,0.0,0.00434136976007485
mortality_rate,county,7,male,18-44,0.001987037115501522,0.0,0.005133891647959554
mortality_rate,county,7,male,45-64,0.0104711147534548,0.002694678619771976,0.023577093500628827
mortality_rate,county,7,male,65-74,0.043972224903922635,0.013208248585888812,0.1003673459885618
mortality_rate,county,7,male,75-84,0.087003067599233,0.022271291678218376,0.2241603602634482
mortality_rate,county,7,male,85+,0.1426981989086298,0.0,0.7184957174598791
qualifying_event_rate,county,7,male,0-17,0.01878206214279682,0.009509008285123872,0.02999559272312795
qualifying_event_rate,county,7,male,18-44,0.02664729747923896,0.015369769948627864,0.041051219777688976
qualifying_event_rate,county,7,male,45-64,0.037693779480192445,0.022154592098319,0.05679744641643361
qualifying_event_rate,county,7,male,65-74,0.05228262740816932,0.02846919881289373,0.08300949533540433
qualifying_event_rate,county,7,male,75-84,0.04694094432781393,0.012160232328199464,0.09085233179173548
qualifying_event_rate,county,7,male,85+,0.027265457096817162,0.0,0.15510243690735723
person_years_exposure,county,7,female,0-17,1095.0626770778733,789.9394279528258,1836.3975584665222
person_years_exposure,county,7,female,18-44,1458.0817122521626,1051.1971351893212,2439.530079689651
person_years_exposure,county,7,female,45-64,1356.3847231722657,977.4353048221054,2266.123837283523
person_years_exposure,county,7,female,65-74,406.83543769653085,282.3986496506904,675.1855763642536
person_years_exposure,county,7,female,75-84,109.95623772520125,63.395522212173766,182.47215699263694
person_years_exposure,county,7,female,85+,11.641854685774682,3.9260579933753865,20.75836266621076
person_years_exposure,county,7,female,18-64,2814.4664354244283,2027.2362717804194,4705.787036522308
person_years_exposure,county,7,female,65+,528.4335301075067,358.26446232049085,865.7461133338941
mortality_rate,county,7,female,0-17,0.0032255930518293174,0.0,0.008005246778571316
mortality_rate,county,7,female,18-44,0.0024328974511111036,0.0,0.006143665712035727
mortality_rate,county,7,female,45-64,0.010208879333560114,0.0027038784047356693,0.022693792058060307
mortality_rate,county,7,female,65-74,0.041463726698656965,0.012357937956418558,0.09944046733412062
mortality_rate,county,7,female,75-84,0.113519899610033,0.032110109863204506,0.2848841486941269
mortality_rate,county,7,female,85+,0.11577787027273817,0.0,0.49516217776975024
qualifying_event_rate,county,7,female,0-17,0.02016330077463668,0.010526691737571323,0.03276452983053558
qualifying_event_rate,county,7,female,18-44,0.028170270419757327,0.015991036102658594,0.04322245683734404
qualifying_event_rate,county,7,female,45-64,0.03899313607690916,0.023007877936047427,0.059181332846972697
qualifying_event_rate,county,7,female,65-74,0.057669925807737346,0.031383420595407066,0.08843342458695269
qualifying_event_rate,county,7,female,75-84,0.05480754486371905,0.018724932595935165,0.10112138699833877
qualifying_event_rate,county,7,female,85+,0.023841126129111368,0.0,0.12088645179497762
person_years_exposure,county,8,male,0-17,1101.8476010069787,816.5999861636283,1712.4254422831277
person_years_exposure,county,8,male,18-44,1987.5194429849605,1481.2031519597401,3092.7150037252077
person_years_exposure,county,8,male,45-64,1506.142159187885,1116.8209694230786,2340.0033545133183
person_years_exposure,county,8,male,65-74,387.50588527795475,277.6183802552822,605.198247768732
person_years_exposure,county,8,male,75-84,150.12040818978562,93.7010557195172,242.06471679148513
person_years_exposure,county,8,male,85+,18.297913169651824,7.82903461524145,32.030531205548826
person_years_exposure,county,8,male,18-64,3493.6616021728455,2605.1514903752236,5443.3598666405605
person_years_exposure,county,8,male,65+,555.9242066373922,388.72607220605784,871.112863078363
mortality_rate,county,8,male,0-17,0.0007808262791639466,0.0,0.0026129828329993373
mortality_rate,county,8,male,18-44,0.0017613299149876994,0.0,0.004414397669242582
mortality_rate,county,8,male,45-64,0.00959158401773274,0.0024769383574405972,0.021026018573916054
mortality_rate,county,8,male,65-74,0.04745548646019979,0.014090150915585286,0.10858862119934735
mortality_rate,county,8,male,75-84,0.10176541062137483,0.029888396635083688,0.2522151513360568
mortality_rate,county,8,male,85+,0.21633795850989695,0.04827213839350472,0.642197553443568
qualifying_event_rate,county,8,male,0-17,0.023369394910164997,0.012408634235009224,0.03764604892877463
qualifying_event_rate,county,8,male,18-44,0.028886145897401266,0.017246791581348092,0.04312433724572803
qualifying_event_rate,county,8,male,45-64,0.042527473830787976,0.02615141204798269,0.06211764840427302
qualifying_event_rate,county,8,male,65-74,0.06672406390050208,0.038352647703316534,0.10187232404077293
qualifying_event_rate,county,8,male,75-84,0.061898986765152875,0.02686783841014344,0.10587411464561418
qualifying_event_rate,county,8,male,85+,0.03724140025176025,0.0,0.12717757687414094
person_years_exposure,county,8,female,0-17,1280.1294305494343,949.3836878493522,1989.9201580845465
person_years_exposure,county,8,female,18-44,1699.367083581631,1268.810860145167,2653.6147573663757
person_years_exposure,county,8,female,45-64,1601.1797147015832,1192.5700337041396,2489.113840150548
person_years_exposure,county,8,female,65-74,402.13002532314226,289.9041774301478,627.8397990814985
person_years_exposure,county,8,female,75-84,143.41502233309902,88.65582429855205,230.6702502984161
person_years_exposure,county,8,female,85+,23.563544968365786,10.436941657282507,40.24550022454831
person_years_exposure,county,8,female,18-64,3300.5467982832142,2467.816615628745,5119.910040256077
person_years_exposure,county,8,female,65+,569.1085926246071,398.19789415746857,898.2645105731639
mortality_rate,county,8,female,0-17,0.0010714401204425978,0.0,0.0032783985865099357
mortality_rate,county,8,female,18-44,0.0018463905431702905,0.0,0.00466550259609736
mortality_rate,county,8,female,45-64,0.010324418832074063,0.0027058640846796956,0.022533225863335535
mortality_rate,county,8,female,65-74,0.04083484086098722,0.011463686926930405,0.09251553341126167
mortality_rate,county,8,female,75-84,0.11018395790969304,0.03324574220209128,0.27536884972936987
mortality_rate,county,8,female,85+,0.1622819500063497,0.0318259792214141,0.5103051730153797
qualifying_event_rate,county,8,female,0-17,0.02387339469504512,0.01310513186943831,0.03777279898933639
qualifying_event_rate,county,8,female,18-44,0.029517519936116177,0.017399135592321188,0.04476794105814651
qualifying_event_rate,county,8,female,45-64,0.042682959322052745,0.026285246466202315,0.06265960249251235
qualifying_event_rate,county,8,female,65-74,0.06294153961497687,0.03564020198144626,0.09650267063107718
qualifying_event_rate,county,8,female,75-84,0.06484371629218336,0.028706669514989763,0.11124108897673446
qualifying_event_rate,county,8,female,85+,0.03716560202978263,0.0,0.11902420005822945
person_years_exposure,county,9,male,0-17,1610.60781140736,1167.9311338831042,2562.482867964054
person_years_exposure,county,9,male,18-44,2553.4950480510443,1845.9258747533438,4070.9923210791567
person_years_exposure,county,9,male,45-64,1971.0264197810673,1421.984223120988,3138.5538473814495
person_years_exposure,county,9,male,65-74,502.01583068735755,354.5545380503038,807.8707947392337
person_years_exposure,county,9,male,75-84,181.84884448125987,112.05613342672399,301.9471079712179
person_years_exposure,county,9,male,85+,28.381895122050814,12.886232666653337,49.114957267304014
person_years_exposure,county,9,male,18-64,4524.521467832112,3267.527901262672,7195.868158295866
person_years_exposure,county,9,male,65+,712.2465702906682,485.9549641924852,1158.824997188716
mortality_rate,county,9,male,0-17,0.001440340846678821,0.0,0.0037881310429103954
mortality_rate,county,9,male,18-44,0.0019988305480152123,0.0003753227086760607,0.004820104124915071
mortality_rate,county,9,male,45-64,0.010197534225458315,0.002917705894897503,0.022840563196830987
mortality_rate,county,9,male,65-74,0.04322938945964705,0.013100833043679918,0.10206000896358144
mortality_rate,county,9,male,75-84,0.0968265831082008,0.02962795873954814,0.23814992101564036
mortality_rate,county,9,male,85+,0.15345291033701897,0.02835754113840393,0.4450965434181519
qualifying_event_rate,county,9,male,0-17,0.023147014099089595,0.01306126668227131,0.035666225510822276
qualifying_event_rate,county,9,male,18-44,0.03284593334402014,0.019537633029690155,0.04880521046939498
qualifying_event_rate,county,9,male,45-64,0.045937954441553006,0.02874668940904467,0.06694481107810393
qualifying_event_rate,county,9,male,65-74,0.06261812635484955,0.03662942846563014,0.09439309027729056
qualifying_event_rate,county,9,male,75-84,0.05900537590662049,0.026643069834578793,0.09966322881983526
qualifying_event_rate,county,9,male,85+,0.031824520183881835,0.0,0.09790755164077834
person_years_exposure,county,9,female,0-17,1695.053911769511,1226.1005375105178,2708.448895003921
person_years_exposure,county,9,female,18-44,2265.330341127718,1636.7091992218511,3625.4713309464096
person_years_exposure,county,9,female,45-64,1881.990047496522,1363.4570270956528,2992.3023194976454
person_years_exposure,county,9,female,65-74,525.4318300132364,368.90267909421186,839.4226786096236
person_years_exposure,county,9,female,75-84,162.92875580135254,97.62806222683616,273.56160307597827
person_years_exposure,county,9,female,85+,10.424463962023292,4.098718387444838,18.06609028714228
person_years_exposure,county,9,female,18-64,4147.32038862424,3001.425017834408,6595.43187753706
person_years_exposure,county,9,female,65+,698.7850497766123,484.20781566762224,1132.1260497874916
mortality_rate,county,9,female,0-17,0.003254528675575325,0.0006050392960930609,0.007799102891451972
mortality_rate,county,9,female,18-44,0.0023078432530716044,0.0004163288948699813,0.005445810098884884
mortality_rate,county,9,female,45-64,0.009386880471817504,0.0028192512858266584,0.021057475421535608
mortality_rate,county,9,female,65-74,0.04308006647805582,0.012943635207843689,0.09872106098665348
mortality_rate,county,9,female,75-84,0.1107692557480337,0.0356440984781046,0.27754505362867515
mortality_rate,county,9,female,85+,0.12392386637038957,0.0,0.49720782014762804
qualifying_event_rate,county,9,female,0-17,0.02516484073018099,0.014427964498729634,0.038639892381726736
qualifying_event_rate,county,9,female,18-44,0.0346460272275924,0.02087199800083086,0.05170314042482235
qualifying_event_rate,county,9,female,45-64,0.047085661378298956,0.028889440598424302,0.06937122521294255
qualifying_event_rate,county,9,female,65-74,0.07042584700405277,0.04127744402078267,0.10510600885107671
qualifying_event_rate,county,9,female,75-84,0.06508247064012343,0.02984935588291804,0.10970004435252614
qualifying_event_rate,county,9,female,85+,0.029373056453222596,0.0,0.1295955634028427
person_years_exposure,county,10,male,0-17,1092.9080565263898,769.3820135878452,1666.32791262866
person_years_exposure,county,10,male,18-44,1801.0642625518942,1278.0576027191573,2755.127723058995
person_years_exposure,county,10,male,45-64,1606.5782081538123,1128.7230920292939,2464.9936905486543
person_years_exposure,county,10,male,65-74,416.7241834332966,286.83826700746135,643.3339295100739
person_years_exposure,county,10,male,75-84,127.7476480272835,79.061187705348,201.83073279381756
person_years_exposure,county,10,male,85+,9.197712183372397,3.0838954859129744,16.8806537305111
person_years_exposure,county,10,male,18-64,3407.6424707057067,2408.6486109708717,5223.024631830164
person_years_exposure,county,10,male,65+,553.6695436439525,374.55025722162594,867.72210351012
mortality_rate,county,10,male,0-17,0.001309043385632188,0.0,0.003896938887197337
mortality_rate,county,10,male,18-44,0.0015829941651889568,0.0,0.0041791621059171025
mortality_rate,county,10,male,45-64,0.009240269019215238,0.002438807479910298,0.020586395292020748
mortality_rate,county,10,male,65-74,0.03850417195171796,0.011121475024567937,0.08787913052173009
mortality_rate,county,10,male,75-84,0.08922174235398658,0.023974065072644737,0.2214576993267359
mortality_rate,county,10,male,85+,0.1385111506152185,0.0,0.5520220765620825
qualifying_event_rate,county,10,male,0-17,0.02768880797950971,0.015591983132632723,0.04378978770555624
qualifying_event_rate,county,10,male,18-44,0.03484213022188665,0.021114826698374743,0.05182789657697852
qualifying_event_rate,county,10,male,45-64,0.04968598918846955,0.030686731603296106,0.0732158054350876
qualifying_event_rate,county,10,male,65-74,0.07214326211075979,0.041508253337987945,0.10972513909661721
qualifying_event_rate,county,10,male,75-84,0.07575679751302501,0.03528652056023945,0.12366247890033465
qualifying_event_rate,county,10,male,85+,0.03647471931104888,0.0,0.16536388428066165
person_years_exposure,county,10,female,0-17,1148.414386957089,810.8015406117188,1749.2442406134285
person_years_exposure,county,10,female,18-44,1565.6883476267435,1109.4326682184478,2385.0422639745543
person_years_exposure,county,10,female,45-64,1558.9378903993463,1098.7312045076674,2372.2283553062016
person_years_exposure,county,10,female,65-74,532.2921104204406,365.3037891599263,832.5294665841445
person_years_exposure,county,10,female,75-84,181.78458001429894,109.68361504112069,289.9501375469601
person_years_exposure,county,10,female,85+,20.68768896170403,8.758298242466141,36.05700703582987
person_years_exposure,county,10,female,18-64,3124.6262380260896,2211.978542737439,4768.0224059090615
person_years_exposure,county,10,female,65+,734.7643793964436,493.45401360035254,1146.8608809150026
mortality_rate,county,10,female,0-17,0.0025327890692462083,0.0,0.006596761393045557
mortality_rate,county,10,female,18-44,0.0019235748637748608,0.0,0.004807380148453993
mortality_rate,county,10,female,45-64,0.010010007816765901,0.0026363823877255783,0.022826924282174418
mortality_rate,county,10,female,65-74,0.042481556415687884,0.01238120431567931,0.09684830339709381
mortality_rate,county,10,female,75-84,0.10437068192748175,0.0322307907777878,0.2601516441553031
mortality_rate,county,10,female,85+,0.14083569787526717,0.024964175787913167,0.44671924325214135
qualifying_event_rate,county,10,female,0-17,0.02467566668168087,0.012836957173070979,0.038887964290921215
qualifying_event_rate,county,10,female,18-44,0.034844686030371476,0.02090925363006128,0.05222986860570605
qualifying_event_rate,county,10,female,45-64,0.04821209903974858,0.030028259652153475,0.07070707573431634
qualifying_event_rate,county,10,female,65-74,0.07606577215402172,0.04595912718287997,0.11209834351890761
qualifying_event_rate,county,10,female,75-84,0.08412009415432219,0.04421652804544748,0.13294928489460364
qualifying_event_rate,county,10,female,85+,0.03677103388332444,0.0,0.12112954801884067
person_years_exposure,county,11,male,0-17,3012.804586702921,2296.0830763190866,4330.8385848614225
person_years_exposure,county,11,male,18-44,4088.0785475281564,3118.1466906514324,5896.771808414019
person_years_exposure,county,11,male,45-64,4229.611464595721,3218.0727000281827,6026.767466399696
person_years_exposure,county,11,male,65-74,1179.530519103474,868.433437869015,1685.5754866016393
person_years_exposure,county,11,male,75-84,358.5873202643504,231.52980831139493,525.3335305540436
person_years_exposure,county,11,male,85+,41.27570871748289,18.404552134328103,67.2475840067766
person_years_exposure,county,11,male,18-64,8317.690012123878,6340.208364001311,11879.36735997787
person_years_exposure,county,11,male,65+,1579.3935480853074,1135.3645678696682,2272.4464575295774
mortality_rate,county,11,male,0-17,0.0007719331031340219,0.0,0.0020454787229718698
mortality_rate,county,11,male,18-44,0.0018422468923826687,0.0003149240558092506,0.0040924568181549045
mortality_rate,county,11,male,45-64,0.009831170451013171,0.0032821319735642255,0.020825761319986317
mortality_rate,county,11,male,65-74,0.04748562354289238,0.015851355397422367,0.10755356657129737
mortality_rate,county,11,male,75-84,0.09776536997899891,0.03472821364035934,0.23772323115006957
mortality_rate,county,11,male,85+,0.14305461159302743,0.03475528861359449,0.44307582031325793
qualifying_event_rate,county,11,male,0-17,0.023592661282684408,0.013821263153592387,0.03521930717138394
qualifying_event_rate,county,11,male,18-44,0.02957929793526305,0.0185010647273472,0.04321893936331672
qualifying_event_rate,county,11,male,45-64,0.042959421137661775,0.027354844679310077,0.06261951341406813
qualifying_event_rate,county,11,male,65-74,0.0669737195347767,0.04137948910438736,0.09791181102089078
qualifying_event_rate,county,11,male,75-84,0.061456902582757454,0.033449467145479854,0.0972056137224992
qualifying_event_rate,county,11,male,85+,0.03207083602258148,0.0,0.0898189556075785
person_years_exposure,county,11,female,0-17,3156.4920721964954,2404.095869602876,4527.167209390904
person_years_exposure,county,11,female,18-44,4181.107123201533,3190.7963007316457,6036.992152493912
person_years_exposure,county,11,female,45-64,4264.565607548626,3237.7307565185715,6062.195150921012
person_years_exposure,county,11,female,65-74,1225.982952973632,910.6413286885756,1747.8514385057097
person_years_exposure,county,11,female,75-84,329.80442220343,212.92938379981763,487.3948468021393
person_years_exposure,county,11,female,85+,43.61796417319766,21.141113918496274,70.46805551307358
person_years_exposure,county,11,female,18-64,8445.672730750159,6438.620194381686,12051.777101390642
person_years_exposure,county,11,female,65+,1599.4053393502597,1162.1033380003612,2293.575010340505
mortality_rate,county,11,female,0-17,0.001074793805086043,0.0,0.0027271998114976456
mortality_rate,county,11,female,18-44,0.0018879101766366114,0.0003618615193885535,0.004301655464835402
mortality_rate,county,11,female,45-64,0.01002469665065706,0.0033333773442126235,0.021708542680412096
mortality_rate,county,11,female,65-74,0.04138457187304535,0.013754514574959366,0.09111609851883205
mortality_rate,county,11,female,75-84,0.10903724716275721,0.03805032401498354,0.26812062491438876
mortality_rate,county,11,female,85+,0.14139681501741458,0.03597587961480458,0.39534395460923244
qualifying_event_rate,county,11,female,0-17,0.024119127878728504,0.01431275272512943,0.036498137574046866
qualifying_event_rate,county,11,female,18-44,0.029881322826066214,0.018265396778837584,0.04405085019637672
qualifying_event_rate,county,11,female,45-64,0.04261291832767938,0.02745348613222977,0.06170911155416974
qualifying_event_rate,county,11,female,65-74,0.06321577690437663,0.039989598084801785,0.09197790279034544
qualifying_event_rate,county,11,female,75-84,0.06513690940100281,0.035059987266274545,0.10398325513753136
qualifying_event_rate,county,11,female,85+,0.03485235075761234,0.0,0.09317898410466728
person_years_exposure,county,12,male,0-17,1750.6305088495642,1245.2776306786805,2649.3327622991114
person_years_exposure,county,12,male,18-44,2535.7818954152062,1805.1554100308958,3847.5359043162275
person_years_exposure,county,12,male,45-64,2308.5668818376657,1642.1974593828108,3509.203254899515
person_years_exposure,county,12,male,65-74,686.541074173209,472.93503331619667,1044.3840123083203
person_years_exposure,county,12,male,75-84,219.20492369623256,137.87326457240482,344.0540680995762
person_years_exposure,county,12,male,85+,15.35186017968438,5.7306172077089785,26.122438696176655
person_years_exposure,county,12,male,18-64,4844.3487772528715,3453.0824590556567,7359.123118342997
person_years_exposure,county,12,male,65+,921.097858049126,623.3343019730281,1402.564998884389
mortality_rate,county,12,male,0-17,0.0012846933868289302,0.0,0.0034437979194151557
mortality_rate,county,12,male,18-44,0.0015720311483442004,0.0,0.003811326674852475
mortality_rate,county,12,male,45-64,0.00936939838419677,0.002824049664254024,0.020300109277976822
mortality_rate,county,12,male,65-74,0.03914006006430224,0.012518831926656664,0.08864361681683358
mortality_rate,county,12,male,75-84,0.09010212256643403,0.027984636269949358,0.21682876051573163
mortality_rate,county,12,male,85+,0.12930599370069526,0.0,0.46545509059383633
qualifying_event_rate,county,12,male,0-17,0.02538566404738061,0.014755516841505114,0.0391775217100401
qualifying_event_rate,county,12,male,18-44,0.03185230873307214,0.019627353731603545,0.048126098432591635
qualifying_event_rate,county,12,male,45-64,0.04608069704658896,0.02901987264775417,0.06795094986480349
qualifying_event_rate,county,12,male,65-74,0.06701205288677921,0.041981669951749616,0.09958505644788943
qualifying_event_rate,county,12,male,75-84,0.07194790953260442,0.037609600599318505,0.11533542204117492
qualifying_event_rate,county,12,male,85+,0.03140933152160017,0.0,0.1218708080448506
person_years_exposure,county,12,female,0-17,1716.6085594840774,1220.7907052732314,2594.8826620569266
person_years_exposure,county,12,female,18-44,2380.254154083214,1694.3808958357683,3603.073345771725
person_years_exposure,county,12,female,45-64,2226.434071983164,1578.764882163107,3394.5508101233268
person_years_exposure,county,12,female,65-74,580.9903107627168,397.5057887439453,886.6421092945341
person_years_exposure,county,12,female,75-84,199.74858993755277,122.51119214573238,313.46333198198033
person_years_exposure,county,12,female,85+,26.846620831541333,12.446466884760428,45.07794397961969
person_years_exposure,county,12,female,18-64,4606.688226066378,3272.889547016319,7003.220341713488
person_years_exposure,county,12,female,65+,807.585521531811,541.638967374202,1233.322071847295
mortality_rate,county,12,female,0-17,0.0024877586616389065,0.0,0.00610400971498743
mortality_rate,county,12,female,18-44,0.0019793792915633697,0.0003476102238685099,0.004815666426717897
mortality_rate,county,12,female,45-64,0.01010299502096377,0.0029229493643289804,0.02202268545738805
mortality_rate,county,12,female,65-74,0.04434627831658229,0.014344439774749786,0.10020507887803233
mortality_rate,county,12,female,75-84,0.09832835381126126,0.03124547952835103,0.23208333071803483
mortality_rate,county,12,female,85+,0.15697581229311194,0.030726344417743173,0.4719928990692394
qualifying_event_rate,county,12,female,0-17,0.022767002432835363,0.012750961191605228,0.03468207300739377
qualifying_event_rate,county,12,female,18-44,0.03231502342640631,0.019550983030678912,0.04850120885214838
qualifying_event_rate,county,12,female,45-64,0.044406070111896685,0.027984105613885386,0.06606599387041649
qualifying_event_rate,county,12,female,65-74,0.07167350709527655,0.04326384212412061,0.10746138059025073
qualifying_event_rate,county,12,female,75-84,0.07511473158095774,0.039265323452704566,0.11940086217638639
qualifying_event_rate,county,12,female,85+,0.03564128947094058,0.0,0.10510201387563245
person_years_exposure,county,13,male,0-17,1129.846822646721,839.5755803255449,1593.3921458323457
person_years_exposure,county,13,male,18-44,1785.1149447223308,1323.926167145945,2511.495898610817
person_years_exposure,county,13,male,45-64,1445.7055931132486,1075.754257624655,2036.2332650957674
person_years_exposure,county,13,male,65-74,457.8322979453495,330.1640025148329,641.8724381342118
person_years_exposure,county,13,male,75-84,174.08593011591032,109.92520583529571,254.54985659398832
person_years_exposure,county,13,male,85+,26.801272039487827,11.824553167363808,44.47459882370519
person_years_exposure,county,13,male,18-64,3230.8205378355797,2399.06591900284,4543.2082313315195
person_years_exposure,county,13,male,65+,658.7195001007476,459.56532364699484,935.1415421902368
mortality_rate,county,13,male,0-17,0.0014019461251299887,0.0,0.003973834094851238
mortality_rate,county,13,male,18-44,0.0020238433269696024,0.0,0.0049975995877423515
mortality_rate,county,13,male,45-64,0.009979042677308012,0.0025924346192658016,0.022532571812942638
mortality_rate,county,13,male,65-74,0.04440524505119553,0.013895884818397672,0.10117238120308923
mortality_rate,county,13,male,75-84,0.10289794373085673,0.03248546879755631,0.267670975166957
mortality_rate,county,13,male,85+,0.13556950709515955,0.025032903325680058,0.4262676868459074
qualifying_event_rate,county,13,male,0-17,0.0198221525651471,0.010203236997441358,0.030848517478950826
qualifying_event_rate,county,13,male,18-44,0.02827558981430329,0.016584113008475627,0.04329880948784156
qualifying_event_rate,county,13,male,45-64,0.039440763332901356,0.023882020076251294,0.05942876735509417
qualifying_event_rate,county,13,male,65-74,0.0552103820669912,0.032164156701801117,0.08637850909226434
qualifying_event_rate,county,13,male,75-84,0.052501015484552944,0.022386580945054857,0.08891731492328497
qualifying_event_rate,county,13,male,85+,0.02647788543808884,0.0,0.0895394229928054
person_years_exposure,county,13,female,0-17,1212.5448319813504,900.4949571953379,1705.333403353236
person_years_exposure,county,13,female,18-44,1659.9638023753598,1231.1525142768842,2331.0420629250234
person_years_exposure,county,13,female,45-64,1570.5021705234642,1166.8775770540128,2206.404594568852
person_years_exposure,county,13,female,65-74,484.2972373278336,348.88158576443993,676.3164553273998
person_years_exposure,county,13,female,75-84,150.12294389687733,91.5812021586049,220.0768151711387
person_years_exposure,county,13,female,85+,14.987619607460406,5.804274202067105,25.221677452566823
person_years_exposure,county,13,female,18-64,3230.465972898824,2396.565418337002,4535.824711306029
person_years_exposure,county,13,female,65+,649.4078008321713,455.70345600550553,916.3882996529265
mortality_rate,county,13,female,0-17,0.0032537456726883986,0.0,0.008149156583944574
mortality_rate,county,13,female,18-44,0.0023370356183060738,0.0,0.0059384409057867266
mortality_rate,county,13,female,45-64,0.009804164060701597,0.00278867161423884,0.02162815003309008
mortality_rate,county,13,female,65-74,0.04070547573713402,0.011618121329221253,0.0930725941017526
mortality_rate,county,13,female,75-84,0.1203200725835664,0.03573344958147347,0.3007212737154683
mortality_rate,county,13,female,85+,0.1187220055781713,0.0,0.44791401518322543
qualifying_event_rate,county,13,female,0-17,0.02153029283860865,0.01154624809848772,0.03420286249532851
qualifying_event_rate,county,13,female,18-44,0.029753497937238353,0.017899460881118143,0.04527453058826049
qualifying_event_rate,county,13,female,45-64,0.04110497222842993,0.024985661703729463,0.06135291920153005
qualifying_event_rate,county,13,female,65-74,0.05960203302892068,0.034283675787476764,0.09099912330128124
qualifying_event_rate,county,13,female,75-84,0.059092977524815814,0.025229743986732674,0.10275689128662399
qualifying_event_rate,county,13,female,85+,0.02279179860199631,0.0,0.10251794553568376
person_years_exposure,county,14,male,0-17,1120.4802153759092,788.9269679237035,1915.262157136027
person_years_exposure,county,14,male,18-44,1490.5844331020346,1051.8232691241337,2568.250473612254
person_years_exposure,county,14,male,45-64,1558.4975465166822,1101.1527525684285,2682.665540843968
person_years_exposure,county,14,male,65-74,384.2257932517174,261.98196872320824,657.7475966581305
person_years_exposure,county,14,male,75-84,142.69177691884096,85.12050713618909,253.68407372092688
person_years_exposure,county,14,male,85+,24.53685131914092,10.92591356519738,43.15843266218322
person_years_exposure,county,14,male,18-64,3049.081979618717,2154.901189114853,5256.479727595415
person_years_exposure,county,14,male,65+,551.4544214896993,367.1859197339087,948.117520800243
mortality_rate,county,14,male,0-17,0.0014114867420656858,0.0,0.004179141147324111
mortality_rate,county,14,male,18-44,0.0019942890747984307,0.0,0.005057123560329429
mortality_rate,county,14,male,45-64,0.010317029941152966,0.0028902274476559162,0.02366878268290348
mortality_rate,county,14,male,65-74,0.045474225166994266,0.012539345342279401,0.10614781166618216
mortality_rate,county,14,male,75-84,0.09053716274806155,0.02592992824617852,0.23785139835852934
mortality_rate,county,14,male,85+,0.14258130042225214,0.02678384175035594,0.451861105098837
qualifying_event_rate,county,14,male,0-17,0.020710375861893088,0.010796403564178318,0.0333853532415409
qualifying_event_rate,county,14,male,18-44,0.029934333538262255,0.017298293856024185,0.046318742354424944
qualifying_event_rate,county,14,male,45-64,0.04208848679776452,0.025265207689657662,0.06231445289653782
qualifying_event_rate,county,14,male,65-74,0.0582348220345107,0.031393829937197006,0.09113030419212784
qualifying_event_rate,county,14,male,75-84,0.05213192154538709,0.019760100856456714,0.09265911620719426
qualifying_event_rate,county,14,male,85+,0.029789594879494063,0.0,0.10076500910624585
person_years_exposure,county,14,female,0-17,990.4557380526068,700.0421957283071,1706.142389950086
person_years_exposure,county,14,female,18-44,1643.9636030794268,1158.964271897378,2834.0449064656696
person_years_exposure,county,14,female,45-64,1713.0862308743442,1207.5178158564352,2950.177671957296
person_years_exposure,county,14,female,65-74,552.4601513284042,374.89238508762537,954.3108260422774
person_years_exposure,county,14,female,75-84,196.01656399381412,115.64656667677578,343.9895693631939
person_years_exposure,county,14,female,85+,22.178605787672602,8.885775821544879,40.52834875478209
person_years_exposure,county,14,female,18-64,3357.0498339537708,2363.8203491146414,5781.087365555926
person_years_exposure,county,14,female,65+,770.6553211098909,509.6356063896398,1328.3677319364092
mortality_rate,county,14,female,0-17,0.003249766623926652,0.0,0.008429191316017626
mortality_rate,county,14,female,18-44,0.00226562763799829,0.0,0.005725820278014727
mortality_rate,county,14,female,45-64,0.010303840442690906,0.0028614270615224765,0.022445470877678654
mortality_rate,county,14,female,65-74,0.04307199623609043,0.013148863790462897,0.0996841682498415
mortality_rate,county,14,female,75-84,0.10868160063821948,0.0351904522364243,0.2701292807232358
mortality_rate,county,14,female,85+,0.13227042408797154,0.020871693415970224,0.4403790796100282
qualifying_event_rate,county,14,female,0-17,0.022760198042088238,0.01183660939389624,0.03608505568294024
qualifying_event_rate,county,14,female,18-44,0.031224132750699626,0.018655972334446033,0.04758455402238998
qualifying_event_rate,county,14,female,45-64,0.043689993657995786,0.026569354428642434,0.0652898176997824
qualifying_event_rate,county,14,female,65-74,0.06445153886875353,0.038238689776474016,0.09723216309837811
qualifying_event_rate,county,14,female,75-84,0.05984615209091474,0.02818934938596702,0.09899912963669531
qualifying_event_rate,county,14,female,85+,0.027835709382178647,0.0,0.0967572066997481
person_years_exposure,county,15,male,0-17,2807.4596366432665,1964.078626871901,4432.445658686729
person_years_exposure,county,15,male,18-44,3994.337467459127,2799.487423454134,6314.265352704767
person_years_exposure,county,15,male,45-64,3464.2235330804106,2415.882896508654,5491.685838184477
person_years_exposure,county,15,male,65-74,897.1124440008392,617.3238813229384,1419.4019280890145
person_years_exposure,county,15,male,75-84,365.70771072918177,222.94986961718755,602.4421041792581
person_years_exposure,county,15,male,85+,51.47851290940992,22.88752124620759,89.7979730695529
person_years_exposure,county,15,male,18-64,7458.561000539537,5216.829526327826,11781.003840198202
person_years_exposure,county,15,male,65+,1314.298667639431,877.232664613077,2117.888948773713
mortality_rate,county,15,male,0-17,0.001289463663252657,0.0,0.0031250312489756672
mortality_rate,county,15,male,18-44,0.0015693603103314015,0.0002766748037199887,0.0036254885062830785
mortality_rate,county,15,male,45-64,0.009493948598347157,0.003134485979063724,0.02013503939821881
mortality_rate,county,15,male,65-74,0.03900257373464669,0.013124424216433303,0.08860548479656592
mortality_rate,county,15,male,75-84,0.09971972928363769,0.03393048263498361,0.23562661732983461
mortality_rate,county,15,male,85+,0.15247381270591126,0.04168852781063374,0.43938664774861824
qualifying_event_rate,county,15,male,0-17,0.018872711225636947,0.011118766325748205,0.029051157807660603
qualifying_event_rate,county,15,male,18-44,0.023796137772996672,0.014267156635496825,0.03591755528493579
qualifying_event_rate,county,15,male,45-64,0.03453577614003321,0.02126378480475633,0.05104085754501531
qualifying_event_rate,county,15,male,65-74,0.05063245672832599,0.03002818666497254,0.07629893352344692
qualifying_event_rate,county,15,male,75-84,0.05808501342459424,0.03037522383794296,0.09207719509780746
qualifying_event_rate,county,15,male,85+,0.02682268715575492,0.0,0.07351423230082642
person_years_exposure,county,15,female,0-17,2950.7150815283094,2062.501826042865,4670.857348315994
person_years_exposure,county,15,female,18-44,4024.586087693469,2818.1129752286693,6381.885532141517
person_years_exposure,county,15,female,45-64,3710.224793150173,2598.3680320864073,5893.780348284402
person_years_exposure,county,15,female,65-74,884.9129072909965,608.0103465111064,1418.9655924213146
person_years_exposure,county,15,female,75-84,312.16125638477206,190.29195107203068,520.8458462675827
person_years_exposure,county,15,female,85+,37.634502837544936,16.527774162416726,66.8814762279005
person_years_exposure,county,15,female,18-64,7734.810880843642,5412.575006929861,12294.476255351927
person_years_exposure,county,15,female,65+,1234.7086665133133,821.4991332378976,2015.8998168068167
mortality_rate,county,15,female,0-17,0.0025141217726137232,0.0004374386088438356,0.0057279316349011945
mortality_rate,county,15,female,18-44,0.001997488021086727,0.00032007346854991386,0.0045645270936228695
mortality_rate,county,15,female,45-64,0.009725946871297679,0.0032065747951727,0.020916792724171993
mortality_rate,county,15,female,65-74,0.04200595870575054,0.013259050000688031,0.09299496963537536
mortality_rate,county,15,female,75-84,0.10668676379943211,0.036793306486129496,0.25384020083907644
mortality_rate,county,15,female,85+,0.16053017170616854,0.04311498174926096,0.45944886090648274
qualifying_event_rate,county,15,female,0-17,0.016950174902296864,0.009719904523110518,0.025950776100023297
qualifying_event_rate,county,15,female,18-44,0.02410586111647842,0.014809853531497892,0.035836043785235756
qualifying_event_rate,county,15,female,45-64,0.03294158977931585,0.020832977085787605,0.048878703960468284
qualifying_event_rate,county,15,female,65-74,0.05427628499993818,0.03263405448738859,0.08129131442945939
qualifying_event_rate,county,15,female,75-84,0.06096005853230295,0.03230944071576684,0.09684136929850685
qualifying_event_rate,county,15,female,85+,0.02576411842656709,0.0,0.0773629684377356
person_years_exposure,county,16,male,0-17,3458.2845723252926,2459.091691130232,5082.091560412478
person_years_exposure,county,16,male,18-44,4268.29059723266,3028.933458431412,6194.969514907269
person_years_exposure,county,16,male,45-64,3699.24100305099,2627.2226466685697,5385.349705079595
person_years_exposure,county,16,male,65-74,1025.032980306493,711.3814514352682,1510.7263467502366
person_years_exposure,county,16,male,75-84,371.95592274936246,233.70336360228842,567.85743306033
person_years_exposure,county,16,male,85+,46.036020168405116,19.295384026491295,79.54714907712128
person_years_exposure,county,16,male,18-64,7967.53160028365,5661.1856750132765,11587.144717360727
person_years_exposure,county,16,male,65+,1443.0249232242609,976.3697160296612,2139.1995027194325
mortality_rate,county,16,male,0-17,0.001055831904846651,0.0,0.002716269158322422
mortality_rate,county,16,male,18-44,0.0018414545828594547,0.0004257799663404835,0.00418801472736063
mortality_rate,county,16,male,45-64,0.010023566946075748,0.0031339362771105254,0.021894887731993266
mortality_rate,county,16,male,65-74,0.044504810720226086,0.014822675934613165,0.10211052447996756
mortality_rate,county,16,male,75-84,0.09508645028941984,0.032396766010921764,0.23637819390240467
mortality_rate,county,16,male,85+,0.15099977240914375,0.04205929287341811,0.43028773234580436
qualifying_event_rate,county,16,male,0-17,0.023091345909340786,0.014016965365417931,0.03514706343657286
qualifying_event_rate,county,16,male,18-44,0.036560601012598726,0.022808866132649756,0.05398179739689354
qualifying_event_rate,county,16,male,45-64,0.04823624626047119,0.03093148846354641,0.07005378871639097
qualifying_event_rate,county,16,male,65-74,0.06906053624141589,0.04282134610717579,0.1011595124648771
qualifying_event_rate,county,16,male,75-84,0.0551911278811841,0.029429792681663625,0.08884238324241901
qualifying_event_rate,county,16,male,85+,0.03476321939775134,0.0,0.08983747356799662
person_years_exposure,county,16,female,0-17,3111.1854566461766,2213.319408418185,4557.929417645263
person_years_exposure,county,16,female,18-44,4392.187903528141,3121.224287429947,6385.07339391884
person_years_exposure,county,16,female,45-64,3945.7372916808126,2805.6407947626167,5729.913438530052
person_years_exposure,county,16,female,65-74,1042.736720904924,727.4065452410828,1534.1067520199076
person_years_exposure,county,16,female,75-84,347.039204681304,212.5148787022952,527.0267643200888
person_years_exposure,county,16,female,85+,35.54622530846665,14.277325177405851,61.293012664264296
person_years_exposure,county,16,female,18-64,8337.925195208954,5935.800044480229,12163.4356982554
person_years_exposure,county,16,female,65+,1425.3221508946945,969.1348985175329,2122.3075455022504
mortality_rate,county,16,female,0-17,0.0011736256929653218,0.0,0.0028878861773168666
mortality_rate,county,16,female,18-44,0.0021603742234315377,0.00048692018532127065,0.005072233123014411
mortality_rate,county,16,female,45-64,0.010679790701308771,0.0034746763039547835,0.023396971023457606
mortality_rate,county,16,female,65-74,0.04125640125358119,0.013991552281362854,0.09370625289177245
mortality_rate,county,16,female,75-84,0.10498222577536909,0.0367264772585182,0.2654867513277866
mortality_rate,county,16,female,85+,0.12833113255963824,0.023926425114380652,0.4045855123960641
qualifying_event_rate,county,16,female,0-17,0.02506502253896933,0.01505725931133667,0.03791882207832206
qualifying_event_rate,county,16,female,18-44,0.03766619629043155,0.023892637504984954,0.055498174567858376
qualifying_event_rate,county,16,female,45-64,0.04899150726407192,0.03152513578895973,0.07096421041820375
qualifying_event_rate,county,16,female,65-74,0.06931171152153784,0.043661454168804424,0.10192393630683173
qualifying_event_rate,county,16,female,75-84,0.058453865537407675,0.030628396965309793,0.09362353429238073
qualifying_event_rate,county,16,female,85+,0.039521616065484086,0.0,0.10911780983318205
person_years_exposure,state,0,male,0-17,9569.718018487687,7121.297918373226,13319.943899686179
person_years_exposure,state,0,male,18-44,13865.278891710477,10322.045491305767,19264.947414432056
person_years_exposure,state,0,male,45-64,11860.640945079027,8830.467509078371,16570.36101071953
person_years_exposure,state,0,male,65-74,3194.777760532626,2319.349505760821,4449.372683510783
person_years_exposure,state,0,male,75-84,1131.6669397020157,747.6968859394141,1584.3990673837736
person_years_exposure,state,0,male,85+,131.4716764023563,66.62054271856259,202.9631706486787
person_years_exposure,state,0,male,18-64,25725.919836789504,19161.95271854008,35857.983737188806
person_years_exposure,state,0,male,65+,4457.9163766369975,3162.446511752993,6203.911762348356
mortality_rate,state,0,male,0-17,0.0012883453345941306,0.0003253806411781908,0.0027930071578069287
mortality_rate,state,0,male,18-44,0.0015837743205712749,0.0004727199408948735,0.003416392938307612
mortality_rate,state,0,male,45-64,0.009393554255175006,0.0032929455401770145,0.01994421686363124
mortality_rate,state,0,male,65-74,0.03854230905328704,0.013845218142931855,0.08466983424177033
mortality_rate,state,0,male,75-84,0.09611397814604934,0.034989936574951086,0.2234651350571365
mortality_rate,state,0,male,85+,0.1484110499794922,0.05173537344171045,0.38949615920362873
qualifying_event_rate,state,0,male,0-17,0.019306310788441132,0.012008061356866028,0.028919936844094097
qualifying_event_rate,state,0,male,18-44,0.024579191794787417,0.015497733239978554,0.03661001921013602
qualifying_event_rate,state,0,male,45-64,0.03596249955152985,0.022962662293074195,0.05255161764173444
qualifying_event_rate,state,0,male,65-74,0.05283241026808929,0.03376762186060304,0.07690659378229137
qualifying_event_rate,state,0,male,75-84,0.05840739836545391,0.03646074135510795,0.08784018378951758
qualifying_event_rate,state,0,male,85+,0.026064053551822175,0.0032349307054638904,0.0558615134751198
person_years_exposure,state,0,female,0-17,9590.257741515676,7130.399381612279,13295.053385415384
person_years_exposure,state,0,female,18-44,13574.232854984693,10099.93275247597,18803.98644816586
person_years_exposure,state,0,female,45-64,12050.596774947317,8959.078848944542,16725.451594864753
person_years_exposure,state,0,female,65-74,3071.7413761152525,2218.776370395535,4304.659525936316
person_years_exposure,state,0,female,75-84,992.2880707785561,637.3934682539367,1410.2110313494452
person_years_exposure,state,0,female,85+,138.81429091822218,72.11068734103569,213.7705577319999
person_years_exposure,state,0,female,18-64,25624.82962993201,19089.52147323699,35648.336416519945
person_years_exposure,state,0,female,65+,4202.843737812031,2965.5793092741083,5880.572768927883
mortality_rate,state,0,female,0-17,0.002490574763476075,0.0007341868930484746,0.005380516789278854
mortality_rate,state,0,female,18-44,0.001971544713955784,0.0005802608160781017,0.004170769418435168
mortality_rate,state,0,female,45-64,0.0097352381693987,0.0034051147205080724,0.020555825459402318
mortality_rate,state,0,female,65-74,0.0424883692580411,0.01478443070425297,0.09337359119203649
mortality_rate,state,0,female,75-84,0.10496572971438715,0.03842224483690733,0.2464722846734234
mortality_rate,state,0,female,85+,0.15354200938764836,0.05435771027946733,0.38822462557596765
qualifying_event_rate,state,0,female,0-17,0.01737883224423219,0.010784089209508775,0.026199960669636115
qualifying_event_rate,state,0,female,18-44,0.02452560479944267,0.015537329291621814,0.03609615658220438
qualifying_event_rate,state,0,female,45-64,0.034235977897912336,0.021988103054515172,0.05005254652002567
qualifying_event_rate,state,0,female,65-74,0.057264845789222196,0.0364573123008295,0.08303508125293131
qualifying_event_rate,state,0,female,75-84,0.06425619625252889,0.04038809096234813,0.09628479893200569
qualifying_event_rate,state,0,female,85+,0.02734058382370943,0.006306992264203368,0.05631047369330682
person_years_exposure,state,1,male,0-17,8088.0191304977725,6180.958985631998,10946.783527653684
person_years_exposure,state,1,male,18-44,12304.672085610715,9374.701043279632,16537.679496459452
person_years_exposure,state,1,male,45-64,10485.420350747048,8037.433069777426,14149.109134961407
person_years_exposure,state,1,male,65-74,2624.0273853546246,1954.9164777281987,3561.1350678439635
person_years_exposure,state,1,male,75-84,833.0238400457325,553.7292194226361,1180.6410969836627
person_years_exposure,state,1,male,85+,125.40392218211726,63.859416531392746,196.20688784491804
person_years_exposure,state,1,male,18-64,22790.092436357765,17448.757549870752,30663.71313376676
person_years_exposure,state,1,male,65+,3582.455147582474,2618.2021363388358,4942.251306877508
mortality_rate,state,1,male,0-17,0.0007746797947564184,0.000137142540456812,0.0017743497925977942
mortality_rate,state,1,male,18-44,0.0018005335024293327,0.0005518402654003108,0.0038512391300352567
mortality_rate,state,1,male,45-64,0.00962674135236823,0.003335649393277885,0.0203078934641084
mortality_rate,state,1,male,65-74,0.04783521309270467,0.01673323469072095,0.10502320728559066
mortality_rate,state,1,male,75-84,0.10087719820041247,0.036524613377836176,0.23985895466737697
mortality_rate,state,1,male,85+,0.1577188990628795,0.05574263333014298,0.4054789208968222
qualifying_event_rate,state,1,male,0-17,0.022133794665800007,0.013870370939377687,0.03320039476590759
qualifying_event_rate,state,1,male,18-44,0.027486843355894384,0.01758670662297564,0.04019199829903231
qualifying_event_rate,state,1,male,45-64,0.04036382007793379,0.026269750522134074,0.05822346556081269
qualifying_event_rate,state,1,male,65-74,0.06414835376608351,0.041328807828787666,0.09298608435856069
qualifying_event_rate,state,1,male,75-84,0.059323517778680154,0.0362828792134367,0.0902666056000149
qualifying_event_rate,state,1,male,85+,0.031152096155648137,0.007328526058550412,0.06323115080471621
person_years_exposure,state,1,female,0-17,8581.174136693116,6572.710632877891,11585.602893168434
person_years_exposure,state,1,female,18-44,11982.962661488327,9151.551534544447,16203.667961982395
person_years_exposure,state,1,female,45-64,10055.84812461457,7703.000823934972,13442.957078195117
person_years_exposure,state,1,female,65-74,2685.0744690905253,2025.5646981772823,3617.0776436013934
person_years_exposure,state,1,female,75-84,803.5675488959298,524.9522175375669,1160.3146463790667
person_years_exposure,state,1,female,85+,94.86761444809297,48.1010966959015,148.8921325794072
person_years_exposure,state,1,female,18-64,22038.8107861029,16879.82985486363,29755.20568291474
person_years_exposure,state,1,female,65+,3583.509632434548,2641.734858735948,4924.410350637881
mortality_rate,state,1,female,0-17,0.0010884678346417332,0.000238506598953142,0.0025167595679820615
mortality_rate,state,1,female,18-44,0.0018759137069244633,0.0005732303416451407,0.00403940851176624
mortality_rate,state,1,female,45-64,0.009811998702375176,0.003373188325185316,0.020768889436299263
mortality_rate,state,1,female,65-74,0.041654592746209654,0.014707772497679232,0.08986665307806464
mortality_rate,state,1,female,75-84,0.11173924650743972,0.03940551234911563,0.2646559047160901
mortality_rate,state,1,female,85+,0.1427061557028676,0.04480417903215975,0.3832929296928946
qualifying_event_rate,state,1,female,0-17,0.022616050266961327,0.014099071449677172,0.033845015393389216
qualifying_event_rate,state,1,female,18-44,0.02790721386816583,0.01787103414538143,0.040919212695354
qualifying_event_rate,state,1,female,45-64,0.04032128027755936,0.02632133485434003,0.058512016666649576
qualifying_event_rate,state,1,female,65-74,0.06040940435459841,0.039115664050851845,0.0873284320973541
qualifying_event_rate,state,1,female,75-84,0.06265711758649348,0.03896476995138553,0.09566681892381271
qualifying_event_rate,state,1,female,85+,0.03380866887857493,0.0,0.07338787119887036
person_years_exposure,state,2,male,0-17,6362.739472352352,4722.1159622101895,8549.154904429723
person_years_exposure,state,2,male,18-44,9618.601645340223,7135.657563329133,12933.493396061422
person_years_exposure,state,2,male,45-64,8304.972139866952,6145.883548814619,11302.66499413574
person_years_exposure,state,2,male,65-74,2420.8907425041903,1767.703536375134,3351.6656796152824
person_years_exposure,state,2,male,75-84,832.3715031247777,543.1239769118516,1187.6395569303895
person_years_exposure,state,2,male,85+,127.08102419544494,70.18841699021048,193.3125807472549
person_years_exposure,state,2,male,18-64,17923.573785207176,13310.457905107209,24250.200509183596
person_years_exposure,state,2,male,65+,3380.3432698244133,2414.9464943719354,4699.358785808219
mortality_rate,state,2,male,0-17,0.0014350515866123077,0.0003288588934869391,0.0032669211055799023
mortality_rate,state,2,male,18-44,0.0020084374098556074,0.0006119365478121245,0.004340762076751986
mortality_rate,state,2,male,45-64,0.010188733973222171,0.003522776679287669,0.021877033781901124
mortality_rate,state,2,male,65-74,0.04482972078441432,0.016362813964926018,0.09994948597019394
mortality_rate,state,2,male,75-84,0.09454045872203767,0.03469432995491736,0.22871574114943008
mortality_rate,state,2,male,85+,0.14780305421236722,0.051426120527663065,0.35889989970576874
qualifying_event_rate,state,2,male,0-17,0.021970256087401645,0.013470908786921658,0.032604421170802055
qualifying_event_rate,state,2,male,18-44,0.03147505878302229,0.019879966182484197,0.04660378794552393
qualifying_event_rate,state,2,male,45-64,0.0441375724435135,0.028297126782668,0.06376524516091775
qualifying_event_rate,state,2,male,65-74,0.06088814820312105,0.04009342491728326,0.08812285338303982
qualifying_event_rate,state,2,male,75-84,0.05598557647014548,0.03339535216079401,0.08444635598115978
qualifying_event_rate,state,2,male,85+,0.031614158579328665,0.007377842384761328,0.06401416013031624
person_years_exposure,state,2,female,0-17,6423.097181455327,4768.966430858873,8609.971130974274
person_years_exposure,state,2,female,18-44,9136.991671235883,6786.428661029841,12322.850668699017
person_years_exposure,state,2,female,45-64,8458.973137085575,6250.725370248511,11467.409885847435
person_years_exposure,state,2,female,65-74,2721.6892611442313,1975.2318856339202,3792.127662316096
person_years_exposure,state,2,female,75-84,857.6103574847692,542.4637001868094,1257.672969512778
person_years_exposure,state,2,female,85+,71.64757925642299,36.46747859436204,112.22142304434954
person_years_exposure,state,2,female,18-64,17595.964808321456,13049.120109602107,23817.02412467676
person_years_exposure,state,2,female,65+,3650.9471978854235,2596.50679535427,5135.198727842732
mortality_rate,state,2,female,0-17,0.0032391949669654404,0.0009453016060659068,0.007145910607619261
mortality_rate,state,2,female,18-44,0.0023235120372543916,0.0006939798523727438,0.005001599449761425
mortality_rate,state,2,female,45-64,0.009954642640762902,0.0034984810574832303,0.020640865678026518
mortality_rate,state,2,female,65-74,0.04238439041344613,0.015682075720494175,0.09534768910259112
mortality_rate,state,2,female,75-84,0.11048818552042501,0.04055291748572885,0.26477921059654935
mortality_rate,state,2,female,85+,0.12231586300544707,0.03805404852689214,0.32992698541481796
qualifying_event_rate,state,2,female,0-17,0.023877983025316726,0.014685456641372099,0.03583909113621853
qualifying_event_rate,state,2,female,18-44,0.032996769333644586,0.02082280433927326,0.049259317489436585
qualifying_event_rate,state,2,female,45-64,0.04542546159535884,0.029368427427126396,0.0661906877220668
qualifying_event_rate,state,2,female,65-74,0.06738974971622107,0.04410113950536004,0.09706680216511707
qualifying_event_rate,state,2,female,75-84,0.06308815138328935,0.039536793294947234,0.09600185404552283
qualifying_event_rate,state,2,female,85+,0.026801209208182446,0.0,0.06358713866240277
person_years_exposure,state,3,male,0-17,4551.096304897522,3290.633274092556,6341.282299340853
person_years_exposure,state,3,male,18-44,5698.748355604553,4118.687929528185,7951.720451382071
person_years_exposure,state,3,male,45-64,5140.873412005951,3714.0397336082424,7324.811999590149
person_years_exposure,state,3,male,65-74,1386.4312224444586,982.7005604111525,2002.5708391013466
person_years_exposure,state,3,male,75-84,492.45922546785766,316.7676258257867,734.6269586738474
person_years_exposure,state,3,male,85+,68.5645417806335,31.263668395352862,115.3416446497557
person_years_exposure,state,3,male,18-64,10839.621767610504,7834.123733522398,15235.658759420212
person_years_exposure,state,3,male,65+,1947.4549896929498,1347.8484007035831,2838.292835877343
mortality_rate,state,3,male,0-17,0.0010529313964073327,0.00016151665664206104,0.0026375102824873985
mortality_rate,state,3,male,18-44,0.0018508210264938222,0.00045038654783066163,0.004137897532351636
mortality_rate,state,3,male,45-64,0.010344294962273707,0.003423568165163921,0.022302261313680585
mortality_rate,state,3,male,65-74,0.044381386970230245,0.015199370424209177,0.10257399920793986
mortality_rate,state,3,male,75-84,0.09387714242700054,0.032521181445430355,0.22631258570354162
mortality_rate,state,3,male,85+,0.15139328627266574,0.051158797967710806,0.4055085757377637
qualifying_event_rate,state,3,male,0-17,0.023113850450011224,0.014302583643753853,0.034496754568701944
qualifying_event_rate,state,3,male,18-44,0.0366197858166509,0.023024294134346653,0.0540275634435041
qualifying_event_rate,state,3,male,45-64,0.04850273855700732,0.03131680940037444,0.06992688405653272
qualifying_event_rate,state,3,male,65-74,0.06892501488094299,0.04334171836501233,0.10063378461543221
qualifying_event_rate,state,3,male,75-84,0.0549441048100017,0.030501268624966986,0.08562321811308869
qualifying_event_rate,state,3,male,85+,0.03438106198756442,0.0,0.07732359751714594
person_years_exposure,state,3,female,0-17,4181.201971693272,3020.3894083113405,5848.7405207514075
person_years_exposure,state,3,female,18-44,6032.1108782477995,4366.950798242899,8529.066917249678
person_years_exposure,state,3,female,45-64,5376.014173108293,3886.944723239111,7567.92246703826
person_years_exposure,state,3,female,65-74,1376.5821766575261,974.4223225067432,1970.1162930884334
person_years_exposure,state,3,female,75-84,508.2976823594394,316.97141872407957,772.8414154637
person_years_exposure,state,3,female,85+,64.13587095435943,28.716854787071522,109.56392978076985
person_years_exposure,state,3,female,18-64,11408.125051356092,8250.203279222002,16077.587345781682
person_years_exposure,state,3,female,65+,1949.015729971325,1345.0151552101852,2848.030863854612
mortality_rate,state,3,female,0-17,0.0011727059218127867,0.00020525416631712938,0.002930424531166581
mortality_rate,state,3,female,18-44,0.002150437873129414,0.0005356308545018348,0.004912539091081424
mortality_rate,state,3,female,45-64,0.010734893108853692,0.0035487337064959053,0.023343226566806364
mortality_rate,state,3,female,65-74,0.041721069401931286,0.014645128227957396,0.09592910014143262
mortality_rate,state,3,female,75-84,0.10410582000779699,0.03707766142999278,0.26189713321196545
mortality_rate,state,3,female,85+,0.13145378306448607,0.03576926962726855,0.3743146756891876
qualifying_event_rate,state,3,female,0-17,0.02507003826908233,0.015289032264099077,0.03780021541830144
qualifying_event_rate,state,3,female,18-44,0.03760560752016199,0.023931190321286044,0.054963188682446484
qualifying_event_rate,state,3,female,45-64,0.04905228679356117,0.031704022009602977,0.07160529793631076
qualifying_event_rate,state,3,female,65-74,0.06958829064137341,0.04427630564570149,0.10129226019421615
qualifying_event_rate,state,3,female,75-84,0.058239496689819,0.0328071056887726,0.09095344295305932
qualifying_event_rate,state,3,female,85+,0.04066484838537609,0.0,0.09334043487529747
person_years_exposure,state,4,male,0-17,3804.418784071524,2554.859628037133,5569.1552854701295
person_years_exposure,state,4,male,18-44,5384.299506554616,3613.532519542502,7841.130877302203
person_years_exposure,state,4,male,45-64,5364.715679725693,3604.295000442748,7774.311049431453
person_years_exposure,state,4,male,65-74,1547.3045829503055,1017.6045511688422,2284.597045469574
person_years_exposure,state,4,male,75-84,535.5917830007638,327.4541621950605,811.5898823759538
person_years_exposure,state,4,male,85+,81.41717241682062,36.08475780668408,138.33463920832327
person_years_exposure,state,4,male,18-64,10749.015186280309,7228.8128948508265,15655.804724753792
person_years_exposure,state,4,male,65+,2164.3135383678896,1405.7116051027713,3220.50934871751
mortality_rate,state,4,male,0-17,0.0017077694862884616,0.00029427119199146724,0.004110422319756113
mortality_rate,state,4,male,18-44,0.0024236773365994457,0.0006334523709824989,0.005278741693253763
mortality_rate,state,4,male,45-64,0.010311972541306913,0.0035352156044162596,0.021897923517308977
mortality_rate,state,4,male,65-74,0.04567798657480008,0.016066885371265893,0.10220821384529158
mortality_rate,state,4,male,75-84,0.09600491601690185,0.0330509563533756,0.2280724990182867
mortality_rate,state,4,male,85+,0.12991029300168655,0.03812157619307028,0.33915712578240875
qualifying_event_rate,state,4,male,0-17,0.02235822695174424,0.013447583564099336,0.03358455999658787
qualifying_event_rate,state,4,male,18-44,0.031325114408951735,0.01950364335757634,0.04613498402976795
qualifying_event_rate,state,4,male,45-64,0.04350629925520751,0.02818978653767585,0.0630554287571587
qualifying_event_rate,state,4,male,65-74,0.061350238588193134,0.03879232309550585,0.09069136313225616
qualifying_event_rate,state,4,male,75-84,0.06349512636940119,0.03622619551402242,0.09712691641685023
qualifying_event_rate,state,4,male,85+,0.027943458868606937,0.0,0.06569420108556397
person_years_exposure,state,4,female,0-17,3690.359877925652,2477.725620892908,5443.464503067336
person_years_exposure,state,4,female,18-44,5217.543820303654,3493.6881476025337,7619.521520464953
person_years_exposure,state,4,female,45-64,5217.052573729625,3506.5696171316663,7481.339020301145
person_years_exposure,state,4,female,65-74,1569.7142793207986,1032.2668228323232,2285.076426738262
person_years_exposure,state,4,female,75-84,491.30967455820473,296.53805453217427,751.5132413871197
person_years_exposure,state,4,female,85+,47.276927389105545,22.365776082969607,77.86195883886987
person_years_exposure,state,4,female,18-64,10434.596394033279,7014.290136313803,15136.802430000243
person_years_exposure,state,4,female,65+,2108.3008812681087,1378.7539375920144,3114.3806576493103
mortality_rate,state,4,female,0-17,0.0028567621634440483,0.0006969764072169523,0.006298145646344155
mortality_rate,state,4,female,18-44,0.0022843041556968396,0.0005341236089062321,0.005031768026246138
mortality_rate,state,4,female,45-64,0.01055985306170026,0.0036325980099551833,0.022617805923931374
mortality_rate,state,4,female,65-74,0.04226711428411132,0.01466197086652261,0.0937280471716837
mortality_rate,state,4,female,75-84,0.10534331280006527,0.03669914359902685,0.2518445067902676
mortality_rate,state,4,female,85+,0.1328850327701222,0.030696559176464678,0.37281166457652876
qualifying_event_rate,state,4,female,0-17,0.023723391338112684,0.014202838654835608,0.03564472284684334
qualifying_event_rate,state,4,female,18-44,0.03166559994231054,0.02010255604204696,0.04756952518537039
qualifying_event_rate,state,4,female,45-64,0.03927802613598308,0.02482527628029808,0.057275730018016044
qualifying_event_rate,state,4,female,65-74,0.05610485091524721,0.03473787992977556,0.08264104544510013
qualifying_event_rate,state,4,female,75-84,0.06944706821477331,0.040592985885030144,0.10579453866499897
qualifying_event_rate,state,4,female,85+,0.03425642108755196,0.0,0.08419000709404964
person_years_exposure,state,5,male,0-17,728.821346839028,565.3683570734984,967.7246310222098
person_years_exposure,state,5,male,18-44,1102.5969652517797,875.3165949847247,1446.4803112045854
person_years_exposure,state,5,male,45-64,1808.1519977443702,1428.3469021436188,2384.8918404615715
person_years_exposure,state,5,male,65-74,503.14202065871626,377.8143566188894,674.2894191062944
person_years_exposure,state,5,male,75-84,151.87065744115367,96.30620740059973,217.5243826677594
person_years_exposure,state,5,male,85+,37.3286569940166,5.0140050063371016,114.49074301759792
person_years_exposure,state,5,male,18-64,2910.74896299615,2311.3068192741193,3828.828707575322
person_years_exposure,state,5,male,65+,692.3413350938865,491.0147843872915,987.4432250851211
mortality_rate,state,5,male,0-17,0.006950606262029332,0.001246873398350681,0.016903442318151943
mortality_rate,state,5,male,18-44,0.002138063090407363,0.0,0.0056504945205346985
mortality_rate,state,5,male,45-64,0.010284909515737033,0.0029221131879594436,0.022844294466082337
mortality_rate,state,5,male,65-74,0.04196668527916066,0.011806932652235216,0.09802683072559472
mortality_rate,state,5,male,75-84,0.09383910288052935,0.026159009763502317,0.23638073584095015
mortality_rate,state,5,male,85+,0.11218313548456951,0.0,0.45377368278086594
qualifying_event_rate,state,5,male,0-17,0.025242997243844413,0.012458026732985723,0.04159814177066416
qualifying_event_rate,state,5,male,18-44,0.038471867116759886,0.022632804218297276,0.05894273870987177
qualifying_event_rate,state,5,male,45-64,0.05105242644985343,0.03219684051153911,0.07540208096138466
qualifying_event_rate,state,5,male,65-74,0.05801025887228822,0.03399744245098613,0.09042125646932686
qualifying_event_rate,state,5,male,75-84,0.06070711211713483,0.027038497284710767,0.10144320218635224
qualifying_event_rate,state,5,male,85+,0.023755341405992197,0.0,0.10289960071628368
person_years_exposure,state,5,female,0-17,797.1751076431872,633.0397595669052,1049.2896930236775
person_years_exposure,state,5,female,18-44,1069.611463257142,850.6127657324749,1399.9488037148938
person_years_exposure,state,5,female,45-64,1721.5992739155638,1361.6384312163837,2277.3925820039503
person_years_exposure,state,5,female,65-74,430.1263459958144,327.2623423411827,572.3316931527551
person_years_exposure,state,5,female,75-84,141.11078538414847,90.78154348517288,197.03271715580286
person_years_exposure,state,5,female,85+,16.072159066393528,6.615642941226627,28.36865197557362
person_years_exposure,state,5,female,18-64,2791.210737172706,2207.1032374272104,3685.117613294129
person_years_exposure,state,5,female,65+,587.3092904463564,430.81474682838035,787.7949136238007
mortality_rate,state,5,female,0-17,0.0032195275097307587,0.0,0.008534467740769453
mortality_rate,state,5,female,18-44,0.004901476808490061,0.0008756157865540771,0.011568662497813643
mortality_rate,state,5,female,45-64,0.010986616379217681,0.0031233549848790625,0.024539012587727976
mortality_rate,state,5,female,65-74,0.04178069724906369,0.011727778020435054,0.09666870460479508
mortality_rate,state,5,female,75-84,0.10229646728552642,0.029360047302806547,0.2626591788864826
mortality_rate,state,5,female,85+,0.13206875920713954,0.0,0.467267198940494
qualifying_event_rate,state,5,female,0-17,0.02959618802845836,0.015531870929991495,0.047272374538582435
qualifying_event_rate,state,5,female,18-44,0.03968766615114419,0.02369984639559962,0.06019923921437328
qualifying_event_rate,state,5,female,45-64,0.046033522152644814,0.028440420383656646,0.06890154402320584
qualifying_event_rate,state,5,female,65-74,0.07484850931842284,0.04363415748895253,0.1122181444147283
qualifying_event_rate,state,5,female,75-84,0.06248753203090531,0.02499130972468682,0.10773056938630476
qualifying_event_rate,state,5,female,85+,0.03402675435776082,0.0,0.12336234230207627
