estimand,level,unit,sex,age_band,estimate,lower,upper
children_under_16,county,0,,,4710.371130380063,3494.3069257977672,5926.435334962358
children_under_16,county,1,,,468.87557252799496,348.4568002637618,589.2943447922281
children_under_16,county,2,,,1202.2397293662893,883.6610024761902,1520.8184562563883
children_under_16,county,3,,,632.5648988164238,466.37640335183187,798.7533942810157
children_under_16,county,4,,,810.2183507102234,597.0961938127693,1023.3405076076774
children_under_16,county,5,,,526.1890774281989,392.8669800759416,659.511174780456
children_under_16,county,6,,,652.0724087946938,479.281248463074,824.8635691263137
children_under_16,county,7,,,345.33696030541824,257.837903756769,432.8360168540675
children_under_16,county,8,,,594.3660605133017,443.7697574316495,744.9623635949539
children_under_16,county,9,,,278.26612694455804,207.7610076675425,348.7712462215736
children_under_16,county,10,,,1040.3689947030728,771.7796502550497,1308.958339151096
children_under_16,county,11,,,225.59972416573558,168.43884858300214,282.760599748469
children_under_16,county,12,,,383.6718293396403,286.459752584744,480.88390609453654
children_under_16,county,13,,,921.9508698234964,685.1712243548499,1158.7305152921429
children_under_16,county,14,,,570.4324085650727,420.56746360677766,720.2973535233677
children_under_16,county,15,,,91.47248789886363,68.29583057197418,114.64914522575309
children_under_16,county,16,,,580.7822781765541,428.0116433170707,733.5529130360375
children_under_16,county,17,,,516.4108056831107,380.7385054990309,652.0831058671904
children_under_16,nation,0,,,14551.189714142713,13692.99243252217,15409.386995763256
children_under_16,state,0,,,5750.740125083135,5254.171037062067,6247.309213104204
children_under_16,state,1,,,1390.8264423514913,1276.435145763356,1505.2177389396265
children_under_16,state,2,,,1854.312138160983,1659.6166205618024,2049.0076557601637
children_under_16,state,3,,,1719.408113064607,1548.949199854112,1889.867026275102
children_under_16,state,4,,,1391.0006288867776,1251.9196770504,1530.0815807231552
children_under_16,state,5,,,2444.9022665957164,2271.959813987595,2617.8447192038375
elders_65_plus,county,0,,,1956.7006352621809,1451.544345924575,2461.856924599787
elders_65_plus,county,1,,,213.96861871035824,159.01621795026793,268.9210194704485
elders_65_plus,county,2,,,517.0259237780274,380.0204193490536,654.0314282070012
elders_65_plus,county,3,,,301.0419107964386,221.95168255162872,380.1321390412484
elders_65_plus,county,4,,,409.58169291587603,301.8441506306088,517.3192352011433
elders_65_plus,county,5,,,303.5965490208014,226.6733850847659,380.5197129568369
elders_65_plus,county,6,,,299.9770575266153,220.48683045398232,379.4672845992483
elders_65_plus,county,7,,,168.85555586367448,126.0721195989827,211.63899212836628
elders_65_plus,county,8,,,305.9804583916833,228.4532762217896,383.5076405615771
elders_65_plus,county,9,,,148.55852040847617,110.91780460872869,186.19923620822365
elders_65_plus,county,10,,,487.66541328077625,361.76610800549656,613.5647185560559
elders_65_plus,county,11,,,122.32947622708215,91.33449165174544,153.32446080241888
elders_65_plus,county,12,,,199.8596733847784,149.22063130882103,250.49871546073578
elders_65_plus,county,13,,,450.06499530203195,334.477241644546,565.6527489595179
elders_65_plus,county,14,,,349.06470374349146,257.35784798297357,440.77155950400936
elders_65_plus,county,15,,,42.4291365604325,31.678739568670373,53.17953355219462
elders_65_plus,county,16,,,258.2580521330958,190.32511398316012,326.1909902830315
elders_65_plus,county,17,,,199.00639184941676,146.7231037454248,251.28967995340872
elders_65_plus,nation,0,,,6733.964765155237,6347.208033128819,7120.721497181655
elders_65_plus,state,0,,,2444.3660485429573,2233.298152391574,2655.4339446943404
elders_65_plus,state,1,,,664.0336140123902,609.4188441374686,718.6483838873119
elders_65_plus,state,2,,,817.0029813046427,731.2208656340116,902.7850969752739
elders_65_plus,state,3,,,849.1130063893468,764.9335267403604,933.2924860383331
elders_65_plus,state,4,,,667.8397450489718,601.0649460397796,734.6145440581641
elders_65_plus,state,5,,,1291.6093698569282,1200.2461708912235,1382.9725688226329
households,county,0,,,7844.931117979825,5867.628491568616,9822.233744391035
households,county,1,,,840.1226128430845,623.6378656493814,1056.6073600367877
households,county,2,,,2227.9807165219254,1658.75878362468,2797.2026494191705
households,county,3,,,1131.3597738116039,834.7722954149123,1427.9472522082956
households,county,4,,,1371.96118383275,1008.8163482747711,1735.106019390729
households,county,5,,,1169.6760550854867,871.9994207777991,1467.3526893931744
households,county,6,,,1235.537374418173,919.8726259678338,1551.202122868512
households,county,7,,,684.9354726461327,510.6228624761787,859.2480828160867
households,county,8,,,1187.210802010453,885.0716633834138,1489.3499406374924
households,county,9,,,585.3186316422763,436.35800317825266,734.2792601063
households,county,10,,,2264.121138098004,1693.4529441333934,2834.7893320626144
households,county,11,,,518.9733864208592,386.89728698003273,651.0494858616858
households,county,12,,,797.110336679304,594.2497915198828,999.9708818387253
households,county,13,,,1882.5698799373477,1397.464898470985,2367.6748614037106
households,county,14,,,1047.1921646634662,772.6693376162059,1321.7149917107265
households,county,15,,,217.55334116959946,162.18711724786124,272.9195650913377
households,county,16,,,1107.1387591465373,814.08985414257,1400.1876641505046
households,county,17,,,909.4003802988198,670.9998538799504,1147.800906717689
households,nation,0,,,27023.093127205648,25530.66265653625,28515.523597875046
households,state,0,,,10109.052256077828,9443.532744996779,10774.571767158877
households,state,1,,,2722.692492780432,2491.5700060967324,2953.8149794641317
households,state,2,,,3463.5180909400983,3193.458532048561,3733.5776498316354
households,state,3,,,3087.9523187738896,2786.5164930979226,3389.3881444498566
households,state,4,,,2479.099942979287,2220.670390137578,2737.5294958209956
households,state,5,,,5160.778025654112,4775.499892783998,5546.056158524226
low_income_household_share,county,0,,,0.25085918366313203,0.11861087067599418,0.3831074966502699
low_income_household_share,county,1,,,0.2689054055616719,0.10674394378392282,0.431066867339421
low_income_household_share,county,2,,,0.3637086737833907,0.14017704035753853,0.5872403072092429
low_income_household_share,county,3,,,0.25446196719851594,0.05574781596909159,0.45317611842794026
low_income_household_share,county,4,,,0.26159002986074,0.04201926792176955,0.4811607917997104
low_income_household_share,county,5,,,0.35167331263894747,0.2286475946319874,0.47469903064590757
low_income_household_share,county,6,,,0.32314007166940945,0.11203046450426263,0.5342496788345563
low_income_household_share,county,7,,,0.4316561658906954,0.30199060824591856,0.5613217235354722
low_income_household_share,county,8,,,0.3731518102041659,0.2484445443837181,0.49785907602461366
low_income_household_share,county,9,,,0.42813978911162703,0.29878707200146903,0.557492506221785
low_income_household_share,county,10,,,0.33250138475900975,0.19268094687078813,0.4723218226472314
low_income_household_share,county,11,,,0.3686476455634497,0.2442994479398115,0.4929958431870879
low_income_household_share,county,12,,,0.41986793135515177,0.2912438994280408,0.5484919632822627
low_income_household_share,county,13,,,0.2777745555736607,0.11455792266534026,0.44099118848198116
low_income_household_share,county,14,,,0.28819353935694225,0.08056389192517593,0.49582318678870857
low_income_household_share,county,15,,,0.3855603681964421,0.25984662074314396,0.5112741156497402
low_income_household_share,county,16,,,0.34720031984997035,0.11042514255107297,0.5839754971488678
low_income_household_share,county,17,,,0.2549484779396631,0.056110077198140096,0.45378687868118606
low_income_household_share,nation,0,,,0.30118026049555036,0.22407094138118178,0.37828957960991894
low_income_household_share,state,0,,,0.2664406392527038,0.16653894610294717,0.3663423324024604
low_income_household_share,state,1,,,0.2748169607837399,0.1435882978161413,0.4060456237513385
low_income_household_share,state,2,,,0.34904864622363857,0.15118425813555575,0.5469130343117214
low_income_household_share,state,3,,,0.265749678304124,0.08976612527789163,0.44173323133035636
low_income_household_share,state,4,,,0.2965525874438512,0.09745975905457199,0.49564541583313043
low_income_household_share,state,5,,,0.38996176010215405,0.29557599703535276,0.48434752316895535
mean_income_adults,county,0,,,34055.34632932523,22652.833074529946,45457.85958412051
mean_income_adults,county,1,,,25248.723296394914,15576.197285119142,34921.24930767069
mean_income_adults,county,2,,,27421.379308046373,17588.081055596616,37254.67756049613
mean_income_adults,county,3,,,27344.47374656636,16252.738908754953,38436.20858437777
mean_income_adults,county,4,,,31744.76523022249,19642.915204858316,43846.61525558666
mean_income_adults,county,5,,,25280.172622700444,17292.07301381137,33268.27223158952
mean_income_adults,county,6,,,29504.54104100895,19077.31103960741,39931.77104241049
mean_income_adults,county,7,,,19109.524687835063,12942.788098903875,25276.26127676625
mean_income_adults,county,8,,,25384.085410721094,17431.067863380977,33337.10295806121
mean_income_adults,county,9,,,21687.446360840804,14786.811001918624,28588.081719762984
mean_income_adults,county,10,,,30546.554163010787,20253.97025672888,40839.13806929269
mean_income_adults,county,11,,,22817.433517368212,15595.106389078128,30039.760645658294
mean_income_adults,county,12,,,18575.509019465084,12560.79933122545,24590.21870770472
mean_income_adults,county,13,,,27405.455536036592,17094.813418463258,37716.097653609926
mean_income_adults,county,14,,,27854.24658450631,16609.3135619987,39099.17960701392
mean_income_adults,county,15,,,22742.360262216494,15541.405454967811,29943.315069465178
mean_income_adults,county,16,,,25803.126549383258,15847.452469068096,35758.800629698424
mean_income_adults,county,17,,,28200.244168908543,16851.33110294884,39549.157234868246
mean_income_adults,nation,0,,,29199.09243139001,21465.102079820597,36933.08278295942
mean_income_adults,state,0,,,33385.69156036253,23726.40504087049,43044.97807985457
mean_income_adults,state,1,,,26686.25019769007,17921.252189504525,35451.248205875614
mean_income_adults,state,2,,,28174.158719347008,19598.10743164399,36750.210007050024
mean_income_adults,state,3,,,27766.98448722118,17909.412652450832,37624.55632199153
mean_income_adults,state,4,,,29318.24752372932,19254.821233588977,39381.67381386966
mean_income_adults,state,5,,,22643.16730398769,16655.534922199848,28630.799685775535
median_household_income,county,0,,,36723.36035119188,24831.5654716044,48615.15523077935
median_household_income,county,1,,,35985.549296275305,17652.896485280224,54318.20210727039
median_household_income,county,2,,,31375.73179597472,17604.12518794129,45147.33840400815
median_household_income,county,3,,,33873.484288956875,12957.408283167078,54789.56029474667
median_household_income,county,4,,,33645.61600913739,23934.116157609664,43357.115860665115
median_household_income,county,5,,,30838.36375364619,21305.075753428082,40371.651753864295
median_household_income,county,6,,,35343.57715205412,20225.07997177106,50462.07433233717
median_household_income,county,7,,,22821.56093808667,15766.56558310179,29876.55629307155
median_household_income,county,8,,,28460.44429786104,19662.259858727342,37258.62873699474
median_household_income,county,9,,,23444.952105437816,16197.243298383095,30692.660912492538
median_household_income,county,10,,,29705.949486828977,19989.457036845008,39422.441936812946
median_household_income,county,11,,,27405.049646744978,18933.127043140397,35876.97225034956
median_household_income,county,12,,,23713.71206991194,16382.919537510174,31044.504602313707
median_household_income,county,13,,,38028.50281744244,19057.214781988114,56999.79085289676
median_household_income,county,14,,,33682.41237037074,12834.166890507637,54530.65785023384
median_household_income,county,15,,,26488.741402199543,18300.083840216797,34677.398964182285
median_household_income,county,16,,,26136.496844972815,18592.435676335706,33680.55801360992
median_household_income,county,17,,,35739.43209662568,14145.49036736738,57333.37382588397
median_household_income,nation,0,,,32543.55406405633,23240.842871583405,41846.26525652925
median_household_income,state,0,,,35103.66949749721,25372.544528151164,44834.79446684326
median_household_income,state,1,,,36914.89525286382,20018.701158215572,53811.08934751207
median_household_income,state,2,,,32543.55406405633,19408.786969028348,45678.32115908431
median_household_income,state,3,,,34206.40398748962,14554.537556399759,53858.27041857948
median_household_income,state,4,,,31103.418031421374,23726.37825599229,38480.457806850456
median_household_income,state,5,,,26488.741402199543,19555.690437448357,33421.79236695073
persons,county,0,,,19428.632284939446,14412.793062988274,24444.471506890615
persons,county,1,,,1900.2389857286153,1412.2109051947136,2388.267066262517
persons,county,2,,,4653.01986376655,3420.0268855903496,5886.01284194275
persons,county,3,,,2489.4975537029554,1835.4526427589744,3143.5424646469364
persons,county,4,,,3576.7331581645,2635.8990180262786,4517.567298302721
persons,county,5,,,2393.9819099096003,1787.4115667689014,3000.5522530502994
persons,county,6,,,2632.850344433823,1935.1774175342862,3330.52327133336
persons,county,7,,,1460.5275121158654,1090.4692963359455,1830.5857278957853
persons,county,8,,,2403.434612672069,1794.4692100137922,3012.4000153303455
persons,county,9,,,1116.6854491310846,833.7475233030465,1399.6233749591229
persons,county,10,,,4582.545485881731,3399.4816938782933,5765.609277885169
persons,county,11,,,963.0790292409761,719.0608205735725,1207.0972379083796
persons,county,12,,,1689.7555541057195,1261.617145024545,2117.8939631868943
persons,county,13,,,3798.142915839431,2822.686454451328,4773.599377227534
persons,county,14,,,2206.5269060483156,1626.824511235653,2786.229300860978
persons,county,15,,,334.47429553684026,249.72754478834116,419.22104628533936
persons,county,16,,,2469.0491175206303,1819.583361838244,3118.5148732030166
persons,county,17,,,1983.3216107000444,1462.2600799047577,2504.383141495331
persons,nation,0,,,60082.496589438204,56557.72372140518,63607.26945747123
persons,state,0,,,24011.177770821178,21937.84314108149,26084.512400560867
persons,state,1,,,5698.3819015680465,5229.707109138412,6167.056693997681
persons,state,2,,,7285.870208200373,6520.882349817024,8050.858066583722
persons,state,3,,,6679.346070451316,6017.168159648857,7341.523981253776
persons,state,4,,,6045.782275685131,5441.28711153073,6650.277439839532
persons,state,5,,,10361.938362712157,9628.97694388341,11094.899781540904
tertiary_share_25_plus,county,0,,,0.47344353920079774,0.4517218891396808,0.49516518926191466
tertiary_share_25_plus,county,1,,,0.444818058389019,0.41223962749092324,0.47739648928711476
tertiary_share_25_plus,county,2,,,0.42834490640820455,0.40270307300617575,0.45398673981023335
tertiary_share_25_plus,county,3,,,0.3693604653207007,0.3391581685984114,0.39956276204299
tertiary_share_25_plus,county,4,,,0.4456099130505558,0.41761923183747207,0.47360059426363954
tertiary_share_25_plus,county,5,,,0.3887290237265234,0.35850123772850034,0.41895680972454646
tertiary_share_25_plus,county,6,,,0.4443182647387472,0.4151285130653613,0.4735080164121331
tertiary_share_25_plus,county,7,,,0.38686581571615714,0.3512682066867042,0.42246342474561005
tertiary_share_25_plus,county,8,,,0.3963174939980418,0.36543861617416773,0.42719637182191583
tertiary_share_25_plus,county,9,,,0.36743133538959377,0.3287811508378252,0.4060815199413623
tertiary_share_25_plus,county,10,,,0.4019991820137574,0.3757817219268851,0.4282166421006297
tertiary_share_25_plus,county,11,,,0.36647357132980385,0.3261042859629033,0.4068428566967044
tertiary_share_25_plus,county,12,,,0.42735086960841806,0.3927309292724503,0.46197080994438583
tertiary_share_25_plus,county,13,,,0.43303981833637045,0.40611182639790977,0.45996781027483113
tertiary_share_25_plus,county,14,,,0.37515305410610206,0.3443480037282159,0.4059581044839882
tertiary_share_25_plus,county,15,,,0.42849176541926925,0.36043288062354256,0.49655065021499595
tertiary_share_25_plus,county,16,,,0.3942139112019236,0.363532174944421,0.4248956474594262
tertiary_share_25_plus,county,17,,,0.35883240375548847,0.3262436468474431,0.39142116066353383
tertiary_share_25_plus,nation,0,,,0.4292226223041861,0.4086375950894481,0.44980764951892416
tertiary_share_25_plus,state,0,,,0.45980834730625214,0.43841518651222444,0.48120150810027984
tertiary_share_25_plus,state,1,,,0.4369675071641681,0.41210793184115646,0.46182708248717974
tertiary_share_25_plus,state,2,,,0.43411710118804014,0.41036653747134105,0.45786766490473924
tertiary_share_25_plus,state,3,,,0.3681479171273628,0.34387406007422455,0.392421774180501
tertiary_share_25_plus,state,4,,,0.4246201970432798,0.3996180288878838,0.4496223651986758
tertiary_share_25_plus,state,5,,,0.3934445160684975,0.3705666031404197,0.4163224289965753
person_years_exposure,county,0,male,0-17,13115.082658022258,12057.852143419535,14144.551214187823
person_years_exposure,county,0,male,18-44,15901.59452728182,14625.85212055298,17148.925733862594
person_years_exposure,county,0,male,45-64,13652.539918116076,12555.221665502655,14723.000340972087
person_years_exposure,county,0,male,65-74,3944.7068469114506,3474.7260941141776,4368.069136181573
person_years_exposure,county,0,male,75-84,1301.6401037643227,960.2311710069937,1566.453521451335
person_years_exposure,county,0,male,85+,166.47683598811935,83.78363839405569,233.63913295563046
person_years_exposure,county,0,male,18-64,29554.134445397896,27175.23779678408,31871.58719447174
person_years_exposure,county,0,male,65+,5412.823786663893,4549.5061975110175,6137.313750359461
mortality_rate,county,0,male,0-17,0.0009351932457129913,0.00022529814786628556,0.002057112923441697
mortality_rate,county,0,male,18-44,0.0009181530588772788,0.0002492503439180176,0.001968107173722622
mortality_rate,county,0,male,45-64,0.00719027579721561,0.002550820744357565,0.014991075317215103
mortality_rate,county,0,male,65-74,0.039434147677043306,0.014198471863319516,0.08573232668858345
mortality_rate,county,0,male,75-84,0.10432157758407219,0.03832614614434317,0.24858770546388806
mortality_rate,county,0,male,85+,0.158001457479155,0.05833176468268443,0.41698668085560175
qualifying_event_rate,county,0,male,0-17,0.017422539593010638,0.013391129071660596,0.022887142543548258
qualifying_event_rate,county,0,male,18-44,0.033879236814551066,0.026827381989673244,0.04349109413148722
qualifying_event_rate,county,0,male,45-64,0.044387917276540255,0.035500056016755245,0.05622061827952823
qualifying_event_rate,county,0,male,65-74,0.06975773835778196,0.055512727954587164,0.08902816396978724
qualifying_event_rate,county,0,male,75-84,0.06288907337458582,0.0475883467262344,0.08431807527650016
qualifying_event_rate,county,0,male,85+,0.05677926910451711,0.02812222847802385,0.09595269573863378
person_years_exposure,county,0,female,0-17,13747.39996015691,12619.73277354397,14842.63735343402
person_years_exposure,county,0,female,18-44,16169.395485110652,14885.120827351539,17419.57043692476
person_years_exposure,county,0,female,45-64,13940.600273669204,12807.170845833325,15046.849704703132
person_years_exposure,county,0,female,65-74,3656.79487365301,3252.9988364413744,4036.0513908890057
person_years_exposure,county,0,female,75-84,1306.103499356875,956.7868744039192,1575.3027374096607
person_years_exposure,county,0,female,85+,186.20119260897064,94.22066542669529,262.6517781003439
person_years_exposure,county,0,female,18-64,30109.995758779856,27656.905418717488,32437.0487421741
person_years_exposure,county,0,female,65+,5149.099565618856,4319.293473151604,5847.6534629462185
mortality_rate,county,0,female,0-17,0.0026864454902044235,0.0008468781246001875,0.005724370809409142
mortality_rate,county,0,female,18-44,0.0010262443030279091,0.0002902160894568765,0.0021807907169152816
mortality_rate,county,0,female,45-64,0.0074279651475506565,0.0026144620803931614,0.015489631651270248
mortality_rate,county,0,female,65-74,0.034936300018621864,0.012799132374237266,0.07511780575302827
mortality_rate,county,0,female,75-84,0.11295949636708848,0.042747568114947926,0.2639457575220517
mortality_rate,county,0,female,85+,0.15839185020645688,0.05876655011126525,0.4158338995165635
qualifying_event_rate,county,0,female,0-17,0.017380594801471305,0.013315649330999806,0.022762617292167626
qualifying_event_rate,county,0,female,18-44,0.033694779699815824,0.026572618297640908,0.04341528076480711
qualifying_event_rate,county,0,female,45-64,0.04284970332775173,0.03429540396958974,0.05472499728166582
qualifying_event_rate,county,0,female,65-74,0.06457598017942781,0.05060940887772239,0.08269292028519018
qualifying_event_rate,county,0,female,75-84,0.06718230774637278,0.05045987760934383,0.09023532741517364
qualifying_event_rate,county,0,female,85+,0.04879441750857893,0.02397383105327755,0.08329698340242819
person_years_exposure,county,1,male,0-17,1215.6103038653075,1078.5009600401465,1350.3839892488893
person_years_exposure,county,1,male,18-44,1527.8375768284475,1405.299082409752,1661.6017854836605
person_years_exposure,county,1,male,45-64,1412.0796417282509,1300.7855981608107,1531.3383962598416
person_years_exposure,county,1,male,65-74,348.6684502766065,305.78596007867264,390.85499687785176
person_years_exposure,county,1,male,75-84,123.71996354383961,91.41266522691832,150.6387630361997
person_years_exposure,county,1,male,85+,10.129943568834113,3.990876064171549,15.662768358630611
person_years_exposure,county,1,male,18-64,2939.9172185566986,2707.568618175802,3191.9536192299397
person_years_exposure,county,1,male,65+,482.5183573892802,410.08988208109656,550.1663604423776
mortality_rate,county,1,male,0-17,0.03086597404977855,0.010146810536889993,0.06756589328968361
mortality_rate,county,1,male,18-44,0.001040903860049889,0.0,0.002847764750079169
mortality_rate,county,1,male,45-64,0.006698273818446743,0.001453290311683694,0.015043056792676162
mortality_rate,county,1,male,65-74,0.03532793294526903,0.010133366680233097,0.0801117628300218
mortality_rate,county,1,male,75-84,0.09887246688505529,0.029164580852773563,0.23611290482509947
mortality_rate,county,1,male,85+,0.1328174905005056,0.0,0.5208935106849301
qualifying_event_rate,county,1,male,0-17,0.02765698602635832,0.018578421837513195,0.038530681598272006
qualifying_event_rate,county,1,male,18-44,0.0366405596861924,0.02634649188213125,0.04871523465444094
qualifying_event_rate,county,1,male,45-64,0.04454554375684089,0.032577336656144436,0.05920888543824879
qualifying_event_rate,county,1,male,65-74,0.07042306531550543,0.04610214486973634,0.09773678136544317
qualifying_event_rate,county,1,male,75-84,0.06020335411582109,0.027893064481141126,0.09894771491393074
qualifying_event_rate,county,1,male,85+,0.050329115190397636,0.0,0.18995468065375923
person_years_exposure,county,1,female,0-17,1304.161391418655,1183.7206329615237,1433.9670697570168
person_years_exposure,county,1,female,18-44,1518.309343174259,1399.246368117277,1650.5233607066236
person_years_exposure,county,1,female,45-64,1336.445282215665,1229.2264856526917,1449.2703854511658
person_years_exposure,county,1,female,65-74,371.0975365618151,326.6896656081219,413.7388877470137
person_years_exposure,county,1,female,75-84,159.7207537313896,121.30727512051583,191.63685116726336
person_years_exposure,county,1,female,85+,34.08171812600471,17.387389739543817,48.8011757366801
person_years_exposure,county,1,female,18-64,2854.754625389924,2631.183485903411,3096.099255596199
person_years_exposure,county,1,female,65+,564.9000084192094,473.8284801449571,646.5233402070445
mortality_rate,county,1,female,0-17,0.019813753268022385,0.006229530934702984,0.04383669401151002
mortality_rate,county,1,female,18-44,0.0011223678298240027,0.0,0.003214748916589502
mortality_rate,county,1,female,45-64,0.0070850263201961815,0.0015779842999326169,0.015887047305802256
mortality_rate,county,1,female,65-74,0.03381688617083188,0.009670762252335326,0.07746631633051392
mortality_rate,county,1,female,75-84,0.09297456188320903,0.027579190406149385,0.22200281717954712
mortality_rate,county,1,female,85+,0.13735099120959582,0.02819350487038606,0.4038070153531214
qualifying_event_rate,county,1,female,0-17,0.030413836080596786,0.020856042693171338,0.042073450911776035
qualifying_event_rate,county,1,female,18-44,0.0387220117242948,0.028352757078916647,0.051332135387920676
qualifying_event_rate,county,1,female,45-64,0.03734070467218494,0.026547111513279098,0.050253295559038895
qualifying_event_rate,county,1,female,65-74,0.07220765738830344,0.04785397109791137,0.10069301621613885
qualifying_event_rate,county,1,female,75-84,0.07265118171102125,0.03976150335421294,0.1126524875292997
qualifying_event_rate,county,1,female,85+,0.04666313472757921,0.0,0.11227129997578576
person_years_exposure,county,2,male,0-17,3294.04331007571,3058.3553546499475,3745.9848484656773
person_years_exposure,county,2,male,18-44,3672.712394927004,3441.6115981084245,4175.287812647543
person_years_exposure,county,2,male,45-64,3262.9187905556287,3051.2559987921572,3708.123165109976
person_years_exposure,county,2,male,65-74,912.9886057792676,804.7750717732301,1056.2085585393845
person_years_exposure,county,2,male,75-84,311.66882558722534,224.2915319573164,384.00304955417306
person_years_exposure,county,2,male,85+,37.36580584663017,20.08052570109403,52.86182508694103
person_years_exposure,county,2,male,18-64,6935.631185482633,6498.547633595441,7888.4692282301685
person_years_exposure,county,2,male,65+,1262.023237213123,1057.9026552982878,1485.421310659646
mortality_rate,county,2,male,0-17,0.009202364822748275,0.0030725841876537534,0.019921919118419472
mortality_rate,county,2,male,18-44,0.0010018991699656719,0.0,0.002390392883342038
mortality_rate,county,2,male,45-64,0.006912127572031734,0.0021986867692194217,0.014809209090149052
mortality_rate,county,2,male,65-74,0.037335530637214946,0.013163376016214035,0.08327134218085205
mortality_rate,county,2,male,75-84,0.10715401553756418,0.037126496114489586,0.26467174673657645
mortality_rate,county,2,male,85+,0.12551942831624358,0.02400791336657874,0.3452583991076186
qualifying_event_rate,county,2,male,0-17,0.02235821416068669,0.01583903397728381,0.029722770884307435
qualifying_event_rate,county,2,male,18-44,0.03804225506787251,0.029020878498757206,0.04958357469586161
qualifying_event_rate,county,2,male,45-64,0.0454127829001277,0.03479357583241335,0.05871759734384282
qualifying_event_rate,county,2,male,65-74,0.05397741155453649,0.0387913548811157,0.07165746024477895
qualifying_event_rate,county,2,male,75-84,0.07870142199850905,0.05154574232190072,0.1130845122803308
qualifying_event_rate,county,2,male,85+,0.05408275503863731,0.0,0.12148984508846244
person_years_exposure,county,2,female,0-17,3404.646404149041,3112.8670085379763,3891.834655944233
person_years_exposure,county,2,female,18-44,4121.715107547826,3882.3083307477586,4678.450750381398
person_years_exposure,county,2,female,45-64,3571.760725942378,3350.8088989154003,4057.8536844647524
person_years_exposure,county,2,female,65-74,918.0887376945736,809.6010586105866,1060.1556369512264
person_years_exposure,county,2,female,75-84,353.86710428772574,262.6066420366026,434.1836141875348
person_years_exposure,county,2,female,85+,57.41677993997659,30.097322089015588,81.32230656303831
person_years_exposure,county,2,female,18-64,7693.4758334902035,7244.536500337715,8736.916898821528
person_years_exposure,county,2,female,65+,1329.3726219222758,1107.4999210715248,1562.5683494370455
mortality_rate,county,2,female,0-17,0.01856593658058563,0.006466662599117882,0.03973286068296252
mortality_rate,county,2,female,18-44,0.0010058909909027216,0.0,0.0024791288520224154
mortality_rate,county,2,female,45-64,0.0073185576315034796,0.0022923746474869853,0.016014192627919102
mortality_rate,county,2,female,65-74,0.036002820034030616,0.012184628744522474,0.07903826523890549
mortality_rate,county,2,female,75-84,0.09761753805329917,0.033396927128016986,0.2336378029246354
mortality_rate,county,2,female,85+,0.14804231724479616,0.04308242971701381,0.41830922706623663
qualifying_event_rate,county,2,female,0-17,0.029529813755763183,0.021955199493367245,0.03896049772827633
qualifying_event_rate,county,2,female,18-44,0.037715403510745,0.02879548550624217,0.04869199194315026
qualifying_event_rate,county,2,female,45-64,0.04631436448793875,0.035927251574459765,0.059633556541419754
qualifying_event_rate,county,2,female,65-74,0.06844606085883029,0.05058414151420225,0.09081797845922758
qualifying_event_rate,county,2,female,75-84,0.06996528704818136,0.04542574922984604,0.0990668692737729
qualifying_event_rate,county,2,female,85+,0.05617931373861076,0.01319354504136409,0.11206277616529137
person_years_exposure,county,3,male,0-17,1441.0723242385181,1190.6601562373644,1662.090620254395
person_years_exposure,county,3,male,18-44,1845.4106193342523,1670.466677698548,2029.988220103438
person_years_exposure,county,3,male,45-64,2107.0745382894975,1905.294409047543,2317.6468022891786
person_years_exposure,county,3,male,65-74,568.2852515089636,493.3461930145684,640.1658837013617
person_years_exposure,county,3,male,75-84,196.93119698994292,144.12483437175104,240.05868116838704
person_years_exposure,county,3,male,85+,33.129553474712125,16.548658479498968,48.85166836044603
person_years_exposure,county,3,male,18-64,3952.4851576237497,3576.6592109505955,4344.802119023815
person_years_exposure,county,3,male,65+,798.3460019736186,668.5901168667891,920.1851698965128
mortality_rate,county,3,male,0-17,0.05976417327427249,0.02093897897611288,0.13884072758982363
mortality_rate,county,3,male,18-44,0.0010570458267188936,0.0,0.002966894844922467
mortality_rate,county,3,male,45-64,0.00712188742427309,0.0019519646145710967,0.015441690388819195
mortality_rate,county,3,male,65-74,0.036132621203102636,0.010601922966398303,0.08210733557877992
mortality_rate,county,3,male,75-84,0.09612263794442764,0.030957230577146933,0.23128799282470977
mortality_rate,county,3,male,85+,0.15358882947978944,0.04074698462597671,0.4453178458690601
qualifying_event_rate,county,3,male,0-17,0.0073306278013021585,0.0035906316903873982,0.011591235867385738
qualifying_event_rate,county,3,male,18-44,0.019568445108047363,0.012973349907002375,0.027250941216147354
qualifying_event_rate,county,3,male,45-64,0.02335718605911423,0.0163510592858835,0.03161162736267109
qualifying_event_rate,county,3,male,65-74,0.033731874132217586,0.020558146468082867,0.04951101851735097
qualifying_event_rate,county,3,male,75-84,0.0414202406345629,0.01936595771286004,0.0690230425353924
qualifying_event_rate,county,3,male,85+,0.03863407633272121,0.0,0.10128942268355752
person_years_exposure,county,3,female,0-17,1612.2358968023716,1450.755669609421,1780.8534649017022
person_years_exposure,county,3,female,18-44,1769.1655745703215,1603.8844972395646,1944.7736279865005
person_years_exposure,county,3,female,45-64,1946.944752139283,1763.5420861319317,2144.6206585179143
person_years_exposure,county,3,female,65-74,591.3466944256076,515.006327389604,664.8612334072982
person_years_exposure,county,3,female,75-84,184.22753694812081,137.99065645283616,223.06707345635084
person_years_exposure,county,3,female,85+,10.086008193639433,4.034420380346906,15.974023388972546
person_years_exposure,county,3,female,18-64,3716.1103267096046,3367.42646112776,4087.2326952951125
person_years_exposure,county,3,female,65+,785.6602395673679,667.3883126890001,896.948094123859
mortality_rate,county,3,female,0-17,0.011021669524443169,0.0031668093999802707,0.024371937521873437
mortality_rate,county,3,female,18-44,0.0010217343212429494,0.0,0.0029386127782993366
mortality_rate,county,3,female,45-64,0.00788469945122089,0.002130336430667897,0.017454420120461937
mortality_rate,county,3,female,65-74,0.03504872556782784,0.010732458030030773,0.07861567527941503
mortality_rate,county,3,female,75-84,0.08968366135533362,0.02794624237485327,0.21493947304076544
mortality_rate,county,3,female,85+,0.1493101014337168,0.0,0.5416601181766019
qualifying_event_rate,county,3,female,0-17,0.00577492840437685,0.0025793258992048546,0.009443982898012722
qualifying_event_rate,county,3,female,18-44,0.02142826923319897,0.014520126845395475,0.029708131335055624
qualifying_event_rate,county,3,female,45-64,0.025661450190794008,0.017693574691705412,0.03487399768793257
qualifying_event_rate,county,3,female,65-74,0.03601006616674151,0.0224470525677791,0.05130164241379278
qualifying_event_rate,county,3,female,75-84,0.044321971279809025,0.020151317689166226,0.07322483504386643
qualifying_event_rate,county,3,female,85+,0.029983963539101995,0.0,0.1428553350085588
person_years_exposure,county,4,male,0-17,2182.171341710629,1907.072398331651,2412.2636617747016
person_years_exposure,county,4,male,18-44,2654.9729057368722,2379.987044992335,2876.5458087756306
person_years_exposure,county,4,male,45-64,2752.819056916817,2465.916784788395,2987.8098415243694
person_years_exposure,county,4,male,65-74,821.2592493541325,716.3372785829297,909.4847396255892
person_years_exposure,county,4,male,75-84,323.7820133352121,235.04034977078535,394.1370864920715
person_years_exposure,county,4,male,85+,56.58111355078716,26.825062307831317,82.21904583130093
person_years_exposure,county,4,male,18-64,5407.79196265369,4842.458248371183,5863.877625468823
person_years_exposure,county,4,male,65+,1201.6223762401319,989.5572270743937,1368.79868303438
mortality_rate,county,4,male,0-17,0.027898540031016057,0.009829530598875745,0.06195088122779491
mortality_rate,county,4,male,18-44,0.0009662733965972357,0.0,0.0025564304057980962
mortality_rate,county,4,male,45-64,0.00720213405424674,0.002161303956954035,0.015603721176521763
mortality_rate,county,4,male,65-74,0.03489841308184931,0.01118241893951443,0.07665248567578216
mortality_rate,county,4,male,75-84,0.1046896701633042,0.033974400685888216,0.2534946319994113
mortality_rate,county,4,male,85+,0.1474814474594565,0.045846398735560324,0.42995881967030697
qualifying_event_rate,county,4,male,0-17,0.01692784265787431,0.011430135239329278,0.023467736186521593
qualifying_event_rate,county,4,male,18-44,0.027769969126874038,0.020470349828646896,0.03727847265641963
qualifying_event_rate,county,4,male,45-64,0.03658323673579651,0.027316135257846784,0.04809480792718686
qualifying_event_rate,county,4,male,65-74,0.05170044987577509,0.036126372057951335,0.07067189523359373
qualifying_event_rate,county,4,male,75-84,0.06189058780885325,0.03849187293697586,0.09269428101109872
qualifying_event_rate,county,4,male,85+,0.06697390282962554,0.017223606514540562,0.1322283513093331
person_years_exposure,county,4,female,0-17,2239.9428989681137,2011.1526861285188,2438.120644560812
person_years_exposure,county,4,female,18-44,2787.274712680628,2502.407424218988,3023.066920722265
person_years_exposure,county,4,female,45-64,2376.3141524745292,2125.5441653225466,2578.659873495531
person_years_exposure,county,4,female,65-74,740.5999459276163,645.1644430159331,820.4231049416818
person_years_exposure,county,4,female,75-84,230.93545962451586,168.66632778066747,279.7185109590411
person_years_exposure,county,4,female,85+,53.6676239377102,27.037119494160578,77.54592831130738
person_years_exposure,county,4,female,18-64,5163.588865155158,4631.250988385623,5602.677811859028
person_years_exposure,county,4,female,65+,1025.2030294898423,856.4054112875651,1167.924219958349
mortality_rate,county,4,female,0-17,0.0030958692365303533,0.0004667218921496784,0.0071060215902574225
mortality_rate,county,4,female,18-44,0.0010489917307749128,0.0,0.002713686706111858
mortality_rate,county,4,female,45-64,0.007436469079792434,0.0022754554296928855,0.01650861031148194
mortality_rate,county,4,female,65-74,0.031329805925708415,0.009659395412024043,0.07005310854383198
mortality_rate,county,4,female,75-84,0.10515094154166292,0.0355088022096917,0.2563890822718515
mortality_rate,county,4,female,85+,0.14229779442392462,0.03905077678558161,0.39648803958265066
qualifying_event_rate,county,4,female,0-17,0.012551763881102502,0.007943521998536466,0.01812862858025763
qualifying_event_rate,county,4,female,18-44,0.02821916553794241,0.020503956681854712,0.03764548832179839
qualifying_event_rate,county,4,female,45-64,0.033983046579577014,0.02503087245893459,0.04575883172265263
qualifying_event_rate,county,4,female,65-74,0.04299676026675459,0.028588845439337613,0.05990526656394657
qualifying_event_rate,county,4,female,75-84,0.062219543430067616,0.035214864004646775,0.09428792297746676
qualifying_event_rate,county,4,female,85+,0.0463594198919961,0.0,0.10296266043257214
person_years_exposure,county,5,male,0-17,1299.9407690958988,1150.3243409721094,1416.541376593187
person_years_exposure,county,5,male,18-44,1831.114247601663,1716.4007200747333,1937.721929976019
person_years_exposure,county,5,male,45-64,1940.5211163559015,1815.0574147076218,2055.420894204566
person_years_exposure,county,5,male,65-74,593.6044823570967,528.1947276980717,647.4953156770038
person_years_exposure,county,5,male,75-84,167.37551799679736,121.23625231107476,202.173973699621
person_years_exposure,county,5,male,85+,22.492690038540758,11.139150196498091,34.008308528272664
person_years_exposure,county,5,male,18-64,3771.6353639575646,3531.391922009248,3990.6792254475713
person_years_exposure,county,5,male,65+,783.4726903924349,669.3825134021702,874.970895081366
mortality_rate,county,5,male,0-17,0.036890152551290245,0.0124822375137203,0.08396222740943851
mortality_rate,county,5,male,18-44,0.0015399499088837951,0.0,0.004017836248388645
mortality_rate,county,5,male,45-64,0.007576391884417686,0.002026782339628997,0.01648115452416107
mortality_rate,county,5,male,65-74,0.035688213923526065,0.010122667733174762,0.08194427536113191
mortality_rate,county,5,male,75-84,0.09355455174561522,0.027720744780050308,0.233641777145637
mortality_rate,county,5,male,85+,0.1955033601887634,0.05214320001773101,0.5602146274618532
qualifying_event_rate,county,5,male,0-17,0.023385981382938927,0.015288241294959835,0.03348710132585461
qualifying_event_rate,county,5,male,18-44,0.028291849689177622,0.020344678684543295,0.0378518395715604
qualifying_event_rate,county,5,male,45-64,0.04011386231198497,0.03006397646594838,0.05233216490632487
qualifying_event_rate,county,5,male,65-74,0.058331034841731744,0.040183867357321684,0.07980787541267573
qualifying_event_rate,county,5,male,75-84,0.056010063836127576,0.027731175788925495,0.08954295533785274
qualifying_event_rate,county,5,male,85+,0.04239757224202345,0.0,0.125246667983216
person_years_exposure,county,5,female,0-17,1505.11216276175,1404.7309834663413,1597.3083329922383
person_years_exposure,county,5,female,18-44,1680.0366107528641,1574.1881840241285,1774.1105384033158
person_years_exposure,county,5,female,45-64,2065.6093084599343,1931.8231906511342,2187.9168787971726
person_years_exposure,county,5,female,65-74,628.1220270487529,555.9126497505782,687.6018590611918
person_years_exposure,county,5,female,75-84,192.2233181912533,139.38110205060394,230.50991466389848
person_years_exposure,county,5,female,85+,26.574450233645013,10.855252966498167,39.91643148426083
person_years_exposure,county,5,female,18-64,3745.6459192127986,3510.507751668579,3955.8526636039273
person_years_exposure,county,5,female,65+,846.9197954736512,717.8593470957602,947.7809999599565
mortality_rate,county,5,female,0-17,0.008160988548827743,0.002243547282986659,0.01840830801459667
mortality_rate,county,5,female,18-44,0.0010942493124755056,0.0,0.00302096589939237
mortality_rate,county,5,female,45-64,0.008015142203291989,0.00234155218256443,0.017152865193987583
mortality_rate,county,5,female,65-74,0.03753854223152942,0.011511537545573661,0.0829161386829749
mortality_rate,county,5,female,75-84,0.10542886454555303,0.034643201667489645,0.25925346029748464
mortality_rate,county,5,female,85+,0.12262800317674434,0.023535586120533396,0.421420417939254
qualifying_event_rate,county,5,female,0-17,0.02565734863848341,0.017601654972201407,0.03537815575924716
qualifying_event_rate,county,5,female,18-44,0.03150913769066629,0.02210264322184276,0.04261264765558303
qualifying_event_rate,county,5,female,45-64,0.03955069757281965,0.02941114062937552,0.05188684969109345
qualifying_event_rate,county,5,female,65-74,0.059795347764901155,0.04237153737344848,0.08010415585124954
qualifying_event_rate,county,5,female,75-84,0.05645890614868441,0.029210636446369766,0.08848872657947156
qualifying_event_rate,county,5,female,85+,0.05369044643632365,0.0,0.13263527609107523
person_years_exposure,county,6,male,0-17,1838.2504674316833,1702.0108356824942,2088.021459861173
person_years_exposure,county,6,male,18-44,2148.646599608447,2013.656926832594,2440.8392784865828
person_years_exposure,county,6,male,45-64,2006.738545442142,1874.441560540814,2282.8845088188973
person_years_exposure,county,6,male,65-74,521.577326646711,456.08939845020814,603.2223023816083
person_years_exposure,county,6,male,75-84,166.4323420346878,121.08677311356736,205.99915018420467
person_years_exposure,county,6,male,85+,41.344086504174825,23.682054264525462,57.67270539205474
person_years_exposure,county,6,male,18-64,4155.385145050589,3895.157865900778,4723.304134735893
person_years_exposure,county,6,male,65+,729.3537551855736,608.3641113950697,856.1112805458098
mortality_rate,county,6,male,0-17,0.009194533480720107,0.0027225053906226207,0.019940465641543916
mortality_rate,county,6,male,18-44,0.0010274000068937728,0.0,0.0027655413926020813
mortality_rate,county,6,male,45-64,0.007135869419199766,0.0020046496374988825,0.015763951436091984
mortality_rate,county,6,male,65-74,0.03774676004138916,0.01134541554712298,0.08627845447467816
mortality_rate,county,6,male,75-84,0.10060802573703329,0.0324456452899245,0.24873947327950519
mortality_rate,county,6,male,85+,0.14678430634959133,0.03902912297884306,0.3795979426051284
qualifying_event_rate,county,6,male,0-17,0.01954372930553065,0.012840068633323069,0.02742671028567305
qualifying_event_rate,county,6,male,18-44,0.033346782530949026,0.024083554871637977,0.04386234077294303
qualifying_event_rate,county,6,male,45-64,0.04004646900876854,0.029589203202946453,0.05262718322307036
qualifying_event_rate,county,6,male,65-74,0.047746742292698915,0.030021394614469742,0.06782898275924348
qualifying_event_rate,county,6,male,75-84,0.06847024152480251,0.0374131830504252,0.10597846553976203
qualifying_event_rate,county,6,male,85+,0.050319509808206306,0.0,0.11183698465585534
person_years_exposure,county,6,female,0-17,1742.711059549034,1591.680105545354,1995.258788526628
person_years_exposure,county,6,female,18-44,2073.1347028892123,1950.4860592656885,2355.246149960268
person_years_exposure,county,6,female,45-64,2125.5827871655656,1992.563706580526,2416.0583444154477
person_years_exposure,county,6,female,65-74,542.9012897589893,478.769038344614,626.4002316777936
person_years_exposure,county,6,female,75-84,221.74210579018026,161.08700250663887,271.80155389825336
person_years_exposure,county,6,female,85+,33.4619506438142,15.874599735810614,48.71052540892202
person_years_exposure,county,6,female,18-64,4198.717490054778,3950.0865180067817,4771.4634780496635
person_years_exposure,county,6,female,65+,798.1053461929838,664.4513821268303,940.4775953215704
mortality_rate,county,6,female,0-17,0.018504528733148062,0.005997885482033934,0.04035341642424173
mortality_rate,county,6,female,18-44,0.0010266665093125605,0.0,0.0025977240506474325
mortality_rate,county,6,female,45-64,0.007534928010311591,0.002227872218013835,0.016335991938680676
mortality_rate,county,6,female,65-74,0.036271766260321775,0.010931786390318428,0.0825476122716001
mortality_rate,county,6,female,75-84,0.1000266745681299,0.03293240384522062,0.2461117108587166
mortality_rate,county,6,female,85+,0.13387419801583375,0.024938012062097354,0.3906432716536032
qualifying_event_rate,county,6,female,0-17,0.02576972208985767,0.017911249216181934,0.03501524928068312
qualifying_event_rate,county,6,female,18-44,0.03317411742066395,0.024284772417281233,0.04368266711774751
qualifying_event_rate,county,6,female,45-64,0.04074273244220829,0.0302275168901617,0.05373467568809677
qualifying_event_rate,county,6,female,65-74,0.0607382414936706,0.04103313397854461,0.08262082102113846
qualifying_event_rate,county,6,female,75-84,0.0621783052835243,0.035820124674295524,0.09430144825407687
qualifying_event_rate,county,6,female,85+,0.04826077377344642,0.0,0.11851097004262512
person_years_exposure,county,7,male,0-17,867.8639780630136,766.520520048534,948.3122713587353
person_years_exposure,county,7,male,18-44,1190.497603311099,1113.3537605588301,1260.0101734233563
person_years_exposure,county,7,male,45-64,1161.0897942372312,1088.0036474274975,1230.82315119906
person_years_exposure,county,7,male,65-74,309.4953827769207,271.57496800445955,339.563197907597
person_years_exposure,county,7,male,75-84,97.20805233658955,69.61156456622888,118.91675544074371
person_years_exposure,county,7,male,85+,11.700005784593095,4.703628350962468,18.36658071626695
person_years_exposure,county,7,male,18-64,2351.58739754833,2201.830391831743,2489.14532990676
person_years_exposure,county,7,male,65+,418.4034408981033,351.6885401572614,468.6224053967203
mortality_rate,county,7,male,0-17,0.03702776852008551,0.011913810034589597,0.08463244021052292
mortality_rate,county,7,male,18-44,0.001469563411034285,0.0,0.004218590652125574
mortality_rate,county,7,male,45-64,0.007161325030604059,0.001663395529284386,0.016095354712718023
mortality_rate,county,7,male,65-74,0.03594417758499599,0.009095102138552155,0.08519691758619381
mortality_rate,county,7,male,75-84,0.09847401472876063,0.02598274885012194,0.25135911019999935
mortality_rate,county,7,male,85+,0.15475779779070653,0.0,0.6417195902388347
qualifying_event_rate,county,7,male,0-17,0.022455941160120133,0.013826793628738733,0.03299824426185425
qualifying_event_rate,county,7,male,18-44,0.02733664211191502,0.018348180886644208,0.0376753833302844
qualifying_event_rate,county,7,male,45-64,0.03871715455486045,0.027186769168695085,0.05240344151722332
qualifying_event_rate,county,7,male,65-74,0.05731774969835793,0.034777675999590155,0.08292520141390787
qualifying_event_rate,county,7,male,75-84,0.055046016063676546,0.019598833938062797,0.09693891014632122
qualifying_event_rate,county,7,male,85+,0.042218755248136945,0.0,0.1593213986484577
person_years_exposure,county,7,female,0-17,973.573327889612,907.3198302398332,1036.3457220048213
person_years_exposure,county,7,female,18-44,1181.595034547568,1108.923280476414,1249.3955379182844
person_years_exposure,county,7,female,45-64,1038.4730657136727,970.4993348060369,1099.8454035612183
person_years_exposure,county,7,female,65-74,382.9071548085434,338.81000157511374,419.71659818344125
person_years_exposure,county,7,female,75-84,107.72748650429963,76.37809639950801,131.94212153132057
person_years_exposure,county,7,female,85+,6.841865325750976,1.9840225318268774,11.558106564429243
person_years_exposure,county,7,female,18-64,2220.068100261241,2078.108100264153,2347.054499265448
person_years_exposure,county,7,female,65+,497.476506638594,423.6881391972873,556.3589575002078
mortality_rate,county,7,female,0-17,0.00814844166483728,0.001966169472336193,0.019034355912461543
mortality_rate,county,7,female,18-44,0.001021940255285821,0.0,0.003345470285045314
mortality_rate,county,7,female,45-64,0.007460999356468902,0.0018278851752689977,0.01654119630534875
mortality_rate,county,7,female,65-74,0.03521222028009948,0.00951012530369635,0.07985289339277447
mortality_rate,county,7,female,75-84,0.10183605744720378,0.02924196078493949,0.25327030452680355
mortality_rate,county,7,female,85+,0.11274569361172143,0.0,0.5200424947964863
qualifying_event_rate,county,7,female,0-17,0.024712643232177763,0.015302571892288636,0.03506686375310939
qualifying_event_rate,county,7,female,18-44,0.030576195859684217,0.02073177205733464,0.0414716131099323
qualifying_event_rate,county,7,female,45-64,0.03823351991495874,0.0261019526764732,0.053212784941875244
qualifying_event_rate,county,7,female,65-74,0.05791069466692254,0.03682174169727492,0.08257161104675648
qualifying_event_rate,county,7,female,75-84,0.053529058889673055,0.01972715705412237,0.09307420914489671
qualifying_event_rate,county,7,female,85+,0.048016737385927266,0.0,0.20973839686815887
person_years_exposure,county,8,male,0-17,1567.441882198393,1394.2295105748199,1707.7913879939088
person_years_exposure,county,8,male,18-44,1728.1070749416012,1614.7423674756951,1829.661972563796
person_years_exposure,county,8,male,45-64,1703.7511435342324,1593.1073712644172,1803.7407606243748
person_years_exposure,county,8,male,65-74,588.6520053903505,522.628634066162,641.5079062578654
person_years_exposure,county,8,male,75-84,236.6963959991424,173.15019727489494,283.02735255261643
person_years_exposure,county,8,male,85+,23.042194584078903,9.430481077057578,35.42411085326658
person_years_exposure,county,8,male,18-64,3431.8582184758334,3213.905388745061,3630.685028276791
person_years_exposure,county,8,male,65+,848.3905959735717,717.7276468636038,950.9132953662677
mortality_rate,county,8,male,0-17,0.036964320515181434,0.012517391082780343,0.08195806220742957
mortality_rate,county,8,male,18-44,0.0015045929120670177,0.0,0.004053254522752499
mortality_rate,county,8,male,45-64,0.007753743420149065,0.0018478159359523287,0.017178514179429175
mortality_rate,county,8,male,65-74,0.035813081440533745,0.01102454356794044,0.07931673214852471
mortality_rate,county,8,male,75-84,0.1038786566718087,0.035719582232448845,0.2500380995382941
mortality_rate,county,8,male,85+,0.13245281141572607,0.020757911032691506,0.43014682477852356
qualifying_event_rate,county,8,male,0-17,0.029056848864547135,0.02022591047376802,0.03958183811028944
qualifying_event_rate,county,8,male,18-44,0.03489938000134446,0.025281553337987886,0.04685637106725785
qualifying_event_rate,county,8,male,45-64,0.04984491240795649,0.03736571416654899,0.06520636797510643
qualifying_event_rate,county,8,male,65-74,0.07092830516653925,0.051037683345883524,0.09479028761330187
qualifying_event_rate,county,8,male,75-84,0.07006290558343575,0.04172578719520734,0.10388640052830284
qualifying_event_rate,county,8,male,85+,0.047050520902020665,0.0,0.1380354801252135
person_years_exposure,county,8,female,0-17,1547.208763686587,1442.0135517360955,1645.2154713092016
person_years_exposure,county,8,female,18-44,1826.4067237589397,1712.135701653752,1928.9976733848075
person_years_exposure,county,8,female,45-64,2018.9426946551648,1889.7345339446217,2135.924017721958
person_years_exposure,county,8,female,65-74,541.095591853411,478.6290493362567,591.3299868516953
person_years_exposure,county,8,female,75-84,191.9500117976653,140.37159139666136,231.32977954767074
person_years_exposure,county,8,female,85+,21.789346266260875,9.422925692160014,33.311161476591344
person_years_exposure,county,8,female,18-64,3845.3494184141045,3600.7902722755316,4064.324999960898
person_years_exposure,county,8,female,65+,754.8349499173371,635.4292113057286,848.6608589624404
mortality_rate,county,8,female,0-17,0.008139026699599846,0.0019428793381217687,0.018018958050212187
mortality_rate,county,8,female,18-44,0.0010808420305734748,0.0,0.002930026468768775
mortality_rate,county,8,female,45-64,0.007354174186967688,0.001992418446729151,0.01645431535126516
mortality_rate,county,8,female,65-74,0.03555642542194816,0.010547554128299297,0.08016418094039197
mortality_rate,county,8,female,75-84,0.104236449488802,0.033257251180776076,0.25726587090891845
mortality_rate,county,8,female,85+,0.14011005930912437,0.027654027353457285,0.4831554527180291
qualifying_event_rate,county,8,female,0-17,0.03193471309651834,0.02257555922928164,0.042968248421950156
qualifying_event_rate,county,8,female,18-44,0.03919207203928301,0.029052699919934893,0.0523414299918377
qualifying_event_rate,county,8,female,45-64,0.048323560771824516,0.03674051163139116,0.06256607691925062
qualifying_event_rate,county,8,female,65-74,0.07186558495792643,0.051661555435540914,0.09702687884088573
qualifying_event_rate,county,8,female,75-84,0.06858003197984276,0.03826529465123832,0.10417370914257745
qualifying_event_rate,county,8,female,85+,0.06976220219699111,0.0,0.17440867463789983
person_years_exposure,county,9,male,0-17,703.3548545198258,619.0742859701121,772.4073880602342
person_years_exposure,county,9,male,18-44,736.727829066263,688.5550914826431,780.8281863965057
person_years_exposure,county,9,male,45-64,929.5953321101764,868.5767249473812,985.2849093666966
person_years_exposure,county,9,male,65-74,313.61599612519296,277.96195406679857,341.85883413407424
person_years_exposure,county,9,male,75-84,94.32257999526314,66.46271158297543,114.5516750444063
person_years_exposure,county,9,male,85+,2.7034734775427602,0.10342935017572438,5.211158170353379
person_years_exposure,county,9,male,18-64,1666.3231611764395,1558.6338751842025,1764.5290342993014
person_years_exposure,county,9,male,65+,410.6420495979989,350.90387872351107,456.4047186794344
mortality_rate,county,9,male,0-17,0.03689690210875005,0.01171599790607988,0.08479675371023232
mortality_rate,county,9,male,18-44,0.0014335719407920007,0.0,0.004223211280392454
mortality_rate,county,9,male,45-64,0.0080706530541838,0.0011246188546179716,0.01816101672621658
mortality_rate,county,9,male,65-74,0.03403115577511676,0.0087921695863681,0.08023331064149827
mortality_rate,county,9,male,75-84,0.09297196094240301,0.025942146462778305,0.2432993741453926
mortality_rate,county,9,male,85+,0.12604438560049236,0.0,1.4133654932680297
qualifying_event_rate,county,9,male,0-17,0.030454511580513478,0.01893975743153959,0.04349110447659286
qualifying_event_rate,county,9,male,18-44,0.036637789563426365,0.02345901548031215,0.05210345806446042
qualifying_event_rate,county,9,male,45-64,0.05230949229634205,0.03802811296675873,0.06934863277200592
qualifying_event_rate,county,9,male,65-74,0.07345654598641266,0.047786539945635795,0.10166383757603509
qualifying_event_rate,county,9,male,75-84,0.06929977006240647,0.029180019636643524,0.11414305778449778
qualifying_event_rate,county,9,male,85+,0.04669493817066082,0.0,0.25596220365493483
person_years_exposure,county,9,female,0-17,742.6942771273854,687.9290796943,792.573027267412
person_years_exposure,county,9,female,18-44,783.1989011840647,732.366878545457,828.810601160854
person_years_exposure,county,9,female,45-64,827.6166409671813,773.0822995639916,877.1813304394254
person_years_exposure,county,9,female,65-74,271.3512668179487,237.02495344466757,298.63727309064757
person_years_exposure,county,9,female,75-84,131.97717640260782,91.91080615162377,160.95281571992783
person_years_exposure,county,9,female,85+,17.78727471418913,8.958171822460343,26.656800848807926
person_years_exposure,county,9,female,18-64,1610.815542151246,1508.3214012517237,1705.5628385731084
person_years_exposure,county,9,female,65+,421.1157179347457,344.96696211995356,478.1944606281115
mortality_rate,county,9,female,0-17,0.007914366309622787,0.00131345937891038,0.018367820979483623
mortality_rate,county,9,female,18-44,0.0011222005657454855,0.0,0.0039021536145585904
mortality_rate,county,9,female,45-64,0.007746500608068646,0.0011980256022414014,0.018076883557832765
mortality_rate,county,9,female,65-74,0.03655233901359742,0.010011318697471676,0.08445388799814983
mortality_rate,county,9,female,75-84,0.10573862282940287,0.031159949061927535,0.27141283816316664
mortality_rate,county,9,female,85+,0.1401906167565177,0.0,0.42668014771713364
qualifying_event_rate,county,9,female,0-17,0.03323523973987575,0.021182622584587207,0.04740128461145296
qualifying_event_rate,county,9,female,18-44,0.041307977553943755,0.028119283086366586,0.05653401273174103
qualifying_event_rate,county,9,female,45-64,0.050715835574539035,0.03643143294628273,0.06879441777906915
qualifying_event_rate,county,9,female,65-74,0.07404094443720227,0.04799694448067496,0.10433168701256691
qualifying_event_rate,county,9,female,75-84,0.07080875237489656,0.035780224909325156,0.11259858764425722
qualifying_event_rate,county,9,female,85+,0.06745377642249234,0.0,0.1743154410939665
person_years_exposure,county,10,male,0-17,3067.310167600745,2815.2340595125343,3312.987039605563
person_years_exposure,county,10,male,18-44,3633.8992344634453,3343.1073456383874,3914.3070057363643
person_years_exposure,county,10,male,45-64,3422.853318105684,3147.5311365932807,3688.2678662241437
person_years_exposure,county,10,male,65-74,993.7966473356065,871.4838037954913,1100.686788238981
person_years_exposure,county,10,male,75-84,402.32474370154165,295.91383240171604,485.0085656966041
person_years_exposure,county,10,male,85+,42.30164128881964,21.376730299728052,61.527699964490765
person_years_exposure,county,10,male,18-64,7056.752552569129,6488.4034493083245,7606.079907715385
person_years_exposure,county,10,male,65+,1438.4230323259678,1202.373337382203,1637.398928185376
mortality_rate,county,10,male,0-17,0.0009177231034485997,0.0,0.002354384500136533
mortality_rate,county,10,male,18-44,0.0009119583758186722,0.0,0.0022271474393411083
mortality_rate,county,10,male,45-64,0.007539368458252235,0.0023633411848069325,0.016117208061969816
mortality_rate,county,10,male,65-74,0.0398821687829817,0.01337322985885737,0.08723050465453944
mortality_rate,county,10,male,75-84,0.10285792064817702,0.0368514870153567,0.24343311971999193
mortality_rate,county,10,male,85+,0.1615714215195716,0.04453734773814293,0.43860889731530006
qualifying_event_rate,county,10,male,0-17,0.0195428060355364,0.014046228044790979,0.026333443080760494
qualifying_event_rate,county,10,male,18-44,0.0379254827721851,0.0291253156527086,0.04909570186300554
qualifying_event_rate,county,10,male,45-64,0.04974947519639586,0.03890698089865944,0.06384787621963431
qualifying_event_rate,county,10,male,65-74,0.07771144523344646,0.058388614690591166,0.10120527486394962
qualifying_event_rate,county,10,male,75-84,0.06890256770524421,0.0460961208361506,0.09853941702740344
qualifying_event_rate,county,10,male,85+,0.0607449214477005,0.0,0.12922148917500198
person_years_exposure,county,10,female,0-17,2912.192896337081,2669.5716225028214,3150.296336196187
person_years_exposure,county,10,female,18-44,3864.3364821766027,3555.0199941146498,4169.392714066472
person_years_exposure,county,10,female,45-64,3338.28580989813,3068.135597601002,3598.7090831924966
person_years_exposure,county,10,female,65-74,840.5856211494096,744.0303572107198,928.1689632264661
person_years_exposure,county,10,female,75-84,332.2733894536093,241.02909264557775,404.3300588149919
person_years_exposure,county,10,female,85+,30.17010647048377,15.12957851637632,43.58647116949259
person_years_exposure,county,10,female,18-64,7202.622292074733,6624.610406654328,7773.206609869539
person_years_exposure,county,10,female,65+,1203.0291170735024,1009.3400381385869,1366.6109889999811
mortality_rate,county,10,female,0-17,0.0026991177584378594,0.0006177874135658164,0.00603090464846413
mortality_rate,county,10,female,18-44,0.0010418034052724124,0.0,0.002581187950593351
mortality_rate,county,10,female,45-64,0.007309403776603121,0.0023393332533538534,0.015508612629570631
mortality_rate,county,10,female,65-74,0.034662104647468404,0.01123231808573668,0.07641067615487561
mortality_rate,county,10,female,75-84,0.11018439455667994,0.038580450247002136,0.259455797831148
mortality_rate,county,10,female,85+,0.1449481512731626,0.02858370142646986,0.41950197166296316
qualifying_event_rate,county,10,female,0-17,0.019460038787276264,0.013662546041064975,0.026417306390752515
qualifying_event_rate,county,10,female,18-44,0.037507070638065146,0.029111290823873943,0.04791922823587796
qualifying_event_rate,county,10,female,45-64,0.0476093428785386,0.036801966873162006,0.061486504264529306
qualifying_event_rate,county,10,female,65-74,0.07071752820404427,0.051784942126477974,0.09411216882794603
qualifying_event_rate,county,10,female,75-84,0.07384341216198458,0.04808804850241051,0.10649226518366788
qualifying_event_rate,county,10,female,85+,0.05128450907503309,0.0,0.12358161649177554
person_years_exposure,county,11,male,0-17,570.9662603512259,503.7898619727566,626.7895770305552
person_years_exposure,county,11,male,18-44,773.4843787711948,724.0039623241584,817.9735251186588
person_years_exposure,county,11,male,45-64,752.2343140143182,701.9834636521961,797.7676511283098
person_years_exposure,county,11,male,65-74,252.56144966300906,224.31946337219335,276.3755000672167
person_years_exposure,county,11,male,75-84,74.5202366006455,52.859609448864475,90.83107297113878
person_years_exposure,county,11,male,85+,14.697366687029898,6.42175802547201,23.179656413488047
person_years_exposure,county,11,male,18-64,1525.718692785513,1425.94003151125,1613.401143836289
person_years_exposure,county,11,male,65+,341.77905295068445,292.7052496857318,383.3305197424261
mortality_rate,county,11,male,0-17,0.037028295864950767,0.01107044087100147,0.08749353613369522
mortality_rate,county,11,male,18-44,0.001456258201850605,0.0,0.00418605859741243
mortality_rate,county,11,male,45-64,0.00726641719886061,0.0012746362277244877,0.017984658216780462
mortality_rate,county,11,male,65-74,0.034107966439319556,0.007433369688374955,0.07936205739234384
mortality_rate,county,11,male,75-84,0.10152367180287646,0.02302852603604291,0.2650377225265624
mortality_rate,county,11,male,85+,0.13516433957278773,0.0,0.4757367793468738
qualifying_event_rate,county,11,male,0-17,0.029604468670101497,0.017594064700175112,0.043954645469624784
qualifying_event_rate,county,11,male,18-44,0.03551226262676544,0.023359192325963965,0.0500101637107771
qualifying_event_rate,county,11,male,45-64,0.05027782673992327,0.034626450232188064,0.06786797865018518
qualifying_event_rate,county,11,male,65-74,0.07198647889362916,0.04555552381012333,0.10276851871428268
qualifying_event_rate,county,11,male,75-84,0.06983749726555129,0.02750048208481673,0.11859377838152543
qualifying_event_rate,county,11,male,85+,0.04937097213802068,0.0,0.15683510769603298
person_years_exposure,county,11,female,0-17,608.3600338547132,563.5031389586591,650.6816235994885
person_years_exposure,county,11,female,18-44,656.5923949455228,613.6024801828097,694.7758570192499
person_years_exposure,county,11,female,45-64,785.6976478771621,735.0845623417739,832.1968804224248
person_years_exposure,county,11,female,65-74,239.75289696514452,210.36012886408685,264.07625690177576
person_years_exposure,county,11,female,75-84,64.71882099461872,45.80725911947675,79.70990402822116
person_years_exposure,county,11,female,85+,11.6118467363012,4.504294772457458,18.341394906592004
person_years_exposure,county,11,female,18-64,1442.2900428226849,1350.7438938322036,1525.0392885059555
person_years_exposure,county,11,female,65+,316.0835646960644,266.50224571412014,356.26946372941984
mortality_rate,county,11,female,0-17,0.008112816853711277,0.0015360698259933641,0.019867623185301688
mortality_rate,county,11,female,18-44,0.001103013274828127,0.0,0.0043906360331335105
mortality_rate,county,11,female,45-64,0.007183364669190987,0.0012405907935658942,0.017242916755955007
mortality_rate,county,11,female,65-74,0.037127707881345416,0.007817721491064213,0.08956499665939617
mortality_rate,county,11,female,75-84,0.09878205291342725,0.024294048701062453,0.2419009382215108
mortality_rate,county,11,female,85+,0.13811757435933777,0.0,0.5857252602482387
qualifying_event_rate,county,11,female,0-17,0.03243467680852906,0.02002730291405325,0.04734142337847226
qualifying_event_rate,county,11,female,18-44,0.040115913405894967,0.02639109747415724,0.05611821853818719
qualifying_event_rate,county,11,female,45-64,0.04908582406149715,0.03394858301932094,0.06733688687997645
qualifying_event_rate,county,11,female,65-74,0.07390189686094531,0.04714331543899193,0.10371572159775681
qualifying_event_rate,county,11,female,75-84,0.06575142308824579,0.019292559138422424,0.12059771568390842
qualifying_event_rate,county,11,female,85+,0.07274974617884407,0.0,0.2129069468671577
person_years_exposure,county,12,male,0-17,1028.5067988079184,911.0824876640462,1123.6173581615537
person_years_exposure,county,12,male,18-44,1328.4862905113825,1242.417197063187,1405.383463228409
person_years_exposure,county,12,male,45-64,1339.2624297145596,1253.4794027627722,1417.2392413736047
person_years_exposure,county,12,male,65-74,398.3144474126584,349.57612244826197,435.0333371064824
person_years_exposure,county,12,male,75-84,92.08010190366664,66.8552676646215,111.38222514331223
person_years_exposure,county,12,male,85+,4.471172901496977,0.8055475100906856,8.057091079481426
person_years_exposure,county,12,male,18-64,2667.748720225942,2497.3152287533503,2822.3969988276162
person_years_exposure,county,12,male,65+,494.86572221782205,424.0367237144124,547.7410108037797
mortality_rate,county,12,male,0-17,0.03705118828366067,0.012203651324196579,0.08361103241539068
mortality_rate,county,12,male,18-44,0.001539654696370745,0.0,0.004058602502639077
mortality_rate,county,12,male,45-64,0.007732582353898475,0.001548871292562887,0.017100671430188313
mortality_rate,county,12,male,65-74,0.03633564760832894,0.009460404791913155,0.085227014175452
mortality_rate,county,12,male,75-84,0.09095700422445656,0.021059892694645435,0.2301157127910191
mortality_rate,county,12,male,85+,0.11577822421931919,0.0,0.8096062785419713
qualifying_event_rate,county,12,male,0-17,0.03242852333417384,0.02203064672773019,0.04440738926010222
qualifying_event_rate,county,12,male,18-44,0.038594160045651624,0.027887777641121436,0.05214459844433815
qualifying_event_rate,county,12,male,45-64,0.055291811367230756,0.04167256883059865,0.07274391248609499
qualifying_event_rate,county,12,male,65-74,0.07863746783911182,0.05458402132764892,0.10693253919388952
qualifying_event_rate,county,12,male,75-84,0.07116149936960386,0.030337094981594072,0.11974580788513756
qualifying_event_rate,county,12,male,85+,0.04696063218455459,0.0,0.24208714645493923
person_years_exposure,county,12,female,0-17,1025.1847640915428,951.8696917940604,1094.0420713917192
person_years_exposure,county,12,female,18-44,1410.5481659048855,1321.9442564677993,1490.529663887811
person_years_exposure,county,12,female,45-64,1302.926221143805,1217.6902065112563,1381.9663506356974
person_years_exposure,county,12,female,65-74,390.2546933185844,343.59448337840314,428.86771789406725
person_years_exposure,county,12,female,75-84,140.45880060093845,101.00928822172229,170.18051896052262
person_years_exposure,county,12,female,85+,22.05308283415556,9.913547627853378,33.613486712866425
person_years_exposure,county,12,female,18-64,2713.4743870486905,2542.848105068062,2869.6611463000922
person_years_exposure,county,12,female,65+,552.7665767536784,461.32267435040643,623.7038186895907
mortality_rate,county,12,female,0-17,0.008098768793503661,0.0018752187650446042,0.018672779365297397
mortality_rate,county,12,female,18-44,0.0010395310342411054,0.0,0.002941467924361706
mortality_rate,county,12,female,45-64,0.007818188990438396,0.002137548134711806,0.017465481592813827
mortality_rate,county,12,female,65-74,0.0385842408176066,0.010068161696995972,0.089720630516181
mortality_rate,county,12,female,75-84,0.10168945083204714,0.02966337297029632,0.25405282052334155
mortality_rate,county,12,female,85+,0.14427818941532095,0.02898864411946335,0.4775753651344618
qualifying_event_rate,county,12,female,0-17,0.03561334033148961,0.024235474348313652,0.04904219764823122
qualifying_event_rate,county,12,female,18-44,0.04340327055642635,0.03174275596957413,0.05737384711183265
qualifying_event_rate,county,12,female,45-64,0.05416409593240213,0.040544625944032735,0.07035643448960657
qualifying_event_rate,county,12,female,65-74,0.08031371794238892,0.05510616296877948,0.10963354441348175
qualifying_event_rate,county,12,female,75-84,0.0746155831070194,0.039760184420577535,0.11370776054807838
qualifying_event_rate,county,12,female,85+,0.07465953849776179,0.0,0.1758590595285638
person_years_exposure,county,13,male,0-17,2439.958864366159,2170.078710669686,2702.2446375948734
person_years_exposure,county,13,male,18-44,2790.5759673193415,2565.9146422965364,3034.8840286158497
person_years_exposure,county,13,male,45-64,2942.3652115683403,2710.1748466288527,3191.3830860132234
person_years_exposure,county,13,male,65-74,860.531663568816,760.4863107180358,956.11066225462
person_years_exposure,county,13,male,75-84,249.71907082142286,183.80540973163107,302.40573486839
person_years_exposure,county,13,male,85+,19.33598239374931,9.250374083644454,28.831583036528745
person_years_exposure,county,13,male,18-64,5732.941178887682,5281.864483712113,6223.662125323077
person_years_exposure,county,13,male,65+,1129.5867167839883,968.1608474893543,1278.7290195321916
mortality_rate,county,13,male,0-17,0.031047406428685476,0.01089774622131042,0.06738129093734489
mortality_rate,county,13,male,18-44,0.0009992826754789033,0.0,0.0026174943517593605
mortality_rate,county,13,male,45-64,0.007145412805942455,0.0021038910980147917,0.014944706022978812
mortality_rate,county,13,male,65-74,0.0346647071663674,0.011103794859967129,0.07359154715273745
mortality_rate,county,13,male,75-84,0.09969096763922677,0.03392119709549475,0.23501899786636984
mortality_rate,county,13,male,85+,0.15838136231961442,0.03577516564232674,0.49166310882353365
qualifying_event_rate,county,13,male,0-17,0.027563741140661003,0.02025602545818494,0.03739417919991206
qualifying_event_rate,county,13,male,18-44,0.036562092582274504,0.027442741324680806,0.048106620087580224
qualifying_event_rate,county,13,male,45-64,0.04486170214349142,0.034123090865820056,0.058201157471604294
qualifying_event_rate,county,13,male,65-74,0.06969943801042454,0.05184349903010257,0.09191867432400684
qualifying_event_rate,county,13,male,75-84,0.06052026968586331,0.035570163057224255,0.09064085838781508
qualifying_event_rate,county,13,male,85+,0.05229335386869152,0.0,0.15074112738636633
person_years_exposure,county,13,female,0-17,2426.3012775515645,2204.2058309857835,2660.3405253336564
person_years_exposure,county,13,female,18-44,2933.7214813543915,2700.5410219002533,3188.9751027588677
person_years_exposure,county,13,female,45-64,2865.6937062881516,2637.1631393571224,3110.711530025936
person_years_exposure,county,13,female,65-74,853.2793585517769,753.6604050047755,950.447560188071
person_years_exposure,county,13,female,75-84,284.35477121937345,212.32024325322647,338.7377377629818
person_years_exposure,county,13,female,85+,31.298736171451765,14.710511201427918,45.765309598986775
person_years_exposure,county,13,female,18-64,5799.415187642543,5340.498176890897,6302.30102931136
person_years_exposure,county,13,female,65+,1168.9328659426021,998.405892999069,1322.86189971277
mortality_rate,county,13,female,0-17,0.019791047143661856,0.0065825902969034195,0.04304956972170919
mortality_rate,county,13,female,18-44,0.0010681958333185891,0.0,0.0026303668840202683
mortality_rate,county,13,female,45-64,0.007637153314562691,0.0022060514080794835,0.01652904314750663
mortality_rate,county,13,female,65-74,0.03478708956364474,0.011159727848057905,0.07607401825832398
mortality_rate,county,13,female,75-84,0.09846311529664946,0.0329156602914614,0.22930806902180256
mortality_rate,county,13,female,85+,0.12445999821367536,0.022572825416793927,0.3814316772779875
qualifying_event_rate,county,13,female,0-17,0.03037774702102451,0.022354916459664,0.04034373639983216
qualifying_event_rate,county,13,female,18-44,0.03871598080532405,0.029150561372898894,0.05042469570008536
qualifying_event_rate,county,13,female,45-64,0.03751818443264888,0.028030022207315167,0.04888479480002674
qualifying_event_rate,county,13,female,65-74,0.07207997888776939,0.05365162147474176,0.09347428063060159
qualifying_event_rate,county,13,female,75-84,0.0736057897240112,0.04662637932477198,0.10857101767139317
qualifying_event_rate,county,13,female,85+,0.04291447575948293,0.0,0.11353915405588832
person_years_exposure,county,14,male,0-17,1248.2665151222172,1030.9108812581037,1434.1092133432835
person_years_exposure,county,14,male,18-44,1454.2512324795712,1317.2164092786866,1601.266307791323
person_years_exposure,county,14,male,45-64,1633.642793856695,1479.2208323974244,1796.3874561095834
person_years_exposure,county,14,male,65-74,657.8458801485867,574.2625337275499,739.2508033828204
person_years_exposure,county,14,male,75-84,202.99679050738132,147.58669117672585,248.66021559220056
person_years_exposure,county,14,male,85+,19.113060063692323,8.758275331948376,29.416261968205163
person_years_exposure,county,14,male,18-64,3087.8940263362665,2798.6442608417074,3394.9619389359573
person_years_exposure,county,14,male,65+,879.9557307196603,737.0493332953209,1007.5862444664122
mortality_rate,county,14,male,0-17,0.05963015657636645,0.021196217592610752,0.13822792726591104
mortality_rate,county,14,male,18-44,0.0010170209061664155,0.0,0.003015458711266293
mortality_rate,county,14,male,45-64,0.007693456257551068,0.0018553352527714956,0.01706826665912654
mortality_rate,county,14,male,65-74,0.035781012833999,0.01083582660119862,0.08121297290434477
mortality_rate,county,14,male,75-84,0.09961763367666598,0.03082588331514204,0.24929602657712532
mortality_rate,county,14,male,85+,0.15314892731521368,0.0308086177207965,0.4714213083703402
qualifying_event_rate,county,14,male,0-17,0.013871971857752354,0.007888169696549537,0.02090306515722695
qualifying_event_rate,county,14,male,18-44,0.03615554843243791,0.02543349852545651,0.04843241821247796
qualifying_event_rate,county,14,male,45-64,0.043073158199279434,0.031680760122687,0.056946339345278034
qualifying_event_rate,county,14,male,65-74,0.06123661404826629,0.04307816559311404,0.08201138559382663
qualifying_event_rate,county,14,male,75-84,0.07312765033572664,0.04388838727304572,0.10995827188731215
qualifying_event_rate,county,14,male,85+,0.06493322762392925,0.0,0.17136236679347314
person_years_exposure,county,14,female,0-17,1500.7293221541845,1351.5274727034134,1660.1438377350064
person_years_exposure,county,14,female,18-44,1502.2458202920325,1358.9410292095668,1652.9961746569868
person_years_exposure,county,14,female,45-64,1671.6976736999552,1513.6671708030397,1839.1679343985595
person_years_exposure,county,14,female,65-74,651.6774155270422,568.0361842565147,734.1785001706666
person_years_exposure,county,14,female,75-84,251.06867348771658,187.72064894407788,303.23390272985114
person_years_exposure,county,14,female,85+,40.86620803037385,22.27927229678528,57.73175814413527
person_years_exposure,county,14,female,18-64,3173.9434939919875,2877.5952281627547,3489.325449809531
person_years_exposure,county,14,female,65+,943.6122970451327,791.6439050573824,1083.2808009787725
mortality_rate,county,14,female,0-17,0.01088370557743517,0.0031649174372993007,0.024013731235719444
mortality_rate,county,14,female,18-44,0.0010703375802619485,0.0,0.002942514047177895
mortality_rate,county,14,female,45-64,0.007204911380352735,0.0018119163626654498,0.01657266420354121
mortality_rate,county,14,female,65-74,0.036043595461638954,0.011060554015633743,0.08304278851510596
mortality_rate,county,14,female,75-84,0.08903298863480391,0.02902081922193695,0.21182678005335365
mortality_rate,county,14,female,85+,0.1703517729519859,0.053199539502725816,0.4486111359791589
qualifying_event_rate,county,14,female,0-17,0.0112575472475937,0.006523005020146402,0.016688689939374148
qualifying_event_rate,county,14,female,18-44,0.03976370742681628,0.028730379321761423,0.05254158636667406
qualifying_event_rate,county,14,female,45-64,0.04647192667727171,0.034408506415371555,0.06033021188661279
qualifying_event_rate,county,14,female,65-74,0.06512348498392244,0.04629236747096507,0.0871826043117872
qualifying_event_rate,county,14,female,75-84,0.07712748552447807,0.048858591376125,0.11024347612226602
qualifying_event_rate,county,14,female,85+,0.05452575763147574,0.0,0.11712524809820477
person_years_exposure,county,15,male,0-17,264.8437849674912,231.31854025471526,293.6141460743188
person_years_exposure,county,15,male,18-44,242.89862363157604,226.2230593209192,258.17622502494606
person_years_exposure,county,15,male,45-64,231.97317706206476,215.56830047684895,246.63509482302877
person_years_exposure,county,15,male,65-74,74.14182551516093,62.774529498017685,83.04072424185108
person_years_exposure,county,15,male,75-84,39.17383383466774,26.942301880885026,49.12268101559663
person_years_exposure,county,15,male,85+,1.8383077422063898,0.11824164743512784,3.635890683838771
person_years_exposure,county,15,male,18-64,474.8718006936408,443.76909112260637,502.9290403847284
person_years_exposure,county,15,male,65+,115.15396709203507,93.60234906856661,132.5186611537954
mortality_rate,county,15,male,0-17,0.03668779784254582,0.009522506897407643,0.08684283850028963
mortality_rate,county,15,male,18-44,0.0015501813438474497,0.0,0.007979391736894192
mortality_rate,county,15,male,45-64,0.00742283497548867,0.0,0.02113278794372585
mortality_rate,county,15,male,65-74,0.040163473269236805,0.0,0.10725743008817641
mortality_rate,county,15,male,75-84,0.09411217714848678,0.019925134376622966,0.26356515794856994
mortality_rate,county,15,male,85+,0.0971357862706458,0.0,1.016089802639374
qualifying_event_rate,county,15,male,0-17,0.030013606643769418,0.014096713909538861,0.049609714558901175
qualifying_event_rate,county,15,male,18-44,0.03515405670929269,0.0164006243451629,0.05621378731871734
qualifying_event_rate,county,15,male,45-64,0.050150994088628595,0.027748726378027385,0.07499979109741796
qualifying_event_rate,county,15,male,65-74,0.07435486086955982,0.026707444300398453,0.1261716953651266
qualifying_event_rate,county,15,male,75-84,0.06744176193363711,0.0,0.13744692632406677
qualifying_event_rate,county,15,male,85+,0.0396333057445196,0.0,0.3137168806116697
person_years_exposure,county,15,female,0-17,206.2404260528397,188.13292353019654,224.00725521041497
person_years_exposure,county,15,female,18-44,263.71056985202006,245.9953278680754,280.00468789432983
person_years_exposure,county,15,female,45-64,257.9107567102915,240.27042912761826,274.4911727153916
person_years_exposure,county,15,female,65-74,85.74600114755313,73.91381541224301,95.88486899669202
person_years_exposure,county,15,female,75-84,36.64948672391563,24.027978070907533,46.250250061053656
person_years_exposure,county,15,female,85+,3.900813688297466,0.705523940143053,6.904528292499118
person_years_exposure,county,15,female,18-64,521.6213265623115,487.26907259676375,554.0175995218466
person_years_exposure,county,15,female,65+,126.29630155976622,104.27302952042832,144.03806866574877
mortality_rate,county,15,female,0-17,0.007814372369255817,0.0,0.02194897409952818
mortality_rate,county,15,female,18-44,0.0009771265532708196,0.0,0.004013972687249499
mortality_rate,county,15,female,45-64,0.007520345252341018,0.0,0.020986324890197767
mortality_rate,county,15,female,65-74,0.03697114308860477,0.0,0.09964960359891735
mortality_rate,county,15,female,75-84,0.08603026340286661,0.0,0.24552389846349743
mortality_rate,county,15,female,85+,0.1465433505125044,0.0,1.4405586095946472
qualifying_event_rate,county,15,female,0-17,0.03238547850543516,0.014223527316348747,0.053831579017950444
qualifying_event_rate,county,15,female,18-44,0.03971951867160462,0.02023550098851483,0.06096623238729043
qualifying_event_rate,county,15,female,45-64,0.049466530119332726,0.0281222492004185,0.07355708895941729
qualifying_event_rate,county,15,female,65-74,0.07197081130220502,0.03167041035274987,0.1172567465339992
qualifying_event_rate,county,15,female,75-84,0.06501443636616788,0.0,0.13277979934558584
qualifying_event_rate,county,15,female,85+,0.066938382319896,0.0,0.3022483538169309
person_years_exposure,county,16,male,0-17,1501.7917075181663,1318.237860029015,1661.8133662819523
person_years_exposure,county,16,male,18-44,1693.0633354233603,1516.2591074110871,1833.2843134505165
person_years_exposure,county,16,male,45-64,1845.7311099609803,1654.1869573327983,2003.1174679475382
person_years_exposure,county,16,male,65-74,501.2372583904173,434.6543329505138,557.3207625923694
person_years_exposure,county,16,male,75-84,171.80324101085196,123.08031277921361,210.6439630971315
person_years_exposure,county,16,male,85+,26.26215321741924,13.528414208959994,38.11486967555785
person_years_exposure,county,16,male,18-64,3538.7944453843406,3168.854060836252,3833.6917426661594
person_years_exposure,county,16,male,65+,699.3026526186885,582.4408281538073,796.7719230076123
mortality_rate,county,16,male,0-17,0.027870030350559585,0.009291675427755004,0.062120157460297545
mortality_rate,county,16,male,18-44,0.0009753188613600292,0.0,0.0028767414435506913
mortality_rate,county,16,male,45-64,0.007076083187044567,0.0016665299335226105,0.01596392187853935
mortality_rate,county,16,male,65-74,0.03478244263377432,0.010500369212543203,0.07830277293267947
mortality_rate,county,16,male,75-84,0.1004865602479196,0.031184830518620095,0.24969218772910512
mortality_rate,county,16,male,85+,0.1481912572009478,0.02780532059908414,0.45159816130762975
qualifying_event_rate,county,16,male,0-17,0.016199400275158142,0.010016329954491998,0.023267101140887043
qualifying_event_rate,county,16,male,18-44,0.026280827250311917,0.018222606760102115,0.0360187154797452
qualifying_event_rate,county,16,male,45-64,0.03495608374470319,0.025280630542973172,0.04713062352799346
qualifying_event_rate,county,16,male,65-74,0.049306282490863676,0.032279265091104556,0.069616542421252
qualifying_event_rate,county,16,male,75-84,0.05913905835612925,0.030154938082057464,0.09379154121869251
qualifying_event_rate,county,16,male,85+,0.06295501591295004,0.0,0.1481790381730222
person_years_exposure,county,16,female,0-17,1676.1328915027505,1502.5120202789562,1824.9873313655428
person_years_exposure,county,16,female,18-44,1918.4870926547524,1719.862070560639,2078.031579950296
person_years_exposure,county,16,female,45-64,1849.2956559168135,1655.6442147250268,2005.5102516272839
person_years_exposure,county,16,female,65-74,546.413943402848,476.98716873243274,604.1462891100562
person_years_exposure,county,16,female,75-84,171.2998027250436,122.9471603621152,208.23852856767257
person_years_exposure,county,16,female,85+,9.798069638204385,3.5738306902891748,15.973578676793208
person_years_exposure,county,16,female,18-64,3767.782748571566,3375.5220910090848,4085.289663542304
person_years_exposure,county,16,female,65+,727.511815766096,614.9108651017311,821.1501428236063
mortality_rate,county,16,female,0-17,0.003023549695517495,0.0005560050411662652,0.007266098979361864
mortality_rate,county,16,female,18-44,0.0010196768649505773,0.0,0.0028489358265752582
mortality_rate,county,16,female,45-64,0.007684249499685855,0.002122169788777023,0.01661155467615233
mortality_rate,county,16,female,65-74,0.03255423137031039,0.01006105790605668,0.07194087831978999
mortality_rate,county,16,female,75-84,0.09426003807312647,0.030547100590954647,0.23071345936177773
mortality_rate,county,16,female,85+,0.14781703575455907,0.0,0.5776373559872695
qualifying_event_rate,county,16,female,0-17,0.012107890547720749,0.007224616855040217,0.017848972460026584
qualifying_event_rate,county,16,female,18-44,0.02685862582862187,0.019058392992789296,0.036237530257378865
qualifying_event_rate,county,16,female,45-64,0.03278988051463723,0.023844499987727502,0.0438355917347258
qualifying_event_rate,county,16,female,65-74,0.041716420067532255,0.02620046762859867,0.06042214642673745
qualifying_event_rate,county,16,female,75-84,0.057343026631806786,0.028686884050505516,0.09114590150370096
qualifying_event_rate,county,16,female,85+,0.04027371807830271,0.0,0.16478691379366586
person_years_exposure,county,17,male,0-17,1122.1001173575194,931.1588474247241,1295.5909763858092
person_years_exposure,county,17,male,18-44,1504.309751065884,1364.3273434968228,1653.3824292845914
person_years_exposure,county,17,male,45-64,1550.6229542420647,1401.2789131497648,1706.6630457285326
person_years_exposure,county,17,male,65-74,411.4452840436305,358.71507562248564,463.50270252588336
person_years_exposure,county,17,male,75-84,134.4121340423841,96.71695338524317,164.63371746386161
person_years_exposure,county,17,male,85+,7.990391930147796,2.1445848371716574,13.873259740177753
person_years_exposure,county,17,male,18-64,3054.9327053079487,2762.9318150529375,3357.5346889010834
person_years_exposure,county,17,male,65+,553.8478100161624,467.10137447588676,634.4663217606638
mortality_rate,county,17,male,0-17,0.05986170188685472,0.020830333875324628,0.13679536774486548
mortality_rate,county,17,male,18-44,0.0009468238873282551,0.0,0.0027714573795757946
mortality_rate,county,17,male,45-64,0.0072457018205252695,0.001765518584860935,0.016161708928089585
mortality_rate,county,17,male,65-74,0.0351976237309332,0.009492537774737752,0.08106822367930669
mortality_rate,county,17,male,75-84,0.09426558375074177,0.02663538542971559,0.22897800928959752
mortality_rate,county,17,male,85+,0.1518602808189105,0.0,0.722335666254869
qualifying_event_rate,county,17,male,0-17,0.009668816633219664,0.004760185061368904,0.015199990105708416
qualifying_event_rate,county,17,male,18-44,0.02547946315719924,0.016989996033021287,0.034893474068164114
qualifying_event_rate,county,17,male,45-64,0.030414628498004095,0.021704010163263003,0.04145144279272455
qualifying_event_rate,county,17,male,65-74,0.044106910507740876,0.02674420272791359,0.06349156489675642
qualifying_event_rate,county,17,male,75-84,0.05238989767991561,0.021903477206621908,0.09038974378319341
qualifying_event_rate,county,17,male,85+,0.047173343604526616,0.0,0.21356267992692737
person_years_exposure,county,17,female,0-17,1382.9123368261005,1243.3886598083811,1527.117278567372
person_years_exposure,county,17,female,18-44,1463.5352614802855,1324.6240381976188,1604.9857006361844
person_years_exposure,county,17,female,45-64,1716.4246685830417,1553.568621939212,1888.992268125076
person_years_exposure,county,17,female,65-74,399.77976263568667,347.5380582884031,452.05952675127645
person_years_exposure,county,17,female,75-84,139.25887709575102,103.53616259819046,169.4050644092316
person_years_exposure,county,17,female,85+,15.589280069947337,7.409888291949657,23.237593236264377
person_years_exposure,county,17,female,18-64,3179.959930063327,2879.858764272155,3492.855250894456
person_years_exposure,county,17,female,65+,554.627919801385,465.776400594009,637.9700926938793
mortality_rate,county,17,female,0-17,0.011020037704433596,0.0030309182634535837,0.024870855438612817
mortality_rate,county,17,female,18-44,0.0010169083650876203,0.0,0.0029438825382098305
mortality_rate,county,17,female,45-64,0.0076065979374021885,0.0018792011402137831,0.017080559524858697
mortality_rate,county,17,female,65-74,0.03451710409204886,0.009476300614968538,0.07793021944727709
mortality_rate,county,17,female,75-84,0.09184481150699776,0.025933648573580433,0.22615316932746804
mortality_rate,county,17,female,85+,0.14368835406169583,0.0,0.46451579843511076
qualifying_event_rate,county,17,female,0-17,0.007820763037172924,0.0037726025555880824,0.012482264137425711
qualifying_event_rate,county,17,female,18-44,0.028109907023367263,0.019471845228934703,0.038964626885651735
qualifying_event_rate,county,17,female,45-64,0.03340627556703977,0.024254255006405115,0.04442628459749386
qualifying_event_rate,county,17,female,65-74,0.04624288148298659,0.027705968633685775,0.06849164420036023
qualifying_event_rate,county,17,female,75-84,0.05697609864263456,0.027016055342678248,0.09375224574868866
qualifying_event_rate,county,17,female,85+,0.0384114524237888,0.0,0.1354458923690875
person_years_exposure,state,0,male,0-17,16182.392825622994,14883.092528219853,17452.75650049488
person_years_exposure,state,0,male,18-44,19535.493761745256,17966.025839772174,21061.27008656788
person_years_exposure,state,0,male,45-64,17075.393236221757,15706.184931092625,18410.40983455899
person_years_exposure,state,0,male,65-74,4938.503494247055,4353.839240265116,5462.697405412691
person_years_exposure,state,0,male,75-84,1703.9648474658673,1256.7614026963345,2048.539661097629
person_years_exposure,state,0,male,85+,208.778477276939,108.66115192556731,291.49965978434574
person_years_exposure,state,0,male,18-64,36610.88699796701,33674.400733944305,39466.38499490113
person_years_exposure,state,0,male,65+,6851.246818989861,5760.6367418513155,7769.859748710389
mortality_rate,state,0,male,0-17,0.0009318818476042923,0.00024080234650903653,0.0020604432406746277
mortality_rate,state,0,male,18-44,0.0009170007535248292,0.000258082083189056,0.0019467120250046038
mortality_rate,state,0,male,45-64,0.0072602532763064494,0.002584158424923809,0.0150878517457504
mortality_rate,state,0,male,65-74,0.03952430492276277,0.014328167676359133,0.08519669724428215
mortality_rate,state,0,male,75-84,0.10397599216752028,0.03854955623335097,0.24615610239671765
mortality_rate,state,0,male,85+,0.15872478557418357,0.05890345440270696,0.41265926604504194
qualifying_event_rate,state,0,male,0-17,0.017824427922336357,0.013819981872977201,0.023118179543110372
qualifying_event_rate,state,0,male,18-44,0.034631900159907116,0.027358942219056864,0.04420638419072738
qualifying_event_rate,state,0,male,45-64,0.0454626700545474,0.0363854195966526,0.05746705049315228
qualifying_event_rate,state,0,male,65-74,0.07135829756283944,0.05687840557320377,0.09109737305445287
qualifying_event_rate,state,0,male,75-84,0.06430892518017367,0.049067402705338825,0.08555212773035065
qualifying_event_rate,state,0,male,85+,0.05758276956627682,0.032004829811328454,0.0926174929670326
person_years_exposure,state,0,female,0-17,16659.592856493993,15311.009679124529,17997.202271797658
person_years_exposure,state,0,female,18-44,20033.731967287247,18442.684952451888,21586.3100287442
person_years_exposure,state,0,female,45-64,17278.88608356734,15877.582011534296,18645.679016914743
person_years_exposure,state,0,female,65-74,4497.38049480244,4003.4873788790437,4960.3055458395565
person_years_exposure,state,0,female,75-84,1638.376888810487,1203.1401847615327,1973.8491880398767
person_years_exposure,state,0,female,85+,216.37129907945447,111.85320535923367,302.5556873023112
person_years_exposure,state,0,female,18-64,37312.61805085459,34273.01549005211,40210.28020184394
person_years_exposure,state,0,female,65+,6352.1286826923815,5340.699071504283,7208.313714787856
mortality_rate,state,0,female,0-17,0.0026886606757643454,0.0008696555384301324,0.0056958386738457335
mortality_rate,state,0,female,18-44,0.0010292455214994118,0.0002946512681003889,0.0021981655826419015
mortality_rate,state,0,female,45-64,0.007405059056248124,0.0026526826200371453,0.015370407085950163
mortality_rate,state,0,female,65-74,0.03488505136695799,0.012941997549928867,0.07530668699265529
mortality_rate,state,0,female,75-84,0.11239668783937967,0.042592067513903424,0.26151689667846456
mortality_rate,state,0,female,85+,0.15651730478430415,0.05920811021169659,0.4022717961734637
qualifying_event_rate,state,0,female,0-17,0.017744093600989174,0.013711266955534063,0.0230756434131979
qualifying_event_rate,state,0,female,18-44,0.03443013819305133,0.027382250100171715,0.044136551897581006
qualifying_event_rate,state,0,female,45-64,0.04376926707137363,0.03507143606065918,0.05539816635503309
qualifying_event_rate,state,0,female,65-74,0.06572386992703891,0.05182860692728855,0.0844030050564271
qualifying_event_rate,state,0,female,75-84,0.06853322264073905,0.05228622795531884,0.0913332954861091
qualifying_event_rate,state,0,female,85+,0.049141627734707795,0.025417915789555757,0.08179092178016602
person_years_exposure,state,1,male,0-17,3655.5691682314573,3244.4837598432887,4046.5647385975667
person_years_exposure,state,1,male,18-44,4318.413544147784,3977.8099867767546,4694.86033780222
person_years_exposure,state,1,male,45-64,4354.444853296595,4010.3263104030257,4719.692042053991
person_years_exposure,state,1,male,65-74,1209.2001138454243,1071.206317918778,1346.352538440193
person_years_exposure,state,1,male,75-84,373.4390343652627,277.2305186585249,450.18509225909196
person_years_exposure,state,1,male,85+,29.465925962583402,15.138941209832646,42.183366558150375
person_years_exposure,state,1,male,18-64,8672.858397444379,7986.828963991808,9410.349866618222
person_years_exposure,state,1,male,65+,1612.1050741732704,1385.3091407322868,1826.8922054771463
mortality_rate,state,1,male,0-17,0.030987073534106308,0.010936524016552518,0.0676484796199654
mortality_rate,state,1,male,18-44,0.0010140080854308625,0.0,0.0024005920024279034
mortality_rate,state,1,male,45-64,0.00700041249418338,0.002221327824275424,0.014879007775109384
mortality_rate,state,1,male,65-74,0.03485594590498914,0.011392059038898252,0.07518338972059178
mortality_rate,state,1,male,75-84,0.09941979919097163,0.03552817761402582,0.2286303324142153
mortality_rate,state,1,male,85+,0.14959288646254099,0.041221083169807084,0.42499303733746907
qualifying_event_rate,state,1,male,0-17,0.027594748471837148,0.020710397898382093,0.036986192018523795
qualifying_event_rate,state,1,male,18-44,0.03658985393229002,0.028079103796082226,0.04747302106860572
qualifying_event_rate,state,1,male,45-64,0.044759176830531475,0.034745929061216076,0.05728553557208328
qualifying_event_rate,state,1,male,65-74,0.0699080933092054,0.05308130355220074,0.09114548223586702
qualifying_event_rate,state,1,male,75-84,0.06041527588724031,0.03922535173772924,0.08660593068047788
qualifying_event_rate,state,1,male,85+,0.05161807806055625,0.0,0.1273570050540428
person_years_exposure,state,1,female,0-17,3730.4626689702204,3393.459825529601,4089.0118996498813
person_years_exposure,state,1,female,18-44,4452.030824528645,4104.705121264611,4838.868988612031
person_years_exposure,state,1,female,45-64,4202.138988503813,3863.62640531458,4559.1328865826645
person_years_exposure,state,1,female,65-74,1224.3768951135917,1083.75874551227,1362.4226540593393
person_years_exposure,state,1,female,75-84,444.0755249507629,335.9411301415055,526.886725668356
person_years_exposure,state,1,female,85+,65.38045429745648,34.93965114841791,91.99576167904851
person_years_exposure,state,1,female,18-64,8654.169813032458,7976.910287066083,9389.498015948115
person_years_exposure,state,1,female,65+,1733.832874361811,1475.1589387012714,1969.9650085976605
mortality_rate,state,1,female,0-17,0.019798985153867948,0.006894845000784591,0.04207685486352873
mortality_rate,state,1,female,18-44,0.0010866705141270461,0.00020909154048452027,0.002569934080057172
mortality_rate,state,1,female,45-64,0.007461555239671851,0.002398008682779396,0.01588999457713147
mortality_rate,state,1,female,65-74,0.034493029711262974,0.011923375076816829,0.07546268536405923
mortality_rate,state,1,female,75-84,0.09648904593494151,0.03342149747776058,0.22371805619720098
mortality_rate,state,1,female,85+,0.13117985347274708,0.03884851227720088,0.35997710779684616
qualifying_event_rate,state,1,female,0-17,0.03039036367539777,0.022930969380038572,0.0400480582500906
qualifying_event_rate,state,1,female,18-44,0.03871803757469118,0.029953892534326187,0.05008212041906243
qualifying_event_rate,state,1,female,45-64,0.03746173889640898,0.028613490415751182,0.04842643573085089
qualifying_event_rate,state,1,female,65-74,0.07211867708373274,0.05481506297106581,0.09368451980133345
qualifying_event_rate,state,1,female,75-84,0.07326244562422173,0.050122409952590714,0.10298937724529435
qualifying_event_rate,state,1,female,85+,0.04486858788173759,0.009709170804453136,0.09203974050573883
person_years_exposure,state,2,male,0-17,5132.293777507389,4767.411787100137,5832.936547946731
person_years_exposure,state,2,male,18-44,5821.3589945354415,5459.740658938951,6616.66359968269
person_years_exposure,state,2,male,45-64,5269.657335997766,4930.075612895485,5991.269050215871
person_years_exposure,state,2,male,65-74,1434.5659324259789,1259.722595881993,1664.9307874054964
person_years_exposure,state,2,male,75-84,478.1011676219131,347.1482986920908,588.8728775838603
person_years_exposure,state,2,male,85+,78.70989235080496,47.45254753935706,108.24974694570298
person_years_exposure,state,2,male,18-64,11091.016330533206,10397.664241577466,12597.03321314287
person_years_exposure,state,2,male,65+,1991.3769923986968,1664.8865598725104,2342.160186347831
mortality_rate,state,2,male,0-17,0.009199559845331171,0.003214088129453277,0.02006539197284175
mortality_rate,state,2,male,18-44,0.001011311454383138,0.00017475364820058342,0.0022665210071698954
mortality_rate,state,2,male,45-64,0.006997330719089025,0.002329359026134487,0.014982131918016338
mortality_rate,state,2,male,65-74,0.03748504480621864,0.013588432102270207,0.08385898565055351
mortality_rate,state,2,male,75-84,0.1048752835719918,0.0377092756927061,0.25191046650673704
mortality_rate,state,2,male,85+,0.13668926898878606,0.04504390737035872,0.33293525148842534
qualifying_event_rate,state,2,male,0-17,0.021350140904388682,0.015691015621617833,0.028149231212973615
qualifying_event_rate,state,2,male,18-44,0.03630916987084452,0.027924107637810374,0.046901159738837885
qualifying_event_rate,state,2,male,45-64,0.04336923656568794,0.03387284787915617,0.055740670882122374
qualifying_event_rate,state,2,male,65-74,0.05171207418428859,0.03817893550881062,0.06828535828089899
qualifying_event_rate,state,2,male,75-84,0.07513983411013742,0.05271642922951168,0.1046920967977693
qualifying_event_rate,state,2,male,85+,0.052106028458324946,0.014334741588550479,0.09682551462199764
person_years_exposure,state,2,female,0-17,5147.357463698064,4711.960108911552,5882.068439691189
person_years_exposure,state,2,female,18-44,6194.849810437055,5838.932867399716,7036.2672664608335
person_years_exposure,state,2,female,45-64,5697.3435131079395,5344.05986673792,6477.482738438173
person_years_exposure,state,2,female,65-74,1460.9900274535607,1289.696406330622,1685.9124672394094
person_years_exposure,state,2,female,75-84,575.6092100779072,424.91435609848736,705.8570238998888
person_years_exposure,state,2,female,85+,90.87873058379083,48.94038077331022,127.14140808878535
person_years_exposure,state,2,female,18-64,11892.193323544994,11197.09998732921,13505.358916136182
person_years_exposure,state,2,female,65+,2127.4779681152586,1776.0561724576955,2500.2380178162853
mortality_rate,state,2,female,0-17,0.018545146080678233,0.006706847320024624,0.03987419209462556
mortality_rate,state,2,female,18-44,0.0010128436127586008,0.00016738816784431164,0.002369575239593804
mortality_rate,state,2,female,45-64,0.007399281771058856,0.002497020333539653,0.015883225661586852
mortality_rate,state,2,female,65-74,0.03610275997228184,0.012362802493435035,0.07925785380969111
mortality_rate,state,2,female,75-84,0.09854561042354872,0.035900233282831547,0.2348798266259811
mortality_rate,state,2,female,85+,0.1428255530656563,0.048391446777555025,0.3694862339382001
qualifying_event_rate,state,2,female,0-17,0.02825678125757262,0.02148514447973449,0.036724371530880116
qualifying_event_rate,state,2,female,18-44,0.0361956414378641,0.028115585651057155,0.046547396319130095
qualifying_event_rate,state,2,female,45-64,0.0442356825293071,0.03478429520115922,0.05677122136143963
qualifying_event_rate,state,2,female,65-74,0.0655818489231281,0.04961737843031571,0.08569208826014924
qualifying_event_rate,state,2,female,75-84,0.0669655057659966,0.04672295437003409,0.09251928657296318
qualifying_event_rate,state,2,female,85+,0.05326367229222087,0.018838169690705325,0.09702538289310164
person_years_exposure,state,3,male,0-17,3811.438956718252,3166.0857069827857,4387.091736922025
person_years_exposure,state,3,male,18-44,4803.971602879702,4349.458700034965,5286.13715867052
person_years_exposure,state,3,male,45-64,5291.340286388263,4789.769340051254,5819.994545844639
person_years_exposure,state,3,male,65-74,1637.5764157011854,1432.9052748377942,1842.1906324571073
person_years_exposure,state,3,male,75-84,534.3401215397076,393.74208517219495,645.5727528965967
person_years_exposure,state,3,male,85+,60.23300546855219,33.36625053459463,86.34521402589608
person_years_exposure,state,3,male,18-64,10095.311889267965,9132.143310524109,11101.895692839315
person_years_exposure,state,3,male,65+,2232.149542709445,1879.619593173765,2554.2188537571537
mortality_rate,state,3,male,0-17,0.05974899483654965,0.021772777526832068,0.13755339806560377
mortality_rate,state,3,male,18-44,0.0010104147791673678,0.00018803192049830986,0.0023960611295006204
mortality_rate,state,3,male,45-64,0.007334636688097181,0.002399245678250264,0.015791442508716117
mortality_rate,state,3,male,65-74,0.03575645285355186,0.012403966958565599,0.08000009143724543
mortality_rate,state,3,male,75-84,0.09698325514448118,0.034087684572315514,0.23035987748691467
mortality_rate,state,3,male,85+,0.1532199344264614,0.04699907131846023,0.40350589322228675
qualifying_event_rate,state,3,male,0-17,0.01016132319870368,0.006904844671796174,0.014200114271567038
qualifying_event_rate,state,3,male,18-44,0.026440637592082192,0.019913839302296447,0.034661998024641205
qualifying_event_rate,state,3,male,45-64,0.03151245215788549,0.024312068549790084,0.04063152041623654
qualifying_event_rate,state,3,male,65-74,0.047387810681136254,0.03518740239817635,0.06269051565401117
qualifying_event_rate,state,3,male,75-84,0.05622533779818649,0.03818535943523503,0.07865871480950531
qualifying_event_rate,state,3,male,85+,0.04811209168510246,0.0056928474641697235,0.09780639690973217
person_years_exposure,state,3,female,0-17,4495.87755578266,4054.518035494633,4958.888772064148
person_years_exposure,state,3,female,18-44,4734.946656342633,4292.41224313249,5198.503915523898
person_years_exposure,state,3,female,45-64,5335.06709442229,4832.294236768057,5871.077995968499
person_years_exposure,state,3,female,65-74,1642.8038725883341,1436.8469711845244,1846.4734168191892
person_years_exposure,state,3,female,75-84,574.5550875315886,435.1930682136573,686.5377659212954
person_years_exposure,state,3,female,85+,66.54149629396065,38.227010063736756,92.86775892622465
person_years_exposure,state,3,female,18-64,10070.013750764923,9139.01516608374,11071.771042236449
person_years_exposure,state,3,female,65+,2283.9004564138836,1923.0875603655036,2607.1702399770415
mortality_rate,state,3,female,0-17,0.01097511505268524,0.0037434701932699314,0.0235443636979752
mortality_rate,state,3,female,18-44,0.0010356629017522659,0.00019808913149011383,0.0024456068553107045
mortality_rate,state,3,female,45-64,0.007582221449200036,0.0024695206507271243,0.016703896946853133
mortality_rate,state,3,female,65-74,0.035314005398888244,0.012153488337614229,0.07967091006613372
mortality_rate,state,3,female,75-84,0.0899231437122459,0.031725752364055865,0.20768821846244093
mortality_rate,state,3,female,85+,0.16091570657213836,0.054730100421027446,0.3987800936782139
qualifying_event_rate,state,3,female,0-17,0.008234322966577171,0.005350930142022592,0.01143651860434944
qualifying_event_rate,state,3,female,18-44,0.02931075463563522,0.02215783625910198,0.03797465775207958
qualifying_event_rate,state,3,female,45-64,0.034673939370350404,0.026737683995737307,0.044843236800443984
qualifying_event_rate,state,3,female,65-74,0.05004913096016837,0.037665518895356756,0.06578045993247192
qualifying_event_rate,state,3,female,75-84,0.06172436963750424,0.042053047448212144,0.08550986855723207
qualifying_event_rate,state,3,female,85+,0.04703059775237931,0.010736736193974814,0.09366500872956851
person_years_exposure,state,4,male,0-17,3683.963049228792,3233.115719657087,4067.5064356365256
person_years_exposure,state,4,male,18-44,4348.0362411602255,3898.0471219670885,4707.43333277355
person_years_exposure,state,4,male,45-64,4598.550166877788,4124.098817255679,4990.701772955053
person_years_exposure,state,4,male,65-74,1322.4965077445509,1153.153289315682,1462.8274518608036
person_years_exposure,state,4,male,75-84,495.5852543460645,361.08408832652526,601.0723729371575
person_years_exposure,state,4,male,85+,82.84326676820668,42.91712736429436,117.18926241387986
person_years_exposure,state,4,male,18-64,8946.586408038012,8014.647524878572,9690.45322537879
person_years_exposure,state,4,male,65+,1900.925028858822,1576.4703344360553,2161.1149606124964
mortality_rate,state,4,male,0-17,0.027886917872725844,0.009988913188164245,0.06131731914453993
mortality_rate,state,4,male,18-44,0.0009697955716418646,0.0,0.002380915391222479
mortality_rate,state,4,male,45-64,0.007151540715348687,0.002312579369635129,0.015505941319188683
mortality_rate,state,4,male,65-74,0.0348544593102461,0.011485559669436037,0.07594017268856622
mortality_rate,state,4,male,75-84,0.10323258906685227,0.03490831774692319,0.24301772702454966
mortality_rate,state,4,male,85+,0.1477064643245975,0.04908028121521371,0.40257109286581266
qualifying_event_rate,state,4,male,0-17,0.01663088834124595,0.01187769463161568,0.022448516863723313
qualifying_event_rate,state,4,male,18-44,0.02719011850636083,0.02070169981895603,0.03590660024129202
qualifying_event_rate,state,4,male,45-64,0.03593014243708502,0.027593048375782886,0.04705657656059025
qualifying_event_rate,state,4,male,65-74,0.050793040374794686,0.03707973737151679,0.06758238090945888
qualifying_event_rate,state,4,male,75-84,0.06093672230625957,0.04129440296779353,0.08682803628517288
qualifying_event_rate,state,4,male,85+,0.06569987504092735,0.023790364618423047,0.1177629474029624
person_years_exposure,state,4,female,0-17,3916.075790470849,3511.9720065319243,4256.04744278357
person_years_exposure,state,4,female,18-44,4705.76180533537,4222.704727716085,5102.965908029269
person_years_exposure,state,4,female,45-64,4225.6098083913375,3783.3682743004406,4586.257691131071
person_years_exposure,state,4,female,65-74,1287.013889330463,1125.6808198573624,1420.671576535401
person_years_exposure,state,4,female,75-84,402.2352623495584,295.24840923243124,486.0347501802052
person_years_exposure,state,4,female,85+,63.46569357591472,33.37227421108717,91.22900841155192
person_years_exposure,state,4,female,18-64,8931.371613726707,8012.837819108598,9688.681809331696
person_years_exposure,state,4,female,65+,1752.714845255936,1472.4228226446016,1986.2303183073705
mortality_rate,state,4,female,0-17,0.003064915504305622,0.0007769643404813237,0.006792369233329272
mortality_rate,state,4,female,18-44,0.0010370403838871215,0.00019808699667724764,0.0025036842459894466
mortality_rate,state,4,female,45-64,0.007544907689817487,0.002522828537485961,0.016061476903225666
mortality_rate,state,4,female,65-74,0.03184964735176781,0.011076512702926393,0.06950684214213408
mortality_rate,state,4,female,75-84,0.10051283595947158,0.03582180344451343,0.2376064969694918
mortality_rate,state,4,female,85+,0.1431498754122606,0.04446047879509385,0.3839592431434008
qualifying_event_rate,state,4,female,0-17,0.01236178014903268,0.008700101907153802,0.01687798250745974
qualifying_event_rate,state,4,female,18-44,0.027664488531465792,0.020812872640979897,0.03633627189313788
qualifying_event_rate,state,4,female,45-64,0.033460869445214404,0.025381022365319764,0.044165815508210395
qualifying_event_rate,state,4,female,65-74,0.04245317970173198,0.03001663546459922,0.057379962999259945
qualifying_event_rate,state,4,female,75-84,0.060142782778483006,0.03883573791832862,0.08637601358540047
qualifying_event_rate,state,4,female,85+,0.045419886629090904,0.0,0.09560950830254727
person_years_exposure,state,5,male,0-17,6302.9183280037605,5631.0545352022455,6859.076063635395
person_years_exposure,state,5,male,18-44,7831.316047834796,7329.255599954106,8283.003817358618
person_years_exposure,state,5,male,45-64,8058.427307028492,7544.527258538404,8526.738048300716
person_years_exposure,state,5,male,65-74,2530.3855892403926,2267.391344332198,2743.2699179240676
person_years_exposure,state,5,male,75-84,801.3767186667719,598.2127925489731,947.0994296351481
person_years_exposure,state,5,male,85+,80.9452112154888,43.402744600864985,114.48501009745426
person_years_exposure,state,5,male,18-64,15889.743354863287,14885.320530210352,16807.191893017047
person_years_exposure,state,5,male,65+,3412.707519122653,2924.381815053391,3790.0809941184184
mortality_rate,state,5,male,0-17,0.03695858789447889,0.013163620179883288,0.0820996572926232
mortality_rate,state,5,male,18-44,0.0015034415553173877,0.00037636667135316544,0.0034231746622684074
mortality_rate,state,5,male,45-64,0.007603702575508215,0.002538079343885276,0.01620054007232417
mortality_rate,state,5,male,65-74,0.035618508988271645,0.012078034257310773,0.07935160996906207
mortality_rate,state,5,male,75-84,0.0976019128636526,0.035669032361999024,0.22464501676867324
mortality_rate,state,5,male,85+,0.1517522077317811,0.05118576478249766,0.39031716071046657
qualifying_event_rate,state,5,male,0-17,0.027774335800224897,0.021562010206741557,0.036459575412675194
qualifying_event_rate,state,5,male,18-44,0.03306348817378283,0.02600214892703843,0.04278488407205683
qualifying_event_rate,state,5,male,45-64,0.0471370528479915,0.03759982498961933,0.059800971449029655
qualifying_event_rate,state,5,male,65-74,0.06804126391199875,0.05399853058532291,0.08678757638959807
qualifying_event_rate,state,5,male,75-84,0.06519357987346619,0.047530856731429,0.08805725383363348
qualifying_event_rate,state,5,male,85+,0.04529522452590372,0.011581070527117779,0.08877799690698553
person_years_exposure,state,5,female,0-17,6608.373755464408,6181.022437833872,7005.389045132767
person_years_exposure,state,5,female,18-44,7802.08840094587,7310.916912883601,8236.928128646772
person_years_exposure,state,5,female,45-64,8297.176335527207,7761.919549108997,8779.675578590131
person_years_exposure,state,5,female,65-74,2539.229631959943,2264.2909640207517,2766.9078143334514
person_years_exposure,state,5,female,75-84,865.7051012152998,638.3701208682005,1028.0508603427577
person_years_exposure,state,5,female,85+,110.55867979860014,59.57167036191711,155.09812212489658
person_years_exposure,state,5,female,18-64,16099.264736473076,15072.926196090353,17001.578550170238
person_years_exposure,state,5,female,65+,3515.493412973843,2975.5445899666165,3923.6882728445457
mortality_rate,state,5,female,0-17,0.00810137652244308,0.0027297028677608997,0.017481717205623963
mortality_rate,state,5,female,18-44,0.00106985190787577,0.00024949727566961685,0.0024249394379090056
mortality_rate,state,5,female,45-64,0.007633083812712169,0.0025811688733626747,0.016554745711539545
mortality_rate,state,5,female,65-74,0.03676273621237249,0.012825427255949016,0.08158781958699791
mortality_rate,state,5,female,75-84,0.1028397573680737,0.03654400264518957,0.24205766235473433
mortality_rate,state,5,female,85+,0.1350766446550829,0.045096996846020004,0.34693618251496083
qualifying_event_rate,state,5,female,0-17,0.030217942476744548,0.023355608255767255,0.03917403304436589
qualifying_event_rate,state,5,female,18-44,0.03730217627652147,0.029359893816923086,0.047599809067328025
qualifying_event_rate,state,5,female,45-64,0.04614014590764338,0.036561198089145285,0.058852788519288546
qualifying_event_rate,state,5,female,65-74,0.06850213780506631,0.054143838818979315,0.0869214267183772
qualifying_event_rate,state,5,female,75-84,0.06497231208983782,0.047607023228114664,0.08710271835447954
qualifying_event_rate,state,5,female,85+,0.06537302941660318,0.028683469338938977,0.10758646167860121
