estimand,level,unit,estimate,lower,upper,sex,age_band
children_under_16,county,0,1983.591091600267,1436.2717341757434,2530.9104490247905,,
children_under_16,county,1,1625.2096576705846,1184.625618915414,2065.793696425755,,
children_under_16,county,2,1603.1724582132165,1189.9676603358043,2016.3772560906286,,
children_under_16,county,3,348.5591420259928,260.6874731899082,436.4308108620774,,
children_under_16,county,4,2594.6386605832367,1895.041209971404,3294.2361111950695,,
children_under_16,county,5,746.8714758217857,552.7934890346537,940.9494626089177,,
children_under_16,county,6,752.2999984083099,562.6453649326734,941.9546318839464,,
children_under_16,county,7,607.1557577474996,450.66624791661377,763.6452675783854,,
children_under_16,county,8,182.1846492493794,135.22802222912833,229.14127626963045,,
children_under_16,county,9,397.11561557044473,289.46008882963844,504.771142311251,,
children_under_16,county,10,845.4182311973981,616.2307063877836,1074.6057560070126,,
children_under_16,county,11,663.469779235824,491.06410675179836,835.8754517198497,,
children_under_16,county,12,377.85923146221927,275.4239884196917,480.29447450474686,,
children_under_16,county,13,751.2147916388814,547.5652222982297,954.864360979533,,
children_under_16,county,14,199.7160887601595,148.2408743088184,251.19130321150058,,
children_under_16,county,15,375.4093927467971,278.65064327070564,472.16814222288855,,
children_under_16,county,16,237.04429892201625,175.94803873973348,298.14055910429903,,
children_under_16,county,17,723.038049095794,535.153287819289,910.9228103722991,,
children_under_16,nation,0,15013.968369949804,14211.381280359472,15816.555459540135,,
children_under_16,state,0,1983.591091600267,1725.42330024485,2241.758882955684,,
children_under_16,state,1,3996.817527539527,3518.9098298638955,4474.725225215158,,
children_under_16,state,2,3204.682645639068,2932.0657222296504,3477.299569048486,,
children_under_16,state,3,1100.8591404343026,1028.1692381589442,1173.549042709661,,
children_under_16,state,4,2594.6386605832367,2293.0897917777174,2896.187529388756,,
children_under_16,state,5,2133.3793041534036,1938.6669191964897,2328.0916891103175,,
elders_65_plus,county,0,608.8836550582538,440.87835787579604,776.8889522407115,,
elders_65_plus,county,1,571.7789087412738,416.7732701153459,726.7845473672016,,
elders_65_plus,county,2,731.9506517997515,543.296262445882,920.6050411536211,,
elders_65_plus,county,3,155.91597685455534,116.60959973650391,195.22235397260675,,
elders_65_plus,county,4,824.7067512065964,602.3394715497022,1047.0740308634906,,
elders_65_plus,county,5,345.05598340972386,255.39159970123063,434.7203671182171,,
elders_65_plus,county,6,342.76786718629177,256.35617722752204,429.1795571450615,,
elders_65_plus,county,7,323.4445258126738,240.07930254659,406.80974907875765,,
elders_65_plus,county,8,169.90657282499987,126.11452118231836,213.69862446768138,,
elders_65_plus,county,9,159.56894472574206,116.31081504668626,202.82707440479786,,
elders_65_plus,county,10,209.04750648527224,152.37605227364128,265.7189606969032,,
elders_65_plus,county,11,223.88041782847404,165.70406194956772,282.05677370738033,,
elders_65_plus,county,12,168.15389089100785,122.56843671191812,213.73934507009756,,
elders_65_plus,county,13,221.8819659050001,161.7311710804861,282.0327607295141,,
elders_65_plus,county,14,97.1296707749334,72.09527988651521,122.16406166335159,,
elders_65_plus,county,15,171.2787969668453,127.13306559602918,215.42452833766143,,
elders_65_plus,county,16,111.4378236259487,82.71562150018414,140.16002575171325,,
elders_65_plus,county,17,259.33059263088734,191.94234584486867,326.718839416906,,
elders_65_plus,nation,0,5696.12050272823,5391.913302171786,6000.3277032846745,,
elders_65_plus,state,0,608.8836550582538,529.6364003773577,688.1309097391498,,
elders_65_plus,state,1,1330.431216748296,1171.3488179820495,1489.5136155145426,,
elders_65_plus,state,2,1605.1480418051526,1468.600817271377,1741.6952663389281,,
elders_65_plus,state,3,498.6838440408471,465.75567134535714,531.612016736337,,
elders_65_plus,state,4,824.7067512065964,728.8593441280623,920.5541582851306,,
elders_65_plus,state,5,828.2669938690854,752.6715095389595,903.8624781992112,,
households,county,0,3259.2623044724933,2398.463510456462,4120.061098488524,,
households,county,1,2814.737701107515,2068.822964212478,3560.652438002552,,
households,county,2,2942.3065215122892,2169.5289898658493,3715.084053158729,,
households,county,3,767.3599948791621,569.5073530078448,965.2126367504793,,
households,county,4,4559.107804190662,3341.369580691594,5776.84602768973,,
households,county,5,1340.8270133109136,986.9699000506314,1694.6841265711957,,
households,county,6,1598.7043703139304,1186.5016423262125,2010.9070983016484,,
households,county,7,1242.1455748859275,915.9041774354255,1568.3869723364296,,
households,county,8,564.7415683481781,416.41589526978896,713.0672414265673,,
households,county,9,852.6381185719027,626.68621632858,1078.5900208152254,,
households,county,10,1583.2304172969214,1163.6691559766987,2002.791678617144,,
households,county,11,1330.168619696401,979.1243587720141,1681.212880620788,,
households,county,12,863.045301889089,634.3354618802676,1091.7551418979106,,
households,county,13,1372.9686932682635,1009.127479502107,1736.80990703442,,
households,county,14,506.2411329854245,373.28021599527415,639.2020499755748,,
households,county,15,782.462959013061,576.9541890565936,987.9717289695284,,
households,county,16,529.7215355919051,390.59364468668673,668.8494264971234,,
households,county,17,1461.9010035906504,1076.0913026617332,1847.7107045195676,,
households,nation,0,28371.570634924694,26834.699056490637,29908.44221335875,,
households,state,0,3259.2623044724933,2924.350475273786,3594.1741336712007,,
households,state,1,7486.620232133692,6700.259765149806,8272.98069911758,,
households,state,2,6567.619292336786,5917.880091370498,7217.358493303074,,
households,state,3,2366.0643651930923,2164.1177001458336,2568.011030240351,,
households,state,4,4559.107804190662,4056.608594209068,5061.607014172256,,
households,state,5,4132.896636597966,3710.329890782362,4555.46338241357,,
low_income_household_share,county,0,0.24977472732849432,0.07932137192950281,0.4202280827274858,,
low_income_household_share,county,1,0.31408286196920904,0.1330152775811368,0.4951504463572813,,
low_income_household_share,county,2,0.2856056755072418,0.1287989412995875,0.44241240971489615,,
low_income_household_share,county,3,0.47608435613466804,0.26991452061929344,0.6822541916500426,,
low_income_household_share,county,4,0.29468065405593447,0.14091349118427332,0.4484478169275956,,
low_income_household_share,county,5,0.2456849156595265,0.0,0.4960120293134579,,
low_income_household_share,county,6,0.30928196287037735,0.1366669048193749,0.48189702092137976,,
low_income_household_share,county,7,0.38623599323905683,0.22362530777872486,0.5488466786993889,,
low_income_household_share,county,8,0.35387889154805735,0.19329287230040032,0.5144649107957144,,
low_income_household_share,county,9,0.35189361925464385,0.1656646177175667,0.538122620791721,,
low_income_household_share,county,10,0.2900872355952475,0.11208488634131705,0.46808958484917795,,
low_income_household_share,county,11,0.35113436950909105,0.08307159882659398,0.6191971401915881,,
low_income_household_share,county,12,0.28314537880627255,0.1059971402201565,0.4602936173923886,,
low_income_household_share,county,13,0.3273834662413148,0.14454472420212325,0.5102222082805064,,
low_income_household_share,county,14,0.38511238724893676,0.22257439872460055,0.5476503757732729,,
low_income_household_share,county,15,0.3373781768381588,0.17776834018974513,0.49698801348657246,,
low_income_household_share,county,16,0.35063767973004156,0.1902464681606327,0.5110288912994504,,
low_income_household_share,county,17,0.3517031032927669,0.08353454922349945,0.6198716573620343,,
low_income_household_share,nation,0,0.30944670233655136,0.23230990388391473,0.386583500789188,,
low_income_household_share,state,0,0.24977472732849432,0.10949277880621056,0.3900566758507781,,
low_income_household_share,state,1,0.31217505052391975,0.16139707391255234,0.4629530271352872,,
low_income_household_share,state,2,0.3268358461323457,0.2024378682047308,0.45123382405996054,,
low_income_household_share,state,3,0.36200990497257385,0.20496398460617987,0.5190558253389679,,
low_income_household_share,state,4,0.29468065405593447,0.17164836573160172,0.41771294238026724,,
low_income_household_share,state,5,0.3143672383228294,0.08060547669246676,0.5481289999531921,,
mean_income_adults,county,0,23603.469505554258,14001.500009633464,33205.43900147505,,
mean_income_adults,county,1,21304.394811912993,11902.933570329049,30705.856053496937,,
mean_income_adults,county,2,24571.096761403933,15721.80811768791,33420.38540511996,,
mean_income_adults,county,3,19788.801838625983,12000.22076464563,27577.382912606336,,
mean_income_adults,county,4,23781.66579804733,12069.75431548611,35493.577280608544,,
mean_income_adults,county,5,20675.577458989537,10033.807661103287,31317.347256875786,,
mean_income_adults,county,6,19745.109556006035,11818.260350379955,27671.958761632115,,
mean_income_adults,county,7,18297.510359204436,11578.611343823994,25016.40937458488,,
mean_income_adults,county,8,21774.309504832487,13996.600194964785,29552.01881470019,,
mean_income_adults,county,9,20937.53379589522,12001.209140194915,29873.858451595523,,
mean_income_adults,county,10,21183.11588717909,11668.934158652299,30697.29761570588,,
mean_income_adults,county,11,18011.465007900046,8206.13231326091,27816.79770253918,,
mean_income_adults,county,12,19849.749786429056,11299.747241733592,28399.75233112452,,
mean_income_adults,county,13,22104.095859985224,12734.688049807432,31473.503670163016,,
mean_income_adults,county,14,18180.73670354544,11720.71327287053,24640.760134220352,,
mean_income_adults,county,15,21666.66494130831,13852.729137448634,29480.600745167987,,
mean_income_adults,county,16,18907.82544305086,11174.969304194332,26640.68158190739,,
mean_income_adults,county,17,22113.482060719965,9769.757965165374,34457.20615627456,,
mean_income_adults,nation,0,21884.870254185225,17084.309422991515,26685.431085378936,,
mean_income_adults,state,0,23603.469505554254,17116.879966270222,30090.059044838286,,
mean_income_adults,state,1,21230.90096720196,14796.414556944768,27665.387377459152,,
mean_income_adults,state,2,22009.52273019338,17123.520117785265,26895.525342601497,,
mean_income_adults,state,3,19758.921133305455,14527.404683901728,24990.437582709183,,
mean_income_adults,state,4,23781.66579804733,15014.750806388682,32548.580789705975,,
mean_income_adults,state,5,20330.004436815292,12285.26039324028,28374.748480390306,,
median_household_income,county,0,41776.79466281822,24771.1686481976,58782.42067743884,,
median_household_income,county,1,29187.24091007393,14065.615282810319,44308.86653733754,,
median_household_income,county,2,34666.690438611826,18656.657961642646,50676.722915581006,,
median_household_income,county,3,33008.72477220927,17111.516866083766,48905.93267833478,,
median_household_income,county,4,33490.85051846859,9036.939703339682,57944.761333597504,,
median_household_income,county,5,31401.020606617265,10137.925787838936,52664.11542539559,,
median_household_income,county,6,26443.480121684028,11828.107341760571,41058.85290160748,,
median_household_income,county,7,22870.16206733807,11745.728598347096,33994.59553632905,,
median_household_income,county,8,21495.138196214877,10951.55776406058,32038.718628369174,,
median_household_income,county,9,24840.793292995117,11747.702111810408,37933.884474179824,,
median_household_income,county,10,31506.384149581503,15345.347798247538,47667.42050091547,,
median_household_income,county,11,23804.240307543052,7327.709308714402,40280.7713063717,,
median_household_income,county,12,31618.758714335665,15752.773871946361,47484.74355672497,,
median_household_income,county,13,29408.92917176528,14403.178653985822,44414.67968954474,,
median_household_income,county,14,21914.044527318954,11195.82638544526,32632.26266919265,,
median_household_income,county,15,27189.16013189695,14468.410775137574,39909.909488656325,,
median_household_income,county,16,22506.92989195602,11179.26425075579,33834.59553315625,,
median_household_income,county,17,31812.25179478242,12653.030587927042,50971.4730016378,,
median_household_income,nation,0,29543.81115916941,23030.940320409,36056.681997929816,,
median_household_income,state,0,41776.79466281822,32229.16787481239,51324.42145082405,,
median_household_income,state,1,29543.81115916941,19543.629909615185,39543.992408723636,,
median_household_income,state,2,26940.607868244657,18559.114070553074,35322.101665936236,,
median_household_income,state,3,25688.13956402455,17470.528866305962,33905.75026174314,,
median_household_income,state,4,33490.85051846859,13422.996727958147,53558.70430897904,,
median_household_income,state,5,28251.882872659262,14279.216634101698,42224.549111216824,,
persons,county,0,6252.861724252689,4527.550355657349,7978.173092848028,,
persons,county,1,6149.522280540987,4482.425761646916,7816.618799435058,,
persons,county,2,6781.486815048511,5033.613169661959,8529.360460435062,,
persons,county,3,1255.6919132188136,939.1323092527101,1572.2515171849172,,
persons,county,4,10068.80909165304,7353.936582340203,12783.681600965876,,
persons,county,5,2961.0454634378607,2191.6041861459753,3730.486740729746,,
persons,county,6,2716.6310710834528,2031.7690862835775,3401.493055883328,,
persons,county,7,2688.2845179161905,1995.400820238045,3381.168215594336,,
persons,county,8,974.9331536102275,723.651980073547,1226.214327146908,,
persons,county,9,1586.3692397369932,1156.3145921402827,2016.4238873337038,,
persons,county,10,3140.3078428215968,2288.9902877020013,3991.625397941192,,
persons,county,11,2635.1904444748416,1950.4240920021707,3319.9567969475124,,
persons,county,12,1653.639309134595,1205.3481720347293,2101.9304462344608,,
persons,county,13,2802.836328010294,2043.0051618981938,3562.667494122394,,
persons,county,14,900.7468058773921,668.5865663757029,1132.9070453790814,,
persons,county,15,1587.2649126749018,1178.1601566271822,1996.3696687226213,,
persons,county,16,1022.0355966152024,758.6141475007497,1285.457045729655,,
persons,county,17,2852.0321480029597,2110.9184819233205,3593.145814082599,,
persons,nation,0,58029.68865811054,54940.784926857596,61118.59238936349,,
persons,state,0,6252.861724252689,5439.041019049374,7066.682429456004,,
persons,state,1,15332.675000244466,13499.315494065942,17166.03450642299,,
persons,state,2,13954.751801742423,12767.644707593823,15141.858895891022,,
persons,state,3,3972.3229843022655,3710.0298725593975,4234.616096045133,,
persons,state,4,10068.80909165304,8898.612239994243,11239.005943311837,,
persons,state,5,8448.268055915662,7677.199161265708,9219.336950565616,,
tertiary_share_25_plus,county,0,0.4476545395135087,0.423449034317162,0.4718600447098554,,
tertiary_share_25_plus,county,1,0.38593200241283976,0.36116553771182597,0.41069846711385355,,
tertiary_share_25_plus,county,2,0.4049179327051879,0.38054294460977095,0.4292929208006048,,
tertiary_share_25_plus,county,3,0.3332513994807561,0.29825265559172487,0.36825014336978734,,
tertiary_share_25_plus,county,4,0.39931304458854094,0.3763509842748538,0.4222751049022281,,
tertiary_share_25_plus,county,5,0.39034351571206194,0.3610995121249665,0.4195875192991574,,
tertiary_share_25_plus,county,6,0.337155041327708,0.30911950712442543,0.3651905755309906,,
tertiary_share_25_plus,county,7,0.36762715963274195,0.338369354921177,0.3968849643443069,,
tertiary_share_25_plus,county,8,0.3715973478154396,0.3306406111226392,0.41255408450824005,,
tertiary_share_25_plus,county,9,0.3615296696158029,0.327195623247008,0.3958637159845978,,
tertiary_share_25_plus,county,10,0.37390336355271525,0.3453235177911732,0.4024832093142573,,
tertiary_share_25_plus,county,11,0.365878801368962,0.335763502429034,0.39599410030889,,
tertiary_share_25_plus,county,12,0.3802371841992192,0.34661531768968434,0.41385905070875406,,
tertiary_share_25_plus,county,13,0.3949045057813935,0.3654655628177933,0.42434344874499375,,
tertiary_share_25_plus,county,14,0.3734692669906889,0.33083418744458737,0.4161043465367904,,
tertiary_share_25_plus,county,15,0.3589046084520976,0.3242882992853874,0.3935209176188078,,
tertiary_share_25_plus,county,16,0.3305663074208555,0.29082283833027855,0.3703097765114325,,
tertiary_share_25_plus,county,17,0.3727751085894616,0.34341013238156604,0.4021400847973572,,
tertiary_share_25_plus,nation,0,0.38866386703698186,0.3681045480187219,0.4092231860552418,,
tertiary_share_25_plus,state,0,0.4476545395135087,0.423449034317162,0.4718600447098554,,
tertiary_share_25_plus,state,1,0.38196965038106223,0.3599649011475233,0.4039743996146012,,
tertiary_share_25_plus,state,2,0.38269710189252887,0.36052151694305934,0.4048726868419984,,
tertiary_share_25_plus,state,3,0.3359210602242855,0.31017306281004664,0.3616690576385243,,
tertiary_share_25_plus,state,4,0.39931304458854094,0.3763509842748538,0.4222751049022281,,
tertiary_share_25_plus,state,5,0.3767815829456915,0.3531596343004938,0.40040353159088915,,
person_years_exposure,county,0,5465.274274522446,4826.696585708049,6269.038896705712,male,0-17
person_years_exposure,county,0,5716.511388652484,5054.746543936939,6529.545876710713,male,18-44
person_years_exposure,county,0,4695.590786142902,4155.23503608726,5362.121713326069,male,45-64
person_years_exposure,county,0,1161.716734026285,971.3348566978558,1359.7238188358037,male,65-74
person_years_exposure,county,0,380.04228420127515,255.76396760148725,479.7264443466828,male,75-84
person_years_exposure,county,0,20.831517644440666,9.690040058077168,31.259392031263214,male,85+
person_years_exposure,county,0,10412.102174795386,9210.203856477918,11878.129534702131,male,18-64
person_years_exposure,county,0,1562.5905358720008,1240.173695896219,1859.1630576087252,male,65+
mortality_rate,county,0,0.02005479962454899,0.007136935845534802,0.04255464221009153,male,0-17
mortality_rate,county,0,0.0013278763561230889,0.00019782783596835222,0.003082910752788073,male,18-44
mortality_rate,county,0,0.010214140875049918,0.0034966829378708744,0.021593919731350004,male,45-64
mortality_rate,county,0,0.05138366584418848,0.018148711127577315,0.11319182914761844,male,65-74
mortality_rate,county,0,0.11804657732387569,0.04238961493410635,0.2857034551287894,male,75-84
mortality_rate,county,0,0.14032626640488813,0.03056287936836417,0.43684281848934153,male,85+
qualifying_event_rate,county,0,0.03666267637569908,0.02557652380938023,0.05019629657696479,male,0-17
qualifying_event_rate,county,0,0.042604877865669875,0.030607999059224823,0.05813487686906936,male,18-44
qualifying_event_rate,county,0,0.05969404935204028,0.04306119348740468,0.0803714119133406,male,45-64
qualifying_event_rate,county,0,0.06891992457576879,0.048663861877414824,0.09456539341085347,male,65-74
qualifying_event_rate,county,0,0.07658407290293381,0.048525201098820685,0.11326269174968166,male,75-84
qualifying_event_rate,county,0,0.03590396770266827,0.0,0.11586297561070442,male,85+
person_years_exposure,county,0,5067.371590850118,4495.0820416419965,5765.231077070965,female,0-17
person_years_exposure,county,0,5726.148410683942,5067.839764870707,6521.745305552587,female,18-44
person_years_exposure,county,0,4730.031385827127,4199.831684441668,5403.630638629684,female,45-64
person_years_exposure,county,0,1203.7359566704376,1010.0479334339717,1405.2610083715567,female,65-74
person_years_exposure,county,0,309.24727568336596,201.89445664265273,401.3340168475556,female,75-84
person_years_exposure,county,0,22.588660203824745,10.591519492733338,34.4729110887682,female,85+
person_years_exposure,county,0,10456.179796511069,9266.241385816122,11914.605148539915,female,18-64
person_years_exposure,county,0,1535.5718925576282,1231.295459135213,1830.629265331569,female,65+
mortality_rate,county,0,0.005982765224084138,0.001911078323851874,0.012697162232249566,female,0-17
mortality_rate,county,0,0.001021305092326709,0.0001717156411725623,0.002389365114338865,female,18-44
mortality_rate,county,0,0.01151365741476507,0.003929656768245926,0.023898608246495492,female,45-64
mortality_rate,county,0,0.04909519671613848,0.016753215166872684,0.10693438676278967,female,65-74
mortality_rate,county,0,0.13640839570963884,0.047894847480744504,0.33242989658847877,female,75-84
mortality_rate,county,0,0.16293546186125987,0.030283345716324916,0.4820851576827456,female,85+
qualifying_event_rate,county,0,0.036740397414296654,0.025929838498139297,0.050232621669658646,female,0-17
qualifying_event_rate,county,0,0.04896687641545244,0.03532250531053568,0.06592959096310537,female,18-44
qualifying_event_rate,county,0,0.05999088925979291,0.04312244813950653,0.08094916333455686,female,45-64
qualifying_event_rate,county,0,0.07805002576211711,0.05544099497977423,0.1063259213408638,female,65-74
qualifying_event_rate,county,0,0.07795821014041389,0.048068064652942645,0.11802187371467246,female,75-84
qualifying_event_rate,county,0,0.06124528963353851,0.0,0.15256390962569186,female,85+
person_years_exposure,county,1,4222.973678765999,3625.2380414272266,4793.929214381179,male,0-17
person_years_exposure,county,1,5174.390244860412,4624.4293625152495,5779.019519904172,male,18-44
person_years_exposure,county,1,4259.212444153082,3805.496374610167,4753.075170455451,male,45-64
person_years_exposure,county,1,1125.4652927644888,950.2299214095392,1289.6004086569087,male,65-74
person_years_exposure,county,1,409.3337698902406,287.742763145688,505.4590967574304,male,75-84
person_years_exposure,county,1,27.77727090743268,12.571599035567992,42.58715781876036,male,85+
person_years_exposure,county,1,9433.602689013494,8431.294867264072,10534.622792292015,male,18-64
person_years_exposure,county,1,1562.576333562162,1259.0636255667382,1822.964331656954,male,65+
mortality_rate,county,1,0.04105692751308228,0.014831519563029829,0.08890073749096782,male,0-17
mortality_rate,county,1,0.0013715006699676253,0.00021435282510742502,0.0030968103013374352,male,18-44
mortality_rate,county,1,0.010440145322181023,0.003586877553395667,0.02240111319844032,male,45-64
mortality_rate,county,1,0.05156634610201565,0.018248606583893878,0.11375666485218537,male,65-74
mortality_rate,county,1,0.10859489815432295,0.039564730010459945,0.2568941274374476,male,75-84
mortality_rate,county,1,0.16484133783905397,0.04060888918441786,0.4773741113764478,male,85+
qualifying_event_rate,county,1,0.02680406739518828,0.01862721643170828,0.03745915102070413,male,0-17
qualifying_event_rate,county,1,0.03574790923360091,0.02520798395642366,0.04880927625035646,male,18-44
qualifying_event_rate,county,1,0.04314097604675525,0.030477717270950243,0.05922951585630019,male,45-64
qualifying_event_rate,county,1,0.07351126288113154,0.05198281088137076,0.10138430339129367,male,65-74
qualifying_event_rate,county,1,0.04590404134715467,0.026251364620988194,0.07111297676475482,male,75-84
qualifying_event_rate,county,1,0.021619861543718023,0.0,0.0810473864998344,male,85+
person_years_exposure,county,1,4561.593542923599,4078.5380626948404,5093.068976068768,female,0-17
person_years_exposure,county,1,5148.464325888549,4597.13362242168,5746.662024875807,female,18-44
person_years_exposure,county,1,3983.9675852246714,3569.4272889956987,4446.3367135551725,female,45-64
person_years_exposure,county,1,1153.1680931247527,981.0729482069012,1317.7939454083412,female,65-74
person_years_exposure,county,1,315.2777780545147,212.4987036284765,396.1144565678771,female,75-84
person_years_exposure,county,1,22.276323262627695,8.441277095374355,35.86903206813323,female,85+
person_years_exposure,county,1,9132.43191111322,8162.831617880939,10186.31024243154,female,18-64
person_years_exposure,county,1,1490.7221944418952,1212.511575645987,1734.7846486663805,female,65+
mortality_rate,county,1,0.003220138906618937,0.0008899142715760195,0.00689716870738108,female,0-17
mortality_rate,county,1,0.0010627789844024351,0.00019012778674644618,0.002478421364949664,female,18-44
mortality_rate,county,1,0.011796549371234318,0.004142138410704699,0.02476889010131902,female,45-64
mortality_rate,county,1,0.046912203496205805,0.016596406974795176,0.10093226078678505,female,65-74
mortality_rate,county,1,0.12832771789436495,0.04595969598945279,0.3039543513663126,female,75-84
mortality_rate,county,1,0.14233926270018366,0.026727395138625477,0.48638578577990677,female,85+
qualifying_event_rate,county,1,0.03125749434563072,0.021944985073690512,0.043114618136980185,female,0-17
qualifying_event_rate,county,1,0.036007494477347,0.02555575843871223,0.04958357667789373,female,18-44
qualifying_event_rate,county,1,0.04126708733549559,0.029250089838117607,0.056386616975176766,female,45-64
qualifying_event_rate,county,1,0.05842303687807773,0.03987691860233988,0.08302374760799891,female,65-74
qualifying_event_rate,county,1,0.059996924070091336,0.03461449717023218,0.09329430455110473,female,75-84
qualifying_event_rate,county,1,0.0340979223889458,0.0,0.10936392425249886,female,85+
person_years_exposure,county,2,4617.048158678858,4233.271394038185,4991.312706244227,male,0-17
person_years_exposure,county,2,5239.038777511519,4842.678681701692,5640.94853774576,male,18-44
person_years_exposure,county,2,4840.684680482324,4463.85632330428,5221.816060286007,male,45-64
person_years_exposure,county,2,1286.9449731308496,1096.6567038707306,1441.5295058081638,male,65-74
person_years_exposure,county,2,385.40984889270766,263.2468581482303,471.69362417380563,male,75-84
person_years_exposure,county,2,56.68450465827317,31.221770452466938,79.07375114446164,male,85+
person_years_exposure,county,2,10079.723457993843,9309.457503358613,10862.638769241012,male,18-64
person_years_exposure,county,2,1729.0393266818305,1403.6567480703832,1977.5923812772157,male,65+
mortality_rate,county,2,0.008523945906005309,0.002932004631076564,0.018179749429382615,male,0-17
mortality_rate,county,2,0.00150481593996613,0.00036132758299020845,0.00335013613653819,male,18-44
mortality_rate,county,2,0.009647738540903403,0.003337473786067329,0.020251469957686938,male,45-64
mortality_rate,county,2,0.05097472685773067,0.018670790673420166,0.11269261650078029,male,65-74
mortality_rate,county,2,0.10915646165397976,0.03872501472651696,0.27000976044139263,male,75-84
mortality_rate,county,2,0.1568906188710799,0.05167931927123158,0.4136504344517007,male,85+
qualifying_event_rate,county,2,0.025739143951555632,0.017896572637720126,0.03544700641496569,male,0-17
qualifying_event_rate,county,2,0.030577326793015475,0.02137335394769951,0.04160153194034197,male,18-44
qualifying_event_rate,county,2,0.04195628952814036,0.02973077791901233,0.0566582343079925,male,45-64
qualifying_event_rate,county,2,0.055252062267542625,0.03803340236449618,0.07712575583403213,male,65-74
qualifying_event_rate,county,2,0.050193763731973574,0.029062305602363135,0.07647888133042141,male,75-84
qualifying_event_rate,county,2,0.022753754408788598,0.0,0.06188395320050376,male,85+
person_years_exposure,county,2,4569.004015436742,4180.34757782706,4940.07426100148,female,0-17
person_years_exposure,county,2,5128.246863935112,4742.8397702709035,5517.322450511817,female,18-44
person_years_exposure,county,2,4884.573772396096,4495.3530344381215,5274.676941488797,female,45-64
person_years_exposure,county,2,1410.478967030317,1204.6439450178254,1576.871353446344,female,65-74
person_years_exposure,county,2,379.09637242702183,252.4675818935906,470.74704518327235,female,75-84
person_years_exposure,county,2,32.65576671280032,13.539937481201711,50.590598349541494,female,85+
person_years_exposure,county,2,10012.820636331207,9250.18624412016,10791.11262983244,female,18-64
person_years_exposure,county,2,1822.2311061701394,1482.354974752777,2085.0759364045207,female,65+
mortality_rate,county,2,0.010615432370191033,0.003520687382374572,0.022985279377817806,female,0-17
mortality_rate,county,2,0.0010382142067775792,0.00018668896963117368,0.002351973637093348,female,18-44
mortality_rate,county,2,0.012053752108112405,0.004339219170472109,0.02566398297337356,female,45-64
mortality_rate,county,2,0.04876854526095754,0.01728019905414031,0.10788254304832287,female,65-74
mortality_rate,county,2,0.1266643329041897,0.04766516472573535,0.3083089726369685,female,75-84
mortality_rate,county,2,0.1676859807875761,0.05205658558018421,0.4888211789451988,female,85+
qualifying_event_rate,county,2,0.025012502982354242,0.017055653380688197,0.03462886922932787,female,0-17
qualifying_event_rate,county,2,0.031236022642118434,0.021567808003373858,0.04245553801441898,female,18-44
qualifying_event_rate,county,2,0.04111736861207828,0.02918674348360987,0.056210759119393876,female,45-64
qualifying_event_rate,county,2,0.05248833420190852,0.03607815205076683,0.07265130677905626,female,65-74
qualifying_event_rate,county,2,0.06558143503265983,0.0408752931785999,0.09798845015672916,female,75-84
qualifying_event_rate,county,2,0.04001566192462318,0.0,0.10938798473357836,female,85+
person_years_exposure,county,3,946.0940226523853,887.5474330496315,1000.1105781275521,male,0-17
person_years_exposure,county,3,1038.1727448790025,973.222418344423,1098.237813685828,male,18-44
person_years_exposure,county,3,1120.2238572863914,1049.0310436911964,1187.2154875757587,male,45-64
person_years_exposure,county,3,309.55458499722323,262.7868203297352,347.09129535550034,male,65-74
person_years_exposure,county,3,68.07054789762915,47.57795933492272,85.01926996929626,male,75-84
person_years_exposure,county,3,11.607847096947598,3.390729302678857,22.51047090187525,male,85+
person_years_exposure,county,3,2158.396602165394,2028.641973778085,2278.358614123145,male,18-64
person_years_exposure,county,3,389.2329799918,319.2961411670737,445.6897204868945,male,65+
mortality_rate,county,3,0.002271882086807919,0.0,0.006325359998953559,male,0-17
mortality_rate,county,3,0.001876606949190392,0.0,0.005159919807776906,male,18-44
mortality_rate,county,3,0.011347219306721347,0.0027354094935250254,0.025596057001412643,male,45-64
mortality_rate,county,3,0.04966425934745569,0.014702070198824553,0.11303975425480331,male,65-74
mortality_rate,county,3,0.10017367730386292,0.023614174687917416,0.26014622714500524,male,75-84
mortality_rate,county,3,0.12456641885155777,0.0,0.5326631173984812,male,85+
qualifying_event_rate,county,3,0.024630463587192446,0.014306119543533403,0.03732408733827634,male,0-17
qualifying_event_rate,county,3,0.032484975371315464,0.02069686214616172,0.046942940340451475,male,18-44
qualifying_event_rate,county,3,0.041881364694284974,0.02753306666561332,0.058897677845717304,male,45-64
qualifying_event_rate,county,3,0.05536261748289153,0.031336723564874026,0.08392674068048953,male,65-74
qualifying_event_rate,county,3,0.05413797049087914,0.01321263618035352,0.1065184334346775,male,75-84
qualifying_event_rate,county,3,0.027465840031073878,0.0,0.12901376742845166,male,85+
person_years_exposure,county,3,775.1370240619955,673.1222870927697,854.4880535091955,female,0-17
person_years_exposure,county,3,1010.0680040089264,943.092100831466,1075.8333590618643,female,18-44
person_years_exposure,county,3,876.6891801710991,820.8343807855153,928.4394345263273,female,45-64
person_years_exposure,county,3,323.15131553453153,268.853802733822,366.9907481098999,female,65-74
person_years_exposure,county,3,59.145274084368445,35.14116535994124,79.17822903118072,female,75-84
person_years_exposure,county,3,2.416398866893055,0.032833521090487434,5.808537360428288,female,85+
person_years_exposure,county,3,1886.7571841800254,1771.5865579728027,1998.1880675608456,female,18-64
person_years_exposure,county,3,384.71298848579306,307.78786836463536,445.294688536523,female,65+
mortality_rate,county,3,0.04240801656240853,0.013262097074411927,0.0966199510758621,female,0-17
mortality_rate,county,3,0.0010229045182099136,0.0,0.0030818224926851376,female,18-44
mortality_rate,county,3,0.011513874357646907,0.0023473617257089986,0.025716444703567674,female,45-64
mortality_rate,county,3,0.06036735147808125,0.01801856033443011,0.13922130699473437,female,65-74
mortality_rate,county,3,0.1215246247455482,0.028829943647312967,0.3267784041263504,female,75-84
mortality_rate,county,3,0.12578695296842338,0.0,1.5448565002609882,female,85+
qualifying_event_rate,county,3,0.024284918288775433,0.013396609180483451,0.03767760503031358,female,0-17
qualifying_event_rate,county,3,0.03154144377823608,0.019449645012935668,0.04682547849696949,female,18-44
qualifying_event_rate,county,3,0.04241846753376364,0.027037095682665165,0.06130814778184116,female,45-64
qualifying_event_rate,county,3,0.05305352709305271,0.03033390938222251,0.07980555939327814,female,65-74
qualifying_event_rate,county,3,0.051356987174379504,0.008237090520060109,0.10410606109968702,female,75-84
qualifying_event_rate,county,3,0.0420959141677612,0.0,0.24875664244505952,female,85+
person_years_exposure,county,4,7075.7207473476965,6307.8018278954705,7860.179005407872,male,0-17
person_years_exposure,county,4,8071.863096659426,7208.340200846623,8991.938341072808,male,18-44
person_years_exposure,county,4,7091.064412724229,6329.724036111095,7891.169179197035,male,45-64
person_years_exposure,county,4,1963.360070918089,1646.1999506969078,2242.155341083353,male,65-74
person_years_exposure,county,4,436.6378370513884,289.01559980766035,553.0156498096333,male,75-84
person_years_exposure,county,4,21.853253939706075,10.046105420541776,32.86018964969574,male,85+
person_years_exposure,county,4,15162.927509383655,13547.987528179583,16891.478275199293,male,18-64
person_years_exposure,county,4,2421.8511619091832,1959.4008459441798,2811.0937326656413,male,65+
mortality_rate,county,4,0.0116929894606162,0.0040692802845887,0.024688040839367105,male,0-17
mortality_rate,county,4,0.0013085578723914847,0.00027723606782560715,0.002894749959365011,male,18-44
mortality_rate,county,4,0.01073196769757076,0.003806479374793884,0.02232006894911428,male,45-64
mortality_rate,county,4,0.05115215205348179,0.018340306082812122,0.11142719571720247,male,65-74
mortality_rate,county,4,0.13087070265949338,0.048569881285808754,0.318116141397879,male,75-84
mortality_rate,county,4,0.12388013461134632,0.017833520037208627,0.3879608427237302,male,85+
qualifying_event_rate,county,4,0.0193089870104347,0.013330006941229603,0.027085175161091785,male,0-17
qualifying_event_rate,county,4,0.027408577003933624,0.019553009300995915,0.037682136035385116,male,18-44
qualifying_event_rate,county,4,0.03407595130449101,0.02450818891406845,0.046588803013103426,male,45-64
qualifying_event_rate,county,4,0.04874257155756966,0.03432851049056883,0.06786990616834584,male,65-74
qualifying_event_rate,county,4,0.04596830922191091,0.026852331667839627,0.07171830525624409,male,75-84
qualifying_event_rate,county,4,0.028087052179250345,0.0,0.09915735084189496,male,85+
person_years_exposure,county,4,6840.9938460531985,6106.727825095107,7620.140287627461,female,0-17
person_years_exposure,county,4,7864.6491143100275,7023.624950906352,8774.989517138087,female,18-44
person_years_exposure,county,4,7134.175617825385,6370.547555697264,7929.844407718685,female,45-64
person_years_exposure,county,4,1698.9308078006266,1401.2395596563006,1952.4842619683102,female,65-74
person_years_exposure,county,4,460.5349865781856,296.5256704719395,589.2474522041656,female,75-84
person_years_exposure,county,4,45.00389801430199,21.06416942175645,68.0509978838328,female,85+
person_years_exposure,county,4,14998.824732135414,13400.847613104459,16714.205982255597,female,18-64
person_years_exposure,county,4,2204.469692393114,1734.626729856945,2598.512376516427,female,65+
mortality_rate,county,4,0.0010230290091969155,0.00015911822523332142,0.0023382549407282146,female,0-17
mortality_rate,county,4,0.0010524746405963692,0.00024172908569504962,0.0024175090959991825,female,18-44
mortality_rate,county,4,0.011790805313381178,0.004037877542805132,0.024844057467347736,female,45-64
mortality_rate,county,4,0.057398422081022506,0.020836846770964132,0.12489573757620481,female,65-74
mortality_rate,county,4,0.14011473063541233,0.0520679137003294,0.3421183935339671,female,75-84
mortality_rate,county,4,0.17045225745354092,0.052125658035212526,0.47738881829818797,female,85+
qualifying_event_rate,county,4,0.020543304709275588,0.014290780403557116,0.028692699958509964,female,0-17
qualifying_event_rate,county,4,0.026834440286375705,0.01903090904133617,0.03681405323021339,female,18-44
qualifying_event_rate,county,4,0.03483753732582746,0.025091014735160594,0.04745903709502321,female,45-64
qualifying_event_rate,county,4,0.04543729730740688,0.030967562823527143,0.06347036425559874,female,65-74
qualifying_event_rate,county,4,0.03288893473928461,0.017269962936321052,0.0528585379679504,female,75-84
qualifying_event_rate,county,4,0.03577144170498573,0.0,0.09299083381062186,female,85+
person_years_exposure,county,5,1969.96335785324,1785.8790296920256,2161.3591966247213,male,0-17
person_years_exposure,county,5,2265.639388889374,2076.636874348559,2470.7122940440913,male,18-44
person_years_exposure,county,5,2101.7273470566747,1919.5470476458513,2295.937796658771,male,45-64
person_years_exposure,county,5,580.8257293861495,488.48332806615025,656.2850016616667,male,65-74
person_years_exposure,county,5,257.9845258719743,184.75366363961237,314.97108670949916,male,75-84
person_years_exposure,county,5,26.50444434936686,12.201497713254213,40.038285743006085,male,85+
person_years_exposure,county,5,4367.366735946049,3997.4970282668264,4768.413847899041,male,18-64
person_years_exposure,county,5,865.3146996074906,697.4974882535876,1003.5636697963587,male,65+
mortality_rate,county,5,0.012210976252606056,0.0037811226081867506,0.025898735922044083,male,0-17
mortality_rate,county,5,0.0014221892435978174,0.0,0.003603729591873789,male,18-44
mortality_rate,county,5,0.009758760542833115,0.002837507441660281,0.021662846911292787,male,45-64
mortality_rate,county,5,0.05266277845641,0.01655762066414039,0.12047471157095141,male,65-74
mortality_rate,county,5,0.0987024014793345,0.03208272873455532,0.23813850424515587,male,75-84
mortality_rate,county,5,0.1418679539497601,0.028157085776639112,0.4171533165252022,male,85+
qualifying_event_rate,county,5,0.02362730336554186,0.015279915440443973,0.03416994090637029,male,0-17
qualifying_event_rate,county,5,0.029082644870792894,0.01952658609075235,0.04070610147428598,male,18-44
qualifying_event_rate,county,5,0.03720869731404812,0.02545662448720199,0.05219591201206221,male,45-64
qualifying_event_rate,county,5,0.052042057927755576,0.032759055623701426,0.07576504661787893,male,65-74
qualifying_event_rate,county,5,0.043407020355145785,0.021294455045974874,0.07014998112210868,male,75-84
qualifying_event_rate,county,5,0.023468548286092877,0.0,0.084349783377416,male,85+
person_years_exposure,county,5,2246.340103167218,2045.111679215645,2457.6277022239015,female,0-17
person_years_exposure,county,5,2346.669167089325,2148.180245350739,2561.894212389636,female,18-44
person_years_exposure,county,5,1957.5299062360705,1781.4857450043123,2141.20505333091,female,45-64
person_years_exposure,county,5,648.0238523333708,551.2753297400203,729.9122994727296,female,65-74
person_years_exposure,county,5,249.55796700140598,169.3601554703816,312.5395764889576,female,75-84
person_years_exposure,county,5,27.989038299386944,11.212911912851666,44.00627385461201,female,85+
person_years_exposure,county,5,4304.199073325395,3936.7845360179135,4704.0025681008065,female,18-64
person_years_exposure,county,5,925.5708576341638,738.3707228870467,1077.2776826201155,female,65+
mortality_rate,county,5,0.005702635400440259,0.001590327485699666,0.012664650142335566,female,0-17
mortality_rate,county,5,0.0011059142379958725,0.0,0.002786638422131938,female,18-44
mortality_rate,county,5,0.012065039571559834,0.003560652336225549,0.026438710634573297,female,45-64
mortality_rate,county,5,0.048773862975128326,0.015357128129126001,0.10662865404617926,female,65-74
mortality_rate,county,5,0.13170535905172695,0.04488428907024705,0.32364417024512276,female,75-84
mortality_rate,county,5,0.1739796502478082,0.045977170952879426,0.5488624470436845,female,85+
qualifying_event_rate,county,5,0.0232054982826301,0.015171668815300157,0.03308654036849365,female,0-17
qualifying_event_rate,county,5,0.027909405187368275,0.018583736280096623,0.03968852506589356,female,18-44
qualifying_event_rate,county,5,0.03624051632889571,0.024475731752412907,0.051105010748628346,female,45-64
qualifying_event_rate,county,5,0.056292467739816554,0.03676982019530237,0.08066527923911718,female,65-74
qualifying_event_rate,county,5,0.03392087119806934,0.014978685137555315,0.058630038599375794,female,75-84
qualifying_event_rate,county,5,0.03983284413353207,0.0,0.11965883084635014,female,85+
person_years_exposure,county,6,1828.133503870088,1717.8802394096192,1929.6325770139017,male,0-17
person_years_exposure,county,6,2127.11661249332,1996.460329580452,2246.7924248716818,male,18-44
person_years_exposure,county,6,2293.482176276547,2151.8007901725914,2425.1148471722618,male,45-64
person_years_exposure,county,6,728.6560240015639,620.1225882903507,812.6453603417157,male,65-74
person_years_exposure,county,6,167.74788765725384,116.91516993592124,206.31554074295147,male,75-84
person_years_exposure,county,6,24.859020491405204,10.205380617585545,43.80388129524859,male,85+
person_years_exposure,county,6,4420.598788769867,4152.941377154691,4664.64401670014,male,18-64
person_years_exposure,county,6,921.2629321502229,755.6296360185781,1051.983131605311,male,65+
mortality_rate,county,6,0.00227830136786114,0.0,0.005448844598720961,male,0-17
mortality_rate,county,6,0.001739994814229595,0.0,0.00450338624960625,male,18-44
mortality_rate,county,6,0.01170649289984393,0.0037201503491475158,0.025161572945636864,male,45-64
mortality_rate,county,6,0.05034318361524778,0.016992315728977195,0.11222952121091054,male,65-74
mortality_rate,county,6,0.10616914111839881,0.03342041416652958,0.263566238947552,male,75-84
mortality_rate,county,6,0.1277424920575349,0.02501367426974037,0.4113239562562244,male,85+
qualifying_event_rate,county,6,0.020051455872149983,0.012556711481155055,0.029420375406588428,male,0-17
qualifying_event_rate,county,6,0.026695606453935455,0.017573993443197773,0.03762776655347765,male,18-44
qualifying_event_rate,county,6,0.03491190166942689,0.02409709573272653,0.0483750327865622,male,45-64
qualifying_event_rate,county,6,0.04619873193901476,0.029869914052706167,0.06638022013179687,male,65-74
qualifying_event_rate,county,6,0.045646107218480426,0.01925674619613952,0.07916927662121793,male,75-84
qualifying_event_rate,county,6,0.023398304942151008,0.0,0.08636074286434661,male,85+
person_years_exposure,county,6,1844.2140522136706,1606.8136113840749,2017.9549504718175,female,0-17
person_years_exposure,county,6,1920.8911324516891,1796.2282666063702,2041.567936574067,female,18-44
person_years_exposure,county,6,2308.921730362883,2168.8157671804897,2442.7436380589425,female,45-64
person_years_exposure,county,6,600.5843411496273,501.82563384446047,677.9333623134925,female,65-74
person_years_exposure,county,6,155.88764296664374,95.540766559779,203.99212823101715,female,75-84
person_years_exposure,county,6,19.66211178028787,7.097774343396903,35.56599377703147,female,85+
person_years_exposure,county,6,4229.812862814572,3972.245355616436,4469.316145459569,female,18-64
person_years_exposure,county,6,776.134095896559,606.3369354179459,904.2296427863428,female,65+
mortality_rate,county,6,0.04246838954905423,0.015317018232010012,0.09448153869223362,female,0-17
mortality_rate,county,6,0.0010465215192514603,0.0,0.0027527860247190407,female,18-44
mortality_rate,county,6,0.012242127097486124,0.004062937408034641,0.02722654681955626,female,45-64
mortality_rate,county,6,0.059096386860083845,0.019896247735864396,0.13733643165426748,female,65-74
mortality_rate,county,6,0.1366064085327644,0.04465700927471686,0.34595879249195516,female,75-84
mortality_rate,county,6,0.1682469366574631,0.028690897840867872,0.5696875405397837,female,85+
qualifying_event_rate,county,6,0.019879265668615774,0.012418303234518336,0.029473069630257975,female,0-17
qualifying_event_rate,county,6,0.026053988252902036,0.017304549402131608,0.037021102801279994,female,18-44
qualifying_event_rate,county,6,0.03529236336421547,0.023505705674764798,0.0493365560991121,female,45-64
qualifying_event_rate,county,6,0.0437510949190389,0.02675891617355474,0.06535713949587797,female,65-74
qualifying_event_rate,county,6,0.04601000527888103,0.018895281051958118,0.08143156204486247,female,75-84
qualifying_event_rate,county,6,0.03629602751054056,0.0,0.1258881733375349,female,85+
person_years_exposure,county,7,1775.2853788394311,1626.1027933918722,1919.3236233186994,male,0-17
person_years_exposure,county,7,2062.8596864026426,1905.081296804038,2221.411868757192,male,18-44
person_years_exposure,county,7,2022.4391845301777,1864.2933262070972,2182.696387827248,male,45-64
person_years_exposure,county,7,592.0348162986809,504.64282740495133,665.6768895720704,male,65-74
person_years_exposure,county,7,169.7075558919442,115.31932550476296,210.88300995029434,male,75-84
person_years_exposure,county,7,32.20232342290834,17.85587825814516,45.69102164927223,male,85+
person_years_exposure,county,7,4085.29887093282,3773.2806663732454,4400.2171205606755,male,18-64
person_years_exposure,county,7,793.9446956135333,649.3887428749756,912.1967705605989,male,65+
mortality_rate,county,7,0.008425691999039949,0.0023064339902968967,0.01823188217975805,male,0-17
mortality_rate,county,7,0.0015127570184823998,0.0,0.003919917610207678,male,18-44
mortality_rate,county,7,0.009643029840118783,0.0028778539051582306,0.020889154846322745,male,45-64
mortality_rate,county,7,0.05099017540720306,0.016854955225020053,0.11451775921698094,male,65-74
mortality_rate,county,7,0.11063131153515918,0.03776901033677345,0.266637289185445,male,75-84
mortality_rate,county,7,0.17311972975565074,0.046436313994554876,0.46650604571576443,male,85+
qualifying_event_rate,county,7,0.026724081468391937,0.017406165363646555,0.03820520017951176,male,0-17
qualifying_event_rate,county,7,0.03183680923863796,0.021520554027777878,0.044404811335421734,male,18-44
qualifying_event_rate,county,7,0.04362842676243321,0.03001604609111952,0.06023252994177611,male,45-64
qualifying_event_rate,county,7,0.05758885620907294,0.036931345712434505,0.08305666108534153,male,65-74
qualifying_event_rate,county,7,0.05221759252332826,0.023872599268982983,0.0888141569994183,male,75-84
qualifying_event_rate,county,7,0.024138717218295854,0.0,0.07704558781307595,male,85+
person_years_exposure,county,7,1707.4122704250003,1561.342748892054,1850.54958254174,female,0-17
person_years_exposure,county,7,1891.6535228573978,1749.6169386661074,2034.6261469296817,female,18-44
person_years_exposure,county,7,1991.7511904367877,1831.8993508021451,2150.624412301901,female,45-64
person_years_exposure,county,7,482.0203525529146,412.84910428635203,540.3873726002026,female,65-74
person_years_exposure,county,7,216.5673168073717,146.96171663290588,268.7043289961677,female,75-84
person_years_exposure,county,7,19.611441497715933,8.221676727369932,30.201294123570083,female,85+
person_years_exposure,county,7,3883.4047132941855,3587.944746398059,4183.9723056148005,female,18-64
person_years_exposure,county,7,718.1991108580023,576.0680583686371,829.4310966513856,female,65+
mortality_rate,county,7,0.010582020175626733,0.0031109194470030975,0.023252556434694906,female,0-17
mortality_rate,county,7,0.0010817978525258015,0.0,0.0029210261405687426,female,18-44
mortality_rate,county,7,0.012267392567563498,0.0038883289170797575,0.02631772489165385,female,45-64
mortality_rate,county,7,0.04836967755766233,0.015992410801654915,0.10837625627951832,female,65-74
mortality_rate,county,7,0.1203447397803373,0.04030090547296452,0.30238439440182235,female,75-84
mortality_rate,county,7,0.15666012586767608,0.0347258391360123,0.47859879180397336,female,85+
qualifying_event_rate,county,7,0.025812888281826343,0.016654225766864896,0.03724593056513296,female,0-17
qualifying_event_rate,county,7,0.03278508078788314,0.021681285372693166,0.04587530568467036,female,18-44
qualifying_event_rate,county,7,0.04284247117735471,0.029387281545618146,0.0588516731865573,female,45-64
qualifying_event_rate,county,7,0.05458752219894482,0.03348613633085236,0.07887921547262132,female,65-74
qualifying_event_rate,county,7,0.06752024331257948,0.03735718982555078,0.10321851101051469,female,75-84
qualifying_event_rate,county,7,0.039595035368616915,0.0,0.1275746123662642,female,85+
person_years_exposure,county,8,495.94108083396566,450.4419962338458,538.5860984866307,male,0-17
person_years_exposure,county,8,749.0163629494624,691.8686681366281,806.4345782696397,male,18-44
person_years_exposure,county,8,726.0264931410815,667.2154534642137,783.4569418533425,male,45-64
person_years_exposure,county,8,185.15499466700456,155.8332445438176,209.7926057585494,male,65-74
person_years_exposure,county,8,101.55656605598038,68.85394425400976,127.28045050800432,male,75-84
person_years_exposure,county,8,10.660694622366735,4.4450643520830635,16.683455474965104,male,85+
person_years_exposure,county,8,1475.0428560905439,1362.0752664929744,1589.2965825514193,male,18-64
person_years_exposure,county,8,297.3722553453517,234.10402851332634,346.8386608828689,male,65+
mortality_rate,county,8,0.008549696288377288,0.001787254473069878,0.020567297581801675,male,0-17
mortality_rate,county,8,0.0015635761038583348,0.0,0.005086040326921628,male,18-44
mortality_rate,county,8,0.009518189062781226,0.0014606362809727672,0.021841025555156376,male,45-64
mortality_rate,county,8,0.053423830923173155,0.014612493572484913,0.1264777750768074,male,65-74
mortality_rate,county,8,0.11055419644718811,0.033644612928703084,0.2740986972490591,male,75-84
mortality_rate,county,8,0.1134274968128731,0.0,0.46318622863111214,male,85+
qualifying_event_rate,county,8,0.03605480933104665,0.01998316428786984,0.05453948778168326,male,0-17
qualifying_event_rate,county,8,0.042034875666844315,0.02568296930508633,0.06090899393035942,male,18-44
qualifying_event_rate,county,8,0.056926891770602776,0.03825279192718325,0.08021985315567101,male,45-64
qualifying_event_rate,county,8,0.07565706622980001,0.04267504835267809,0.11454787113502597,male,65-74
qualifying_event_rate,county,8,0.06762300798716013,0.028691835473411673,0.11326487672742579,male,75-84
qualifying_event_rate,county,8,0.027393862467627064,0.0,0.1338917123268444,male,85+
person_years_exposure,county,8,577.8578319346495,526.3679306609588,628.3572080289246,female,0-17
person_years_exposure,county,8,641.875299062225,593.0855726390445,692.0511493558264,female,18-44
person_years_exposure,county,8,738.1763539404106,675.9464773263162,798.3654007419722,female,45-64
person_years_exposure,county,8,372.0873098448933,314.58767530277623,417.67335072556887,female,65-74
person_years_exposure,county,8,91.98751952468017,59.937574226588005,116.76549370540864,female,75-84
person_years_exposure,county,8,2.88661082685925,0.10783195273720679,5.598062216038874,female,85+
person_years_exposure,county,8,1380.0516530026357,1272.7318543069357,1489.1284034480395,female,18-64
person_years_exposure,county,8,466.9614401964327,380.3736521317713,535.2005960467831,female,65+
mortality_rate,county,8,0.010653800258573516,0.0016992545196813963,0.02490129349391957,female,0-17
mortality_rate,county,8,0.0010648217175748286,0.0,0.0033888387572245156,female,18-44
mortality_rate,county,8,0.012281584670019531,0.0026939828523611315,0.02817917117289457,female,45-64
mortality_rate,county,8,0.05025895727264217,0.015966517939621856,0.11515926227543778,female,65-74
mortality_rate,county,8,0.1153690767853196,0.03551278923023935,0.30041230527308344,female,75-84
mortality_rate,county,8,0.135512800250284,0.0,1.18847352216714,female,85+
qualifying_event_rate,county,8,0.03463288463202738,0.019917401174545137,0.05228618886208937,female,0-17
qualifying_event_rate,county,8,0.043248884479329314,0.027133405027395616,0.06243847510480283,female,18-44
qualifying_event_rate,county,8,0.056331304919391596,0.03651662054457652,0.07909611604810632,female,45-64
qualifying_event_rate,county,8,0.07167605246407197,0.04590138168414758,0.1025440428013053,female,65-74
qualifying_event_rate,county,8,0.08359051221822861,0.0383880590964749,0.13982030324756686,female,75-84
qualifying_event_rate,county,8,0.047204784888756075,0.0,0.24357552164268798,female,85+
person_years_exposure,county,9,1010.7938294780852,862.0750576818896,1147.5491174632696,male,0-17
person_years_exposure,county,9,1255.5164718851122,1122.4378809750576,1400.4605594587626,male,18-44
person_years_exposure,county,9,1101.6763739392918,984.7074082017382,1231.093139552638,male,45-64
person_years_exposure,county,9,298.01572126506386,250.34754629297598,341.8942526100051,male,65-74
person_years_exposure,county,9,83.0188583426995,57.11431520827324,105.2892227037242,male,75-84
person_years_exposure,county,9,5.356000703151889,1.5963275097397154,9.663680979241091,male,85+
person_years_exposure,county,9,2357.192845824404,2107.1741418932434,2629.509702987584,male,18-64
person_years_exposure,county,9,386.39058031091525,316.7854928835879,450.8207555201016,male,65+
mortality_rate,county,9,0.04109563103748421,0.01427687344140869,0.08898265187545905,male,0-17
mortality_rate,county,9,0.0013187893236190954,0.0,0.003749252942009821,male,18-44
mortality_rate,county,9,0.010699650759723497,0.002723916964665757,0.023596075829313744,male,45-64
mortality_rate,county,9,0.04826515459347148,0.01392831418223723,0.10767392187249401,male,65-74
mortality_rate,county,9,0.10694199554722762,0.029228708680759972,0.2741403398945576,male,75-84
mortality_rate,county,9,0.15819698619076286,0.0,0.8854726928032076,male,85+
qualifying_event_rate,county,9,0.03728215310926276,0.02380712408023148,0.05409518322465908,male,0-17
qualifying_event_rate,county,9,0.04892524145432421,0.03311337518958498,0.06788174585865091,male,18-44
qualifying_event_rate,county,9,0.05910182360997552,0.040384313147468764,0.08122891694834958,male,45-64
qualifying_event_rate,county,9,0.09613683672593429,0.06253216278955774,0.13469136580895572,male,65-74
qualifying_event_rate,county,9,0.06117636971191175,0.02185074597411222,0.10871120773512014,male,75-84
qualifying_event_rate,county,9,0.030478880096037705,0.0,0.2005328780739518,male,85+
person_years_exposure,county,9,1161.5643442429364,1038.6360788916973,1297.7718114895856,female,0-17
person_years_exposure,county,9,1295.0379202208164,1156.6754512456014,1443.6509778856653,female,18-44
person_years_exposure,county,9,1150.9987134354483,1029.781728920765,1285.7771287123226,female,45-64
person_years_exposure,county,9,361.39982418423983,304.28798263723166,415.24575294600857,female,65-74
person_years_exposure,county,9,103.95886613409542,68.86562640154915,132.03220413694353,female,75-84
person_years_exposure,county,9,10.437974699539062,4.657831153035902,16.13813890466253,female,85+
person_years_exposure,county,9,2446.0366336562647,2186.508705501689,2726.4294831515745,female,18-64
person_years_exposure,county,9,475.79666501787426,383.8192446568351,554.8332620956944,female,65+
mortality_rate,county,9,0.003254887891048478,0.0,0.008180086396633663,female,0-17
mortality_rate,county,9,0.001085121459038348,0.0,0.003260145577545484,female,18-44
mortality_rate,county,9,0.01151259024690748,0.003169197750985089,0.025375358985649014,female,45-64
mortality_rate,county,9,0.04683788161686943,0.013415585829545006,0.10917666903041137,female,65-74
mortality_rate,county,9,0.12092550072342124,0.03651981839281503,0.2984410006232614,female,75-84
mortality_rate,county,9,0.1296660742768907,0.0,0.49861102983053895,female,85+
qualifying_event_rate,county,9,0.04347963570125497,0.02872876904650161,0.06127940414241288,female,0-17
qualifying_event_rate,county,9,0.04957104302192251,0.033878686802776024,0.06926988126879281,female,18-44
qualifying_event_rate,county,9,0.056015205159998936,0.03832844788768574,0.07795074388001043,female,45-64
qualifying_event_rate,county,9,0.07853411042237757,0.04978870450622806,0.11141351455794381,female,65-74
qualifying_event_rate,county,9,0.07795097003872269,0.03646839769808294,0.12910653496268634,female,75-84
qualifying_event_rate,county,9,0.04296570999135718,0.0,0.15198403150517137,female,85+
person_years_exposure,county,10,2085.64213008855,1792.5630068127498,2372.3187012580406,male,0-17
person_years_exposure,county,10,2631.361436830123,2352.68916247944,2933.6986676998695,male,18-44
person_years_exposure,county,10,2140.8248539797987,1914.2031921571015,2389.051621114252,male,45-64
person_years_exposure,county,10,474.2384516625892,397.2202200951707,544.8219630752981,male,65-74
person_years_exposure,county,10,103.97124869787042,71.78741651904733,130.87630339511523,male,75-84
person_years_exposure,county,10,3.641087541539872,0.6300697897476834,7.024752912778939,male,85+
person_years_exposure,county,10,4772.186290809921,4266.779399374174,5320.69440377175,male,18-64
person_years_exposure,county,10,581.8507879019995,474.7834748173552,677.8994442004163,male,65+
mortality_rate,county,10,0.04113082414760094,0.014756343640306906,0.08950296706680846,male,0-17
mortality_rate,county,10,0.0013573875841445605,0.0,0.0033643277683565033,male,18-44
mortality_rate,county,10,0.010603480836043304,0.0033409585694298897,0.022936836193413798,male,45-64
mortality_rate,county,10,0.05018186518842265,0.015659186389276766,0.10966894264672136,male,65-74
mortality_rate,county,10,0.10223983236231668,0.027177146391149386,0.252998757916333,male,75-84
mortality_rate,county,10,0.11322353491482277,0.0,0.8120947477254165,male,85+
qualifying_event_rate,county,10,0.04138694655699882,0.028406178606829043,0.05847093165740889,male,0-17
qualifying_event_rate,county,10,0.054135772264084406,0.038928016594606416,0.07357275722304893,male,18-44
qualifying_event_rate,county,10,0.0649708958372652,0.04690917324501339,0.08693635773249461,male,45-64
qualifying_event_rate,county,10,0.105197861948151,0.07371750837321835,0.14352822928268955,male,65-74
qualifying_event_rate,county,10,0.06558490168855696,0.027417421963290584,0.11072750984232903,male,75-84
qualifying_event_rate,county,10,0.024119795604036057,0.0,0.19216717831917796,male,85+
person_years_exposure,county,10,2603.596042227117,2323.3401662192446,2903.412420079407,female,0-17
person_years_exposure,county,10,3046.9951937232117,2719.494691695293,3399.7296005827197,female,18-44
person_years_exposure,county,10,2014.5484385611564,1801.8149174569496,2247.865391648933,female,45-64
person_years_exposure,county,10,464.37780115506814,394.38771532016557,530.6867159447814,female,65-74
person_years_exposure,county,10,125.70361651396841,82.35650290378072,160.6531519446734,female,75-84
person_years_exposure,county,10,8.40577053723511,3.1504960955285015,13.84401859471305,female,85+
person_years_exposure,county,10,5061.543632284368,4521.704353788315,5644.497710657322,female,18-64
person_years_exposure,county,10,598.4871882062716,486.51705346032,695.9159793914057,female,65+
mortality_rate,county,10,0.0032377094461970538,0.0007538425205113782,0.007288766743251848,female,0-17
mortality_rate,county,10,0.0010598940865258766,0.0,0.0026484981646185657,female,18-44
mortality_rate,county,10,0.011508569299559275,0.0034823629100698607,0.024700806173980898,female,45-64
mortality_rate,county,10,0.04504067587170101,0.013636131313256007,0.10171255909467859,female,65-74
mortality_rate,county,10,0.1264873576817986,0.040697556801864695,0.314699763052489,female,75-84
mortality_rate,county,10,0.1315984080215339,0.0,0.594903083122229,female,85+
qualifying_event_rate,county,10,0.04785879930980493,0.03312353232502162,0.0657773556559553,female,0-17
qualifying_event_rate,county,10,0.054593359210960014,0.03896234030055979,0.07384350043437571,female,18-44
qualifying_event_rate,county,10,0.061986595908902056,0.044397478558011315,0.08382119683006828,female,45-64
qualifying_event_rate,county,10,0.08577500129737199,0.05767018108291003,0.11868033518879136,female,65-74
qualifying_event_rate,county,10,0.08737395766329357,0.046545026036864924,0.13697385189437813,female,75-84
qualifying_event_rate,county,10,0.0422907794854145,0.0,0.16846886950534132,female,85+
person_years_exposure,county,11,2035.2176128680937,1840.146149195108,2234.6144057248594,male,0-17
person_years_exposure,county,11,2042.6347367544195,1869.8726522434931,2232.7491529155295,male,18-44
person_years_exposure,county,11,1899.0056895239097,1734.017194351962,2073.3266700483914,male,45-64
person_years_exposure,county,11,485.9410564476072,410.4692203217935,549.7701831160675,male,65-74
person_years_exposure,county,11,124.72963757842909,89.63509638661117,153.3776023314144,male,75-84
person_years_exposure,county,11,13.391896986706868,5.204498065156609,21.64570801308244,male,85+
person_years_exposure,county,11,3941.640426278329,3601.435549773646,4302.960986548204,male,18-64
person_years_exposure,county,11,624.0625910127432,515.3334068419131,715.7290943735711,male,65+
mortality_rate,county,11,0.012329522681060023,0.0038538839876312344,0.026631069787786076,male,0-17
mortality_rate,county,11,0.0014505239589275723,0.0,0.003703619679910012,male,18-44
mortality_rate,county,11,0.009908299944834418,0.0029108873821868655,0.02146517073057523,male,45-64
mortality_rate,county,11,0.04915639377772743,0.015713532212638746,0.11047746693495848,male,65-74
mortality_rate,county,11,0.09017576662495619,0.025814885020612164,0.2225686086078411,male,75-84
mortality_rate,county,11,0.1567457361210255,0.0,0.6302465438680599,male,85+
qualifying_event_rate,county,11,0.026985990556484842,0.017810149009690888,0.03839660958589286,male,0-17
qualifying_event_rate,county,11,0.03302910491029762,0.022288024766176796,0.045955682788306036,male,18-44
qualifying_event_rate,county,11,0.042418888675207295,0.02891098107375804,0.0588022636194118,male,45-64
qualifying_event_rate,county,11,0.05788510134279431,0.035484081494029124,0.08351512883959326,male,65-74
qualifying_event_rate,county,11,0.047972141366949286,0.01672161601665855,0.08686733888464665,male,75-84
qualifying_event_rate,county,11,0.028256327178840572,0.0,0.12305626944077355,male,85+
person_years_exposure,county,11,1782.2442003211202,1622.8519720401116,1952.79802081045,female,0-17
person_years_exposure,county,11,2237.125063329394,2050.5118562746356,2442.498517034979,female,18-44
person_years_exposure,county,11,1924.7556553766867,1750.546845390869,2104.501056740227,female,45-64
person_years_exposure,county,11,494.6064843040921,419.45734666488494,557.4165315706558,female,65-74
person_years_exposure,county,11,119.488442058665,79.79853417219108,150.1037883796478,female,75-84
person_years_exposure,county,11,17.50666562280227,6.849526593002267,28.7720968843772,female,85+
person_years_exposure,county,11,4161.880718706081,3804.5543096333927,4546.01409343612,female,18-64
person_years_exposure,county,11,631.6015919855594,513.0817596119141,731.3041398185774,female,65+
mortality_rate,county,11,0.00574487465264592,0.0012151614415304088,0.012886796210458684,female,0-17
mortality_rate,county,11,0.001151118171582001,0.0,0.00297242638595285,female,18-44
mortality_rate,county,11,0.012219489359233539,0.0037459394777093116,0.02633303371782401,female,45-64
mortality_rate,county,11,0.046674246272127594,0.013237033852873307,0.10608536369433602,female,65-74
mortality_rate,county,11,0.12985891653875792,0.04064071252299229,0.3270506816724486,female,75-84
mortality_rate,county,11,0.21611428920014308,0.05892122832829326,0.6716925498872048,female,85+
qualifying_event_rate,county,11,0.02637645129398092,0.016926249712094322,0.03763502905343929,female,0-17
qualifying_event_rate,county,11,0.0316524757760375,0.021528389232159714,0.044362723423603284,female,18-44
qualifying_event_rate,county,11,0.04110226468760125,0.02811938797697964,0.057411666384505636,female,45-64
qualifying_event_rate,county,11,0.06268680838022284,0.04064356806875844,0.08979515473444613,female,65-74
qualifying_event_rate,county,11,0.03734728547138068,0.009052706097406374,0.07219517103983734,female,75-84
qualifying_event_rate,county,11,0.046412991076699266,0.0,0.15041351483043797,female,85+
person_years_exposure,county,12,1034.858300167282,887.62160932896,1175.2633077407959,male,0-17
person_years_exposure,county,12,1255.1464570914864,1122.0656275845558,1400.7565516863283,male,18-44
person_years_exposure,county,12,1326.1286212803009,1186.4891849444696,1480.480019429947,male,45-64
person_years_exposure,county,12,314.0502950187882,263.41936894121403,360.3585664055137,male,65-74
person_years_exposure,county,12,155.3197067560028,108.038335337901,193.3295115084456,male,75-84
person_years_exposure,county,12,5.8944978158244865,1.806101144237067,10.515420980972227,male,85+
person_years_exposure,county,12,2581.2750783717875,2308.968264811294,2877.670973366734,male,18-64
person_years_exposure,county,12,475.26449959061546,379.6437428121117,555.2038018103821,male,65+
mortality_rate,county,12,0.04090461150182622,0.013544080082819782,0.08920179329107451,male,0-17
mortality_rate,county,12,0.0013748084359004997,0.0,0.00393679106887168,male,18-44
mortality_rate,county,12,0.0110323922272526,0.0031407518107589264,0.02403415205217601,male,45-64
mortality_rate,county,12,0.049458327025754666,0.014402224726182387,0.11378751915811212,male,65-74
mortality_rate,county,12,0.10661200498766688,0.03324300148607976,0.2639030777516842,male,75-84
mortality_rate,county,12,0.16687944067341398,0.0,0.8341609354106442,male,85+
qualifying_event_rate,county,12,0.03753906541939532,0.02387661516384848,0.05555294377565067,male,0-17
qualifying_event_rate,county,12,0.049642381619202085,0.03359881828352933,0.06917622938238072,male,18-44
qualifying_event_rate,county,12,0.05980588562122599,0.04190365196342264,0.08233010918049179,male,45-64
qualifying_event_rate,county,12,0.09674453139513321,0.06386761175940732,0.13585302899801763,male,65-74
qualifying_event_rate,county,12,0.06260494869266717,0.029803654102886778,0.10264574604275782,male,75-84
qualifying_event_rate,county,12,0.029036456349884696,0.0,0.19446153454640056,male,85+
person_years_exposure,county,12,1029.8527210289546,919.5756091703095,1151.250680108519,female,0-17
person_years_exposure,county,12,1293.8458173218874,1153.9758345755367,1443.2854405854619,female,18-44
person_years_exposure,county,12,1200.3258345444779,1071.8974733579262,1342.4711909878586,female,45-64
person_years_exposure,county,12,350.6454703751096,295.3958006939699,400.5920147941468,female,65-74
person_years_exposure,county,12,127.46344696889079,83.56680549997792,161.78721446460952,female,75-84
person_years_exposure,county,12,15.054914692821344,6.944688561431092,23.336749859492183,female,85+
person_years_exposure,county,12,2494.171651866365,2229.03335716401,2784.2416676387065,female,18-64
person_years_exposure,county,12,493.1638320368217,394.18847182861157,576.6034474353958,female,65+
mortality_rate,county,12,0.0032909173195792454,0.0,0.008162585901731148,female,0-17
mortality_rate,county,12,0.0009993221237722877,0.0,0.0030509425935648926,female,18-44
mortality_rate,county,12,0.013241033584461326,0.003944839911763222,0.028708979225515803,female,45-64
mortality_rate,county,12,0.04437477819812775,0.012996685956394432,0.10265766068261191,female,65-74
mortality_rate,county,12,0.12548547172662303,0.03891791153090514,0.3172262241766272,female,75-84
mortality_rate,county,12,0.15563576967384754,0.023961938872968446,0.46631467218349737,female,85+
qualifying_event_rate,county,12,0.04351729653655979,0.028240881880593892,0.061780283527611286,female,0-17
qualifying_event_rate,county,12,0.049495666314672775,0.03384063688236071,0.068695473137503,female,18-44
qualifying_event_rate,county,12,0.05767346651219031,0.039883387857341634,0.08000252462069307,female,45-64
qualifying_event_rate,county,12,0.07761772984689734,0.049333708926089286,0.11245101855950286,female,65-74
qualifying_event_rate,county,12,0.07994432003354315,0.04173576991556031,0.1263094137054948,female,75-84
qualifying_event_rate,county,12,0.04686987678631571,0.0,0.15301826031719748,female,85+
person_years_exposure,county,13,2015.4764039311726,1726.71619232261,2293.1861582450183,male,0-17
person_years_exposure,county,13,2294.0749948564144,2050.5575947353227,2555.8293582998535,male,18-44
person_years_exposure,county,13,1999.2917390283276,1785.5824555646175,2231.772271213054,male,45-64
person_years_exposure,county,13,449.1533364470043,379.4752908982822,515.6103725909733,male,65-74
person_years_exposure,county,13,151.17789392815357,106.05235176414847,186.92853269032608,male,75-84
person_years_exposure,county,13,20.943892957159804,9.24054549588069,32.98247115442719,male,85+
person_years_exposure,county,13,4293.366733884742,3836.0527483567357,4782.19188580303,male,18-64
person_years_exposure,county,13,621.2751233323177,503.05507576224375,726.8665990720624,male,65+
mortality_rate,county,13,0.04100084243485491,0.014974266857009647,0.08872162002674316,male,0-17
mortality_rate,county,13,0.0014164801613006492,0.0,0.003516875505287095,male,18-44
mortality_rate,county,13,0.010772125284835607,0.0031442246288586294,0.02316995396404827,male,45-64
mortality_rate,county,13,0.04952770479592118,0.015216712889883372,0.11132610628741049,male,65-74
mortality_rate,county,13,0.10865706614909465,0.03361598877755542,0.2642729365845216,male,75-84
mortality_rate,county,13,0.13956493884572369,0.013998659656224552,0.422418187754797,male,85+
qualifying_event_rate,county,13,0.026311775030118868,0.017507724306949614,0.03790858455100188,male,0-17
qualifying_event_rate,county,13,0.035308348760006325,0.023961248236039547,0.049338363410561976,male,18-44
qualifying_event_rate,county,13,0.04275732917375336,0.02953955562750548,0.05955928502056431,male,45-64
qualifying_event_rate,county,13,0.07198987304594631,0.046185830437237896,0.10273325357870614,male,65-74
qualifying_event_rate,county,13,0.045125925438751185,0.01843182299981412,0.07844710846171418,male,75-84
qualifying_event_rate,county,13,0.01931587912438385,0.0,0.08515453481096073,male,85+
person_years_exposure,county,13,2028.830920041623,1814.9587951516403,2266.0169384244577,female,0-17
person_years_exposure,county,13,2277.226576702148,2032.2452088566129,2539.594700859965,female,18-44
person_years_exposure,county,13,2011.3375510048375,1799.3674559321294,2243.077482113606,female,45-64
person_years_exposure,county,13,439.63360666,371.32805543036085,503.8660974907615,female,65-74
person_years_exposure,county,13,156.68448414438507,106.22271817216624,196.67023141951688,female,75-84
person_years_exposure,county,13,14.46689250350203,6.373898718897282,22.189124347110106,female,85+
person_years_exposure,county,13,4288.564127706985,3834.7022369924957,4785.686803464262,female,18-64
person_years_exposure,county,13,610.784983307887,492.48573531415605,712.5628923924435,female,65+
mortality_rate,county,13,0.0032962332809196348,0.0005132040543169024,0.007537522533806788,female,0-17
mortality_rate,county,13,0.0011246290476544763,0.0,0.0029663894339281975,female,18-44
mortality_rate,county,13,0.011434691022404466,0.003635248734305656,0.023943570751015768,female,45-64
mortality_rate,county,13,0.04547326640967604,0.014556445544457534,0.09896363508856106,female,65-74
mortality_rate,county,13,0.1195348297283382,0.04014145637497717,0.2926012668821436,female,75-84
mortality_rate,county,13,0.14483897684787803,0.0,0.5085453795000912,female,85+
qualifying_event_rate,county,13,0.030864642295433533,0.020594935647106356,0.04363775441857286,female,0-17
qualifying_event_rate,county,13,0.0356455675918671,0.024197743856606998,0.049825606248370846,female,18-44
qualifying_event_rate,county,13,0.040571280052785,0.028147912221627366,0.056058734144094846,female,45-64
qualifying_event_rate,county,13,0.05774682072850574,0.03479315339865735,0.08348770949278539,female,65-74
qualifying_event_rate,county,13,0.05880014300019571,0.02720911521206298,0.09781310343619298,female,75-84
qualifying_event_rate,county,13,0.03329230694324412,0.0,0.12237419591855654,female,85+
person_years_exposure,county,14,619.4395902436669,564.7866220999102,672.5111148249266,male,0-17
person_years_exposure,county,14,706.4071817134555,652.4783471394271,760.9866317415025,male,18-44
person_years_exposure,county,14,657.6112030340242,604.1183570018576,710.226301706938,male,45-64
person_years_exposure,county,14,175.3805722603461,146.51931329663685,199.13541980236045,male,65-74
person_years_exposure,county,14,77.31274411277627,51.822738710414754,97.40674990801105,male,75-84
person_years_exposure,county,14,4.692006439288209,0.6622709998788048,8.057757896281565,male,85+
person_years_exposure,county,14,1364.0183847474798,1257.8714537124993,1471.3497391712074,male,18-64
person_years_exposure,county,14,257.3853228124106,206.33786885095688,298.66686338907306,male,65+
mortality_rate,county,14,0.008529067511741944,0.0015478354057523827,0.01991143388036275,male,0-17
mortality_rate,county,14,0.0014231270292973733,0.0,0.0044316239341234374,male,18-44
mortality_rate,county,14,0.010265784120745363,0.0015234074845822624,0.02350355585634562,male,45-64
mortality_rate,county,14,0.05132143147260484,0.010888108636200485,0.12390045295735279,male,65-74
mortality_rate,county,14,0.11169532133737653,0.030140430909517884,0.2784325199638522,male,75-84
mortality_rate,county,14,0.09733007667000672,0.0,0.656392966014063,male,85+
qualifying_event_rate,county,14,0.029230062214790437,0.016326009230874336,0.0449729172276107,male,0-17
qualifying_event_rate,county,14,0.03434359206250126,0.020902536022579847,0.05100057380786995,male,18-44
qualifying_event_rate,county,14,0.047791740452872766,0.0300245475111057,0.06845401819688762,male,45-64
qualifying_event_rate,county,14,0.06157298048508401,0.03159288748325043,0.09616931502246172,male,65-74
qualifying_event_rate,county,14,0.05595250417597655,0.016400644507764316,0.10698483135058602,male,75-84
qualifying_event_rate,county,14,0.02491861402806225,0.0,0.18376420535632546,male,85+
person_years_exposure,county,14,521.1004528906976,472.8395581182322,566.6068570631384,female,0-17
person_years_exposure,county,14,655.781797052445,606.2297183948994,705.5448437731274,female,18-44
person_years_exposure,county,14,703.2583620258674,644.686617601691,760.0165192993013,female,45-64
person_years_exposure,county,14,160.11568390022785,133.57723133907078,181.7345312179311,female,65-74
person_years_exposure,county,14,53.180770187519464,34.23961947955491,68.78732975741464,female,75-84
person_years_exposure,county,14,11.84955292652177,5.119330138074744,17.982198545747956,female,85+
person_years_exposure,county,14,1359.0401590783124,1253.4226701968437,1465.3766750028572,female,18-64
person_years_exposure,county,14,225.1460070142691,177.89418772144077,262.2433388798609,female,65+
mortality_rate,county,14,0.01065313316135375,0.0018520356378561678,0.02466185048390196,female,0-17
mortality_rate,county,14,0.0010472055549620321,0.0,0.00353928229097234,female,18-44
mortality_rate,county,14,0.012580446228365494,0.0027826402908291544,0.028487277531866997,female,45-64
mortality_rate,county,14,0.0477580547930734,0.011246436839704277,0.11414559343055833,female,65-74
mortality_rate,county,14,0.12447245694962177,0.030151019025354955,0.3200620270476545,female,75-84
mortality_rate,county,14,0.1481385472453408,0.0,0.5363146624558881,female,85+
qualifying_event_rate,county,14,0.02827897620881892,0.014776485797196835,0.043593540978634486,female,0-17
qualifying_event_rate,county,14,0.03571961997287181,0.0211813902232853,0.05240012567977149,female,18-44
qualifying_event_rate,county,14,0.04672217078178581,0.028983934187312953,0.06700013639881167,female,45-64
qualifying_event_rate,county,14,0.05783656917220813,0.027104049012695614,0.09530875436160459,female,65-74
qualifying_event_rate,county,14,0.0720579060107864,0.019487236563916027,0.1376424156967213,female,75-84
qualifying_event_rate,county,14,0.04275009944265984,0.0,0.14889033450774447,female,85+
person_years_exposure,county,15,998.1222833780174,911.7928334648933,1082.6534127457992,male,0-17
person_years_exposure,county,15,1082.5057197950944,999.8827382750521,1165.1930181469427,male,18-44
person_years_exposure,county,15,1162.401442884311,1070.8576168758234,1255.4516327524827,male,45-64
person_years_exposure,county,15,406.73955466777755,343.47944314159474,456.86133830372876,male,65-74
person_years_exposure,county,15,71.38859741423823,47.027080234458055,90.0861606541159,male,75-84
person_years_exposure,county,15,3.512134975431882,0.04282895472555178,6.931075209387914,male,85+
person_years_exposure,county,15,2244.9071626794057,2074.375142635264,2417.619310228518,male,18-64
person_years_exposure,county,15,481.64028705744767,396.25363840726374,549.6214631027468,male,65+
mortality_rate,county,15,0.008577629795544307,0.0019054556666121304,0.019694104638006388,male,0-17
mortality_rate,county,15,0.001509143252511489,0.0,0.0042766311903199095,male,18-44
mortality_rate,county,15,0.010087380748947503,0.002551220741295252,0.022477245877790236,male,45-64
mortality_rate,county,15,0.05014098248422779,0.015018129059605726,0.11439802355417053,male,65-74
mortality_rate,county,15,0.10789847462244706,0.028035591590579195,0.27991034719518876,male,75-84
mortality_rate,county,15,0.09301969279541521,0.0,0.6741462669051974,male,85+
qualifying_event_rate,county,15,0.030101588403814016,0.018435438666784577,0.04428218509628053,male,0-17
qualifying_event_rate,county,15,0.03583248445987999,0.022583779198039146,0.05122897022035461,male,18-44
qualifying_event_rate,county,15,0.04966479223152411,0.03312483567055911,0.07031428562090963,male,45-64
qualifying_event_rate,county,15,0.06405137601495513,0.03994445381748145,0.09230665395113032,male,65-74
qualifying_event_rate,county,15,0.057038041996894856,0.01502233676719132,0.10698631297926714,male,75-84
qualifying_event_rate,county,15,0.022814521946700098,0.0,0.19424960544175393,male,85+
person_years_exposure,county,15,1173.1481988268251,1070.4189085695648,1271.187309060015,female,0-17
person_years_exposure,county,15,1234.9151912482916,1141.3999620363802,1329.6751769247635,female,18-44
person_years_exposure,county,15,1122.6450225321735,1029.3526472305095,1215.1439875654457,female,45-64
person_years_exposure,county,15,336.5324103336677,284.4716798219884,379.07207438973944,female,65-74
person_years_exposure,county,15,88.42790713920718,58.4808066805256,111.74674554560822,female,75-84
person_years_exposure,county,15,8.166900870939982,2.9900251442533117,13.260673849171832,female,85+
person_years_exposure,county,15,2357.5602137804653,2175.780535758511,2541.6133103517677,female,18-64
person_years_exposure,county,15,433.12721834381483,354.4647372598621,496.58403741560153,female,65+
mortality_rate,county,15,0.010618463432375649,0.002543358821111779,0.02314182765723588,female,0-17
mortality_rate,county,15,0.001090503782805306,0.0,0.003347688200447479,female,18-44
mortality_rate,county,15,0.012632346236224081,0.0035947563501615752,0.027572853456639335,female,45-64
mortality_rate,county,15,0.04815750678813525,0.013986527289421206,0.110456133370148,female,65-74
mortality_rate,county,15,0.12012300193911764,0.03584529523199102,0.2975972604827712,female,75-84
mortality_rate,county,15,0.13115217268192594,0.0,0.5832639191855279,female,85+
qualifying_event_rate,county,15,0.02917663400006009,0.018161764837347154,0.042717031041523953,female,0-17
qualifying_event_rate,county,15,0.03697142456120119,0.02408172719050285,0.05206288609726273,female,18-44
qualifying_event_rate,county,15,0.04802105809454778,0.03232796954514576,0.06648732954211573,female,45-64
qualifying_event_rate,county,15,0.06023976800799258,0.03506052700607595,0.0898102768132076,female,65-74
qualifying_event_rate,county,15,0.07204181830112448,0.029637653947354937,0.12047401699102821,female,75-84
qualifying_event_rate,county,15,0.04397587584856606,0.0,0.17969204803958183,female,85+
person_years_exposure,county,16,719.2279742579665,656.473051071078,779.9553933019123,male,0-17
person_years_exposure,county,16,855.9454895106848,790.1556804934678,922.9913154864549,male,18-44
person_years_exposure,county,16,737.7977043493515,678.2945770691041,795.4848710014089,male,45-64
person_years_exposure,county,16,232.26314133798354,195.20129292289494,262.90729380521555,male,65-74
person_years_exposure,county,16,78.26805749627084,53.22580062762444,98.24983506851311,male,75-84
person_years_exposure,county,16,6.325855246155196,2.1831739623439916,10.118102679250693,male,85+
person_years_exposure,county,16,1593.7431938600362,1471.719970272568,1716.0516958159892,male,18-64
person_years_exposure,county,16,316.85705408040957,256.37891589757874,365.3870885739365,male,65+
mortality_rate,county,16,0.008571066479456695,0.0013832196190446254,0.020051780804590795,male,0-17
mortality_rate,county,16,0.0015225533310479953,0.0,0.004597253316285003,male,18-44
mortality_rate,county,16,0.009880018073433153,0.002541184867869145,0.022582664551419464,male,45-64
mortality_rate,county,16,0.05073564255945053,0.01383611895423742,0.11984958397218051,male,65-74
mortality_rate,county,16,0.1046429804510243,0.027106577630030052,0.25912207860095593,male,75-84
mortality_rate,county,16,0.13839671219920902,0.0,0.6804887978331476,male,85+
qualifying_event_rate,county,16,0.02710017942736491,0.015729324626836617,0.04071779278159686,male,0-17
qualifying_event_rate,county,16,0.0319191730425566,0.01902586123463332,0.04701842012939212,male,18-44
qualifying_event_rate,county,16,0.044299339296301476,0.0281558491104526,0.06374506916434731,male,45-64
qualifying_event_rate,county,16,0.05794327659950932,0.030995641272618123,0.0882199715868974,male,65-74
qualifying_event_rate,county,16,0.05107538883282907,0.012990168314591065,0.09920634751000931,male,75-84
qualifying_event_rate,county,16,0.02299640448208535,0.0,0.1490147462264478,male,85+
person_years_exposure,county,16,639.3872739072503,582.0876849716494,696.5742575101102,female,0-17
person_years_exposure,county,16,729.5153657651621,673.5312522248455,785.5203236086202,female,18-44
person_years_exposure,county,16,723.2964147970595,663.534020729681,783.3633747846573,female,45-64
person_years_exposure,county,16,157.1407294402472,132.28512148166195,178.55170541901356,female,65-74
person_years_exposure,county,16,54.473561953652734,35.38511464588413,69.73377437573382,female,75-84
person_years_exposure,county,16,3.3547570899989925,0.03651613355684664,7.1422683043508215,female,85+
person_years_exposure,county,16,1452.8117805622214,1338.6897895280813,1567.2620516470995,female,18-64
person_years_exposure,county,16,214.96904848389894,170.74946349153566,249.3350083324102,female,65+
mortality_rate,county,16,0.010583970645815758,0.001611175765438752,0.024360810548181844,female,0-17
mortality_rate,county,16,0.0010380941956331915,0.0,0.00397714561086294,female,18-44
mortality_rate,county,16,0.01198872458185586,0.0026973447481380346,0.02758978037836614,female,45-64
mortality_rate,county,16,0.047101063835284764,0.011401460911882745,0.11027478265497538,female,65-74
mortality_rate,county,16,0.12572360255769358,0.02944724454147852,0.34077256768393205,female,75-84
mortality_rate,county,16,0.11575068999844321,0.0,0.7213830652928508,female,85+
qualifying_event_rate,county,16,0.026184103216048096,0.014284844398152504,0.03970216888718119,female,0-17
qualifying_event_rate,county,16,0.03258946374328517,0.01885048793652564,0.04793246218730199,female,18-44
qualifying_event_rate,county,16,0.04310378413341072,0.02830423740830899,0.06250467431959707,female,45-64
qualifying_event_rate,county,16,0.053925547881296575,0.025989918127917188,0.08593805729892802,female,65-74
qualifying_event_rate,county,16,0.06824399803278285,0.01845851975444875,0.13005968760103667,female,75-84
qualifying_event_rate,county,16,0.036199685851440094,0.0,0.24163922939448473,female,85+
person_years_exposure,county,17,2176.9828586653744,1964.2799261377002,2387.9292111592295,male,0-17
person_years_exposure,county,17,2289.24572903599,2098.813331299982,2502.0983302563573,male,18-44
person_years_exposure,county,17,1985.9711249571778,1809.136091327476,2172.0167029379786,male,45-64
person_years_exposure,county,17,560.16052439355,475.3491382082097,633.0431449731689,male,65-74
person_years_exposure,county,17,178.12561035458154,128.09272544436968,216.85478260014102,male,75-84
person_years_exposure,county,17,21.201818131766146,8.282080700485935,33.04028684638518,male,85+
person_years_exposure,county,17,4275.216853993168,3911.982839130279,4669.039720242197,male,18-64
person_years_exposure,county,17,759.4879528798976,619.4731661154536,875.4567933406248,male,65+
mortality_rate,county,17,0.012309180521719013,0.0039000000777844354,0.026277621339862323,male,0-17
mortality_rate,county,17,0.0014589275880865882,0.0,0.003537334103579716,male,18-44
mortality_rate,county,17,0.010371824782545187,0.0031477496246012635,0.022603847680574423,male,45-64
mortality_rate,county,17,0.05139457920854132,0.016650159498544877,0.11451937224198955,male,65-74
mortality_rate,county,17,0.0929518015056951,0.02919871876277072,0.2254706154890644,male,75-84
mortality_rate,county,17,0.13314254181509833,0.0,0.465916895480828,male,85+
qualifying_event_rate,county,17,0.03899529548698152,0.02688816749052494,0.05418761074651979,male,0-17
qualifying_event_rate,county,17,0.047750614133277414,0.03345709834628879,0.0652212875404039,male,18-44
qualifying_event_rate,county,17,0.06053718311682016,0.042646571846540235,0.08233202085579137,male,45-64
qualifying_event_rate,county,17,0.08128887594752264,0.05493036864370584,0.11416667821286523,male,65-74
qualifying_event_rate,county,17,0.06682068589140268,0.03508162809032347,0.10426707145555007,male,75-84
qualifying_event_rate,county,17,0.03809828497859216,0.0,0.11897304774851271,male,85+
person_years_exposure,county,17,1972.4031042409235,1799.3341455756863,2159.2079483400166,female,0-17
person_years_exposure,county,17,2400.5440368349464,2198.799413321721,2619.8608663517575,female,18-44
person_years_exposure,county,17,1963.9690502749788,1785.1889458646774,2144.99438634865,female,45-64
person_years_exposure,county,17,564.4775999265297,480.802928918278,636.688893618306,female,65-74
person_years_exposure,county,17,131.20244488146352,87.91301778956576,164.77161368657482,female,75-84
person_years_exposure,county,17,9.599033346526554,3.459061994634366,15.632765153458381,female,85+
person_years_exposure,county,17,4364.513087109925,3991.1753121220204,4760.026592533237,female,18-64
person_years_exposure,county,17,705.2790781545198,579.5611734682293,811.2226071527597,female,65+
mortality_rate,county,17,0.005715337394527361,0.0014964611799859757,0.012575149335358608,female,0-17
mortality_rate,county,17,0.0011539132333111444,0.0,0.0029373773662415576,female,18-44
mortality_rate,county,17,0.012335511344543844,0.0037836449999242815,0.026680490961895287,female,45-64
mortality_rate,county,17,0.045793921659254784,0.014733146198669484,0.1027265614131281,female,65-74
mortality_rate,county,17,0.12358894982562443,0.03877761386708827,0.3062788921455125,female,75-84
mortality_rate,county,17,0.1443547339890863,0.0,0.5992562392482826,female,85+
qualifying_event_rate,county,17,0.038305410681543584,0.026066766898943577,0.053843792346836616,female,0-17
qualifying_event_rate,county,17,0.045721859830826245,0.03201651504901927,0.06286941283615743,female,18-44
qualifying_event_rate,county,17,0.05876771262451418,0.041470774337061825,0.08004692534047836,female,45-64
qualifying_event_rate,county,17,0.08679959337368293,0.06003382671057592,0.11986968742510315,female,65-74
qualifying_event_rate,county,17,0.05348535872854804,0.022890565000526,0.0927560101967234,female,75-84
qualifying_event_rate,county,17,0.0604391686842022,0.0,0.21150369508121414,female,85+
person_years_exposure,state,0,5465.274274522446,4826.696585708049,6269.038896705712,male,0-17
person_years_exposure,state,0,5716.511388652484,5054.746543936939,6529.545876710713,male,18-44
person_years_exposure,state,0,4695.590786142902,4155.23503608726,5362.121713326069,male,45-64
person_years_exposure,state,0,1161.716734026285,971.3348566978558,1359.7238188358037,male,65-74
person_years_exposure,state,0,380.04228420127515,255.76396760148725,479.7264443466828,male,75-84
person_years_exposure,state,0,20.831517644440666,9.690040058077168,31.259392031263214,male,85+
person_years_exposure,state,0,10412.102174795386,9210.203856477918,11878.129534702131,male,18-64
person_years_exposure,state,0,1562.5905358720008,1240.173695896219,1859.1630576087252,male,65+
mortality_rate,state,0,0.02005479962454899,0.007136935845534802,0.04255464221009153,male,0-17
mortality_rate,state,0,0.0013278763561230889,0.00019782783596835222,0.003082910752788073,male,18-44
mortality_rate,state,0,0.010214140875049918,0.0034966829378708744,0.021593919731350004,male,45-64
mortality_rate,state,0,0.05138366584418848,0.018148711127577315,0.11319182914761844,male,65-74
mortality_rate,state,0,0.11804657732387569,0.04238961493410635,0.2857034551287894,male,75-84
mortality_rate,state,0,0.14032626640488813,0.03056287936836417,0.43684281848934153,male,85+
qualifying_event_rate,state,0,0.03666267637569908,0.02557652380938023,0.05019629657696479,male,0-17
qualifying_event_rate,state,0,0.042604877865669875,0.030607999059224823,0.05813487686906936,male,18-44
qualifying_event_rate,state,0,0.05969404935204028,0.04306119348740468,0.0803714119133406,male,45-64
qualifying_event_rate,state,0,0.06891992457576879,0.048663861877414824,0.09456539341085347,male,65-74
qualifying_event_rate,state,0,0.07658407290293381,0.048525201098820685,0.11326269174968166,male,75-84
qualifying_event_rate,state,0,0.03590396770266827,0.0,0.11586297561070442,male,85+
person_years_exposure,state,0,5067.371590850118,4495.0820416419965,5765.231077070965,female,0-17
person_years_exposure,state,0,5726.148410683942,5067.839764870707,6521.745305552587,female,18-44
person_years_exposure,state,0,4730.031385827127,4199.831684441668,5403.630638629684,female,45-64
person_years_exposure,state,0,1203.7359566704376,1010.0479334339717,1405.2610083715567,female,65-74
person_years_exposure,state,0,309.24727568336596,201.89445664265273,401.3340168475556,female,75-84
person_years_exposure,state,0,22.588660203824745,10.591519492733338,34.4729110887682,female,85+
person_years_exposure,state,0,10456.179796511069,9266.241385816122,11914.605148539915,female,18-64
person_years_exposure,state,0,1535.5718925576282,1231.295459135213,1830.629265331569,female,65+
mortality_rate,state,0,0.005982765224084138,0.001911078323851874,0.012697162232249566,female,0-17
mortality_rate,state,0,0.001021305092326709,0.0001717156411725623,0.002389365114338865,female,18-44
mortality_rate,state,0,0.01151365741476507,0.003929656768245926,0.023898608246495492,female,45-64
mortality_rate,state,0,0.04909519671613848,0.016753215166872684,0.10693438676278967,female,65-74
mortality_rate,state,0,0.13640839570963884,0.047894847480744504,0.33242989658847877,female,75-84
mortality_rate,state,0,0.16293546186125987,0.030283345716324916,0.4820851576827456,female,85+
qualifying_event_rate,state,0,0.036740397414296654,0.025929838498139297,0.050232621669658646,female,0-17
qualifying_event_rate,state,0,0.04896687641545244,0.03532250531053568,0.06592959096310537,female,18-44
qualifying_event_rate,state,0,0.05999088925979291,0.04312244813950653,0.08094916333455686,female,45-64
qualifying_event_rate,state,0,0.07805002576211711,0.05544099497977423,0.1063259213408638,female,65-74
qualifying_event_rate,state,0,0.07795821014041389,0.048068064652942645,0.11802187371467246,female,75-84
qualifying_event_rate,state,0,0.06124528963353851,0.0,0.15256390962569186,female,85+
person_years_exposure,state,1,10369.744342431097,8910.07832760165,11769.868591172937,male,0-17
person_years_exposure,state,1,12610.489605523564,11271.397183709358,14079.001921364674,male,18-44
person_years_exposure,state,1,10827.134032380814,9674.147810466291,12088.392360694945,male,45-64
person_years_exposure,state,1,2660.9230971579414,2253.8189778745536,3039.512384776358,male,65-74
person_years_exposure,state,1,902.8214776149646,643.8876881351239,1108.1228569156776,male,75-84
person_years_exposure,state,1,63.612749925108915,32.95195025078664,91.38677912300464,male,85+
person_years_exposure,state,1,23437.623637904377,20955.22134365224,26146.64743523351,male,18-64
person_years_exposure,state,1,3627.357324698015,2942.408039385893,4216.749765234189,male,65+
mortality_rate,state,1,0.04104946152165067,0.015015389079173486,0.08875443772402115,male,0-17
mortality_rate,state,1,0.0013718195682642382,0.0004064225730813927,0.002935855355769665,male,18-44
mortality_rate,state,1,0.010632687882323603,0.0038132293310350804,0.022181388727950186,male,45-64
mortality_rate,state,1,0.050356965938430635,0.01886361471879212,0.10931787744890334,male,65-74
mortality_rate,state,1,0.10738031675679628,0.04015888530975001,0.24769055557587674,male,75-84
mortality_rate,state,1,0.1531942278764314,0.05270480109672891,0.388397638500993,male,85+
qualifying_event_rate,state,1,0.031734068368809494,0.02302073182116345,0.04337855313122499,male,0-17
qualifying_event_rate,state,1,0.0421997352121778,0.03058285023061423,0.056990827603866825,male,18-44
qualifying_event_rate,state,1,0.05105170429617528,0.037204542751687074,0.06848591952561744,male,45-64
qualifying_event_rate,state,1,0.08417780861079535,0.062226674807668796,0.11201751139796216,male,65-74
qualifying_event_rate,state,1,0.052317802141501134,0.035369633077895216,0.07477285460603826,male,75-84
qualifying_event_rate,state,1,0.02243752984352394,0.0,0.059708169124812596,male,85+
person_years_exposure,state,1,11385.437570464252,10176.778464634765,12697.667705748272,female,0-17
person_years_exposure,state,1,13061.569833856622,11657.802766287732,14575.202278472823,female,18-44
person_years_exposure,state,1,10361.178122770581,9266.415816138657,11567.187674954153,female,45-64
person_years_exposure,state,1,2769.2247954991717,2353.3842032033385,3155.682336075946,female,65-74
person_years_exposure,state,1,829.0881918158553,570.2748511005689,1038.2427362398403,female,75-84
person_years_exposure,state,1,70.64187569572532,38.304377164595174,101.7199005284497,female,85+
person_years_exposure,state,1,23422.7479566272,20939.046107192862,26130.344060762134,female,18-64
person_years_exposure,state,1,3668.9548630107524,2982.1424338274032,4256.599213116856,female,65+
mortality_rate,state,1,0.0032476638679809883,0.0010692167491162317,0.006792783338734869,female,0-17
mortality_rate,state,1,0.0010688186333133872,0.0002984485723980979,0.0023795754096768745,female,18-44
mortality_rate,state,1,0.011806108713030233,0.004334374040514968,0.024421329396247613,female,45-64
mortality_rate,state,1,0.046038927484298636,0.017084175128947648,0.10013767620603148,female,65-74
mortality_rate,state,1,0.12502184801762425,0.04682766007028918,0.2963643772625531,female,75-84
mortality_rate,state,1,0.1425342362056603,0.04550115185143079,0.3528763676055869,female,85+
qualifying_event_rate,state,1,0.03733970729002601,0.026710934988141935,0.050517579409965485,female,0-17
qualifying_event_rate,state,1,0.04296100592814306,0.03134887549217795,0.05777593132374166,female,18-44
qualifying_event_rate,state,1,0.04869954480650539,0.035733513538376095,0.0652427325951254,female,45-64
qualifying_event_rate,state,1,0.06795748434522525,0.04921326780098655,0.09141292646102535,female,65-74
qualifying_event_rate,state,1,0.06923951284669609,0.047092105487408116,0.0994489784338804,female,75-84
qualifying_event_rate,state,1,0.038940021327064846,0.0,0.07980504918055628,female,85+
person_years_exposure,state,2,9225.06446623191,8472.19838533279,9963.740919578544,male,0-17
person_years_exposure,state,2,10695.773217882868,9886.930547448754,11513.832623204742,male,18-44
person_years_exposure,state,2,10146.96070842126,9364.458411447426,10938.316670689568,male,45-64
person_years_exposure,state,2,2878.518052362644,2465.1659302688463,3215.8252782534087,male,65-74
person_years_exposure,state,2,883.6433698639204,611.6605744987554,1074.086545549796,male,75-84
person_years_exposure,state,2,114.07751936442355,65.47772232588859,155.26325921980896,male,85+
person_years_exposure,state,2,20842.73392630413,19263.386484760096,22452.106862155466,male,18-64
person_years_exposure,state,2,3876.238941590988,3150.577367157883,4430.618572972122,male,65+
mortality_rate,state,2,0.008516248181410701,0.0030385904072850805,0.018055021623653147,male,0-17
mortality_rate,state,2,0.0015069246797303616,0.00045736655835407805,0.0032170682698576163,male,18-44
mortality_rate,state,2,0.009744838584373453,0.003519776091229992,0.02061800523771549,male,45-64
mortality_rate,state,2,0.05101946095194022,0.018991301548198645,0.11245955694986594,male,65-74
mortality_rate,state,2,0.10932107691897383,0.041998558267032415,0.2552246816107554,male,75-84
mortality_rate,state,2,0.15196849631253334,0.05650091358588536,0.37454860664378387,male,85+
qualifying_event_rate,state,2,0.027295780032269262,0.019373960272443175,0.03708491828856513,male,0-17
qualifying_event_rate,state,2,0.03251059791233435,0.023183510125365528,0.04402068022488887,male,18-44
qualifying_event_rate,state,2,0.04479234850635674,0.03219906587630957,0.060115098460776444,male,45-64
qualifying_event_rate,state,2,0.05889081550276405,0.0423473092292737,0.08057750313157251,male,65-74
qualifying_event_rate,state,2,0.05372046225719478,0.03509241773126259,0.07702809277710528,male,75-84
qualifying_event_rate,state,2,0.023682699254794437,0.0,0.05119554807284097,male,85+
person_years_exposure,state,2,9187.910043421161,8417.013229617878,9923.934151569547,female,0-17
person_years_exposure,state,2,10281.988039920625,9507.900338248273,11062.07027722785,female,18-44
person_years_exposure,state,2,10163.7011161284,9357.415328487521,10971.536885378042,female,45-64
person_years_exposure,state,2,2918.3754531022737,2496.4188514301513,3260.623124702157,female,65-74
person_years_exposure,state,2,883.7334480394533,600.0107383520425,1088.6772980845226,female,75-84
person_years_exposure,state,2,78.52502992483622,37.725212763184665,112.38395997479086,female,85+
person_years_exposure,state,2,20445.689156049026,18895.262331455135,22048.4275138398,female,18-64
person_years_exposure,state,2,3880.6339310665635,3162.78075437372,4434.707146739673,female,65+
mortality_rate,state,2,0.010611972209205225,0.0038340651657098363,0.022653738959317982,female,0-17
mortality_rate,state,2,0.0010547388190010343,0.0002723801656498972,0.0022996269014458606,female,18-44
mortality_rate,state,2,0.012207891128640357,0.004516213354429982,0.025574087328607217,female,45-64
mortality_rate,state,2,0.04867700192486757,0.018378942218265425,0.107365679220213,female,65-74
mortality_rate,state,2,0.12309551165238364,0.047469825404606,0.28977533774171793,female,75-84
mortality_rate,state,2,0.15478142050232063,0.05822269669017786,0.3934176548254977,female,85+
qualifying_event_rate,state,2,0.026564783126233095,0.018622884681332243,0.03629850473079847,female,0-17
qualifying_event_rate,state,2,0.03334178205862494,0.023446328635827338,0.04512460608656011,female,18-44
qualifying_event_rate,state,2,0.04385213291256996,0.03159341381778231,0.0589216995684067,female,45-64
qualifying_event_rate,state,2,0.056546121764581535,0.040409365436908984,0.07663569414251518,female,65-74
qualifying_event_rate,state,2,0.06913141272127063,0.047049111087350694,0.09778539234690808,female,75-84
qualifying_event_rate,state,2,0.040836368023074804,0.0,0.08239828561609334,female,85+
person_years_exposure,state,3,2774.227526522479,2606.6880288790653,2928.316246533056,male,0-17
person_years_exposure,state,3,3165.2893573723236,2970.955560129007,3340.229376541839,male,18-44
person_years_exposure,state,3,3413.706033562933,3204.010934238543,3610.049881815256,male,45-64
person_years_exposure,state,3,1038.2106089987883,887.5444955034767,1155.7554992563257,male,65-74
person_years_exposure,state,3,235.81843555488297,169.91020065476678,287.7058018954393,male,75-84
person_years_exposure,state,3,36.46686758835263,16.737697795689108,60.920803321044026,male,85+
person_years_exposure,state,3,6578.995390935257,6181.19896312083,6939.95374796406,male,18-64
person_years_exposure,state,3,1310.4959121420238,1080.6522167994776,1492.5337168465712,male,65+
mortality_rate,state,3,0.002276112202273196,0.00035823269666668663,0.005178914039103328,male,0-17
mortality_rate,state,3,0.0017848017747072204,0.0003108878984867406,0.0043377187738972795,male,18-44
mortality_rate,state,3,0.011588595562946178,0.0037828737945077174,0.024668325707166424,male,45-64
mortality_rate,state,3,0.050140754437449586,0.017301364869308722,0.11227224578987233,male,65-74
mortality_rate,state,3,0.10443851091641494,0.03553341240123085,0.251514380678919,male,75-84
mortality_rate,state,3,0.12673150936058813,0.026829639236231956,0.3648355319192862,male,85+
qualifying_event_rate,state,3,0.021613033568090134,0.014149834188526556,0.031172134648385134,male,0-17
qualifying_event_rate,state,3,0.028594442339531415,0.01964212536179452,0.03990153321816713,male,18-44
qualifying_event_rate,state,3,0.037198964080824085,0.02601851635286716,0.051131256993440025,male,45-64
qualifying_event_rate,state,3,0.048931051144683824,0.03297108830760804,0.06908857640571402,male,65-74
qualifying_event_rate,state,3,0.048097339600986014,0.023800294175097,0.07878368725877873,male,75-84
qualifying_event_rate,state,3,0.0246930507894409,0.0,0.07681226077815112,male,85+
person_years_exposure,state,3,2619.3510762756646,2290.0243241765224,2865.7391417203157,female,0-17
person_years_exposure,state,3,2930.9591364606094,2744.370959005458,3117.671024229662,female,18-44
person_years_exposure,state,3,3185.610910533983,2992.989874688573,3370.0218382679564,female,45-64
person_years_exposure,state,3,923.7356566841584,772.7360697443958,1040.4943793207851,female,65-74
person_years_exposure,state,3,215.0329170510118,130.8691115298247,279.9869518126596,female,75-84
person_years_exposure,state,3,22.07851064718091,8.384560639567454,39.562406575310455,female,85+
person_years_exposure,state,3,6116.570046994592,5747.9793877050315,6461.216975442219,female,18-64
person_years_exposure,state,3,1160.847084382351,920.8959537953627,1344.7698758505535,female,65+
mortality_rate,state,3,0.042450523544903015,0.015037409677247277,0.09465871443027177,female,0-17
mortality_rate,state,3,0.001038382621371256,0.0,0.0025488840777075244,female,18-44
mortality_rate,state,3,0.012041709872854009,0.004051313781065107,0.026340008468504653,female,45-64
mortality_rate,state,3,0.05954100961046899,0.02143279716477178,0.1352781189575128,female,65-74
mortality_rate,state,3,0.1324581309201586,0.046639938022287254,0.33195579737924286,female,75-84
mortality_rate,state,3,0.16359987245489693,0.030829621544844248,0.5412859656884077,female,85+
qualifying_event_rate,state,3,0.02118301776659614,0.01379128207215385,0.030483068681252275,female,0-17
qualifying_event_rate,state,3,0.02794507679815394,0.01872960423267199,0.03928799746349897,female,18-44
qualifying_event_rate,state,3,0.03725348749320327,0.025510573485559337,0.05162099710374098,female,45-64
qualifying_event_rate,state,3,0.04700537353538463,0.030767955500397032,0.06746037984894587,female,65-74
qualifying_event_rate,state,3,0.04748070434240351,0.022161974542740343,0.07785327653379308,female,75-84
qualifying_event_rate,state,3,0.03693080037953416,0.0,0.12036472595495708,female,85+
person_years_exposure,state,4,7075.7207473476965,6307.8018278954705,7860.179005407872,male,0-17
person_years_exposure,state,4,8071.863096659426,7208.340200846623,8991.938341072808,male,18-44
person_years_exposure,state,4,7091.064412724229,6329.724036111095,7891.169179197035,male,45-64
person_years_exposure,state,4,1963.360070918089,1646.1999506969078,2242.155341083353,male,65-74
person_years_exposure,state,4,436.6378370513884,289.01559980766035,553.0156498096333,male,75-84
person_years_exposure,state,4,21.853253939706075,10.046105420541776,32.86018964969574,male,85+
person_years_exposure,state,4,15162.927509383655,13547.987528179583,16891.478275199293,male,18-64
person_years_exposure,state,4,2421.8511619091832,1959.4008459441798,2811.0937326656413,male,65+
mortality_rate,state,4,0.0116929894606162,0.0040692802845887,0.024688040839367105,male,0-17
mortality_rate,state,4,0.0013085578723914847,0.00027723606782560715,0.002894749959365011,male,18-44
mortality_rate,state,4,0.01073196769757076,0.003806479374793884,0.02232006894911428,male,45-64
mortality_rate,state,4,0.05115215205348179,0.018340306082812122,0.11142719571720247,male,65-74
mortality_rate,state,4,0.13087070265949338,0.048569881285808754,0.318116141397879,male,75-84
mortality_rate,state,4,0.12388013461134632,0.017833520037208627,0.3879608427237302,male,85+
qualifying_event_rate,state,4,0.0193089870104347,0.013330006941229603,0.027085175161091785,male,0-17
qualifying_event_rate,state,4,0.027408577003933624,0.019553009300995915,0.037682136035385116,male,18-44
qualifying_event_rate,state,4,0.03407595130449101,0.02450818891406845,0.046588803013103426,male,45-64
qualifying_event_rate,state,4,0.04874257155756966,0.03432851049056883,0.06786990616834584,male,65-74
qualifying_event_rate,state,4,0.04596830922191091,0.026852331667839627,0.07171830525624409,male,75-84
qualifying_event_rate,state,4,0.028087052179250345,0.0,0.09915735084189496,male,85+
person_years_exposure,state,4,6840.9938460531985,6106.727825095107,7620.140287627461,female,0-17
person_years_exposure,state,4,7864.6491143100275,7023.624950906352,8774.989517138087,female,18-44
person_years_exposure,state,4,7134.175617825385,6370.547555697264,7929.844407718685,female,45-64
person_years_exposure,state,4,1698.9308078006266,1401.2395596563006,1952.4842619683102,female,65-74
person_years_exposure,state,4,460.5349865781856,296.5256704719395,589.2474522041656,female,75-84
person_years_exposure,state,4,45.00389801430199,21.06416942175645,68.0509978838328,female,85+
person_years_exposure,state,4,14998.824732135414,13400.847613104459,16714.205982255597,female,18-64
person_years_exposure,state,4,2204.469692393114,1734.626729856945,2598.512376516427,female,65+
mortality_rate,state,4,0.0010230290091969155,0.00015911822523332142,0.0023382549407282146,female,0-17
mortality_rate,state,4,0.0010524746405963692,0.00024172908569504962,0.0024175090959991825,female,18-44
mortality_rate,state,4,0.011790805313381178,0.004037877542805132,0.024844057467347736,female,45-64
mortality_rate,state,4,0.057398422081022506,0.020836846770964132,0.12489573757620481,female,65-74
mortality_rate,state,4,0.14011473063541233,0.0520679137003294,0.3421183935339671,female,75-84
mortality_rate,state,4,0.17045225745354092,0.052125658035212526,0.47738881829818797,female,85+
qualifying_event_rate,state,4,0.020543304709275588,0.014290780403557116,0.028692699958509964,female,0-17
qualifying_event_rate,state,4,0.026834440286375705,0.01903090904133617,0.03681405323021339,female,18-44
qualifying_event_rate,state,4,0.03483753732582746,0.025091014735160594,0.04745903709502321,female,45-64
qualifying_event_rate,state,4,0.04543729730740688,0.030967562823527143,0.06347036425559874,female,65-74
qualifying_event_rate,state,4,0.03288893473928461,0.017269962936321052,0.0528585379679504,female,75-84
qualifying_event_rate,state,4,0.03577144170498573,0.0,0.09299083381062186,female,85+
person_years_exposure,state,5,6182.163829386719,5597.9883705409575,6781.6203830765,male,0-17
person_years_exposure,state,5,6597.51985467978,6045.716192344461,7206.111014274745,male,18-44
person_years_exposure,state,5,5986.704161537756,5456.840139879134,6542.072915354456,male,45-64
person_years_exposure,state,5,1626.927310227302,1383.5906684288784,1832.4949684583341,male,65-74
person_years_exposure,state,5,560.839773804985,407.90280209770395,677.9375255507557,male,75-84
person_years_exposure,state,5,61.09815946783986,31.801921204484835,88.40403418165218,male,85+
person_years_exposure,state,5,12584.224016217537,11515.234583491614,13741.10064226375,male,18-64
person_years_exposure,state,5,2248.865243500127,1840.1508446914634,2590.6272161170705,male,65+
mortality_rate,state,5,0.012284584264654452,0.004217484761425542,0.025818375957823405,male,0-17
mortality_rate,state,5,0.0014437095383644442,0.000317861758619782,0.0032133000296947207,male,18-44
mortality_rate,state,5,0.010009566998690267,0.0033287212771065107,0.021044861622408168,male,45-64
mortality_rate,state,5,0.05117882068176622,0.018351444386328117,0.11213089863466304,male,65-74
mortality_rate,state,5,0.09497967477043,0.03345342432931511,0.22448111170848992,male,75-84
mortality_rate,state,5,0.14210113814300815,0.04398857573713759,0.36743955725619115,male,85+
qualifying_event_rate,state,5,0.030144683988176865,0.021461231183172412,0.0412959530412309,male,0-17
qualifying_event_rate,state,5,0.03678201469258921,0.026053633737768946,0.05001666524135463,male,18-44
qualifying_event_rate,state,5,0.04660015557130512,0.033600079258861035,0.06301483769095786,male,45-64
qualifying_event_rate,state,5,0.0638571448636822,0.04503913402484449,0.08724196641616093,male,65-74
qualifying_event_rate,state,5,0.051858595252249805,0.032430488173786264,0.07549682462041263,male,75-84
qualifying_event_rate,state,5,0.029594665040785294,0.0,0.07450382360673964,male,85+
person_years_exposure,state,5,6000.987407729264,5476.746591479983,6563.1122411420065,female,0-17
person_years_exposure,state,5,6984.3382672536645,6402.943781298591,7624.251939313331,female,18-44
person_years_exposure,state,5,5846.254611887736,5320.1861566213565,6384.327110828487,female,45-64
person_years_exposure,state,5,1707.1079365639894,1459.9864903643283,1920.9144627074654,female,65-74
person_years_exposure,state,5,500.24885394153307,343.9355202152821,621.9227074600707,female,75-84
person_years_exposure,state,5,55.094737268715846,25.63193122081785,83.18901788758124,female,85+
person_years_exposure,state,5,12830.5928791414,11735.65806771038,14009.548684655927,female,18-64
person_years_exposure,state,5,2262.4515277742385,1835.6295412049667,2605.7469080054934,female,65+
mortality_rate,state,5,0.005719355001402535,0.0018855693308534353,0.01209853115689139,female,0-17
mortality_rate,state,5,0.001136890766692817,0.00027305948327823034,0.00251150394865368,female,18-44
mortality_rate,state,5,0.01220675017918983,0.004294627551574435,0.02573657080245695,female,45-64
mortality_rate,state,5,0.04718017689383735,0.016440150644507007,0.10303337191934454,female,65-74
mortality_rate,state,5,0.12913559549660897,0.047867703337737676,0.31011738421212,female,75-84
mortality_rate,state,5,0.18220668786865662,0.061996221021275784,0.4943062941348511,female,85+
qualifying_event_rate,state,5,0.029110280995174053,0.020610193855634257,0.040225479439550064,female,0-17
qualifying_event_rate,state,5,0.03523054240135596,0.025333438245520305,0.04826861937227468,female,18-44
qualifying_event_rate,state,5,0.0454088467422701,0.032587490202375155,0.06165091631344557,female,45-64
qualifying_event_rate,state,5,0.06823270360040488,0.04898856556754132,0.09204869639041492,female,65-74
qualifying_event_rate,state,5,0.03987056099099221,0.023126759620233493,0.06090244086696783,female,75-84
qualifying_event_rate,state,5,0.04551391721438852,0.0,0.10154637425524174,female,85+
