estimand,level,unit,sex,age_band,estimate,lower,upper
children_under_16,county,0,,,1926.0,1906.74,1945.26
children_under_16,county,1,,,1373.0,1359.27,1386.73
children_under_16,county,2,,,297.0,294.03,299.97
children_under_16,county,3,,,339.0,335.61,342.39
children_under_16,county,4,,,604.0,597.96,610.04
children_under_16,county,5,,,1595.0000000000002,1579.0500000000002,1610.9500000000003
children_under_16,county,6,,,440.0,435.6,444.4
children_under_16,county,7,,,455.0,450.45,459.55
children_under_16,county,8,,,811.9999999999999,803.8799999999999,820.1199999999999
children_under_16,county,9,,,125.99999999999999,124.73999999999998,127.25999999999999
children_under_16,county,10,,,943.0000000000001,933.5700000000002,952.4300000000001
children_under_16,county,11,,,336.0,332.64,339.36
children_under_16,county,12,,,550.0,544.5,555.5
children_under_16,county,13,,,667.0,660.33,673.67
children_under_16,county,14,,,377.0,373.23,380.77
children_under_16,county,15,,,710.0,702.9,717.1
children_under_16,county,16,,,354.0,350.46,357.54
children_under_16,nation,0,,,11904.0,11784.96,12023.04
children_under_16,state,0,,,2593.0,2567.07,2618.93
children_under_16,state,1,,,2205.0,2182.95,2227.05
children_under_16,state,2,,,759.0,751.41,766.59
children_under_16,state,3,,,1151.0,1139.49,1162.51
children_under_16,state,4,,,604.0,597.96,610.04
children_under_16,state,5,,,4592.0,4546.08,4637.92
elders_65_plus,county,0,,,763.0,755.37,770.63
elders_65_plus,county,1,,,550.0,544.5,555.5
elders_65_plus,county,2,,,129.0,127.71,130.29
elders_65_plus,county,3,,,178.0,176.22,179.78
elders_65_plus,county,4,,,243.0,240.57,245.43
elders_65_plus,county,5,,,569.0,563.31,574.69
elders_65_plus,county,6,,,170.0,168.3,171.7
elders_65_plus,county,7,,,164.0,162.36,165.64
elders_65_plus,county,8,,,325.0,321.75,328.25
elders_65_plus,county,9,,,46.0,45.54,46.46
elders_65_plus,county,10,,,365.99999999999994,362.3399999999999,369.65999999999997
elders_65_plus,county,11,,,133.0,131.67,134.33
elders_65_plus,county,12,,,214.0,211.86,216.14
elders_65_plus,county,13,,,314.0,310.86,317.14
elders_65_plus,county,14,,,117.0,115.83,118.17
elders_65_plus,county,15,,,261.0,258.39,263.61
elders_65_plus,county,16,,,143.0,141.57,144.43
elders_65_plus,nation,0,,,4685.0,4638.15,4731.85
elders_65_plus,state,0,,,1077.0,1066.23,1087.77
elders_65_plus,state,1,,,831.0,822.69,839.31
elders_65_plus,state,2,,,308.0,304.92,311.08
elders_65_plus,state,3,,,503.0,497.97,508.03
elders_65_plus,state,4,,,243.0,240.57,245.43
elders_65_plus,state,5,,,1723.0,1705.77,1740.23
households,county,0,,,3852.0,3813.48,3890.52
households,county,1,,,2762.0,2734.38,2789.62
households,county,2,,,705.0,697.95,712.05
households,county,3,,,1009.0000000000001,998.9100000000001,1019.0900000000001
households,county,4,,,1493.0,1478.07,1507.93
households,county,5,,,3054.0,3023.46,3084.54
households,county,6,,,1038.0,1027.62,1048.38
households,county,7,,,1014.9999999999999,1004.8499999999999,1025.1499999999999
households,county,8,,,1755.0000000000002,1737.4500000000003,1772.5500000000002
households,county,9,,,314.0,310.86,317.14
households,county,10,,,2095.0,2074.05,2115.95
households,county,11,,,869.0,860.31,877.69
households,county,12,,,1390.0,1376.1,1403.9
households,county,13,,,1681.9999999999998,1665.1799999999998,1698.8199999999997
households,county,14,,,1001.9999999999999,991.9799999999999,1012.0199999999999
households,county,15,,,1573.0,1557.27,1588.73
households,county,16,,,879.0,870.21,887.79
households,nation,0,,,26487.0,26222.13,26751.87
households,state,0,,,5534.0,5478.66,5589.34
households,state,1,,,4779.0,4731.21,4826.79
households,state,2,,,1888.0,1869.12,1906.88
households,state,3,,,2764.0000000000005,2736.3600000000006,2791.6400000000003
households,state,4,,,1493.0,1478.07,1507.93
households,state,5,,,10029.0,9928.71,10129.29
low_income_household_share,county,0,,,0.0015774027289677801,0.0,0.01157740272896778
low_income_household_share,county,1,,,0.0021227631665990373,0.0,0.012122763166599038
low_income_household_share,county,2,,,0.002584368515511065,0.0,0.012584368515511065
low_income_household_share,county,3,,,0.0014229187007116068,0.0,0.011422918700711607
low_income_household_share,county,4,,,0.0015888603938759812,0.0,0.011588860393875982
low_income_household_share,county,5,,,0.0018216068776347562,0.0,0.011821606877634757
low_income_household_share,county,6,,,0.0018216068776347562,0.0,0.011821606877634757
low_income_household_share,county,7,,,0.0021227631665990373,0.0,0.012122763166599038
low_income_household_share,county,8,,,0.0014229187007116068,0.0,0.011422918700711607
low_income_household_share,county,9,,,0.002584368515511065,0.0,0.012584368515511065
low_income_household_share,county,10,,,0.0018216068776347562,0.0,0.011821606877634757
low_income_household_share,county,11,,,0.002584368515511065,0.0,0.012584368515511065
low_income_household_share,county,12,,,0.0018216068776347562,0.0,0.011821606877634757
low_income_household_share,county,13,,,0.0015774027289677801,0.0,0.01157740272896778
low_income_household_share,county,14,,,0.0021227631665990373,0.0,0.012122763166599038
low_income_household_share,county,15,,,0.0018216068776347562,0.0,0.011821606877634757
low_income_household_share,county,16,,,0.0018216068776347562,0.0,0.011821606877634757
low_income_household_share,nation,0,,,0.0018199894604824407,0.0,0.011819989460482442
low_income_household_share,state,0,,,0.0015774027289677801,0.0,0.01157740272896778
low_income_household_share,state,1,,,0.0021227631665990373,0.0,0.012122763166599038
low_income_household_share,state,2,,,0.002584368515511065,0.0,0.012584368515511065
low_income_household_share,state,3,,,0.001422918700711607,0.0,0.011422918700711607
low_income_household_share,state,4,,,0.001588860393875981,0.0,0.011588860393875982
low_income_household_share,state,5,,,0.0018216068776347562,0.0,0.011821606877634757
mean_income_adults,county,0,,,178.16090153563334,176.379292520277,179.94251055098968
mean_income_adults,county,1,,,137.2335926620272,135.86125673540693,138.6059285886475
mean_income_adults,county,2,,,137.5964731951311,136.22050846317978,138.9724379270824
mean_income_adults,county,3,,,234.75365772502792,232.40612114777764,237.1011943022782
mean_income_adults,county,4,,,147.81818033549095,146.33999853213604,149.29636213884586
mean_income_adults,county,5,,,167.59687982957576,165.92091103127999,169.27284862787153
mean_income_adults,county,6,,,167.59687982957576,165.92091103127999,169.27284862787153
mean_income_adults,county,7,,,137.2335926620272,135.86125673540693,138.6059285886475
mean_income_adults,county,8,,,234.75365772502792,232.40612114777764,237.1011943022782
mean_income_adults,county,9,,,137.5964731951311,136.22050846317978,138.9724379270824
mean_income_adults,county,10,,,167.59687982957576,165.92091103127999,169.27284862787153
mean_income_adults,county,11,,,137.5964731951311,136.22050846317978,138.9724379270824
mean_income_adults,county,12,,,167.59687982957576,165.92091103127999,169.27284862787153
mean_income_adults,county,13,,,178.16090153563334,176.379292520277,179.94251055098968
mean_income_adults,county,14,,,137.2335926620272,135.86125673540693,138.6059285886475
mean_income_adults,county,15,,,167.59687982957576,165.92091103127999,169.27284862787153
mean_income_adults,county,16,,,167.59687982957576,165.92091103127999,169.27284862787153
mean_income_adults,nation,0,,,168.06329165423756,166.38265873769518,169.74392457077994
mean_income_adults,state,0,,,178.16090153563334,176.379292520277,179.94251055098968
mean_income_adults,state,1,,,137.23359266202718,135.8612567354069,138.60592858864746
mean_income_adults,state,2,,,137.5964731951311,136.22050846317978,138.9724379270824
mean_income_adults,state,3,,,234.75365772502792,232.40612114777764,237.1011943022782
mean_income_adults,state,4,,,147.81818033549095,146.33999853213604,149.29636213884586
mean_income_adults,state,5,,,167.59687982957576,165.92091103127999,169.27284862787153
median_household_income,county,0,,,192.08896792383243,190.1680782445941,194.00985760307074
median_household_income,county,1,,,145.3486433942303,143.89515696028798,146.8021298281726
median_household_income,county,2,,,98.05961595999916,97.07901980039917,99.04021211959916
median_household_income,county,3,,,259.07096356952445,256.4802539338292,261.6616732052197
median_household_income,county,4,,,164.69411510584416,163.04717395478573,166.3410562569026
median_household_income,county,5,,,171.97630411632318,170.25654107515996,173.6960671574864
median_household_income,county,6,,,171.97630411632318,170.25654107515996,173.6960671574864
median_household_income,county,7,,,145.3486433942303,143.89515696028798,146.8021298281726
median_household_income,county,8,,,259.07096356952445,256.4802539338292,261.6616732052197
median_household_income,county,9,,,98.05961595999916,97.07901980039917,99.04021211959916
median_household_income,county,10,,,171.97630411632318,170.25654107515996,173.6960671574864
median_household_income,county,11,,,98.05961595999916,97.07901980039917,99.04021211959916
median_household_income,county,12,,,171.97630411632318,170.25654107515996,173.6960671574864
median_household_income,county,13,,,192.08896792383243,190.1680782445941,194.00985760307074
median_household_income,county,14,,,145.3486433942303,143.89515696028798,146.8021298281726
median_household_income,county,15,,,171.97630411632318,170.25654107515996,173.6960671574864
median_household_income,county,16,,,171.97630411632318,170.25654107515996,173.6960671574864
median_household_income,nation,0,,,33474.07,33139.3293,33808.8107
median_household_income,state,0,,,37566.9,37191.231,37942.569
median_household_income,state,1,,,28425.88,28141.6212,28710.1388
median_household_income,state,2,,,19177.55,18985.7745,19369.3255
median_household_income,state,3,,,50666.59,50159.9241,51173.2559
median_household_income,state,4,,,32209.28,31887.1872,32531.372799999997
median_household_income,state,5,,,33633.46,33297.1254,33969.7946
persons,county,0,,,7320.0,7246.8,7393.2
persons,county,1,,,5331.0,5277.69,5384.31
persons,county,2,,,1182.0,1170.18,1193.82
persons,county,3,,,1547.0,1531.53,1562.47
persons,county,4,,,2539.0,2513.61,2564.39
persons,county,5,,,5856.0,5797.44,5914.56
persons,county,6,,,1751.0,1733.49,1768.51
persons,county,7,,,1772.0,1754.28,1789.72
persons,county,8,,,3151.0,3119.49,3182.51
persons,county,9,,,456.00000000000006,451.44000000000005,460.56000000000006
persons,county,10,,,3675.9999999999995,3639.2399999999993,3712.7599999999998
persons,county,11,,,1323.0,1309.77,1336.23
persons,county,12,,,2175.0,2153.25,2196.75
persons,county,13,,,2755.0,2727.45,2782.55
persons,county,14,,,1498.9999999999998,1484.0099999999998,1513.9899999999998
persons,county,15,,,2820.0,2791.8,2848.2
persons,county,16,,,1374.0,1360.26,1387.74
persons,nation,0,,,46527.0,46061.73,46992.27
persons,state,0,,,10075.0,9974.25,10175.75
persons,state,1,,,8602.0,8515.98,8688.02
persons,state,2,,,2961.0,2931.39,2990.61
persons,state,3,,,4698.0,4651.02,4744.98
persons,state,4,,,2539.0,2513.61,2564.39
persons,state,5,,,17652.0,17475.48,17828.52
tertiary_share_25_plus,county,0,,,0.4262034514078111,0.41620345140781106,0.4362034514078111
tertiary_share_25_plus,county,1,,,0.40942609810836805,0.39942609810836804,0.41942609810836806
tertiary_share_25_plus,county,2,,,0.35919540229885055,0.34919540229885054,0.36919540229885056
tertiary_share_25_plus,county,3,,,0.36363636363636365,0.35363636363636364,0.37363636363636366
tertiary_share_25_plus,county,4,,,0.386875,0.376875,0.39687500000000003
tertiary_share_25_plus,county,5,,,0.3998211091234347,0.3898211091234347,0.4098211091234347
tertiary_share_25_plus,county,6,,,0.40019569471624267,0.39019569471624266,0.4101956947162427
tertiary_share_25_plus,county,7,,,0.38872970391595035,0.37872970391595034,0.39872970391595036
tertiary_share_25_plus,county,8,,,0.3882224645583424,0.3782224645583424,0.3982224645583424
tertiary_share_25_plus,county,9,,,0.40476190476190477,0.39476190476190476,0.4147619047619048
tertiary_share_25_plus,county,10,,,0.3994225216554379,0.3894225216554379,0.4094225216554379
tertiary_share_25_plus,county,11,,,0.3686176836861768,0.3586176836861768,0.3786176836861768
tertiary_share_25_plus,county,12,,,0.356071964017991,0.346071964017991,0.366071964017991
tertiary_share_25_plus,county,13,,,0.40332512315270935,0.39332512315270934,0.41332512315270936
tertiary_share_25_plus,county,14,,,0.3745743473325766,0.3645743473325766,0.3845743473325766
tertiary_share_25_plus,county,15,,,0.3974668275030157,0.3874668275030157,0.4074668275030157
tertiary_share_25_plus,county,16,,,0.40554156171284633,0.3955415617128463,0.41554156171284634
tertiary_share_25_plus,nation,0,,,0.3974416466082687,0.3874416466082687,0.4074416466082687
tertiary_share_25_plus,state,0,,,0.4199473924159693,0.4099473924159693,0.4299473924159693
tertiary_share_25_plus,state,1,,,0.39908934096795,0.38908934096795,0.40908934096795
tertiary_share_25_plus,state,2,,,0.37042269152498547,0.36042269152498546,0.3804226915249855
tertiary_share_25_plus,state,3,,,0.38012653051698414,0.37012653051698413,0.39012653051698415
tertiary_share_25_plus,state,4,,,0.386875,0.376875,0.39687500000000003
tertiary_share_25_plus,state,5,,,0.3944538492619222,0.38445384926192216,0.4044538492619222
person_years_exposure,county,0,male,0-17,5074.275192489211,4990.239058326906,5149.426884945331
person_years_exposure,county,0,male,18-44,5631.777338415222,5506.779327013121,5744.640707914909
person_years_exposure,county,0,male,45-64,5457.433788061759,5376.240021678711,5522.737903442747
person_years_exposure,county,0,male,65-74,1573.369013025336,1511.2819623156765,1623.7472753910538
person_years_exposure,county,0,male,75-84,597.1844059315333,550.6519322344334,637.5496336250388
person_years_exposure,county,0,male,85+,100.51673351173368,86.59877041942914,113.08190416244766
person_years_exposure,county,0,male,18-64,11089.211126476981,10903.108673370723,11258.031525674438
person_years_exposure,county,0,male,65+,2271.070152468603,2161.610919822678,2361.185053758042
mortality_rate,county,0,male,0-17,0.008854982334030268,0.005915262302541533,0.012632314971768786
mortality_rate,county,0,male,18-44,0.0077819432909846985,0.005138260205864744,0.01113743493292659
mortality_rate,county,0,male,45-64,0.010104659067624762,0.0067248891149482475,0.014476652719711595
mortality_rate,county,0,male,65-74,0.03194093845528833,0.021104733711850815,0.04619882866857482
mortality_rate,county,0,male,75-84,0.043170078037129744,0.02612604883317676,0.06568746789632185
mortality_rate,county,0,male,85+,0.029078956476919188,0.007731776874414557,0.06361139356073953
qualifying_event_rate,county,0,male,0-17,0.010050119155536602,0.006811512157783515,0.014069029984311657
qualifying_event_rate,county,0,male,18-44,0.01123472761314895,0.00763145229919781,0.015499065024103191
qualifying_event_rate,county,0,male,45-64,0.01200170953966117,0.00833940263053121,0.016697342805539705
qualifying_event_rate,county,0,male,65-74,0.02486671047596129,0.016359536968407848,0.035621282447477316
qualifying_event_rate,county,0,male,75-84,0.013356950417279493,0.005199362344620431,0.02269185015362536
qualifying_event_rate,county,0,male,85+,0.014022639650978583,0.0,0.0361309236930945
person_years_exposure,county,0,female,0-17,5214.885608203358,5134.519423185717,5287.054769661724
person_years_exposure,county,0,female,18-44,5336.878590223539,5258.107985132122,5406.304747683419
person_years_exposure,county,0,female,45-64,5422.463336731702,5297.222571213076,5537.666125607503
person_years_exposure,county,0,female,65-74,1631.8564883341198,1565.681378854313,1681.566505530551
person_years_exposure,county,0,female,75-84,477.36948858361785,435.9038657357997,510.0887446154953
person_years_exposure,county,0,female,85+,76.4160479806836,63.289390496762415,88.33171807758698
person_years_exposure,county,0,female,18-64,10759.34192695524,10567.789673431853,10933.441116688356
person_years_exposure,county,0,female,65+,2185.6420248984214,2083.9438122866677,2264.4511316254475
mortality_rate,county,0,female,0-17,0.008919591326093405,0.005882319400829925,0.01280446812544192
mortality_rate,county,0,female,18-44,0.007099681223432693,0.004501522827419605,0.010249455072971793
mortality_rate,county,0,female,45-64,0.01493074655439683,0.010384600140877347,0.020995969801920603
mortality_rate,county,0,female,65-74,0.03059267277446911,0.02021381712728569,0.04449111976778797
mortality_rate,county,0,female,75-84,0.05611832840253936,0.033373970587598945,0.0868390869969322
mortality_rate,county,0,female,85+,0.027644647898321984,0.0,0.0689718010475325
qualifying_event_rate,county,0,female,0-17,0.008975115224986703,0.0059452250151618554,0.012647444927543324
qualifying_event_rate,county,0,female,18-44,0.014576400634493657,0.01029210332648498,0.020259952771459245
qualifying_event_rate,county,0,female,45-64,0.02073892393623467,0.014818016155347245,0.028107127286110357
qualifying_event_rate,county,0,female,65-74,0.029510699566272086,0.01997050252808181,0.04109476072029868
qualifying_event_rate,county,0,female,75-84,0.016586228358890898,0.00633082841370055,0.02774971001183588
qualifying_event_rate,county,0,female,85+,0.014573927166797476,0.0,0.039871644478743175
person_years_exposure,county,1,male,0-17,3528.6145800097065,3469.346167155434,3581.6218365197824
person_years_exposure,county,1,male,18-44,4319.741677150273,4234.166446348623,4409.724581950529
person_years_exposure,county,1,male,45-64,3546.28441310081,3454.525381749515,3620.453065374227
person_years_exposure,county,1,male,65-74,907.183350379472,853.0945018472756,953.3460320271847
person_years_exposure,county,1,male,75-84,358.9702886273982,318.2386840199354,395.5747005670361
person_years_exposure,county,1,male,85+,70.80601202060171,54.28872853591847,87.86180496674322
person_years_exposure,county,1,male,18-64,7866.026090251084,7703.874909452823,8007.77694373925
person_years_exposure,county,1,male,65+,1336.9596510274719,1239.6321666305105,1421.3615966550904
mortality_rate,county,1,male,0-17,0.006565187299355396,0.003863333042969905,0.010011484079073145
mortality_rate,county,1,male,18-44,0.011397188497792043,0.007499341343570782,0.016551813589658473
mortality_rate,county,1,male,45-64,0.02124927057538514,0.014633980302888573,0.030014545214726362
mortality_rate,county,1,male,65-74,0.04537568120356397,0.028577628536777967,0.06672596592462363
mortality_rate,county,1,male,75-84,0.06753499621633904,0.039474351803597076,0.10622296974732318
mortality_rate,county,1,male,85+,0.04303941650323704,0.01120523975118228,0.0949585877233923
qualifying_event_rate,county,1,male,0-17,0.009917523264159877,0.006384389417861222,0.014041269287412624
qualifying_event_rate,county,1,male,18-44,0.012608469696081618,0.008578653714474811,0.017396537373361685
qualifying_event_rate,county,1,male,45-64,0.015178738851612191,0.010343762030265928,0.02102940218869935
qualifying_event_rate,county,1,male,65-74,0.023879501236920186,0.014165931944323456,0.03551593093497219
qualifying_event_rate,county,1,male,75-84,0.0170188242876749,0.0059271503407855464,0.029932086853714204
qualifying_event_rate,county,1,male,85+,0.013496920008595193,0.0,0.04108459265781818
person_years_exposure,county,1,female,0-17,3241.8927937945714,3172.928997596625,3302.5664597402065
person_years_exposure,county,1,female,18-44,3957.1860542116497,3860.323699614008,4054.822419837542
person_years_exposure,county,1,female,45-64,3553.4951285869856,3460.145283767762,3639.181590949598
person_years_exposure,county,1,female,65-74,999.5578450051191,936.3373115509752,1050.9248136848075
person_years_exposure,county,1,female,75-84,368.0420272906475,331.20128928496814,400.3053045150358
person_years_exposure,county,1,female,85+,45.41800697125237,32.103470241480544,58.64603109386664
person_years_exposure,county,1,female,18-64,7510.681182798635,7325.984039589882,7688.099135522107
person_years_exposure,county,1,female,65+,1413.017879267019,1312.248561460777,1495.108154211931
mortality_rate,county,1,female,0-17,0.010295815380258701,0.0064852008697462655,0.015268042917116203
mortality_rate,county,1,female,18-44,0.008924996350919878,0.005795973581973324,0.013061858120974674
mortality_rate,county,1,female,45-64,0.01160045714911156,0.007461267094845565,0.016704023070865014
mortality_rate,county,1,female,65-74,0.05056923443959477,0.033693105336867625,0.07496314587943986
mortality_rate,county,1,female,75-84,0.05604148578221731,0.03186632794578042,0.0881548141355467
mortality_rate,county,1,female,85+,0.016396528863167035,0.0,0.053123359195495025
qualifying_event_rate,county,1,female,0-17,0.015294914363350169,0.010510560550568003,0.0214361156358837
qualifying_event_rate,county,1,female,18-44,0.013588313422304413,0.009179906509043188,0.019001138495870953
qualifying_event_rate,county,1,female,45-64,0.016312202474947357,0.011332084542875584,0.022660747453010686
qualifying_event_rate,county,1,female,65-74,0.016835568930894457,0.0091110333557814,0.025932589980353957
qualifying_event_rate,county,1,female,75-84,0.0184929860285674,0.0077703224680082394,0.03236928381541934
qualifying_event_rate,county,1,female,85+,0.013321184042558517,0.0,0.04725363908187885
person_years_exposure,county,2,male,0-17,651.7093453195919,622.3925824931232,682.1651765718065
person_years_exposure,county,2,male,18-44,828.4779928083345,792.7924159382878,870.9803255898913
person_years_exposure,county,2,male,45-64,821.8449508443564,779.2149187313332,868.891942807422
person_years_exposure,county,2,male,65-74,200.09783302870864,181.52088029091976,218.07076826080865
person_years_exposure,county,2,male,75-84,65.29895401706244,53.511078548835556,77.01571553838752
person_years_exposure,county,2,male,85+,51.045796591185656,3.950741258143624,177.57261796122947
person_years_exposure,county,2,male,18-64,1650.3229436526908,1576.3142706711283,1733.7586783840868
person_years_exposure,county,2,male,65+,316.4425836369567,248.21760311002768,458.7235864816256
mortality_rate,county,2,male,0-17,0.01552898100389364,0.007293054469103423,0.026216997678276812
mortality_rate,county,2,male,18-44,0.010646405307763616,0.004726428139858789,0.018236445557650156
mortality_rate,county,2,male,45-64,0.0134647270843253,0.0061853573737501106,0.022126836620966484
mortality_rate,county,2,male,65-74,0.030059983629235138,0.009792332559662232,0.05572058859361159
mortality_rate,county,2,male,75-84,0.037481365816688685,0.0,0.08908305304007044
mortality_rate,county,2,male,85+,0.005209259970913101,0.0,0.035827023844940034
qualifying_event_rate,county,2,male,0-17,0.016312360132921186,0.007840124459761356,0.026569550220321904
qualifying_event_rate,county,2,male,18-44,0.018484839628181378,0.009994872403112455,0.02858174856007221
qualifying_event_rate,county,2,male,45-64,0.029194270814524845,0.0178994642967638,0.04243269220064751
qualifying_event_rate,county,2,male,65-74,0.021320998097752546,0.00503768999246749,0.04084517381034982
qualifying_event_rate,county,2,male,75-84,0.014294654369012463,0.0,0.04304506097748388
qualifying_event_rate,county,2,male,85+,0.009154696303880612,0.0,0.05966357609379304
person_years_exposure,county,2,female,0-17,695.9175573562525,663.7399350703587,725.8185666218959
person_years_exposure,county,2,female,18-44,811.3707141069926,786.7969776036363,835.7081716754251
person_years_exposure,county,2,female,45-64,762.9004542921435,737.7301232658899,786.9979075664535
person_years_exposure,county,2,female,65-74,228.77293933534713,204.89813336646668,250.51945595604985
person_years_exposure,county,2,female,75-84,57.392039581632886,43.29080968651569,73.96770934499142
person_years_exposure,county,2,female,85+,10.365996402611563,5.05396757341843,17.194528587315595
person_years_exposure,county,2,female,18-64,1574.271168399136,1531.4892760991277,1617.0032988776245
person_years_exposure,county,2,female,65+,296.5309753195916,260.3402969432895,333.821562866017
mortality_rate,county,2,female,0-17,0.005396755767740892,0.001396886300958303,0.010478938582311295
mortality_rate,county,2,female,18-44,0.013720256974526208,0.006151460917084646,0.022783066498765176
mortality_rate,county,2,female,45-64,0.007992728560710722,0.002589695040215187,0.01464934515505728
mortality_rate,county,2,female,65-74,0.05240476377958244,0.025658531405331537,0.08648875658641555
mortality_rate,county,2,female,75-84,0.03444104798419224,0.0,0.08349425989427993
mortality_rate,county,2,female,85+,0.006503042619975418,0.0,0.06718297237679238
qualifying_event_rate,county,2,female,0-17,0.016127377736455735,0.008204847240151343,0.025247518928846746
qualifying_event_rate,county,2,female,18-44,0.01592789283111505,0.008504040425675827,0.024813980582253883
qualifying_event_rate,county,2,female,45-64,0.028659690695185442,0.017204992188890725,0.04264659729952027
qualifying_event_rate,county,2,female,65-74,0.023950946420551303,0.008544907605374087,0.04267174087185563
qualifying_event_rate,county,2,female,75-84,0.017054014996246956,0.0,0.0491477649296413
qualifying_event_rate,county,2,female,85+,0.009322912788950566,0.0,0.06814122181550535
person_years_exposure,county,3,male,0-17,863.2166349207541,824.5796920290989,902.1905300702225
person_years_exposure,county,3,male,18-44,1074.8429273764507,1036.6525848099675,1115.4358785649467
person_years_exposure,county,3,male,45-64,1287.3626771346935,1242.0041036320117,1328.8972406838727
person_years_exposure,county,3,male,65-74,319.1887612811014,294.99781653675194,343.44920223745993
person_years_exposure,county,3,male,75-84,103.74188914231667,89.29821503720324,116.78149067565444
person_years_exposure,county,3,male,85+,16.37026030982332,11.110497664233767,21.426560189574115
person_years_exposure,county,3,male,18-64,2362.205604511144,2284.067606433797,2439.0883822372425
person_years_exposure,county,3,male,65+,439.3009107332414,403.27655268603434,473.0090163860366
mortality_rate,county,3,male,0-17,0.00829134457442083,0.0033945449953946398,0.014467048700165313
mortality_rate,county,3,male,18-44,0.011174337088599615,0.005506838617696673,0.0183698902997258
mortality_rate,county,3,male,45-64,0.016763013646652527,0.009296252001590538,0.02584466135315298
mortality_rate,county,3,male,65-74,0.03509400391033178,0.01772637657301917,0.05815615353126883
mortality_rate,county,3,male,75-84,0.0467092522122428,0.015707547896376038,0.09139105702201321
mortality_rate,county,3,male,85+,0.0062485606671662175,0.0,0.062239566318170535
qualifying_event_rate,county,3,male,0-17,0.019632691191772283,0.010613192724417313,0.029736242522637516
qualifying_event_rate,county,3,male,18-44,0.023962378939749434,0.014927220216521625,0.03497522388958742
qualifying_event_rate,county,3,male,45-64,0.024883570307319344,0.016197772886020992,0.035856048037904625
qualifying_event_rate,county,3,male,65-74,0.03429838639334196,0.017029129033110598,0.05502062581000841
qualifying_event_rate,county,3,male,75-84,0.02642090400380204,0.0,0.054151215563319366
qualifying_event_rate,county,3,male,85+,0.013664713194358434,0.0,0.06924157904337745
person_years_exposure,county,3,female,0-17,841.4699114041108,810.6774924355434,873.0075443052544
person_years_exposure,county,3,female,18-44,1085.1927548666952,1052.9179252221013,1120.2964200279318
person_years_exposure,county,3,female,45-64,1183.343994491127,1136.6239442428566,1226.7945398822171
person_years_exposure,county,3,female,65-74,335.3595021436974,312.5962112484122,357.25086387730954
person_years_exposure,county,3,female,75-84,156.91890754639402,139.4151716497673,174.0336862938488
person_years_exposure,county,3,female,85+,7.850322423754211,5.068400714732678,9.321550802818436
person_years_exposure,county,3,female,18-64,2268.5367493578224,2195.8895128302984,2337.509089792769
person_years_exposure,county,3,female,65+,500.1287321138456,464.392076326949,534.6781558720776
mortality_rate,county,3,female,0-17,0.008079124103684247,0.003417233210313649,0.014434931767711864
mortality_rate,county,3,female,18-44,0.005023902393638934,0.0018058709996782443,0.009355707964030863
mortality_rate,county,3,female,45-64,0.024791813128274002,0.015075869832002984,0.03693634052557921
mortality_rate,county,3,female,65-74,0.02345587693538396,0.00925356711343372,0.040997652861177354
mortality_rate,county,3,female,75-84,0.0370863852402157,0.01212125034276306,0.069798423998873
mortality_rate,county,3,female,85+,0.015811780710617198,0.0,0.17070008989308352
qualifying_event_rate,county,3,female,0-17,0.022547939951445998,0.01308599528720003,0.033681019465039055
qualifying_event_rate,county,3,female,18-44,0.022841818472406412,0.01413656763968557,0.033078267881457624
qualifying_event_rate,county,3,female,45-64,0.03709437311042242,0.025046558597027802,0.05209265706326507
qualifying_event_rate,county,3,female,65-74,0.03495992529553269,0.017736130397251818,0.054768183798414326
qualifying_event_rate,county,3,female,75-84,0.02219139452428653,0.005851521712087899,0.04423515889093394
qualifying_event_rate,county,3,female,85+,0.01924596712809376,0.0,0.12472472179339292
person_years_exposure,county,4,male,0-17,1594.3479707002637,1547.2969220979437,1647.079061286898
person_years_exposure,county,4,male,18-44,1915.1659147148769,1865.5646843815614,1965.4647135731657
person_years_exposure,county,4,male,45-64,1759.2869910343088,1684.3045530191905,1835.0286515178973
person_years_exposure,county,4,male,65-74,475.7516158570376,443.6317160928168,505.69472925391767
person_years_exposure,county,4,male,75-84,187.964635295516,151.25891622152255,231.27219474576577
person_years_exposure,county,4,male,85+,6.256503008693337,3.3399394975059096,9.669817734562905
person_years_exposure,county,4,male,18-64,3674.4529057491854,3559.464004782934,3787.919017406523
person_years_exposure,county,4,male,65+,669.9727541612469,602.1428811352297,740.7078389823926
mortality_rate,county,4,male,0-17,0.006164047560102919,0.002549700625229429,0.01031002667946485
mortality_rate,county,4,male,18-44,0.015193282225019108,0.009224523179589375,0.023029330774206474
mortality_rate,county,4,male,45-64,0.01743648501144506,0.010668515832315147,0.026057131504292525
mortality_rate,county,4,male,65-74,0.006645528860799625,0.0019349135233408315,0.014271393980424292
mortality_rate,county,4,male,75-84,0.02393943555464377,0.005560411536510025,0.047840744122739774
mortality_rate,county,4,male,85+,0.005425468247227978,0.0,0.005425468247227978
qualifying_event_rate,county,4,male,0-17,0.015204773151310658,0.009252397423139578,0.02253006683179787
qualifying_event_rate,county,4,male,18-44,0.019285565971055182,0.012671343175644315,0.027984445009363843
qualifying_event_rate,county,4,male,45-64,0.023931037240972217,0.015775019181521337,0.03369198017518327
qualifying_event_rate,county,4,male,65-74,0.026519097623277376,0.012979249723088244,0.04136430023143647
qualifying_event_rate,county,4,male,75-84,0.020738292227659095,0.005182041142905837,0.04002027531041781
qualifying_event_rate,county,4,male,85+,0.018320882634180993,0.0,0.1588301505032543
person_years_exposure,county,4,female,0-17,1420.7061805573778,1381.3040425991596,1465.7969637795645
person_years_exposure,county,4,female,18-44,1662.612321810595,1616.7674789089103,1703.088836671941
person_years_exposure,county,4,female,45-64,1884.322858515775,1804.000929164982,1960.4916291290426
person_years_exposure,county,4,female,65-74,493.9255140510845,445.43084943978994,544.8088262728709
person_years_exposure,county,4,female,75-84,155.71804943683188,134.80157504808653,177.95424552070438
person_years_exposure,county,4,female,85+,14.701642153727013,11.167344975456391,17.734461508386108
person_years_exposure,county,4,female,18-64,3546.93518032637,3431.731823640898,3656.0967702038497
person_years_exposure,county,4,female,65+,664.3452056416434,596.1456330926188,734.427486860944
mortality_rate,county,4,female,0-17,0.0028003789097610114,0.0006955249817737556,0.005697259676757021
mortality_rate,county,4,female,18-44,0.01650555376403202,0.010077657701086639,0.02448748924834439
mortality_rate,county,4,female,45-64,0.02361979743418657,0.015025682086850005,0.03477999019958086
mortality_rate,county,4,female,65-74,0.03225425254989251,0.017168496878541353,0.05203121524487583
mortality_rate,county,4,female,75-84,0.009599803510046672,0.0,0.02632118563290019
mortality_rate,county,4,female,85+,0.007295515888440157,0.0,0.07386709477506324
qualifying_event_rate,county,4,female,0-17,0.023303496759626362,0.014620643503596636,0.03363038180629517
qualifying_event_rate,county,4,female,18-44,0.027100158461021956,0.018086574433858603,0.038282127239396335
qualifying_event_rate,county,4,female,45-64,0.042568290238187166,0.030303876375145908,0.05817210831478485
qualifying_event_rate,county,4,female,65-74,0.026130976074280592,0.013124632961221096,0.04107861961381992
qualifying_event_rate,county,4,female,75-84,0.027756860899471936,0.006614258029526214,0.05253172926935092
qualifying_event_rate,county,4,female,85+,0.01756873630147634,0.0,0.07783350597127754
person_years_exposure,county,5,male,0-17,4529.296976109019,4462.208742658228,4585.71855368885
person_years_exposure,county,5,male,18-44,4555.533173848599,4493.543684137035,4610.358432461962
person_years_exposure,county,5,male,45-64,4413.83315904809,4321.940562096438,4484.859259353443
person_years_exposure,county,5,male,65-74,1137.7346777741911,1065.1040633921064,1194.5510161652255
person_years_exposure,county,5,male,75-84,373.35019970786726,342.73435922315775,400.3771370273508
person_years_exposure,county,5,male,85+,66.26566749981895,56.336210175480055,76.39925385384318
person_years_exposure,county,5,male,18-64,8969.36633289669,8833.056587311099,9079.985524908225
person_years_exposure,county,5,male,65+,1577.3505449818772,1478.9825950937297,1656.1199474912135
mortality_rate,county,5,male,0-17,0.008498274928875746,0.005459521040179058,0.012265327116305381
mortality_rate,county,5,male,18-44,0.00553649347397733,0.0032774002070123797,0.008274368698173907
mortality_rate,county,5,male,45-64,0.019602235285306878,0.013483735028266983,0.02762042120829154
mortality_rate,county,5,male,65-74,0.048183740524853996,0.032001110817356716,0.06980855949427235
mortality_rate,county,5,male,75-84,0.041910556001468244,0.022632499780087918,0.0674733390513341
mortality_rate,county,5,male,85+,0.016106516481940083,0.0,0.049408162073738264
qualifying_event_rate,county,5,male,0-17,0.0065938980847987435,0.004185481015207434,0.009563860508953713
qualifying_event_rate,county,5,male,18-44,0.011912668093173585,0.008127589109465311,0.016868102750604085
qualifying_event_rate,county,5,male,45-64,0.013788437643251416,0.009585814546759126,0.019104962097390845
qualifying_event_rate,county,5,male,65-74,0.023261426893505164,0.014350659134978605,0.03436745504328666
qualifying_event_rate,county,5,male,75-84,0.014728273259945333,0.005222595713285428,0.02724018693345935
qualifying_event_rate,county,5,male,85+,0.013363665341941623,0.0,0.0417527643236714
person_years_exposure,county,5,female,0-17,4151.868550292346,4077.2682289709414,4219.996044997506
person_years_exposure,county,5,female,18-44,4651.859427353986,4584.178288278138,4717.421171977411
person_years_exposure,county,5,female,45-64,4419.528313470221,4341.762249503299,4483.804497648905
person_years_exposure,county,5,female,65-74,1226.8535297794467,1171.0028298277282,1271.727270332787
person_years_exposure,county,5,female,75-84,438.7897168321938,399.4269855875919,471.3297439135331
person_years_exposure,county,5,female,85+,47.93894474540399,39.269391638586406,56.0908900146584
person_years_exposure,county,5,female,18-64,9071.387740824208,8932.698183453063,9193.029771470745
person_years_exposure,county,5,female,65+,1713.5821913570444,1621.669186330132,1782.9138445386664
mortality_rate,county,5,female,0-17,0.008672794031187364,0.005505802715402597,0.012679298848002974
mortality_rate,county,5,female,18-44,0.008172765166535837,0.005134564454920137,0.011974643293436657
mortality_rate,county,5,female,45-64,0.014484939799431685,0.009944733911035541,0.020823107049592702
mortality_rate,county,5,female,65-74,0.03126646667177615,0.02007142883595525,0.04548959994580186
mortality_rate,county,5,female,75-84,0.07014263634662721,0.04315451083990215,0.10791342225203193
mortality_rate,county,5,female,85+,0.0076741243846092655,0.0,0.03863566877506453
qualifying_event_rate,county,5,female,0-17,0.00899079843908391,0.005956758095842126,0.012920485744307087
qualifying_event_rate,county,5,female,18-44,0.012116500658009014,0.008277870896315511,0.017192681697455813
qualifying_event_rate,county,5,female,45-64,0.012667389537502783,0.008671034776892484,0.017638766383592328
qualifying_event_rate,county,5,female,65-74,0.017152379253481884,0.009945772730132854,0.02560226467515664
qualifying_event_rate,county,5,female,75-84,0.01374225005121438,0.004558028999323566,0.02479400122185553
qualifying_event_rate,county,5,female,85+,0.011613151792409588,0.0,0.04117400065868953
person_years_exposure,county,6,male,0-17,1158.7050158225054,1129.0942969159555,1184.3489570062718
person_years_exposure,county,6,male,18-44,1480.0554633733739,1454.1832885221588,1502.8995933072517
person_years_exposure,county,6,male,45-64,1367.4561971490457,1330.9162082797598,1397.30422631536
person_years_exposure,county,6,male,65-74,338.2975708154141,311.6938954516669,361.63290864292344
person_years_exposure,county,6,male,75-84,139.95145078108388,123.67966661327065,153.94853848601548
person_years_exposure,county,6,male,85+,16.59332065083284,11.610007365309851,20.74286256405938
person_years_exposure,county,6,male,18-64,2847.5116605224193,2795.735697346097,2891.2291302956123
person_years_exposure,county,6,male,65+,494.8423422473308,456.50905261875243,527.2073307852395
mortality_rate,county,6,male,0-17,0.008510224525739447,0.00421594454896155,0.014073486033762081
mortality_rate,county,6,male,18-44,0.005655932468179554,0.0022653677777855013,0.009585744916082549
mortality_rate,county,6,male,45-64,0.01916409077097749,0.011528415040627276,0.028651334446579652
mortality_rate,county,6,male,65-74,0.051254730864107666,0.02762134821877035,0.08244275129013517
mortality_rate,county,6,male,75-84,0.03911524017294007,0.013315086831734244,0.07533890163059173
mortality_rate,county,6,male,85+,0.01650800071088554,0.0,0.08098861960037759
qualifying_event_rate,county,6,male,0-17,0.009916444839797013,0.0051243319183289955,0.0157967135130828
qualifying_event_rate,county,6,male,18-44,0.018187135060709972,0.01135824242287432,0.026696384826701412
qualifying_event_rate,county,6,male,45-64,0.020563815679161424,0.013124278978944692,0.02991093413049793
qualifying_event_rate,county,6,male,65-74,0.035151808350139854,0.01786133612929672,0.05502006460157119
qualifying_event_rate,county,6,male,75-84,0.021909748140531635,0.006376892600896736,0.044432035170481235
qualifying_event_rate,county,6,male,85+,0.019171605840870486,0.0,0.0757757589914136
person_years_exposure,county,6,female,0-17,1230.5303960586778,1201.2566016985295,1259.0288550731204
person_years_exposure,county,6,female,18-44,1609.798886987636,1580.5003717476513,1637.5402887666196
person_years_exposure,county,6,female,45-64,1187.4908015367014,1159.2320448623836,1210.945366217682
person_years_exposure,county,6,female,65-74,324.830855694792,304.99670811474704,342.34128796783097
person_years_exposure,county,6,female,75-84,129.51191180953552,112.34793074974495,144.32976262297288
person_years_exposure,county,6,female,85+,13.404890165188014,10.15866145512777,16.66498443837671
person_years_exposure,county,6,female,18-64,2797.289688524337,2747.1697587920826,2840.414318538418
person_years_exposure,county,6,female,65+,467.74765766951555,435.10749408882873,494.5186185355927
mortality_rate,county,6,female,0-17,0.008772576369974729,0.004037404539843088,0.014365461920438914
mortality_rate,county,6,female,18-44,0.00813984636895866,0.004275964778268944,0.013180210279822682
mortality_rate,county,6,female,45-64,0.014751347817668637,0.00828770635661586,0.022543779072871178
mortality_rate,county,6,female,65-74,0.030635948956081627,0.014662263200337993,0.0516182351385371
mortality_rate,county,6,female,75-84,0.07140642140496802,0.029533317105832,0.12605005086026724
mortality_rate,county,6,female,85+,0.0071992472967305305,0.0,0.08433635274312287
qualifying_event_rate,county,6,female,0-17,0.013721931583593997,0.007486243185688689,0.021114209252630047
qualifying_event_rate,county,6,female,18-44,0.018279469422614904,0.011689281647048456,0.02631083164919094
qualifying_event_rate,county,6,female,45-64,0.019023584858102842,0.011665979494164392,0.02807455007416744
qualifying_event_rate,county,6,female,65-74,0.025463875801247343,0.011923572629971393,0.04300664944570158
qualifying_event_rate,county,6,female,75-84,0.02082357080704839,0.0,0.04404165962178339
qualifying_event_rate,county,6,female,85+,0.017126153277154613,0.0,0.08301679671728825
person_years_exposure,county,7,male,0-17,1185.3057130229959,1158.5287126036726,1211.2754645086657
person_years_exposure,county,7,male,18-44,1405.104018957012,1369.8276526823095,1440.2283165322822
person_years_exposure,county,7,male,45-64,1103.5572100255508,1066.038773440106,1134.8480003037057
person_years_exposure,county,7,male,65-74,299.5102559578186,276.0460292127681,320.48538132809693
person_years_exposure,county,7,male,75-84,107.99936563477593,90.82028518132209,123.44879695539643
person_years_exposure,county,7,male,85+,2.349313905612443,0.04751450767210303,4.270085681566706
person_years_exposure,county,7,male,18-64,2508.6612289825625,2444.9117535063847,2563.6112902243276
person_years_exposure,county,7,male,65+,409.85893549820696,375.95202832801425,441.280408747748
mortality_rate,county,7,male,0-17,0.006643031709868455,0.0025000797124569915,0.011364337301042244
mortality_rate,county,7,male,18-44,0.011642126288730282,0.006349931825968012,0.018221276028789386
mortality_rate,county,7,male,45-64,0.02172381501137153,0.013118885386269584,0.03241499944459381
mortality_rate,county,7,male,65-74,0.04564937063868313,0.022724805601695333,0.0738826069330661
mortality_rate,county,7,male,75-84,0.06334308565913507,0.024534720978788907,0.11794638787467795
mortality_rate,county,7,male,85+,0.03109607614599811,0.0,0.49558294881190845
qualifying_event_rate,county,7,male,0-17,0.011178550693227731,0.005893692385126977,0.017562917495374423
qualifying_event_rate,county,7,male,18-44,0.014201156137402294,0.008479120064997217,0.021305001292092906
qualifying_event_rate,county,7,male,45-64,0.016903345313033752,0.009754653687722433,0.02559267996262002
qualifying_event_rate,county,7,male,65-74,0.02672199448574137,0.010846829088128321,0.044491439553814634
qualifying_event_rate,county,7,male,75-84,0.01892118692747087,0.0,0.04375904526045844
qualifying_event_rate,county,7,male,85+,0.013033414478637722,0.0,0.013033414478637722
person_years_exposure,county,7,female,0-17,1067.6614248708797,1036.487400947301,1097.4453303172322
person_years_exposure,county,7,female,18-44,1251.7549803372874,1218.4537271754778,1285.9164763391354
person_years_exposure,county,7,female,45-64,1421.2099737206943,1380.5751545696723,1460.317738882088
person_years_exposure,county,7,female,65-74,326.08775398171895,300.0593824379086,347.6554265456887
person_years_exposure,county,7,female,75-84,105.46416547720821,90.2667165825838,119.5536862429894
person_years_exposure,county,7,female,85+,7.087921772210655,2.565326449290061,11.188350184607176
person_years_exposure,county,7,female,18-64,2672.9649540579817,2603.6773990948964,2742.3491034004574
person_years_exposure,county,7,female,65+,438.63984123113784,401.4317740881412,470.50740934562225
mortality_rate,county,7,female,0-17,0.010679280156749047,0.004723737811668028,0.017448151339336446
mortality_rate,county,7,female,18-44,0.009559961716529175,0.004721134712435637,0.015515846319273352
mortality_rate,county,7,female,45-64,0.011783670690585266,0.0062988687658232685,0.018405740073701066
mortality_rate,county,7,female,65-74,0.04869358284905963,0.026501009673390957,0.0785357681480237
mortality_rate,county,7,female,75-84,0.05314338369988188,0.017700667064242438,0.1015580043129012
mortality_rate,county,7,female,85+,0.015899924166406728,0.0,0.1526813386163564
qualifying_event_rate,county,7,female,0-17,0.01721508559206662,0.010115917938772753,0.025973642125699734
qualifying_event_rate,county,7,female,18-44,0.01542986531728403,0.008962520703509624,0.0229617342583652
qualifying_event_rate,county,7,female,45-64,0.018234146438901155,0.011293249634534742,0.026829165050890766
qualifying_event_rate,county,7,female,65-74,0.018536860756969607,0.006216221348767877,0.033432412611828846
qualifying_event_rate,county,7,female,75-84,0.021267810428309407,0.0,0.04793611783822671
qualifying_event_rate,county,7,female,85+,0.01347275115628009,0.0,0.11978491749004258
person_years_exposure,county,8,male,0-17,1916.8583701354175,1839.6789598279054,1998.4895997693443
person_years_exposure,county,8,male,18-44,2330.5805107165565,2252.9001819222194,2410.275149841325
person_years_exposure,county,8,male,45-64,2170.1806814179245,2100.648948431366,2235.686282426329
person_years_exposure,county,8,male,65-74,586.9047725354469,545.2662158040299,627.9211748419534
person_years_exposure,county,8,male,75-84,201.41868423423065,178.5864068749931,222.30388618088256
person_years_exposure,county,8,male,85+,35.52779856230682,28.814740438894482,42.96876931531227
person_years_exposure,county,8,male,18-64,4500.7611921344815,4359.69997631466,4638.09160154591
person_years_exposure,county,8,male,65+,823.8512553319844,763.4811999316813,882.5838258869633
mortality_rate,county,8,male,0-17,0.008174284316787087,0.004467616792781715,0.013010432815100033
mortality_rate,county,8,male,18-44,0.010805198037175744,0.006316404325946532,0.016039144915826444
mortality_rate,county,8,male,45-64,0.016389809365094196,0.010635107554646027,0.02379974511554314
mortality_rate,county,8,male,65-74,0.03400968973641198,0.019426236329101072,0.05234966949354567
mortality_rate,county,8,male,75-84,0.04794728043420139,0.022507216424069495,0.08265057935168527
mortality_rate,county,8,male,85+,0.008194555756568982,0.0,0.03495450853160153
qualifying_event_rate,county,8,male,0-17,0.02123505339670682,0.014075482270691051,0.02958857224107857
qualifying_event_rate,county,8,male,18-44,0.02564832777422423,0.01766095811328345,0.035907510057002004
qualifying_event_rate,county,8,male,45-64,0.026909256781603413,0.018541857656169194,0.03725318884730397
qualifying_event_rate,county,8,male,65-74,0.036570462382726134,0.022400062412493572,0.054020725768644286
qualifying_event_rate,county,8,male,75-84,0.02998735996921799,0.010135707726045344,0.052382054847943685
qualifying_event_rate,county,8,male,85+,0.016360529088685617,0.0,0.05760699381643064
person_years_exposure,county,8,female,0-17,2134.414136217667,2070.2671803986286,2202.58070534005
person_years_exposure,county,8,female,18-44,2449.6350304012167,2377.1796101243935,2521.5786395638743
person_years_exposure,county,8,female,45-64,2130.5729562579836,2056.782019593612,2198.9400826702404
person_years_exposure,county,8,female,65-74,622.7913770245855,584.3276546637279,662.2046647333923
person_years_exposure,county,8,female,75-84,230.65929893014686,207.21900073225237,252.94698065714374
person_years_exposure,county,8,female,85+,57.16218770055409,50.54408748726282,62.29759293390059
person_years_exposure,county,8,female,18-64,4580.2079866592,4450.201317431753,4709.698792321657
person_years_exposure,county,8,female,65+,910.6128636552864,851.4765884585058,967.794692333674
mortality_rate,county,8,female,0-17,0.007811441687715521,0.0041652613508198905,0.012117976281087831
mortality_rate,county,8,female,18-44,0.004999349649749325,0.002440208775041702,0.008007665895883443
mortality_rate,county,8,female,45-64,0.025019632482979542,0.016717960427278446,0.03566831127374702
mortality_rate,county,8,female,65-74,0.022020001710715123,0.01117361529680901,0.035805297460418994
mortality_rate,county,8,female,75-84,0.038251814259154006,0.015993022361432577,0.06869297409004096
mortality_rate,county,8,female,85+,0.020192659552053002,0.0,0.057641413453789855
qualifying_event_rate,county,8,female,0-17,0.024441581484133255,0.01680015585359604,0.0341702633466094
qualifying_event_rate,county,8,female,18-44,0.024423233067478733,0.017033907515382262,0.03392967977481849
qualifying_event_rate,county,8,female,45-64,0.04007138068153637,0.028826046430126817,0.054732228396109465
qualifying_event_rate,county,8,female,65-74,0.03697507758928951,0.022303844756460668,0.05416713250748339
qualifying_event_rate,county,8,female,75-84,0.024645872648031645,0.008691711072326249,0.04329557305752459
qualifying_event_rate,county,8,female,85+,0.022013349332922465,0.0,0.054687909964057556
person_years_exposure,county,9,male,0-17,232.1300071707519,216.17432017722325,247.55755652245816
person_years_exposure,county,9,male,18-44,308.3937291098414,292.1449644006277,327.7794486628853
person_years_exposure,county,9,male,45-64,249.08919516920986,233.42878083925427,266.94399773207317
person_years_exposure,county,9,male,65-74,106.30071890946202,93.49079528283139,118.86647346885533
person_years_exposure,county,9,male,75-84,24.52870182027645,18.521027393097146,30.2836054834377
person_years_exposure,county,9,male,85+,22.464046608348433,1.087379926136688,92.10691597098088
person_years_exposure,county,9,male,18-64,557.4829242790513,529.7169810129146,589.2094504780027
person_years_exposure,county,9,male,65+,153.2934673380869,119.5530881158055,232.19055686186184
mortality_rate,county,9,male,0-17,0.015304270919625848,0.004033134059587938,0.031701597992531805
mortality_rate,county,9,male,18-44,0.009845770389087637,0.0,0.020407540616221912
mortality_rate,county,9,male,45-64,0.014582089298772645,0.003786256821029923,0.02939373006597767
mortality_rate,county,9,male,65-74,0.029794637039125618,0.008053583032260973,0.0649850144230532
mortality_rate,county,9,male,75-84,0.030596407059569147,0.0,0.09896934728715087
mortality_rate,county,9,male,85+,0.004517141935257289,0.0,0.024288255956220698
qualifying_event_rate,county,9,male,0-17,0.020834005486816635,0.004485345963987573,0.03840147770260367
qualifying_event_rate,county,9,male,18-44,0.02277887216824436,0.009515638585063166,0.03898683638460269
qualifying_event_rate,county,9,male,45-64,0.0362142493374215,0.016714535639345968,0.05738481922391709
qualifying_event_rate,county,9,male,65-74,0.026288050115176757,0.0,0.05374375187059472
qualifying_event_rate,county,9,male,75-84,0.0167509890442954,0.0,0.06666739866754391
qualifying_event_rate,county,9,male,85+,0.010571813202144217,0.0,0.054085378294725206
person_years_exposure,county,9,female,0-17,329.27656954684824,312.43372797735503,344.9821894059644
person_years_exposure,county,9,female,18-44,320.7843176655165,307.0050315143193,333.76321908947835
person_years_exposure,county,9,female,45-64,317.9694307901935,304.88183011219337,329.3691596226097
person_years_exposure,county,9,female,65-74,73.03017978967974,62.56913500136488,82.27501965161892
person_years_exposure,county,9,female,75-84,24.65623174910813,17.151400800124982,33.38825054314431
person_years_exposure,county,9,female,85+,0.09386715769082428,0.009898401062199837,0.28116832173361894
person_years_exposure,county,9,female,18-64,638.7537484557099,616.8522857907827,659.3528096666371
person_years_exposure,county,9,female,65+,97.78027869647869,83.22702043067041,112.7427415989143
mortality_rate,county,9,female,0-17,0.005331779666454517,0.0,0.01250739412875658
mortality_rate,county,9,female,18-44,0.013882788875329928,0.003055919584312825,0.027580763601850397
mortality_rate,county,9,female,45-64,0.0078126359928149,0.0,0.016453833339619615
mortality_rate,county,9,female,65-74,0.04459935596066484,0.01116238322742203,0.09799938139276453
mortality_rate,county,9,female,75-84,0.0300403328140368,0.0,0.09896917798025547
mortality_rate,county,9,female,85+,0.0,0.0,0.0
qualifying_event_rate,county,9,female,0-17,0.02013194018238413,0.007107795892735336,0.03509689549096571
qualifying_event_rate,county,9,female,18-44,0.0201128519267477,0.008792332159658056,0.034275503946476424
qualifying_event_rate,county,9,female,45-64,0.03530104621227409,0.018013849430994412,0.05521090957254711
qualifying_event_rate,county,9,female,65-74,0.027927037543131087,0.0,0.06119706168861604
qualifying_event_rate,county,9,female,75-84,0.018480412397656,0.0,0.07032230312395088
qualifying_event_rate,county,9,female,85+,0.0,0.0,0.0
person_years_exposure,county,10,male,0-17,2598.934077596238,2553.312173322076,2641.9592607376476
person_years_exposure,county,10,male,18-44,3201.0719878839514,3156.1846626177435,3242.1756506821903
person_years_exposure,county,10,male,45-64,2584.791918656651,2523.9653489969546,2632.1804850857347
person_years_exposure,county,10,male,65-74,708.2463098584208,659.0725209436318,747.0542060992697
person_years_exposure,county,10,male,75-84,205.47548962732657,184.56418930258624,224.15106670004644
person_years_exposure,county,10,male,85+,48.40910343571359,40.20337994941899,56.29922120198021
person_years_exposure,county,10,male,18-64,5785.863906540602,5693.44490181838,5860.75502060439
person_years_exposure,county,10,male,65+,962.130902921461,897.9268132360529,1016.112232350895
mortality_rate,county,10,male,0-17,0.008428748504083147,0.004956617422775163,0.012708556107150973
mortality_rate,county,10,male,18-44,0.00544968194554156,0.003090717074877346,0.008468844808620491
mortality_rate,county,10,male,45-64,0.020503040638390244,0.013607554618055928,0.029252314566823052
mortality_rate,county,10,male,65-74,0.04808593076359015,0.029655998115761157,0.07219193534137841
mortality_rate,county,10,male,75-84,0.04359770537345611,0.018980934505306263,0.0757008800425184
mortality_rate,county,10,male,85+,0.014547809250504322,0.0,0.047114466188628155
qualifying_event_rate,county,10,male,0-17,0.008695910316106555,0.00532543090098617,0.012877000698745767
qualifying_event_rate,county,10,male,18-44,0.015809675742314074,0.010711812069073554,0.022283430115151364
qualifying_event_rate,county,10,male,45-64,0.018215584687459055,0.012348030634505375,0.02580575137282131
qualifying_event_rate,county,10,male,65-74,0.030575217766512352,0.018157715078536512,0.045926392772405976
qualifying_event_rate,county,10,male,75-84,0.019158367328809142,0.004738316140842127,0.036903539682872286
qualifying_event_rate,county,10,male,85+,0.018345075511526126,0.0,0.05471171037814315
person_years_exposure,county,10,female,0-17,2598.795609763372,2545.6539134069053,2645.3396097053783
person_years_exposure,county,10,female,18-44,3304.945116109265,3254.3344500367652,3355.4378602520046
person_years_exposure,county,10,female,45-64,2523.615558334818,2473.0766943446392,2564.245901684872
person_years_exposure,county,10,female,65-74,789.9966148055989,750.9559805854025,823.1088250420396
person_years_exposure,county,10,female,75-84,288.775669385195,258.52353117130735,314.7799285354215
person_years_exposure,county,10,female,85+,41.066284730123016,33.60106751493896,48.38545619141369
person_years_exposure,county,10,female,18-64,5828.560674444083,5737.958376376576,5911.5795720753695
person_years_exposure,county,10,female,65+,1119.838568920917,1057.0901519848194,1172.4788565847853
mortality_rate,county,10,female,0-17,0.00863700119275396,0.005282747810015634,0.013012131746967992
mortality_rate,county,10,female,18-44,0.008084919387468158,0.004821266849978821,0.012100427648738771
mortality_rate,county,10,female,45-64,0.014273954104173748,0.009028870959866129,0.02083037774739724
mortality_rate,county,10,female,65-74,0.031122191311288325,0.01837049989594341,0.04756856918134226
mortality_rate,county,10,female,75-84,0.07679926165329613,0.044703405015831886,0.12256220184640254
mortality_rate,county,10,female,85+,0.006991850643020802,0.0,0.030069363274783274
qualifying_event_rate,county,10,female,0-17,0.011896285921390715,0.007633745493118479,0.017033227562103608
qualifying_event_rate,county,10,female,18-44,0.016004219298055445,0.010957089874122413,0.022381056952454393
qualifying_event_rate,county,10,female,45-64,0.016568490339942885,0.01099087346622999,0.02347057017408005
qualifying_event_rate,county,10,female,65-74,0.02261678995219078,0.012893839080333687,0.03340357812665131
qualifying_event_rate,county,10,female,75-84,0.018745208554900555,0.006655311167772166,0.034119497773133375
qualifying_event_rate,county,10,female,85+,0.014637614597151623,0.0,0.05096119889069426
person_years_exposure,county,11,male,0-17,785.2185574700611,751.9990292685868,819.0270234665871
person_years_exposure,county,11,male,18-44,893.5599508612321,855.7680183481788,936.5827106044767
person_years_exposure,county,11,male,45-64,939.8334759963467,890.6347856416655,992.6755922002287
person_years_exposure,county,11,male,65-74,268.288857882512,245.32045641798874,290.9098455948256
person_years_exposure,county,11,male,75-84,84.43433514300038,70.3123819819154,98.12590139634956
person_years_exposure,county,11,male,85+,13.160604791188664,2.4920412716969698,33.84728695930784
person_years_exposure,county,11,male,18-64,1833.3934268575788,1752.6475923016512,1922.4588358278288
person_years_exposure,county,11,male,65+,365.8837978167011,326.69065542579625,414.07863857226346
mortality_rate,county,11,male,0-17,0.015314083231162665,0.00744871590480542,0.024892773212199206
mortality_rate,county,11,male,18-44,0.010472025299728972,0.004468038139439944,0.0175962883768779
mortality_rate,county,11,male,45-64,0.014522187013535422,0.007442790460590674,0.023021777225092056
mortality_rate,county,11,male,65-74,0.02952348781097743,0.01108558838941415,0.052998783483041066
mortality_rate,county,11,male,75-84,0.03408430321768098,0.002287101559376948,0.07500747671372172
mortality_rate,county,11,male,85+,0.0040647938859728165,0.0,0.025452664556679827
qualifying_event_rate,county,11,male,0-17,0.018631577001035137,0.010027379752435495,0.02903792028554819
qualifying_event_rate,county,11,male,18-44,0.020786911968746692,0.012203935202029881,0.03077404559711148
qualifying_event_rate,county,11,male,45-64,0.0329769032216186,0.021092702504815663,0.04661439674873698
qualifying_event_rate,county,11,male,65-74,0.024011778955574593,0.008017686719939127,0.04158427268040607
qualifying_event_rate,county,11,male,75-84,0.016211746351281135,0.0,0.04142052704632412
qualifying_event_rate,county,11,male,85+,0.00973220518845223,0.0,0.07843977743613054
person_years_exposure,county,11,female,0-17,726.1168964571277,694.7362179546424,756.7583308518317
person_years_exposure,county,11,female,18-44,907.2731687189688,878.8320461451895,933.5274581440145
person_years_exposure,county,11,female,45-64,882.5092155343965,853.5024340558207,910.2720616656479
person_years_exposure,county,11,female,65-74,232.3820842423112,207.99695892641301,252.98606300788794
person_years_exposure,county,11,female,75-84,46.53915418475851,34.69976915627539,60.01192990712941
person_years_exposure,county,11,female,85+,7.180298266442208,3.013290885514982,12.448505370287895
person_years_exposure,county,11,female,18-64,1789.7823842533653,1741.3855620440902,1836.2769589034083
person_years_exposure,county,11,female,65+,286.10153669351195,251.410165324561,319.8452096486029
mortality_rate,county,11,female,0-17,0.005233720613433462,0.0013446231468119921,0.010467876358143134
mortality_rate,county,11,female,18-44,0.013977277272672738,0.006605874073997065,0.0231817066979688
mortality_rate,county,11,female,45-64,0.007727212155366111,0.002346677684777569,0.013842095812603553
mortality_rate,county,11,female,65-74,0.04958203657490345,0.024397358042177485,0.08363994368124245
mortality_rate,county,11,female,75-84,0.036026622020088425,0.0,0.09258538374282921
mortality_rate,county,11,female,85+,0.005235400322306526,0.0,0.005235400322306526
qualifying_event_rate,county,11,female,0-17,0.018023026811572966,0.009530505211785842,0.02814160785370256
qualifying_event_rate,county,11,female,18-44,0.017923638947139747,0.009933163657953886,0.027221161941376047
qualifying_event_rate,county,11,female,45-64,0.03219758095856827,0.020382568842877057,0.04595982372113914
qualifying_event_rate,county,11,female,65-74,0.026294950425277033,0.008922287689642134,0.04575669105741135
qualifying_event_rate,county,11,female,75-84,0.019121548293073637,0.0,0.0576576925303993
qualifying_event_rate,county,11,female,85+,0.012791449963140866,0.0,0.1114316118545941
person_years_exposure,county,12,male,0-17,1500.6025709394,1471.2112093086787,1530.4026472649246
person_years_exposure,county,12,male,18-44,1709.4071878438576,1681.854739203895,1733.0390094313245
person_years_exposure,county,12,male,45-64,1703.764755177205,1660.6981627252412,1739.8526556823995
person_years_exposure,county,12,male,65-74,474.0372746936993,439.0387533709658,503.97247698192257
person_years_exposure,county,12,male,75-84,146.89780599940823,130.76048528133074,161.67974116777543
person_years_exposure,county,12,male,85+,13.705668969918095,9.771246075794267,17.193473168866113
person_years_exposure,county,12,male,18-64,3413.1719430210624,3353.1884400622653,3463.7883791018803
person_years_exposure,county,12,male,65+,634.6407496630256,590.06124426267,672.987719975703
mortality_rate,county,12,male,0-17,0.008432159558795657,0.00399011411565185,0.013523114600373297
mortality_rate,county,12,male,18-44,0.005772571831581267,0.002887686932577241,0.00951994732475818
mortality_rate,county,12,male,45-64,0.019479208136218423,0.012164064169741124,0.029020216640412797
mortality_rate,county,12,male,65-74,0.04784185123901984,0.026834097150750157,0.07459782169199049
mortality_rate,county,12,male,75-84,0.039967531885121706,0.012796636161138955,0.07747680794958083
mortality_rate,county,12,male,85+,0.024330569543629096,0.0,0.09991558759337323
qualifying_event_rate,county,12,male,0-17,0.00947047943037538,0.004761825123458735,0.014755226217879674
qualifying_event_rate,county,12,male,18-44,0.017318557959655638,0.01059719080275681,0.02507285404744548
qualifying_event_rate,county,12,male,45-64,0.019620783395811647,0.01267959318184017,0.02841871867613219
qualifying_event_rate,county,12,male,65-74,0.033123204232591484,0.01839304258200562,0.050947367351172654
qualifying_event_rate,county,12,male,75-84,0.020427083052683922,0.0,0.04119959228567355
qualifying_event_rate,county,12,male,85+,0.019089582309233927,0.0,0.07950647772699108
person_years_exposure,county,12,female,0-17,1497.8959006262285,1465.009049535426,1530.1808776156208
person_years_exposure,county,12,female,18-44,1687.6532589274127,1657.677806580387,1716.1797347037118
person_years_exposure,county,12,female,45-64,1818.576562825563,1780.8290433637585,1850.052688805459
person_years_exposure,county,12,female,65-74,431.2534935814028,408.24848234017907,451.67269159857784
person_years_exposure,county,12,female,75-84,117.31697956386829,101.67729087974699,131.30203709339628
person_years_exposure,county,12,female,85+,38.733260983396484,31.599461804011153,45.731677437614024
person_years_exposure,county,12,female,18-64,3506.229821752976,3445.4620529864496,3559.110280798148
person_years_exposure,county,12,female,65+,587.3037341286675,551.7850218947518,618.9065044668118
mortality_rate,county,12,female,0-17,0.008648198821483023,0.004591855868570055,0.014157093890488052
mortality_rate,county,12,female,18-44,0.008191385687120337,0.004139605632797768,0.013159510788957452
mortality_rate,county,12,female,45-64,0.01412586380407129,0.008586283516480648,0.021083832574829927
mortality_rate,county,12,female,65-74,0.031854040405194725,0.01611846973474973,0.051894877976287154
mortality_rate,county,12,female,75-84,0.07136989038302625,0.03072752035665656,0.12914688872809107
mortality_rate,county,12,female,85+,0.007117212336307581,0.0,0.031733908757393986
qualifying_event_rate,county,12,female,0-17,0.012924379452474892,0.007388679952725813,0.019534179357632905
qualifying_event_rate,county,12,female,18-44,0.01731988352352439,0.01075767714263091,0.02490264390863765
qualifying_event_rate,county,12,female,45-64,0.018029264385386764,0.01163541839573579,0.025921145835829065
qualifying_event_rate,county,12,female,65-74,0.024745368525835733,0.011706869148388204,0.04033391146300532
qualifying_event_rate,county,12,female,75-84,0.019637574833720473,0.0,0.04422265124965739
qualifying_event_rate,county,12,female,85+,0.01712179262576988,0.0,0.05487749846490765
person_years_exposure,county,13,male,0-17,1748.9081650697906,1708.8821867792408,1786.3022008224675
person_years_exposure,county,13,male,18-44,2277.96153218785,2220.096574654671,2329.2767670035
person_years_exposure,county,13,male,45-64,2076.196558471329,2039.609961741785,2106.9938852837104
person_years_exposure,county,13,male,65-74,590.3286099941973,561.890656210616,615.7156302398691
person_years_exposure,county,13,male,75-84,273.5761190017769,248.03854536960145,296.4880764556956
person_years_exposure,county,13,male,85+,45.926212639119086,37.53127975856071,53.40642957542642
person_years_exposure,county,13,male,18-64,4354.158090659179,4270.326191465268,4429.801005673933
person_years_exposure,county,13,male,65+,909.8309416350933,858.5417363840462,954.0209971090314
mortality_rate,county,13,male,0-17,0.00893861256538657,0.004544834899989103,0.014191230522151758
mortality_rate,county,13,male,18-44,0.008163523019806851,0.004413654076916698,0.012674049512213995
mortality_rate,county,13,male,45-64,0.010408154715327456,0.006189301716729831,0.01596383130335922
mortality_rate,county,13,male,65-74,0.032128043151252283,0.018046896567652144,0.04983566187807058
mortality_rate,county,13,male,75-84,0.04585315203562746,0.023669458438224215,0.07563713241938429
mortality_rate,county,13,male,85+,0.027257236281782983,0.0,0.07773174202238106
qualifying_event_rate,county,13,male,0-17,0.012541573922939574,0.007463301798444815,0.01865492200328482
qualifying_event_rate,county,13,male,18-44,0.014069725285469396,0.008780536618506831,0.020172988384399366
qualifying_event_rate,county,13,male,45-64,0.014920800970698552,0.009352934935532834,0.021283379188012215
qualifying_event_rate,county,13,male,65-74,0.03077760191844846,0.01787380654821742,0.047045253351512
qualifying_event_rate,county,13,male,75-84,0.017080201363929414,0.003919529162596216,0.03197595510598983
qualifying_event_rate,county,13,male,85+,0.016565713999922824,0.0,0.049021381852066136
person_years_exposure,county,13,female,0-17,1866.813341294913,1828.4426274255213,1903.5153621807276
person_years_exposure,county,13,female,18-44,2215.808446250521,2175.992970153146,2249.4631654119535
person_years_exposure,county,13,female,45-64,1839.019722623519,1789.9609113616405,1881.816925480191
person_years_exposure,county,13,female,65-74,586.2827740098295,556.1889717187394,611.2815632554881
person_years_exposure,county,13,female,75-84,218.714140870028,196.20734171527627,238.28629360935471
person_years_exposure,county,13,female,85+,29.184996247473904,22.243475657904202,35.67963334082292
person_years_exposure,county,13,female,18-64,4054.82816887404,3975.967462841595,4121.91068870052
person_years_exposure,county,13,female,65+,834.1819111273314,786.2216684894953,873.5292910119271
mortality_rate,county,13,female,0-17,0.009160046844527335,0.005250561892248058,0.014186459402147732
mortality_rate,county,13,female,18-44,0.007194617638643841,0.004005485722163805,0.01130607153470782
mortality_rate,county,13,female,45-64,0.015074957701758936,0.009073972436345707,0.02240960691079576
mortality_rate,county,13,female,65-74,0.03266575112981046,0.018266188542557963,0.05122808112757038
mortality_rate,county,13,female,75-84,0.0555935888602047,0.028681541182017135,0.09490281075325162
mortality_rate,county,13,female,85+,0.029297378015387593,0.0,0.09962337785860499
qualifying_event_rate,county,13,female,0-17,0.01121119008300663,0.006381341047612977,0.016908062351137513
qualifying_event_rate,county,13,female,18-44,0.018030726792451685,0.011723835496966714,0.02599794797036273
qualifying_event_rate,county,13,female,45-64,0.025820481648918626,0.017444284387755703,0.03632219641869791
qualifying_event_rate,county,13,female,65-74,0.03662675037445323,0.021998244347481277,0.05416932771888602
qualifying_event_rate,county,13,female,75-84,0.020413346730467855,0.004693888250914499,0.038545184302600094
qualifying_event_rate,county,13,female,85+,0.01656814551053356,0.0,0.06306432235497872
person_years_exposure,county,14,male,0-17,889.9303897623471,865.9323094890523,913.4733235644112
person_years_exposure,county,14,male,18-44,1197.9068080245606,1166.3045292668799,1230.146442467683
person_years_exposure,county,14,male,45-64,977.4983313559209,946.2063610066069,1004.6710747662279
person_years_exposure,county,14,male,65-74,236.16651822382892,215.54275853545664,253.8749273831139
person_years_exposure,county,14,male,75-84,73.82432363761579,60.2528818958455,85.4895990145825
person_years_exposure,county,14,male,85+,0.7143507205651985,0.02429472385321973,1.4433732226910132
person_years_exposure,county,14,male,18-64,2175.4051393804816,2121.912656557565,2222.7540206323283
person_years_exposure,county,14,male,65+,310.70519258200994,283.2636696036901,335.5522588403642
mortality_rate,county,14,male,0-17,0.006896826294626315,0.002226481498053933,0.012464790517231789
mortality_rate,county,14,male,18-44,0.011807776785234751,0.005870077214704772,0.018649273886932112
mortality_rate,county,14,male,45-64,0.020887483705908965,0.012030345158914076,0.031796178606323396
mortality_rate,county,14,male,65-74,0.047615259597793995,0.023387324743425957,0.07861622363484833
mortality_rate,county,14,male,75-84,0.06141677048206087,0.02242085192243576,0.12782799386221055
mortality_rate,county,14,male,85+,0.022081723041751315,0.0,0.022081723041751315
qualifying_event_rate,county,14,male,0-17,0.017994296999601724,0.01005558868365886,0.02723692766145714
qualifying_event_rate,county,14,male,18-44,0.02276515344169287,0.01412932189400572,0.032765583049644956
qualifying_event_rate,county,14,male,45-64,0.02719244171944437,0.017173034479419036,0.0387931723543468
qualifying_event_rate,county,14,male,65-74,0.04200566793316489,0.02089297897562051,0.067922999622891
qualifying_event_rate,county,14,male,75-84,0.028060114357796213,0.0,0.06227032328094167
qualifying_event_rate,county,14,male,85+,0.02244899980399043,0.0,0.02244899980399043
person_years_exposure,county,14,female,0-17,1000.6573014605625,971.8950114338652,1028.7841401350045
person_years_exposure,county,14,female,18-44,1232.0548613281917,1197.2663072504733,1267.1651947724097
person_years_exposure,county,14,female,45-64,1083.4107671503987,1050.2080998055749,1114.3552693980357
person_years_exposure,county,14,female,65-74,259.23013089443367,237.53209305909695,278.1739243976192
person_years_exposure,county,14,female,75-84,62.669631881794544,50.5268945989854,73.96807286920617
person_years_exposure,county,14,female,85+,3.004862135204188,0.059987161288747606,5.530652186574899
person_years_exposure,county,14,female,18-64,2315.4656284785906,2254.1695769489857,2376.432684546733
person_years_exposure,county,14,female,65+,324.9046249114324,296.7979714868137,350.59296963933946
mortality_rate,county,14,female,0-17,0.010843458516379635,0.004980151836824716,0.01767974138523251
mortality_rate,county,14,female,18-44,0.008993899555099253,0.004054586441723733,0.014736975626584548
mortality_rate,county,14,female,45-64,0.01285950751892052,0.006415705062465311,0.02052898709464461
mortality_rate,county,14,female,65-74,0.0498525494281416,0.02535426083742599,0.08274575436102964
mortality_rate,county,14,female,75-84,0.0533721755329516,0.013634518541954245,0.1160281689131908
mortality_rate,county,14,female,85+,0.012410678669642801,0.0,0.012410678669642801
qualifying_event_rate,county,14,female,0-17,0.027683442724277387,0.017776536576755694,0.04012749510524377
qualifying_event_rate,county,14,female,18-44,0.024502007893610366,0.01571051594193622,0.035243004573065034
qualifying_event_rate,county,14,female,45-64,0.029904563221635764,0.019591173966338547,0.0430957041485223
qualifying_event_rate,county,14,female,65-74,0.029684364564740003,0.011865174857516538,0.04974804814900786
qualifying_event_rate,county,14,female,75-84,0.032953347046415185,0.0,0.07454886591218281
qualifying_event_rate,county,14,female,85+,0.02125032852517823,0.0,0.21885793189575103
person_years_exposure,county,15,male,0-17,1955.9395213459425,1919.1688618182995,1990.7152794296217
person_years_exposure,county,15,male,18-44,2538.395579883885,2499.498771085411,2571.340904194799
person_years_exposure,county,15,male,45-64,2135.936127963649,2088.206133360281,2175.5974356739507
person_years_exposure,county,15,male,65-74,578.6388357710917,537.6434301231275,610.8503615978276
person_years_exposure,county,15,male,75-84,141.00126629597062,124.32978596501074,155.34456890530282
person_years_exposure,county,15,male,85+,8.40513415738072,5.545083999602244,10.956317170011992
person_years_exposure,county,15,male,18-64,4674.331707847534,4599.042482802597,4736.989750664968
person_years_exposure,county,15,male,65+,728.0452362244431,677.190338753655,768.8899411641884
mortality_rate,county,15,male,0-17,0.00840388970139979,0.004568154819145566,0.01326734978262743
mortality_rate,county,15,male,18-44,0.005458549148546744,0.0027452372827519375,0.008707615969655412
mortality_rate,county,15,male,45-64,0.019194644736561964,0.012441561438797164,0.027675711706506904
mortality_rate,county,15,male,65-74,0.04615184617854119,0.028074932996518566,0.07071605278467619
mortality_rate,county,15,male,75-84,0.042314415764643745,0.013579908309899679,0.08160415431417263
mortality_rate,county,15,male,85+,0.011520134005786583,0.0,0.13688438936488334
qualifying_event_rate,county,15,male,0-17,0.007133720060218643,0.0036446973995162917,0.011011977460277498
qualifying_event_rate,county,15,male,18-44,0.012969752840002968,0.008569250746290787,0.018619180717305017
qualifying_event_rate,county,15,male,45-64,0.014887308392534089,0.00936808710351724,0.021551946133584157
qualifying_event_rate,county,15,male,65-74,0.025441445551200165,0.013243211172732753,0.039802691526708546
qualifying_event_rate,county,15,male,75-84,0.016298634332784022,0.0,0.03554193877268822
qualifying_event_rate,county,15,male,85+,0.014386441669734589,0.0,0.11232005501176387
person_years_exposure,county,15,female,0-17,1938.4515709202487,1896.6051256232772,1977.9162743244312
person_years_exposure,county,15,female,18-44,2329.6365144374,2291.0274601604824,2365.889997033463
person_years_exposure,county,15,female,45-64,2026.53402338218,1983.997083417985,2061.644448401892
person_years_exposure,county,15,female,65-74,602.4503059102809,572.495172692425,629.5920300320253
person_years_exposure,county,15,female,75-84,189.00113992154368,167.7169558664477,208.2181298059428
person_years_exposure,county,15,female,85+,31.8618116795136,25.291944447404926,37.69425332947963
person_years_exposure,county,15,female,18-64,4356.17053781958,4285.323028783877,4417.834276331355
person_years_exposure,county,15,female,65+,823.3132575113382,774.4291941816476,863.3635218486983
mortality_rate,county,15,female,0-17,0.008724545729543941,0.0046634212348188086,0.01380686695471845
mortality_rate,county,15,female,18-44,0.00800507961893517,0.004624168826073828,0.012258752717247343
mortality_rate,county,15,female,45-64,0.015065988495122383,0.009311316620077562,0.02232943175041805
mortality_rate,county,15,female,65-74,0.030865972946354958,0.017529433834732454,0.0483790188738281
mortality_rate,county,15,female,75-84,0.0709927037534585,0.03619973861766787,0.11718375428633647
mortality_rate,county,15,female,85+,0.006366777091475717,0.0,0.036459942061768696
qualifying_event_rate,county,15,female,0-17,0.00973438242632595,0.005623646108309478,0.014892073268109773
qualifying_event_rate,county,15,female,18-44,0.0132309661321046,0.008230390216949868,0.019141262411294636
qualifying_event_rate,county,15,female,45-64,0.013836692115808555,0.00852886831329978,0.020329703100403485
qualifying_event_rate,county,15,female,65-74,0.018653477072719044,0.00962921344186116,0.030238592134767876
qualifying_event_rate,county,15,female,75-84,0.014897404418362634,0.0,0.03115600050925401
qualifying_event_rate,county,15,female,85+,0.01231494929007308,0.0,0.052722642538440306
person_years_exposure,county,16,male,0-17,948.5753631640133,923.8364256236238,972.1903628484642
person_years_exposure,county,16,male,18-44,1157.1943078598722,1135.9089877906247,1174.593732642691
person_years_exposure,county,16,male,45-64,956.3966359353092,927.9308358200776,981.3810373428855
person_years_exposure,county,16,male,65-74,262.9025733835767,241.29673571429362,281.60899236674106
person_years_exposure,county,16,male,75-84,123.7663694109008,109.69560161561428,137.43114911067144
person_years_exposure,county,16,male,85+,28.97055871331259,22.370878137887534,34.88259589536057
person_years_exposure,county,16,male,18-64,2113.5909437951814,2072.949933306998,2148.9169130314863
person_years_exposure,county,16,male,65+,415.63950150779004,385.1607832459201,444.3807479240136
mortality_rate,county,16,male,0-17,0.008331521646855716,0.0031515152390405262,0.01403479190316758
mortality_rate,county,16,male,18-44,0.005581168218580692,0.0017220010380161722,0.0104026055378773
mortality_rate,county,16,male,45-64,0.020340528762133627,0.01134370307983394,0.031050203789985242
mortality_rate,county,16,male,65-74,0.0480378950491401,0.025015919327220203,0.07949077130570119
mortality_rate,county,16,male,75-84,0.04471005456880031,0.01496722104418617,0.08334431732748662
mortality_rate,county,16,male,85+,0.017694690376876918,0.0,0.07390547003430566
qualifying_event_rate,county,16,male,0-17,0.011255056736492556,0.005243598486790894,0.01806381147187478
qualifying_event_rate,county,16,male,18-44,0.02021911421665522,0.01209621706994061,0.030234269099516736
qualifying_event_rate,county,16,male,45-64,0.023559756547629557,0.013981536403173836,0.034872690166513814
qualifying_event_rate,county,16,male,65-74,0.03865695403825602,0.018674767087260114,0.06145948312235365
qualifying_event_rate,county,16,male,75-84,0.024698693449601853,0.007350327562567178,0.04944167345631595
qualifying_event_rate,county,16,male,85+,0.02090029241090998,0.0,0.06962304342266057
person_years_exposure,county,16,female,0-17,1004.122448429421,975.9607351559722,1029.3060385641456
person_years_exposure,county,16,female,18-44,1238.5791732340151,1213.5778351126833,1260.931420533538
person_years_exposure,county,16,female,45-64,976.5972618553635,952.6351400045829,996.1310391892208
person_years_exposure,county,16,female,65-74,229.43404023930103,212.80854701392894,243.20003100124688
person_years_exposure,county,16,female,75-84,113.08243730864253,97.6979343281553,126.0387646634135
person_years_exposure,county,16,female,85+,18.573043206324378,13.116420311773968,23.443522062651077
person_years_exposure,county,16,female,18-64,2215.1764350893786,2174.545598526917,2249.6332822397076
person_years_exposure,county,16,female,65+,361.08952075426794,332.6548607420597,384.6987456938572
mortality_rate,county,16,female,0-17,0.008572570177784492,0.0038816360005830206,0.014859321020309416
mortality_rate,county,16,female,18-44,0.007901474771277174,0.003479910090091396,0.013172581069471967
mortality_rate,county,16,female,45-64,0.013538518081016455,0.007031539339663667,0.021993677631343946
mortality_rate,county,16,female,65-74,0.033125842862509906,0.012639475512159602,0.060940739961387484
mortality_rate,county,16,female,75-84,0.07276286913473314,0.0318437696159882,0.13118992110458763
mortality_rate,county,16,female,85+,0.008983764904977142,0.0,0.06436768513773548
qualifying_event_rate,county,16,female,0-17,0.015393085766507917,0.008801033315394885,0.023390662262830854
qualifying_event_rate,county,16,female,18-44,0.020640328474399998,0.012882384609440068,0.029529663765106105
qualifying_event_rate,county,16,female,45-64,0.021159746794693013,0.012279346085284547,0.03167013250055658
qualifying_event_rate,county,16,female,65-74,0.029250344048309503,0.01250036522540937,0.050612051421995076
qualifying_event_rate,county,16,female,75-84,0.02385932109366437,0.0,0.05036055508341291
qualifying_event_rate,county,16,female,85+,0.018509073060289902,0.0,0.0771494216979788
person_years_exposure,state,0,male,0-17,6823.1833575589935,6712.424841482825,6918.153718779095
person_years_exposure,state,0,male,18-44,7909.738870603082,7736.795551222191,8067.71056804252
person_years_exposure,state,0,male,45-64,7533.630346533089,7426.495750522194,7622.469656514205
person_years_exposure,state,0,male,65-74,2163.6976230195337,2080.295350837468,2229.114066165998
person_years_exposure,state,0,male,75-84,870.7605249333104,806.3333028655725,927.4363608892202
person_years_exposure,state,0,male,85+,146.44294615085232,129.22577309413094,162.30595992013488
person_years_exposure,state,0,male,18-64,15443.369217136173,15182.521000377219,15678.973268690557
person_years_exposure,state,0,male,65+,3180.901094103697,3031.175596434047,3302.230135819938
mortality_rate,state,0,male,0-17,0.008876418309996493,0.0061165630872624015,0.01249471462605939
mortality_rate,state,0,male,18-44,0.00789183616582409,0.005418112737504799,0.01119587222514004
mortality_rate,state,0,male,45-64,0.010188299568988266,0.007014862675128463,0.014362758167315403
mortality_rate,state,0,male,65-74,0.03199198683372932,0.022084429657706642,0.045897665158244685
mortality_rate,state,0,male,75-84,0.04401304800474489,0.028151486784312795,0.06517058730758261
mortality_rate,state,0,male,85+,0.028507643817280354,0.00651203154672868,0.056586079937401855
qualifying_event_rate,state,0,male,0-17,0.010688725119538138,0.007486943955849028,0.014769507085879256
qualifying_event_rate,state,0,male,18-44,0.012051191436675348,0.008490500737506325,0.01636006384083391
qualifying_event_rate,state,0,male,45-64,0.01280618325342282,0.009106793933168978,0.01753887349663733
qualifying_event_rate,state,0,male,65-74,0.02647939807701364,0.018047097951160506,0.037317965620296364
qualifying_event_rate,state,0,male,75-84,0.014526723868059414,0.00733372805284889,0.023205694619622602
qualifying_event_rate,state,0,male,85+,0.014820177370456026,0.0,0.03342453424420868
person_years_exposure,state,0,female,0-17,7081.698949498268,6976.8906634703,7176.510631063074
person_years_exposure,state,0,female,18-44,7552.687036474038,7443.278110002746,7646.998189728572
person_years_exposure,state,0,female,45-64,7261.483059355229,7096.6483420714585,7410.363533348996
person_years_exposure,state,0,female,65-74,2218.139262343949,2130.516398571208,2282.144179174961
person_years_exposure,state,0,female,75-84,696.0836294536473,642.8133047539683,740.7375915520371
person_years_exposure,state,0,female,85+,105.60104422815772,89.77083515350034,120.6311224442713
person_years_exposure,state,0,female,18-64,14814.170095829268,14554.059603296964,15045.925274667896
person_years_exposure,state,0,female,65+,3019.823936025754,2879.3294978353906,3127.928711157675
mortality_rate,state,0,female,0-17,0.008982978032165155,0.006130224118161911,0.012626134257679797
mortality_rate,state,0,female,18-44,0.007127533683049498,0.004819541799194893,0.010104173296161506
mortality_rate,state,0,female,45-64,0.014967269003330907,0.010596975206240618,0.02096356071495233
mortality_rate,state,0,female,65-74,0.031140614082547723,0.021081848879247717,0.04515903722255355
mortality_rate,state,0,female,75-84,0.055953451722028404,0.03556022975792309,0.08413910804615042
mortality_rate,state,0,female,85+,0.028101413478787515,0.007706561077897131,0.06288833381164377
qualifying_event_rate,state,0,female,0-17,0.009564569027930628,0.006591922563987418,0.013355542006440709
qualifying_event_rate,state,0,female,18-44,0.01558983135655905,0.011146449781561275,0.021513352489808627
qualifying_event_rate,state,0,female,45-64,0.022025862813443188,0.01598505630209889,0.02964471432912485
qualifying_event_rate,state,0,female,65-74,0.03139156344107077,0.022129144527836146,0.04296558523849558
qualifying_event_rate,state,0,female,75-84,0.017788734596976576,0.008658448927555509,0.02846813583736958
qualifying_event_rate,state,0,female,85+,0.01512506996376481,0.0,0.03758901480866676
person_years_exposure,state,1,male,0-17,5603.850682795061,5518.021818450268,5678.829833657072
person_years_exposure,state,1,male,18-44,6922.752504131846,6788.772539494876,7059.607815604089
person_years_exposure,state,1,male,45-64,5627.339954482283,5491.364136270685,5735.818849000822
person_years_exposure,state,1,male,65-74,1442.8601245611196,1359.3289589747249,1509.6338015250928
person_years_exposure,state,1,male,75-84,540.7939778997905,484.77729310412235,591.4476336311048
person_years_exposure,state,1,male,85+,73.86967664677928,56.95842108524906,91.4579517240922
person_years_exposure,state,1,male,18-64,12550.09245861413,12293.063051671495,12770.492620373969
person_years_exposure,state,1,male,65+,2057.5237791076893,1912.9697193621694,2178.870548329201
mortality_rate,state,1,male,0-17,0.006634319235011571,0.00418741867997067,0.009839804651278072
mortality_rate,state,1,male,18-44,0.011517951096016601,0.007930825242376132,0.016520655195924668
mortality_rate,state,1,male,45-64,0.021279487493852164,0.015079864876995265,0.029791604215190854
mortality_rate,state,1,male,65-74,0.0457990668207983,0.03096753454931818,0.06608405697458045
mortality_rate,state,1,male,75-84,0.06586264483183689,0.040952452041961344,0.0999504249905156
mortality_rate,state,1,male,85+,0.04245690685977302,0.011030527555209151,0.09341837684904988
qualifying_event_rate,state,1,male,0-17,0.011466898846384735,0.007935512825197406,0.0156886490649805
qualifying_event_rate,state,1,male,18-44,0.014689238973455136,0.0105303086219308,0.019845301432741456
qualifying_event_rate,state,1,male,45-64,0.01760378807772131,0.012615986578889331,0.02386919602069422
qualifying_event_rate,state,1,male,65-74,0.027436429223595748,0.018353703235569657,0.03916770255003964
qualifying_event_rate,state,1,male,75-84,0.01890599347136687,0.008979028562678877,0.030513186747948923
qualifying_event_rate,state,1,male,85+,0.013568749274762325,0.0,0.04045312548648621
person_years_exposure,state,1,female,0-17,5310.211520126007,5209.467159392347,5402.074074163367
person_years_exposure,state,1,female,18-44,6440.995895877125,6290.8930569575905,6594.385598882816
person_years_exposure,state,1,female,45-64,6058.115869458078,5902.780267616235,6205.6132822463005
person_years_exposure,state,1,female,65-74,1584.8757298812693,1488.4309166129974,1661.750236889708
person_years_exposure,state,1,female,75-84,536.175824649649,486.8382484270383,579.971184299025
person_years_exposure,state,1,female,85+,55.510790878667386,40.14701185816672,70.79836006292949
person_years_exposure,state,1,female,18-64,12499.111765335203,12200.631342375364,12791.227617288
person_years_exposure,state,1,female,65+,2176.5623454095853,2025.6965390612343,2294.2718856426645
mortality_rate,state,1,female,0-17,0.010476112087608506,0.007000700426376256,0.015042365173112296
mortality_rate,state,1,female,18-44,0.009061576718402575,0.006213778998635991,0.01289258160350757
mortality_rate,state,1,female,45-64,0.011868602175470087,0.008131753729830118,0.016770100463998395
mortality_rate,state,1,female,65-74,0.05006609507749567,0.03455663014464787,0.07204904029829251
mortality_rate,state,1,female,75-84,0.05515944189560604,0.033819334622960516,0.08516022289373405
mortality_rate,state,1,female,85+,0.016117361059571123,0.0,0.04997215566933943
qualifying_event_rate,state,1,female,0-17,0.018015477198560517,0.013030489010337142,0.02456135685172566
qualifying_event_rate,state,1,female,18-44,0.01603381134516382,0.01140773505932302,0.021844112224537346
qualifying_event_rate,state,1,female,45-64,0.019193889832970722,0.014209084094416503,0.026272772856264816
qualifying_event_rate,state,1,female,65-74,0.019287221972941505,0.012049324376213052,0.02809678487487409
qualifying_event_rate,state,1,female,75-84,0.020728950401475026,0.010370169233680997,0.03360115721306018
qualifying_event_rate,state,1,female,85+,0.01376975055497065,0.0,0.04483783174045652
person_years_exposure,state,2,male,0-17,1669.0579099604086,1609.9242698849714,1730.270500499302
person_years_exposure,state,2,male,18-44,2030.4316727794107,1949.1631425486025,2120.774489867794
person_years_exposure,state,2,male,45-64,2010.7676220099152,1912.7038378895752,2114.75233333257
person_years_exposure,state,2,male,65-74,574.6874098206841,535.594817483863,613.4520541816403
person_years_exposure,state,2,male,75-84,174.26199098033933,149.69605723983778,198.12645561370562
person_years_exposure,state,2,male,85+,86.67044799072274,9.513378996544402,285.89601133985565
person_years_exposure,state,2,male,18-64,4041.199294789326,3865.4568467204917,4229.23699381085
person_years_exposure,state,2,male,65+,835.6198487917462,707.655934307455,1078.0448835981394
mortality_rate,state,2,male,0-17,0.015396628692292262,0.009148359769048764,0.023400242381472106
mortality_rate,state,2,male,18-44,0.010448058431561966,0.0059423877450787985,0.016004923353030363
mortality_rate,state,2,male,45-64,0.014097400438411798,0.008606727962126328,0.020736272529204663
mortality_rate,state,2,male,65-74,0.029760442729806564,0.015850090056298585,0.04777156492266429
mortality_rate,state,2,male,75-84,0.034866292846266404,0.01221307769842353,0.06572679059115769
mortality_rate,state,2,male,85+,0.00485608725331569,0.0,0.030799045632650866
qualifying_event_rate,state,2,male,0-17,0.018032313452055602,0.01156430292670439,0.026226681910188784
qualifying_event_rate,state,2,male,18-44,0.020150146764980986,0.0132825930143825,0.028475613739135194
qualifying_event_rate,state,2,male,45-64,0.0318318930369512,0.022067576598026217,0.04376069427153106
qualifying_event_rate,state,2,male,65-74,0.023495933031267204,0.012681327268037891,0.036185970919017194
qualifying_event_rate,state,2,male,75-84,0.015569281650051116,0.0,0.03231692687160079
qualifying_event_rate,state,2,male,85+,0.009609690447323141,0.0,0.045028090177754956
person_years_exposure,state,2,female,0-17,1751.3110233602324,1684.4375699945151,1816.2421917421264
person_years_exposure,state,2,female,18-44,2039.4282004914771,1987.7821553739805,2087.7156211645333
person_years_exposure,state,2,female,45-64,1963.37910061674,1906.0102282618643,2019.206033066768
person_years_exposure,state,2,female,65-74,534.1852033673367,487.4077041484939,577.056347025755
person_years_exposure,state,2,female,75-84,128.58742551549943,101.29002820282668,160.55447856677353
person_years_exposure,state,2,female,85+,17.640161826744546,9.61627290063839,28.144782317662145
person_years_exposure,state,2,female,18-64,4002.807301108217,3902.5936517507225,4096.390551681552
person_years_exposure,state,2,female,65+,680.4127907095808,606.6976358979927,756.8674172589356
mortality_rate,state,2,female,0-17,0.00531694259570646,0.0022754413676628143,0.008913550745907738
mortality_rate,state,2,female,18-44,0.013860161534615134,0.00835891303260323,0.021063665893517394
mortality_rate,state,2,female,45-64,0.007844216943263016,0.004038091376165677,0.012346663284818489
mortality_rate,state,2,female,65-74,0.05010971412322762,0.030917717704906044,0.07671255508459691
mortality_rate,state,2,female,75-84,0.0341710855175663,0.009999409218985582,0.06718472502794895
mortality_rate,state,2,female,85+,0.005952454024763407,0.0,0.04950586059076005
qualifying_event_rate,state,2,female,0-17,0.017666265673537466,0.011204793420967111,0.02533405164300968
qualifying_event_rate,state,2,female,18-44,0.01747399097266034,0.01127572720574185,0.025093570748946175
qualifying_event_rate,state,2,female,45-64,0.03132548702192869,0.021569354646891244,0.04304937158114117
qualifying_event_rate,state,2,female,65-74,0.025514222940321216,0.014060609999728661,0.039947010294442656
qualifying_event_rate,state,2,female,75-84,0.01807581658572485,0.0,0.03869293732079293
qualifying_event_rate,state,2,female,85+,0.010685146104610906,0.0,0.05841454088914738
person_years_exposure,state,3,male,0-17,2780.0750050561733,2670.3794823705075,2893.5682221699867
person_years_exposure,state,3,male,18-44,3405.4234380930066,3293.884169294928,3518.709172044172
person_years_exposure,state,3,male,45-64,3457.5433585526184,3346.8955462640342,3557.0220632252835
person_years_exposure,state,3,male,65-74,906.0935338165488,846.2204823387879,964.6784659343886
person_years_exposure,state,3,male,75-84,305.1605733765466,274.9115680797276,333.9757959628642
person_years_exposure,state,3,male,85+,51.898058872130164,42.57194763332059,61.66996792159181
person_years_exposure,state,3,male,18-64,6862.966796645625,6652.347611851555,7064.494115590241
person_years_exposure,state,3,male,65+,1263.1521660652256,1174.918528521316,1348.7979465195695
mortality_rate,state,3,male,0-17,0.008210631667665665,0.004742668639813892,0.012530042125103301
mortality_rate,state,3,male,18-44,0.010921708217437964,0.006776110663211259,0.015867331198936147
mortality_rate,state,3,male,45-64,0.01652876619461207,0.011185173809120035,0.02360226764234097
mortality_rate,state,3,male,65-74,0.034391660123680036,0.021445965972616155,0.050809467473050214
mortality_rate,state,3,male,75-84,0.04752640238584691,0.024628687588271726,0.07761230375593953
mortality_rate,state,3,male,85+,0.007580728440721748,0.0,0.03551772055039672
qualifying_event_rate,state,3,male,0-17,0.020737518003614116,0.01416267127878076,0.028673453044197505
qualifying_event_rate,state,3,male,18-44,0.025116197126275035,0.017939816784869958,0.034554317722733895
qualifying_event_rate,state,3,male,45-64,0.02615502382133721,0.01890545096268117,0.03614278415639333
qualifying_event_rate,state,3,male,65-74,0.03577008019973738,0.023172786022863826,0.051235807036509255
qualifying_event_rate,state,3,male,75-84,0.0287749134355743,0.012833697843780533,0.04820061166533507
qualifying_event_rate,state,3,male,85+,0.01551018499303786,0.0,0.04702101635342761
person_years_exposure,state,3,female,0-17,2975.8840476217783,2889.4932494566183,3063.1234020047127
person_years_exposure,state,3,female,18-44,3534.827785267918,3433.92886208573,3637.86071951397
person_years_exposure,state,3,female,45-64,3313.9169507491147,3200.1196668820635,3416.8788168171336
person_years_exposure,state,3,female,65-74,958.1508791682793,902.6041623289318,1011.4718120018018
person_years_exposure,state,3,female,75-84,387.5782064765414,352.8429203451307,421.668700241058
person_years_exposure,state,3,female,85+,65.01251012430846,57.795719768478044,70.77558361917515
person_years_exposure,state,3,female,18-64,6848.744736017033,6650.941717908775,7040.009684679
person_years_exposure,state,3,female,65+,1410.7415957691292,1323.695734460795,1494.8154307687469
mortality_rate,state,3,female,0-17,0.007887132371641748,0.004628049334333288,0.0119018073992187
mortality_rate,state,3,female,18-44,0.0050068873464631835,0.002817991628169601,0.007710094042451793
mortality_rate,state,3,female,45-64,0.024938282023922682,0.017128395960093676,0.03523414644453663
mortality_rate,state,3,female,65-74,0.022522568071561635,0.013248307819600583,0.03496920427569647
mortality_rate,state,3,female,75-84,0.03777996665415779,0.01933859579755301,0.06125336516458864
mortality_rate,state,3,female,85+,0.019663664265777814,0.0,0.05189457563090417
qualifying_event_rate,state,3,female,0-17,0.02390612971677863,0.01696570330001175,0.0328346829236248
qualifying_event_rate,state,3,female,18-44,0.023937738507272596,0.01705849568273016,0.03291427333156831
qualifying_event_rate,state,3,female,45-64,0.03900834135882911,0.028741334554639585,0.053047456707527633
qualifying_event_rate,state,3,female,65-74,0.036269760206953536,0.02319570829166012,0.05152502137884653
qualifying_event_rate,state,3,female,75-84,0.023652127335889252,0.010488456628314912,0.038719434815034995
qualifying_event_rate,state,3,female,85+,0.021679185299936673,0.0,0.053196124971109135
person_years_exposure,state,4,male,0-17,1594.3479707002637,1547.2969220979437,1647.079061286898
person_years_exposure,state,4,male,18-44,1915.1659147148769,1865.5646843815614,1965.4647135731657
person_years_exposure,state,4,male,45-64,1759.2869910343088,1684.3045530191905,1835.0286515178973
person_years_exposure,state,4,male,65-74,475.7516158570376,443.6317160928168,505.69472925391767
person_years_exposure,state,4,male,75-84,187.964635295516,151.25891622152255,231.27219474576577
person_years_exposure,state,4,male,85+,6.256503008693337,3.3399394975059096,9.669817734562905
person_years_exposure,state,4,male,18-64,3674.4529057491854,3559.464004782934,3787.919017406523
person_years_exposure,state,4,male,65+,669.9727541612469,602.1428811352297,740.7078389823926
mortality_rate,state,4,male,0-17,0.006164047560102919,0.002549700625229429,0.01031002667946485
mortality_rate,state,4,male,18-44,0.015193282225019108,0.009224523179589375,0.023029330774206474
mortality_rate,state,4,male,45-64,0.01743648501144506,0.010668515832315147,0.026057131504292525
mortality_rate,state,4,male,65-74,0.006645528860799625,0.0019349135233408315,0.014271393980424292
mortality_rate,state,4,male,75-84,0.02393943555464377,0.005560411536510025,0.047840744122739774
mortality_rate,state,4,male,85+,0.005425468247227978,0.0,0.005425468247227978
qualifying_event_rate,state,4,male,0-17,0.015204773151310658,0.009252397423139578,0.02253006683179787
qualifying_event_rate,state,4,male,18-44,0.019285565971055182,0.012671343175644315,0.027984445009363843
qualifying_event_rate,state,4,male,45-64,0.023931037240972217,0.015775019181521337,0.03369198017518327
qualifying_event_rate,state,4,male,65-74,0.026519097623277376,0.012979249723088244,0.04136430023143647
qualifying_event_rate,state,4,male,75-84,0.020738292227659095,0.005182041142905837,0.04002027531041781
qualifying_event_rate,state,4,male,85+,0.018320882634180993,0.0,0.1588301505032543
person_years_exposure,state,4,female,0-17,1420.7061805573778,1381.3040425991596,1465.7969637795645
person_years_exposure,state,4,female,18-44,1662.612321810595,1616.7674789089103,1703.088836671941
person_years_exposure,state,4,female,45-64,1884.322858515775,1804.000929164982,1960.4916291290426
person_years_exposure,state,4,female,65-74,493.9255140510845,445.43084943978994,544.8088262728709
person_years_exposure,state,4,female,75-84,155.71804943683188,134.80157504808653,177.95424552070438
person_years_exposure,state,4,female,85+,14.701642153727013,11.167344975456391,17.734461508386108
person_years_exposure,state,4,female,18-64,3546.93518032637,3431.731823640898,3656.0967702038497
person_years_exposure,state,4,female,65+,664.3452056416434,596.1456330926188,734.427486860944
mortality_rate,state,4,female,0-17,0.0028003789097610114,0.0006955249817737556,0.005697259676757021
mortality_rate,state,4,female,18-44,0.01650555376403202,0.010077657701086639,0.02448748924834439
mortality_rate,state,4,female,45-64,0.02361979743418657,0.015025682086850005,0.03477999019958086
mortality_rate,state,4,female,65-74,0.03225425254989251,0.017168496878541353,0.05203121524487583
mortality_rate,state,4,female,75-84,0.009599803510046672,0.0,0.02632118563290019
mortality_rate,state,4,female,85+,0.007295515888440157,0.0,0.07386709477506324
qualifying_event_rate,state,4,female,0-17,0.023303496759626362,0.014620643503596636,0.03363038180629517
qualifying_event_rate,state,4,female,18-44,0.027100158461021956,0.018086574433858603,0.038282127239396335
qualifying_event_rate,state,4,female,45-64,0.042568290238187166,0.030303876375145908,0.05817210831478485
qualifying_event_rate,state,4,female,65-74,0.026130976074280592,0.013124632961221096,0.04107861961381992
qualifying_event_rate,state,4,female,75-84,0.027756860899471936,0.006614258029526214,0.05253172926935092
qualifying_event_rate,state,4,female,85+,0.01756873630147634,0.0,0.07783350597127754
person_years_exposure,state,5,male,0-17,12692.053524977147,12522.493671785433,12818.255396845389
person_years_exposure,state,5,male,18-44,14641.657700693519,14463.610644972441,14804.415228755783
person_years_exposure,state,5,male,45-64,13162.178793929952,12895.113851787217,13347.202000426838
person_years_exposure,state,5,male,65-74,3499.8572422963894,3291.264512663461,3650.9340958262324
person_years_exposure,state,5,male,75-84,1130.442581822557,1053.588834114542,1195.8907525318743
person_years_exposure,state,5,male,85+,182.34945342697648,162.35102223025984,203.63253096285658
person_years_exposure,state,5,male,18-64,27803.836494623472,27393.97550474883,28118.254933598022
person_years_exposure,state,5,male,65+,4812.649277545923,4524.476591113456,5034.164840580046
mortality_rate,state,5,male,0-17,0.008450303867164641,0.0059980373775817995,0.011724578354738677
mortality_rate,state,5,male,18-44,0.005547167419345757,0.0038695982939614296,0.007730815324060389
mortality_rate,state,5,male,45-64,0.019705193593754514,0.014456548308182634,0.02719215828933074
mortality_rate,state,5,male,65-74,0.048067590294224916,0.03407766851061256,0.06819764487740182
mortality_rate,state,5,male,75-84,0.04197554105337559,0.027395543009241276,0.061998038183537656
mortality_rate,state,5,male,85+,0.016388302963361027,0.0,0.03540888454799652
qualifying_event_rate,state,5,male,0-17,0.008099309918422762,0.00581251894280577,0.011091247537192017
qualifying_event_rate,state,5,male,18-44,0.01486981273064515,0.010970361951588998,0.020111549661743947
qualifying_event_rate,state,5,male,45-64,0.01700504840686629,0.012721929493273679,0.023128028626688803
qualifying_event_rate,state,5,male,65-74,0.028743441858092442,0.020482739370475758,0.039936648173247595
qualifying_event_rate,state,5,male,75-84,0.018450622282701546,0.011177737040363253,0.027256538833877703
qualifying_event_rate,state,5,male,85+,0.016889494451076938,0.004193646458948194,0.034205365293702744
person_years_exposure,state,5,female,0-17,12421.664476090284,12227.784598211496,12588.182563214323
person_years_exposure,state,5,female,18-44,14822.472377049715,14614.757123861198,15015.05870171368
person_years_exposure,state,5,female,45-64,12952.342521404833,12723.952039638503,13114.917374033685
person_years_exposure,state,5,female,65-74,3604.8188400108293,3455.616535249083,3715.824950428973
person_years_exposure,state,5,female,75-84,1276.4778548209777,1171.927684666379,1351.7754755174028
person_years_exposure,state,5,female,85+,191.57823550994905,170.40773297051862,212.67107256329206
person_years_exposure,state,5,female,18-64,27774.814898454548,27357.582567643032,28116.200477167036
person_years_exposure,state,5,female,65+,5072.874930341756,4814.371434771767,5257.31975466607
mortality_rate,state,5,female,0-17,0.008672198861803088,0.006105397938951922,0.012170968651150636
mortality_rate,state,5,female,18-44,0.008102698977735804,0.00579734719637272,0.011360270217078097
mortality_rate,state,5,female,45-64,0.01443739204440973,0.010473475376442757,0.020280827612239594
mortality_rate,state,5,female,65-74,0.031299736358676,0.021867548610355066,0.04474534790205414
mortality_rate,state,5,female,75-84,0.07224756154627582,0.050101114007060125,0.1037699837299986
mortality_rate,state,5,female,85+,0.007291588311335993,0.0,0.019646181564498863
qualifying_event_rate,state,5,female,0-17,0.011175268012970202,0.008171602059880403,0.015238689691579248
qualifying_event_rate,state,5,female,18-44,0.015132534486605042,0.011272358873053069,0.020457991444499342
qualifying_event_rate,state,5,female,45-64,0.015586323029801548,0.011453057965836176,0.02124921411304549
qualifying_event_rate,state,5,female,65-74,0.021028086200780217,0.01478983028480037,0.029685883717178094
qualifying_event_rate,state,5,female,75-84,0.017201658535637477,0.010095408130895128,0.026101041917932943
qualifying_event_rate,state,5,female,85+,0.0145462148045457,0.0,0.030459559320812398
