estimand,level,unit,sex,age_band,estimate,lower,upper
children_under_16,county,0,,,1747.6998372755547,1286.3782749161946,2209.021399634915
children_under_16,county,1,,,1348.2708377807862,992.9793647647625,1703.56231079681
children_under_16,county,2,,,483.1860394793538,348.293353452486,618.0787255062216
children_under_16,county,3,,,1326.6421356296144,985.5965662524957,1667.687705006733
children_under_16,county,4,,,1648.691520571768,1237.1406406441213,2060.2424004994145
children_under_16,county,5,,,694.560045293534,517.4686732546786,871.6514173323894
children_under_16,county,6,,,1795.589236522632,1337.7694070223504,2253.409066022914
children_under_16,county,7,,,1351.618440843303,1014.2237543815302,1689.0131273050758
children_under_16,county,8,,,446.6613173129583,335.1644994570386,558.1581351688781
children_under_16,county,9,,,973.2750901846199,716.3701139220259,1230.180066447214
children_under_16,county,10,,,575.1675362182634,431.5926450498104,718.7424273867164
children_under_16,county,11,,,644.2613056764333,483.43903908133507,805.0835722715315
children_under_16,county,12,,,971.5100988640477,700.2903283607259,1242.7298693673695
children_under_16,county,13,,,749.8389268411481,551.911995756995,947.7658579253012
children_under_16,county,14,,,687.0603148505271,515.5544427016615,858.5661869993927
children_under_16,county,15,,,470.3406059090336,339.0340231548251,601.6471886632421
children_under_16,county,16,,,1283.6220367084074,956.3380398814193,1610.9060335353956
children_under_16,county,17,,,481.2628698100108,361.1287179232312,601.3970216967904
children_under_16,nation,0,,,17679.258195771996,16795.446768800284,18563.069622743707
children_under_16,state,0,,,3470.813854301322,3115.496822054631,3826.1308865480128
children_under_16,state,1,,,1348.2708377807862,1211.7914971651958,1484.7501783963767
children_under_16,state,2,,,1925.036744252435,1661.4860216110378,2188.5874668938322
children_under_16,state,3,,,1326.6421356296144,1216.4997736739347,1436.784497585294
children_under_16,state,4,,,5834.7233052832635,5508.959100133771,6160.487510432756
children_under_16,state,5,,,3773.7713185245734,3485.9990091229624,4061.5436279261844
elders_65_plus,county,0,,,641.5796164313756,472.2287332205444,810.9304996422068
elders_65_plus,county,1,,,494.509606303276,364.1982166916355,624.8209959149165
elders_65_plus,county,2,,,173.9097268795986,125.35875837424629,222.4606953849509
elders_65_plus,county,3,,,663.1872563305218,492.698871132693,833.6756415283505
elders_65_plus,county,4,,,727.0634573006237,545.5718914851232,908.5550231161242
elders_65_plus,county,5,,,240.13510550434603,178.90806603292395,301.3621449757681
elders_65_plus,county,6,,,629.2379060006497,468.8016631335296,789.6741488677698
elders_65_plus,county,7,,,671.5317823242253,503.90218487286546,839.1613797755851
elders_65_plus,county,8,,,192.72216459372078,144.61433154524363,240.82999764219792
elders_65_plus,county,9,,,327.8965073310432,241.34518665921746,414.44782800286896
elders_65_plus,county,10,,,288.1567687929171,216.22628921314407,360.0872483726901
elders_65_plus,county,11,,,312.80726542458234,234.7234615553164,390.8910692938483
elders_65_plus,county,12,,,213.43565801293158,153.8501012069044,273.02121481895875
elders_65_plus,county,13,,,258.04849349626386,189.93420313290875,326.16278385961897
elders_65_plus,county,14,,,286.66706287334137,215.10844775358703,358.2256779930957
elders_65_plus,county,15,,,186.21419067980736,134.22814326795563,238.2002380916591
elders_65_plus,county,16,,,617.4225185608069,459.9988347763334,774.8462023452804
elders_65_plus,county,17,,,234.29548190348396,175.8100038517677,292.7809599552002
elders_65_plus,nation,0,,,7158.820568743516,6803.842301498997,7513.798835988035
elders_65_plus,state,0,,,1227.5246172586826,1101.8594498589432,1353.189784658422
elders_65_plus,state,1,,,494.509606303276,444.45264214952067,544.5665704570313
elders_65_plus,state,2,,,573.5595755723376,495.035339049941,652.0838120947343
elders_65_plus,state,3,,,663.1872563305218,608.127184839212,718.2473278218316
elders_65_plus,state,4,,,2713.2439832128944,2561.758176033717,2864.7297903920717
elders_65_plus,state,5,,,1486.7955300658027,1373.4186062456527,1600.1724538859528
households,county,0,,,2819.153638964966,2064.2932115146605,3574.0140664152714
households,county,1,,,1972.3950846170417,1449.2427133734705,2495.547455860613
households,county,2,,,762.7102704416864,554.1547610458922,971.2657798374805
households,county,3,,,2338.2726725325215,1711.4492658439233,2965.09607922112
households,county,4,,,3040.5487156567942,2264.792577340936,3816.3048539726524
households,county,5,,,917.7133015364841,671.6601688704912,1163.7664342024768
households,county,6,,,2485.869873156183,1819.3697051123875,3152.370041199979
households,county,7,,,2364.917363229453,1761.5397058717388,2968.2950205871666
households,county,8,,,848.5804125361589,632.0762465315928,1065.0845785407248
households,county,9,,,1798.5653470949414,1316.979034117741,2280.1516600721416
households,county,10,,,1017.9988574351614,758.269796562914,1277.7279183074088
households,county,11,,,1147.947078892069,855.0634331452791,1440.8307246388588
households,county,12,,,1191.399549553744,865.6232363447849,1517.1758627627032
households,county,13,,,1369.991398782911,1003.1606313515223,1736.8221662142996
households,county,14,,,1369.2757564178955,1019.9230005753304,1718.6285122604606
households,county,15,,,736.4100680365357,535.0460864362731,937.7740496367983
households,county,16,,,2189.9433134368423,1602.7856338762203,2777.1009929974643
households,county,17,,,984.5021001452465,733.3192976991579,1235.684902591335
households,nation,0,,,29356.194802466634,27702.52467795872,31009.864926974547
households,state,0,,,5987.710384842818,5318.214424545825,6657.206345139811
households,state,1,,,1972.3950846170417,1764.0628443056382,2180.7273249284453
households,state,2,,,2690.519888031966,2354.7418625427604,3026.2979135211713
households,state,3,,,2338.2726725325215,2075.0966194356192,2601.4487256294237
households,state,4,,,10773.770284312777,9946.18377084035,11601.356797785205
households,state,5,,,5593.52648812951,4963.376365110082,6223.676611148938
low_income_household_share,county,0,,,0.274058744583911,0.07381993667202141,0.4742975524958006
low_income_household_share,county,1,,,0.31988841456705985,0.17599475023395403,0.46378207890016565
low_income_household_share,county,2,,,0.2540183468539026,0.13071619892931224,0.377320494778493
low_income_household_share,county,3,,,0.2953617959197721,0.1396949031780167,0.45102868866152745
low_income_household_share,county,4,,,0.3068087036561522,0.18810033231201645,0.42551707500028796
low_income_household_share,county,5,,,0.3164214691794163,0.162485445200166,0.47035749315866665
low_income_household_share,county,6,,,0.2982429847709117,0.14562356713632613,0.4508624024054973
low_income_household_share,county,7,,,0.29326512928641824,0.17544712578572413,0.41108313278711234
low_income_household_share,county,8,,,0.33148499678015153,0.21106909657348552,0.45190089698681757
low_income_household_share,county,9,,,0.27338494884630715,0.07321230267258994,0.47355759502002437
low_income_household_share,county,10,,,0.3203224124116124,0.20069235742431651,0.4399524673989083
low_income_household_share,county,11,,,0.32119501979640463,0.20150432569250876,0.4408857139003005
low_income_household_share,county,12,,,0.2721212503359194,0.14704165956631635,0.39720084110552245
low_income_household_share,county,13,,,0.27716086620736463,0.07661580356917447,0.4777059288455548
low_income_household_share,county,14,,,0.35251043232166446,0.2305557372867946,0.47446512735653434
low_income_household_share,county,15,,,0.30596716946180336,0.17731255819587116,0.43462178072773555
low_income_household_share,county,16,,,0.33772551057063677,0.1821667046686377,0.4932843164726358
low_income_household_share,county,17,,,0.30311551617018795,0.18465328249354612,0.4215777498468298
low_income_household_share,nation,0,,,0.302931544686829,0.22837428514815572,0.37748880422550224
low_income_household_share,state,0,,,0.2745450324833009,0.10699012834858099,0.44209993661802083
low_income_household_share,state,1,,,0.31988841456705985,0.2087808822804978,0.4309959468536219
low_income_household_share,state,2,,,0.276205412037343,0.18320163005431872,0.3692091940203673
low_income_household_share,state,3,,,0.2953617959197721,0.16490005167342006,0.4258235401661241
low_income_household_share,state,4,,,0.3133110832119862,0.22811280447145604,0.39850936195251635
low_income_household_share,state,5,,,0.31565779649411535,0.19528287689926457,0.4360327160889661
mean_income_adults,county,0,,,19450.91633322847,9836.05305382948,29065.77961262746
mean_income_adults,county,1,,,17912.126590056396,11614.113808005477,24210.139372107315
mean_income_adults,county,2,,,19445.34928563493,12933.332380329499,25957.36619094036
mean_income_adults,county,3,,,18203.97959075851,10979.83814633367,25428.12103518335
mean_income_adults,county,4,,,17073.556700774763,12069.307365099714,22077.806036449812
mean_income_adults,county,5,,,18586.39801843045,12016.409510261496,25156.386526599403
mean_income_adults,county,6,,,18360.91948522629,11925.489842645002,24796.34912780758
mean_income_adults,county,7,,,18042.49359873058,12822.80111272543,23262.18608473573
mean_income_adults,county,8,,,18304.4569255075,13009.46270718725,23599.45114382775
mean_income_adults,county,9,,,21387.365784913676,11320.672798040356,31454.058771786997
mean_income_adults,county,10,,,16426.08388924407,11567.54530811198,21284.62247037616
mean_income_adults,county,11,,,18418.698629562372,13092.627322988477,23744.76993613627
mean_income_adults,county,12,,,18428.69046703385,12034.806739108244,24822.57419495946
mean_income_adults,county,13,,,21086.88944362393,11105.370829168227,31068.408058079636
mean_income_adults,county,14,,,19505.10997120051,13868.615220128297,25141.60472227272
mean_income_adults,county,15,,,17330.347742780763,11464.727312201983,23195.968173359543
mean_income_adults,county,16,,,19050.986259355843,12253.597491560704,25848.37502715098
mean_income_adults,county,17,,,17632.967902262655,12525.589255623301,22740.34654890201
mean_income_adults,nation,0,,,18527.828633257915,13510.753345737656,23544.903920778175
mean_income_adults,state,0,,,20353.127781256106,11635.117342380232,29071.13822013198
mean_income_adults,state,1,,,17912.126590056396,12538.067178152589,23286.186001960203
mean_income_adults,state,2,,,18410.211034941938,13144.949486334954,23675.472583548923
mean_income_adults,state,3,,,18203.97959075851,11916.272253601874,24491.686927915147
mean_income_adults,state,4,,,17800.064059515407,13648.33325569484,21951.794863335974
mean_income_adults,state,5,,,18649.60465220503,13061.728265488133,24237.481038921927
median_household_income,county,0,,,25943.78596923222,14821.657892836782,37065.91404562766
median_household_income,county,1,,,23341.24882260509,12962.75428322996,33719.74336198022
median_household_income,county,2,,,30397.297629475488,20765.775489622996,40028.81976932798
median_household_income,county,3,,,25297.441119483363,15358.688035561525,35236.194203405204
median_household_income,county,4,,,25767.18689453015,18269.769687021566,33264.604102038735
median_household_income,county,5,,,27295.2667329065,19114.35836915391,35476.17509665909
median_household_income,county,6,,,29723.72693798246,20835.927953638835,38611.52592232609
median_household_income,county,7,,,29201.214384704544,20264.62706273327,38137.80170667582
median_household_income,county,8,,,15217.957002549292,10814.037854448605,19621.87615064998
median_household_income,county,9,,,25370.933270730286,14411.16537706471,36330.70116439586
median_household_income,county,10,,,25609.66029748426,18190.821004419056,33028.499590549465
median_household_income,county,11,,,21305.88498980783,15140.182533287054,27471.587446328605
median_household_income,county,12,,,25894.526339048803,17126.643800901446,34662.40887719616
median_household_income,county,13,,,24328.900691576593,13671.02312924521,34986.77825390798
median_household_income,county,14,,,24238.9777209438,17223.088629975657,31254.866811911943
median_household_income,county,15,,,15576.490500823153,9456.014659354423,21696.966342291882
median_household_income,county,16,,,21920.9589314625,15216.088678769276,28625.829184155726
median_household_income,county,17,,,28455.631194379795,20220.866234324538,36690.39615443505
median_household_income,nation,0,,,25261.24181998621,18694.15574204967,31828.327897922754
median_household_income,state,0,,,25665.143169590516,15935.005800057335,35395.2805391237
median_household_income,state,1,,,23341.24882260509,14026.360697373679,32656.136947836498
median_household_income,state,2,,,25334.795959198345,18043.91136606434,32625.68055233235
median_household_income,state,3,,,25297.441119483363,16572.74516657434,34022.13707239239
median_household_income,state,4,,,24238.9777209438,18467.956800606706,30009.998641280894
median_household_income,state,5,,,27292.212442247986,20502.41855503017,34082.0063294658
persons,county,0,,,6359.947972413438,4681.180787922696,8038.71515690418
persons,county,1,,,5203.01270379142,3831.933543840252,6574.0918637425875
persons,county,2,,,1619.639551576365,1167.4792827430538,2071.799820409676
persons,county,3,,,5105.542134485905,3793.0385757109952,6418.045693260815
persons,county,4,,,6375.916728444048,4784.342982115481,7967.490474772615
persons,county,5,,,2129.4894513641125,1586.5353738300896,2672.4435288981354
persons,county,6,,,5849.566029266699,4358.107254788929,7341.024803744469
persons,county,7,,,5132.994463872168,3851.6823676361682,6414.306560108168
persons,county,8,,,1625.4136070206412,1219.6734234454107,2031.1537905958717
persons,county,9,,,3582.1508471525403,2636.6089467817123,4527.692747523369
persons,county,10,,,2177.6649461587785,1634.0702751141755,2721.259617203382
persons,county,11,,,2490.1792698571044,1868.573919856965,3111.784619857244
persons,county,12,,,2873.3516858341623,2071.188346803005,3675.5150248653194
persons,county,13,,,2770.9560650131534,2039.5365421197225,3502.3755879065843
persons,county,14,,,2550.113523717057,1913.5472215884583,3186.6798258456556
persons,county,15,,,1601.7293782298248,1154.5691532564827,2048.8896032031666
persons,county,16,,,4542.512096490115,3384.3117290466344,5700.712463933596
persons,county,17,,,1966.4680516046587,1475.592926155578,2457.3431770537395
persons,nation,0,,,63956.6485062922,60779.28719517966,67134.00981740473
persons,state,0,,,12713.054884579133,11411.58349429414,14014.526274864125
persons,state,1,,,5203.01270379142,4676.335330722369,5729.690076860471
persons,state,2,,,6094.720615640352,5260.311595996828,6929.129635283875
persons,state,3,,,5105.542134485905,4681.662585771255,5529.421683200555
persons,state,4,,,22318.75059067446,21072.65036180545,23564.85081954347
persons,state,5,,,12521.567577120926,11566.724234783684,13476.410919458169
tertiary_share_25_plus,county,0,,,0.5398631434696112,0.5150740891416699,0.5646521977975525
tertiary_share_25_plus,county,1,,,0.4552527358568992,0.428790257115688,0.48171521459811034
tertiary_share_25_plus,county,2,,,0.43696737891941123,0.3999921114190111,0.4739426464198114
tertiary_share_25_plus,county,3,,,0.37905409318007216,0.3526776920212155,0.4054304943389288
tertiary_share_25_plus,county,4,,,0.384352314614133,0.3587096980039244,0.4099949312243416
tertiary_share_25_plus,county,5,,,0.40663122353280645,0.37287058568966375,0.44039186137594916
tertiary_share_25_plus,county,6,,,0.42302788694047927,0.39733740960591624,0.4487183642750423
tertiary_share_25_plus,county,7,,,0.3823276933788387,0.35563158232363307,0.40902380443404435
tertiary_share_25_plus,county,8,,,0.4138268453255368,0.3750860712126989,0.45256761943837476
tertiary_share_25_plus,county,9,,,0.44914920768558725,0.42121136888606947,0.477087046485105
tertiary_share_25_plus,county,10,,,0.4089389115242094,0.37451917465716555,0.4433586483912533
tertiary_share_25_plus,county,11,,,0.4188569033323445,0.38609916616799755,0.4516146404966914
tertiary_share_25_plus,county,12,,,0.4232008894406885,0.3918391725749653,0.4545626063064117
tertiary_share_25_plus,county,13,,,0.4599871240753325,0.4300098911601021,0.4899643569905629
tertiary_share_25_plus,county,14,,,0.4008742057792258,0.36824342036811086,0.4335049911903407
tertiary_share_25_plus,county,15,,,0.3726417545881002,0.3370415719632564,0.40824193721294405
tertiary_share_25_plus,county,16,,,0.400963077388859,0.3738948830027245,0.4280312717749935
tertiary_share_25_plus,county,17,,,0.37013603214447777,0.3358770796319276,0.40439498465702794
tertiary_share_25_plus,nation,0,,,0.4211011821259474,0.40044688719675925,0.4417554770551355
tertiary_share_25_plus,state,0,,,0.4968928308841124,0.47434539321590996,0.5194402685523148
tertiary_share_25_plus,state,1,,,0.4552527358568991,0.42879025711568797,0.4817152145981103
tertiary_share_25_plus,state,2,,,0.4135720147988262,0.38793206020393906,0.4392119693937134
tertiary_share_25_plus,state,3,,,0.37905409318007216,0.3526776920212155,0.4054304943389288
tertiary_share_25_plus,state,4,,,0.39291716449207803,0.3711473358997446,0.4146869930844115
tertiary_share_25_plus,state,5,,,0.41223481448954047,0.3893886160396514,0.4350810129394295
person_years_exposure,county,0,male,0-17,5025.105929731255,4591.619558572279,5562.056910544254
person_years_exposure,county,0,male,18-44,4896.0155684080755,4482.22879688109,5411.682286038037
person_years_exposure,county,0,male,45-64,4181.420057485307,3809.261059254513,4626.971055999735
person_years_exposure,county,0,male,65-74,1025.981727233698,901.2715588265849,1156.2144968897373
person_years_exposure,county,0,male,75-84,460.5660160161132,353.7336041872112,555.06308132284
person_years_exposure,county,0,male,85+,85.64553273183726,48.98569642688858,117.4415115317059
person_years_exposure,county,0,male,18-64,9077.435625893382,8297.843133944707,10033.79425674817
person_years_exposure,county,0,male,65+,1572.1932759816484,1311.8913632309907,1814.6909404449666
mortality_rate,county,0,male,0-17,0.0006977659188246249,0.0,0.001734844482087162
mortality_rate,county,0,male,18-44,0.0008196835850860815,0.0,0.001965630554260908
mortality_rate,county,0,male,45-64,0.006792161159558364,0.0020725780042948664,0.014342757700752991
mortality_rate,county,0,male,65-74,0.03343834299929547,0.011528780477663737,0.07351925491882391
mortality_rate,county,0,male,75-84,0.08963719869696578,0.030202633817811776,0.20401682781490618
mortality_rate,county,0,male,85+,0.1598659532985773,0.05442588402789578,0.4055844088064101
qualifying_event_rate,county,0,male,0-17,0.006612694866967138,0.004163325011839596,0.009685060962202691
qualifying_event_rate,county,0,male,18-44,0.013762286935631318,0.009373453183625865,0.01960290462081891
qualifying_event_rate,county,0,male,45-64,0.02127470927837118,0.014969179406680652,0.029376324620947046
qualifying_event_rate,county,0,male,65-74,0.04177020663472147,0.02819474685327487,0.05840246379424168
qualifying_event_rate,county,0,male,75-84,0.034517387077195635,0.01937181013164602,0.053382118807404955
qualifying_event_rate,county,0,male,85+,0.038109565886392305,0.005336508217588731,0.08078766981946554
person_years_exposure,county,0,female,0-17,5296.524887822453,4839.8322319804565,5857.39928936852
person_years_exposure,county,0,female,18-44,4741.846569984524,4325.737159624897,5252.656398988143
person_years_exposure,county,0,female,45-64,4317.53546695196,3943.1233494577373,4779.325411262174
person_years_exposure,county,0,female,65-74,1246.6199210234522,1097.76625655569,1399.381047862225
person_years_exposure,county,0,female,75-84,536.867670700312,410.0984098001398,645.349922290465
person_years_exposure,county,0,female,85+,79.17041054597617,47.942237235977565,106.45629833643767
person_years_exposure,county,0,female,18-64,9059.382036936484,8278.670984018956,10025.039869138132
person_years_exposure,county,0,female,65+,1862.6580022697403,1562.7520791877673,2137.3814771371
mortality_rate,county,0,female,0-17,0.0006802625155286117,0.0,0.0016784298272936094
mortality_rate,county,0,female,18-44,0.0007332693561321509,0.0,0.001795056556721916
mortality_rate,county,0,female,45-64,0.006899213193326487,0.0021808463958673694,0.014691397081937665
mortality_rate,county,0,female,65-74,0.03185449594464081,0.010790737660476645,0.06860600450409295
mortality_rate,county,0,female,75-84,0.08674132682338655,0.03094287940564699,0.19643301169976912
mortality_rate,county,0,female,85+,0.14260846702764296,0.04546252152344694,0.35986996444176655
qualifying_event_rate,county,0,female,0-17,0.007475973496988378,0.004812560969646307,0.010704281501421867
qualifying_event_rate,county,0,female,18-44,0.01547979905041288,0.010579984199404657,0.0214341550478978
qualifying_event_rate,county,0,female,45-64,0.02094621708344527,0.014683663696315918,0.02866274180442908
qualifying_event_rate,county,0,female,65-74,0.04179348096308807,0.0288067515137816,0.058402600323781424
qualifying_event_rate,county,0,female,75-84,0.04146415156921443,0.025040003210843726,0.06161567523831233
qualifying_event_rate,county,0,female,85+,0.04051579958740798,0.009927877438350115,0.08271715663737755
person_years_exposure,county,1,male,0-17,3820.602988841,3400.9843584870714,4197.911155668267
person_years_exposure,county,1,male,18-44,3439.7272820762996,3064.3631124955878,3779.4337428743693
person_years_exposure,county,1,male,45-64,3245.0275167451723,2888.477627694663,3570.030420935291
person_years_exposure,county,1,male,65-74,992.1716903902247,859.6127852686519,1106.501751419359
person_years_exposure,county,1,male,75-84,321.18568470364414,242.15671272922967,388.13778873371945
person_years_exposure,county,1,male,85+,22.99217182898493,11.791759185973161,32.72631645317952
person_years_exposure,county,1,male,18-64,6684.754798821472,5972.789113194622,7342.405801642607
person_years_exposure,county,1,male,65+,1336.349546922854,1132.326219994486,1518.0483379455698
mortality_rate,county,1,male,0-17,0.005037577075520362,0.001549210136247444,0.011151790606265834
mortality_rate,county,1,male,18-44,0.0006630646942955544,0.0,0.0017560052809793033
mortality_rate,county,1,male,45-64,0.009300136613023344,0.0028844431887697186,0.02002679342565875
mortality_rate,county,1,male,65-74,0.03308320431627122,0.011052337921964616,0.07259136248757667
mortality_rate,county,1,male,75-84,0.08730603695862199,0.02902078106953996,0.20397522261404016
mortality_rate,county,1,male,85+,0.12303907740673257,0.0181683465591118,0.3787405552060337
qualifying_event_rate,county,1,male,0-17,0.016042875224217865,0.010835214543855986,0.022519392478839297
qualifying_event_rate,county,1,male,18-44,0.02586023284491508,0.018349046727856144,0.035482239494286874
qualifying_event_rate,county,1,male,45-64,0.04435482178341196,0.03238858719990254,0.0594425872609034
qualifying_event_rate,county,1,male,65-74,0.07700467188163862,0.0548238740905265,0.10410082943284035
qualifying_event_rate,county,1,male,75-84,0.08616888789251752,0.05812172578896637,0.12069294128285135
qualifying_event_rate,county,1,male,85+,0.029398349573321176,0.0,0.09871784194373791
person_years_exposure,county,1,female,0-17,3646.4048629539425,3253.077980356012,4010.783476614342
person_years_exposure,county,1,female,18-44,3381.9744276840793,3012.3631600927156,3713.708429695974
person_years_exposure,county,1,female,45-64,3264.7082925350983,2903.4194704180386,3586.7383878695146
person_years_exposure,county,1,female,65-74,944.6020909507253,820.5137531134453,1056.340066928057
person_years_exposure,county,1,female,75-84,375.8956678814951,288.9145988799271,447.6259678513067
person_years_exposure,county,1,female,85+,55.54565917296312,32.77916690975809,73.55988622952029
person_years_exposure,county,1,female,18-64,6646.682720219178,5922.598202324365,7295.323180018231
person_years_exposure,county,1,female,65+,1376.0434180051834,1158.7166375266297,1566.9955024912656
mortality_rate,county,1,female,0-17,0.002580399061852295,0.000560760213893182,0.005825861206458057
mortality_rate,county,1,female,18-44,0.0009969271215213783,0.0,0.0024754939359305783
mortality_rate,county,1,female,45-64,0.009251400827774045,0.003063446535021686,0.02004793566754776
mortality_rate,county,1,female,65-74,0.0340431456489095,0.011332144313805938,0.07406309218296826
mortality_rate,county,1,female,75-84,0.0852646396756621,0.028189804436065165,0.2030500441530803
mortality_rate,county,1,female,85+,0.09948769077353047,0.025280223616541694,0.2685531212113914
qualifying_event_rate,county,1,female,0-17,0.016690106832911687,0.011088661618057685,0.023587183724885583
qualifying_event_rate,county,1,female,18-44,0.031118130815766434,0.022069185878952947,0.04274609523195856
qualifying_event_rate,county,1,female,45-64,0.04439299404257322,0.03268868340617926,0.0597732638729713
qualifying_event_rate,county,1,female,65-74,0.0694291041563348,0.04915569383659516,0.09411904574618883
qualifying_event_rate,county,1,female,75-84,0.0718329421451801,0.046574843453889306,0.10229574522102135
qualifying_event_rate,county,1,female,85+,0.053353134554820436,0.012606463532760279,0.10745168232976858
person_years_exposure,county,2,male,0-17,1311.587172398251,1120.0250394752743,1489.7831827169268
person_years_exposure,county,2,male,18-44,1525.776229245689,1310.0736491335654,1730.527529245025
person_years_exposure,county,2,male,45-64,1101.4104029600642,945.6293808765207,1250.0943885584616
person_years_exposure,county,2,male,65-74,332.04372531603457,270.4915741711631,388.9004356583635
person_years_exposure,county,2,male,75-84,141.30206549902985,102.74021168405696,175.8220336064159
person_years_exposure,county,2,male,85+,20.94019925581481,9.195042254377638,33.47319834440595
person_years_exposure,county,2,male,18-64,2627.186632205753,2263.633992107915,2977.9741636896492
person_years_exposure,county,2,male,65+,494.2859900708793,390.30628202272504,589.5828469186487
mortality_rate,county,2,male,0-17,0.003514721231087383,0.0006719375153456636,0.008553231770660353
mortality_rate,county,2,male,18-44,0.0008448568507567357,0.0,0.0026511029352044033
mortality_rate,county,2,male,45-64,0.010581248228343247,0.0027788982670871455,0.023600194776184094
mortality_rate,county,2,male,65-74,0.04255737351176136,0.012020691633635554,0.09860683734150627
mortality_rate,county,2,male,75-84,0.08605466852941507,0.023344035341072045,0.20826494387660396
mortality_rate,county,2,male,85+,0.13080638303551573,0.0,0.42049181090859516
qualifying_event_rate,county,2,male,0-17,0.019481927417014495,0.011688685220513993,0.028556661443107065
qualifying_event_rate,county,2,male,18-44,0.03063964447142032,0.020520421166391953,0.04239503035930631
qualifying_event_rate,county,2,male,45-64,0.04351531684051818,0.029350554701266143,0.05964504259994143
qualifying_event_rate,county,2,male,65-74,0.0767545636988583,0.04862993111730474,0.1089427814325991
qualifying_event_rate,county,2,male,75-84,0.07172451587976474,0.0372370201576983,0.11394657190425057
qualifying_event_rate,county,2,male,85+,0.05202732454739915,0.0,0.14507077374231142
person_years_exposure,county,2,female,0-17,1167.7841573978026,995.1119695687016,1326.4361806982217
person_years_exposure,county,2,female,18-44,1221.093817228825,1044.4192935410279,1385.4106999753633
person_years_exposure,county,2,female,45-64,1127.0632319335573,960.0635468261354,1282.2550893364628
person_years_exposure,county,2,female,65-74,314.62363048602765,258.3089720108354,365.8793177698395
person_years_exposure,county,2,female,75-84,121.25235013244742,83.83600878136167,154.11565233588553
person_years_exposure,county,2,female,85+,17.691005053035664,6.598193267445108,29.89008199598614
person_years_exposure,county,2,female,18-64,2348.1570491623825,2009.5381355389948,2666.1503788544082
person_years_exposure,county,2,female,65+,453.56698567151074,360.18693224185904,542.1130822939298
mortality_rate,county,2,female,0-17,0.0018067236722507452,0.0,0.004780410247309992
mortality_rate,county,2,female,18-44,0.001014869270198263,0.0,0.003165183577567732
mortality_rate,county,2,female,45-64,0.010299686928465376,0.0026701241340635617,0.023061494853162504
mortality_rate,county,2,female,65-74,0.04019893096359049,0.011057593002753777,0.0943881566116193
mortality_rate,county,2,female,75-84,0.09660908403203368,0.027165998883585712,0.24806434693603469
mortality_rate,county,2,female,85+,0.13554313622617728,0.0,0.4857105440972931
qualifying_event_rate,county,2,female,0-17,0.016544002670665407,0.009466739011431689,0.024708069776669145
qualifying_event_rate,county,2,female,18-44,0.030287419936626703,0.01946481162035025,0.04378143439228102
qualifying_event_rate,county,2,female,45-64,0.0491544625500292,0.033541859226825635,0.06663889746162531
qualifying_event_rate,county,2,female,65-74,0.07052104653572372,0.044466435453317646,0.09971807120866451
qualifying_event_rate,county,2,female,75-84,0.07505346472030305,0.0371951423311457,0.12188357266253082
qualifying_event_rate,county,2,female,85+,0.0528960931113655,0.0,0.1514312927807225
person_years_exposure,county,3,male,0-17,3561.56367562941,3271.4390312703,3836.6643581209833
person_years_exposure,county,3,male,18-44,3504.438973136772,3229.5546129414447,3763.5037070204676
person_years_exposure,county,3,male,45-64,3547.025888618666,3265.1791568706885,3818.2892214847698
person_years_exposure,county,3,male,65-74,1244.1793642636735,1118.441463847517,1361.1025586741628
person_years_exposure,county,3,male,75-84,602.5993300394265,469.0060004917622,702.6565952418218
person_years_exposure,county,3,male,85+,85.84920115322035,49.74546388561728,112.98244833219171
person_years_exposure,county,3,male,18-64,7051.464861755438,6497.869374041329,7580.101961941244
person_years_exposure,county,3,male,65+,1932.6278954563204,1654.051891106035,2161.9593355047496
mortality_rate,county,3,male,0-17,0.007325801521473308,0.0022820709215694156,0.016295989449660493
mortality_rate,county,3,male,18-44,0.0012251481803967582,0.0,0.0029141096259077117
mortality_rate,county,3,male,45-64,0.005471683527113534,0.0016554445077528249,0.011958016682485213
mortality_rate,county,3,male,65-74,0.027453619263903183,0.009044945386851997,0.06068747302317979
mortality_rate,county,3,male,75-84,0.0793784256818289,0.028998214287777425,0.1865351038758953
mortality_rate,county,3,male,85+,0.12812493307467546,0.03722688430322969,0.35157324290902076
qualifying_event_rate,county,3,male,0-17,0.012187825010900264,0.008156085478945621,0.01714587206281121
qualifying_event_rate,county,3,male,18-44,0.034017264017168945,0.024492119015906408,0.04624714856706051
qualifying_event_rate,county,3,male,45-64,0.04196104531970648,0.030798812419602004,0.05616847321810967
qualifying_event_rate,county,3,male,65-74,0.06761210195849421,0.04899270686585236,0.0909114190036332
qualifying_event_rate,county,3,male,75-84,0.08306592958047841,0.05870909973416253,0.11455541064542503
qualifying_event_rate,county,3,male,85+,0.051093814749396144,0.01392528819910721,0.09492367528288263
person_years_exposure,county,3,female,0-17,3365.525911318764,3084.739148766486,3632.3409153429143
person_years_exposure,county,3,female,18-44,3240.3875095975745,2974.679150690884,3488.4528903250844
person_years_exposure,county,3,female,45-64,3770.2850284695705,3465.2963122073807,4053.7433421214682
person_years_exposure,county,3,female,65-74,1109.6957910664885,984.216039639566,1218.2338002914048
person_years_exposure,county,3,female,75-84,452.02066457367096,344.99938210541814,536.7037297546846
person_years_exposure,county,3,female,85+,61.16474856112946,36.29162058724886,80.01241471908757
person_years_exposure,county,3,female,18-64,7010.672538067145,6444.381005421953,7534.653436924722
person_years_exposure,county,3,female,65+,1622.881204201289,1374.5158019520159,1821.7322531630725
mortality_rate,county,3,female,0-17,0.009054932327963769,0.0028953720321734243,0.02010855317674882
mortality_rate,county,3,female,18-44,0.0007700058033521645,0.0,0.001991958624217134
mortality_rate,county,3,female,45-64,0.00650375128368041,0.002006461526714476,0.014226039756196015
mortality_rate,county,3,female,65-74,0.03312598454543251,0.011311932671216227,0.07319169981370924
mortality_rate,county,3,female,75-84,0.08630950111938827,0.02986918774283027,0.21147487124177478
mortality_rate,county,3,female,85+,0.09603575998477333,0.02415222173572924,0.2670442109122867
qualifying_event_rate,county,3,female,0-17,0.011991271099124103,0.00767741048998695,0.017017654716620853
qualifying_event_rate,county,3,female,18-44,0.02813700658253156,0.01971623929190046,0.03831143740197092
qualifying_event_rate,county,3,female,45-64,0.04308464877944202,0.031646985252519494,0.05714390320362035
qualifying_event_rate,county,3,female,65-74,0.06510923293257527,0.04667875792734296,0.08829758257524478
qualifying_event_rate,county,3,female,75-84,0.06132878619089489,0.03970252472937557,0.08819833799011766
qualifying_event_rate,county,3,female,85+,0.049777277780977784,0.0,0.10351207339572466
person_years_exposure,county,4,male,0-17,5303.21175998946,5039.181822474411,5537.86584495546
person_years_exposure,county,4,male,18-44,5213.6308737187655,4967.828243960418,5426.165422372169
person_years_exposure,county,4,male,45-64,4633.907709347036,4403.175911827303,4836.217872719392
person_years_exposure,county,4,male,65-74,1308.4065298891778,1181.4415299288682,1409.8504789705933
person_years_exposure,county,4,male,75-84,480.62678695780465,364.0249461394555,564.9788043539469
person_years_exposure,county,4,male,85+,41.7974875964534,20.690189100250702,59.65595263507358
person_years_exposure,county,4,male,18-64,9847.538583065802,9379.086148123472,10250.163495850378
person_years_exposure,county,4,male,65+,1830.830804443436,1573.323521727124,2026.854129922532
mortality_rate,county,4,male,0-17,0.003216561253964315,0.0009260624036916121,0.006930539146806455
mortality_rate,county,4,male,18-44,0.0008038386434060516,0.0,0.0019966014759962053
mortality_rate,county,4,male,45-64,0.00746556227106533,0.002537082655865366,0.016182606603609984
mortality_rate,county,4,male,65-74,0.0343821578508633,0.011867519175136319,0.07648241178435854
mortality_rate,county,4,male,75-84,0.09625192879851864,0.03399519500180907,0.22667609142783826
mortality_rate,county,4,male,85+,0.13742360982179552,0.03634325734083809,0.38474475728678625
qualifying_event_rate,county,4,male,0-17,0.0140979020902606,0.009708070674324694,0.01949249181049867
qualifying_event_rate,county,4,male,18-44,0.03317119815372432,0.023994827174572943,0.04445537955524141
qualifying_event_rate,county,4,male,45-64,0.0488446924435821,0.036384283997443416,0.06440748252062015
qualifying_event_rate,county,4,male,65-74,0.08009504126280714,0.05939050401828425,0.10561927345089998
qualifying_event_rate,county,4,male,75-84,0.07548078156758568,0.05182006179585064,0.10507942310219379
qualifying_event_rate,county,4,male,85+,0.0598909254241449,0.0,0.13109575277666524
person_years_exposure,county,4,female,0-17,4741.746363149816,4498.9539732831,4961.874674853128
person_years_exposure,county,4,female,18-44,4973.933203718872,4738.825939764843,5181.616158955066
person_years_exposure,county,4,female,45-64,4777.472358567779,4536.509847885398,4991.329979894445
person_years_exposure,county,4,female,65-74,1513.5982321956835,1372.9909142071251,1625.941146723665
person_years_exposure,county,4,female,75-84,491.7817645765199,389.47511879794575,565.2538885502936
person_years_exposure,county,4,female,85+,51.747042577411165,31.695501991447976,67.18469450676346
person_years_exposure,county,4,female,18-64,9751.40556228665,9276.63805272683,10159.318927549974
person_years_exposure,county,4,female,65+,2057.1270393496147,1807.0661534107653,2249.7413403951723
mortality_rate,county,4,female,0-17,0.004033427099745894,0.001234678644211848,0.00888195447300455
mortality_rate,county,4,female,18-44,0.000817837901544107,0.0,0.0019193348310805563
mortality_rate,county,4,female,45-64,0.008496398418915963,0.002839167462041534,0.018201583027563025
mortality_rate,county,4,female,65-74,0.031550244652423814,0.011145394639239043,0.06962703735418133
mortality_rate,county,4,female,75-84,0.07928414193793809,0.02731350685261992,0.18065702099086497
mortality_rate,county,4,female,85+,0.10255839500584826,0.016811088187715824,0.2724590344341891
qualifying_event_rate,county,4,female,0-17,0.015243901572950122,0.010569643791300584,0.021269565322197117
qualifying_event_rate,county,4,female,18-44,0.03256488965641825,0.023630820279911886,0.043397284251191305
qualifying_event_rate,county,4,female,45-64,0.051295328015715874,0.03823514758262335,0.06746974895437867
qualifying_event_rate,county,4,female,65-74,0.07350873761995486,0.054375890902397694,0.09761718697588587
qualifying_event_rate,county,4,female,75-84,0.07285269886379506,0.04992692531984171,0.10238947199869942
qualifying_event_rate,county,4,female,85+,0.06237895954082399,0.01608802478441687,0.1198630605360373
person_years_exposure,county,5,male,0-17,1655.541819858918,1484.0537308705218,1743.7716529485074
person_years_exposure,county,5,male,18-44,1440.0884625223143,1292.1528272791054,1503.8878085698286
person_years_exposure,county,5,male,45-64,1405.5303711823603,1256.973090100523,1477.5365544432154
person_years_exposure,county,5,male,65-74,450.79892227070934,396.4178462693652,486.224709381364
person_years_exposure,county,5,male,75-84,208.4580903546049,161.31830836351418,244.399236710818
person_years_exposure,county,5,male,85+,25.63558288387546,12.525288913311996,36.73187892720362
person_years_exposure,county,5,male,18-64,2845.6188337046747,2551.3707892314474,2978.0253944397355
person_years_exposure,county,5,male,65+,684.8925955091897,584.899317653222,759.8565501069534
mortality_rate,county,5,male,0-17,0.0013882704841281872,0.0,0.0036178265146070815
mortality_rate,county,5,male,18-44,0.0009819275251488858,0.0,0.0030209242172658034
mortality_rate,county,5,male,45-64,0.006108334188131237,0.0013653729714127075,0.013917502860380902
mortality_rate,county,5,male,65-74,0.025261714131381726,0.006244511913651224,0.057668051664265536
mortality_rate,county,5,male,75-84,0.08503565392107117,0.025005485443605993,0.2022275784890728
mortality_rate,county,5,male,85+,0.1421590446142955,0.026721503927096386,0.44720319517485185
qualifying_event_rate,county,5,male,0-17,0.023462765759102232,0.015345528342658813,0.03289619738452215
qualifying_event_rate,county,5,male,18-44,0.03620975802075882,0.024630383644663335,0.05001937958664006
qualifying_event_rate,county,5,male,45-64,0.05329740940214344,0.03818577460762832,0.07141637930137723
qualifying_event_rate,county,5,male,65-74,0.08297474896775618,0.0575469382400977,0.11369339759424217
qualifying_event_rate,county,5,male,75-84,0.09824160143544444,0.06358547967542869,0.13951037014742712
qualifying_event_rate,county,5,male,85+,0.06838053007085591,0.0,0.16424652253089359
person_years_exposure,county,5,female,0-17,1848.2115237870698,1650.3476175016997,1951.293707020212
person_years_exposure,county,5,female,18-44,1632.0344610680957,1463.6473435411513,1702.7510019785366
person_years_exposure,county,5,female,45-64,1520.6548877024502,1363.0435463094057,1592.0854830102212
person_years_exposure,county,5,female,65-74,429.03278019235665,374.7113413122419,465.6649905766881
person_years_exposure,county,5,female,75-84,169.56979547327006,131.72060124943044,198.41398992722972
person_years_exposure,county,5,female,85+,26.57254981182502,14.3894008196106,36.91470048084194
person_years_exposure,county,5,female,18-64,3152.6893487705456,2829.187851929259,3292.1079840140937
person_years_exposure,county,5,female,65+,625.1751254774518,533.6364826555105,695.1025579899062
mortality_rate,county,5,female,0-17,0.008138938793070217,0.0022954469820278046,0.0178746466147129
mortality_rate,county,5,female,18-44,0.0009179014970183861,0.0,0.0028784060550220898
mortality_rate,county,5,female,45-64,0.0053389183893108256,0.001258103788854728,0.0123095085460327
mortality_rate,county,5,female,65-74,0.030051935713295366,0.00862491944077578,0.06975035223066534
mortality_rate,county,5,female,75-84,0.08253513396980214,0.025023387438811513,0.19500183436231414
mortality_rate,county,5,female,85+,0.12051029307831276,0.026156398253061524,0.3465949607703145
qualifying_event_rate,county,5,female,0-17,0.02089065621849691,0.013741823297933236,0.029680023505060295
qualifying_event_rate,county,5,female,18-44,0.03524629766404595,0.02407271032467504,0.04883006386973951
qualifying_event_rate,county,5,female,45-64,0.05282726008356391,0.03790393766497454,0.07103670027088715
qualifying_event_rate,county,5,female,65-74,0.07783131143741893,0.05260431705549768,0.10721670801458108
qualifying_event_rate,county,5,female,75-84,0.08536199476071632,0.05037139682945554,0.127081659567725
qualifying_event_rate,county,5,female,85+,0.06754917071144845,0.0,0.15171858773490188
person_years_exposure,county,6,male,0-17,4637.249421841943,4154.992755249905,4865.731402136218
person_years_exposure,county,6,male,18-44,4480.0860937140405,4022.106848345546,4667.661306147515
person_years_exposure,county,6,male,45-64,4125.292522565623,3694.199957465221,4331.386744649755
person_years_exposure,county,6,male,65-74,1172.6243401066267,1030.2418870742797,1259.4445313099257
person_years_exposure,county,6,male,75-84,455.6541044332778,356.88837350796973,527.8106704320479
person_years_exposure,county,6,male,85+,77.6908729311305,45.083820699549285,105.09991474400069
person_years_exposure,county,6,male,18-64,8605.378616279664,7721.679310732272,8995.23224215374
person_years_exposure,county,6,male,65+,1705.969317471035,1460.8439359897793,1883.9637653712314
mortality_rate,county,6,male,0-17,0.001412643714859312,0.000225610651617674,0.0032177605307105554
mortality_rate,county,6,male,18-44,0.0009450458384472833,0.00021275091633029682,0.0022802248567234235
mortality_rate,county,6,male,45-64,0.005881211724329074,0.0018273151235023621,0.012817944232478687
mortality_rate,county,6,male,65-74,0.025516184010626365,0.008075198661389687,0.05662724203089594
mortality_rate,county,6,male,75-84,0.08054340272795193,0.027605091591988217,0.19071497272672103
mortality_rate,county,6,male,85+,0.15414239670928015,0.047861001317235134,0.3884179013543119
qualifying_event_rate,county,6,male,0-17,0.0208770335412098,0.01480458357588921,0.028097384328087876
qualifying_event_rate,county,6,male,18-44,0.03204883566193241,0.023133720773831405,0.042605288624916415
qualifying_event_rate,county,6,male,45-64,0.047530601926091876,0.03481968463775285,0.062387066327150194
qualifying_event_rate,county,6,male,65-74,0.07510988863299672,0.05519254322723695,0.10045131593372446
qualifying_event_rate,county,6,male,75-84,0.08832896345640673,0.06180596000147404,0.12165287904910876
qualifying_event_rate,county,6,male,85+,0.0655671511625339,0.022070989074565176,0.11879529433410677
person_years_exposure,county,6,female,0-17,4417.697205610649,3956.128671844281,4656.506877129655
person_years_exposure,county,6,female,18-44,4279.583425004496,3846.1727506866623,4461.340241926683
person_years_exposure,county,6,female,45-64,4319.244452449644,3870.474352926193,4515.242645796374
person_years_exposure,county,6,female,65-74,1147.0715572658712,1005.2815013644154,1240.47795392005
person_years_exposure,county,6,female,75-84,512.0420063106301,403.53928064571,594.6710970441826
person_years_exposure,county,6,female,85+,64.74238612373773,38.67788750156525,87.42922830751154
person_years_exposure,county,6,female,18-64,8598.82787745414,7721.897638057727,8971.580190744442
person_years_exposure,county,6,female,65+,1723.855949700239,1465.871889964638,1911.2536252193845
mortality_rate,county,6,female,0-17,0.008251501862204073,0.002598544214249155,0.01712437711634462
mortality_rate,county,6,female,18-44,0.0008897167806691371,0.0,0.0022557322128712626
mortality_rate,county,6,female,45-64,0.005243837044151198,0.0015662552474607688,0.011202006795504345
mortality_rate,county,6,female,65-74,0.029668365557216966,0.009693478767920144,0.06455379553585983
mortality_rate,county,6,female,75-84,0.07957440850175208,0.02685591506506448,0.18470018266983443
mortality_rate,county,6,female,85+,0.14341379218097355,0.04035944093037422,0.3794564431239846
qualifying_event_rate,county,6,female,0-17,0.01867389312331713,0.01300375934688511,0.025458556860146718
qualifying_event_rate,county,6,female,18-44,0.031150584110265344,0.02280815305338411,0.041899916134283476
qualifying_event_rate,county,6,female,45-64,0.04718548957026786,0.035410443302495105,0.061774601331044066
qualifying_event_rate,county,6,female,65-74,0.07022085007123954,0.050983823490266825,0.09321150496425373
qualifying_event_rate,county,6,female,75-84,0.07737448792508707,0.053723103041747905,0.10727375330033777
qualifying_event_rate,county,6,female,85+,0.07073475763207476,0.02411514496572038,0.12822071167012206
person_years_exposure,county,7,male,0-17,4052.587894743223,3851.6183731711158,4234.495970936409
person_years_exposure,county,7,male,18-44,3768.010058103231,3590.7436385545493,3922.0300301677294
person_years_exposure,county,7,male,45-64,3520.2580040494763,3338.1168776581344,3676.5944151467083
person_years_exposure,county,7,male,65-74,1103.8735776326025,997.2667057301634,1189.025355804695
person_years_exposure,county,7,male,75-84,482.1398244717663,364.9098009514639,568.6069585478527
person_years_exposure,county,7,male,85+,66.81566299845522,34.453938210382546,93.60567818058456
person_years_exposure,county,7,male,18-64,7288.268062152707,6940.287279691768,7587.968326204116
person_years_exposure,county,7,male,65+,1652.8290651028242,1404.8833968369777,1839.8383915272161
mortality_rate,county,7,male,0-17,0.0032431292664369866,0.000946377478250162,0.007013719430550217
mortality_rate,county,7,male,18-44,0.0007978608363278514,0.0,0.0019423706085612495
mortality_rate,county,7,male,45-64,0.007723016803733086,0.002520832835600202,0.01678285180593876
mortality_rate,county,7,male,65-74,0.03433532266442626,0.011727483134313973,0.07423801527129609
mortality_rate,county,7,male,75-84,0.09818774557348155,0.034579615494655117,0.23423405671156813
mortality_rate,county,7,male,85+,0.1378702696836256,0.04107427458869401,0.37573527369065884
qualifying_event_rate,county,7,male,0-17,0.012969022963555031,0.008737663637962887,0.01838063970065364
qualifying_event_rate,county,7,male,18-44,0.0306041150244025,0.022107403672466594,0.04095730970958127
qualifying_event_rate,county,7,male,45-64,0.04548117455192917,0.033387630452597725,0.060479929236829155
qualifying_event_rate,county,7,male,65-74,0.07395919534335699,0.05396610912317137,0.09818016178453412
qualifying_event_rate,county,7,male,75-84,0.07053169738153564,0.04708242266969924,0.09968887482210052
qualifying_event_rate,county,7,male,85+,0.05798105135179717,0.015400832372971471,0.11269917980444855
person_years_exposure,county,7,female,0-17,4163.527669188074,3948.4225613291565,4355.836262273158
person_years_exposure,county,7,female,18-44,4059.093303142044,3865.483411656263,4229.901503299137
person_years_exposure,county,7,female,45-64,3899.421042925877,3698.7771442798316,4071.083726549243
person_years_exposure,county,7,female,65-74,1277.5541799541277,1154.823560448472,1374.1754650876153
person_years_exposure,county,7,female,75-84,513.4479066682961,404.00547390095005,589.9388681975187
person_years_exposure,county,7,female,85+,34.95586831222203,20.22915259002735,47.76596209565453
person_years_exposure,county,7,female,18-64,7958.514346067921,7572.76082071735,8294.401876573815
person_years_exposure,county,7,female,65+,1825.9579549346458,1588.0996728465675,2001.6341642356242
mortality_rate,county,7,female,0-17,0.0040281909254780085,0.0011760908112461482,0.008573224503889046
mortality_rate,county,7,female,18-44,0.000796822038433152,0.0,0.001968350423770109
mortality_rate,county,7,female,45-64,0.00798733856920976,0.0025525505010265707,0.017157425722198937
mortality_rate,county,7,female,65-74,0.031786047961549546,0.010887659390939695,0.06933233137366122
mortality_rate,county,7,female,75-84,0.07867864069112357,0.027039630540655918,0.18794023477740013
mortality_rate,county,7,female,85+,0.12159898314008705,0.02204079513084799,0.3234254062017933
qualifying_event_rate,county,7,female,0-17,0.013915600635974263,0.00942158049841108,0.019290795715021593
qualifying_event_rate,county,7,female,18-44,0.02982092043654216,0.021370523845192845,0.04057526401753535
qualifying_event_rate,county,7,female,45-64,0.04656114880614887,0.03426211071040238,0.06170237839041737
qualifying_event_rate,county,7,female,65-74,0.06871841937020806,0.04998545652260287,0.09265115377823244
qualifying_event_rate,county,7,female,75-84,0.06804808219881935,0.045905909501827595,0.09437493674099744
qualifying_event_rate,county,7,female,85+,0.057217309735864405,0.0,0.1266827191902335
person_years_exposure,county,8,male,0-17,1311.544725128863,1237.4263685636008,1378.9550048284736
person_years_exposure,county,8,male,18-44,1350.760033336829,1286.8964221051567,1407.9916532786535
person_years_exposure,county,8,male,45-64,1176.9664631939625,1114.356927242335,1230.9791246903505
person_years_exposure,county,8,male,65-74,314.6935988202879,280.9221292879467,341.16819108729095
person_years_exposure,county,8,male,75-84,149.67481759094818,113.24061315765087,176.11344725417504
person_years_exposure,county,8,male,85+,8.87149124066873,2.3491410397642074,14.667603015354139
person_years_exposure,county,8,male,18-64,2527.7264965307913,2407.286970486967,2634.031085480604
person_years_exposure,county,8,male,65+,473.2399076519048,403.8634516435933,526.2286670893352
mortality_rate,county,8,male,0-17,0.00322109440422241,0.0,0.007673649349703631
mortality_rate,county,8,male,18-44,0.0008144286395063014,0.0,0.0023414504185745874
mortality_rate,county,8,male,45-64,0.008008538513851133,0.0016823291971394623,0.017774476076054865
mortality_rate,county,8,male,65-74,0.036056593334212725,0.009312237205853516,0.08360464650463964
mortality_rate,county,8,male,75-84,0.08947088436538769,0.02827148566780473,0.22006274024957923
mortality_rate,county,8,male,85+,0.10968992546861121,0.0,0.508043578159783
qualifying_event_rate,county,8,male,0-17,0.017264425659616948,0.010304376111444559,0.02548902131825156
qualifying_event_rate,county,8,male,18-44,0.04040235063241569,0.027275586678057972,0.05558518731611211
qualifying_event_rate,county,8,male,45-64,0.059711396500023876,0.04232865276103591,0.08078168962973438
qualifying_event_rate,county,8,male,65-74,0.09565049409536446,0.06551843470894354,0.13116121708799042
qualifying_event_rate,county,8,male,75-84,0.08546649440988636,0.04978496566536234,0.1272864580738877
qualifying_event_rate,county,8,male,85+,0.06007275723769247,0.0,0.21784537822741792
person_years_exposure,county,8,female,0-17,1406.489953369015,1328.559126773946,1478.1253390160705
person_years_exposure,county,8,female,18-44,1253.9795862004182,1192.0251590427122,1309.0786762535245
person_years_exposure,county,8,female,45-64,1075.031616394835,1017.509518322867,1124.973506266166
person_years_exposure,county,8,female,65-74,346.4215541016157,311.8936683025895,375.56456111081496
person_years_exposure,county,8,female,75-84,140.06393515293308,110.76211386576018,161.94611673481933
person_years_exposure,county,8,female,85+,15.247895346065723,8.024828996569093,20.6330855435418
person_years_exposure,county,8,female,18-64,2329.011202595253,2215.3851110851997,2428.9279961775724
person_years_exposure,county,8,female,65+,501.7333846006145,437.0557792864306,551.8527565046896
mortality_rate,county,8,female,0-17,0.004115270019267179,0.0006996564373459098,0.009735978686626325
mortality_rate,county,8,female,18-44,0.000841851074863732,0.0,0.0024737782362809634
mortality_rate,county,8,female,45-64,0.008321884608846915,0.0018638760172561295,0.01873890261169653
mortality_rate,county,8,female,65-74,0.03208730015319383,0.008352458717487087,0.07466845318564518
mortality_rate,county,8,female,75-84,0.0742893207277258,0.019272203161563323,0.18328606202700531
mortality_rate,county,8,female,85+,0.11169218910686284,0.0,0.40912131067739094
qualifying_event_rate,county,8,female,0-17,0.01870930756523931,0.011229725944068413,0.027679914476574027
qualifying_event_rate,county,8,female,18-44,0.03992552656582182,0.027763290387218073,0.0545581909589737
qualifying_event_rate,county,8,female,45-64,0.061582293294562954,0.04396186080428723,0.08283689162301061
qualifying_event_rate,county,8,female,65-74,0.08805228947949358,0.059415866161068254,0.1208152941165641
qualifying_event_rate,county,8,female,75-84,0.08511034190503317,0.04860480473188201,0.1257854906091539
qualifying_event_rate,county,8,female,85+,0.07598492548836752,0.0,0.19197311318704666
person_years_exposure,county,9,male,0-17,2942.636554759714,2686.4708673001223,3258.0146455938584
person_years_exposure,county,9,male,18-44,2663.8889924120754,2436.671304913147,2945.885418106537
person_years_exposure,county,9,male,45-64,2368.2847978575537,2159.197392933597,2628.7001620839687
person_years_exposure,county,9,male,65-74,686.2085630102696,601.0425589734643,775.8039813202661
person_years_exposure,county,9,male,75-84,266.59349188154994,201.99963444947454,321.1836226349198
person_years_exposure,county,9,male,85+,16.27193761055251,7.705396153170755,24.540230733903165
person_years_exposure,county,9,male,18-64,5032.1737902696295,4602.826032646317,5563.709702062114
person_years_exposure,county,9,male,65+,969.0739925023721,818.4530945276491,1114.1611509443512
mortality_rate,county,9,male,0-17,0.0006828153278052617,0.0,0.0017956747424972867
mortality_rate,county,9,male,18-44,0.0008482957178158714,0.0,0.0022306359938289054
mortality_rate,county,9,male,45-64,0.007125616098416985,0.0019254503417774746,0.015107839347390697
mortality_rate,county,9,male,65-74,0.032738344057816414,0.010196879882366902,0.07181104591516282
mortality_rate,county,9,male,75-84,0.08652763597876062,0.02649112191829698,0.20065822098079006
mortality_rate,county,9,male,85+,0.12950847743085073,0.0,0.4252150679039782
qualifying_event_rate,county,9,male,0-17,0.013467972316236712,0.008752761395880356,0.01934284483777471
qualifying_event_rate,county,9,male,18-44,0.027617451188209845,0.018961526862078953,0.03784385252960711
qualifying_event_rate,county,9,male,45-64,0.04202528011888051,0.02957026376606802,0.05696288742609875
qualifying_event_rate,county,9,male,65-74,0.07745922649357166,0.05270137606449064,0.10531004421330986
qualifying_event_rate,county,9,male,75-84,0.06400394149843551,0.03821176246643469,0.09610796547449255
qualifying_event_rate,county,9,male,85+,0.06135467662989103,0.0,0.16856176584128096
person_years_exposure,county,9,female,0-17,2823.462210338374,2578.588575274551,3124.333084780947
person_years_exposure,county,9,female,18-44,2706.2250561182136,2471.975787931731,2997.500768526705
person_years_exposure,county,9,female,45-64,2622.0045724124657,2392.4146698053914,2905.5776441751127
person_years_exposure,county,9,female,65-74,695.7668858368472,607.0007167051527,787.0845167661486
person_years_exposure,county,9,female,75-84,185.2458065290125,138.88374675714093,224.23402381222127
person_years_exposure,county,9,female,85+,24.697712365042555,12.627534465812747,35.03726982857886
person_years_exposure,county,9,female,18-64,5328.229628530679,4870.597440990971,5899.725955584316
person_years_exposure,county,9,female,65+,905.7104047309023,769.9373309630435,1037.0356006908016
mortality_rate,county,9,female,0-17,0.0007041997030169981,0.0,0.0019103062712398852
mortality_rate,county,9,female,18-44,0.0007267676686953585,0.0,0.0019937580315920658
mortality_rate,county,9,female,45-64,0.006868887299337943,0.0019523040478784562,0.015282171868108227
mortality_rate,county,9,female,65-74,0.03175471644404339,0.01008592553225043,0.0688877891674082
mortality_rate,county,9,female,75-84,0.08444623230841912,0.024832279030517,0.2010034572132975
mortality_rate,county,9,female,85+,0.12045240317571293,0.023110501910917,0.3762717140155352
qualifying_event_rate,county,9,female,0-17,0.015217423543044629,0.009848855940072456,0.021524330550005834
qualifying_event_rate,county,9,female,18-44,0.030689334542220018,0.021812036695685537,0.041959563302855975
qualifying_event_rate,county,9,female,45-64,0.04098389532502903,0.0293800882664244,0.05579616414231914
qualifying_event_rate,county,9,female,65-74,0.0779287894320393,0.0548533779976783,0.10600121486971635
qualifying_event_rate,county,9,female,75-84,0.07542828743938121,0.04282408722561939,0.11209914001376406
qualifying_event_rate,county,9,female,85+,0.06902542821464686,0.0,0.1655061243872024
person_years_exposure,county,10,male,0-17,1752.6565779249102,1658.2396993026562,1837.319211172447
person_years_exposure,county,10,male,18-44,1614.6004728328755,1537.9030397583551,1682.6350886648243
person_years_exposure,county,10,male,45-64,1638.086681470805,1552.4360438023045,1712.8123925527125
person_years_exposure,county,10,male,65-74,474.51354940131415,423.8288323142921,514.8249950995308
person_years_exposure,county,10,male,75-84,199.63028919526147,147.4104836821382,238.54309614728902
person_years_exposure,county,10,male,85+,13.152235749164399,5.872946299850904,20.21085234743991
person_years_exposure,county,10,male,18-64,3252.6871543036805,3096.014599505187,3389.2531624209632
person_years_exposure,county,10,male,65+,687.2960743457401,584.9295118334582,765.6322132242664
mortality_rate,county,10,male,0-17,0.0031929765800871915,0.0005592667023537249,0.0076931131374320776
mortality_rate,county,10,male,18-44,0.0008092656028444308,0.0,0.0024989917771723325
mortality_rate,county,10,male,45-64,0.007312802211110278,0.001865408866558123,0.016487784795021526
mortality_rate,county,10,male,65-74,0.034315851771812275,0.009741022905415652,0.07877537305560658
mortality_rate,county,10,male,75-84,0.09985320877199003,0.03152364765521016,0.24010792773974848
mortality_rate,county,10,male,85+,0.15172925708474813,0.0,0.5126026348622211
qualifying_event_rate,county,10,male,0-17,0.013577045690076712,0.008155441174201103,0.020127075747295095
qualifying_event_rate,county,10,male,18-44,0.03230443842054595,0.022270199196995594,0.04504110009136278
qualifying_event_rate,county,10,male,45-64,0.047064781295350556,0.032812984841889846,0.06393849871956978
qualifying_event_rate,county,10,male,65-74,0.0777965683975513,0.05285860465724037,0.10655049929806071
qualifying_event_rate,county,10,male,75-84,0.07417057333402188,0.043549685802798964,0.11368001984654766
qualifying_event_rate,county,10,male,85+,0.05970150556564249,0.0,0.176289000213306
person_years_exposure,county,10,female,0-17,1738.3595987164952,1644.276601557862,1822.993826699179
person_years_exposure,county,10,female,18-44,1581.402372443205,1503.8819441659482,1650.1813910950248
person_years_exposure,county,10,female,45-64,1630.7811552044445,1544.7544003194257,1707.0663181573073
person_years_exposure,county,10,female,65-74,473.8683726259357,427.2738929951075,511.6833893044682
person_years_exposure,county,10,female,75-84,247.05034232392774,193.4040936119519,285.2587172131215
person_years_exposure,county,10,female,85+,31.888504977314064,18.9820398610034,41.995730089101386
person_years_exposure,county,10,female,18-64,3212.1835276476495,3056.272229123655,3353.327082790826
person_years_exposure,county,10,female,65+,752.8072199271775,644.0724759783317,831.3133387508032
mortality_rate,county,10,female,0-17,0.004047008602359578,0.0005891953586413472,0.009394921050324153
mortality_rate,county,10,female,18-44,0.0008132862546000706,0.0,0.0025079754637313445
mortality_rate,county,10,female,45-64,0.008106077409014919,0.0018853937813249943,0.017867517841656185
mortality_rate,county,10,female,65-74,0.03068152567725924,0.008238426506371391,0.07045417014689137
mortality_rate,county,10,female,75-84,0.08326405497059777,0.027237890800816615,0.19459121343600927
mortality_rate,county,10,female,85+,0.10689870911877,0.02321985873889745,0.30353436498230973
qualifying_event_rate,county,10,female,0-17,0.01470607873300514,0.008949174833756084,0.021668683673762328
qualifying_event_rate,county,10,female,18-44,0.03171370635638863,0.0215544749812479,0.04383330948933494
qualifying_event_rate,county,10,female,45-64,0.04914816564317113,0.034716768124900266,0.06648684193062579
qualifying_event_rate,county,10,female,65-74,0.07111257854245527,0.047713020884393983,0.0976831173959165
qualifying_event_rate,county,10,female,75-84,0.07315278780247864,0.044301731423607056,0.10767175422614642
qualifying_event_rate,county,10,female,85+,0.06075821067227017,0.0,0.13862480192948057
person_years_exposure,county,11,male,0-17,1970.7193793920621,1866.909829541796,2064.3829980781893
person_years_exposure,county,11,male,18-44,1849.6401791647763,1762.6930970819908,1926.1013448322367
person_years_exposure,county,11,male,45-64,1958.9512645286945,1860.2979026800974,2045.7796758608056
person_years_exposure,county,11,male,65-74,562.1622215304769,505.701095533814,608.9124522691658
person_years_exposure,county,11,male,75-84,152.8299115226849,115.15496040857956,182.51476817953412
person_years_exposure,county,11,male,85+,38.51226643187843,20.831540608804787,54.703019522636026
person_years_exposure,county,11,male,18-64,3808.591443693471,3627.1502399046135,3965.811817046473
person_years_exposure,county,11,male,65+,753.5043994850403,649.4371771923419,835.6329434642904
mortality_rate,county,11,male,0-17,0.0032400624731359555,0.0005167328145707735,0.007492289734895195
mortality_rate,county,11,male,18-44,0.0008186241698824548,0.0,0.002255408379924332
mortality_rate,county,11,male,45-64,0.007509099998482647,0.0020148777878992727,0.016341702006240126
mortality_rate,county,11,male,65-74,0.03402767177435216,0.009894763079331431,0.07515403579814216
mortality_rate,county,11,male,75-84,0.09797668504877041,0.029486581917937835,0.23495123499264067
mortality_rate,county,11,male,85+,0.15369570833123647,0.03970777089757621,0.41300176553317697
qualifying_event_rate,county,11,male,0-17,0.010704817553860897,0.006295104937348153,0.01596456331138034
qualifying_event_rate,county,11,male,18-44,0.025648728062434515,0.01728066570995057,0.035722916196161636
qualifying_event_rate,county,11,male,45-64,0.03793109973010336,0.026424031238735667,0.05161599118537372
qualifying_event_rate,county,11,male,65-74,0.06296878831990811,0.04248646950952459,0.08824879496573
qualifying_event_rate,county,11,male,75-84,0.05886019544005239,0.02798764302474851,0.09415519144428512
qualifying_event_rate,county,11,male,85+,0.051870359688693156,0.0,0.11528495948397566
person_years_exposure,county,11,female,0-17,1961.0608758223586,1854.752657297501,2057.63479837409
person_years_exposure,county,11,female,18-44,1958.4233724847027,1862.7609017243374,2043.4060507853271
person_years_exposure,county,11,female,45-64,1739.5942998722498,1650.9735638200268,1818.8595963091232
person_years_exposure,county,11,female,65-74,592.4924267533225,534.3439853587017,638.7235998268121
person_years_exposure,county,11,female,75-84,259.8960065379444,202.80263545294892,300.8142252501788
person_years_exposure,county,11,female,85+,27.33597343874404,16.301233813881765,36.00708113169516
person_years_exposure,county,11,female,18-64,3698.0176723569525,3519.5182450669986,3858.1258938340347
person_years_exposure,county,11,female,65+,879.724406730011,764.4488929878527,969.7210518793643
mortality_rate,county,11,female,0-17,0.004048052082611178,0.0009818149964106145,0.009431410988113781
mortality_rate,county,11,female,18-44,0.0008636570997690192,0.0,0.0024815931399855187
mortality_rate,county,11,female,45-64,0.007686890163690466,0.002198560755635458,0.01713104027312236
mortality_rate,county,11,female,65-74,0.031584192684620226,0.00962851688966451,0.07122857745859064
mortality_rate,county,11,female,75-84,0.08040532166694975,0.024654916232166268,0.1898391947607806
mortality_rate,county,11,female,85+,0.10229562660431273,0.0,0.3091092631015011
qualifying_event_rate,county,11,female,0-17,0.01158990825079254,0.00689688441884576,0.017328378124760267
qualifying_event_rate,county,11,female,18-44,0.025078855372527267,0.016649173293254643,0.035064841244355764
qualifying_event_rate,county,11,female,45-64,0.0389273369327969,0.02729548112940835,0.052705539843207146
qualifying_event_rate,county,11,female,65-74,0.0584972083624908,0.03891882952833859,0.08162246406605564
qualifying_event_rate,county,11,female,75-84,0.05817057967775554,0.03332695620844091,0.08847299657007203
qualifying_event_rate,county,11,female,85+,0.04838630639521308,0.0,0.12299278017755648
person_years_exposure,county,12,male,0-17,2408.564325898923,2057.468608831892,2740.642393005255
person_years_exposure,county,12,male,18-44,2411.5129944465975,2071.047350387285,2730.0839231137197
person_years_exposure,county,12,male,45-64,1810.0731992754886,1553.8262887405792,2054.485208798765
person_years_exposure,county,12,male,65-74,566.6164880249528,462.76532181528097,660.8536217808138
person_years_exposure,county,12,male,75-84,138.89888244387967,99.79500331065019,173.549172649672
person_years_exposure,county,12,male,85+,8.22658839842768,2.5858340420725403,14.27624383166352
person_years_exposure,county,12,male,18-64,4221.586193722086,3634.4309378747216,4782.138792061307
person_years_exposure,county,12,male,65+,713.7419588672601,575.1365932768781,841.0127665749952
mortality_rate,county,12,male,0-17,0.0035063678429464594,0.0007862611125094469,0.008123522811775167
mortality_rate,county,12,male,18-44,0.0008204457656070134,0.0,0.0022610782110730177
mortality_rate,county,12,male,45-64,0.010910621429787961,0.0032448430133081197,0.024015680321079185
mortality_rate,county,12,male,65-74,0.041523707203747894,0.013321052729577211,0.09155076828627542
mortality_rate,county,12,male,75-84,0.08374369656389129,0.0227418431099748,0.20614870208989722
mortality_rate,county,12,male,85+,0.11567742485851927,0.0,0.5502671183995139
qualifying_event_rate,county,12,male,0-17,0.011096064842497196,0.006779641466430367,0.016290195142944757
qualifying_event_rate,county,12,male,18-44,0.017387902300469465,0.011380585816550817,0.024510236599474464
qualifying_event_rate,county,12,male,45-64,0.025546597207233828,0.016946304856816842,0.036335914714302704
qualifying_event_rate,county,12,male,65-74,0.04652482956230666,0.02957502596637809,0.06719409949061493
qualifying_event_rate,county,12,male,75-84,0.043180777305056435,0.015810825237945813,0.07681931447220121
qualifying_event_rate,county,12,male,85+,0.028500405064716624,0.0,0.15037901030290426
person_years_exposure,county,12,female,0-17,2564.0559123076127,2195.611096774322,2914.0771778960507
person_years_exposure,county,12,female,18-44,2532.616768514964,2171.7215736443245,2875.863244833779
person_years_exposure,county,12,female,45-64,2088.112548026569,1786.662245028832,2369.6748761939302
person_years_exposure,county,12,female,65-74,449.6974808346817,368.20743824847267,524.2158886505252
person_years_exposure,county,12,female,75-84,111.43298640546048,76.67495762732715,140.80416943362746
person_years_exposure,county,12,female,85+,2.3322184559468857,0.053028131807466704,5.091957327348787
person_years_exposure,county,12,female,18-64,4620.729316541533,3962.117964684109,5241.615682864796
person_years_exposure,county,12,female,65+,563.462685696089,453.96875636709245,666.164875104405
mortality_rate,county,12,female,0-17,0.0017862629683757546,0.00032631736496262204,0.004343838569716975
mortality_rate,county,12,female,18-44,0.0009890492883251239,0.0,0.002568997178756853
mortality_rate,county,12,female,45-64,0.01033262484540918,0.0031133367058564093,0.022404906389568872
mortality_rate,county,12,female,65-74,0.04123891764647159,0.012312167558723951,0.09327829218059107
mortality_rate,county,12,female,75-84,0.08772112366999674,0.023924983391659622,0.22146566886351582
mortality_rate,county,12,female,85+,0.1071050253303375,0.0,1.276908356877595
qualifying_event_rate,county,12,female,0-17,0.009299612558386098,0.005516453655563746,0.013866463992347693
qualifying_event_rate,county,12,female,18-44,0.01734615078360618,0.011516876661894982,0.024272282586486497
qualifying_event_rate,county,12,female,45-64,0.02898148455632478,0.0199407801342766,0.039929890568101235
qualifying_event_rate,county,12,female,65-74,0.042114557690017144,0.025083427494358712,0.06217700985180698
qualifying_event_rate,county,12,female,75-84,0.04395518049685435,0.015307464316865393,0.08100221109704593
qualifying_event_rate,county,12,female,85+,0.022159954840637288,0.0,0.18915171048790874
person_years_exposure,county,13,male,0-17,2263.652969349631,2063.108733198659,2510.3972589308732
person_years_exposure,county,13,male,18-44,2003.648355716023,1832.5608510625584,2217.2974774533495
person_years_exposure,county,13,male,45-64,2014.2098975318322,1833.2115038488666,2231.4100306731866
person_years_exposure,county,13,male,65-74,494.5470810281629,432.0647167222684,560.5443702291225
person_years_exposure,county,13,male,75-84,179.5899007866843,136.67540638847788,216.86980066291932
person_years_exposure,county,13,male,85+,42.43109593111022,24.15340322210828,59.27216494644027
person_years_exposure,county,13,male,18-64,4017.858253247855,3673.411467155264,4443.271294477737
person_years_exposure,county,13,male,65+,716.5680777459575,598.545603127911,828.1188766130335
mortality_rate,county,13,male,0-17,0.0007075123800712899,0.0,0.002093553494076834
mortality_rate,county,13,male,18-44,0.0008232053582628605,0.0,0.0023052025088490025
mortality_rate,county,13,male,45-64,0.006832800955533234,0.0018665190033426917,0.014558946915103045
mortality_rate,county,13,male,65-74,0.03346357681255598,0.009343696665543804,0.07369198397512569
mortality_rate,county,13,male,75-84,0.08425992241062477,0.025193978337003625,0.201535937672392
mortality_rate,county,13,male,85+,0.15568340121371865,0.03967149616049334,0.4053312763551059
qualifying_event_rate,county,13,male,0-17,0.01153266750015595,0.006943906766370731,0.016998730366305868
qualifying_event_rate,county,13,male,18-44,0.023817636379461417,0.015553209633275233,0.033436333760395794
qualifying_event_rate,county,13,male,45-64,0.03634576907908528,0.02537229844948965,0.04999166596123702
qualifying_event_rate,county,13,male,65-74,0.06899206248432597,0.045312526966530056,0.096063000163516
qualifying_event_rate,county,13,male,75-84,0.055683543138124354,0.02722997678136317,0.09027878187202373
qualifying_event_rate,county,13,male,85+,0.0603061939855404,0.0,0.125972721537694
person_years_exposure,county,13,female,0-17,2221.6312138264525,2025.1240199084002,2464.139463036256
person_years_exposure,county,13,female,18-44,2204.2390929937715,2010.490683299998,2447.848170029035
person_years_exposure,county,13,female,45-64,1835.1349001067372,1673.1879121167,2035.0489730380991
person_years_exposure,county,13,female,65-74,462.3507581341526,403.3991270680847,523.9361495002267
person_years_exposure,county,13,female,75-84,186.5690279324295,140.93659498871799,224.65354209454884
person_years_exposure,county,13,female,85+,37.0045108101358,21.252879476142162,50.16452079918037
person_years_exposure,county,13,female,18-64,4039.3739931005084,3689.6571518752653,4474.855307784992
person_years_exposure,county,13,female,65+,685.9242968767179,572.4762696681554,791.9560551223883
mortality_rate,county,13,female,0-17,0.0006714432212989817,0.0,0.0019441669631486602
mortality_rate,county,13,female,18-44,0.0007604753661152569,0.0,0.0021623505729976658
mortality_rate,county,13,female,45-64,0.006648385136722303,0.0016163627477792514,0.014400104814913703
mortality_rate,county,13,female,65-74,0.030391173326887892,0.008530704070015426,0.06850733521168861
mortality_rate,county,13,female,75-84,0.08658608448965231,0.025654580500351357,0.2076654960207954
mortality_rate,county,13,female,85+,0.1189709346597942,0.021500812589784944,0.3346644979316442
qualifying_event_rate,county,13,female,0-17,0.013170397248157177,0.007977283645321022,0.019017842467416946
qualifying_event_rate,county,13,female,18-44,0.026735699276270595,0.01797375660955672,0.03705150436529078
qualifying_event_rate,county,13,female,45-64,0.03550483446682631,0.024580374788149784,0.04890229897237972
qualifying_event_rate,county,13,female,65-74,0.06799020083130831,0.044610069045908106,0.0945057212727608
qualifying_event_rate,county,13,female,75-84,0.06824936149687412,0.0374067203462738,0.10456027046033424
qualifying_event_rate,county,13,female,85+,0.05980114850731267,0.0,0.13026334967381806
person_years_exposure,county,14,male,0-17,2148.7461459186648,2034.588314878729,2249.0873812937302
person_years_exposure,county,14,male,18-44,2028.6262911575643,1932.8670666986027,2112.1742003977392
person_years_exposure,county,14,male,45-64,1941.0494876582907,1842.458338440749,2030.3042829137255
person_years_exposure,county,14,male,65-74,409.1392002241191,365.7570339371153,444.61364928629655
person_years_exposure,county,14,male,75-84,194.93214966139155,147.2753929195137,229.81858582492086
person_years_exposure,county,14,male,85+,60.754191437484,33.35011634443235,83.28535406013992
person_years_exposure,county,14,male,18-64,3969.6757788158548,3777.018555793577,4135.762177955878
person_years_exposure,county,14,male,65+,664.8255413229947,555.7152937335125,749.0213379305103
mortality_rate,county,14,male,0-17,0.003181361145421576,0.00047845620387580864,0.007340931474081553
mortality_rate,county,14,male,18-44,0.0008111438857282328,0.0,0.002377976762723749
mortality_rate,county,14,male,45-64,0.0076231312463090044,0.0020765289629110844,0.016746243679243836
mortality_rate,county,14,male,65-74,0.03430710224293025,0.009434355110741914,0.07800058057359116
mortality_rate,county,14,male,75-84,0.09650840357584846,0.03089758705336441,0.2335942729535437
mortality_rate,county,14,male,85+,0.14929088102103452,0.044258998807529606,0.39152394618449726
qualifying_event_rate,county,14,male,0-17,0.01672305210099033,0.01068371020774952,0.024263081479190016
qualifying_event_rate,county,14,male,18-44,0.039142775434276,0.028055914740848564,0.05282079989219312
qualifying_event_rate,county,14,male,45-64,0.05748692222789109,0.04206924034237473,0.07654648002456396
qualifying_event_rate,county,14,male,65-74,0.0916206834143028,0.061497842219824496,0.12473591779225746
qualifying_event_rate,county,14,male,75-84,0.08781930444479984,0.05368067010355329,0.1271007906273189
qualifying_event_rate,county,14,male,85+,0.07520663252801311,0.024616878095735067,0.13986885797672632
person_years_exposure,county,14,female,0-17,2027.7943525159576,1917.2534711814367,2125.8046658043645
person_years_exposure,county,14,female,18-44,2023.013180793487,1925.161172154533,2108.998542088063
person_years_exposure,county,14,female,45-64,1797.3272263489607,1702.041911991374,1878.4534772581483
person_years_exposure,county,14,female,65-74,529.1008528517797,475.6094546923773,571.2902341804219
person_years_exposure,county,14,female,75-84,226.5685179879635,177.51288418951722,262.5980237171681
person_years_exposure,county,14,female,85+,21.080369843698644,10.608360898499246,29.561516205350475
person_years_exposure,county,14,female,18-64,3820.3404071424475,3634.866117312586,3982.17259405502
person_years_exposure,county,14,female,65+,776.7497406834418,670.2184744520167,855.7511374827593
mortality_rate,county,14,female,0-17,0.004081944374551592,0.0009517034562988951,0.00943280824709948
mortality_rate,county,14,female,18-44,0.0008117049653161047,0.0,0.0024019114500299886
mortality_rate,county,14,female,45-64,0.00792789606066618,0.0021604340299848077,0.017592243330049006
mortality_rate,county,14,female,65-74,0.03305554048313015,0.01028506532982182,0.07342647300265474
mortality_rate,county,14,female,75-84,0.08290277638102572,0.026915552858525364,0.19822953961383058
mortality_rate,county,14,female,85+,0.09301987468249459,0.0,0.32674149423727583
qualifying_event_rate,county,14,female,0-17,0.018003705580254447,0.011518375443099364,0.026269430888570002
qualifying_event_rate,county,14,female,18-44,0.03801773374858862,0.026820347433016478,0.051494388943517794
qualifying_event_rate,county,14,female,45-64,0.05889414527830574,0.04351259084247112,0.07808782255349689
qualifying_event_rate,county,14,female,65-74,0.08631847452240936,0.06147373063460488,0.11582203442642924
qualifying_event_rate,county,14,female,75-84,0.08539055767277916,0.05337548327101807,0.12392353231665366
qualifying_event_rate,county,14,female,85+,0.06517189724252025,0.0,0.1613181871992604
person_years_exposure,county,15,male,0-17,1138.129671283054,970.7537708904049,1294.1464693654873
person_years_exposure,county,15,male,18-44,1008.5627857066287,864.1164491355971,1142.1458324357204
person_years_exposure,county,15,male,45-64,1180.9768138001943,1013.0599380123999,1341.523451392885
person_years_exposure,county,15,male,65-74,351.14581920764266,287.0889410007749,411.0948966488138
person_years_exposure,county,15,male,75-84,105.0966489001324,74.73052245476148,132.09185340262687
person_years_exposure,county,15,male,85+,15.359075706586838,6.748832346117605,24.93692673175261
person_years_exposure,county,15,male,18-64,2189.539599506823,1882.964703778424,2479.6127769965333
person_years_exposure,county,15,male,65+,471.6015438143619,377.02116298256624,562.7720417684
mortality_rate,county,15,male,0-17,0.003535989056469405,0.0,0.008571591900713715
mortality_rate,county,15,male,18-44,0.0008152641279417016,0.0,0.0029332199266590224
mortality_rate,county,15,male,45-64,0.011366196303532089,0.0032087820105014984,0.024833972840242777
mortality_rate,county,15,male,65-74,0.043065854502980096,0.012828123194578978,0.10037351796505131
mortality_rate,county,15,male,75-84,0.08639575396810427,0.02244216044820745,0.21252877446018792
mortality_rate,county,15,male,85+,0.11876748245904205,0.0,0.41472415876474034
qualifying_event_rate,county,15,male,0-17,0.014246921206895899,0.007934672702006158,0.02175646178310893
qualifying_event_rate,county,15,male,18-44,0.022792932752309977,0.013512122980005304,0.03322209627752714
qualifying_event_rate,county,15,male,45-64,0.03325967131775388,0.021995581623388313,0.04648293962347487
qualifying_event_rate,county,15,male,65-74,0.059557860734234455,0.035825656354876285,0.08753689341789819
qualifying_event_rate,county,15,male,75-84,0.054787990873046394,0.019702810993579758,0.09686170819526362
qualifying_event_rate,county,15,male,85+,0.0358380220243986,0.0,0.12923560560235015
person_years_exposure,county,15,female,0-17,1307.7375218105349,1115.425852137173,1482.6882402789042
person_years_exposure,county,15,female,18-44,1223.0219920367886,1049.9004406526847,1388.6783819353204
person_years_exposure,county,15,female,45-64,1387.3383940337692,1183.564953865479,1574.3916691249271
person_years_exposure,county,15,female,65-74,429.3672809114645,351.76137001191574,498.9593342635185
person_years_exposure,county,15,female,75-84,125.03964699766199,88.31706286519652,157.68725735897468
person_years_exposure,county,15,female,85+,9.903189243812744,2.585245013586108,19.079925445722733
person_years_exposure,county,15,female,18-64,2610.360386070558,2240.8866568878207,2957.2034942500277
person_years_exposure,county,15,female,65+,564.3101171529393,448.69823938433893,666.9316937458393
mortality_rate,county,15,female,0-17,0.0018060324544180053,0.0,0.004877010451119873
mortality_rate,county,15,female,18-44,0.0009785411476999843,0.0,0.003062114657700836
mortality_rate,county,15,female,45-64,0.010718098028712134,0.0029635484551714863,0.023588892592528422
mortality_rate,county,15,female,65-74,0.04229163152136845,0.012573062245620261,0.0936487009173412
mortality_rate,county,15,female,75-84,0.08837493691053314,0.02518700987093688,0.22064827368417952
mortality_rate,county,15,female,85+,0.22222432538318976,0.0,0.936339702322027
qualifying_event_rate,county,15,female,0-17,0.012229270411319604,0.006698387106942263,0.018619371803945985
qualifying_event_rate,county,15,female,18-44,0.02282104877343076,0.013867473152442234,0.0329829014056055
qualifying_event_rate,county,15,female,45-64,0.037686681138752766,0.02549925214570971,0.05259088698861288
qualifying_event_rate,county,15,female,65-74,0.054369150276301466,0.0335437640282594,0.07841280878803586
qualifying_event_rate,county,15,female,75-84,0.05567168869017838,0.023317560805948257,0.09260177301413558
qualifying_event_rate,county,15,female,85+,0.043177463760525316,0.0,0.19489861006649956
person_years_exposure,county,16,male,0-17,3333.405524258783,2985.914806826579,3503.9975195121447
person_years_exposure,county,16,male,18-44,3363.929712818231,3019.6268654438595,3507.3634553796487
person_years_exposure,county,16,male,45-64,3282.1927496693597,2936.206922295807,3446.230596682508
person_years_exposure,county,16,male,65-74,1201.0003731767297,1058.4741200035608,1287.081477131455
person_years_exposure,county,16,male,75-84,430.1916120465293,339.39896557410424,498.0789331985032
person_years_exposure,county,16,male,85+,96.8034331843317,56.2022011462729,129.65772967457568
person_years_exposure,county,16,male,18-64,6646.12246248759,5960.655892230978,6948.182351072618
person_years_exposure,county,16,male,65+,1727.9954184075907,1479.4869320323312,1909.0108758023948
mortality_rate,county,16,male,0-17,0.0014073913947338233,0.0002852698414994352,0.003373533118516026
mortality_rate,county,16,male,18-44,0.0009443591524504766,0.0,0.002321631568422281
mortality_rate,county,16,male,45-64,0.00596153121513693,0.0017433975337462911,0.01258537879349903
mortality_rate,county,16,male,65-74,0.0256252034500586,0.00848282554513716,0.05603188906306343
mortality_rate,county,16,male,75-84,0.0801768039112609,0.027746364221191255,0.18315624781142115
mortality_rate,county,16,male,85+,0.1557558562698478,0.05213568940133215,0.40605668883266527
qualifying_event_rate,county,16,male,0-17,0.028933699546710913,0.02078991217832346,0.03886782125636786
qualifying_event_rate,county,16,male,18-44,0.04397758354946751,0.032467704866727114,0.05829400238209568
qualifying_event_rate,county,16,male,45-64,0.0646854328147357,0.04865064166132538,0.08438289771375017
qualifying_event_rate,county,16,male,65-74,0.09944347882384037,0.0759102223435565,0.12711797322704688
qualifying_event_rate,county,16,male,75-84,0.11382264642106675,0.08279497342838961,0.15137958316057448
qualifying_event_rate,county,16,male,85+,0.08856338992203229,0.04521893718576233,0.14385133014523785
person_years_exposure,county,16,female,0-17,3256.630114492541,2909.7141292963743,3434.1733963524803
person_years_exposure,county,16,female,18-44,3326.161694944136,2984.76788853841,3469.500416055723
person_years_exposure,county,16,female,45-64,3089.090475698391,2769.550416910906,3231.0194510695474
person_years_exposure,county,16,female,65-74,1112.313462162364,979.4830858939168,1200.7703754870483
person_years_exposure,county,16,female,75-84,400.37628382174483,315.7087840451362,461.57931165912703
person_years_exposure,county,16,female,85+,78.13089519127443,44.30625928280144,105.08501580177239
person_years_exposure,county,16,female,18-64,6415.252170642527,5753.279396040289,6697.752362043181
person_years_exposure,county,16,female,65+,1590.8206411753833,1355.562565280964,1757.0439833354835
mortality_rate,county,16,female,0-17,0.008102161209551892,0.0024619053198901334,0.017822281996071995
mortality_rate,county,16,female,18-44,0.0009208777450314074,0.0,0.0023453857289807037
mortality_rate,county,16,female,45-64,0.005667468905970419,0.0015954904214372254,0.012370004158402533
mortality_rate,county,16,female,65-74,0.029363684073601903,0.009914813353800917,0.0634284365855756
mortality_rate,county,16,female,75-84,0.08011072776682879,0.027407235926489762,0.18726920550503104
mortality_rate,county,16,female,85+,0.13031120061210985,0.0408826051208466,0.3361954869587121
qualifying_event_rate,county,16,female,0-17,0.02598515043538692,0.01830544463494639,0.03531176087463511
qualifying_event_rate,county,16,female,18-44,0.04294376032353382,0.0317128851200279,0.05703856319240864
qualifying_event_rate,county,16,female,45-64,0.06524046252179994,0.04920387150155671,0.08509319945385985
qualifying_event_rate,county,16,female,65-74,0.09277328844532903,0.06963555703872731,0.12067616602506433
qualifying_event_rate,county,16,female,75-84,0.1014221732578776,0.0723971560696898,0.1377770432213878
qualifying_event_rate,county,16,female,85+,0.08367743280687054,0.03476612235344684,0.1458897215765239
person_years_exposure,county,17,male,0-17,1474.7087479383774,1392.072205509133,1547.16370708822
person_years_exposure,county,17,male,18-44,1648.9625494254406,1570.086272871012,1717.2335829659621
person_years_exposure,county,17,male,45-64,1394.9068310262128,1322.4426361519952,1459.144755093248
person_years_exposure,county,17,male,65-74,369.8331430117083,331.101245132218,401.88374534387384
person_years_exposure,county,17,male,75-84,192.44382588768826,144.1987646433359,228.60984505963611
person_years_exposure,county,17,male,85+,31.21960420212659,17.199228367695756,43.57135766676615
person_years_exposure,county,17,male,18-64,3043.8693804516533,2898.1914803199716,3170.626663903855
person_years_exposure,county,17,male,65+,593.496573101523,499.41157594326535,665.3341897769309
mortality_rate,county,17,male,0-17,0.0032381923764105494,0.0006375701358779233,0.007818477808242033
mortality_rate,county,17,male,18-44,0.0008027656354058718,0.0,0.0024327628380764266
mortality_rate,county,17,male,45-64,0.00681259097463078,0.0014472982398388704,0.015042058919858372
mortality_rate,county,17,male,65-74,0.035450683254372554,0.010100924592333901,0.08150813829263073
mortality_rate,county,17,male,75-84,0.09539618212093877,0.03116420053389751,0.2281900049541746
mortality_rate,county,17,male,85+,0.1433983608353414,0.025751630615968663,0.3840373708231962
qualifying_event_rate,county,17,male,0-17,0.013507981406374835,0.007763948755766998,0.020158479047204535
qualifying_event_rate,county,17,male,18-44,0.031669392175406964,0.021231841479983547,0.044008640683607644
qualifying_event_rate,county,17,male,45-64,0.04598369606947718,0.0325029663937585,0.06254044368177959
qualifying_event_rate,county,17,male,65-74,0.07785554120423958,0.052067100436225956,0.10778350542543885
qualifying_event_rate,county,17,male,75-84,0.07121181381123395,0.03972481729544388,0.10904675410002476
qualifying_event_rate,county,17,male,85+,0.05959817354390872,0.0,0.13488312602812566
person_years_exposure,county,17,female,0-17,1503.7704995467275,1420.6189298077968,1577.8134046161215
person_years_exposure,county,17,female,18-44,1548.3118677673947,1473.19263502991,1615.2861233034573
person_years_exposure,county,17,female,45-64,1576.0526909264597,1493.952285364369,1648.0873190901748
person_years_exposure,county,17,female,65-74,383.28223705913183,345.7666735515478,414.4621551141262
person_years_exposure,county,17,female,75-84,159.5628505775662,124.37569968543782,185.67555698667053
person_years_exposure,county,17,female,85+,38.848617352475806,23.49045446391022,51.180062080042696
person_years_exposure,county,17,female,18-64,3124.3645586938546,2972.4895788451245,3256.338867566088
person_years_exposure,county,17,female,65+,581.6937049891739,501.77753210197824,643.7658344277804
mortality_rate,county,17,female,0-17,0.0040513397211119385,0.0006637993385655265,0.009596305715495222
mortality_rate,county,17,female,18-44,0.0008215222544823189,0.0,0.0025799086083004774
mortality_rate,county,17,female,45-64,0.0081635664921436,0.0019586491601229924,0.018378738706605804
mortality_rate,county,17,female,65-74,0.030906362608596315,0.00751386151920619,0.07107412800868097
mortality_rate,county,17,female,75-84,0.08169878163648862,0.023297304485762452,0.1966843712663369
mortality_rate,county,17,female,85+,0.12891598388338682,0.03445098047810489,0.3341188330314715
qualifying_event_rate,county,17,female,0-17,0.014524687697746194,0.008532387267608164,0.021449365893574164
qualifying_event_rate,county,17,female,18-44,0.031180754063741736,0.021242341574468037,0.04399688720235623
qualifying_event_rate,county,17,female,45-64,0.048503048035826696,0.03460496226067789,0.06530013706465171
qualifying_event_rate,county,17,female,65-74,0.07013740047875998,0.043795388014789875,0.10000902003356958
qualifying_event_rate,county,17,female,75-84,0.07096790367563326,0.03707142235403635,0.11012372711653977
qualifying_event_rate,county,17,female,85+,0.06278657625665408,0.0,0.12920871037905543
person_years_exposure,state,0,male,0-17,10231.395453840592,9356.841097443135,11314.460218212278
person_years_exposure,state,0,male,18-44,9563.552916536146,8763.125543163025,10565.311335807057
person_years_exposure,state,0,male,45-64,8563.914752874674,7816.263471284959,9475.130481851142
person_years_exposure,state,0,male,65-74,2206.737371272129,1943.3646598145172,2493.8631524660054
person_years_exposure,state,0,male,75-84,906.749408684349,701.2310366051022,1084.8032875246774
person_years_exposure,state,0,male,85+,144.34856627349987,87.26237735449995,193.6411665118084
person_years_exposure,state,0,male,18-64,18127.46766941082,16582.59412925875,20042.206096870825
person_years_exposure,state,0,male,65+,3257.835346229978,2736.7945509244164,3747.775460515681
mortality_rate,state,0,male,0-17,0.0006956223647213634,0.00010587678244019524,0.0016088316568266155
mortality_rate,state,0,male,18-44,0.000828391221378783,0.00019416256794413075,0.00188385686436508
mortality_rate,state,0,male,45-64,0.006893933931346314,0.002371645473374689,0.014202627930072338
mortality_rate,state,0,male,65-74,0.03322632594409869,0.011620140881556395,0.07114817016816612
mortality_rate,state,0,male,75-84,0.08765793774476761,0.031379150352241814,0.19789729679891307
mortality_rate,state,0,male,85+,0.15521439880505514,0.05755861633581855,0.3749232611066308
qualifying_event_rate,state,0,male,0-17,0.00967285423786943,0.006767801996624428,0.013521684667844482
qualifying_event_rate,state,0,male,18-44,0.01972827096036876,0.01409899439863267,0.027010489369664204
qualifying_event_rate,state,0,male,45-64,0.030557793192611624,0.022444985892653223,0.0410814334065323
qualifying_event_rate,state,0,male,65-74,0.058968719188709356,0.04295106001981469,0.0785536675743338
qualifying_event_rate,state,0,male,75-84,0.047378880299068865,0.03248022784764994,0.06653199880141036
qualifying_event_rate,state,0,male,85+,0.04725458396360387,0.01918346042586966,0.08374755912524391
person_years_exposure,state,0,female,0-17,10341.618311987286,9460.8379072075,11428.436724503394
person_years_exposure,state,0,female,18-44,9652.310719096513,8815.971256567283,10682.620873172198
person_years_exposure,state,0,female,45-64,8774.674939471153,8015.940260112502,9707.809325025788
person_years_exposure,state,0,female,65-74,2404.7375649944506,2115.233521986187,2709.7909764089877
person_years_exposure,state,0,female,75-84,908.6825051617542,696.117237778475,1087.8219282422156
person_years_exposure,state,0,female,85+,140.87263372115464,86.78479446317273,185.25408333056
person_years_exposure,state,0,female,18-64,18426.985658567668,16845.113102310122,20390.388153900654
person_years_exposure,state,0,female,65+,3454.2927038773596,2915.9432323934116,3969.3154103170054
mortality_rate,state,0,female,0-17,0.0006849032326294492,0.00010389821392289624,0.001577704402105463
mortality_rate,state,0,female,18-44,0.0007376593434164193,0.0001118221371294292,0.001712943117709637
mortality_rate,state,0,female,45-64,0.0068376931989079575,0.0023133151156657012,0.01446874537061665
mortality_rate,state,0,female,65-74,0.03154427847851343,0.011081074689074452,0.06699404519846155
mortality_rate,state,0,female,75-84,0.08624157026022548,0.03130557503268328,0.19409563834451984
mortality_rate,state,0,female,85+,0.13251495648107348,0.04658489678181086,0.3272161647190916
qualifying_event_rate,state,0,female,0-17,0.010812840142764058,0.007607134724451151,0.014809242437104827
qualifying_event_rate,state,0,female,18-44,0.022314548082476342,0.01628363300641541,0.030155334328877886
qualifying_event_rate,state,0,female,45-64,0.02997856430704311,0.022121114264930006,0.04026524100323593
qualifying_event_rate,state,0,female,65-74,0.05728532709058089,0.0421235739404674,0.07649116387567133
qualifying_event_rate,state,0,female,75-84,0.05388763750338016,0.03698152948323305,0.07491327076686345
qualifying_event_rate,state,0,female,85+,0.05057997935464317,0.02259262568933072,0.08609579505571908
person_years_exposure,state,1,male,0-17,3820.602988841,3400.9843584870714,4197.911155668267
person_years_exposure,state,1,male,18-44,3439.7272820762996,3064.3631124955878,3779.4337428743693
person_years_exposure,state,1,male,45-64,3245.0275167451723,2888.477627694663,3570.030420935291
person_years_exposure,state,1,male,65-74,992.1716903902247,859.6127852686519,1106.501751419359
person_years_exposure,state,1,male,75-84,321.18568470364414,242.15671272922967,388.13778873371945
person_years_exposure,state,1,male,85+,22.99217182898493,11.791759185973161,32.72631645317952
person_years_exposure,state,1,male,18-64,6684.754798821472,5972.789113194622,7342.405801642607
person_years_exposure,state,1,male,65+,1336.349546922854,1132.326219994486,1518.0483379455698
mortality_rate,state,1,male,0-17,0.005037577075520362,0.001549210136247444,0.011151790606265834
mortality_rate,state,1,male,18-44,0.0006630646942955544,0.0,0.0017560052809793033
mortality_rate,state,1,male,45-64,0.009300136613023344,0.0028844431887697186,0.02002679342565875
mortality_rate,state,1,male,65-74,0.03308320431627122,0.011052337921964616,0.07259136248757667
mortality_rate,state,1,male,75-84,0.08730603695862199,0.02902078106953996,0.20397522261404016
mortality_rate,state,1,male,85+,0.12303907740673257,0.0181683465591118,0.3787405552060337
qualifying_event_rate,state,1,male,0-17,0.016042875224217865,0.010835214543855986,0.022519392478839297
qualifying_event_rate,state,1,male,18-44,0.02586023284491508,0.018349046727856144,0.035482239494286874
qualifying_event_rate,state,1,male,45-64,0.04435482178341196,0.03238858719990254,0.0594425872609034
qualifying_event_rate,state,1,male,65-74,0.07700467188163862,0.0548238740905265,0.10410082943284035
qualifying_event_rate,state,1,male,75-84,0.08616888789251752,0.05812172578896637,0.12069294128285135
qualifying_event_rate,state,1,male,85+,0.029398349573321176,0.0,0.09871784194373791
person_years_exposure,state,1,female,0-17,3646.4048629539425,3253.077980356012,4010.783476614342
person_years_exposure,state,1,female,18-44,3381.9744276840793,3012.3631600927156,3713.708429695974
person_years_exposure,state,1,female,45-64,3264.7082925350983,2903.4194704180386,3586.7383878695146
person_years_exposure,state,1,female,65-74,944.6020909507253,820.5137531134453,1056.340066928057
person_years_exposure,state,1,female,75-84,375.8956678814951,288.9145988799271,447.6259678513067
person_years_exposure,state,1,female,85+,55.54565917296312,32.77916690975809,73.55988622952029
person_years_exposure,state,1,female,18-64,6646.682720219178,5922.598202324365,7295.323180018231
person_years_exposure,state,1,female,65+,1376.0434180051834,1158.7166375266297,1566.9955024912656
mortality_rate,state,1,female,0-17,0.002580399061852295,0.000560760213893182,0.005825861206458057
mortality_rate,state,1,female,18-44,0.0009969271215213783,0.0,0.0024754939359305783
mortality_rate,state,1,female,45-64,0.009251400827774045,0.003063446535021686,0.02004793566754776
mortality_rate,state,1,female,65-74,0.0340431456489095,0.011332144313805938,0.07406309218296826
mortality_rate,state,1,female,75-84,0.0852646396756621,0.028189804436065165,0.2030500441530803
mortality_rate,state,1,female,85+,0.09948769077353047,0.025280223616541694,0.2685531212113914
qualifying_event_rate,state,1,female,0-17,0.016690106832911687,0.011088661618057685,0.023587183724885583
qualifying_event_rate,state,1,female,18-44,0.031118130815766434,0.022069185878952947,0.04274609523195856
qualifying_event_rate,state,1,female,45-64,0.04439299404257322,0.03268868340617926,0.0597732638729713
qualifying_event_rate,state,1,female,65-74,0.0694291041563348,0.04915569383659516,0.09411904574618883
qualifying_event_rate,state,1,female,75-84,0.0718329421451801,0.046574843453889306,0.10229574522102135
qualifying_event_rate,state,1,female,85+,0.053353134554820436,0.012606463532760279,0.10745168232976858
person_years_exposure,state,2,male,0-17,4858.281169580215,4163.7251600829195,5518.984910373311
person_years_exposure,state,2,male,18-44,4945.852009398917,4255.894052676075,5601.586488760737
person_years_exposure,state,2,male,45-64,4092.460416035747,3518.802968591219,4648.753126138898
person_years_exposure,state,2,male,65-74,1249.806032548631,1027.9165319720441,1454.0114081098372
person_years_exposure,state,2,male,75-84,385.2975968430421,283.5979541443289,477.03074026180934
person_years_exposure,state,2,male,85+,44.525863360829284,23.199498011100516,67.24062022621334
person_years_exposure,state,2,male,18-64,9038.312425434664,7789.270788514619,10229.138779946776
person_years_exposure,state,2,male,65+,1679.6294927525025,1346.9623048330627,1985.3657053084398
mortality_rate,state,2,male,0-17,0.0035155622426080745,0.0010410995716433555,0.007654471816402382
mortality_rate,state,2,male,18-44,0.0008269198466091215,0.0,0.0020911839598145104
mortality_rate,state,2,male,45-64,0.010953443662503422,0.003827704238824747,0.023705558448147222
mortality_rate,state,2,male,65-74,0.04223160984250375,0.014872664983423631,0.0925433452785548
mortality_rate,state,2,male,75-84,0.08531460555183128,0.029593471376430196,0.19718256023660136
mortality_rate,state,2,male,85+,0.12385837408417306,0.03169387770526606,0.33198706975265135
qualifying_event_rate,state,2,male,0-17,0.01409812923346472,0.009527101195331459,0.01956716499689692
qualifying_event_rate,state,2,male,18-44,0.022578212427234998,0.01594428337303564,0.03023518212662308
qualifying_event_rate,state,2,male,45-64,0.032608338429306154,0.02351263989716916,0.04386313118002811
qualifying_event_rate,state,2,male,65-74,0.05821791438110677,0.04146344783177665,0.07933360035185343
qualifying_event_rate,state,2,male,75-84,0.05681483188981544,0.03477738826593161,0.08337920690867652
qualifying_event_rate,state,2,male,85+,0.04209604028748305,0.0,0.09843821802571401
person_years_exposure,state,2,female,0-17,5039.5775915159575,4319.83688185787,5721.009497484541
person_years_exposure,state,2,female,18-44,4976.732577780582,4269.491624091106,5646.111525307615
person_years_exposure,state,2,female,45-64,4602.514173993899,3936.522108395774,5219.681554654443
person_years_exposure,state,2,female,65-74,1193.6883922321745,985.7052900448393,1384.0729416492877
person_years_exposure,state,2,female,75-84,357.72498353556944,253.4136245708763,447.8129969122995
person_years_exposure,state,2,female,85+,29.926412752795297,12.982044851693429,48.471253693168926
person_years_exposure,state,2,female,18-64,9579.24675177448,8216.094558064213,10859.046937231748
person_years_exposure,state,2,female,65+,1581.3397885205393,1268.289962267655,1868.1406539011853
mortality_rate,state,2,female,0-17,0.0017961342291342988,0.0003917828011782504,0.004031348392615072
mortality_rate,state,2,female,18-44,0.000992802138785619,0.00018515216927489342,0.0024019652901033865
mortality_rate,state,2,female,45-64,0.010440752406374598,0.0036209442443532287,0.022059458996719693
mortality_rate,state,2,female,65-74,0.04134346461955866,0.014002511921993378,0.09120386323740597
mortality_rate,state,2,female,75-84,0.0909622689965569,0.032326000138199404,0.2176502560956609
mortality_rate,state,2,female,85+,0.162011271233207,0.03695297895153024,0.48080754000756515
qualifying_event_rate,state,2,female,0-17,0.011738528773143641,0.00787112162397966,0.016452422729867616
qualifying_event_rate,state,2,female,18-44,0.02186687277216725,0.015458605310978271,0.029392776079073004
qualifying_event_rate,state,2,female,45-64,0.03654545370571539,0.026668067948352924,0.0485591598103046
qualifying_event_rate,state,2,female,65-74,0.05400968362057572,0.03817172597124217,0.07331316133399329
qualifying_event_rate,state,2,female,75-84,0.05859147468008641,0.03629698797779561,0.0858542673873249
qualifying_event_rate,state,2,female,85+,0.04728470173016209,0.0,0.11918934336028905
person_years_exposure,state,3,male,0-17,3561.56367562941,3271.4390312703,3836.6643581209833
person_years_exposure,state,3,male,18-44,3504.438973136772,3229.5546129414447,3763.5037070204676
person_years_exposure,state,3,male,45-64,3547.025888618666,3265.1791568706885,3818.2892214847698
person_years_exposure,state,3,male,65-74,1244.1793642636735,1118.441463847517,1361.1025586741628
person_years_exposure,state,3,male,75-84,602.5993300394265,469.0060004917622,702.6565952418218
person_years_exposure,state,3,male,85+,85.84920115322035,49.74546388561728,112.98244833219171
person_years_exposure,state,3,male,18-64,7051.464861755438,6497.869374041329,7580.101961941244
person_years_exposure,state,3,male,65+,1932.6278954563204,1654.051891106035,2161.9593355047496
mortality_rate,state,3,male,0-17,0.007325801521473308,0.0022820709215694156,0.016295989449660493
mortality_rate,state,3,male,18-44,0.0012251481803967582,0.0,0.0029141096259077117
mortality_rate,state,3,male,45-64,0.005471683527113534,0.0016554445077528249,0.011958016682485213
mortality_rate,state,3,male,65-74,0.027453619263903183,0.009044945386851997,0.06068747302317979
mortality_rate,state,3,male,75-84,0.0793784256818289,0.028998214287777425,0.1865351038758953
mortality_rate,state,3,male,85+,0.12812493307467546,0.03722688430322969,0.35157324290902076
qualifying_event_rate,state,3,male,0-17,0.012187825010900264,0.008156085478945621,0.01714587206281121
qualifying_event_rate,state,3,male,18-44,0.034017264017168945,0.024492119015906408,0.04624714856706051
qualifying_event_rate,state,3,male,45-64,0.04196104531970648,0.030798812419602004,0.05616847321810967
qualifying_event_rate,state,3,male,65-74,0.06761210195849421,0.04899270686585236,0.0909114190036332
qualifying_event_rate,state,3,male,75-84,0.08306592958047841,0.05870909973416253,0.11455541064542503
qualifying_event_rate,state,3,male,85+,0.051093814749396144,0.01392528819910721,0.09492367528288263
person_years_exposure,state,3,female,0-17,3365.525911318764,3084.739148766486,3632.3409153429143
person_years_exposure,state,3,female,18-44,3240.3875095975745,2974.679150690884,3488.4528903250844
person_years_exposure,state,3,female,45-64,3770.2850284695705,3465.2963122073807,4053.7433421214682
person_years_exposure,state,3,female,65-74,1109.6957910664885,984.216039639566,1218.2338002914048
person_years_exposure,state,3,female,75-84,452.02066457367096,344.99938210541814,536.7037297546846
person_years_exposure,state,3,female,85+,61.16474856112946,36.29162058724886,80.01241471908757
person_years_exposure,state,3,female,18-64,7010.672538067145,6444.381005421953,7534.653436924722
person_years_exposure,state,3,female,65+,1622.881204201289,1374.5158019520159,1821.7322531630725
mortality_rate,state,3,female,0-17,0.009054932327963769,0.0028953720321734243,0.02010855317674882
mortality_rate,state,3,female,18-44,0.0007700058033521645,0.0,0.001991958624217134
mortality_rate,state,3,female,45-64,0.00650375128368041,0.002006461526714476,0.014226039756196015
mortality_rate,state,3,female,65-74,0.03312598454543251,0.011311932671216227,0.07319169981370924
mortality_rate,state,3,female,75-84,0.08630950111938827,0.02986918774283027,0.21147487124177478
mortality_rate,state,3,female,85+,0.09603575998477333,0.02415222173572924,0.2670442109122867
qualifying_event_rate,state,3,female,0-17,0.011991271099124103,0.00767741048998695,0.017017654716620853
qualifying_event_rate,state,3,female,18-44,0.02813700658253156,0.01971623929190046,0.03831143740197092
qualifying_event_rate,state,3,female,45-64,0.04308464877944202,0.031646985252519494,0.05714390320362035
qualifying_event_rate,state,3,female,65-74,0.06510923293257527,0.04667875792734296,0.08829758257524478
qualifying_event_rate,state,3,female,75-84,0.06132878619089489,0.03970252472937557,0.08819833799011766
qualifying_event_rate,state,3,female,85+,0.049777277780977784,0.0,0.10351207339572466
person_years_exposure,state,4,male,0-17,18014.17523103554,17138.017859096486,18788.688283627373
person_years_exposure,state,4,male,18-44,17474.2304577395,16655.093765554884,18186.10493460288
person_years_exposure,state,4,male,45-64,16264.126441274459,15455.676723484998,16970.17582460858
person_years_exposure,state,4,male,65-74,4542.6218205096875,4100.235232859861,4883.340099251232
person_years_exposure,state,4,male,75-84,1852.277605287545,1412.692323977416,2163.024586141425
person_years_exposure,state,4,male,85+,261.122939656231,149.9953753114557,347.95353305508513
person_years_exposure,state,4,male,18-64,33738.35689901396,32140.73258751369,35108.38342345405
person_years_exposure,state,4,male,65+,6656.022365453464,5713.235932657169,7376.185753953666
mortality_rate,state,4,male,0-17,0.003220716682468111,0.0011099131309919683,0.006839422613699639
mortality_rate,state,4,male,18-44,0.0008061815584852011,0.00022329480325422067,0.0017215862498041947
mortality_rate,state,4,male,45-64,0.007513240228654093,0.0028012161661269156,0.01582200906016845
mortality_rate,state,4,male,65-74,0.034516212617311595,0.012859742317107455,0.07470708975717684
mortality_rate,state,4,male,75-84,0.0966763866076488,0.03624568903794136,0.22129446604967143
mortality_rate,state,4,male,85+,0.1431915718616355,0.05579928994234135,0.33725623938764937
qualifying_event_rate,state,4,male,0-17,0.013917448384760596,0.010071667919466842,0.018793634353123794
qualifying_event_rate,state,4,male,18-44,0.03285181928048763,0.024630090177413126,0.04330944595295841
qualifying_event_rate,state,4,male,45-64,0.04819532604437435,0.036266388323162355,0.06294544595116969
qualifying_event_rate,state,4,male,65-74,0.07817785877442583,0.06017291176496567,0.1008943350564342
qualifying_event_rate,state,4,male,75-84,0.07434186886790749,0.05582703565150566,0.09867026002711073
qualifying_event_rate,state,4,male,85+,0.06174436642008561,0.03631482626639511,0.09631090703836961
person_years_exposure,state,4,female,0-17,17542.74931230846,16664.693443864348,18313.728083602342
person_years_exposure,state,4,female,18-44,17398.15688655014,16579.313690062776,18117.877132840462
person_years_exposure,state,4,female,45-64,16495.680390240614,15666.836417518994,17218.120386157585
person_years_exposure,state,4,female,65-74,5116.317855541593,4646.573224468744,5487.038322217134
person_years_exposure,state,4,female,75-84,2038.3713238251464,1616.2979077746543,2334.0780749037776
person_years_exposure,state,4,female,85+,221.10427184793159,146.7857979867557,278.09211999662756
person_years_exposure,state,4,female,18-64,33893.83727679076,32266.6084754296,35300.08257225432
person_years_exposure,state,4,female,65+,7375.793451214671,6424.5512437588395,8085.080438619602
mortality_rate,state,4,female,0-17,0.004048870507581422,0.0014476732720572138,0.008527728636868502
mortality_rate,state,4,female,18-44,0.0008190242111085779,0.00022380638592205205,0.0017688695091240875
mortality_rate,state,4,female,45-64,0.00814698960815582,0.0029665711537429805,0.01722477150417346
mortality_rate,state,4,female,65-74,0.03167639384511848,0.011850997998456651,0.06745525864403784
mortality_rate,state,4,female,75-84,0.08000496094119114,0.029905578284033823,0.18228136958350633
mortality_rate,state,4,female,85+,0.11051371337160903,0.04175990999692714,0.25545716886456415
qualifying_event_rate,state,4,female,0-17,0.015002080329013621,0.010903491442697333,0.020324845020288026
qualifying_event_rate,state,4,female,18-44,0.03204605742552299,0.023945290654733813,0.042306787538619085
qualifying_event_rate,state,4,female,45-64,0.04989121478629111,0.037832559311248716,0.06506496154840376
qualifying_event_rate,state,4,female,65-74,0.07240913752709804,0.05555780115301651,0.09385273653856224
qualifying_event_rate,state,4,female,75-84,0.0718951633554574,0.053718031307093975,0.09570790366874371
qualifying_event_rate,state,4,female,85+,0.06087540580668241,0.0340591360203233,0.0938511502430377
person_years_exposure,state,5,male,0-17,9626.196765959636,8632.6258491729,10085.76930527169
person_years_exposure,state,5,male,18-44,9284.104269054604,8334.257369129413,9671.511439472768
person_years_exposure,state,5,male,45-64,8813.01564341733,7885.307444603635,9252.029411339909
person_years_exposure,state,5,male,65-74,2824.423635554071,2486.204924574331,3026.318138220438
person_years_exposure,state,5,male,75-84,1094.3038068344138,867.0555676821505,1260.3769885692593
person_years_exposure,state,5,male,85+,200.1298889993373,120.38094900101994,265.1463399860219
person_years_exposure,state,5,male,18-64,18097.119912471935,16218.662020920992,18916.118374789483
person_years_exposure,state,5,male,65+,4118.857331387822,3527.1362464034023,4540.23792472357
mortality_rate,state,5,male,0-17,0.0014066331359060002,0.00040135484295531127,0.0030691699367971026
mortality_rate,state,5,male,18-44,0.0009505178717848045,0.00020814619481396166,0.0021866966778631893
mortality_rate,state,5,male,45-64,0.005947347039960088,0.001990506380014759,0.012721899768021917
mortality_rate,state,5,male,65-74,0.02552192593967819,0.008627511349019672,0.05595502614337773
mortality_rate,state,5,male,75-84,0.08125503176946716,0.028938017703101674,0.1831563117925883
mortality_rate,state,5,male,85+,0.15338782780482701,0.056806291961095434,0.380422026582745
qualifying_event_rate,state,5,male,0-17,0.024111636318251514,0.017697634466628174,0.03206473160798487
qualifying_event_rate,state,5,male,18-44,0.03701641943753878,0.027628767401215736,0.04857637021058876
qualifying_event_rate,state,5,male,45-64,0.05483921083171358,0.041461151433786377,0.07105742666921308
qualifying_event_rate,state,5,male,65-74,0.08671229878497914,0.06711989104105409,0.11144506287382959
qualifying_event_rate,state,5,male,75-84,0.10023931054069592,0.07542559276522208,0.130555214508622
qualifying_event_rate,state,5,male,85+,0.07705088046416615,0.04483581499720943,0.11730515258291135
person_years_exposure,state,5,female,0-17,9522.538843890283,8535.425199320052,10013.324224716453
person_years_exposure,state,5,female,18-44,9237.779581016699,8297.346097547357,9629.099666059466
person_years_exposure,state,5,female,45-64,8928.98981585048,8005.139587349234,9332.052601107976
person_years_exposure,state,5,female,65-74,2688.4177996205863,2357.1179941906876,2899.0965469503267
person_years_exposure,state,5,female,75-84,1081.9880856056454,853.9371666423799,1247.7410720298574
person_years_exposure,state,5,female,85+,169.44583112683722,104.19452965552271,223.34928829239973
person_years_exposure,state,5,female,18-64,18166.76939686718,16304.587938894027,18954.114513828685
person_years_exposure,state,5,female,65+,3939.8517163530687,3357.98092851195,4353.517837016303
mortality_rate,state,5,female,0-17,0.008178581432090331,0.002806866003781436,0.017355508302388006
mortality_rate,state,5,female,18-44,0.0009059160018222643,0.0002086312853072815,0.0021049444042497163
mortality_rate,state,5,female,45-64,0.005406590400551577,0.001822835620125699,0.011446834882908806
mortality_rate,state,5,female,65-74,0.029603518067567128,0.010547948049582322,0.06437755035661757
mortality_rate,state,5,female,75-84,0.08023687339937793,0.029109729258495323,0.18786886620425314
mortality_rate,state,5,female,85+,0.1337804977616517,0.04690969578942064,0.3236010832936347
qualifying_event_rate,state,5,female,0-17,0.021604530455735297,0.01577417268908331,0.028855266334022894
qualifying_event_rate,state,5,female,18-44,0.03612043170644296,0.02721574018605425,0.04790017026396512
qualifying_event_rate,state,5,female,45-64,0.05439264650706628,0.04165576512480027,0.07081620973891044
qualifying_event_rate,state,5,female,65-74,0.08076627876560645,0.0620181433049447,0.10358607708019849
qualifying_event_rate,state,5,female,75-84,0.08752484256819647,0.06552796800884193,0.11622021572151951
qualifying_event_rate,state,5,female,85+,0.0762030162743004,0.0438370680529833,0.1182497865566145
