estimand,level,unit,sex,age_band,estimate,lower,upper
children_under_16,county,0,,,1983.1631027338542,1435.9618374868676,2530.364367980841
children_under_16,county,1,,,1625.5025736724347,1188.8098541886234,2062.195293156246
children_under_16,county,2,,,1603.1717439054244,1190.412965830701,2015.9305219801477
children_under_16,county,3,,,348.5421375499871,260.6747555378705,436.4095195621037
children_under_16,county,4,,,2594.617569732478,1889.1513610828579,3300.083778382098
children_under_16,county,5,,,746.7958061821558,551.7321383763842,941.8594739879275
children_under_16,county,6,,,752.2632974134724,562.6179162490665,941.9086785778783
children_under_16,county,7,,,607.1554872238347,450.83489464816034,763.4760797995091
children_under_16,county,8,,,182.18456807538348,135.2786267819829,229.09050936878407
children_under_16,county,9,,,397.1871888089104,290.48249548244763,503.8918821353731
children_under_16,county,10,,,845.5706032479853,618.4073048142665,1072.7339016817043
children_under_16,county,11,,,663.402559478844,490.1212750736183,836.6838438840696
children_under_16,county,12,,,377.92733406967034,276.3968179356436,479.4578502036971
children_under_16,county,13,,,751.3501851447339,549.4992862598219,953.2010840296459
children_under_16,county,14,,,199.7159997748743,148.29634848521692,251.13565106453166
children_under_16,county,15,,,375.4092254797928,278.75491893023906,472.0635320293465
children_under_16,county,16,,,237.044193304814,176.0138813933439,298.0745052162841
children_under_16,county,17,,,722.9647941511549,534.1258059375938,911.8037823647161
children_under_16,nation,0,,,15013.968369949804,14223.953744408898,15803.982995490709
children_under_16,state,0,,,1983.1631027338542,1725.051014865327,2241.2751906023814
children_under_16,state,1,,,3997.537884943734,3542.116621625538,4452.95914826193
children_under_16,state,2,,,3204.6812177641236,2934.7766573603026,3474.5857781679447
children_under_16,state,3,,,1100.8054349634594,1028.1190788687918,1173.491791058127
children_under_16,state,4,,,2594.617569732478,2279.6823740323816,2909.5527654325742
children_under_16,state,5,,,2133.163159812155,1930.438965518067,2335.8873541062426
elders_65_plus,county,0,,,608.9029056473487,440.89229677535064,776.9135145193468
elders_65_plus,county,1,,,571.7675656975726,418.1616980593541,725.3734333357912
elders_65_plus,county,2,,,732.0020282349137,543.537963875577,920.4660925942504
elders_65_plus,county,3,,,155.91140194656458,116.60617816162495,195.21662573150422
elders_65_plus,county,4,,,824.7696633918213,600.5180687715613,1049.0212580120813
elders_65_plus,county,5,,,344.99190860987267,254.87974341067377,435.10407380907156
elders_65_plus,county,6,,,342.7578096444913,256.3486551893875,429.16696409959513
elders_65_plus,county,7,,,323.4672287458129,240.18610893322779,406.74834855839805
elders_65_plus,county,8,,,169.9184987574393,126.17062696139703,213.66637055348156
elders_65_plus,county,9,,,159.56577917086466,116.69828995782078,202.43326838390854
elders_65_plus,county,10,,,209.0433593665776,152.88367400503455,265.20304472812063
elders_65_plus,county,11,,,223.83884459499112,165.37195757895046,282.3057316110318
elders_65_plus,county,12,,,168.15055502656145,122.97675810579526,213.32435194732764
elders_65_plus,county,13,,,221.877564174196,162.26995821835402,281.485170130038
elders_65_plus,county,14,,,97.13648841519456,72.12735360655958,122.14562322382955
elders_65_plus,county,15,,,171.2908192172325,127.18962450475003,215.39201392971495
elders_65_plus,county,16,,,111.44564557146654,82.75241999367037,140.1388711492627
elders_65_plus,county,17,,,259.28243651530886,191.55765465980278,327.00721837081494
elders_65_plus,nation,0,,,5696.12050272823,5397.896391358566,5994.344614097895
elders_65_plus,state,0,,,608.9029056473487,529.6531454691805,688.1526658255169
elders_65_plus,state,1,,,1330.4048234357724,1178.8378682617456,1481.9717786097992
elders_65_plus,state,2,,,1605.2607089420594,1470.062492165035,1740.4589257190837
elders_65_plus,state,3,,,498.6692115910559,465.7420050785283,531.5964181035836
elders_65_plus,state,4,,,824.7696633918213,724.6589579152575,924.8803688683851
elders_65_plus,state,5,,,828.1131897201727,749.4138279774395,906.812551462906
households,county,0,,,3257.529154496904,2396.4864974458424,4118.571811547966
households,county,1,,,2815.5219276650228,2070.581556110268,3560.4622992197774
households,county,2,,,2942.7405524564792,2176.0459732873933,3709.435131625565
households,county,3,,,767.180735818464,569.8133735903858,964.5480980465421
households,county,4,,,4558.757539122918,3341.1128714640863,5776.4022067817505
households,county,5,,,1340.6912220795227,984.4896118627203,1696.8928322963252
households,county,6,,,1598.3309051272267,1187.1392002468483,2009.5226100076052
households,county,7,,,1242.328808554054,918.6554346751078,1566.0021824330001
households,county,8,,,564.8248755475951,417.66675455704296,711.9829965381472
households,county,9,,,852.8756758605496,627.2189275955933,1078.5324241255057
households,county,10,,,1583.671528146934,1164.6583267200676,2002.6847295738003
households,county,11,,,1330.0339078856807,976.6637866902986,1683.4040290810628
households,county,12,,,863.2857587692478,634.8746753475582,1091.6968421909373
households,county,13,,,1373.3512221665917,1009.9852829197935,1736.71716141339
households,county,14,,,506.3158105607657,374.4015013021747,638.2301198193568
households,county,15,,,782.5783831316601,578.6872845361357,986.4694817271844
households,county,16,,,529.7996768516853,391.7669372856212,667.8324164177493
households,county,17,,,1461.7529506833937,1073.3870494246598,1850.1188519421275
households,nation,0,,,28371.570634924694,26809.268542426005,29933.872727423382
households,state,0,,,3257.529154496904,2920.9962417515776,3594.0620672422306
households,state,1,,,7488.706112608345,6710.093845231009,8267.318379985682
households,state,2,,,6568.5881071022395,5956.420103980854,7180.756110223625
households,state,3,,,2365.5116409456905,2167.7394293576226,2563.2838525337584
households,state,4,,,4558.757539122918,4056.296934922847,5061.21814332299
households,state,5,,,4132.478080648598,3691.3615036681126,4573.5946576290835
low_income_household_share,county,0,,,0.24977472732849432,0.07970776759279483,0.4198416870641938
low_income_household_share,county,1,,,0.31408286196920904,0.13315429779241916,0.4950114261459989
low_income_household_share,county,2,,,0.2856056755072418,0.12862616966665752,0.4425851813478261
low_income_household_share,county,3,,,0.47608435613466804,0.27330327177942515,0.6788654404899109
low_income_household_share,county,4,,,0.29468065405593447,0.1399545551579341,0.44940675295393484
low_income_household_share,county,5,,,0.2456849156595265,0.0,0.5019215750316115
low_income_household_share,county,6,,,0.30928196287037735,0.1384301803586186,0.4801337453821361
low_income_household_share,county,7,,,0.38623599323905683,0.22332315028942043,0.5491488361886933
low_income_household_share,county,8,,,0.35387889154805735,0.19303517278038618,0.5147226103157285
low_income_household_share,county,9,,,0.35189361925464385,0.16583274460677555,0.5379544939025122
low_income_household_share,county,10,,,0.2900872355952475,0.11220617216976869,0.46796829902072634
low_income_household_share,county,11,,,0.35113436950909105,0.07255169594823663,0.6297170430699455
low_income_household_share,county,12,,,0.28314537880627255,0.1061134205585118,0.4601773370540333
low_income_household_share,county,13,,,0.3273834662413148,0.14469383533773092,0.5100730971448987
low_income_household_share,county,14,,,0.38511238724893676,0.22227382558479677,0.5479509489130767
low_income_household_share,county,15,,,0.3373781768381588,0.17753232875517852,0.49722402492113904
low_income_household_share,county,16,,,0.35063767973004156,0.1899930833332125,0.5112822761268706
low_income_household_share,county,17,,,0.3517031032927669,0.07298868765628808,0.6304175189292457
low_income_household_share,nation,0,,,0.30944670233655136,0.23226308236459037,0.38663032230851235
low_income_household_share,state,0,,,0.24977472732849432,0.10999988618830686,0.3895495684686818
low_income_household_share,state,1,,,0.31217505052391975,0.16157708501082768,0.4627730160370118
low_income_household_share,state,2,,,0.3268358461323457,0.20211991311081878,0.45155177915387257
low_income_household_share,state,3,,,0.36200990497257385,0.20771376112923734,0.5163060488159104
low_income_household_share,state,4,,,0.29468065405593447,0.17038178218036157,0.41897952593150734
low_income_household_share,state,5,,,0.3143672383228294,0.06967229064631295,0.5590621859993459
mean_income_adults,county,0,,,23603.469505554258,14001.500009633464,33205.43900147505
mean_income_adults,county,1,,,21304.394811912993,11836.39102215963,30772.398601666355
mean_income_adults,county,2,,,24571.096761403933,15634.05776654714,33508.13575626073
mean_income_adults,county,3,,,19788.801838625983,11909.353878925505,27668.249798326462
mean_income_adults,county,4,,,23781.66579804733,12165.724485282732,35397.60711081192
mean_income_adults,county,5,,,20675.577458989537,9728.053308735327,31623.10160924375
mean_income_adults,county,6,,,19745.109556006035,11818.260350379955,27671.958761632115
mean_income_adults,county,7,,,18297.510359204436,11540.786216356299,25054.234502052575
mean_income_adults,county,8,,,21774.309504832487,13963.682710956511,29584.93629870846
mean_income_adults,county,9,,,20937.53379589522,12001.209140194915,29873.858451595523
mean_income_adults,county,10,,,21183.11588717909,11593.374193059044,30772.857581299137
mean_income_adults,county,11,,,18011.465007900046,8256.400244412813,27766.52977138728
mean_income_adults,county,12,,,19849.749786429056,11298.046697274565,28401.45287558355
mean_income_adults,county,13,,,22104.095859985224,12671.452405788306,31536.73931418214
mean_income_adults,county,14,,,18180.73670354544,11667.502575437657,24693.970831653227
mean_income_adults,county,15,,,21666.66494130831,13800.591568372784,29532.738314243838
mean_income_adults,county,16,,,18907.82544305086,11148.274047618328,26667.376838483393
mean_income_adults,county,17,,,22113.482060719965,9769.757965165374,34457.20615627456
mean_income_adults,nation,0,,,21884.870254185225,17067.42554961727,26702.31495875318
mean_income_adults,state,0,,,23603.469505554254,17116.879966270222,30090.059044838286
mean_income_adults,state,1,,,21230.90096720196,14796.414556944768,27665.387377459152
mean_income_adults,state,2,,,22009.52273019338,16939.45422414472,27079.591236242042
mean_income_adults,state,3,,,19758.921133305455,14638.011364429112,24879.8309021818
mean_income_adults,state,4,,,23781.66579804733,15160.314782170528,32403.01681392413
mean_income_adults,state,5,,,20330.004436815292,12335.750505844571,28324.258367786013
median_household_income,county,0,,,41776.79466281822,24427.183822680574,59126.405502955866
median_household_income,county,1,,,29187.24091007393,14064.612433941484,44309.86938620638
median_household_income,county,2,,,34666.690438611826,18507.62330273539,50825.75757448826
median_household_income,county,3,,,33008.72477220927,17292.956423991407,48724.49312042714
median_household_income,county,4,,,33490.85051846859,9403.561232532273,57578.13980440491
median_household_income,county,5,,,31401.020606617265,9751.005523114018,53051.03569012051
median_household_income,county,6,,,26443.480121684028,11882.734911507901,41004.22533186016
median_household_income,county,7,,,22870.16206733807,11653.732743530561,34086.59139114558
median_household_income,county,8,,,21495.138196214877,10938.934053599729,32051.342338830025
median_household_income,county,9,,,24840.793292995117,11749.632457083799,37931.95412890644
median_household_income,county,10,,,31506.384149581503,15352.294590354564,47660.473708808444
median_household_income,county,11,,,23804.240307543052,6707.46041827388,40901.02019681223
median_household_income,county,12,,,31618.758714335665,15755.230923970217,47482.286504701115
median_household_income,county,13,,,29408.92917176528,14405.449161481938,44412.40918204862
median_household_income,county,14,,,21914.044527318954,11182.956658783636,32645.13239585427
median_household_income,county,15,,,27189.16013189695,14445.303601179517,39933.016662614384
median_household_income,county,16,,,22506.92989195602,11096.638528252573,33917.22125565947
median_household_income,county,17,,,31812.25179478242,12045.80660368082,51578.69698588402
median_household_income,nation,0,,,29543.81115916941,22977.25693017523,36110.36538816359
median_household_income,state,0,,,41776.79466281822,31618.824708116103,51934.76461752033
median_household_income,state,1,,,29543.81115916941,19547.555665842643,39540.06665249618
median_household_income,state,2,,,26940.607868244657,18533.009916650706,35348.20581983861
median_household_income,state,3,,,25688.13956402455,17491.37016406143,33884.90896398767
median_household_income,state,4,,,33490.85051846859,13930.072580184438,53051.62845675275
median_household_income,state,5,,,28251.882872659262,13151.831802364875,43351.93394295365
persons,county,0,,,6252.501420224583,4527.289467970633,7977.713372478533
persons,county,1,,,6151.547331891646,4498.928642197411,7804.16602158588
persons,county,2,,,6780.327484689417,5034.638229520032,8526.016739858804
persons,county,3,,,1255.52664862619,939.0087078208029,1572.0445894315772
persons,county,4,,,10067.039482852608,7329.851444375585,12804.22752132963
persons,county,5,,,2961.0417037050042,2187.6152188893343,3734.468188520674
persons,county,6,,,2716.273528821259,2031.501680332472,3401.0453773100458
persons,county,7,,,2687.82494172877,1995.807169556646,3379.8427139008945
persons,county,8,,,974.7664837288442,723.7993467008555,1225.7336207568328
persons,county,9,,,1586.8916346524063,1160.5717784513558,2013.2114908534568
persons,county,10,,,3141.3419531717154,2297.4176293486616,3985.266276994769
persons,county,11,,,2635.1870984903844,1946.874099768745,3323.500097212024
persons,county,12,,,1654.1838562333285,1209.785884550806,2098.581827915851
persons,county,13,,,2803.759308240754,2050.5268637497516,3556.991752731756
persons,county,14,,,900.5928185370949,668.7227193194708,1132.462917754719
persons,county,15,,,1586.9935615020136,1178.4000806424438,1995.5870423615834
persons,county,16,,,1021.8608743267803,758.7686339271314,1284.9531147264292
persons,county,17,,,2852.0285266877495,2107.0763717653554,3596.9806816101436
persons,nation,0,,,58029.68865811054,54988.82203277084,61070.555283450245
persons,state,0,,,6252.501420224583,5438.727609210069,7066.275231239097
persons,state,1,,,15337.724084189851,13590.36711600292,17085.08105237678
persons,state,2,,,13952.366164512918,12777.270421650426,15127.46190737541
persons,state,3,,,3971.8001774474483,3709.5415867234733,4234.058768171423
persons,state,4,,,10067.039482852608,8845.100231905626,11288.97873379959
persons,state,5,,,8448.257328883137,7645.381021785386,9251.133635980888
tertiary_share_25_plus,county,0,,,0.4476545395135087,0.423449034317162,0.4718600447098554
tertiary_share_25_plus,county,1,,,0.38593200241283976,0.36116553771182597,0.41069846711385355
tertiary_share_25_plus,county,2,,,0.4049179327051879,0.38054294460977095,0.4292929208006048
tertiary_share_25_plus,county,3,,,0.3332513994807561,0.29825265559172487,0.36825014336978734
tertiary_share_25_plus,county,4,,,0.39931304458854094,0.3763509842748538,0.4222751049022281
tertiary_share_25_plus,county,5,,,0.39034351571206194,0.3610995121249665,0.4195875192991574
tertiary_share_25_plus,county,6,,,0.337155041327708,0.30911950712442543,0.3651905755309906
tertiary_share_25_plus,county,7,,,0.36762715963274195,0.338369354921177,0.3968849643443069
tertiary_share_25_plus,county,8,,,0.3715973478154396,0.3306406111226392,0.41255408450824005
tertiary_share_25_plus,county,9,,,0.3615296696158029,0.327195623247008,0.3958637159845978
tertiary_share_25_plus,county,10,,,0.37390336355271525,0.3453235177911732,0.4024832093142573
tertiary_share_25_plus,county,11,,,0.365878801368962,0.335763502429034,0.39599410030889
tertiary_share_25_plus,county,12,,,0.3802371841992192,0.34661531768968434,0.41385905070875406
tertiary_share_25_plus,county,13,,,0.3949045057813935,0.3654655628177933,0.42434344874499375
tertiary_share_25_plus,county,14,,,0.3734692669906889,0.33083418744458737,0.4161043465367904
tertiary_share_25_plus,county,15,,,0.3589046084520976,0.3242882992853874,0.3935209176188078
tertiary_share_25_plus,county,16,,,0.3305663074208555,0.29082283833027855,0.3703097765114325
tertiary_share_25_plus,county,17,,,0.3727751085894616,0.34341013238156604,0.4021400847973572
tertiary_share_25_plus,nation,0,,,0.38866386703698186,0.3681055205892227,0.409222213484741
tertiary_share_25_plus,state,0,,,0.4476545395135087,0.423449034317162,0.4718600447098554
tertiary_share_25_plus,state,1,,,0.38196965038106223,0.3599649011475233,0.4039743996146012
tertiary_share_25_plus,state,2,,,0.38269710189252887,0.36052151694305934,0.4048726868419984
tertiary_share_25_plus,state,3,,,0.3359210602242855,0.31017306281004664,0.3616690576385243
tertiary_share_25_plus,state,4,,,0.39931304458854094,0.3763509842748538,0.4222751049022281
tertiary_share_25_plus,state,5,,,0.3767815829456915,0.3531596343004938,0.40040353159088915
person_years_exposure,county,0,male,0-17,5456.008778258069,4778.245091639002,6172.778922414497
person_years_exposure,county,0,male,18-44,5702.259888624354,4998.80182654406,6414.450547666445
person_years_exposure,county,0,male,45-64,4685.923421709308,4123.044726565356,5267.954817704826
person_years_exposure,county,0,male,65-74,1159.35908506436,971.1191216416557,1343.236694299421
person_years_exposure,county,0,male,75-84,378.80454025029985,262.32157770706,475.7924824643234
person_years_exposure,county,0,male,85+,20.742533512824636,9.712100253973022,31.475765801382867
person_years_exposure,county,0,male,18-64,10388.183310333661,9118.431535432954,11674.37072950554
person_years_exposure,county,0,male,65+,1558.9061588274844,1255.522693388953,1835.3173202412272
mortality_rate,county,0,male,0-17,0.01993251065840863,0.007018811383549323,0.042163521172388245
mortality_rate,county,0,male,18-44,0.001365275592845372,0.0003419716919783117,0.003077522568968849
mortality_rate,county,0,male,45-64,0.01016998303855473,0.0034113247376895777,0.021782096677976755
mortality_rate,county,0,male,65-74,0.051177796809374856,0.0176641121290557,0.11135730914791744
mortality_rate,county,0,male,75-84,0.11791171912341279,0.04121775679157343,0.27515757279713987
mortality_rate,county,0,male,85+,0.13915617907224234,0.03176430854353418,0.4292564293802855
qualifying_event_rate,county,0,male,0-17,0.03658452118798235,0.02570466760448584,0.04986113938275157
qualifying_event_rate,county,0,male,18-44,0.04250250888178448,0.03051724912579204,0.05764546557145959
qualifying_event_rate,county,0,male,45-64,0.05956618012590847,0.04351141304624799,0.07971190842486942
qualifying_event_rate,county,0,male,65-74,0.06884444234382238,0.048885117963930046,0.09405559421178514
qualifying_event_rate,county,0,male,75-84,0.0765748357842983,0.048277323400917574,0.11332313206974924
qualifying_event_rate,county,0,male,85+,0.03639423298955195,0.0,0.1201191885556038
person_years_exposure,county,0,female,0-17,5056.427572056943,4448.473361932393,5678.557035408378
person_years_exposure,county,0,female,18-44,5712.2739231348905,5020.797195390657,6416.622323064179
person_years_exposure,county,0,female,45-64,4719.001563002637,4152.169923108994,5310.120869133731
person_years_exposure,county,0,female,65-74,1201.1727902766484,1008.7295464055011,1384.602700501212
person_years_exposure,county,0,female,75-84,308.85646733768453,202.45029322728863,397.97627164351155
person_years_exposure,county,0,female,85+,22.669077449063902,10.584066079172445,33.999695891538636
person_years_exposure,county,0,female,18-64,10431.275486137529,9177.720999610947,11721.149067642582
person_years_exposure,county,0,female,65+,1532.6983350633968,1231.50062758091,1801.3994775369636
mortality_rate,county,0,female,0-17,0.006022366527018666,0.0018950382483709613,0.01279602305416396
mortality_rate,county,0,female,18-44,0.001038830089575498,0.00017526002523881185,0.0023921828094561506
mortality_rate,county,0,female,45-64,0.01152546172084614,0.003880824534983954,0.023579142863327178
mortality_rate,county,0,female,65-74,0.049176236559903864,0.0173217634710481,0.10357960473560644
mortality_rate,county,0,female,75-84,0.13554205728197405,0.04818093435993572,0.32822436689643836
mortality_rate,county,0,female,85+,0.15993067129204014,0.030606194262895528,0.4865803385710519
qualifying_event_rate,county,0,female,0-17,0.036800797352379136,0.02599696564785926,0.05063000496046021
qualifying_event_rate,county,0,female,18-44,0.04879672055748118,0.035712690503027326,0.06608696751668947
qualifying_event_rate,county,0,female,45-64,0.05992012925162745,0.0437533169907588,0.08025437987578697
qualifying_event_rate,county,0,female,65-74,0.07783611955172308,0.055029007094850424,0.10549299627904708
qualifying_event_rate,county,0,female,75-84,0.07758284340475205,0.04796032059967598,0.11468881731257309
qualifying_event_rate,county,0,female,85+,0.06256070460986064,0.0,0.1574539141236853
person_years_exposure,county,1,male,0-17,4214.754736703481,3636.110371138413,4804.980326347116
person_years_exposure,county,1,male,18-44,5164.169217355061,4646.545517754551,5770.896239972681
person_years_exposure,county,1,male,45-64,4249.782592400839,3806.8023490052756,4750.6539016645565
person_years_exposure,county,1,male,65-74,1123.7435046079875,947.5528931561464,1293.521643312931
person_years_exposure,county,1,male,75-84,407.4457502700787,287.3607062362272,509.34238112455574
person_years_exposure,county,1,male,85+,27.94850049673738,12.536629144563976,43.49343297541465
person_years_exposure,county,1,male,18-64,9413.951809755901,8457.369553310442,10505.614245528379
person_years_exposure,county,1,male,65+,1559.1377553748034,1260.387041599948,1830.4167078676153
mortality_rate,county,1,male,0-17,0.04108230876660183,0.014511924080665563,0.08926389972513792
mortality_rate,county,1,male,18-44,0.0013367726776458504,0.0002078161391985809,0.0030845567931303635
mortality_rate,county,1,male,45-64,0.010441480822300531,0.0035580770839576414,0.022118858281907145
mortality_rate,county,1,male,65-74,0.051465140384816914,0.01816800763702061,0.11075486086373021
mortality_rate,county,1,male,75-84,0.10946065671978229,0.037514500703562464,0.25877118117439224
mortality_rate,county,1,male,85+,0.16363627466829825,0.04389146970397203,0.4700185631812118
qualifying_event_rate,county,1,male,0-17,0.026729248461706094,0.01823010994774842,0.037502534688566826
qualifying_event_rate,county,1,male,18-44,0.03560554256376101,0.025301422326263485,0.048436601186383786
qualifying_event_rate,county,1,male,45-64,0.043212688474554006,0.030567802282984866,0.05769253757386396
qualifying_event_rate,county,1,male,65-74,0.0734870244567579,0.05119571384470565,0.10040216149373613
qualifying_event_rate,county,1,male,75-84,0.04549524197722611,0.025765244859463854,0.07111166613970074
qualifying_event_rate,county,1,male,85+,0.020484727794546548,0.0,0.07764997845641697
person_years_exposure,county,1,female,0-17,4553.619926183288,4089.669711834263,5091.725821203166
person_years_exposure,county,1,female,18-44,5137.309714215292,4613.670738241212,5748.515324761447
person_years_exposure,county,1,female,45-64,3975.6542795839346,3569.2211447953096,4442.84389622937
person_years_exposure,county,1,female,65-74,1151.6672066050696,973.6669569804171,1323.4454235213882
person_years_exposure,county,1,female,75-84,315.2406297228363,211.86737028187574,400.5922345775847
person_years_exposure,county,1,female,85+,22.177064631060983,8.1767752381696,35.29784193634694
person_years_exposure,county,1,female,18-64,9112.963993799227,8191.650374218497,10173.224717121213
person_years_exposure,county,1,female,65+,1489.084900958967,1205.0903345809368,1746.8942446766214
mortality_rate,county,1,female,0-17,0.00325333544853337,0.0008918831955917319,0.0069837012734100205
mortality_rate,county,1,female,18-44,0.0010679379734141684,0.0001856081575739096,0.0024758121135337414
mortality_rate,county,1,female,45-64,0.011781546426026735,0.004096942456339365,0.024611783075234234
mortality_rate,county,1,female,65-74,0.04659981647558858,0.016092557109726024,0.10179731364998595
mortality_rate,county,1,female,75-84,0.127532877900956,0.04513706774979665,0.31139980487241925
mortality_rate,county,1,female,85+,0.14310135666592652,0.02855813815058062,0.4620597482850241
qualifying_event_rate,county,1,female,0-17,0.03125764809669819,0.021747512682522157,0.04280974362592882
qualifying_event_rate,county,1,female,18-44,0.03603511282257333,0.025364285856138747,0.04901840079092806
qualifying_event_rate,county,1,female,45-64,0.04133397380341322,0.029147178781676733,0.05602467910896859
qualifying_event_rate,county,1,female,65-74,0.058572523642788824,0.040348442724111706,0.08103731111311116
qualifying_event_rate,county,1,female,75-84,0.05925698802283564,0.03419470321890613,0.09032422061493323
qualifying_event_rate,county,1,female,85+,0.03388955052686495,0.0,0.11481367867524767
person_years_exposure,county,2,male,0-17,4610.108365131507,4226.908023605201,4971.0975190314275
person_years_exposure,county,2,male,18-44,5227.99249018579,4808.277287229777,5619.046459940224
person_years_exposure,county,2,male,45-64,4829.194321193474,4428.336767445909,5197.448358290569
person_years_exposure,county,2,male,65-74,1283.6389162177518,1099.7380611584883,1438.715005835924
person_years_exposure,county,2,male,75-84,385.12199893619277,268.07203569827584,474.9464588904017
person_years_exposure,county,2,male,85+,56.86381643367523,31.890510534379167,79.50558445841494
person_years_exposure,county,2,male,18-64,10057.186811379264,9244.432274764657,10809.997900693734
person_years_exposure,county,2,male,65+,1725.6247315876199,1413.0442454923862,1977.2770846159406
mortality_rate,county,2,male,0-17,0.008442936364987094,0.002730828553797847,0.01809927502684384
mortality_rate,county,2,male,18-44,0.0015190163843785058,0.00036505151838532384,0.003425972860228281
mortality_rate,county,2,male,45-64,0.009721147955048134,0.0033306851766231947,0.02085602547700377
mortality_rate,county,2,male,65-74,0.05114777419724355,0.017569938643505603,0.11299431129777449
mortality_rate,county,2,male,75-84,0.10859347675360706,0.036928884481736,0.26429912873975975
mortality_rate,county,2,male,85+,0.156444536961128,0.054582212278503954,0.41429139842334184
qualifying_event_rate,county,2,male,0-17,0.025677694264269905,0.01765147383498693,0.035018288638670174
qualifying_event_rate,county,2,male,18-44,0.030543399662922112,0.021589340256408202,0.04129992956018328
qualifying_event_rate,county,2,male,45-64,0.04196916351124609,0.030180511094138236,0.05590442309725125
qualifying_event_rate,county,2,male,65-74,0.055319112507301205,0.03767429657933207,0.07551726628399473
qualifying_event_rate,county,2,male,75-84,0.04995248462652536,0.029460761966566034,0.07526718396854722
qualifying_event_rate,county,2,male,85+,0.023366745226657284,0.0,0.06244553294409604
person_years_exposure,county,2,female,0-17,4560.0324677093095,4175.472498956786,4910.321146223111
person_years_exposure,county,2,female,18-44,5116.697528727194,4709.837426336347,5495.768960449089
person_years_exposure,county,2,female,45-64,4872.467103030486,4469.923126880542,5256.906666662874
person_years_exposure,county,2,female,65-74,1406.246032748665,1200.6834245083553,1570.7435328931174
person_years_exposure,county,2,female,75-84,379.3682624426925,253.03816062230555,471.4870420563242
person_years_exposure,county,2,female,85+,32.44450214746581,13.143667426149829,50.19965151495439
person_years_exposure,county,2,female,18-64,9989.164631757681,9181.809515675903,10737.348578683475
person_years_exposure,county,2,female,65+,1818.0587973388233,1477.9059238146567,2078.8740482017215
mortality_rate,county,2,female,0-17,0.010650880167833075,0.0036456919181370065,0.022849037222609458
mortality_rate,county,2,female,18-44,0.00105716229210945,0.00019061754282554717,0.002509736274809759
mortality_rate,county,2,female,45-64,0.012143128098433013,0.00432821256590984,0.025990069939715303
mortality_rate,county,2,female,65-74,0.04884765918017964,0.017506100041721553,0.10841493468813398
mortality_rate,county,2,female,75-84,0.12578534753550968,0.045942754945948655,0.30292436806046935
mortality_rate,county,2,female,85+,0.16758709596021418,0.053324825627200104,0.4760902448962741
qualifying_event_rate,county,2,female,0-17,0.024799264044617086,0.01716683953236731,0.03373693438951152
qualifying_event_rate,county,2,female,18-44,0.03126425309769939,0.022402499933099555,0.04206429263986681
qualifying_event_rate,county,2,female,45-64,0.041003776230113205,0.029426977703401816,0.05505161942039402
qualifying_event_rate,county,2,female,65-74,0.05246660283014246,0.03586534346269137,0.07257696269586865
qualifying_event_rate,county,2,female,75-84,0.06523225950173941,0.04090525808929369,0.09791959584278542
qualifying_event_rate,county,2,female,85+,0.03808072920083829,0.0,0.10726584729839375
person_years_exposure,county,3,male,0-17,944.6349982239295,887.4685741076266,996.9890818723281
person_years_exposure,county,3,male,18-44,1036.1368327396988,972.6159821718272,1096.2733809680378
person_years_exposure,county,3,male,45-64,1117.6580918963418,1043.7094516635018,1183.7760950022707
person_years_exposure,county,3,male,65-74,308.9982707809921,259.92359506875687,346.9487721275644
person_years_exposure,county,3,male,75-84,68.00172280659407,46.21705052080312,84.86768630204092
person_years_exposure,county,3,male,85+,11.745610233025541,2.7443052680953426,22.713137222672195
person_years_exposure,county,3,male,18-64,2153.7949246360404,2020.1333657688547,2272.9635718924123
person_years_exposure,county,3,male,65+,388.7456038206117,317.7268622434353,444.61573755390043
mortality_rate,county,3,male,0-17,0.0023632639900038888,0.0,0.006407611370223006
mortality_rate,county,3,male,18-44,0.001766586054637565,0.0,0.0049561116997837865
mortality_rate,county,3,male,45-64,0.011221234827701827,0.002706254140601364,0.024404398810212332
mortality_rate,county,3,male,65-74,0.049803805919502286,0.014587208237306729,0.11747444211262789
mortality_rate,county,3,male,75-84,0.1005506926919974,0.02409080568494951,0.2753233824600624
mortality_rate,county,3,male,85+,0.12021690493810924,0.0,0.5721249989532713
qualifying_event_rate,county,3,male,0-17,0.024413674871363443,0.014555629371991683,0.03614735887598497
qualifying_event_rate,county,3,male,18-44,0.032100745656438806,0.01998591928843046,0.04714801735109571
qualifying_event_rate,county,3,male,45-64,0.041815864961396935,0.027300317769272414,0.05938399979573884
qualifying_event_rate,county,3,male,65-74,0.055428879601667355,0.03223346622416692,0.08387477536087308
qualifying_event_rate,county,3,male,75-84,0.05430882740388355,0.013748435268153586,0.10242530534097267
qualifying_event_rate,county,3,male,85+,0.02495712543674066,0.0,0.11837134760962098
person_years_exposure,county,3,female,0-17,774.0232327040547,674.0280310831774,854.4754769915874
person_years_exposure,county,3,female,18-44,1008.1059996821042,942.0534349949723,1071.7600063481266
person_years_exposure,county,3,female,45-64,874.6472980472521,817.5511731828478,926.9091727959222
person_years_exposure,county,3,female,65-74,322.9891769815443,265.78549321363624,368.0974521098718
person_years_exposure,county,3,female,75-84,59.18383981905057,35.09800976144793,78.85502340777346
person_years_exposure,county,3,female,85+,2.529802845856097,0.032602049266341304,6.273706871983059
person_years_exposure,county,3,female,18-64,1882.7532977293563,1762.4701196480485,1991.227494999146
person_years_exposure,county,3,female,65+,384.70281964645096,305.08290537804373,446.9736232271087
mortality_rate,county,3,female,0-17,0.04231620848851928,0.013591782915314501,0.09360748195678052
mortality_rate,county,3,female,18-44,0.0010689716350163788,0.0,0.003140223734638228
mortality_rate,county,3,female,45-64,0.011580389096926257,0.002298385372102701,0.02617700849846559
mortality_rate,county,3,female,65-74,0.05971177059085246,0.018018448314652505,0.14263215722519174
mortality_rate,county,3,female,75-84,0.12141729374411536,0.032448354256309875,0.333139646970062
mortality_rate,county,3,female,85+,0.11653317408608851,0.0,1.5284719272276819
qualifying_event_rate,county,3,female,0-17,0.02441228947677168,0.013880559468781849,0.037540451248007825
qualifying_event_rate,county,3,female,18-44,0.031714486671734675,0.01982329192700544,0.04642991097611139
qualifying_event_rate,county,3,female,45-64,0.04199019045694363,0.026580369639739372,0.05959732142984191
qualifying_event_rate,county,3,female,65-74,0.05301162835732736,0.030205794276912647,0.08048569688863269
qualifying_event_rate,county,3,female,75-84,0.05161152454486403,0.013222609651137925,0.10501174247312389
qualifying_event_rate,county,3,female,85+,0.038717263952485176,0.0,0.24820914690316048
person_years_exposure,county,4,male,0-17,7060.523492803613,6268.903363139584,7924.074516118449
person_years_exposure,county,4,male,18-44,8052.915145683509,7162.693100199368,9050.933076618014
person_years_exposure,county,4,male,45-64,7074.917442087334,6286.345102690239,7944.594945456106
person_years_exposure,county,4,male,65-74,1959.1083787332448,1648.120179242829,2253.2070562760105
person_years_exposure,county,4,male,75-84,436.35580186484276,281.25635775654587,555.2235498804271
person_years_exposure,county,4,male,85+,21.835770074993345,9.900513868831627,32.86772959013447
person_years_exposure,county,4,male,18-64,15127.832587770843,13463.9126799883,17015.991397109032
person_years_exposure,county,4,male,65+,2417.2999506730807,1964.2307923178375,2816.7189247028386
mortality_rate,county,4,male,0-17,0.011700730311881687,0.0041524686259238035,0.02497851850365252
mortality_rate,county,4,male,18-44,0.0013097571612813474,0.0003467497524060519,0.0029617076888968376
mortality_rate,county,4,male,45-64,0.010708840177490053,0.00386332881758716,0.022704690421183442
mortality_rate,county,4,male,65-74,0.051072789026070486,0.018379323568510776,0.11367161960878143
mortality_rate,county,4,male,75-84,0.1299695043059579,0.04833881173538424,0.323520181634015
mortality_rate,county,4,male,85+,0.12411762969037357,0.01878701024298437,0.3927542331790888
qualifying_event_rate,county,4,male,0-17,0.019249717967234074,0.01328402365241567,0.026924597677555243
qualifying_event_rate,county,4,male,18-44,0.02736701844696321,0.019715700850416937,0.03768801041733519
qualifying_event_rate,county,4,male,45-64,0.0340764245799978,0.024420391748083012,0.04650818529836266
qualifying_event_rate,county,4,male,65-74,0.048867544769602395,0.03410978966150744,0.06805684569710556
qualifying_event_rate,county,4,male,75-84,0.04571106801677174,0.02629643091982205,0.07091081329176913
qualifying_event_rate,county,4,male,85+,0.028682564951138866,0.0,0.10518168604111142
person_years_exposure,county,4,female,0-17,6824.704048434276,6076.077331797796,7670.907501207522
person_years_exposure,county,4,female,18-44,7845.101191675016,6972.380403531419,8817.200019204842
person_years_exposure,county,4,female,45-64,7118.159113985118,6319.783124092763,7990.5227063401135
person_years_exposure,county,4,female,65-74,1696.50615259194,1401.5860874767488,1964.9869656913493
person_years_exposure,county,4,female,75-84,459.53839448650194,291.2372474467213,591.0136948986765
person_years_exposure,county,4,female,85+,45.058577004214676,21.9699827008085,68.5425605285389
person_years_exposure,county,4,female,18-64,14963.260305660133,13304.204590980926,16844.5825341625
person_years_exposure,county,4,female,65+,2201.103124082657,1728.0270944809965,2597.740249962681
mortality_rate,county,4,female,0-17,0.0010079420589055666,0.0001558318806145945,0.0022579952646962177
mortality_rate,county,4,female,18-44,0.001067545184616267,0.0002386050468785438,0.00236744864007485
mortality_rate,county,4,female,45-64,0.011726994021670097,0.004090418375492671,0.02461228634668359
mortality_rate,county,4,female,65-74,0.05701179536142943,0.02079858722946533,0.12903567655821385
mortality_rate,county,4,female,75-84,0.13943010845352954,0.05064383452430223,0.3490734137539351
mortality_rate,county,4,female,85+,0.16912500019543103,0.050947403531484685,0.45309824389893033
qualifying_event_rate,county,4,female,0-17,0.020502763486257205,0.014286853646963802,0.028645338270810308
qualifying_event_rate,county,4,female,18-44,0.026712156439088162,0.018992724759841245,0.036754293308519446
qualifying_event_rate,county,4,female,45-64,0.03476316039986843,0.02485316612640994,0.04760178179686416
qualifying_event_rate,county,4,female,65-74,0.04544870278746098,0.03134381450378395,0.06331576030355039
qualifying_event_rate,county,4,female,75-84,0.03237230085381806,0.017659271846965495,0.05218650575720644
qualifying_event_rate,county,4,female,85+,0.035182036093834156,0.0,0.08791950361292582
person_years_exposure,county,5,male,0-17,1966.316394903957,1781.68751665562,2177.38640823267
person_years_exposure,county,5,male,18-44,2260.605037778066,2073.09617175882,2486.434742949489
person_years_exposure,county,5,male,45-64,2096.733847592832,1914.1986664930073,2314.407186871785
person_years_exposure,county,5,male,65-74,581.048968240947,489.60627869516173,659.4666965154581
person_years_exposure,county,5,male,75-84,257.72673228948645,184.37498546424274,312.9777246297664
person_years_exposure,county,5,male,85+,26.410716194885474,12.030395551660929,39.878506747103536
person_years_exposure,county,5,male,18-64,4357.338885370898,3991.1046438969265,4795.393525928884
person_years_exposure,county,5,male,65+,865.186416725319,692.0782892333763,999.8160194619536
mortality_rate,county,5,male,0-17,0.012207798599178376,0.003789968253707348,0.02645466731853083
mortality_rate,county,5,male,18-44,0.001397276991541458,0.0,0.003576638629523377
mortality_rate,county,5,male,45-64,0.00979574137346044,0.0029139006237961593,0.02102851884728509
mortality_rate,county,5,male,65-74,0.05200058591357129,0.016733373951371016,0.12083139732224132
mortality_rate,county,5,male,75-84,0.09836272804470186,0.03206035472940493,0.2436368820998929
mortality_rate,county,5,male,85+,0.1421611043259158,0.02772669263657357,0.42397971733443257
qualifying_event_rate,county,5,male,0-17,0.023623447373670944,0.015442482599402962,0.03396397661276953
qualifying_event_rate,county,5,male,18-44,0.02906006880012596,0.019425869320523866,0.040964322128606956
qualifying_event_rate,county,5,male,45-64,0.03729759267719247,0.02593183928426802,0.051932356271680594
qualifying_event_rate,county,5,male,65-74,0.05183805744949087,0.03281197045927881,0.07520347767268455
qualifying_event_rate,county,5,male,75-84,0.043109260672334636,0.021038651371311737,0.07120121974332147
qualifying_event_rate,county,5,male,85+,0.022978485780400106,0.0,0.08475726393112547
person_years_exposure,county,5,female,0-17,2242.06142892545,2046.7307346803857,2472.1105436782027
person_years_exposure,county,5,female,18-44,2341.28264297666,2147.5935876527233,2573.257065193846
person_years_exposure,county,5,female,45-64,1953.35512712197,1781.4372246609755,2155.836439376288
person_years_exposure,county,5,female,65-74,646.6148613395923,551.7382920139922,733.2064414581641
person_years_exposure,county,5,female,75-84,249.91619072357352,168.33430579243065,312.2714133030773
person_years_exposure,county,5,female,85+,28.06473089206548,11.865389287579765,43.614259051689345
person_years_exposure,county,5,female,18-64,4294.63777009863,3933.336721805173,4727.016695572975
person_years_exposure,county,5,female,65+,924.5957829552312,739.4839276374541,1078.3711382552858
mortality_rate,county,5,female,0-17,0.005728762876673652,0.0014220512089930153,0.013095221738726405
mortality_rate,county,5,female,18-44,0.0011220145217751857,0.0,0.0028313897090998536
mortality_rate,county,5,female,45-64,0.011976088916288121,0.003775762538918837,0.025861719565799197
mortality_rate,county,5,female,65-74,0.048625278104782725,0.015501344323589406,0.11028732259988244
mortality_rate,county,5,female,75-84,0.13022167094584086,0.043179004843672514,0.3290436121545215
mortality_rate,county,5,female,85+,0.170374075177005,0.04051612856946804,0.5320570068798304
qualifying_event_rate,county,5,female,0-17,0.02311998463222017,0.015045699260400391,0.032965453503167264
qualifying_event_rate,county,5,female,18-44,0.027981540592300493,0.018933855787655857,0.03926359151555762
qualifying_event_rate,county,5,female,45-64,0.03638271320367154,0.024910773731468275,0.05047152677996308
qualifying_event_rate,county,5,female,65-74,0.05617974137785323,0.03598242561384979,0.08126797664017485
qualifying_event_rate,county,5,female,75-84,0.03372179152361859,0.013922801325570795,0.05857359036262239
qualifying_event_rate,county,5,female,85+,0.04081601730410671,0.0,0.11687422497026365
person_years_exposure,county,6,male,0-17,1824.367107764537,1713.8159166456721,1923.3794179253323
person_years_exposure,county,6,male,18-44,2122.1631838232975,1989.6221182429474,2240.5641929051876
person_years_exposure,county,6,male,45-64,2288.888365596072,2140.721339954523,2421.413851062837
person_years_exposure,county,6,male,65-74,727.6423452768607,617.5242795877682,811.3608930168573
person_years_exposure,county,6,male,75-84,167.36953934674142,117.39989656673535,205.39556039643833
person_years_exposure,county,6,male,85+,24.430235609560203,9.427909004652028,43.8019077541155
person_years_exposure,county,6,male,18-64,4411.05154941937,4136.995552153555,4653.506525250774
person_years_exposure,county,6,male,65+,919.4421202331623,754.6703151048061,1050.2220560957196
mortality_rate,county,6,male,0-17,0.0023287720646618564,0.0,0.005731385571754382
mortality_rate,county,6,male,18-44,0.001798816811826218,0.0,0.004340541208153051
mortality_rate,county,6,male,45-64,0.01162225785280808,0.003529832700010318,0.025106548092326236
mortality_rate,county,6,male,65-74,0.05032115474905203,0.017041960267047792,0.11652089337873302
mortality_rate,county,6,male,75-84,0.10664536022136549,0.03235540514830552,0.260856433266181
mortality_rate,county,6,male,85+,0.12968205310786782,0.02521694170184481,0.4173969793216566
qualifying_event_rate,county,6,male,0-17,0.02001924984399236,0.012614869707970192,0.028869166401455308
qualifying_event_rate,county,6,male,18-44,0.02657085738850285,0.01748843676666543,0.03776333758759691
qualifying_event_rate,county,6,male,45-64,0.03484160099502358,0.023699101960055913,0.04864064644993577
qualifying_event_rate,county,6,male,65-74,0.04611611626088627,0.02953923064254359,0.06657500891493771
qualifying_event_rate,county,6,male,75-84,0.046083139459836005,0.01967783279462827,0.07869573282815784
qualifying_event_rate,county,6,male,85+,0.02371041705595727,0.0,0.08953487744424363
person_years_exposure,county,6,female,0-17,1840.5939693790588,1605.668053597182,2016.2810121805132
person_years_exposure,county,6,female,18-44,1916.377390947002,1791.631787484208,2033.2593926627235
person_years_exposure,county,6,female,45-64,2302.867384053128,2159.593272515934,2434.453439579238
person_years_exposure,county,6,female,65-74,599.6220307639575,498.18959327256897,677.9727722612896
person_years_exposure,county,6,female,75-84,155.7538496221354,95.45817867541776,203.56433928525334
person_years_exposure,county,6,female,85+,19.67386731794704,7.222625156917919,36.278011219780026
person_years_exposure,county,6,female,18-64,4219.24477500013,3957.330583167872,4462.869126814268
person_years_exposure,county,6,female,65+,775.0497477040399,606.9674635238235,904.15358479699
mortality_rate,county,6,female,0-17,0.04220492417046046,0.014472093391994886,0.09530289689550267
mortality_rate,county,6,female,18-44,0.001061980933199333,0.0,0.002853385453828449
mortality_rate,county,6,female,45-64,0.012186531034347463,0.003863198329838836,0.026447149292122767
mortality_rate,county,6,female,65-74,0.058895993307572635,0.0196581788316955,0.13759398025399963
mortality_rate,county,6,female,75-84,0.13619071431821408,0.0460725438393648,0.3449458085319705
mortality_rate,county,6,female,85+,0.1658916440715398,0.025287778572235083,0.5737458203548789
qualifying_event_rate,county,6,female,0-17,0.019812780962524056,0.012324830386826833,0.029071029796715
qualifying_event_rate,county,6,female,18-44,0.026010379458906118,0.0169259060604319,0.037221462058331434
qualifying_event_rate,county,6,female,45-64,0.035120320851434725,0.024072786689737568,0.04937257444408931
qualifying_event_rate,county,6,female,65-74,0.04344089344061825,0.02648064152643261,0.06397610648703116
qualifying_event_rate,county,6,female,75-84,0.04526660739844403,0.0182168515540382,0.08013286112565263
qualifying_event_rate,county,6,female,85+,0.039285746682137225,0.0,0.12871595630612145
person_years_exposure,county,7,male,0-17,1772.87878711583,1621.5988165383658,1911.9213131776453
person_years_exposure,county,7,male,18-44,2058.307610078555,1894.8698637488246,2213.375952815172
person_years_exposure,county,7,male,45-64,2019.2645591468709,1848.9194812686683,2172.7018212685552
person_years_exposure,county,7,male,65-74,590.6907943733725,501.0677397630419,664.5082092433253
person_years_exposure,county,7,male,75-84,169.28947396383424,114.48776472026726,210.46037953869867
person_years_exposure,county,7,male,85+,31.910972271578434,17.32554867113114,45.392933175007954
person_years_exposure,county,7,male,18-64,4077.572169225426,3750.8893212387384,4385.084501100482
person_years_exposure,county,7,male,65+,791.8912406087851,639.711168520726,911.472617136353
mortality_rate,county,7,male,0-17,0.00848918328659922,0.0024631365988166285,0.018561108396654917
mortality_rate,county,7,male,18-44,0.0015066135904883758,0.0,0.003668958168625355
mortality_rate,county,7,male,45-64,0.00944491263284873,0.00284325334980413,0.020790332609734008
mortality_rate,county,7,male,65-74,0.05133949040096262,0.017655588926747744,0.11776596235611285
mortality_rate,county,7,male,75-84,0.11031633179055807,0.03509788437114419,0.2701923259541824
mortality_rate,county,7,male,85+,0.17519349942953133,0.04690084414117245,0.4625572683379811
qualifying_event_rate,county,7,male,0-17,0.026779086401042363,0.01770059849596372,0.03757593379426611
qualifying_event_rate,county,7,male,18-44,0.031615114470765475,0.02108574707946292,0.04399395617966852
qualifying_event_rate,county,7,male,45-64,0.04354951305558662,0.0305907327944063,0.05928339241295575
qualifying_event_rate,county,7,male,65-74,0.05709717522746718,0.03729373370959677,0.08093502299147262
qualifying_event_rate,county,7,male,75-84,0.05255684924290655,0.024531236708278586,0.08814587569204313
qualifying_event_rate,county,7,male,85+,0.023712989881591096,0.0,0.07488318746358985
person_years_exposure,county,7,female,0-17,1704.2572927101771,1556.054264810509,1841.0084818707476
person_years_exposure,county,7,female,18-44,1887.5445453450657,1737.6310671363665,2026.899821506332
person_years_exposure,county,7,female,45-64,1987.1927165202635,1818.8230830440618,2144.3730604322905
person_years_exposure,county,7,female,65-74,480.22651752700983,410.18199484393523,538.5463610174182
person_years_exposure,county,7,female,75-84,215.91788619478203,147.70700588549082,267.40130410861235
person_years_exposure,county,7,female,85+,19.35875924569765,8.103398121161003,30.244876489537702
person_years_exposure,county,7,female,18-64,3874.737261865329,3557.7930922948194,4167.283248077274
person_years_exposure,county,7,female,65+,715.5031629674895,574.8876030110649,828.237599116281
mortality_rate,county,7,female,0-17,0.010668366040016667,0.0030083856179442593,0.023524819361538305
mortality_rate,county,7,female,18-44,0.0010505236346024884,0.0,0.0028351398044271997
mortality_rate,county,7,female,45-64,0.012338533029491394,0.003754991841750435,0.026637386346231372
mortality_rate,county,7,female,65-74,0.048995905358688766,0.015951723276564498,0.11220429583652296
mortality_rate,county,7,female,75-84,0.12065949511338675,0.04133074094410718,0.2924055215182823
mortality_rate,county,7,female,85+,0.15801322540300416,0.035584383701307586,0.5090336233197564
qualifying_event_rate,county,7,female,0-17,0.02579706945544905,0.016588847002186338,0.036236368645422574
qualifying_event_rate,county,7,female,18-44,0.0325860505607908,0.021527073864659338,0.04558064538876925
qualifying_event_rate,county,7,female,45-64,0.04268274886029912,0.029628711391026363,0.05811940657745069
qualifying_event_rate,county,7,female,65-74,0.05446197627979633,0.033386545898944325,0.07826169429799679
qualifying_event_rate,county,7,female,75-84,0.06773213023790478,0.03735836565702347,0.10469976476444635
qualifying_event_rate,county,7,female,85+,0.041371518463026405,0.0,0.1292676709464399
person_years_exposure,county,8,male,0-17,495.3958979692739,451.3526034867037,538.9142033362115
person_years_exposure,county,8,male,18-44,747.3235023614168,686.9099195766593,803.4541482619381
person_years_exposure,county,8,male,45-64,724.4843762647057,662.8735717619204,780.2803377546273
person_years_exposure,county,8,male,65-74,184.86828692067257,156.33332650971676,208.76100608974943
person_years_exposure,county,8,male,75-84,101.25925057182967,68.88329154607364,125.95689130252302
person_years_exposure,county,8,male,85+,10.63615342456693,3.8984279287205124,16.768737497859966
person_years_exposure,county,8,male,18-64,1471.8078786261226,1351.6538554731683,1581.9577091497442
person_years_exposure,county,8,male,65+,296.7636909170692,233.08111071894845,345.99902599545277
mortality_rate,county,8,male,0-17,0.008420432133467182,0.0,0.021144902098725233
mortality_rate,county,8,male,18-44,0.001592924193790831,0.0,0.005041832726353156
mortality_rate,county,8,male,45-64,0.009498352429022722,0.0013992273711963934,0.02176166097205722
mortality_rate,county,8,male,65-74,0.05353292621471505,0.014406653750439426,0.13325717438908527
mortality_rate,county,8,male,75-84,0.11102085096450505,0.03334981586113328,0.2778564511430273
mortality_rate,county,8,male,85+,0.10929053072666312,0.0,0.45761038763768425
qualifying_event_rate,county,8,male,0-17,0.035762209281487024,0.0201656301098866,0.05394073355301328
qualifying_event_rate,county,8,male,18-44,0.042213930935697065,0.026856877711868545,0.060602067796177675
qualifying_event_rate,county,8,male,45-64,0.05707681111188499,0.0377576852111795,0.08055479256168838
qualifying_event_rate,county,8,male,65-74,0.07461073773782312,0.04095683360141567,0.11354954909348725
qualifying_event_rate,county,8,male,75-84,0.06688629261722392,0.027435665537549562,0.11474531969636519
qualifying_event_rate,county,8,male,85+,0.027132778428467834,0.0,0.12714377926399076
person_years_exposure,county,8,female,0-17,576.7213117751901,525.0166539856177,627.2789124887458
person_years_exposure,county,8,female,18-44,640.6132956337076,588.8844318778271,688.1425360608558
person_years_exposure,county,8,female,45-64,736.3858193232793,670.7136013360176,796.2306901428282
person_years_exposure,county,8,female,65-74,371.43517517788814,315.9942789578791,417.35022807097033
person_years_exposure,county,8,female,75-84,91.70751898307311,60.91245843291075,116.5956304589474
person_years_exposure,county,8,female,85+,2.832733480228978,0.10471810673008358,5.5545523206110445
person_years_exposure,county,8,female,18-64,1376.999114956987,1260.2861427392506,1482.1343111518163
person_years_exposure,county,8,female,65+,465.9754276411902,382.46603744847164,534.0331109930612
mortality_rate,county,8,female,0-17,0.010708170754366144,0.0017370136442717017,0.025161765607369973
mortality_rate,county,8,female,18-44,0.001088434520095701,0.0,0.0034283166120045554
mortality_rate,county,8,female,45-64,0.012316687076712756,0.0027109079993102338,0.02829565120399874
mortality_rate,county,8,female,65-74,0.0501452159163306,0.015234221969719781,0.11423723099976979
mortality_rate,county,8,female,75-84,0.1161493914953347,0.03424368779658417,0.3047139974686577
mortality_rate,county,8,female,85+,0.13153566317910464,0.0,1.2055095653724763
qualifying_event_rate,county,8,female,0-17,0.03468083309485227,0.020290357276047506,0.05111307456782458
qualifying_event_rate,county,8,female,18-44,0.04312147327218543,0.02696154168700807,0.06182743100050407
qualifying_event_rate,county,8,female,45-64,0.056419368120659466,0.03718019941326393,0.07827943962125294
qualifying_event_rate,county,8,female,65-74,0.07136642817285109,0.04567763741792819,0.10273249078541946
qualifying_event_rate,county,8,female,75-84,0.08317769715522742,0.03904425328738817,0.13732445298249807
qualifying_event_rate,county,8,female,85+,0.04435022588479206,0.0,0.24214306711789116
person_years_exposure,county,9,male,0-17,1008.5754297679007,866.9190210336249,1150.6626220254002
person_years_exposure,county,9,male,18-44,1253.2239910999378,1126.6303595908444,1402.1375309106193
person_years_exposure,county,9,male,45-64,1099.2190458722237,984.2759853372685,1229.6510627442556
person_years_exposure,county,9,male,65-74,296.77767359105076,249.50861721701773,342.5363126320176
person_years_exposure,county,9,male,75-84,82.73806468081568,57.45983237968492,104.5393304381587
person_years_exposure,county,9,male,85+,5.4278599117935284,1.6808303923032542,9.722690306233048
person_years_exposure,county,9,male,18-64,2352.4430369721613,2113.0357933331816,2633.3634437753717
person_years_exposure,county,9,male,65+,384.94359818365996,313.0286225295715,449.14183680088786
mortality_rate,county,9,male,0-17,0.0410530088913075,0.01390012311020395,0.08793850369040544
mortality_rate,county,9,male,18-44,0.0012545767046958968,0.0,0.003577503298944458
mortality_rate,county,9,male,45-64,0.010690135718143649,0.0026915537434830626,0.0238335352771556
mortality_rate,county,9,male,65-74,0.04926942864091062,0.01402679669390209,0.11120060300896344
mortality_rate,county,9,male,75-84,0.10695326145746685,0.02940542388902594,0.2725935368270841
mortality_rate,county,9,male,85+,0.1550366633655875,0.0,0.8150032310546069
qualifying_event_rate,county,9,male,0-17,0.037088419705487784,0.02342718724964811,0.05335641257262585
qualifying_event_rate,county,9,male,18-44,0.04900411010637687,0.033347242133232924,0.06771162024170677
qualifying_event_rate,county,9,male,45-64,0.05902910544974796,0.04040822426372213,0.08144059965680969
qualifying_event_rate,county,9,male,65-74,0.09592959654913119,0.06157864651740072,0.13397164067919673
qualifying_event_rate,county,9,male,75-84,0.06106281549133479,0.022436463425882687,0.10929178831402976
qualifying_event_rate,county,9,male,85+,0.027560989342305296,0.0,0.19627705191219164
person_years_exposure,county,9,female,0-17,1159.4033150494943,1035.4876902715303,1296.0402166072683
person_years_exposure,county,9,female,18-44,1291.7871081992605,1159.885333742426,1445.350629971169
person_years_exposure,county,9,female,45-64,1148.7260954099345,1031.1237348348598,1284.1370205658259
person_years_exposure,county,9,female,65-74,360.43938456956545,306.26098698700696,414.95007488762457
person_years_exposure,county,9,female,75-84,103.67402642489137,68.39218609745308,133.86637251480892
person_years_exposure,county,9,female,85+,10.456399520443705,4.64478889401885,16.220056686603442
person_years_exposure,county,9,female,18-64,2440.513203609195,2192.7637085762144,2729.3502520952893
person_years_exposure,county,9,female,65+,474.5698105149005,384.47921864164357,559.132745022625
mortality_rate,county,9,female,0-17,0.00326137587405344,0.0,0.007850521046517945
mortality_rate,county,9,female,18-44,0.0010946237898182764,0.0,0.0031745283306118498
mortality_rate,county,9,female,45-64,0.011514113375547518,0.0032289254344184826,0.025127669777024412
mortality_rate,county,9,female,65-74,0.04695603525269572,0.013034441009673466,0.1069654695682113
mortality_rate,county,9,female,75-84,0.12205127605911034,0.03602218920132578,0.3079481830056525
mortality_rate,county,9,female,85+,0.12858933072371864,0.0,0.48665295018543886
qualifying_event_rate,county,9,female,0-17,0.04311047003765577,0.028438411404719994,0.06046967759324033
qualifying_event_rate,county,9,female,18-44,0.049810770268936023,0.034032777298049065,0.06996976879414103
qualifying_event_rate,county,9,female,45-64,0.0559565344012592,0.038033896867483666,0.07695314674423209
qualifying_event_rate,county,9,female,65-74,0.07847481256428639,0.0500154442772147,0.11145119256238695
qualifying_event_rate,county,9,female,75-84,0.07759972276691719,0.03538450499805633,0.12834456148059958
qualifying_event_rate,county,9,female,85+,0.04362706787648249,0.0,0.15999897011446584
person_years_exposure,county,10,male,0-17,2083.274607805026,1790.647788632785,2377.881110987401
person_years_exposure,county,10,male,18-44,2626.3022037020355,2361.2400638066415,2937.059786127383
person_years_exposure,county,10,male,45-64,2135.8468050467773,1911.6542379403072,2388.891698273445
person_years_exposure,county,10,male,65-74,472.7864165782487,395.14901281847347,545.2945597873662
person_years_exposure,county,10,male,75-84,103.72048231117581,71.15046371727409,131.17248129515988
person_years_exposure,county,10,male,85+,3.6706806751661962,0.5685986358363302,7.082693877485397
person_years_exposure,county,10,male,18-64,4762.149008748813,4275.166695747369,5324.866849970906
person_years_exposure,county,10,male,65+,580.1775795645907,471.98401671791953,678.6820280160084
mortality_rate,county,10,male,0-17,0.041011156032866175,0.014440442886110589,0.0890167597840955
mortality_rate,county,10,male,18-44,0.001359630577249107,0.0,0.003346241393763917
mortality_rate,county,10,male,45-64,0.010642139883366864,0.0034107235680361477,0.022943452720591066
mortality_rate,county,10,male,65-74,0.05061000730272857,0.016116580285582292,0.10931537656650987
mortality_rate,county,10,male,75-84,0.10328947008117365,0.030334987324473647,0.26199334284311954
mortality_rate,county,10,male,85+,0.11263603071101158,0.0,0.8011760932136218
qualifying_event_rate,county,10,male,0-17,0.04119045796207443,0.028545088546112027,0.056847190649200456
qualifying_event_rate,county,10,male,18-44,0.05419430046074677,0.038318367707920534,0.07280109694258738
qualifying_event_rate,county,10,male,45-64,0.06487656601708626,0.04672047361790828,0.08635629016604358
qualifying_event_rate,county,10,male,65-74,0.10446421982406262,0.07271207055164804,0.14139682337190743
qualifying_event_rate,county,10,male,75-84,0.06540210702116106,0.027801003888960573,0.11094143380492574
qualifying_event_rate,county,10,male,85+,0.026730695398192714,0.0,0.2013467594387969
person_years_exposure,county,10,female,0-17,2599.8219725144077,2327.5451775522715,2910.1904737682926
person_years_exposure,county,10,female,18-44,3039.972567285141,2730.3315467805883,3399.1475057891876
person_years_exposure,county,10,female,45-64,2011.2158505888215,1805.008250323256,2249.9545998439153
person_years_exposure,county,10,female,65-74,463.33499875797787,392.4069534381508,532.3052881233451
person_years_exposure,county,10,female,75-84,125.35926534435679,82.50068179844017,160.00430292262308
person_years_exposure,county,10,female,85+,8.558042908704929,3.3901954323238295,13.770876763954922
person_years_exposure,county,10,female,18-64,5051.188417873962,4538.087125259857,5645.177774034115
person_years_exposure,county,10,female,65+,597.2523070110395,485.30179280076095,699.5910812356422
mortality_rate,county,10,female,0-17,0.00324654140811683,0.0007386439520203977,0.007349795941804936
mortality_rate,county,10,female,18-44,0.001065876189104464,0.0,0.002751730313971657
mortality_rate,county,10,female,45-64,0.011379300964662557,0.0034293938037868545,0.02409258998967209
mortality_rate,county,10,female,65-74,0.04511682678050798,0.013655035632355627,0.1002377432249267
mortality_rate,county,10,female,75-84,0.12668760006811317,0.04170682783164979,0.3179678147514244
mortality_rate,county,10,female,85+,0.12238120928525713,0.0,0.5174743032893646
qualifying_event_rate,county,10,female,0-17,0.04795700967917296,0.03373154483176103,0.06510921913974754
qualifying_event_rate,county,10,female,18-44,0.054483845122051865,0.039376891819876234,0.07336034088841618
qualifying_event_rate,county,10,female,45-64,0.06178971834431241,0.043801645120579845,0.0822848860869211
qualifying_event_rate,county,10,female,65-74,0.08535880940687429,0.05846132592601117,0.11517330254769777
qualifying_event_rate,county,10,female,75-84,0.08693512640852814,0.0462623325430417,0.1388757101032086
qualifying_event_rate,county,10,female,85+,0.0444539349597258,0.0,0.1691597811775296
person_years_exposure,county,11,male,0-17,2032.1105535809422,1833.0655502365607,2242.977487526673
person_years_exposure,county,11,male,18-44,2038.5866636682617,1872.1272572916023,2242.131206316204
person_years_exposure,county,11,male,45-64,1894.2754201354,1731.0228429512163,2087.2421845703616
person_years_exposure,county,11,male,65-74,484.8549677308418,409.5640019877359,551.6753890861254
person_years_exposure,county,11,male,75-84,124.9704251895305,91.46268789018634,152.86434180578578
person_years_exposure,county,11,male,85+,13.385178796221144,5.573990467333173,21.199164381424044
person_years_exposure,county,11,male,18-64,3932.862083803662,3603.8771217995277,4329.01927434368
person_years_exposure,county,11,male,65+,623.2105717165934,514.1538312170995,716.6319900584964
mortality_rate,county,11,male,0-17,0.01227460746712099,0.0036401682442679262,0.026896296278190228
mortality_rate,county,11,male,18-44,0.0014222667665659862,0.0,0.0036614001580073667
mortality_rate,county,11,male,45-64,0.00999155540494061,0.0027672755003310943,0.021563150968111844
mortality_rate,county,11,male,65-74,0.04902901307831824,0.015137986578614796,0.11252239101808216
mortality_rate,county,11,male,75-84,0.08882123784593914,0.025460323215505672,0.2187197680486749
mortality_rate,county,11,male,85+,0.15655169006046793,0.0,0.6007076910698002
qualifying_event_rate,county,11,male,0-17,0.026866262146783042,0.017959407856370787,0.03824041002082867
qualifying_event_rate,county,11,male,18-44,0.03317901503518639,0.02261979821269451,0.04688091473170999
qualifying_event_rate,county,11,male,45-64,0.04229127785402703,0.028975337691054377,0.05780502772448228
qualifying_event_rate,county,11,male,65-74,0.05770280729643291,0.03629055285978048,0.08409706858379419
qualifying_event_rate,county,11,male,75-84,0.04756891020353086,0.017238484932320955,0.08383336830090393
qualifying_event_rate,county,11,male,85+,0.028490685054000577,0.0,0.12706059178695123
person_years_exposure,county,11,female,0-17,1778.788518143676,1620.3296773924028,1961.035839533095
person_years_exposure,county,11,female,18-44,2231.312012085689,2046.0275706595962,2452.1169914489315
person_years_exposure,county,11,female,45-64,1920.137030346804,1748.4376894738732,2116.051836814358
person_years_exposure,county,11,female,65-74,493.02823252845394,416.84991585829323,561.9566891216732
person_years_exposure,county,11,female,75-84,119.30300032829838,79.5331626201241,149.68657064627695
person_years_exposure,county,11,female,85+,17.501008234158615,6.809572950485547,28.55945529455691
person_years_exposure,county,11,female,18-64,4151.449042432493,3799.8961265303,4572.489473980716
person_years_exposure,county,11,female,65+,629.8322410909109,511.0745918540541,730.0667636269176
mortality_rate,county,11,female,0-17,0.005712938481076472,0.001204912385389893,0.012620516289238132
mortality_rate,county,11,female,18-44,0.0011565242298130463,0.0,0.0030966113884018857
mortality_rate,county,11,female,45-64,0.012284228662310511,0.003770876613609382,0.026742338065329416
mortality_rate,county,11,female,65-74,0.04683956738162892,0.014513947202881473,0.1072555972442868
mortality_rate,county,11,female,75-84,0.12971075735263535,0.03957117645884691,0.32557708440324135
mortality_rate,county,11,female,85+,0.2202077019337393,0.05881047107976428,0.6977871845209738
qualifying_event_rate,county,11,female,0-17,0.0263088338412133,0.017268613815535763,0.03753227345563885
qualifying_event_rate,county,11,female,18-44,0.03159444754057673,0.02162171771218922,0.04383978073507237
qualifying_event_rate,county,11,female,45-64,0.04106228545027822,0.028858103822794696,0.05647661093668898
qualifying_event_rate,county,11,female,65-74,0.0626002660426703,0.04043525377175655,0.08953905188777683
qualifying_event_rate,county,11,female,75-84,0.03805600755790814,0.010471547039264477,0.07321343567799389
qualifying_event_rate,county,11,female,85+,0.04735700975452697,0.0,0.15313772045419935
person_years_exposure,county,12,male,0-17,1032.6774576764728,888.3627080172495,1175.8348772447762
person_years_exposure,county,12,male,18-44,1252.8102558922994,1126.7983201781967,1399.2144726650743
person_years_exposure,county,12,male,45-64,1323.2465150558576,1185.937781567038,1479.4246334771233
person_years_exposure,county,12,male,65-74,313.51128834540725,263.27088889347567,361.94700193804164
person_years_exposure,county,12,male,75-84,154.2650023404136,106.24781425699082,193.73880396265417
person_years_exposure,county,12,male,85+,5.881675496187494,1.7634571955343237,10.494912842524483
person_years_exposure,county,12,male,18-64,2576.056770948157,2314.3906519678962,2877.312823440913
person_years_exposure,county,12,male,65+,473.65796618200835,375.01180929364983,559.3216624156578
mortality_rate,county,12,male,0-17,0.04083642668242453,0.013534194696042329,0.08899113560431365
mortality_rate,county,12,male,18-44,0.0013863363570670746,0.0,0.0039742341168946685
mortality_rate,county,12,male,45-64,0.010960480759805949,0.003002485585342738,0.024001453983526003
mortality_rate,county,12,male,65-74,0.049125143233638376,0.015010126640376537,0.11145066163506079
mortality_rate,county,12,male,75-84,0.10885293635375298,0.034230386417126245,0.2671185646491118
mortality_rate,county,12,male,85+,0.16193200258746412,0.0,0.8871377476375005
qualifying_event_rate,county,12,male,0-17,0.03735893285480665,0.024374192257027798,0.05377359316536516
qualifying_event_rate,county,12,male,18-44,0.049697791430396814,0.033768272550891085,0.06794186068269027
qualifying_event_rate,county,12,male,45-64,0.05976938124074422,0.04201636285536618,0.08058490235488261
qualifying_event_rate,county,12,male,65-74,0.09667476868417262,0.06387580323270542,0.13344458300753864
qualifying_event_rate,county,12,male,75-84,0.06261973372548396,0.03015559736133891,0.10019245287192124
qualifying_event_rate,county,12,male,85+,0.028035524610872418,0.0,0.1721260339046011
person_years_exposure,county,12,female,0-17,1027.8067407706928,918.952403819867,1150.291666832703
person_years_exposure,county,12,female,18-44,1290.8458210556748,1159.7224206005314,1447.6099080466242
person_years_exposure,county,12,female,45-64,1198.1202923714716,1073.995097342382,1339.1121023219216
person_years_exposure,county,12,female,65-74,349.98458139294036,296.05239454132146,401.9047717697537
person_years_exposure,county,12,female,75-84,127.44692184483671,83.9171244882421,163.02376392457253
person_years_exposure,county,12,female,85+,15.03023190091791,6.9425391631987035,23.75386270440553
person_years_exposure,county,12,female,18-64,2488.9661134271464,2236.7022531344674,2779.2465997685285
person_years_exposure,county,12,female,65+,492.46173513869496,396.45319709500956,580.9667091673828
mortality_rate,county,12,female,0-17,0.0032447354207847533,0.0,0.00804562738894919
mortality_rate,county,12,female,18-44,0.0010099664237467213,0.0,0.003045579429252443
mortality_rate,county,12,female,45-64,0.013258479976837628,0.0038829580380994886,0.028477854007085003
mortality_rate,county,12,female,65-74,0.044176747211511,0.01215813908306159,0.1009076511775674
mortality_rate,county,12,female,75-84,0.12425895257756785,0.037993543891153295,0.31515194916805583
mortality_rate,county,12,female,85+,0.15898607174462592,0.031055871308259455,0.4943464675730027
qualifying_event_rate,county,12,female,0-17,0.04361865046256986,0.02854909566663172,0.061258856943918416
qualifying_event_rate,county,12,female,18-44,0.049493352172242704,0.033350419299276554,0.06802226976251763
qualifying_event_rate,county,12,female,45-64,0.05755312454458508,0.03992754603471602,0.07921205529731398
qualifying_event_rate,county,12,female,65-74,0.07747057601859215,0.048346534655511836,0.11083938556874733
qualifying_event_rate,county,12,female,75-84,0.08044762792714096,0.04057059250376023,0.12876496660136738
qualifying_event_rate,county,12,female,85+,0.04577724216900544,0.0,0.14788257367928836
person_years_exposure,county,13,male,0-17,2010.1796380508245,1725.1591095330245,2290.1047286173816
person_years_exposure,county,13,male,18-44,2289.43472886051,2059.0011641307474,2557.7726384728094
person_years_exposure,county,13,male,45-64,1994.7599320744341,1786.236193255989,2231.5366360521684
person_years_exposure,county,13,male,65-74,448.00530107326813,376.885492526673,516.8466383632182
person_years_exposure,county,13,male,75-84,150.3670722132413,104.74631574897325,187.38795348481878
person_years_exposure,county,13,male,85+,21.014577476451585,9.401934613871745,32.41299902132192
person_years_exposure,county,13,male,18-64,4284.194660934944,3847.34125065949,4785.989518623927
person_years_exposure,county,13,male,65+,619.386950762961,499.9561181605858,730.0091912209264
mortality_rate,county,13,male,0-17,0.04117713458696729,0.014116843446653439,0.09039607608559737
mortality_rate,county,13,male,18-44,0.0013628329946112658,0.0,0.0034528789957714613
mortality_rate,county,13,male,45-64,0.010820586632599646,0.0032594074695226874,0.023009648804804772
mortality_rate,county,13,male,65-74,0.04967900687740922,0.016114986138819745,0.11177116350278901
mortality_rate,county,13,male,75-84,0.1100300077605276,0.03451595764234642,0.26396845051811135
mortality_rate,county,13,male,85+,0.13371645824350495,0.0,0.4283112463889625
qualifying_event_rate,county,13,male,0-17,0.02638499227371489,0.017217566713555257,0.038131472688654175
qualifying_event_rate,county,13,male,18-44,0.03534002974023182,0.02412038593625278,0.04878351017057812
qualifying_event_rate,county,13,male,45-64,0.04264322082747544,0.029409269092882336,0.05883456985922812
qualifying_event_rate,county,13,male,65-74,0.07176278208721357,0.04605130610891797,0.10165621330779039
qualifying_event_rate,county,13,male,75-84,0.04601116820735326,0.018856077799145658,0.08019610186456869
qualifying_event_rate,county,13,male,85+,0.019446641546341095,0.0,0.08426852568930171
person_years_exposure,county,13,female,0-17,2024.388366645115,1812.4761137423584,2265.2004137955228
person_years_exposure,county,13,female,18-44,2272.400887725683,2041.9250164258979,2544.6240258027565
person_years_exposure,county,13,female,45-64,2007.9154861954253,1803.83721408075,2242.274255761958
person_years_exposure,county,13,female,65-74,438.8056281856633,372.212573773889,503.42859591957347
person_years_exposure,county,13,female,75-84,156.18595003504421,106.00653037052143,198.06574886669875
person_years_exposure,county,13,female,85+,14.187138010839163,6.097404180529292,22.40497387515931
person_years_exposure,county,13,female,18-64,4280.316373921109,3848.120573635544,4779.869251084867
person_years_exposure,county,13,female,65+,609.1787162315467,490.9151629673109,716.1087745020852
mortality_rate,county,13,female,0-17,0.003255950637907162,0.0005440975178750997,0.007376874323635934
mortality_rate,county,13,female,18-44,0.00110810835352656,0.0,0.002954207345583362
mortality_rate,county,13,female,45-64,0.011331617213935625,0.0037720047739868328,0.023696923487011946
mortality_rate,county,13,female,65-74,0.04529409857359322,0.013556311441616996,0.10047031394208797
mortality_rate,county,13,female,75-84,0.11964837699576494,0.040787100663013505,0.29066854150200766
mortality_rate,county,13,female,85+,0.14850430506191833,0.0,0.5293934860604477
qualifying_event_rate,county,13,female,0-17,0.030785002427439426,0.020501060440227387,0.0433514471779097
qualifying_event_rate,county,13,female,18-44,0.03563327494834405,0.024915083617008647,0.049172901082695994
qualifying_event_rate,county,13,female,45-64,0.040389951635198845,0.027924697947404115,0.055541546272317534
qualifying_event_rate,county,13,female,65-74,0.05710234866019253,0.03523908317344643,0.08427667860901603
qualifying_event_rate,county,13,female,75-84,0.05799839934474083,0.026847829357994513,0.09720617902823463
qualifying_event_rate,county,13,female,85+,0.03425637672712641,0.0,0.12957245649339494
person_years_exposure,county,14,male,0-17,618.3381887058204,562.8305762131274,670.6148471732969
person_years_exposure,county,14,male,18-44,705.0026905350749,647.6349065401663,757.4068447151427
person_years_exposure,county,14,male,45-64,656.3304588658596,601.9768611366895,707.5950461815114
person_years_exposure,county,14,male,65-74,175.2226053252293,146.8188893886413,198.77853464500924
person_years_exposure,county,14,male,75-84,77.39528602752584,53.03455861881267,96.9814537104765
person_years_exposure,county,14,male,85+,4.580227362907921,0.6074938545107199,8.123005151974914
person_years_exposure,county,14,male,18-64,1361.3331494009344,1250.4814034439953,1462.5977799177206
person_years_exposure,county,14,male,65+,257.19811871566304,206.13298976766708,298.5868805693344
mortality_rate,county,14,male,0-17,0.008593338510159903,0.001541462461813829,0.0207282609641988
mortality_rate,county,14,male,18-44,0.0014545694310395033,0.0,0.004474562473970011
mortality_rate,county,14,male,45-64,0.010243210928959964,0.0015790097653612383,0.023640656764349503
mortality_rate,county,14,male,65-74,0.050658598352175545,0.01108170859102867,0.12117009797961818
mortality_rate,county,14,male,75-84,0.10954156438642468,0.030271712153422826,0.2798750510345594
mortality_rate,county,14,male,85+,0.09478966563956312,0.0,0.6695127370329815
qualifying_event_rate,county,14,male,0-17,0.029064209520566937,0.016135271594383112,0.044264786726634156
qualifying_event_rate,county,14,male,18-44,0.03431484086728034,0.020764874909474405,0.05000395124557997
qualifying_event_rate,county,14,male,45-64,0.047792196401145653,0.03057237162931076,0.06819992007845083
qualifying_event_rate,county,14,male,65-74,0.06178722768215418,0.03175997083240664,0.09954437142958465
qualifying_event_rate,county,14,male,75-84,0.05514587271053888,0.014581200532495574,0.10236288062343513
qualifying_event_rate,county,14,male,85+,0.020659045475817726,0.0,0.16356455600088166
person_years_exposure,county,14,female,0-17,519.8988529593321,472.10372979050163,565.9271744123399
person_years_exposure,county,14,female,18-44,654.3933227652607,601.3490096455772,703.5814252385807
person_years_exposure,county,14,female,45-64,702.0048595870635,639.6078379249094,758.0170607681314
person_years_exposure,county,14,female,65-74,159.9293007070062,133.44798632984788,181.53910871782554
person_years_exposure,county,14,female,75-84,52.970906288460434,34.06071967086866,68.359382042077
person_years_exposure,county,14,female,85+,11.695022212296914,4.942454834112455,17.93440959400445
person_years_exposure,county,14,female,18-64,1356.398182352324,1242.5412259791997,1459.4980619319902
person_years_exposure,county,14,female,65+,224.59522920776357,177.68896805424015,261.37500485357083
mortality_rate,county,14,female,0-17,0.010743962561066998,0.0018543156714800365,0.025040145709558877
mortality_rate,county,14,female,18-44,0.0010822120177646259,0.0,0.004299721771946468
mortality_rate,county,14,female,45-64,0.012419983340962018,0.0027517239580356324,0.02912260147987979
mortality_rate,county,14,female,65-74,0.047170475962749564,0.011110284871254721,0.11420014243445029
mortality_rate,county,14,female,75-84,0.12497758680112084,0.031034523083716167,0.32997864970922214
mortality_rate,county,14,female,85+,0.15128595194967923,0.0,0.5140108348284896
qualifying_event_rate,county,14,female,0-17,0.02822703955850002,0.015415620432584815,0.04387503118254502
qualifying_event_rate,county,14,female,18-44,0.03559084126569718,0.021755371613830628,0.05251852650750159
qualifying_event_rate,county,14,female,45-64,0.04692302747971547,0.029618313248982432,0.06575226654477413
qualifying_event_rate,county,14,female,65-74,0.05800503162232758,0.02672744212356523,0.09507993730751578
qualifying_event_rate,county,14,female,75-84,0.07202662545656996,0.01946214741259298,0.1389073802827284
qualifying_event_rate,county,14,female,85+,0.04345360227607551,0.0,0.15201422761714303
person_years_exposure,county,15,male,0-17,995.7298030648515,911.3137435083672,1076.7417720703759
person_years_exposure,county,15,male,18-44,1079.9505038417833,993.3683350633962,1161.316436699847
person_years_exposure,county,15,male,45-64,1159.8454586301518,1063.853776911764,1248.494942685776
person_years_exposure,county,15,male,65-74,405.49669804104883,347.05269904599305,456.3859070973115
person_years_exposure,county,15,male,75-84,71.06441104323895,47.58602738468511,89.91652498650224
person_years_exposure,county,15,male,85+,3.5053814210967484,0.030684472286464832,6.994599061329564
person_years_exposure,county,15,male,18-64,2239.795962471935,2058.6795627968318,2407.0738452220767
person_years_exposure,county,15,male,65+,480.0664905053845,399.5858672393387,546.6225382920886
mortality_rate,county,15,male,0-17,0.008409935518375364,0.0019536352446163597,0.018504470988759604
mortality_rate,county,15,male,18-44,0.0015426252715008764,0.0,0.0041597223761405035
mortality_rate,county,15,male,45-64,0.010161392143716771,0.0025431216778533214,0.022700339266400003
mortality_rate,county,15,male,65-74,0.05017419068838507,0.015741829609168766,0.11422185835489528
mortality_rate,county,15,male,75-84,0.10885041448668237,0.02450174964271209,0.28603856523462723
mortality_rate,county,15,male,85+,0.08992760757711449,0.0,0.6740345623127406
qualifying_event_rate,county,15,male,0-17,0.030049704876415388,0.01830781110311663,0.04401742321390385
qualifying_event_rate,county,15,male,18-44,0.03577443292722024,0.023202674617399686,0.051262124281510175
qualifying_event_rate,county,15,male,45-64,0.04933837511857525,0.03353884501880114,0.06724571487533731
qualifying_event_rate,county,15,male,65-74,0.06388130979862086,0.039818663307383435,0.09119944131942193
qualifying_event_rate,county,15,male,75-84,0.0563658983481254,0.014230550239561766,0.10743124850272891
qualifying_event_rate,county,15,male,85+,0.025221339615239723,0.0,0.1816405649584565
person_years_exposure,county,15,female,0-17,1169.5902024146467,1066.1656257062452,1265.5693230698464
person_years_exposure,county,15,female,18-44,1232.3057776193357,1133.7748632327223,1322.5944767127196
person_years_exposure,county,15,female,45-64,1120.2500202083286,1025.002838361899,1207.4335276931142
person_years_exposure,county,15,female,65-74,336.22630678463725,284.2020023325977,376.74403895126505
person_years_exposure,county,15,female,75-84,88.02997797943613,58.2326614816687,112.28129969473306
person_years_exposure,county,15,female,85+,8.038173387456137,2.925514840333206,13.262055514066954
person_years_exposure,county,15,female,18-64,2352.5557978276643,2162.788099639984,2530.8146993395076
person_years_exposure,county,15,female,65+,432.2944581515295,351.6257397927571,496.747018856908
mortality_rate,county,15,female,0-17,0.010694183718517242,0.003213323763741485,0.02341588581751437
mortality_rate,county,15,female,18-44,0.0010527933121894043,0.0,0.003255455310366966
mortality_rate,county,15,female,45-64,0.01261489460618082,0.0034772984197406404,0.028745316435210694
mortality_rate,county,15,female,65-74,0.04748308343689634,0.013692466230789903,0.11108220815581113
mortality_rate,county,15,female,75-84,0.12072045247909795,0.034346984093360164,0.30561064768133667
mortality_rate,county,15,female,85+,0.13393414083066868,0.0,0.6082331801300439
qualifying_event_rate,county,15,female,0-17,0.02908580507533718,0.018254379059009646,0.04184071208228216
qualifying_event_rate,county,15,female,18-44,0.03693205792343632,0.02423231408808631,0.051877759577197806
qualifying_event_rate,county,15,female,45-64,0.04785998469458495,0.032256113460380494,0.0665089641703246
qualifying_event_rate,county,15,female,65-74,0.060056404758113545,0.0361294054414826,0.08795222338936166
qualifying_event_rate,county,15,female,75-84,0.07343175937656998,0.030319590399444856,0.12726510383665898
qualifying_event_rate,county,15,female,85+,0.03993617196809877,0.0,0.17279966539649633
person_years_exposure,county,16,male,0-17,717.569815871457,653.6032937101146,776.3121453403295
person_years_exposure,county,16,male,18-44,853.9392412186445,784.5480076456846,917.7096922427475
person_years_exposure,county,16,male,45-64,735.7243832138915,672.5135244487975,793.5585087150129
person_years_exposure,county,16,male,65-74,231.70528101446374,195.08939582381566,261.7753639525298
person_years_exposure,county,16,male,75-84,78.20476346915417,52.14039102560762,97.70247540121821
person_years_exposure,county,16,male,85+,6.205568132069571,2.2529926593194634,9.993123594451813
person_years_exposure,county,16,male,18-64,1589.663624432536,1459.9549850128267,1707.7592662427933
person_years_exposure,county,16,male,65+,316.1156126156875,255.90545589869157,364.577122501011
mortality_rate,county,16,male,0-17,0.008511258054497185,0.001365108376856785,0.020337734679785027
mortality_rate,county,16,male,18-44,0.001529561215486489,0.0,0.004722368786684348
mortality_rate,county,16,male,45-64,0.010094483725083874,0.002569742202017564,0.023683138053905012
mortality_rate,county,16,male,65-74,0.05070931651049325,0.012264228607588223,0.11920819055587309
mortality_rate,county,16,male,75-84,0.10365926511874025,0.02955775699486632,0.2640355683217545
mortality_rate,county,16,male,85+,0.1432793918520087,0.0,0.6416284468510282
qualifying_event_rate,county,16,male,0-17,0.026601423978610365,0.014750789685199191,0.03988893712222565
qualifying_event_rate,county,16,male,18-44,0.03199267372892891,0.02020541669857987,0.04589443647230867
qualifying_event_rate,county,16,male,45-64,0.044010560020531664,0.027715827677220306,0.06281348341444144
qualifying_event_rate,county,16,male,65-74,0.05707077267558696,0.03136241523848337,0.08802173260229414
qualifying_event_rate,county,16,male,75-84,0.050939850521377304,0.012260002834712682,0.09477023112898446
qualifying_event_rate,county,16,male,85+,0.02077596833070483,0.0,0.14952128747915938
person_years_exposure,county,16,female,0-17,637.7511449975594,580.8101771509183,691.8234147802427
person_years_exposure,county,16,female,18-44,727.46590890017,669.282427547301,781.7316605386874
person_years_exposure,county,16,female,45-64,721.395562609568,659.3575083514583,779.7276347079893
person_years_exposure,county,16,female,65-74,157.2082752466647,132.51779199879493,178.42714592275314
person_years_exposure,county,16,female,75-84,54.47391628609845,35.69245848424798,69.68474801774406
person_years_exposure,county,16,female,85+,3.347631824935515,0.03127958962170138,7.026584310866323
person_years_exposure,county,16,female,18-64,1448.8614715097378,1329.5646123185122,1558.8422476995904
person_years_exposure,county,16,female,65+,215.02982335769866,173.0090361911939,249.30205412789698
mortality_rate,county,16,female,0-17,0.010515853127695114,0.001606511074518301,0.023974700363885604
mortality_rate,county,16,female,18-44,0.0010829687797750255,0.0,0.00401510323149001
mortality_rate,county,16,female,45-64,0.012071010322321064,0.002751264067813621,0.026927862218750338
mortality_rate,county,16,female,65-74,0.045977312057808556,0.011187036628533346,0.1107977827646041
mortality_rate,county,16,female,75-84,0.12417491244076241,0.029161791981731598,0.33472569650019524
mortality_rate,county,16,female,85+,0.10957852192265431,0.0,0.7501388623423695
qualifying_event_rate,county,16,female,0-17,0.02591267281606423,0.014175287718425937,0.039863284043617456
qualifying_event_rate,county,16,female,18-44,0.03269685693772875,0.019463090897394186,0.048248196824479
qualifying_event_rate,county,16,female,45-64,0.04315496336845488,0.027100331750135827,0.061159872519136134
qualifying_event_rate,county,16,female,65-74,0.053380719509913396,0.025370202624493084,0.08556085034529876
qualifying_event_rate,county,16,female,75-84,0.0670385435275593,0.01764271489094585,0.1276921596407393
qualifying_event_rate,county,16,female,85+,0.033364862118271284,0.0,0.22409229371069989
person_years_exposure,county,17,male,0-17,2171.309309038358,1962.0321235774466,2399.318012915166
person_years_exposure,county,17,male,18-44,2284.2586805193487,2096.4170159550135,2515.5083046279683
person_years_exposure,county,17,male,45-64,1981.95039590607,1807.2652369831037,2185.1394900312544
person_years_exposure,county,17,male,65-74,559.2468782936389,475.72959167410363,634.5902510191926
person_years_exposure,county,17,male,75-84,177.6029093346097,124.75465281040402,217.6145613261271
person_years_exposure,county,17,male,85+,21.119278388001902,7.852164883495904,33.396841332443444
person_years_exposure,county,17,male,18-64,4266.209076425419,3907.4400821604813,4698.545114248897
person_years_exposure,county,17,male,65+,757.9690660162505,618.5422011425119,874.975534322962
mortality_rate,county,17,male,0-17,0.012302215051217334,0.003694359335361274,0.0269315472774138
mortality_rate,county,17,male,18-44,0.0014428744281933276,0.0,0.003692104966217874
mortality_rate,county,17,male,45-64,0.010353447580543029,0.0031015455907740224,0.0227451372738465
mortality_rate,county,17,male,65-74,0.05121789172206401,0.016506529510250664,0.11678826268592135
mortality_rate,county,17,male,75-84,0.09308890750584788,0.028769695517660804,0.2354632458745637
mortality_rate,county,17,male,85+,0.13410114396677492,0.025219398046401848,0.5025883680383727
qualifying_event_rate,county,17,male,0-17,0.03883565478165153,0.02675448898801302,0.05381632204362735
qualifying_event_rate,county,17,male,18-44,0.04768539665798037,0.03363267455718599,0.06450220508384347
qualifying_event_rate,county,17,male,45-64,0.06028428814202396,0.04296927693017012,0.08113780230898274
qualifying_event_rate,county,17,male,65-74,0.08147825553991245,0.05560868283819359,0.11083066354800443
qualifying_event_rate,county,17,male,75-84,0.06665209193531046,0.035905364506636714,0.10557895104397892
qualifying_event_rate,county,17,male,85+,0.03761396051943504,0.0,0.12113072419924772
person_years_exposure,county,17,female,0-17,1967.1335237744424,1792.3598127193054,2166.176297632543
person_years_exposure,county,17,female,18-44,2394.8183440810503,2197.3395701419613,2634.1713275078046
person_years_exposure,county,17,female,45-64,1959.3382917261042,1783.9156576665796,2161.220443813445
person_years_exposure,county,17,female,65-74,562.9456313188261,477.06767573866915,636.6916917364313
person_years_exposure,county,17,female,75-84,130.81969288324257,87.89099945994873,163.81603147015883
person_years_exposure,county,17,female,85+,9.63666352674178,3.4762972549978173,16.10463343461417
person_years_exposure,county,17,female,18-64,4354.156635807154,3989.7639480095586,4800.144903437981
person_years_exposure,county,17,female,65+,703.4019877288106,577.2586329250516,809.195487428477
mortality_rate,county,17,female,0-17,0.005696641611799871,0.001489923909470011,0.012751136354384128
mortality_rate,county,17,female,18-44,0.001147293113292192,0.0,0.0030770186534716474
mortality_rate,county,17,female,45-64,0.012379119478715618,0.0038359960228301787,0.027207371408030704
mortality_rate,county,17,female,65-74,0.04574583015567998,0.0141450358092522,0.10528157383723272
mortality_rate,county,17,female,75-84,0.12291232932497898,0.03717818002253127,0.3146705919162514
mortality_rate,county,17,female,85+,0.14278413160950804,0.0,0.62815993666718
qualifying_event_rate,county,17,female,0-17,0.0381171102044101,0.02602725722203058,0.05309910634681287
qualifying_event_rate,county,17,female,18-44,0.0457062310086481,0.032430463016884806,0.06254069339811494
qualifying_event_rate,county,17,female,45-64,0.05870076082480702,0.042097935808040256,0.07911096852589955
qualifying_event_rate,county,17,female,65-74,0.08634544568071138,0.06013442641742643,0.11767981321760693
qualifying_event_rate,county,17,female,75-84,0.052713261586499416,0.019990933442609552,0.09070638189245454
qualifying_event_rate,county,17,female,85+,0.05975948993047178,0.0,0.2112143182178279
person_years_exposure,state,0,male,0-17,5456.008778258069,4778.245091639002,6172.778922414497
person_years_exposure,state,0,male,18-44,5702.259888624354,4998.80182654406,6414.450547666445
person_years_exposure,state,0,male,45-64,4685.923421709308,4123.044726565356,5267.954817704826
person_years_exposure,state,0,male,65-74,1159.35908506436,971.1191216416557,1343.236694299421
person_years_exposure,state,0,male,75-84,378.80454025029985,262.32157770706,475.7924824643234
person_years_exposure,state,0,male,85+,20.742533512824636,9.712100253973022,31.475765801382867
person_years_exposure,state,0,male,18-64,10388.183310333661,9118.431535432954,11674.37072950554
person_years_exposure,state,0,male,65+,1558.9061588274844,1255.522693388953,1835.3173202412272
mortality_rate,state,0,male,0-17,0.01993251065840863,0.007018811383549323,0.042163521172388245
mortality_rate,state,0,male,18-44,0.001365275592845372,0.0003419716919783117,0.003077522568968849
mortality_rate,state,0,male,45-64,0.01016998303855473,0.0034113247376895777,0.021782096677976755
mortality_rate,state,0,male,65-74,0.051177796809374856,0.0176641121290557,0.11135730914791744
mortality_rate,state,0,male,75-84,0.11791171912341279,0.04121775679157343,0.27515757279713987
mortality_rate,state,0,male,85+,0.13915617907224234,0.03176430854353418,0.4292564293802855
qualifying_event_rate,state,0,male,0-17,0.03658452118798235,0.02570466760448584,0.04986113938275157
qualifying_event_rate,state,0,male,18-44,0.04250250888178448,0.03051724912579204,0.05764546557145959
qualifying_event_rate,state,0,male,45-64,0.05956618012590847,0.04351141304624799,0.07971190842486942
qualifying_event_rate,state,0,male,65-74,0.06884444234382238,0.048885117963930046,0.09405559421178514
qualifying_event_rate,state,0,male,75-84,0.0765748357842983,0.048277323400917574,0.11332313206974924
qualifying_event_rate,state,0,male,85+,0.03639423298955195,0.0,0.1201191885556038
person_years_exposure,state,0,female,0-17,5056.427572056943,4448.473361932393,5678.557035408378
person_years_exposure,state,0,female,18-44,5712.2739231348905,5020.797195390657,6416.622323064179
person_years_exposure,state,0,female,45-64,4719.001563002637,4152.169923108994,5310.120869133731
person_years_exposure,state,0,female,65-74,1201.1727902766484,1008.7295464055011,1384.602700501212
person_years_exposure,state,0,female,75-84,308.85646733768453,202.45029322728863,397.97627164351155
person_years_exposure,state,0,female,85+,22.669077449063902,10.584066079172445,33.999695891538636
person_years_exposure,state,0,female,18-64,10431.275486137529,9177.720999610947,11721.149067642582
person_years_exposure,state,0,female,65+,1532.6983350633968,1231.50062758091,1801.3994775369636
mortality_rate,state,0,female,0-17,0.006022366527018666,0.0018950382483709613,0.01279602305416396
mortality_rate,state,0,female,18-44,0.001038830089575498,0.00017526002523881185,0.0023921828094561506
mortality_rate,state,0,female,45-64,0.01152546172084614,0.003880824534983954,0.023579142863327178
mortality_rate,state,0,female,65-74,0.049176236559903864,0.0173217634710481,0.10357960473560644
mortality_rate,state,0,female,75-84,0.13554205728197405,0.04818093435993572,0.32822436689643836
mortality_rate,state,0,female,85+,0.15993067129204014,0.030606194262895528,0.4865803385710519
qualifying_event_rate,state,0,female,0-17,0.036800797352379136,0.02599696564785926,0.05063000496046021
qualifying_event_rate,state,0,female,18-44,0.04879672055748118,0.035712690503027326,0.06608696751668947
qualifying_event_rate,state,0,female,45-64,0.05992012925162745,0.0437533169907588,0.08025437987578697
qualifying_event_rate,state,0,female,65-74,0.07783611955172308,0.055029007094850424,0.10549299627904708
qualifying_event_rate,state,0,female,75-84,0.07758284340475205,0.04796032059967598,0.11468881731257309
qualifying_event_rate,state,0,female,85+,0.06256070460986064,0.0,0.1574539141236853
person_years_exposure,state,1,male,0-17,10349.461870003719,8931.847173061791,11808.418669380111
person_years_exposure,state,1,male,18-44,12585.940396909842,11323.042671876776,14068.815736223734
person_years_exposure,state,1,male,45-64,10802.854890450146,9688.480859615936,12081.11262705853
person_years_exposure,state,1,male,65-74,2654.824184195961,2238.168878529031,3056.7991545742716
person_years_exposure,state,1,male,75-84,898.5363718157253,641.3064751530341,1112.652710974534
person_years_exposure,state,1,male,85+,63.94329405633612,34.155431001341164,92.70485847210918
person_years_exposure,state,1,male,18-64,23388.795287359986,21012.6037927448,26109.811325385617
person_years_exposure,state,1,male,65+,3617.3038500680227,2927.4992073397175,4238.7625713522475
mortality_rate,state,1,male,0-17,0.04105901463081685,0.014865056952931683,0.0880813598056864
mortality_rate,state,1,male,18-44,0.001343031968961984,0.000396925187229229,0.0028421118776079993
mortality_rate,state,1,male,45-64,0.010640029555261653,0.003781139863426811,0.022027582519544744
mortality_rate,state,1,male,65-74,0.05048965344087483,0.01820934700084519,0.10746138530094732
mortality_rate,state,1,male,75-84,0.10850835935325176,0.04057798839864249,0.25300371995968607
mortality_rate,state,1,male,85+,0.149988879989544,0.048603258233365365,0.37599913841152566
qualifying_event_rate,state,1,male,0-17,0.03164348414409538,0.02249328500380904,0.04342131197550604
qualifying_event_rate,state,1,male,18-44,0.04217304083107948,0.03063153469072047,0.05695956823645717
qualifying_event_rate,state,1,male,45-64,0.051028128561977054,0.03705130799666796,0.06731902194487219
qualifying_event_rate,state,1,male,65-74,0.08395973354932496,0.06201417612768539,0.1107139402738736
qualifying_event_rate,state,1,male,75-84,0.05225297467985397,0.035096361939155246,0.07520575437937668
qualifying_event_rate,state,1,male,85+,0.021797333016417664,0.0,0.057202029566446544
person_years_exposure,state,1,female,0-17,11365.04032116299,10213.949643799808,12717.871482899383
person_years_exposure,state,1,female,18-44,13032.31609848103,11713.44404474591,14570.412759827883
person_years_exposure,state,1,female,45-64,10341.632004149575,9289.466333593471,11544.770554212988
person_years_exposure,state,1,female,65-74,2764.2317995112185,2351.288800305844,3170.615456544732
person_years_exposure,state,1,female,75-84,827.9067933719653,569.0758044482972,1039.445206569004
person_years_exposure,state,1,female,85+,70.40887697196666,37.45440244774232,101.70237756568415
person_years_exposure,state,1,female,18-64,23373.948102630602,21015.62997133389,26125.702181292272
person_years_exposure,state,1,female,65+,3662.54746985515,2969.740141271702,4290.62553278936
mortality_rate,state,1,female,0-17,0.003252289591522331,0.0010913476670472105,0.006898372874945934
mortality_rate,state,1,female,18-44,0.0010713644940973184,0.00029642062580132004,0.0023343727778486214
mortality_rate,state,1,female,45-64,0.01175736401976612,0.004471043117723787,0.02458358084783353
mortality_rate,state,1,female,65-74,0.045883625091646604,0.016317722639233794,0.0988909448779571
mortality_rate,state,1,female,75-84,0.12472705104921193,0.0468069941461809,0.29264921083018774
mortality_rate,state,1,female,85+,0.14290728844361378,0.049368387895138054,0.36400056018438676
qualifying_event_rate,state,1,female,0-17,0.037320580513377936,0.026820511254963608,0.050403954462234224
qualifying_event_rate,state,1,female,18-44,0.04296697599917936,0.031115278135912874,0.057417136099840074
qualifying_event_rate,state,1,female,45-64,0.04863216537159003,0.035555391265400145,0.06519251143138391
qualifying_event_rate,state,1,female,65-74,0.06781686355279506,0.049515637094138455,0.09099014252208593
qualifying_event_rate,state,1,female,75-84,0.0687695132045063,0.04732866451019873,0.0977504021565789
qualifying_event_rate,state,1,female,85+,0.03923133155331359,0.0,0.08172616109180715
person_years_exposure,state,2,male,0-17,9210.02085785875,8449.022200013336,9922.654310954293
person_years_exposure,state,2,male,18-44,10672.516038221269,9819.761065282766,11457.112460987495
person_years_exposure,state,2,male,45-64,10124.843557314949,9279.357575069835,10893.194508066641
person_years_exposure,state,2,male,65-74,2871.6225818925395,2465.8251507052773,3214.3130346675134
person_years_exposure,state,2,male,75-84,882.3351840117753,621.6410218593779,1075.4744405118122
person_years_exposure,state,2,male,85+,113.70211904589489,67.28645939895462,154.6618796368553
person_years_exposure,state,2,male,18-64,20797.359595536218,19111.08276844823,22339.082061435485
person_years_exposure,state,2,male,65+,3867.6598849502097,3161.9286130592227,4419.093019867316
mortality_rate,state,2,male,0-17,0.008462481025176185,0.002966883376135467,0.01806602351470744
mortality_rate,state,2,male,18-44,0.0015207751146518224,0.0004395757339263174,0.003253712589198775
mortality_rate,state,2,male,45-64,0.009761516895778796,0.003548425828542938,0.0204509007288902
mortality_rate,state,2,male,65-74,0.05113805545437763,0.018728346370534967,0.11283801556997856
mortality_rate,state,2,male,75-84,0.1088691238196731,0.04153680440962103,0.2549896999793418
mortality_rate,state,2,male,85+,0.1520427072527599,0.05966096918399417,0.36936566994576964
qualifying_event_rate,state,2,male,0-17,0.027204146362648094,0.019236638995826134,0.03661448905351437
qualifying_event_rate,state,2,male,18-44,0.032461720158163225,0.023448403791151533,0.043910870107605825
qualifying_event_rate,state,2,male,45-64,0.04473535777083496,0.032674181221925815,0.059508979450034395
qualifying_event_rate,state,2,male,65-74,0.05867187435115725,0.042483397300588886,0.07843907709520753
qualifying_event_rate,state,2,male,75-84,0.05345514690245482,0.036057382929828095,0.07683640029816564
qualifying_event_rate,state,2,male,85+,0.023622915018785218,0.0,0.04948390201829428
person_years_exposure,state,2,female,0-17,9168.251272566218,8391.571814496376,9875.795208696165
person_years_exposure,state,2,female,18-44,10259.020378990725,9442.988674979028,11016.169351242748
person_years_exposure,state,2,female,45-64,10139.696081278986,9291.493883382906,10935.140297746908
person_years_exposure,state,2,female,65-74,2911.271608191872,2489.2537472149193,3245.756150375557
person_years_exposure,state,2,female,75-84,882.4684681745421,608.102805507304,1084.6555860268363
person_years_exposure,state,2,female,85+,77.71682229808084,38.53934134631126,113.42094719401634
person_years_exposure,state,2,female,18-64,20398.71646026971,18744.389380084234,21934.156747095232
person_years_exposure,state,2,female,65+,3871.456898664495,3139.804375775552,4432.603840633541
mortality_rate,state,2,female,0-17,0.010659144373708636,0.0038672640174599233,0.022495776430037154
mortality_rate,state,2,female,18-44,0.0010607965998603148,0.0002840595737101983,0.00230234443221567
mortality_rate,state,2,female,45-64,0.01226018667084994,0.0044549246356034794,0.026154186230006708
mortality_rate,state,2,female,65-74,0.04863293192467941,0.017882258429078167,0.10645447666854989
mortality_rate,state,2,female,75-84,0.1228766544105309,0.04654486034650008,0.2938575957761589
mortality_rate,state,2,female,85+,0.15545581979470738,0.05933380385525497,0.37782078938118113
qualifying_event_rate,state,2,female,0-17,0.026424993841776313,0.018837235709629505,0.03579396040442476
qualifying_event_rate,state,2,female,18-44,0.033306238901986335,0.024122907873760053,0.04477743477959817
qualifying_event_rate,state,2,female,45-64,0.043772708640978056,0.03183589635312475,0.05819358346699984
qualifying_event_rate,state,2,female,65-74,0.05643725468178895,0.04049725876339465,0.07604841634039963
qualifying_event_rate,state,2,female,75-84,0.06904610596909237,0.0482619989759668,0.09669926099851775
qualifying_event_rate,state,2,female,85+,0.039926258391036806,0.008712907626018056,0.08280138627943363
person_years_exposure,state,3,male,0-17,2769.00210598847,2609.286597818248,2915.9534587749863
person_years_exposure,state,3,male,18-44,3158.3000165629933,2959.9593435802944,3336.894296991663
person_years_exposure,state,3,male,45-64,3406.5464574924126,3191.1460907365863,3601.768013477076
person_years_exposure,state,3,male,65-74,1036.6406160578515,885.5292890199631,1153.3233651283658
person_years_exposure,state,3,male,75-84,235.3712621533356,166.56234330461933,286.88115572980206
person_years_exposure,state,3,male,85+,36.175845842585765,15.742321601262187,62.04848160734496
person_years_exposure,state,3,male,18-64,6564.846474055406,6156.214365710735,6927.867965851651
person_years_exposure,state,3,male,65+,1308.1877240537729,1074.316459001238,1486.2175758573576
mortality_rate,state,3,male,0-17,0.002340538859552961,0.0003612368575095956,0.005567182472541341
mortality_rate,state,3,male,18-44,0.0017882429352169304,0.0003126930251090639,0.00414941810114188
mortality_rate,state,3,male,45-64,0.011490685706459995,0.0037979692593416276,0.02468653998338606
mortality_rate,state,3,male,65-74,0.050166945188626653,0.017337270469798372,0.11574540734134982
mortality_rate,state,3,male,75-84,0.10488453399245887,0.03410913319822861,0.2576636840740336
mortality_rate,state,3,male,85+,0.12660889922271526,0.02571765537567323,0.3629075317326927
qualifying_event_rate,state,3,male,0-17,0.021518391960550613,0.01424109429655738,0.030488076553042222
qualifying_event_rate,state,3,male,18-44,0.028385036182567828,0.01936563936932375,0.039806670963388815
qualifying_event_rate,state,3,male,45-64,0.03712979599083648,0.025764260968503313,0.051496768485526326
qualifying_event_rate,state,3,male,65-74,0.04889203273947951,0.03295673141239654,0.0690321271862527
qualifying_event_rate,state,3,male,75-84,0.04845964433280667,0.024686896421097535,0.07681643871520331
qualifying_event_rate,state,3,male,85+,0.024115199594523087,0.0,0.0757682333057823
person_years_exposure,state,3,female,0-17,2614.617202083127,2282.8335630686397,2866.0082668857162
person_years_exposure,state,3,female,18-44,2924.4833906291083,2734.4138736022123,3102.972712298395
person_years_exposure,state,3,female,45-64,3177.5146821003714,2979.250034701644,3361.676088846611
person_years_exposure,state,3,female,65-74,922.6112077455024,767.1122861574121,1042.0236716546995
person_years_exposure,state,3,female,75-84,214.93768944118602,134.14085250590458,277.57326385497953
person_years_exposure,state,3,female,85+,22.203670163803118,8.431585781766046,40.10091056516296
person_years_exposure,state,3,female,18-64,6101.99807272948,5720.260709641556,6455.095648426654
person_years_exposure,state,3,female,65+,1159.7525673504915,917.0139232250505,1349.3574255543956
mortality_rate,state,3,female,0-17,0.04223786843761512,0.015080276179835329,0.09259038173436909
mortality_rate,state,3,female,18-44,0.001064390715544595,0.0,0.0027035422229069695
mortality_rate,state,3,female,45-64,0.012019683525889049,0.003911794456047474,0.02567934620365375
mortality_rate,state,3,female,65-74,0.05918158189690987,0.021401261894529115,0.136718014563793
mortality_rate,state,3,female,75-84,0.13212280161704873,0.046993521072407674,0.3301555129999121
mortality_rate,state,3,female,85+,0.1602679252487005,0.026318073060448748,0.5173947839269408
qualifying_event_rate,state,3,female,0-17,0.02117440531281559,0.01373727599141791,0.03056896431921458
qualifying_event_rate,state,3,female,18-44,0.02797665655335232,0.019130899615225894,0.03946945761171331
qualifying_event_rate,state,3,female,45-64,0.037011331118749616,0.02577086151749322,0.05066911066567129
qualifying_event_rate,state,3,female,65-74,0.04679143131389008,0.030720995292049583,0.06675845337065636
qualifying_event_rate,state,3,female,75-84,0.04701370238692729,0.022742693218847355,0.07899126852502869
qualifying_event_rate,state,3,female,85+,0.03922097589349357,0.0,0.12031614865117884
person_years_exposure,state,4,male,0-17,7060.523492803613,6268.903363139584,7924.074516118449
person_years_exposure,state,4,male,18-44,8052.915145683509,7162.693100199368,9050.933076618014
person_years_exposure,state,4,male,45-64,7074.917442087334,6286.345102690239,7944.594945456106
person_years_exposure,state,4,male,65-74,1959.1083787332448,1648.120179242829,2253.2070562760105
person_years_exposure,state,4,male,75-84,436.35580186484276,281.25635775654587,555.2235498804271
person_years_exposure,state,4,male,85+,21.835770074993345,9.900513868831627,32.86772959013447
person_years_exposure,state,4,male,18-64,15127.832587770843,13463.9126799883,17015.991397109032
person_years_exposure,state,4,male,65+,2417.2999506730807,1964.2307923178375,2816.7189247028386
mortality_rate,state,4,male,0-17,0.011700730311881687,0.0041524686259238035,0.02497851850365252
mortality_rate,state,4,male,18-44,0.0013097571612813474,0.0003467497524060519,0.0029617076888968376
mortality_rate,state,4,male,45-64,0.010708840177490053,0.00386332881758716,0.022704690421183442
mortality_rate,state,4,male,65-74,0.051072789026070486,0.018379323568510776,0.11367161960878143
mortality_rate,state,4,male,75-84,0.1299695043059579,0.04833881173538424,0.323520181634015
mortality_rate,state,4,male,85+,0.12411762969037357,0.01878701024298437,0.3927542331790888
qualifying_event_rate,state,4,male,0-17,0.019249717967234074,0.01328402365241567,0.026924597677555243
qualifying_event_rate,state,4,male,18-44,0.02736701844696321,0.019715700850416937,0.03768801041733519
qualifying_event_rate,state,4,male,45-64,0.0340764245799978,0.024420391748083012,0.04650818529836266
qualifying_event_rate,state,4,male,65-74,0.048867544769602395,0.03410978966150744,0.06805684569710556
qualifying_event_rate,state,4,male,75-84,0.04571106801677174,0.02629643091982205,0.07091081329176913
qualifying_event_rate,state,4,male,85+,0.028682564951138866,0.0,0.10518168604111142
person_years_exposure,state,4,female,0-17,6824.704048434276,6076.077331797796,7670.907501207522
person_years_exposure,state,4,female,18-44,7845.101191675016,6972.380403531419,8817.200019204842
person_years_exposure,state,4,female,45-64,7118.159113985118,6319.783124092763,7990.5227063401135
person_years_exposure,state,4,female,65-74,1696.50615259194,1401.5860874767488,1964.9869656913493
person_years_exposure,state,4,female,75-84,459.53839448650194,291.2372474467213,591.0136948986765
person_years_exposure,state,4,female,85+,45.058577004214676,21.9699827008085,68.5425605285389
person_years_exposure,state,4,female,18-64,14963.260305660133,13304.204590980926,16844.5825341625
person_years_exposure,state,4,female,65+,2201.103124082657,1728.0270944809965,2597.740249962681
mortality_rate,state,4,female,0-17,0.0010079420589055666,0.0001558318806145945,0.0022579952646962177
mortality_rate,state,4,female,18-44,0.001067545184616267,0.0002386050468785438,0.00236744864007485
mortality_rate,state,4,female,45-64,0.011726994021670097,0.004090418375492671,0.02461228634668359
mortality_rate,state,4,female,65-74,0.05701179536142943,0.02079858722946533,0.12903567655821385
mortality_rate,state,4,female,75-84,0.13943010845352954,0.05064383452430223,0.3490734137539351
mortality_rate,state,4,female,85+,0.16912500019543103,0.050947403531484685,0.45309824389893033
qualifying_event_rate,state,4,female,0-17,0.020502763486257205,0.014286853646963802,0.028645338270810308
qualifying_event_rate,state,4,female,18-44,0.026712156439088162,0.018992724759841245,0.036754293308519446
qualifying_event_rate,state,4,female,45-64,0.03476316039986843,0.02485316612640994,0.04760178179686416
qualifying_event_rate,state,4,female,65-74,0.04544870278746098,0.03134381450378395,0.06331576030355039
qualifying_event_rate,state,4,female,75-84,0.03237230085381806,0.017659271846965495,0.05218650575720644
qualifying_event_rate,state,4,female,85+,0.035182036093834156,0.0,0.08791950361292582
person_years_exposure,state,5,male,0-17,6169.736257523233,5603.326131081685,6816.6423729366015
person_years_exposure,state,5,male,18-44,6583.450381965676,6046.3267113245365,7246.782606827977
person_years_exposure,state,5,male,45-64,5972.9596636343085,5461.288478185915,6583.486502869277
person_years_exposure,state,5,male,65-74,1625.1508142654266,1383.507575584028,1840.9839034206325
person_years_exposure,state,5,male,75-84,560.3000668136252,410.2963750123578,675.4904519734109
person_years_exposure,state,5,male,85+,60.91517337910864,31.439500473207474,88.2526214289893
person_years_exposure,state,5,male,18-64,12556.410045599983,11516.05131952896,13824.075542788883
person_years_exposure,state,5,male,65+,2246.3660544581603,1832.6584470099724,2583.8724246237343
mortality_rate,state,5,male,0-17,0.012263031158988743,0.004351091547450572,0.0261653248793633
mortality_rate,state,5,male,18-44,0.0014208360910372801,0.0003023511527147826,0.0032551965784789125
mortality_rate,state,5,male,45-64,0.010042900542082516,0.003339614005014068,0.02152279411817421
mortality_rate,state,5,male,65-74,0.05084469249253239,0.01744331020573691,0.11376559274886511
mortality_rate,state,5,male,75-84,0.09456288920085204,0.03334761345102203,0.22675361499420554
mortality_rate,state,5,male,85+,0.14252882906797554,0.04455451332466105,0.38999415992250036
qualifying_event_rate,state,5,male,0-17,0.030045142568730292,0.021152854448746917,0.041497136888459636
qualifying_event_rate,state,5,male,18-44,0.036797940697745314,0.02653759549719582,0.05007645144629711
qualifying_event_rate,state,5,male,45-64,0.04650875571223477,0.03368787075089939,0.06296833509169499
qualifying_event_rate,state,5,male,65-74,0.06378755849357688,0.04530032195737511,0.08705442428787295
qualifying_event_rate,state,5,male,75-84,0.05156651403540531,0.03192855277969863,0.07594501197447155
qualifying_event_rate,state,5,male,85+,0.02926382352062063,0.0,0.06990071258437815
person_years_exposure,state,5,female,0-17,5987.983470843579,5473.520715007786,6587.399894452779
person_years_exposure,state,5,female,18-44,6967.412999143388,6392.479399461524,7656.594947633076
person_years_exposure,state,5,female,45-64,5832.8304491948775,5322.497703407421,6439.673246790984
person_years_exposure,state,5,female,65-74,1702.588725186873,1451.486836288525,1925.8275326619507
person_years_exposure,state,5,female,75-84,500.0388839351137,341.8582651474288,619.266624767578
person_years_exposure,state,5,female,85+,55.20240265296588,26.39142332614372,82.66213863452604
person_years_exposure,state,5,female,18-64,12800.243448338266,11725.268224357344,14105.19132818176
person_years_exposure,state,5,female,65+,2257.8300117749523,1837.7570854242517,2608.735702378765
mortality_rate,state,5,female,0-17,0.0057135098168415955,0.0018692295442150912,0.012392877565472662
mortality_rate,state,5,female,18-44,0.0011417549276866521,0.00027454459198556484,0.0025747913740118873
mortality_rate,state,5,female,45-64,0.012212911118234696,0.00428705550015295,0.0258244347136141
mortality_rate,state,5,female,65-74,0.047156116228988874,0.015873721149398116,0.10512623993373064
mortality_rate,state,5,female,75-84,0.128187510436976,0.045234672821034966,0.310698165762892
mortality_rate,state,5,female,85+,0.1813566353589803,0.060594528352170926,0.48159916312625345
qualifying_event_rate,state,5,female,0-17,0.02899402169388274,0.020357249452089464,0.03986575185826373
qualifying_event_rate,state,5,female,18-44,0.03523085054861765,0.02553688571473534,0.04776250533979794
qualifying_event_rate,state,5,female,45-64,0.045420182356375335,0.0331856216918807,0.06109623710243616
qualifying_event_rate,state,5,female,65-74,0.06801298747088035,0.049096802010734755,0.0922987165293981
qualifying_event_rate,state,5,female,75-84,0.03972441122864666,0.023036566337193864,0.06140650909046972
qualifying_event_rate,state,5,female,85+,0.04619668590163087,0.0,0.10293858024650175
