estimand,level,unit,sex,age_band,estimate,lower,upper
children_under_16,county,0,,,2084.9934958741155,1536.5502901128523,2633.436701635379
children_under_16,county,1,,,1776.3631986836635,1442.2687095900733,2110.457687777254
children_under_16,county,2,,,1893.128741771725,1332.9725232580408,2453.284960285409
children_under_16,county,3,,,1298.719150500555,1009.8557457688079,1587.5825552323022
children_under_16,county,4,,,340.72432829976873,188.75019564370584,492.6984609558316
children_under_16,county,5,,,246.8045698374949,122.68702601029162,370.9221136646982
children_under_16,county,6,,,530.7056117803962,376.7126957305187,684.6985278302737
children_under_16,county,7,,,814.6346503579549,495.76602603504796,1133.503274680862
children_under_16,county,8,,,421.65566847049575,262.112073368186,581.1992635728055
children_under_16,county,9,,,78.05613671892554,45.33751473720642,110.77475870064467
children_under_16,county,10,,,342.36706318414906,136.60990720679922,548.1242191614989
children_under_16,county,11,,,92.20345928904028,66.84096138644698,117.56595719163359
children_under_16,county,12,,,390.9599996464715,244.61253345787927,537.3074658350637
children_under_16,county,13,,,674.4722877127621,409.86877447666643,939.0758009488577
children_under_16,county,14,,,463.53775423796475,342.3129284322555,584.762580043674
children_under_16,county,15,,,199.9819861748753,143.88041337368725,256.08355897606333
children_under_16,county,16,,,182.69301239957872,128.63240392815953,236.7536208709979
children_under_16,county,17,,,535.3598335830585,392.2534530579515,678.4662141081656
children_under_16,nation,0,,,12367.360948522997,11025.802146516055,13708.91975052994
children_under_16,state,0,,,3083.8910836951386,2423.629327103031,3744.1528402872464
children_under_16,state,1,,,1776.3631986836635,1598.6889051769974,1954.0374921903297
children_under_16,state,2,,,3559.0377765582625,2655.215765280536,4462.859787835989
children_under_16,state,3,,,1298.719150500555,1097.093444321572,1500.3448566795382
children_under_16,state,4,,,2060.1781060637313,1446.1130227933281,2674.2431893341345
children_under_16,state,5,,,589.171633021644,345.06519889049986,833.278067152788
elders_65_plus,county,0,,,917.603413049826,676.2341433296158,1158.9726827700363
elders_65_plus,county,1,,,901.9595649553854,732.3209908956729,1071.598139015098
elders_65_plus,county,2,,,851.6141952978297,599.6308109960517,1103.5975795996078
elders_65_plus,county,3,,,900.9356486399151,700.5479521852768,1101.3233450945534
elders_65_plus,county,4,,,240.59099886969707,133.27958802758832,347.90240971180583
elders_65_plus,county,5,,,186.07674070486726,92.49910543309598,279.65437597663856
elders_65_plus,county,6,,,274.4573211176216,194.8190390418913,354.09560319335185
elders_65_plus,county,7,,,564.2080773591969,343.36275316344023,785.0534015549536
elders_65_plus,county,8,,,257.140082855739,159.84492870182055,354.4352370096575
elders_65_plus,county,9,,,32.65618924404662,18.967765038696697,46.34461344939655
elders_65_plus,county,10,,,215.60008154060122,86.02786395138116,345.1722991298213
elders_65_plus,county,11,,,53.70930723031569,38.93543429233431,68.48318016829707
elders_65_plus,county,12,,,282.8464456027974,176.96896281210377,388.72392839349106
elders_65_plus,county,13,,,295.5837373799964,179.62271601404387,411.54475874594897
elders_65_plus,county,14,,,266.78487033658905,197.0150422298821,336.554698443296
elders_65_plus,county,15,,,74.38305456108124,53.516143343467206,95.24996577869527
elders_65_plus,county,16,,,88.99784931308302,62.66253509761694,115.33316352854911
elders_65_plus,county,17,,,218.77210962515727,160.2924053134573,277.2518139368573
elders_65_plus,nation,0,,,6623.919687683746,5898.945325490433,7348.894049877059
elders_65_plus,state,0,,,1403.1603930115723,1102.895626560422,1703.4251594627226
elders_65_plus,state,1,,,901.9595649553854,811.744327106627,992.1748028041438
elders_65_plus,state,2,,,1617.6923469136584,1204.6608729923018,2030.723820835015
elders_65_plus,state,3,,,900.9356486399151,761.0656957645529,1040.8056015152774
elders_65_plus,state,4,,,1398.4949119177463,986.5031288431434,1810.4866949923494
elders_65_plus,state,5,,,401.6768222454685,237.45848484441257,565.8951596465245
households,county,0,,,4237.406375243737,3122.785758368583,5352.02699211889
households,county,1,,,3901.6590524747926,3167.8435868538572,4635.474518095728
households,county,2,,,4002.3506384010902,2818.0985855404833,5186.602691261697
households,county,3,,,3190.54571786672,2480.8989103486665,3900.192525384774
households,county,4,,,876.6969664733399,485.66160440560077,1267.732328541079
households,county,5,,,866.4683445338867,430.7230793697134,1302.21360969806
households,county,6,,,1132.1034903830912,803.6051404796872,1460.6018402864952
households,county,7,,,2198.7765063627953,1338.1197205639642,3059.4332921616265
households,county,8,,,1151.8041542236301,715.9912638498546,1587.6170445974058
households,county,9,,,159.351111373938,92.55625071890677,226.14597202896925
households,county,10,,,1167.5421396908462,465.8678959354372,1869.2163834462551
households,county,11,,,280.5401390422523,203.37168199176824,357.70859609273634
households,county,12,,,1106.3152416543946,692.1899281482922,1520.440555160497
households,county,13,,,1493.6088892833159,907.6483291463543,2079.5694494202776
households,county,14,,,1131.7758640273307,835.7927845188042,1427.7589435358573
households,county,15,,,365.0670320710235,262.6536344006123,467.4804297414347
households,county,16,,,431.7130499409352,303.9650323330491,559.4610675488213
households,county,17,,,1080.5774482280274,791.7296158121914,1369.4252806438635
households,nation,0,,,28774.302161275147,25561.695353124454,31986.90896942584
households,state,0,,,6449.759687499095,5069.389922323324,7830.129452674866
households,state,1,,,3901.6590524747926,3511.4097407540553,4291.908364195529
households,state,2,,,7584.194211453393,5644.724605112642,9523.663817794144
households,state,3,,,3190.54571786672,2695.2145808666473,3685.876854866793
households,state,4,,,5614.133007756413,3936.5806700283083,7291.685345484517
households,state,5,,,2034.0104842247329,1197.0172404225186,2871.003728026947
low_income_household_share,county,0,,,0.2590658839813522,0.17544277553847692,0.3426889924242275
low_income_household_share,county,1,,,0.295876105095864,0.20979966513658743,0.38195254505514054
low_income_household_share,county,2,,,0.2894163222177281,0.20652518322723076,0.37230746120822544
low_income_household_share,county,3,,,0.3004364591953021,0.21666286335155718,0.38421005503904704
low_income_household_share,county,4,,,0.2923258224358483,0.20848436115695862,0.376167283714738
low_income_household_share,county,5,,,0.19881542437681066,0.11578519156174057,0.28184565719188076
low_income_household_share,county,6,,,0.2614208272921969,0.1773916198025023,0.3454500347818915
low_income_household_share,county,7,,,0.32106394780436937,0.23476206001113745,0.4073658355976013
low_income_household_share,county,8,,,0.3425911609513642,0.2563250743257749,0.42885724757695354
low_income_household_share,county,9,,,0.30668056762338003,0.22339950778127993,0.38996162746548013
low_income_household_share,county,10,,,0.19528400129620074,0.11240963882662154,0.27815836376577996
low_income_household_share,county,11,,,0.3124455674356613,0.22804371612173102,0.3968474187495916
low_income_household_share,county,12,,,0.27155004315734693,0.185211766081064,0.3578883202336299
low_income_household_share,county,13,,,0.2974724311988737,0.21460163679688016,0.3803432256008672
low_income_household_share,county,14,,,0.31679331403621264,0.230263945107181,0.40332268296524426
low_income_household_share,county,15,,,0.27726595756118,0.19408722198906936,0.36044469313329064
low_income_household_share,county,16,,,0.3230409977245824,0.24006319596319525,0.40601879948596953
low_income_household_share,county,17,,,0.35102070356387777,0.2612113558277876,0.44083005129996794
low_income_household_share,nation,0,,,0.288490050085047,0.27800890675258033,0.2989711934175137
low_income_household_share,state,0,,,0.2834872793014226,0.2663118952422625,0.30066266336058267
low_income_household_share,state,1,,,0.295876105095864,0.2704971568106622,0.32125505338106575
low_income_household_share,state,2,,,0.2882740488193834,0.2791210744485008,0.297427023190266
low_income_household_share,state,3,,,0.3004364591953021,0.28453196735836767,0.31634095103223653
low_income_household_share,state,4,,,0.31069118162206355,0.29262983521677666,0.32875252802735044
low_income_household_share,state,5,,,0.19696351086011343,0.1873490873319677,0.20657793438825917
mean_income_adults,county,0,,,18170.78604815715,14999.796567382775,21341.77552893153
mean_income_adults,county,1,,,17267.932675677923,14064.384320811803,20471.48103054404
mean_income_adults,county,2,,,17612.026721955815,14647.953926410715,20576.099517500916
mean_income_adults,county,3,,,19612.26208512895,16223.102199198613,23001.421971059288
mean_income_adults,county,4,,,18085.491253297674,14944.99075399782,21225.99175259753
mean_income_adults,county,5,,,15845.144243926332,13085.963238445838,18604.325249406826
mean_income_adults,county,6,,,18475.61071219316,15202.286392216822,21748.9350321695
mean_income_adults,county,7,,,16978.973037400152,13862.714538044898,20095.231536755404
mean_income_adults,county,8,,,16754.29143152473,13718.735509073329,19789.84735397613
mean_income_adults,county,9,,,18051.428741313764,14984.019213688242,21118.83826893929
mean_income_adults,county,10,,,16602.750451160166,13738.418614323995,19467.082287996338
mean_income_adults,county,11,,,17443.294463158498,14385.305538101502,20501.283388215496
mean_income_adults,county,12,,,18947.282292110867,15332.015836772014,22562.54874744972
mean_income_adults,county,13,,,17751.855799707442,14769.827037721549,20733.884561693336
mean_income_adults,county,14,,,17073.90040153821,13913.744365067225,20234.056438009193
mean_income_adults,county,15,,,18222.78414914568,15116.412643062326,21329.15565522903
mean_income_adults,county,16,,,17432.03264243731,14504.043139267622,20360.022145606996
mean_income_adults,county,17,,,16769.87570522947,13517.375916412317,20022.375494046628
mean_income_adults,nation,0,,,17801.766227194355,17194.817686394694,18408.714767994017
mean_income_adults,state,0,,,17761.591608124316,16698.867166663324,18824.316049585308
mean_income_adults,state,1,,,17267.932675677923,15786.76551543568,18749.099835920166
mean_income_adults,state,2,,,17797.241398347403,17206.231918522404,18388.250878172403
mean_income_adults,state,3,,,19612.262085128947,18574.029032215807,20650.495138042086
mean_income_adults,state,4,,,17520.580044430855,16527.47755172194,18513.68253713977
mean_income_adults,state,5,,,16256.447584072437,15444.073479594128,17068.821688550746
median_household_income,county,0,,,23142.217737197658,19103.66217818339,27180.773296211926
median_household_income,county,1,,,26111.409999999985,21267.218971472554,30955.601028527417
median_household_income,county,2,,,23686.995516994615,19700.516270253745,27673.474763735485
median_household_income,county,3,,,24829.389999999996,20538.667582827762,29120.11241717223
median_household_income,county,4,,,28600.635075153255,23634.206047828156,33567.064102478354
median_household_income,county,5,,,23120.66811212564,19094.569813055325,27146.766411195957
median_household_income,county,6,,,23256.884336622337,19136.461672829053,27377.30700041562
median_household_income,county,7,,,21311.995555334055,17400.469979479763,25223.521131188347
median_household_income,county,8,,,19518.82486874263,15982.388566929345,23055.261170555917
median_household_income,county,9,,,20252.278198417804,16810.886827563452,23693.669569272155
median_household_income,county,10,,,25291.055516317683,20927.804034842957,29654.30699779241
median_household_income,county,11,,,23676.9935259192,19526.17304107159,27827.814010766808
median_household_income,county,12,,,28034.009869838294,22684.935848110956,33383.083891565635
median_household_income,county,13,,,23117.22920251332,19233.90324735031,27000.555157676332
median_household_income,county,14,,,16840.32167280727,13723.398009269878,19957.245336344662
median_household_income,county,15,,,25255.42753923017,20950.226981526397,29560.628096933946
median_household_income,county,16,,,19511.786395438005,16234.46888888108,22789.10390199493
median_household_income,county,17,,,16807.062987699836,13547.350764484981,20066.77521091469
median_household_income,nation,0,,,23521.498118188814,22690.270792132505,24352.725444245123
median_household_income,state,0,,,21088.007310518526,19812.843981651502,22363.17063938555
median_household_income,state,1,,,26111.409999999985,23871.68833059045,28351.131669409522
median_household_income,state,2,,,23303.64150932022,22535.898634773737,24071.3843838667
median_household_income,state,3,,,24829.389999999996,23514.97286291627,26143.80713708372
median_household_income,state,4,,,23545.157920415844,22216.578405845554,24873.737434986135
median_household_income,state,5,,,24311.097303934745,23100.19876645694,25521.99584141255
persons,county,0,,,8283.548249750373,6104.61782806742,10462.478671433324
persons,county,1,,,9004.932557014257,7311.304618658351,10698.560495370164
persons,county,2,,,7513.2394110497535,5290.153529767897,9736.32529233161
persons,county,3,,,7293.977592543766,5671.638227941962,8916.316957145571
persons,county,4,,,1863.6724902996948,1032.4139427178634,2694.931037881526
persons,county,5,,,1257.9918067471897,625.3501449213393,1890.63346857304
persons,county,6,,,2093.8175441070002,1486.2621270618693,2701.372961152131
persons,county,7,,,4639.07879964067,2823.2259209090935,6454.931678372246
persons,county,8,,,2356.657517292027,1464.9592885038073,3248.3557460802467
persons,county,9,,,279.5309151640516,162.36054612067704,396.7012842074261
persons,county,10,,,1598.5904678242757,637.8630392774857,2559.3178963710657
persons,county,11,,,512.1331437401776,371.26016691139284,653.0061205689624
persons,county,12,,,2241.2508073618114,1402.2867776730063,3080.2148370506166
persons,county,13,,,2731.489496144924,1659.8936274718994,3803.0853648179486
persons,county,14,,,1967.5289628019134,1452.9789534386955,2482.0789721651313
persons,county,15,,,680.8191259820717,489.826804667068,871.8114472970753
persons,county,16,,,712.3589862791118,501.5651538138427,923.152818744381
persons,county,17,,,2008.7641261028298,1471.8038511952122,2545.7244010104473
persons,nation,0,,,57039.38199984589,50793.337217714216,63285.42678197757
persons,state,0,,,12259.841338655115,9635.184845917272,14884.497831392957
persons,state,1,,,9004.932557014257,8104.246801236221,9905.618312792294
persons,state,2,,,14011.255478726915,10435.212678307958,17587.29827914587
persons,state,3,,,7293.977592543766,6161.590053341395,8426.365131746137
persons,state,4,,,11612.79275833438,8155.194197503099,15070.391319165663
persons,state,5,,,2856.5822745714654,1685.595007863744,4027.5695412791865
tertiary_share_25_plus,county,0,,,0.40887903615423726,0.3858653497929602,0.4318927225155143
tertiary_share_25_plus,county,1,,,0.37888345656913364,0.35590363609710335,0.4018632770411639
tertiary_share_25_plus,county,2,,,0.36806080276493197,0.3449045574292529,0.39121704810061103
tertiary_share_25_plus,county,3,,,0.3897464289699561,0.3663643059887847,0.41312855195112747
tertiary_share_25_plus,county,4,,,0.36209532943081596,0.3291836648836758,0.39500699397795613
tertiary_share_25_plus,county,5,,,0.3502696368065569,0.315863424123547,0.38467584948956685
tertiary_share_25_plus,county,6,,,0.358985692576345,0.32908419745243134,0.38888718770025865
tertiary_share_25_plus,county,7,,,0.3556818848603781,0.3294799665515026,0.38188380316925363
tertiary_share_25_plus,county,8,,,0.35001938090910684,0.31918781819515385,0.3808509436230598
tertiary_share_25_plus,county,9,,,0.29164996824261474,0.22944438765792585,0.35385554882730363
tertiary_share_25_plus,county,10,,,0.358673297862532,0.32571324729149775,0.39163334843356623
tertiary_share_25_plus,county,11,,,0.35136854741661544,0.29838863168428564,0.40434846314894524
tertiary_share_25_plus,county,12,,,0.37550619738917185,0.3444335523582344,0.4065788424201093
tertiary_share_25_plus,county,13,,,0.34031623852982973,0.31229263564925464,0.3683398414104048
tertiary_share_25_plus,county,14,,,0.3672390738396157,0.33683612176503175,0.3976420259141996
tertiary_share_25_plus,county,15,,,0.2966108127335292,0.2536867708564019,0.33953485461065647
tertiary_share_25_plus,county,16,,,0.30182597668785194,0.26006955585635816,0.3435823975193457
tertiary_share_25_plus,county,17,,,0.3688522393782359,0.33864519996263515,0.3990592787938367
tertiary_share_25_plus,nation,0,,,0.3720257916501566,0.3514668220025999,0.3925847612977133
tertiary_share_25_plus,state,0,,,0.39562657723124195,0.3735630783496681,0.4176900761128158
tertiary_share_25_plus,state,1,,,0.37888345656913375,0.35590363609710346,0.40186327704116404
tertiary_share_25_plus,state,2,,,0.3528629449426026,0.33100318664691003,0.3747227032382952
tertiary_share_25_plus,state,3,,,0.3897464289699562,0.36636430598878483,0.4131285519511276
tertiary_share_25_plus,state,4,,,0.3592289642064881,0.3365717682607334,0.3818861601522428
tertiary_share_25_plus,state,5,,,0.354930966687968,0.32722700718283104,0.3826349261931049
person_years_exposure,county,0,male,0-17,5562.975588111044,4411.814992564217,6758.773511923447
person_years_exposure,county,0,male,18-44,7531.159884494088,5990.448724281368,9126.727960055254
person_years_exposure,county,0,male,45-64,6462.477622848777,5156.722181577091,7900.20163587965
person_years_exposure,county,0,male,65-74,1686.1214329441132,1312.8497143266788,2110.937651894312
person_years_exposure,county,0,male,75-84,604.2226346599078,401.1078435366263,815.3940125620437
person_years_exposure,county,0,male,85+,61.65148645962177,29.088084640628182,97.47774438795898
person_years_exposure,county,0,male,18-64,13993.637507342864,11145.336058221767,17027.047007189085
person_years_exposure,county,0,male,65+,2351.995554063643,1771.3988386329463,3002.7485099673436
mortality_rate,county,0,male,0-17,0.000513913223861685,0.0,0.0013660362967826184
mortality_rate,county,0,male,18-44,0.00166982029151208,0.00044093293637432443,0.0037061917340008303
mortality_rate,county,0,male,45-64,0.011957321988712164,0.003968793007922918,0.02561520074444099
mortality_rate,county,0,male,65-74,0.0540250373773164,0.018630210058138426,0.11785246641862217
mortality_rate,county,0,male,75-84,0.12985620534917064,0.047597664715476815,0.3142156106023358
mortality_rate,county,0,male,85+,0.18175488954251162,0.05981656620614365,0.48644397416733276
qualifying_event_rate,county,0,male,0-17,0.009838695318378138,0.005396842106943492,0.01559718370643194
qualifying_event_rate,county,0,male,18-44,0.024574464171322332,0.014969020362959393,0.03738740753728464
qualifying_event_rate,county,0,male,45-64,0.03399121719077096,0.02077816631275724,0.051832624453135336
qualifying_event_rate,county,0,male,65-74,0.05085172741697895,0.03067674378113217,0.0778598975671632
qualifying_event_rate,county,0,male,75-84,0.06245657477217469,0.03598482607136733,0.1000696690443697
qualifying_event_rate,county,0,male,85+,0.03390077691651131,0.0,0.0820910777880241
person_years_exposure,county,0,female,0-17,5688.666832745965,4510.117836204866,6914.490957205789
person_years_exposure,county,0,female,18-44,7775.7645734519465,6177.879569427812,9428.492187713664
person_years_exposure,county,0,female,45-64,6607.540661740327,5270.249255941358,8072.195961174936
person_years_exposure,county,0,female,65-74,1894.9784142203985,1484.368270330266,2368.6704331268816
person_years_exposure,county,0,female,75-84,484.298649259512,311.15197301701994,664.7213303347378
person_years_exposure,county,0,female,85+,44.26746360387804,18.85771930150909,71.66022082317217
person_years_exposure,county,0,female,18-64,14383.305235192274,11452.556441361034,17509.88887422183
person_years_exposure,county,0,female,65+,2423.5445270837886,1841.6123297568884,3080.980998998247
mortality_rate,county,0,female,0-17,0.0008098441566714492,0.0,0.0019779234301791093
mortality_rate,county,0,female,18-44,0.0015602741189171597,0.0003944552476509626,0.0034983396326534726
mortality_rate,county,0,female,45-64,0.01166510214080906,0.003789896977152382,0.025188259074762413
mortality_rate,county,0,female,65-74,0.05060145865273562,0.017226344704595047,0.11042958027425842
mortality_rate,county,0,female,75-84,0.15300011501522723,0.05566752054299335,0.3793780925706845
mortality_rate,county,0,female,85+,0.17919307325486658,0.05911624814482054,0.4988101448990374
qualifying_event_rate,county,0,female,0-17,0.011885611029423308,0.006815371545307701,0.01907676846869965
qualifying_event_rate,county,0,female,18-44,0.02642839486989131,0.015943725591143192,0.040425046694102615
qualifying_event_rate,county,0,female,45-64,0.033667219154525495,0.020738529466407557,0.05122288307109626
qualifying_event_rate,county,0,female,65-74,0.05218716685392176,0.031526436834358136,0.0789181463117065
qualifying_event_rate,county,0,female,75-84,0.04589423780446158,0.024395291264543425,0.07589005714609764
qualifying_event_rate,county,0,female,85+,0.03780384920581446,0.0,0.09870632175118658
person_years_exposure,county,1,male,0-17,5161.057087162603,4694.865679461587,5648.664939619601
person_years_exposure,county,1,male,18-44,7071.329547369287,6431.028990617395,7731.632659227966
person_years_exposure,county,1,male,45-64,5771.6356133584395,5249.5143097430655,6333.829857554335
person_years_exposure,county,1,male,65-74,1691.1299624483104,1438.3522405092356,1909.3433140294533
person_years_exposure,county,1,male,75-84,606.2496952440247,412.6224951674325,752.2597763651427
person_years_exposure,county,1,male,85+,107.87312232723825,56.35346531152813,151.60352330192106
person_years_exposure,county,1,male,18-64,12842.965160727726,11679.40115605256,14055.558047389763
person_years_exposure,county,1,male,65+,2405.2527800195735,1932.486142657534,2797.933574370399
mortality_rate,county,1,male,0-17,0.0005052108184359347,0.0,0.001339910696458308
mortality_rate,county,1,male,18-44,0.000930529129058616,0.00014798813655033112,0.0021096904968198405
mortality_rate,county,1,male,45-64,0.012140967809075752,0.004216132375050048,0.026150793170312783
mortality_rate,county,1,male,65-74,0.05235414533447436,0.01861044897634531,0.11599865875670778
mortality_rate,county,1,male,75-84,0.12987491133570486,0.048006722562194945,0.31804860293100157
mortality_rate,county,1,male,85+,0.17131465743514313,0.06050097777952856,0.44104085489842487
qualifying_event_rate,county,1,male,0-17,0.024567058656041044,0.014789385683024667,0.038043711715343015
qualifying_event_rate,county,1,male,18-44,0.03902035386720894,0.02439706559892516,0.05851919901217738
qualifying_event_rate,county,1,male,45-64,0.05166404380520818,0.03278598170912553,0.07642753875013657
qualifying_event_rate,county,1,male,65-74,0.07082710063148741,0.04435142816983404,0.10509014728581026
qualifying_event_rate,county,1,male,75-84,0.08437221696290417,0.051747807980017865,0.12858611281357865
qualifying_event_rate,county,1,male,85+,0.06748771752545235,0.026481038602282556,0.12518790120734713
person_years_exposure,county,1,female,0-17,5287.889932213518,4810.248272710276,5786.086217313967
person_years_exposure,county,1,female,18-44,7338.236343999404,6684.116263075363,8017.18057406103
person_years_exposure,county,1,female,45-64,5926.9022063882685,5393.96061180712,6503.067760209381
person_years_exposure,county,1,female,65-74,1644.6524219167618,1399.9323603347473,1858.4772357296006
person_years_exposure,county,1,female,75-84,548.3134396127963,355.7696553595835,691.0688923524749
person_years_exposure,county,1,female,85+,67.01818052459318,30.434156768097786,100.4635356633117
person_years_exposure,county,1,female,18-64,13265.138550387674,12083.232269405726,14511.74530227211
person_years_exposure,county,1,female,65+,2259.9840420541514,1810.241855709114,2627.7283632019708
mortality_rate,county,1,female,0-17,0.0007813770692028017,0.0,0.0019233375580977546
mortality_rate,county,1,female,18-44,0.001219599180471793,0.00027549270027865316,0.002731343101402552
mortality_rate,county,1,female,45-64,0.011418159782239654,0.0038421989368828628,0.02386733953048278
mortality_rate,county,1,female,65-74,0.04893315224012913,0.01729707247340209,0.10971053090847531
mortality_rate,county,1,female,75-84,0.14688710483467576,0.053156082678653974,0.35629660881096636
mortality_rate,county,1,female,85+,0.19447888429073584,0.06681624030885183,0.5309415878912097
qualifying_event_rate,county,1,female,0-17,0.02474883976456333,0.014943253627811875,0.03771478710549921
qualifying_event_rate,county,1,female,18-44,0.04261124766112131,0.026662590165129098,0.06332692298885982
qualifying_event_rate,county,1,female,45-64,0.05044093620635747,0.03165177414427136,0.07485939843833452
qualifying_event_rate,county,1,female,65-74,0.0714110090967562,0.044924371147757866,0.1056643821704827
qualifying_event_rate,county,1,female,75-84,0.07032629966021509,0.04106077941037027,0.11175546244948356
qualifying_event_rate,county,1,female,85+,0.05796699208418521,0.013330649547622383,0.12083668299391023
person_years_exposure,county,2,male,0-17,4746.064101932447,3806.571984783805,6183.112724589191
person_years_exposure,county,2,male,18-44,6486.971925913922,5173.549940382286,8448.915492848395
person_years_exposure,county,2,male,45-64,6254.3587362463,4979.996712404442,8180.009119123186
person_years_exposure,county,2,male,65-74,1655.9785988800331,1272.470691373118,2205.376557194902
person_years_exposure,county,2,male,75-84,568.5584989580589,364.48228022627535,792.6894153313548
person_years_exposure,county,2,male,85+,98.27504555367217,46.8742755198003,147.72681368003907
person_years_exposure,county,2,male,18-64,12741.330662160222,10154.747470038843,16622.804725035123
person_years_exposure,county,2,male,65+,2322.812143391764,1697.4157804391616,3131.6608706832894
mortality_rate,county,2,male,0-17,0.0005024722746641789,0.0,0.0013440305291108172
mortality_rate,county,2,male,18-44,0.002271981660830694,0.0006563116967137551,0.004943726593099947
mortality_rate,county,2,male,45-64,0.012027939866205895,0.0042478481696645734,0.025864113854361433
mortality_rate,county,2,male,65-74,0.052240761245039256,0.018395816672404804,0.11837608610871805
mortality_rate,county,2,male,75-84,0.12346657596867308,0.043456178926476394,0.3001530472885396
mortality_rate,county,2,male,85+,0.17749154369653333,0.061791645313683856,0.46978677155950743
qualifying_event_rate,county,2,male,0-17,0.012521991803071501,0.006989243249975437,0.01936725955859238
qualifying_event_rate,county,2,male,18-44,0.026985502822888717,0.01631667616635228,0.041141007799816595
qualifying_event_rate,county,2,male,45-64,0.03688037345870855,0.02272057792968244,0.055747690274463926
qualifying_event_rate,county,2,male,65-74,0.05058039962099505,0.030796400141986906,0.07666155474830626
qualifying_event_rate,county,2,male,75-84,0.05126952760836632,0.02797732787827095,0.08077285282642463
qualifying_event_rate,county,2,male,85+,0.043181718335302266,0.010682811848553308,0.08523903069860732
person_years_exposure,county,2,female,0-17,4905.293201851058,3925.8249692010227,6407.051297767901
person_years_exposure,county,2,female,18-44,6476.163701388614,5178.005792986978,8434.554088078441
person_years_exposure,county,2,female,45-64,5825.3144088582,4645.506852462367,7615.5677111005325
person_years_exposure,county,2,female,65-74,1677.8977873385552,1280.9180409257558,2231.0230152927334
person_years_exposure,county,2,female,75-84,633.3430067644603,397.03438103577884,879.6506873426641
person_years_exposure,county,2,female,85+,63.26670316007705,25.942580662310075,101.24146194505447
person_years_exposure,county,2,female,18-64,12301.478110246815,9806.478178571822,16047.090581888262
person_years_exposure,county,2,female,65+,2374.507497263093,1731.5000013066779,3196.433082189907
mortality_rate,county,2,female,0-17,0.0007990212679378605,0.0,0.0019324795972738584
mortality_rate,county,2,female,18-44,0.0018208298510075604,0.000470693109660086,0.0040188938767495835
mortality_rate,county,2,female,45-64,0.01157025799714919,0.004043909452432676,0.025272277492889433
mortality_rate,county,2,female,65-74,0.05142260707472693,0.018314463797025286,0.11404632471069918
mortality_rate,county,2,female,75-84,0.137846186097725,0.05231003533386506,0.34659940097947395
mortality_rate,county,2,female,85+,0.17983381908984816,0.059435335261161466,0.4876622154593818
qualifying_event_rate,county,2,female,0-17,0.013861978787902152,0.007853085142645813,0.021654663477472226
qualifying_event_rate,county,2,female,18-44,0.024554286373413257,0.01480362775164573,0.037165407603772974
qualifying_event_rate,county,2,female,45-64,0.03276228071866562,0.01968309514461611,0.04948301521935974
qualifying_event_rate,county,2,female,65-74,0.04782392166511568,0.028388850560477387,0.07350365261689099
qualifying_event_rate,county,2,female,75-84,0.05866487046087064,0.0330434184047969,0.09282180223973473
qualifying_event_rate,county,2,female,85+,0.053369137133560465,0.002746451672294871,0.11577977716694286
person_years_exposure,county,3,male,0-17,4341.181723725,3640.484656066887,4963.194870206051
person_years_exposure,county,3,male,18-44,6233.148973274186,5223.837816953393,7113.9633060013775
person_years_exposure,county,3,male,45-64,5381.5882477292635,4530.326581194536,6154.811183124899
person_years_exposure,county,3,male,65-74,1529.693057669202,1250.0884833207315,1802.0170634029807
person_years_exposure,county,3,male,75-84,503.06347084911334,339.59701462454524,640.067941300687
person_years_exposure,county,3,male,85+,57.7570287557299,30.43809031778449,85.45751407257978
person_years_exposure,county,3,male,18-64,11614.737221003448,9754.996226881785,13256.592872626483
person_years_exposure,county,3,male,65+,2090.5135572740455,1646.9962631800954,2519.148972951219
mortality_rate,county,3,male,0-17,0.0005141304224958508,0.0,0.0013751429848316708
mortality_rate,county,3,male,18-44,0.0015982936372074049,0.00034029254990402896,0.0036326410591066877
mortality_rate,county,3,male,45-64,0.010312214758053316,0.003463376945478788,0.022601253945626242
mortality_rate,county,3,male,65-74,0.052851945648879295,0.01832862502755946,0.11875822637617268
mortality_rate,county,3,male,75-84,0.126201368813154,0.046140511754682936,0.3095298287347005
mortality_rate,county,3,male,85+,0.19022382390863407,0.06493651634736869,0.4883815459236112
qualifying_event_rate,county,3,male,0-17,0.017378418111696877,0.009996619923533751,0.027138573620388948
qualifying_event_rate,county,3,male,18-44,0.02891788925495029,0.017313966601058568,0.0438889645239381
qualifying_event_rate,county,3,male,45-64,0.03600746375045758,0.02209431274761579,0.05442930564328083
qualifying_event_rate,county,3,male,65-74,0.047569732685212966,0.027604755781487834,0.07294554005115489
qualifying_event_rate,county,3,male,75-84,0.049509433265188765,0.026336989939366492,0.08053453724427406
qualifying_event_rate,county,3,male,85+,0.031052248568062882,0.0,0.07804765140176852
person_years_exposure,county,3,female,0-17,4308.94240712686,3610.8142205039717,4926.391033898186
person_years_exposure,county,3,female,18-44,6109.859168366332,5123.269573082553,6968.924863329126
person_years_exposure,county,3,female,45-64,5317.952607964487,4478.962723784269,6097.660190235329
person_years_exposure,county,3,female,65-74,1592.1047981370284,1312.5624777599717,1866.560340547119
person_years_exposure,county,3,female,75-84,536.0702792635796,363.0600769785402,685.809629868654
person_years_exposure,county,3,female,85+,59.63764957048196,29.131367258390082,88.46963732628136
person_years_exposure,county,3,female,18-64,11427.811776330818,9605.279255748843,13067.83666176684
person_years_exposure,county,3,female,65+,2187.81272697109,1730.196669061127,2626.7419117505306
mortality_rate,county,3,female,0-17,0.0007837081134838613,0.0,0.0019970805721046697
mortality_rate,county,3,female,18-44,0.0014054193109652295,0.00031259997664442516,0.0032014055361188135
mortality_rate,county,3,female,45-64,0.011629148711504085,0.004011993187122361,0.025185119996922193
mortality_rate,county,3,female,65-74,0.04929737576443045,0.016990499354549465,0.11036706761393054
mortality_rate,county,3,female,75-84,0.12762970942876686,0.04600976962119488,0.3140141831976826
mortality_rate,county,3,female,85+,0.1935071804522808,0.0666276814485128,0.5143592891592718
qualifying_event_rate,county,3,female,0-17,0.015460557614686324,0.00886975443134953,0.024396741874337106
qualifying_event_rate,county,3,female,18-44,0.030158415570201897,0.018597129773230272,0.04596914771527231
qualifying_event_rate,county,3,female,45-64,0.03527289610720101,0.0213746772843586,0.053512559244332625
qualifying_event_rate,county,3,female,65-74,0.04867279314193138,0.02874953243818434,0.07452579211515932
qualifying_event_rate,county,3,female,75-84,0.055366749877539735,0.031067765943494488,0.08896758888408425
qualifying_event_rate,county,3,female,85+,0.0435276455807375,0.0,0.09515394924908299
person_years_exposure,county,4,male,0-17,911.7114283443381,648.03009670083,1395.499321634564
person_years_exposure,county,4,male,18-44,1343.1900957242601,956.2156384179565,2071.999391912891
person_years_exposure,county,4,male,45-64,1280.9481888104976,918.8267720644685,1971.220537609352
person_years_exposure,county,4,male,65-74,347.2542554988114,241.67901103925814,528.9969869663635
person_years_exposure,county,4,male,75-84,156.30412962002723,92.74125507744348,247.07762744191237
person_years_exposure,county,4,male,85+,19.0567264325463,7.891073655505386,32.431149169774685
person_years_exposure,county,4,male,18-64,2624.138284534758,1874.6524736657811,4045.540087923166
person_years_exposure,county,4,male,65+,522.6151115513849,349.2438216629133,800.0147878287669
mortality_rate,county,4,male,0-17,0.0005286032167274553,0.0,0.002270488316406607
mortality_rate,county,4,male,18-44,0.0017692691833530747,0.0,0.0047365829134969764
mortality_rate,county,4,male,45-64,0.012701016529300979,0.003572935393646566,0.02823310472248469
mortality_rate,county,4,male,65-74,0.054275196018365224,0.01627615220450479,0.12631496862278738
mortality_rate,county,4,male,75-84,0.1272959230278646,0.04380568830731412,0.31422914444017774
mortality_rate,county,4,male,85+,0.17253674513583891,0.03908932881494953,0.5340953986556625
qualifying_event_rate,county,4,male,0-17,0.008991610340058001,0.002845808810546315,0.01576449363941013
qualifying_event_rate,county,4,male,18-44,0.014380610650176743,0.006846700840388834,0.02403028002970058
qualifying_event_rate,county,4,male,45-64,0.019360912148457057,0.009683148591685115,0.03182648558930622
qualifying_event_rate,county,4,male,65-74,0.03381058164474342,0.013983233299770784,0.058427584550989946
qualifying_event_rate,county,4,male,75-84,0.034430580939396556,0.009547614799633466,0.06721446513777835
qualifying_event_rate,county,4,male,85+,0.03878401477849492,0.0,0.13234638216040467
person_years_exposure,county,4,female,0-17,984.1948213462201,701.3141504715671,1509.0122157675842
person_years_exposure,county,4,female,18-44,1235.3160058037913,880.696884803593,1900.5002293842658
person_years_exposure,county,4,female,45-64,1304.400412328863,933.9243041892911,2003.79743616031
person_years_exposure,county,4,female,65-74,421.0519350185566,296.8675535732429,634.7757586933778
person_years_exposure,county,4,female,75-84,133.8987830600532,79.75570821058193,209.34881307786847
person_years_exposure,county,4,female,85+,5.169191939033452,1.2561396233510895,9.848480238453664
person_years_exposure,county,4,female,18-64,2539.7164181326543,1815.0279919688978,3907.5892326220214
person_years_exposure,county,4,female,65+,560.1199100176433,385.87293866585156,851.1257953864497
mortality_rate,county,4,female,0-17,0.0008052069077807321,0.0,0.0027928278305913903
mortality_rate,county,4,female,18-44,0.002715888447156477,0.0,0.006930644863016459
mortality_rate,county,4,female,45-64,0.01158862784358652,0.0031625865059786112,0.02620471093421525
mortality_rate,county,4,female,65-74,0.048137979774353405,0.014641584861100024,0.11122324815647851
mortality_rate,county,4,female,75-84,0.122478121382109,0.040096693547703684,0.30061188254514737
mortality_rate,county,4,female,85+,0.19015276146616114,0.0,1.0404322229263783
qualifying_event_rate,county,4,female,0-17,0.010158605448994622,0.004098856136849208,0.018096631874011466
qualifying_event_rate,county,4,female,18-44,0.016388327144040083,0.0076658337221665,0.02745533999207522
qualifying_event_rate,county,4,female,45-64,0.01902626743995,0.009575095792529735,0.03144706759809089
qualifying_event_rate,county,4,female,65-74,0.03330215367798492,0.015596205529788137,0.05692847537827995
qualifying_event_rate,county,4,female,75-84,0.042854140163338016,0.01218222312900937,0.08120606123775725
qualifying_event_rate,county,4,female,85+,0.04640716962702268,0.0,0.24953485143493428
person_years_exposure,county,5,male,0-17,716.5609289526836,505.31224827129427,1193.0250585367778
person_years_exposure,county,5,male,18-44,1135.0179402001486,799.997309396782,1894.4975607082501
person_years_exposure,county,5,male,45-64,1281.5065818893424,902.6226683641211,2127.133736391234
person_years_exposure,county,5,male,65-74,381.7976995410755,255.69850870127124,637.0111918285381
person_years_exposure,county,5,male,75-84,93.794552104553,54.38323152424413,158.65817492077386
person_years_exposure,county,5,male,85+,22.40754002917596,10.010019445583184,40.23941286133723
person_years_exposure,county,5,male,18-64,2416.5245220894913,1705.5726558235424,4021.0381169481066
person_years_exposure,county,5,male,65+,497.99979167480444,328.3937696386776,830.2547418955056
mortality_rate,county,5,male,0-17,0.0005218689889749515,0.0,0.0021145593927494877
mortality_rate,county,5,male,18-44,0.0014968420719092908,0.0,0.0044046681184163146
mortality_rate,county,5,male,45-64,0.012507022794701492,0.0033608252828699415,0.028100319266158406
mortality_rate,county,5,male,65-74,0.05302983615656276,0.015550620262807993,0.12059298290002447
mortality_rate,county,5,male,75-84,0.11480755437981356,0.03099763756674237,0.29052138657987553
mortality_rate,county,5,male,85+,0.15969896222071517,0.030831107773433647,0.4663751255822969
qualifying_event_rate,county,5,male,0-17,0.030282402585196162,0.015392732792725688,0.04866771885933679
qualifying_event_rate,county,5,male,18-44,0.04067845218999045,0.023115438712067705,0.06329261509231897
qualifying_event_rate,county,5,male,45-64,0.04486444381775512,0.026461458552273946,0.06852656338907899
qualifying_event_rate,county,5,male,65-74,0.07025833805146818,0.04009772098205989,0.1081078135080025
qualifying_event_rate,county,5,male,75-84,0.08746078321088228,0.038336042900779736,0.14716092707439135
qualifying_event_rate,county,5,male,85+,0.04074349716623448,0.0,0.12159542868535879
person_years_exposure,county,5,female,0-17,825.4461612972123,583.9745807552596,1374.9421333780326
person_years_exposure,county,5,female,18-44,885.916140690219,625.3858480577697,1484.7069959396936
person_years_exposure,county,5,female,45-64,1213.6257638104432,853.3833350615184,2029.996111422915
person_years_exposure,county,5,female,65-74,354.4462243967439,238.3838999247906,591.5555947334426
person_years_exposure,county,5,female,75-84,105.08311764794249,59.17151672755089,179.3894732199632
person_years_exposure,county,5,female,85+,23.679671694798905,10.386701256416877,41.86943800689722
person_years_exposure,county,5,female,18-64,2099.541904500662,1476.7404661763508,3507.303128653275
person_years_exposure,county,5,female,65+,483.2090137394853,317.62484042635685,809.7179439380742
mortality_rate,county,5,female,0-17,0.0008346575174173347,0.0,0.0031485337843227966
mortality_rate,county,5,female,18-44,0.0035164511683618937,0.0,0.00912514546524599
mortality_rate,county,5,female,45-64,0.012018710670794954,0.00315226961403657,0.027908727174633063
mortality_rate,county,5,female,65-74,0.05075272099373108,0.01405455634662784,0.12033755316025024
mortality_rate,county,5,female,75-84,0.1381072567611095,0.04212392243058102,0.33942761952808603
mortality_rate,county,5,female,85+,0.1715878915482188,0.03667626295705084,0.4949776609842076
qualifying_event_rate,county,5,female,0-17,0.027039493791918116,0.013659844824988002,0.04422738806559556
qualifying_event_rate,county,5,female,18-44,0.04605784176114397,0.02563422483569645,0.07189666984239515
qualifying_event_rate,county,5,female,45-64,0.055540804260788806,0.03332633550006591,0.08450447714456485
qualifying_event_rate,county,5,female,65-74,0.06158138199057255,0.03280399963315372,0.09816737039173573
qualifying_event_rate,county,5,female,75-84,0.07459639512316005,0.029029357450147338,0.13030603251349665
qualifying_event_rate,county,5,female,85+,0.05350468418370458,0.0,0.14821293052597115
person_years_exposure,county,6,male,0-17,1227.9140466979634,971.2597377624511,1702.7985003747006
person_years_exposure,county,6,male,18-44,1574.4842302599452,1248.6712112200694,2183.5404181012927
person_years_exposure,county,6,male,45-64,1704.9460158318677,1347.4449386591414,2345.0017206368216
person_years_exposure,county,6,male,65-74,518.5039416311039,390.936181565525,696.9928094301422
person_years_exposure,county,6,male,75-84,210.4287028116946,132.58527488712855,298.74225336707576
person_years_exposure,county,6,male,85+,33.30304852135366,15.025866454545477,53.01813693663904
person_years_exposure,county,6,male,18-64,3279.430246091813,2595.1123123188627,4523.364509763864
person_years_exposure,county,6,male,65+,762.2356929641521,546.150825961419,1043.3169907733934
mortality_rate,county,6,male,0-17,0.000505016771465058,0.0,0.001861574859036791
mortality_rate,county,6,male,18-44,0.002304512105625188,0.0,0.005825960495105655
mortality_rate,county,6,male,45-64,0.011917303648518384,0.003620001971633328,0.02568314919780363
mortality_rate,county,6,male,65-74,0.05159059314585094,0.016727611174480215,0.11974114292233244
mortality_rate,county,6,male,75-84,0.12592379793165784,0.04428454686301956,0.3085530916839877
mortality_rate,county,6,male,85+,0.18638313375171447,0.04903651860964485,0.5263503801946428
qualifying_event_rate,county,6,male,0-17,0.004698246578629654,0.0010376639772609517,0.009291663847376005
qualifying_event_rate,county,6,male,18-44,0.010315781829307844,0.004733598911331107,0.017473639828636558
qualifying_event_rate,county,6,male,45-64,0.014357928028328864,0.007446359933836341,0.023738550082865826
qualifying_event_rate,county,6,male,65-74,0.020026441900971463,0.008139227977610148,0.03495196654128046
qualifying_event_rate,county,6,male,75-84,0.020654349216070914,0.004708657550379852,0.04112644786289835
qualifying_event_rate,county,6,male,85+,0.016695991701031195,0.0,0.06554599519520593
person_years_exposure,county,6,female,0-17,1471.1807932848226,1163.1461271907417,2049.8902457015583
person_years_exposure,county,6,female,18-44,1819.5084387505726,1443.226832742089,2524.4061496954473
person_years_exposure,county,6,female,45-64,1660.5214792361642,1312.545901918849,2288.847764136363
person_years_exposure,county,6,female,65-74,548.9102002746598,415.7036258868322,746.1363837247969
person_years_exposure,county,6,female,75-84,192.3562451601428,119.3182311721996,275.19396045329904
person_years_exposure,county,6,female,85+,18.79339809120584,7.920388387656141,30.066830248301656
person_years_exposure,county,6,female,18-64,3480.029917986737,2753.2470426175623,4811.943988973113
person_years_exposure,county,6,female,65+,760.0598435260084,550.1803043009944,1037.5721962428784
mortality_rate,county,6,female,0-17,0.0008008846205948418,0.0,0.0024756142782965123
mortality_rate,county,6,female,18-44,0.0017542620101513918,0.0,0.004383847497183304
mortality_rate,county,6,female,45-64,0.011596566438338318,0.0034214004047280542,0.025131303227900036
mortality_rate,county,6,female,65-74,0.05133911089108233,0.016621133296275337,0.11667076619689971
mortality_rate,county,6,female,75-84,0.12902964289549682,0.04282111999354977,0.3089174340757329
mortality_rate,county,6,female,85+,0.1695419667814653,0.03616329391018535,0.5218740050363461
qualifying_event_rate,county,6,female,0-17,0.005226483073207598,0.0016868050733823275,0.009718449609282668
qualifying_event_rate,county,6,female,18-44,0.009354453900850117,0.0043675858826889204,0.015578974704274594
qualifying_event_rate,county,6,female,45-64,0.012625751785453568,0.006313815226443618,0.020468080850641973
qualifying_event_rate,county,6,female,65-74,0.01903274091057603,0.007771861791589145,0.033130652400663846
qualifying_event_rate,county,6,female,75-84,0.023083727472613606,0.004899920310600855,0.04621639538021553
qualifying_event_rate,county,6,female,85+,0.02048120309444254,0.0,0.09547749595161072
person_years_exposure,county,7,male,0-17,2295.965311253926,1638.3586519108696,3310.7946288534417
person_years_exposure,county,7,male,18-44,3261.3696228733547,2338.6024255202096,4690.177283920439
person_years_exposure,county,7,male,45-64,3376.4746169201476,2410.5595538222683,4921.839146706695
person_years_exposure,county,7,male,65-74,1014.6206980874156,689.0120197561981,1530.3096311661702
person_years_exposure,county,7,male,75-84,322.5911454339884,192.1001929826035,504.690012601058
person_years_exposure,county,7,male,85+,43.31315625251268,18.146138752951536,76.41832214169669
person_years_exposure,county,7,male,18-64,6637.844239793502,4733.066029616983,9618.454044393538
person_years_exposure,county,7,male,65+,1380.5249997739168,915.8308543662118,2072.5184270042696
mortality_rate,county,7,male,0-17,0.0005303971412507628,0.0,0.0016967343342774558
mortality_rate,county,7,male,18-44,0.0018681640359831714,0.00032960964250489794,0.004357168071616152
mortality_rate,county,7,male,45-64,0.012655494822060015,0.0039150732411955885,0.027020657515781043
mortality_rate,county,7,male,65-74,0.052368322569162296,0.01780340807413718,0.1191961294381754
mortality_rate,county,7,male,75-84,0.12706840037761735,0.04330072408275821,0.30524489501219143
mortality_rate,county,7,male,85+,0.18543055682097742,0.05392983468949148,0.5197688867572581
qualifying_event_rate,county,7,male,0-17,0.011242335235741408,0.005533526037289787,0.018571803737197416
qualifying_event_rate,county,7,male,18-44,0.017646948770419973,0.009989467883638876,0.02790278544338741
qualifying_event_rate,county,7,male,45-64,0.023497835094750355,0.01324164104668203,0.03670271684909645
qualifying_event_rate,county,7,male,65-74,0.04079611051009112,0.02291077279697867,0.06348266603245405
qualifying_event_rate,county,7,male,75-84,0.04150374956025349,0.018738205554263844,0.07020770645228507
qualifying_event_rate,county,7,male,85+,0.05012774462115864,0.0,0.12287324936815598
person_years_exposure,county,7,female,0-17,2313.4571865309113,1654.654234201384,3348.973754782942
person_years_exposure,county,7,female,18-44,3146.6815375684246,2253.8444520840612,4558.817363111289
person_years_exposure,county,7,female,45-64,3279.1193344364915,2344.4403063872887,4801.522282758856
person_years_exposure,county,7,female,65-74,956.7685011218629,657.4677075061778,1433.1855172649698
person_years_exposure,county,7,female,75-84,277.27110814589025,163.96613646618982,434.7625427914663
person_years_exposure,county,7,female,85+,41.38709404637057,16.99511230938461,72.46225655896768
person_years_exposure,county,7,female,18-64,6425.8008720049165,4585.388768379389,9356.252481337086
person_years_exposure,county,7,female,65+,1275.4267033141236,851.2243479238914,1920.0248332065823
mortality_rate,county,7,female,0-17,0.000807098359490238,0.0,0.002219013017786547
mortality_rate,county,7,female,18-44,0.0026745685969554503,0.0005717640522250312,0.006065448491363726
mortality_rate,county,7,female,45-64,0.011486923269894653,0.0037846752919062547,0.024673207155140608
mortality_rate,county,7,female,65-74,0.048285042144501994,0.016299051770602015,0.105951060065543
mortality_rate,county,7,female,75-84,0.1340666395978887,0.047632100487520014,0.32753636567250966
mortality_rate,county,7,female,85+,0.19059639356486663,0.057240183487135415,0.5357781750310929
qualifying_event_rate,county,7,female,0-17,0.012489551627310365,0.006582192427886877,0.020257255199786474
qualifying_event_rate,county,7,female,18-44,0.020150351258693657,0.011589278090434377,0.031209746724280545
qualifying_event_rate,county,7,female,45-64,0.02301554028010678,0.013016633137249389,0.03535044838551905
qualifying_event_rate,county,7,female,65-74,0.04044426706761048,0.022372519582931627,0.06398072142406082
qualifying_event_rate,county,7,female,75-84,0.05340866851250971,0.025272280519795264,0.09005480376778974
qualifying_event_rate,county,7,female,85+,0.05995764688885841,0.0,0.1356798391783053
person_years_exposure,county,8,male,0-17,1204.1928280490515,891.3314410485508,1740.017468677368
person_years_exposure,county,8,male,18-44,1712.373342409277,1267.8785543531978,2476.311584883482
person_years_exposure,county,8,male,45-64,1777.4716168279833,1306.4590192161913,2572.606317692952
person_years_exposure,county,8,male,65-74,417.6429980321888,292.0566366245905,620.79619718395
person_years_exposure,county,8,male,75-84,128.22830283736184,78.21732101909029,195.7983033829792
person_years_exposure,county,8,male,85+,8.768042980742663,2.244887469093076,17.164181040376548
person_years_exposure,county,8,male,18-64,3489.8449592372604,2577.5971833058443,5038.6404392489885
person_years_exposure,county,8,male,65+,554.6393438502932,378.63847363068254,829.7096496313404
mortality_rate,county,8,male,0-17,0.000514965023089093,0.0,0.0019810206523202967
mortality_rate,county,8,male,18-44,0.0017776177876123826,0.0,0.004522010743088876
mortality_rate,county,8,male,45-64,0.01269881168849877,0.0036861198163295355,0.027615907981636646
mortality_rate,county,8,male,65-74,0.05447135589602801,0.017223116337780644,0.123861593272707
mortality_rate,county,8,male,75-84,0.1210316610622745,0.037064068598295974,0.29198968824562277
mortality_rate,county,8,male,85+,0.22938497405454783,0.04901777370259129,0.888070754285553
qualifying_event_rate,county,8,male,0-17,0.008466917044979016,0.0032278708945109496,0.014827695054849103
qualifying_event_rate,county,8,male,18-44,0.013165847186918864,0.006643934698762818,0.021547857582267193
qualifying_event_rate,county,8,male,45-64,0.017825640653009824,0.00934881583214376,0.02869877931664053
qualifying_event_rate,county,8,male,65-74,0.03165924293814975,0.014254180307544882,0.053754590853015774
qualifying_event_rate,county,8,male,75-84,0.03140548035517529,0.007647878240996219,0.06534072081618608
qualifying_event_rate,county,8,male,85+,0.04104566899162539,0.0,0.19898931872206407
person_years_exposure,county,8,female,0-17,1266.3677444439693,937.1568983676816,1832.6099546888872
person_years_exposure,county,8,female,18-44,1751.9081676063151,1297.3714489701604,2533.8010651634067
person_years_exposure,county,8,female,45-64,1507.59161468483,1112.7596617490253,2182.269215606761
person_years_exposure,county,8,female,65-74,488.7971014873361,346.9109767824196,723.7152644334697
person_years_exposure,county,8,female,75-84,115.84158614696733,70.62151186518946,175.89796427171007
person_years_exposure,county,8,female,85+,33.74923307368489,15.974617252864608,56.563111729790705
person_years_exposure,county,8,female,18-64,3259.499782291145,2412.6676707928655,4715.7140491057935
person_years_exposure,county,8,female,65+,638.3879207079883,433.2429806431287,949.0847709138253
mortality_rate,county,8,female,0-17,0.0008205061322500967,0.0,0.0028165699938129986
mortality_rate,county,8,female,18-44,0.0026759326589905334,0.0,0.006456945736901702
mortality_rate,county,8,female,45-64,0.011842408415579025,0.0031817126142907964,0.026057562860004862
mortality_rate,county,8,female,65-74,0.04961956094077796,0.014881553778179452,0.11451082037253059
mortality_rate,county,8,female,75-84,0.12849405969663233,0.04261095209587098,0.3079860133686721
mortality_rate,county,8,female,85+,0.19145561622115978,0.04989868229870613,0.5357698809138275
qualifying_event_rate,county,8,female,0-17,0.009507152116020033,0.0039009332341781683,0.016267524686290998
qualifying_event_rate,county,8,female,18-44,0.015171645990730965,0.00785124155014265,0.024980507253604973
qualifying_event_rate,county,8,female,45-64,0.01776393650501211,0.009209495767583103,0.028986319446632262
qualifying_event_rate,county,8,female,65-74,0.031211244717705134,0.014539164646223481,0.05208506880246764
qualifying_event_rate,county,8,female,75-84,0.04013398169280039,0.009775596334964705,0.08043205965522496
qualifying_event_rate,county,8,female,85+,0.045850456553398984,0.0,0.11790478227530365
person_years_exposure,county,9,male,0-17,213.27994251943431,162.43065435228863,337.3393841047567
person_years_exposure,county,9,male,18-44,279.1732780083352,214.99015029048775,439.76700864816104
person_years_exposure,county,9,male,45-64,206.13324596042358,157.34898946882342,328.703244089347
person_years_exposure,county,9,male,65-74,66.64606665848986,46.84374980172553,105.57514604714363
person_years_exposure,county,9,male,75-84,21.619943906834948,12.486646061656263,34.79667333789426
person_years_exposure,county,9,male,85+,0.5613456492137088,0.0057778434079412055,1.380076637229036
person_years_exposure,county,9,male,18-64,485.3065239687588,372.9144930825705,765.767397395416
person_years_exposure,county,9,male,65+,88.82735621453851,61.93659080438196,141.5746283731701
mortality_rate,county,9,male,0-17,0.0005124549544168424,0.0,0.005038548161473747
mortality_rate,county,9,male,18-44,0.0021288664004263033,0.0,0.008254460276832081
mortality_rate,county,9,male,45-64,0.013066405183002106,0.0,0.03516616927708975
mortality_rate,county,9,male,65-74,0.05230244754549586,0.0,0.14139828746121327
mortality_rate,county,9,male,75-84,0.10397840429193224,0.0,0.32172352245427505
mortality_rate,county,9,male,85+,0.10427045515055407,0.0,1.4149894492610857
qualifying_event_rate,county,9,male,0-17,0.011819011674714707,0.0,0.02588635513059904
qualifying_event_rate,county,9,male,18-44,0.025028897801336446,0.00862586886361087,0.04498374725971633
qualifying_event_rate,county,9,male,45-64,0.034799283992494094,0.012150005517070992,0.0625276019940078
qualifying_event_rate,county,9,male,65-74,0.04691424663720391,0.0,0.09038132520660173
qualifying_event_rate,county,9,male,75-84,0.04403037815265447,0.0,0.12297159915891663
qualifying_event_rate,county,9,male,85+,0.028105795034715532,0.0,0.028105795034715532
person_years_exposure,county,9,female,0-17,174.978478393689,132.5044570858449,277.18488889990806
person_years_exposure,county,9,female,18-44,216.49138725283936,166.35106493271599,341.3912781544302
person_years_exposure,county,9,female,45-64,216.6421500750365,166.03102782885253,346.0480242727589
person_years_exposure,county,9,female,65-74,78.6316126547899,56.457711439501374,122.64751847131582
person_years_exposure,county,9,female,75-84,25.731088098291146,13.559195233552794,43.103474457146845
person_years_exposure,county,9,female,85+,4.114011512459855,0.6458509935900418,7.544734722011766
person_years_exposure,county,9,female,18-64,433.13353732787584,333.04488276732536,686.5963328284093
person_years_exposure,county,9,female,65+,108.4767122655409,76.22570328688091,169.69719106350155
mortality_rate,county,9,female,0-17,0.0008437699481278971,0.0,0.006332564185899672
mortality_rate,county,9,female,18-44,0.0017925589771590038,0.0,0.008245132797727789
mortality_rate,county,9,female,45-64,0.011183229585899757,0.0,0.02947629392226481
mortality_rate,county,9,female,65-74,0.04724312721379692,0.0,0.12359397910274976
mortality_rate,county,9,female,75-84,0.12966162356816935,0.02406452454768895,0.3775371168771278
mortality_rate,county,9,female,85+,0.16792852160776284,0.0,1.7583298096598188
qualifying_event_rate,county,9,female,0-17,0.013415539381581113,0.0,0.03021174797484439
qualifying_event_rate,county,9,female,18-44,0.02256327272680922,0.005192276917681559,0.04351590182969833
qualifying_event_rate,county,9,female,45-64,0.030231522981927963,0.010354959392203461,0.05458464613413784
qualifying_event_rate,county,9,female,65-74,0.043578382731097466,0.010037306389103131,0.08916147363938552
qualifying_event_rate,county,9,female,75-84,0.05281307409999178,0.0,0.13414964890756736
qualifying_event_rate,county,9,female,85+,0.04754435114421995,0.0,0.25069490002477446
person_years_exposure,county,10,male,0-17,1153.9484637750609,768.017905210647,2155.4460110471728
person_years_exposure,county,10,male,18-44,1441.1482000189264,955.707732443834,2680.345211815485
person_years_exposure,county,10,male,45-64,1403.0345116545166,933.1780327416542,2596.004163916481
person_years_exposure,county,10,male,65-74,418.2893507414551,268.22960191374096,770.8820726263763
person_years_exposure,county,10,male,75-84,122.01801423708935,68.34419997051944,224.1223615053782
person_years_exposure,county,10,male,85+,15.802438085334925,5.783071463920327,30.355273601100663
person_years_exposure,county,10,male,18-64,2844.182711673443,1890.7160309976953,5257.050531675676
person_years_exposure,county,10,male,65+,556.1098030638793,353.905468400911,1021.254984938357
mortality_rate,county,10,male,0-17,0.0005234236408392485,0.0,0.0020630734972669268
mortality_rate,county,10,male,18-44,0.0015161928479814246,0.0,0.004112366721066021
mortality_rate,county,10,male,45-64,0.012156964410580394,0.0034136029908178244,0.02663619092951131
mortality_rate,county,10,male,65-74,0.051273001475592925,0.01556298401745193,0.11996464543657867
mortality_rate,county,10,male,75-84,0.12184785877329797,0.03385849202408404,0.3001047186768188
mortality_rate,county,10,male,85+,0.1671445732911361,0.0,0.5577460064939675
qualifying_event_rate,county,10,male,0-17,0.02652450357801802,0.013466490186536543,0.042021846187532935
qualifying_event_rate,county,10,male,18-44,0.03603633940278633,0.02043539574135126,0.05553488849084057
qualifying_event_rate,county,10,male,45-64,0.03942591870868533,0.02289773224729573,0.06007306993009504
qualifying_event_rate,county,10,male,65-74,0.06272271655979736,0.034702031326639085,0.0981417845957419
qualifying_event_rate,county,10,male,75-84,0.08058402740499886,0.034347075746295995,0.13538856464725574
qualifying_event_rate,county,10,male,85+,0.03465608777450318,0.0,0.125129105995186
person_years_exposure,county,10,female,0-17,1039.3281123619524,689.9694590104033,1935.2282579347757
person_years_exposure,county,10,female,18-44,1410.2807988690524,936.6939461179861,2608.8382787968785
person_years_exposure,county,10,female,45-64,1517.8086900058804,1011.2330294394907,2817.338889553615
person_years_exposure,county,10,female,65-74,357.79859859109484,230.34133655924745,654.6453668095857
person_years_exposure,county,10,female,75-84,110.53997228509544,59.65868449238898,209.73966813879068
person_years_exposure,county,10,female,85+,19.407715873882438,7.440877303547034,38.06227986830016
person_years_exposure,county,10,female,18-64,2928.0894888749326,1947.7441199267084,5440.461300935662
person_years_exposure,county,10,female,65+,487.7462867500727,306.68428180417385,900.1831726198
mortality_rate,county,10,female,0-17,0.000789741729764884,0.0,0.0027849501147124396
mortality_rate,county,10,female,18-44,0.003378510464952028,0.0,0.008457717208100565
mortality_rate,county,10,female,45-64,0.011881077795733358,0.0030335552562846687,0.026575555631026374
mortality_rate,county,10,female,65-74,0.05316296610834932,0.014530717812891655,0.12417803809892128
mortality_rate,county,10,female,75-84,0.12875073115461713,0.03684779222028657,0.3318640943351661
mortality_rate,county,10,female,85+,0.1570014091912163,0.034657380401164825,0.49410962798484437
qualifying_event_rate,county,10,female,0-17,0.023685204822187167,0.01178794518628008,0.038811133804847936
qualifying_event_rate,county,10,female,18-44,0.04066088577124302,0.023819144406304272,0.06269247720453786
qualifying_event_rate,county,10,female,45-64,0.04869980826583199,0.02923211596993814,0.07418887608042928
qualifying_event_rate,county,10,female,65-74,0.0558392244872872,0.028131301155546653,0.08989253794804318
qualifying_event_rate,county,10,female,75-84,0.06753684890187717,0.02599383264009222,0.1226799410317783
qualifying_event_rate,county,10,female,85+,0.0488381618107749,0.0,0.1463731689513895
person_years_exposure,county,11,male,0-17,217.3010288946747,165.85689881337086,271.415434475714
person_years_exposure,county,11,male,18-44,254.64641513084456,197.74626536292192,314.80884841549465
person_years_exposure,county,11,male,45-64,400.8936872937623,308.44895759181736,497.03018064120084
person_years_exposure,county,11,male,65-74,106.93006308259605,79.10186208406424,137.12836454735645
person_years_exposure,county,11,male,75-84,32.02441009287206,19.822709555364966,44.41788021097793
person_years_exposure,county,11,male,85+,7.95951782894845,2.4777476829647154,13.967974576819682
person_years_exposure,county,11,male,18-64,655.5401024246069,507.3801407879426,810.5468897509803
person_years_exposure,county,11,male,65+,146.91399100441657,107.36081400007843,191.8010617632982
mortality_rate,county,11,male,0-17,0.0004892928947277176,0.0,0.004688697163935717
mortality_rate,county,11,male,18-44,0.0018650000534483695,0.0,0.008052491664281953
mortality_rate,county,11,male,45-64,0.013435811100067608,0.002282158881706157,0.03221220944463973
mortality_rate,county,11,male,65-74,0.04308645079964131,0.00711321065054261,0.11135980563416197
mortality_rate,county,11,male,75-84,0.11932297041218894,0.021877478349428457,0.3341548274481385
mortality_rate,county,11,male,85+,0.1726585873979028,0.0,0.7249031092112871
qualifying_event_rate,county,11,male,0-17,0.007356727875434528,0.0,0.018568641113003808
qualifying_event_rate,county,11,male,18-44,0.011782770107886373,0.0,0.025552756380357398
qualifying_event_rate,county,11,male,45-64,0.016016909733176404,0.005203712503026988,0.029137693725139163
qualifying_event_rate,county,11,male,65-74,0.02614319303317822,0.0,0.055353810831447706
qualifying_event_rate,county,11,male,75-84,0.026797780070462303,0.0,0.08005706034985734
qualifying_event_rate,county,11,male,85+,0.032140984358550284,0.0,0.1629767789953589
person_years_exposure,county,11,female,0-17,330.7278887028885,254.77346466684605,408.8650711963533
person_years_exposure,county,11,female,18-44,395.1149635584207,308.36665822668607,487.8327948782614
person_years_exposure,county,11,female,45-64,389.04878112284695,302.71625735858,484.1985541524559
person_years_exposure,county,11,female,65-74,105.3189836711043,78.9127684766413,134.54597230539412
person_years_exposure,county,11,female,75-84,45.60527889396638,28.377428365951875,63.887690841039294
person_years_exposure,county,11,female,85+,0.4691951516748438,0.007304518391615372,1.1807611051064457
person_years_exposure,county,11,female,18-64,784.1637446812676,612.4374267367077,972.571256402183
person_years_exposure,county,11,female,65+,151.39345771674553,110.78191630285995,196.89496939048115
mortality_rate,county,11,female,0-17,0.0007736250365927045,0.0,0.003703877656452968
mortality_rate,county,11,female,18-44,0.002530347648011417,0.0,0.008408375735170498
mortality_rate,county,11,female,45-64,0.01122572417026794,0.0012792905796467381,0.02723764058595912
mortality_rate,county,11,female,65-74,0.04426304957452306,0.0077617174078779385,0.11118878342587739
mortality_rate,county,11,female,75-84,0.11838046690821212,0.025432715276514802,0.31528796250106444
mortality_rate,county,11,female,85+,0.10498294054154694,0.0,1.5002453432319978
qualifying_event_rate,county,11,female,0-17,0.00840065877418741,0.0,0.01865153436436511
qualifying_event_rate,county,11,female,18-44,0.013400830717202637,0.0039033865563992526,0.025809878633000605
qualifying_event_rate,county,11,female,45-64,0.015693787996690703,0.004682690122730004,0.029407127728038492
qualifying_event_rate,county,11,female,65-74,0.02695886552650511,0.0,0.05804387299041919
qualifying_event_rate,county,11,female,75-84,0.035340228767733226,0.0,0.0920795368301149
qualifying_event_rate,county,11,female,85+,0.028996468828485722,0.0,0.028996468828485722
person_years_exposure,county,12,male,0-17,1246.4967916673304,918.3261381622436,1790.8366482752392
person_years_exposure,county,12,male,18-44,1553.2567447124081,1148.2155069426778,2221.920225244205
person_years_exposure,county,12,male,45-64,1499.9260381741797,1106.895502038458,2159.1440225288366
person_years_exposure,county,12,male,65-74,458.2427575160447,330.387487398582,666.9624200990015
person_years_exposure,county,12,male,75-84,150.1761888212889,93.67667161441446,221.76846069893617
person_years_exposure,county,12,male,85+,25.950921825922187,10.260068134376073,44.44237004444626
person_years_exposure,county,12,male,18-64,3053.182782886588,2258.4717201615567,4390.277358735052
person_years_exposure,county,12,male,65+,634.3698681632558,444.26640349115024,925.7456523964961
mortality_rate,county,12,male,0-17,0.00048691147687444724,0.0,0.001852607816635856
mortality_rate,county,12,male,18-44,0.0018041100438091755,0.0,0.004680485179319734
mortality_rate,county,12,male,45-64,0.012248976366937685,0.0035963077577320208,0.0271352826443419
mortality_rate,county,12,male,65-74,0.05206925523421656,0.0158371006798384,0.12140347241502238
mortality_rate,county,12,male,75-84,0.1273817390061024,0.04227476613680311,0.310595585389454
mortality_rate,county,12,male,85+,0.2010407428829856,0.056656062218542705,0.5740351875855181
qualifying_event_rate,county,12,male,0-17,0.006341209161418787,0.0021512250086146057,0.0116797890548054
qualifying_event_rate,county,12,male,18-44,0.009966225485816703,0.00435629998046864,0.01692477232614206
qualifying_event_rate,county,12,male,45-64,0.01336491680826605,0.006500538050523624,0.022241699852913452
qualifying_event_rate,county,12,male,65-74,0.02373122068387029,0.010029085784609449,0.04176629782764703
qualifying_event_rate,county,12,male,75-84,0.02426507147474898,0.0053459544283122355,0.0510794289313346
qualifying_event_rate,county,12,male,85+,0.03032889482874405,0.0,0.10309505082902204
person_years_exposure,county,12,female,0-17,999.2770155578182,737.369549749647,1437.8930605380378
person_years_exposure,county,12,female,18-44,1580.9379675464854,1168.1438442557828,2263.214604622039
person_years_exposure,county,12,female,45-64,1657.8781663129191,1228.495949137661,2381.146711583188
person_years_exposure,county,12,female,65-74,512.3776008452435,370.88281958685803,747.4243259839411
person_years_exposure,county,12,female,75-84,128.57347081278328,79.09002565966082,189.2705229509096
person_years_exposure,county,12,female,85+,20.39885771166111,7.540326845157081,34.20797658802407
person_years_exposure,county,12,female,18-64,3238.8161338594045,2395.4964637121147,4647.510140866704
person_years_exposure,county,12,female,65+,661.3499293696879,466.9162887752775,962.6411704168956
mortality_rate,county,12,female,0-17,0.000773508453327652,0.0,0.0028163560675016114
mortality_rate,county,12,female,18-44,0.0026310500089417287,0.0,0.006429297023158848
mortality_rate,county,12,female,45-64,0.011581185941546458,0.003311163739713006,0.025268907597916144
mortality_rate,county,12,female,65-74,0.04845582941979746,0.015959262857422576,0.11040884931068709
mortality_rate,county,12,female,75-84,0.13680550817751905,0.043041236607880555,0.3486630617035196
mortality_rate,county,12,female,85+,0.16070637332073606,0.0322559982100553,0.5252298002129836
qualifying_event_rate,county,12,female,0-17,0.007161916235264305,0.0023189694901645567,0.013520156847640854
qualifying_event_rate,county,12,female,18-44,0.011394487412517121,0.0056064341957813455,0.01864190290655901
qualifying_event_rate,county,12,female,45-64,0.013343309828639497,0.0065627121936499555,0.021860804803716778
qualifying_event_rate,county,12,female,65-74,0.023412603771536165,0.010273317347637131,0.04090061132576249
qualifying_event_rate,county,12,female,75-84,0.03196650050983486,0.007209172024131143,0.06678892474161294
qualifying_event_rate,county,12,female,85+,0.036255029006830655,0.0,0.11739981216147287
person_years_exposure,county,13,male,0-17,1738.182720071801,1338.6610976690333,2583.647108359776
person_years_exposure,county,13,male,18-44,2390.8970865392066,1846.7035779497483,3550.0065155113994
person_years_exposure,county,13,male,45-64,2227.5290249424393,1711.0387502033661,3322.280162564775
person_years_exposure,county,13,male,65-74,646.1287044000389,475.83225487564914,971.70070514499
person_years_exposure,county,13,male,75-84,247.1257572632875,151.85966604499905,379.411190095779
person_years_exposure,county,13,male,85+,24.220566871807144,10.688250349840319,40.34265601133693
person_years_exposure,county,13,male,18-64,4618.426111481645,3557.8831026183784,6874.8919423912275
person_years_exposure,county,13,male,65+,917.4750285351336,644.3665449616905,1385.0069392562739
mortality_rate,county,13,male,0-17,0.0005092985311771089,0.0,0.001768431827906479
mortality_rate,county,13,male,18-44,0.002252398874284082,0.0004096680055437099,0.005289182305225727
mortality_rate,county,13,male,45-64,0.012450516427935956,0.004001619006182496,0.026852157042957406
mortality_rate,county,13,male,65-74,0.05152688831522762,0.01703076368685393,0.115680986885875
mortality_rate,county,13,male,75-84,0.12402252904586177,0.04189951971346754,0.30704286138682946
mortality_rate,county,13,male,85+,0.14808938810438563,0.030741753897705625,0.44073685879476615
qualifying_event_rate,county,13,male,0-17,0.019827247451192232,0.010841960382113248,0.03122124753327506
qualifying_event_rate,county,13,male,18-44,0.04207574075726569,0.025308393859725872,0.06326575119696262
qualifying_event_rate,county,13,male,45-64,0.05711774970734118,0.03543323246791479,0.0848115746670132
qualifying_event_rate,county,13,male,65-74,0.07598946106715165,0.04535021578865576,0.1143563079736786
qualifying_event_rate,county,13,male,75-84,0.07662094210426072,0.040609692488539746,0.1240081475418959
qualifying_event_rate,county,13,male,85+,0.05581008270159378,0.0,0.1433554484412236
person_years_exposure,county,13,female,0-17,1749.805795946782,1347.5225167208218,2604.8260337956926
person_years_exposure,county,13,female,18-44,2398.199941632281,1847.4585475869424,3561.2547675614887
person_years_exposure,county,13,female,45-64,2177.799754080244,1674.9268143969487,3237.8508711998556
person_years_exposure,county,13,female,65-74,497.0350795807563,364.68296117004314,737.1526998406849
person_years_exposure,county,13,female,75-84,208.6640794980989,123.84660555548454,323.0335746349788
person_years_exposure,county,13,female,85+,32.48648568671574,13.827141623977012,53.87059855836124
person_years_exposure,county,13,female,18-64,4575.999695712525,3528.0286023606873,6801.986463133195
person_years_exposure,county,13,female,65+,738.1856447655709,512.826200533252,1106.4264545248536
mortality_rate,county,13,female,0-17,0.0008226359338472434,0.0,0.00230974751372859
mortality_rate,county,13,female,18-44,0.0017876363436495103,0.0,0.004258975883686111
mortality_rate,county,13,female,45-64,0.011929910903228386,0.00367610666676994,0.02581781570650227
mortality_rate,county,13,female,65-74,0.04994470538691438,0.016222245404981194,0.11305889626802984
mortality_rate,county,13,female,75-84,0.1373871940826273,0.047279443365044874,0.3394283424668093
mortality_rate,county,13,female,85+,0.1703948087521378,0.043989797920109985,0.48035616654355423
qualifying_event_rate,county,13,female,0-17,0.022096481147114645,0.012143041901398633,0.035144859645208706
qualifying_event_rate,county,13,female,18-44,0.0386221071680987,0.023277669316030904,0.05867663263138721
qualifying_event_rate,county,13,female,45-64,0.05072471034666103,0.03090395977430262,0.07577402679059997
qualifying_event_rate,county,13,female,65-74,0.07194315903167131,0.04170486112203143,0.10804934737204538
qualifying_event_rate,county,13,female,75-84,0.08701871773802998,0.046314978416937595,0.13902682077142953
qualifying_event_rate,county,13,female,85+,0.07662572622400914,0.0,0.17038063070061993
person_years_exposure,county,14,male,0-17,1256.6697014239924,990.6188087758975,1506.7831017647554
person_years_exposure,county,14,male,18-44,1618.7593780122663,1274.6133540246774,1944.4451790167375
person_years_exposure,county,14,male,45-64,1574.8538695077068,1244.6370614770437,1896.6407693469282
person_years_exposure,county,14,male,65-74,492.75143875462766,379.3939171921199,613.4665678492527
person_years_exposure,county,14,male,75-84,213.4442382513599,138.4023123076033,290.12849417174783
person_years_exposure,county,14,male,85+,34.320059071633985,16.091703484181576,53.422334391388645
person_years_exposure,county,14,male,18-64,3193.613247519973,2520.0706137870934,3840.350752812054
person_years_exposure,county,14,male,65+,740.5157360776216,549.3940223336865,950.7596231197432
mortality_rate,county,14,male,0-17,0.0005124997984913651,0.0,0.0018291819359887002
mortality_rate,county,14,male,18-44,0.0017329170841280793,0.0,0.004474327373356176
mortality_rate,county,14,male,45-64,0.012319781437762823,0.003718356164686254,0.026374369088281717
mortality_rate,county,14,male,65-74,0.052904685832624865,0.0160235721859055,0.1218928841052585
mortality_rate,county,14,male,75-84,0.13047917376500823,0.04285943761356329,0.32255341615354005
mortality_rate,county,14,male,85+,0.18157103285091053,0.04662210849730251,0.4992143958174795
qualifying_event_rate,county,14,male,0-17,0.013905102569075423,0.006475814202465184,0.023691158492536783
qualifying_event_rate,county,14,male,18-44,0.034956046940812446,0.02015265085376635,0.05447974874859178
qualifying_event_rate,county,14,male,45-64,0.047581287479616714,0.02881678330759896,0.07265401679217717
qualifying_event_rate,county,14,male,65-74,0.06937153611551866,0.03994020691034008,0.10635218157375756
qualifying_event_rate,county,14,male,75-84,0.08529843747357996,0.043477981560595874,0.13969838214138844
qualifying_event_rate,county,14,male,85+,0.04371744249933774,0.0,0.11353588280169064
person_years_exposure,county,14,female,0-17,1233.7009172754017,974.5787937573914,1481.6968901085777
person_years_exposure,county,14,female,18-44,1581.5028208216645,1245.9984406777692,1897.8778134370264
person_years_exposure,county,14,female,45-64,1832.9051674692519,1450.9262034437972,2206.784468014578
person_years_exposure,county,14,female,65-74,469.1555934094109,361.9771644765445,581.3376942418789
person_years_exposure,county,14,female,75-84,124.27438310979393,78.4199459474691,169.2714708734304
person_years_exposure,county,14,female,85+,13.546534540195212,6.158964547098262,21.95651611876763
person_years_exposure,county,14,female,18-64,3414.4079882909164,2699.259294997709,4104.874404925566
person_years_exposure,county,14,female,65+,606.9765110594001,456.80860734642306,764.2667178111029
mortality_rate,county,14,female,0-17,0.0008184849430363096,0.0,0.0027388666758019343
mortality_rate,county,14,female,18-44,0.001612575668644716,0.0,0.004242644304441478
mortality_rate,county,14,female,45-64,0.01169937650721896,0.003507585578276093,0.02520111493159622
mortality_rate,county,14,female,65-74,0.049307542464363426,0.015559268468159637,0.11337339672099188
mortality_rate,county,14,female,75-84,0.14032268525997701,0.047005115764555815,0.3448192769209067
mortality_rate,county,14,female,85+,0.1660074619806775,0.03175468677485992,0.5527178742102065
qualifying_event_rate,county,14,female,0-17,0.017104673009284425,0.008195697931160569,0.028618513862340583
qualifying_event_rate,county,14,female,18-44,0.037108137913080146,0.020929966977844928,0.056656198784397815
qualifying_event_rate,county,14,female,45-64,0.046802034785408,0.027617936833478938,0.07115429749043804
qualifying_event_rate,county,14,female,65-74,0.07112236627916506,0.04050418006402426,0.10771764411405077
qualifying_event_rate,county,14,female,75-84,0.06142657021696635,0.021731788312472945,0.1102153286552932
qualifying_event_rate,county,14,female,85+,0.04646344929028349,0.0,0.1554252231441259
person_years_exposure,county,15,male,0-17,504.99599314099135,411.7640012611148,650.6572547299492
person_years_exposure,county,15,male,18-44,488.19190568516916,401.26808802966457,626.3247405747827
person_years_exposure,county,15,male,45-64,554.906829338632,454.77067062434907,715.8076557229398
person_years_exposure,county,15,male,65-74,172.79387610204526,132.43573057002686,225.9051854141952
person_years_exposure,county,15,male,75-84,44.79361005830697,28.113469668581264,62.42587078556974
person_years_exposure,county,15,male,85+,4.33861944880813,0.8612269526032669,8.276558737274657
person_years_exposure,county,15,male,18-64,1043.098735023801,855.7690439908445,1341.4644174554746
person_years_exposure,county,15,male,65+,221.92610560916035,166.24761236800956,291.4601010242208
mortality_rate,county,15,male,0-17,0.0005053528946745285,0.0,0.0023041874134286278
mortality_rate,county,15,male,18-44,0.0023519984919688056,0.0,0.007228851149636169
mortality_rate,county,15,male,45-64,0.012291340625100015,0.001911901851828934,0.029122042467626143
mortality_rate,county,15,male,65-74,0.04925848842836212,0.010776119117188981,0.11795135552166339
mortality_rate,county,15,male,75-84,0.1229935186781304,0.02391835686833,0.32936850777427956
mortality_rate,county,15,male,85+,0.22430714620991904,0.0,1.3908117049476805
qualifying_event_rate,county,15,male,0-17,0.005948121526761572,0.0,0.012867811659434687
qualifying_event_rate,county,15,male,18-44,0.013129712458818102,0.003927869235387577,0.024585369120572395
qualifying_event_rate,county,15,male,45-64,0.018209230106359345,0.007305969422665569,0.031443617490973144
qualifying_event_rate,county,15,male,65-74,0.025049366752750494,0.005753534125254136,0.05040495912813904
qualifying_event_rate,county,15,male,75-84,0.025989282745845364,0.0,0.07382264613757751
qualifying_event_rate,county,15,male,85+,0.021649550531165077,0.0,0.17335126432683814
person_years_exposure,county,15,female,0-17,505.33588667465443,413.0020334899812,651.6601488359615
person_years_exposure,county,15,female,18-44,583.6095106152507,479.74218491293897,750.1985787899094
person_years_exposure,county,15,female,45-64,562.919440028732,462.6225137928391,724.6274087198858
person_years_exposure,county,15,female,65-74,100.25939181215517,76.40516638899508,131.88072510553076
person_years_exposure,county,15,female,75-84,59.77990054363131,37.127060013767334,83.2454643340602
person_years_exposure,county,15,female,85+,11.82483291500598,3.8660749240224304,19.467389199051183
person_years_exposure,county,15,female,18-64,1146.5289506439826,941.8703786534365,1474.3977481153545
person_years_exposure,county,15,female,65+,171.86412527079244,123.62257900473097,231.51181971242815
mortality_rate,county,15,female,0-17,0.0007923257293970489,0.0,0.0037917006048885657
mortality_rate,county,15,female,18-44,0.0019169157214125787,0.0,0.0062119442161287725
mortality_rate,county,15,female,45-64,0.010568095825952627,0.0017413536276781744,0.024803963148413398
mortality_rate,county,15,female,65-74,0.05565106079380518,0.009435147731230994,0.13805542340940388
mortality_rate,county,15,female,75-84,0.13569757955016934,0.03435266194769588,0.3530974805255998
mortality_rate,county,15,female,85+,0.15525373249295807,0.0,0.5917881625534991
qualifying_event_rate,county,15,female,0-17,0.006641042363592581,0.0,0.014383359563224823
qualifying_event_rate,county,15,female,18-44,0.012087830675616116,0.0037664304878997383,0.022009671111352002
qualifying_event_rate,county,15,female,45-64,0.01553811630755836,0.005727701314692807,0.027353207074328898
qualifying_event_rate,county,15,female,65-74,0.023709185143515676,0.0,0.052739466612358996
qualifying_event_rate,county,15,female,75-84,0.029188962847805564,0.0,0.0722960290705041
qualifying_event_rate,county,15,female,85+,0.026060729478457157,0.0,0.1325911498046803
person_years_exposure,county,16,male,0-17,454.88782526239874,364.1916407797204,594.4839091520705
person_years_exposure,county,16,male,18-44,676.4056016238034,543.7011360396152,876.6131463832869
person_years_exposure,county,16,male,45-64,595.8015533464695,476.069637642586,778.9129008895122
person_years_exposure,county,16,male,65-74,144.33222516572624,109.52036796267586,192.75821681886308
person_years_exposure,county,16,male,75-84,49.46680467774506,31.325194612416634,70.14109236645648
person_years_exposure,county,16,male,85+,22.45777629802382,10.480793527229343,34.514178911361746
person_years_exposure,county,16,male,18-64,1272.2071549702728,1021.4045334090611,1654.4083125280076
person_years_exposure,county,16,male,65+,216.25680614149513,156.20846499304284,295.0440105985764
mortality_rate,county,16,male,0-17,0.0004948421209562028,0.0,0.0025527744132979773
mortality_rate,county,16,male,18-44,0.002327323839350634,0.0,0.0065503996934642645
mortality_rate,county,16,male,45-64,0.011184301612891578,0.0018409955628278447,0.027078017652936583
mortality_rate,county,16,male,65-74,0.05311220400881216,0.011635052361361135,0.13168986194002766
mortality_rate,county,16,male,75-84,0.12719482855558095,0.03279907893459736,0.3173583066561269
mortality_rate,county,16,male,85+,0.16436419208137973,0.03356523772830318,0.4963298154619731
qualifying_event_rate,county,16,male,0-17,0.005580430570587817,0.0,0.01290173441532674
qualifying_event_rate,county,16,male,18-44,0.012283987666679264,0.004534151134484066,0.02201344900148611
qualifying_event_rate,county,16,male,45-64,0.01687559683738085,0.006823271871695196,0.029187622478627936
qualifying_event_rate,county,16,male,65-74,0.023281252362229284,0.0,0.04968097470596948
qualifying_event_rate,county,16,male,75-84,0.024155233426373848,0.0,0.06669424965722369
qualifying_event_rate,county,16,male,85+,0.018737249638888193,0.0,0.07967659187166652
person_years_exposure,county,16,female,0-17,473.2659051515591,379.51075134929715,616.4469413868462
person_years_exposure,county,16,female,18-44,616.946871828449,494.5163990000234,801.1763946420588
person_years_exposure,county,16,female,45-64,490.3180737995359,391.97214885757074,641.3550755009323
person_years_exposure,county,16,female,65-74,159.63262125025136,121.91621330092192,214.57963640891668
person_years_exposure,county,16,female,75-84,56.69606566097928,34.33556461382436,80.58800777664037
person_years_exposure,county,16,female,85+,7.52478348139445,1.7288150894277958,14.198249829535452
person_years_exposure,county,16,female,18-64,1107.264945627985,886.9466326144484,1440.2348976141452
person_years_exposure,county,16,female,65+,223.8534703926251,162.41745113702405,303.44066984542076
mortality_rate,county,16,female,0-17,0.0007912619152495733,0.0,0.0036142021344750357
mortality_rate,county,16,female,18-44,0.0018409076038168315,0.0,0.005599881309635724
mortality_rate,county,16,female,45-64,0.010836916053672409,0.0018750980577270755,0.025401042903754535
mortality_rate,county,16,female,65-74,0.05358667724899655,0.012081708177938352,0.128043120385051
mortality_rate,county,16,female,75-84,0.13963138574092035,0.03612801489401104,0.3499357014838811
mortality_rate,county,16,female,85+,0.2063068390472684,0.0,0.9369157707667272
qualifying_event_rate,county,16,female,0-17,0.006220445857303722,0.0,0.013333154177389681
qualifying_event_rate,county,16,female,18-44,0.010917626306567244,0.003479583217410508,0.020205598054778607
qualifying_event_rate,county,16,female,45-64,0.014715628355292967,0.004680338832866336,0.027103680976732103
qualifying_event_rate,county,16,female,65-74,0.021926493169109107,0.0049976289554458184,0.04528373695680588
qualifying_event_rate,county,16,female,75-84,0.027613785808655547,0.0,0.0724578803597812
qualifying_event_rate,county,16,female,85+,0.02537541235139274,0.0,0.15198402726636137
person_years_exposure,county,17,male,0-17,1359.249340639194,1078.9120583261092,1676.8617044630005
person_years_exposure,county,17,male,18-44,1710.9936823294167,1353.9197208796386,2096.3859234156325
person_years_exposure,county,17,male,45-64,1581.6940367607322,1255.6226566350633,1955.5758296348413
person_years_exposure,county,17,male,65-74,379.8491603279665,294.6904907239345,482.8728898202647
person_years_exposure,county,17,male,75-84,161.49090599899662,102.85418985977336,220.37261438061662
person_years_exposure,county,17,male,85+,21.775686860401972,10.552949619536346,33.71278776113785
person_years_exposure,county,17,male,18-64,3292.6877190901487,2612.6861077609583,4041.035244866828
person_years_exposure,county,17,male,65+,563.115753187365,415.78771630374064,728.979066406561
mortality_rate,county,17,male,0-17,0.0005172891970426499,0.0,0.0018618209640681538
mortality_rate,county,17,male,18-44,0.0017054234507910971,0.0,0.004271402777320977
mortality_rate,county,17,male,45-64,0.012392147584776563,0.003772593562642339,0.02695077671531418
mortality_rate,county,17,male,65-74,0.055215302181745717,0.01725143346754349,0.12308601775705766
mortality_rate,county,17,male,75-84,0.12096882585866535,0.03694842256271751,0.30681377485452516
mortality_rate,county,17,male,85+,0.1873566783794277,0.03638299478531778,0.5510317677058434
qualifying_event_rate,county,17,male,0-17,0.01218431596200875,0.00550997452441813,0.020313455031635654
qualifying_event_rate,county,17,male,18-44,0.030668864355685457,0.01707418982210784,0.04776928871848953
qualifying_event_rate,county,17,male,45-64,0.042034854511495925,0.024517631239476822,0.06374397896484038
qualifying_event_rate,county,17,male,65-74,0.06279124583065795,0.033939360646768994,0.09945586443134323
qualifying_event_rate,county,17,male,75-84,0.07321398832958068,0.03503181247824929,0.1211054055778128
qualifying_event_rate,county,17,male,85+,0.04187517047595515,0.0,0.1252353661215679
person_years_exposure,county,17,female,0-17,1518.7071257837067,1203.3504368094705,1869.4874674914556
person_years_exposure,county,17,female,18-44,1793.1618701694517,1420.1123525747757,2198.885375226363
person_years_exposure,county,17,female,45-64,1645.0758446231996,1309.1998951780613,2025.4108018784939
person_years_exposure,county,17,female,65-74,437.8845773566325,342.28619347154694,550.6792829327792
person_years_exposure,county,17,female,75-84,115.26584039228474,74.55417595025055,158.45924994896956
person_years_exposure,county,17,female,85+,17.08559060381179,5.757948624085475,28.823798001831992
person_years_exposure,county,17,female,18-64,3438.2377147926513,2733.863179198956,4223.0920570939115
person_years_exposure,county,17,female,65+,570.236008352729,433.1893070825575,729.5293280920528
mortality_rate,county,17,female,0-17,0.0007931679672131577,0.0,0.002454940674522991
mortality_rate,county,17,female,18-44,0.0016776515446236425,0.0,0.004185778064803263
mortality_rate,county,17,female,45-64,0.011373312056493948,0.0032410799190235517,0.02481797115741415
mortality_rate,county,17,female,65-74,0.04876223469902471,0.015105105357942699,0.11447056727708349
mortality_rate,county,17,female,75-84,0.146173519849335,0.04630789733296983,0.3485679361073334
mortality_rate,county,17,female,85+,0.17167520762613003,0.03429256799177939,0.5474524558673604
qualifying_event_rate,county,17,female,0-17,0.014806873758425116,0.007363344671350797,0.024172382386770084
qualifying_event_rate,county,17,female,18-44,0.03315605883642317,0.01894406957026542,0.05075739105660425
qualifying_event_rate,county,17,female,45-64,0.041278491944274916,0.024459544743537367,0.06261732031587833
qualifying_event_rate,county,17,female,65-74,0.06280954083643654,0.03465550420340264,0.09841303092842443
qualifying_event_rate,county,17,female,75-84,0.05540533479761833,0.02102984854261421,0.10122068303283208
qualifying_event_rate,county,17,female,85+,0.04282977697718994,0.0,0.14143560092067148
person_years_exposure,state,0,male,0-17,8178.894630174237,6476.077996315976,9988.481072207896
person_years_exposure,state,0,male,18-44,10860.912944835765,8622.938420744456,13260.591806191362
person_years_exposure,state,0,male,45-64,9619.025529117163,7657.577039539489,11787.677452937294
person_years_exposure,state,0,male,65-74,2558.7220320267065,1992.092922715812,3241.6567676608784
person_years_exposure,state,0,male,75-84,979.1577789102629,653.0507572786014,1327.4899227864464
person_years_exposure,state,0,male,85+,117.74723239165768,60.440736276196304,179.2082624035162
person_years_exposure,state,0,male,18-64,20479.938473952927,16281.537473608101,25041.02422904437
person_years_exposure,state,0,male,65+,3655.627043328627,2746.1430379360554,4722.965600387213
mortality_rate,state,0,male,0-17,0.0005142571065755859,0.0,0.0012754973465061022
mortality_rate,state,0,male,18-44,0.0016848333301208232,0.00045092842617102145,0.003643955531939704
mortality_rate,state,0,male,45-64,0.012088164943062779,0.004160420422116013,0.02583066375462599
mortality_rate,state,0,male,65-74,0.053985981259544936,0.018855272556721453,0.11743260835348596
mortality_rate,state,0,male,75-84,0.12852622362921268,0.04696345669712635,0.309323305425524
mortality_rate,state,0,male,85+,0.1827372720979637,0.06572568908464466,0.44753664533933285
qualifying_event_rate,state,0,male,0-17,0.01085330847505477,0.006220406667752871,0.017146211197917167
qualifying_event_rate,state,0,male,18-44,0.027081874443191257,0.016759959479059117,0.04106361686466451
qualifying_event_rate,state,0,male,45-64,0.037538868443180204,0.02345458170625102,0.05678048832925853
qualifying_event_rate,state,0,male,65-74,0.05619067328715687,0.03523287342902929,0.08449582535863613
qualifying_event_rate,state,0,male,75-84,0.06921002001722452,0.042030861533165896,0.10770196824965533
qualifying_event_rate,state,0,male,85+,0.038236814625176044,0.009346629271059073,0.07728981689158197
person_years_exposure,state,0,female,0-17,8441.074875805065,6686.32770472149,10309.023047529701
person_years_exposure,state,0,female,18-44,11150.429264443044,8853.180396416037,13635.279900896996
person_years_exposure,state,0,female,45-64,10085.521673832787,8023.867672367342,12357.661656071246
person_years_exposure,state,0,female,65-74,2802.0185849864456,2190.8085427278124,3533.459110757779
person_years_exposure,state,0,female,75-84,723.8388727615895,473.69048305409484,992.9219856215421
person_years_exposure,state,0,female,85+,74.89958874788515,35.17445133118705,117.8864984882986
person_years_exposure,state,0,female,18-64,21235.950938275833,16876.782485809534,25921.95346805556
person_years_exposure,state,0,female,65+,3600.75704649592,2748.315374097803,4613.600104216199
mortality_rate,state,0,female,0-17,0.0008081066881721531,0.00012408533531825926,0.0018854330459639743
mortality_rate,state,0,female,18-44,0.0015865683328590353,0.0004657429936045302,0.0035300513652374616
mortality_rate,state,0,female,45-64,0.011623736392006452,0.0038830349246001396,0.02477017372890727
mortality_rate,state,0,female,65-74,0.05009738782737393,0.017464907905831665,0.1090181691426196
mortality_rate,state,0,female,75-84,0.14973647019044334,0.056473413136791495,0.3615615003162558
mortality_rate,state,0,female,85+,0.17509336432401965,0.06285221700869206,0.43971521368521993
qualifying_event_rate,state,0,female,0-17,0.013173990084781007,0.007750301836696258,0.020677970041464596
qualifying_event_rate,state,0,female,18-44,0.029025051335923632,0.017607058545897218,0.04415472945850937
qualifying_event_rate,state,0,female,45-64,0.037295786286734856,0.023254651117701558,0.05670760272923026
qualifying_event_rate,state,0,female,65-74,0.05701758751460357,0.035499014949878366,0.0848664798506785
qualifying_event_rate,state,0,female,75-84,0.05007552141699,0.028123721026154215,0.0797358618480201
qualifying_event_rate,state,0,female,85+,0.0405165278646852,0.0,0.0871775835835514
person_years_exposure,state,1,male,0-17,5161.057087162603,4694.865679461587,5648.664939619601
person_years_exposure,state,1,male,18-44,7071.329547369287,6431.028990617395,7731.632659227966
person_years_exposure,state,1,male,45-64,5771.6356133584395,5249.5143097430655,6333.829857554335
person_years_exposure,state,1,male,65-74,1691.1299624483104,1438.3522405092356,1909.3433140294533
person_years_exposure,state,1,male,75-84,606.2496952440247,412.6224951674325,752.2597763651427
person_years_exposure,state,1,male,85+,107.87312232723825,56.35346531152813,151.60352330192106
person_years_exposure,state,1,male,18-64,12842.965160727726,11679.40115605256,14055.558047389763
person_years_exposure,state,1,male,65+,2405.2527800195735,1932.486142657534,2797.933574370399
mortality_rate,state,1,male,0-17,0.0005052108184359347,0.0,0.001339910696458308
mortality_rate,state,1,male,18-44,0.000930529129058616,0.00014798813655033112,0.0021096904968198405
mortality_rate,state,1,male,45-64,0.012140967809075752,0.004216132375050048,0.026150793170312783
mortality_rate,state,1,male,65-74,0.05235414533447436,0.01861044897634531,0.11599865875670778
mortality_rate,state,1,male,75-84,0.12987491133570486,0.048006722562194945,0.31804860293100157
mortality_rate,state,1,male,85+,0.17131465743514313,0.06050097777952856,0.44104085489842487
qualifying_event_rate,state,1,male,0-17,0.024567058656041044,0.014789385683024667,0.038043711715343015
qualifying_event_rate,state,1,male,18-44,0.03902035386720894,0.02439706559892516,0.05851919901217738
qualifying_event_rate,state,1,male,45-64,0.05166404380520818,0.03278598170912553,0.07642753875013657
qualifying_event_rate,state,1,male,65-74,0.07082710063148741,0.04435142816983404,0.10509014728581026
qualifying_event_rate,state,1,male,75-84,0.08437221696290417,0.051747807980017865,0.12858611281357865
qualifying_event_rate,state,1,male,85+,0.06748771752545235,0.026481038602282556,0.12518790120734713
person_years_exposure,state,1,female,0-17,5287.889932213518,4810.248272710276,5786.086217313967
person_years_exposure,state,1,female,18-44,7338.236343999404,6684.116263075363,8017.18057406103
person_years_exposure,state,1,female,45-64,5926.9022063882685,5393.96061180712,6503.067760209381
person_years_exposure,state,1,female,65-74,1644.6524219167618,1399.9323603347473,1858.4772357296006
person_years_exposure,state,1,female,75-84,548.3134396127963,355.7696553595835,691.0688923524749
person_years_exposure,state,1,female,85+,67.01818052459318,30.434156768097786,100.4635356633117
person_years_exposure,state,1,female,18-64,13265.138550387674,12083.232269405726,14511.74530227211
person_years_exposure,state,1,female,65+,2259.9840420541514,1810.241855709114,2627.7283632019708
mortality_rate,state,1,female,0-17,0.0007813770692028017,0.0,0.0019233375580977546
mortality_rate,state,1,female,18-44,0.001219599180471793,0.00027549270027865316,0.002731343101402552
mortality_rate,state,1,female,45-64,0.011418159782239654,0.0038421989368828628,0.02386733953048278
mortality_rate,state,1,female,65-74,0.04893315224012913,0.01729707247340209,0.10971053090847531
mortality_rate,state,1,female,75-84,0.14688710483467576,0.053156082678653974,0.35629660881096636
mortality_rate,state,1,female,85+,0.19447888429073584,0.06681624030885183,0.5309415878912097
qualifying_event_rate,state,1,female,0-17,0.02474883976456333,0.014943253627811875,0.03771478710549921
qualifying_event_rate,state,1,female,18-44,0.04261124766112131,0.026662590165129098,0.06332692298885982
qualifying_event_rate,state,1,female,45-64,0.05044093620635747,0.03165177414427136,0.07485939843833452
qualifying_event_rate,state,1,female,65-74,0.0714110090967562,0.044924371147757866,0.1056643821704827
qualifying_event_rate,state,1,female,75-84,0.07032629966021509,0.04106077941037027,0.11175546244948356
qualifying_event_rate,state,1,female,85+,0.05796699208418521,0.013330649547622383,0.12083668299391023
person_years_exposure,state,2,male,0-17,8885.324629625025,7175.08848514638,11627.162625236166
person_years_exposure,state,2,male,18-44,11896.124028030388,9575.12060611637,15442.913677287415
person_years_exposure,state,2,male,45-64,11543.675405666154,9312.224327115076,15238.642226283047
person_years_exposure,state,2,male,65-74,3204.3834128374406,2494.7340716794706,4202.391183684588
person_years_exposure,state,2,male,75-84,1141.9933176759266,747.6792668999915,1560.2401535289232
person_years_exposure,state,2,male,85+,183.15640234287878,93.18354709699241,267.9878367521357
person_years_exposure,state,2,male,18-64,23439.799433696542,18815.7308951954,30680.95109372679
person_years_exposure,state,2,male,65+,4529.533132856246,3367.1662348792365,6007.255641947756
mortality_rate,state,2,male,0-17,0.0005041720040502013,9.208762867718654e-05,0.0012503399356136142
mortality_rate,state,2,male,18-44,0.002275423253856475,0.0007463908278525295,0.004887005064268243
mortality_rate,state,2,male,45-64,0.012080804909726258,0.004397160375320006,0.02599285993898973
mortality_rate,state,2,male,65-74,0.05187133024444478,0.018472760955415717,0.11619042547774401
mortality_rate,state,2,male,75-84,0.12381365503600192,0.046409329326998656,0.29947177623931115
mortality_rate,state,2,male,85+,0.17449509806041427,0.06594427551774872,0.43234969416370167
qualifying_event_rate,state,2,male,0-17,0.012123991833872775,0.00701965857566821,0.018659745213513303
qualifying_event_rate,state,2,male,18-44,0.026361626454290417,0.016016843972804548,0.03988164829423614
qualifying_event_rate,state,2,male,45-64,0.03549183698939134,0.021915279214145832,0.053029480458512815
qualifying_event_rate,state,2,male,65-74,0.04807729371886797,0.030208218872207943,0.07217505999746873
qualifying_event_rate,state,2,male,75-84,0.048811119439962226,0.02868163575437587,0.07504897559134857
qualifying_event_rate,state,2,male,85+,0.03648230528948989,0.01264047311513429,0.0681045483878493
person_years_exposure,state,2,female,0-17,9279.860061302556,7481.289226478188,12309.7482137261
person_years_exposure,state,2,female,18-44,12110.919851468027,9750.460755864493,16061.563235147865
person_years_exposure,state,2,female,45-64,10933.515306077916,8826.809032496541,14446.943673163183
person_years_exposure,state,2,female,65-74,3062.3666929111687,2385.7999827390877,3983.8828132539775
person_years_exposure,state,2,female,75-84,1176.5703857256028,759.9520776291969,1597.3286656652065
person_years_exposure,state,2,female,85+,138.01021484685882,65.80468432159041,207.22622467032403
person_years_exposure,state,2,female,18-64,23044.435157545944,18558.14562132211,30537.725083937337
person_years_exposure,state,2,female,65+,4376.94729348363,3258.804504512891,5754.750552167797
mortality_rate,state,2,female,0-17,0.0008038528850756783,0.00012465983169743962,0.0018536612963563931
mortality_rate,state,2,female,18-44,0.0018094036106064814,0.0005669367608536682,0.003919122817637448
mortality_rate,state,2,female,45-64,0.011553738488336738,0.004108079385410197,0.02438301362094442
mortality_rate,state,2,female,65-74,0.051311698822119035,0.01831460427527429,0.11403375880792883
mortality_rate,state,2,female,75-84,0.1361212406922922,0.05250638446072589,0.3297912359244724
mortality_rate,state,2,female,85+,0.17519293539049477,0.06854330304140743,0.43021443223153927
qualifying_event_rate,state,2,female,0-17,0.013254298495142347,0.007752318606317263,0.020619048222215136
qualifying_event_rate,state,2,female,18-44,0.023725410387811008,0.014343444955224901,0.03550850307678255
qualifying_event_rate,state,2,female,45-64,0.03153566245208856,0.01920281731719846,0.04697301666797845
qualifying_event_rate,state,2,female,65-74,0.0443294666934848,0.026973284371914368,0.06626182252347357
qualifying_event_rate,state,2,female,75-84,0.05475440328886582,0.03254985527721204,0.08421390902400029
qualifying_event_rate,state,2,female,85+,0.05032531533537191,0.018732316977874447,0.09446370129752253
person_years_exposure,state,3,male,0-17,4341.181723725,3640.484656066887,4963.194870206051
person_years_exposure,state,3,male,18-44,6233.148973274186,5223.837816953393,7113.9633060013775
person_years_exposure,state,3,male,45-64,5381.5882477292635,4530.326581194536,6154.811183124899
person_years_exposure,state,3,male,65-74,1529.693057669202,1250.0884833207315,1802.0170634029807
person_years_exposure,state,3,male,75-84,503.06347084911334,339.59701462454524,640.067941300687
person_years_exposure,state,3,male,85+,57.7570287557299,30.43809031778449,85.45751407257978
person_years_exposure,state,3,male,18-64,11614.737221003448,9754.996226881785,13256.592872626483
person_years_exposure,state,3,male,65+,2090.5135572740455,1646.9962631800954,2519.148972951219
mortality_rate,state,3,male,0-17,0.0005141304224958508,0.0,0.0013751429848316708
mortality_rate,state,3,male,18-44,0.0015982936372074049,0.00034029254990402896,0.0036326410591066877
mortality_rate,state,3,male,45-64,0.010312214758053316,0.003463376945478788,0.022601253945626242
mortality_rate,state,3,male,65-74,0.052851945648879295,0.01832862502755946,0.11875822637617268
mortality_rate,state,3,male,75-84,0.126201368813154,0.046140511754682936,0.3095298287347005
mortality_rate,state,3,male,85+,0.19022382390863407,0.06493651634736869,0.4883815459236112
qualifying_event_rate,state,3,male,0-17,0.017378418111696877,0.009996619923533751,0.027138573620388948
qualifying_event_rate,state,3,male,18-44,0.02891788925495029,0.017313966601058568,0.0438889645239381
qualifying_event_rate,state,3,male,45-64,0.03600746375045758,0.02209431274761579,0.05442930564328083
qualifying_event_rate,state,3,male,65-74,0.047569732685212966,0.027604755781487834,0.07294554005115489
qualifying_event_rate,state,3,male,75-84,0.049509433265188765,0.026336989939366492,0.08053453724427406
qualifying_event_rate,state,3,male,85+,0.031052248568062882,0.0,0.07804765140176852
person_years_exposure,state,3,female,0-17,4308.94240712686,3610.8142205039717,4926.391033898186
person_years_exposure,state,3,female,18-44,6109.859168366332,5123.269573082553,6968.924863329126
person_years_exposure,state,3,female,45-64,5317.952607964487,4478.962723784269,6097.660190235329
person_years_exposure,state,3,female,65-74,1592.1047981370284,1312.5624777599717,1866.560340547119
person_years_exposure,state,3,female,75-84,536.0702792635796,363.0600769785402,685.809629868654
person_years_exposure,state,3,female,85+,59.63764957048196,29.131367258390082,88.46963732628136
person_years_exposure,state,3,female,18-64,11427.811776330818,9605.279255748843,13067.83666176684
person_years_exposure,state,3,female,65+,2187.81272697109,1730.196669061127,2626.7419117505306
mortality_rate,state,3,female,0-17,0.0007837081134838613,0.0,0.0019970805721046697
mortality_rate,state,3,female,18-44,0.0014054193109652295,0.00031259997664442516,0.0032014055361188135
mortality_rate,state,3,female,45-64,0.011629148711504085,0.004011993187122361,0.025185119996922193
mortality_rate,state,3,female,65-74,0.04929737576443045,0.016990499354549465,0.11036706761393054
mortality_rate,state,3,female,75-84,0.12762970942876686,0.04600976962119488,0.3140141831976826
mortality_rate,state,3,female,85+,0.1935071804522808,0.0666276814485128,0.5143592891592718
qualifying_event_rate,state,3,female,0-17,0.015460557614686324,0.00886975443134953,0.024396741874337106
qualifying_event_rate,state,3,female,18-44,0.030158415570201897,0.018597129773230272,0.04596914771527231
qualifying_event_rate,state,3,female,45-64,0.03527289610720101,0.0213746772843586,0.053512559244332625
qualifying_event_rate,state,3,female,65-74,0.04867279314193138,0.02874953243818434,0.07452579211515932
qualifying_event_rate,state,3,female,75-84,0.055366749877539735,0.031067765943494488,0.08896758888408425
qualifying_event_rate,state,3,female,85+,0.0435276455807375,0.0,0.09515394924908299
person_years_exposure,state,4,male,0-17,5875.667388209308,4307.791149625581,7942.180039907589
person_years_exposure,state,4,male,18-44,8124.836220850158,5980.796085046648,10914.487252308409
person_years_exposure,state,4,male,45-64,8335.714148026573,6116.285767627562,11317.103765000118
person_years_exposure,state,4,male,65-74,2344.6907722170554,1683.9033526378137,3253.1095543333136
person_years_exposure,state,4,male,75-84,789.3241768055375,511.1409715753657,1123.55517045296
person_years_exposure,state,4,male,85+,105.04836532067233,49.28959679187344,169.7080302356716
person_years_exposure,state,4,male,18-64,16460.55036887673,12053.273473020234,22191.137490197423
person_years_exposure,state,4,male,65+,3239.0633143432656,2279.373017478347,4510.55509095059
mortality_rate,state,4,male,0-17,0.000516210578570473,0.0,0.001344498591465411
mortality_rate,state,4,male,18-44,0.0018203868808301768,0.0005074068533695646,0.003948877217575777
mortality_rate,state,4,male,45-64,0.012636106165736894,0.004352279280096281,0.026660085569525083
mortality_rate,state,4,male,65-74,0.05254358256263715,0.01880349955307894,0.11892490524438504
mortality_rate,state,4,male,75-84,0.1258781353896798,0.04660835397573677,0.29429814802189735
mortality_rate,state,4,male,85+,0.18964880787169894,0.07245324799917761,0.4737341259766677
qualifying_event_rate,state,4,male,0-17,0.009140831886715845,0.004943897071863061,0.014625111720677254
qualifying_event_rate,state,4,male,18-44,0.014510385947972472,0.008578410280368584,0.022497593183041124
qualifying_event_rate,state,4,male,45-64,0.019469502102821182,0.011457346245519123,0.029916737417108315
qualifying_event_rate,state,4,male,65-74,0.03413066740058545,0.019889865976076372,0.05236070828757906
qualifying_event_rate,state,4,male,75-84,0.03458613760802469,0.01863485069287356,0.055924498091596705
qualifying_event_rate,state,4,male,85+,0.04105791545148621,0.009219947392839442,0.08396511790715022
person_years_exposure,state,4,female,0-17,5894.024656581795,4324.612755397548,7956.038784458613
person_years_exposure,state,4,female,18-44,8109.958642083441,5953.196283197461,10988.260077736582
person_years_exposure,state,4,female,45-64,8138.038308885949,5958.69244423183,11033.347773813824
person_years_exposure,state,4,female,65-74,2484.3141221441074,1773.4864124991554,3457.78898568486
person_years_exposure,state,4,female,75-84,701.190227059661,447.37477991874266,997.5484319900711
person_years_exposure,state,4,female,85+,101.17357192242508,49.86199787719819,159.69262253806687
person_years_exposure,state,4,female,18-64,16247.996950969391,11903.27593269891,21984.96227680752
person_years_exposure,state,4,female,65+,3286.6779211261937,2326.661763618679,4585.8765457570835
mortality_rate,state,4,female,0-17,0.0008020901400914241,0.0001064384486627486,0.001910294198288495
mortality_rate,state,4,female,18-44,0.002665647311097748,0.0007777884166284774,0.005661286137891831
mortality_rate,state,4,female,45-64,0.011575795639263838,0.004074419405657278,0.024768389347620063
mortality_rate,state,4,female,65-74,0.048387405781322924,0.017447706532026146,0.10667619427719108
mortality_rate,state,4,female,75-84,0.13041506072049927,0.05057269395775106,0.3061592292310428
mortality_rate,state,4,female,85+,0.18443681266865847,0.06614987851880282,0.46092487833107054
qualifying_event_rate,state,4,female,0-17,0.010326850427811018,0.005865941779456698,0.016199358110639526
qualifying_event_rate,state,4,female,18-44,0.01646613553076978,0.00970317888261852,0.025292647251462533
qualifying_event_rate,state,4,female,45-64,0.019082801182011406,0.011200502476139467,0.029246064100702223
qualifying_event_rate,state,4,female,65-74,0.03333277233725401,0.01947103059668797,0.05196371822028106
qualifying_event_rate,state,4,female,75-84,0.04409320856733763,0.024169886173904254,0.07007266189791003
qualifying_event_rate,state,4,female,85+,0.04963691770194918,0.014673024225718385,0.09791699409898523
person_years_exposure,state,5,male,0-17,1870.5093927277464,1296.9271052355298,2910.192093204742
person_years_exposure,state,5,male,18-44,2576.166140219078,1800.808520916618,3954.594524591763
person_years_exposure,state,5,male,45-64,2684.5410935438504,1873.1850190362943,4134.211770611588
person_years_exposure,state,5,male,65-74,800.0870502825301,546.3522632567514,1252.439859101366
person_years_exposure,state,5,male,75-84,215.81256634164245,130.92550063141542,349.71118065618293
person_years_exposure,state,5,male,85+,38.20997811451083,18.149416541358228,64.72818269771598
person_years_exposure,state,5,male,18-64,5260.707233762929,3666.3070937287207,8088.424007883067
person_years_exposure,state,5,male,65+,1054.1095947386834,707.8697780003515,1661.9151344131114
mortality_rate,state,5,male,0-17,0.0005228280796576737,0.0,0.0016987915846462364
mortality_rate,state,5,male,18-44,0.001507667202971276,0.0,0.003827209948419915
mortality_rate,state,5,male,45-64,0.012324070112324241,0.0037844339218041224,0.02649974343105673
mortality_rate,state,5,male,65-74,0.05211135455158813,0.017022565701306544,0.1171024107737201
mortality_rate,state,5,male,75-84,0.1187880638389231,0.038345999479117876,0.2840957850630005
mortality_rate,state,5,male,85+,0.1627782313999649,0.04118142145773356,0.4380445025137718
qualifying_event_rate,state,5,male,0-17,0.02796409196712899,0.015845312086079998,0.04326200264349086
qualifying_event_rate,state,5,male,18-44,0.03808158066717972,0.02268009958715234,0.0582973144575746
qualifying_event_rate,state,5,male,45-64,0.04202208150902575,0.02558607862369595,0.06420156192519658
qualifying_event_rate,state,5,male,65-74,0.06631867896053398,0.039984204234713244,0.09904972213371101
qualifying_event_rate,state,5,male,75-84,0.08357274229625379,0.04404819853938222,0.13072982874428585
qualifying_event_rate,state,5,male,85+,0.03822593723137583,0.0,0.09524505867849081
person_years_exposure,state,5,female,0-17,1864.7742736591645,1300.8230294488524,2858.632777499847
person_years_exposure,state,5,female,18-44,2296.196939559273,1596.2340159366736,3568.4731185293404
person_years_exposure,state,5,female,45-64,2731.434453816322,1908.3963813320777,4204.486400726895
person_years_exposure,state,5,female,65-74,712.244822987838,487.9680584274729,1104.0087164261788
person_years_exposure,state,5,female,75-84,215.62308993303745,124.87885537998315,350.4668264082912
person_years_exposure,state,5,female,85+,43.08738756868144,19.877620675369258,74.28580550342693
person_years_exposure,state,5,female,18-64,5027.631393375595,3502.690812654157,7734.531737202597
person_years_exposure,state,5,female,65+,970.955300489557,645.4081137326607,1525.2333996485836
mortality_rate,state,5,female,0-17,0.0008096237953977418,0.0,0.002304463078852759
mortality_rate,state,5,female,18-44,0.0034317305932013123,0.0005797436773708719,0.007994290363723587
mortality_rate,state,5,female,45-64,0.011942230573127923,0.003599177514332639,0.02629547893158749
mortality_rate,state,5,female,65-74,0.051963515788495354,0.016343093145179132,0.12021727950515053
mortality_rate,state,5,female,75-84,0.13331059940151233,0.0434912746104156,0.3318217187572883
mortality_rate,state,5,female,85+,0.1650177483773692,0.04849077615126433,0.43580624737381
qualifying_event_rate,state,5,female,0-17,0.025169987722217704,0.013993902422832775,0.0399550468765117
qualifying_event_rate,state,5,female,18-44,0.04274313330832303,0.025902406851900657,0.06584256626808245
qualifying_event_rate,state,5,female,45-64,0.051739386600945896,0.03218606649596063,0.0778063774918093
qualifying_event_rate,state,5,female,65-74,0.05869678972502811,0.03406006684426415,0.09066575372687971
qualifying_event_rate,state,5,female,75-84,0.0709772927167885,0.034346077692720904,0.11665668031172446
qualifying_event_rate,state,5,female,85+,0.0514027572523357,0.0,0.12016375964665711
