estimand,level,unit,sex,age_band,estimate,lower,upper
children_under_16,county,0,,,1626.0,1609.74,1642.26
children_under_16,county,1,,,1197.0,1185.03,1208.97
children_under_16,county,2,,,353.0,349.47,356.53
children_under_16,county,3,,,1016.0,1005.84,1026.16
children_under_16,county,4,,,1208.0,1195.92,1220.08
children_under_16,county,5,,,503.0,497.97,508.03
children_under_16,county,6,,,1277.0,1264.23,1289.77
children_under_16,county,7,,,993.0,983.07,1002.93
children_under_16,county,8,,,338.0,334.62,341.38
children_under_16,county,9,,,911.9999999999999,902.8799999999999,921.1199999999999
children_under_16,county,10,,,431.0,426.69,435.31
children_under_16,county,11,,,481.0,476.19,485.81
children_under_16,county,12,,,695.0,688.05,701.95
children_under_16,county,13,,,706.0,698.94,713.06
children_under_16,county,14,,,512.0,506.88,517.12
children_under_16,county,15,,,344.0,340.56,347.44
children_under_16,county,16,,,917.0000000000001,907.8300000000002,926.1700000000001
children_under_16,county,17,,,363.0,359.37,366.63
children_under_16,nation,0,,,13872.0,13733.28,14010.72
children_under_16,state,0,,,3244.0,3211.56,3276.44
children_under_16,state,1,,,1197.0,1185.03,1208.97
children_under_16,state,2,,,1392.0,1378.08,1405.92
children_under_16,state,3,,,1016.0,1005.84,1026.16
children_under_16,state,4,,,4326.0,4282.74,4369.26
children_under_16,state,5,,,2697.0,2670.03,2723.97
elders_65_plus,county,0,,,603.0,596.97,609.03
elders_65_plus,county,1,,,435.0,430.65,439.35
elders_65_plus,county,2,,,147.0,145.53,148.47
elders_65_plus,county,3,,,470.00000000000006,465.30000000000007,474.70000000000005
elders_65_plus,county,4,,,478.0,473.22,482.78
elders_65_plus,county,5,,,191.0,189.09,192.91
elders_65_plus,county,6,,,491.00000000000006,486.09000000000003,495.9100000000001
elders_65_plus,county,7,,,442.0,437.58,446.42
elders_65_plus,county,8,,,131.0,129.69,132.31
elders_65_plus,county,9,,,311.0,307.89,314.11
elders_65_plus,county,10,,,193.0,191.07,194.93
elders_65_plus,county,11,,,209.0,206.91,211.09
elders_65_plus,county,12,,,179.0,177.21,180.79
elders_65_plus,county,13,,,246.00000000000003,243.54000000000002,248.46000000000004
elders_65_plus,county,14,,,192.0,190.08,193.92
elders_65_plus,county,15,,,157.0,155.43,158.57
elders_65_plus,county,16,,,482.0,477.18,486.82
elders_65_plus,county,17,,,158.0,156.42,159.58
elders_65_plus,nation,0,,,5515.0,5459.85,5570.15
elders_65_plus,state,0,,,1160.0,1148.4,1171.6
elders_65_plus,state,1,,,435.0,430.65,439.35
elders_65_plus,state,2,,,483.0,478.17,487.83
elders_65_plus,state,3,,,470.00000000000006,465.30000000000007,474.70000000000005
elders_65_plus,state,4,,,1803.0,1784.97,1821.03
elders_65_plus,state,5,,,1164.0,1152.36,1175.64
households,county,0,,,2670.0,2643.3,2696.7
households,county,1,,,2122.0,2100.78,2143.22
households,county,2,,,806.0,797.94,814.06
households,county,3,,,2052.0,2031.48,2072.52
households,county,4,,,2604.0,2577.96,2630.04
households,county,5,,,898.0,889.02,906.98
households,county,6,,,2342.0,2318.58,2365.42
households,county,7,,,2037.0000000000002,2016.6300000000003,2057.3700000000003
households,county,8,,,765.0,757.35,772.65
households,county,9,,,1723.0,1705.77,1740.23
households,county,10,,,907.0,897.93,916.07
households,county,11,,,1016.0,1005.84,1026.16
households,county,12,,,1229.0,1216.71,1241.29
households,county,13,,,1325.0,1311.75,1338.25
households,county,14,,,1202.0,1189.98,1214.02
households,county,15,,,780.0,772.2,787.8
households,county,16,,,2070.0,2049.3,2090.7
households,county,17,,,878.9999999999999,870.2099999999999,887.7899999999998
households,nation,0,,,27427.0,27152.73,27701.27
households,state,0,,,5718.0,5660.82,5775.18
households,state,1,,,2122.0,2100.78,2143.22
households,state,2,,,2815.0,2786.85,2843.15
households,state,3,,,2052.0,2031.48,2072.52
households,state,4,,,9410.0,9315.9,9504.1
households,state,5,,,5310.0,5256.9,5363.1
low_income_household_share,county,0,,,0.0021453791841039285,0.0,0.012145379184103928
low_income_household_share,county,1,,,0.0023448586810920235,0.0,0.012344858681092023
low_income_household_share,county,2,,,0.0020475018184106047,0.0,0.012047501818410605
low_income_household_share,county,3,,,0.002110011242173985,0.0,0.012110011242173986
low_income_household_share,county,4,,,0.0021603859317541065,0.0,0.012160385931754107
low_income_household_share,county,5,,,0.0019963608672244142,0.0,0.011996360867224415
low_income_household_share,county,6,,,0.0019963608672244142,0.0,0.011996360867224415
low_income_household_share,county,7,,,0.0021603859317541065,0.0,0.012160385931754107
low_income_household_share,county,8,,,0.0021603859317541065,0.0,0.012160385931754107
low_income_household_share,county,9,,,0.0021453791841039285,0.0,0.012145379184103928
low_income_household_share,county,10,,,0.0021603859317541065,0.0,0.012160385931754107
low_income_household_share,county,11,,,0.0021603859317541065,0.0,0.012160385931754107
low_income_household_share,county,12,,,0.0020475018184106047,0.0,0.012047501818410605
low_income_household_share,county,13,,,0.0021453791841039285,0.0,0.012145379184103928
low_income_household_share,county,14,,,0.0021603859317541065,0.0,0.012160385931754107
low_income_household_share,county,15,,,0.0020475018184106047,0.0,0.012047501818410605
low_income_household_share,county,16,,,0.0019963608672244142,0.0,0.011996360867224415
low_income_household_share,county,17,,,0.0021603859317541065,0.0,0.012160385931754107
low_income_household_share,nation,0,,,0.0021248510373034104,0.0,0.012124851037303411
low_income_household_share,state,0,,,0.0021453791841039285,0.0,0.012145379184103928
low_income_household_share,state,1,,,0.0023448586810920235,0.0,0.012344858681092023
low_income_household_share,state,2,,,0.0020475018184106047,0.0,0.012047501818410605
low_income_household_share,state,3,,,0.002110011242173985,0.0,0.012110011242173986
low_income_household_share,state,4,,,0.0021603859317541065,0.0,0.012160385931754107
low_income_household_share,state,5,,,0.001996360867224414,0.0,0.011996360867224415
mean_income_adults,county,0,,,115.68449722575986,114.52765225350225,116.84134219801746
mean_income_adults,county,1,,,110.3291995921015,109.22590759618049,111.43249158802251
mean_income_adults,county,2,,,116.36983079410386,115.20613248616283,117.5335291020449
mean_income_adults,county,3,,,110.94574029969549,109.83628289669853,112.05519770269244
mean_income_adults,county,4,,,114.26491779621283,113.1222686182507,115.40756697417496
mean_income_adults,county,5,,,113.75381113463396,112.61627302328762,114.89134924598031
mean_income_adults,county,6,,,113.75381113463396,112.61627302328762,114.89134924598031
mean_income_adults,county,7,,,114.26491779621283,113.1222686182507,115.40756697417496
mean_income_adults,county,8,,,114.26491779621283,113.1222686182507,115.40756697417496
mean_income_adults,county,9,,,115.68449722575986,114.52765225350225,116.84134219801746
mean_income_adults,county,10,,,114.26491779621283,113.1222686182507,115.40756697417496
mean_income_adults,county,11,,,114.26491779621283,113.1222686182507,115.40756697417496
mean_income_adults,county,12,,,116.36983079410386,115.20613248616283,117.5335291020449
mean_income_adults,county,13,,,115.68449722575986,114.52765225350225,116.84134219801746
mean_income_adults,county,14,,,114.26491779621283,113.1222686182507,115.40756697417496
mean_income_adults,county,15,,,116.36983079410386,115.20613248616283,117.5335291020449
mean_income_adults,county,16,,,113.75381113463396,112.61627302328762,114.89134924598031
mean_income_adults,county,17,,,114.26491779621283,113.1222686182507,115.40756697417496
mean_income_adults,nation,0,,,114.11022930508122,112.96912701203041,115.25133159813203
mean_income_adults,state,0,,,115.68449722575984,114.52765225350224,116.84134219801744
mean_income_adults,state,1,,,110.3291995921015,109.22590759618049,111.43249158802251
mean_income_adults,state,2,,,116.36983079410388,115.20613248616284,117.53352910204491
mean_income_adults,state,3,,,110.94574029969547,109.83628289669852,112.05519770269242
mean_income_adults,state,4,,,114.26491779621283,113.1222686182507,115.40756697417496
mean_income_adults,state,5,,,113.75381113463395,112.6162730232876,114.8913492459803
median_household_income,county,0,,,144.87403578018166,143.42529542237983,146.32277613798348
median_household_income,county,1,,,132.11506647789176,130.79391581311285,133.43621714267067
median_household_income,county,2,,,141.83825110594543,140.41986859488597,143.2566336170049
median_household_income,county,3,,,147.56761430461526,146.09193816156912,149.0432904476614
median_household_income,county,4,,,148.7943943808957,147.30645043708677,150.28233832470465
median_household_income,county,5,,,166.7096325396514,165.04253621425488,168.37672886504794
median_household_income,county,6,,,166.7096325396514,165.04253621425488,168.37672886504794
median_household_income,county,7,,,148.7943943808957,147.30645043708677,150.28233832470465
median_household_income,county,8,,,148.7943943808957,147.30645043708677,150.28233832470465
median_household_income,county,9,,,144.87403578018166,143.42529542237983,146.32277613798348
median_household_income,county,10,,,148.7943943808957,147.30645043708677,150.28233832470465
median_household_income,county,11,,,148.7943943808957,147.30645043708677,150.28233832470465
median_household_income,county,12,,,141.83825110594543,140.41986859488597,143.2566336170049
median_household_income,county,13,,,144.87403578018166,143.42529542237983,146.32277613798348
median_household_income,county,14,,,148.7943943808957,147.30645043708677,150.28233832470465
median_household_income,county,15,,,141.83825110594543,140.41986859488597,143.2566336170049
median_household_income,county,16,,,166.7096325396514,165.04253621425488,168.37672886504794
median_household_income,county,17,,,148.7943943808957,147.30645043708677,150.28233832470465
median_household_income,nation,0,,,21435.2,21220.848,21649.552
median_household_income,state,0,,,20627.88,20421.6012,20834.1588
median_household_income,state,1,,,18811.195,18623.08305,18999.30695
median_household_income,state,2,,,20195.63,19993.6737,20397.586300000003
median_household_income,state,3,,,21011.405,20801.29095,21221.51905
median_household_income,state,4,,,21186.08,20974.219200000003,21397.9408
median_household_income,state,5,,,23736.94,23499.5706,23974.3094
persons,county,0,,,5596.0,5540.04,5651.96
persons,county,1,,,4122.0,4080.78,4163.22
persons,county,2,,,1319.0,1305.81,1332.19
persons,county,3,,,3852.0,3813.48,3890.52
persons,county,4,,,4521.0,4475.79,4566.21
persons,county,5,,,1704.9999999999998,1687.9499999999998,1722.0499999999997
persons,county,6,,,4591.0,4545.09,4636.91
persons,county,7,,,3650.0,3613.5,3686.5
persons,county,8,,,1192.0,1180.08,1203.92
persons,county,9,,,3175.0,3143.25,3206.75
persons,county,10,,,1579.0,1563.21,1594.79
persons,county,11,,,1798.0,1780.02,1815.98
persons,county,12,,,2299.0,2276.01,2321.99
persons,county,13,,,2468.0,2443.32,2492.68
persons,county,14,,,1840.0000000000002,1821.6000000000001,1858.4000000000003
persons,county,15,,,1305.0,1291.95,1318.05
persons,county,16,,,3576.9999999999995,3541.2299999999996,3612.7699999999995
persons,county,17,,,1431.0,1416.69,1445.31
persons,nation,0,,,50020.0,49519.8,50520.2
persons,state,0,,,11239.0,11126.61,11351.39
persons,state,1,,,4122.0,4080.78,4163.22
persons,state,2,,,4923.0,4873.77,4972.23
persons,state,3,,,3852.0,3813.48,3890.52
persons,state,4,,,16011.0,15850.89,16171.11
persons,state,5,,,9873.0,9774.27,9971.73
tertiary_share_25_plus,county,0,,,0.5389240506329114,0.5289240506329114,0.5489240506329114
tertiary_share_25_plus,county,1,,,0.45490716180371354,0.44490716180371354,0.46490716180371355
tertiary_share_25_plus,county,2,,,0.43654114365411434,0.42654114365411433,0.44654114365411435
tertiary_share_25_plus,county,3,,,0.3796423658872077,0.36964236588720767,0.3896423658872077
tertiary_share_25_plus,county,4,,,0.3847990449661759,0.3747990449661759,0.3947990449661759
tertiary_share_25_plus,county,5,,,0.407244785949506,0.397244785949506,0.41724478594950604
tertiary_share_25_plus,county,6,,,0.4230619400077912,0.4130619400077912,0.4330619400077912
tertiary_share_25_plus,county,7,,,0.3829068083051666,0.3729068083051666,0.3929068083051666
tertiary_share_25_plus,county,8,,,0.4144,0.4044,0.4244
tertiary_share_25_plus,county,9,,,0.44879686625629545,0.43879686625629544,0.45879686625629545
tertiary_share_25_plus,county,10,,,0.4095127610208817,0.3995127610208817,0.4195127610208817
tertiary_share_25_plus,county,11,,,0.41906653426017876,0.40906653426017875,0.42906653426017877
tertiary_share_25_plus,county,12,,,0.4232758620689655,0.4132758620689655,0.4332758620689655
tertiary_share_25_plus,county,13,,,0.45930232558139533,0.4493023255813953,0.46930232558139534
tertiary_share_25_plus,county,14,,,0.40159045725646125,0.39159045725646124,0.41159045725646126
tertiary_share_25_plus,county,15,,,0.37467018469656993,0.3646701846965699,0.38467018469656994
tertiary_share_25_plus,county,16,,,0.4013124684502776,0.3913124684502776,0.41131246845027764
tertiary_share_25_plus,county,17,,,0.37203791469194314,0.36203791469194313,0.38203791469194315
tertiary_share_25_plus,nation,0,,,0.42631869237101694,0.41631869237101693,0.43631869237101695
tertiary_share_25_plus,state,0,,,0.49597892848477565,0.48597892848477564,0.5059789284847757
tertiary_share_25_plus,state,1,,,0.45490716180371354,0.44490716180371354,0.46490716180371355
tertiary_share_25_plus,state,2,,,0.41394547357411177,0.40394547357411176,0.4239454735741118
tertiary_share_25_plus,state,3,,,0.37964236588720773,0.3696423658872077,0.38964236588720774
tertiary_share_25_plus,state,4,,,0.3936460001332691,0.3836460001332691,0.4036460001332691
tertiary_share_25_plus,state,5,,,0.41245056479958675,0.40245056479958674,0.42245056479958676
person_years_exposure,county,0,male,0-17,3662.6190472851276,3603.8387191334486,3713.19188000241
person_years_exposure,county,0,male,18-44,3737.7328215275793,3663.585080725813,3796.2529806472944
person_years_exposure,county,0,male,45-64,3276.630290981959,3212.0301569977987,3325.3327887858864
person_years_exposure,county,0,male,65-74,825.2978302773626,799.0380548423286,849.2550894973459
person_years_exposure,county,0,male,75-84,427.0544462921391,406.0592196087112,444.8777901821404
person_years_exposure,county,0,male,85+,96.31083240203196,85.97803917097069,105.11788078641067
person_years_exposure,county,0,male,18-64,7014.363112509538,6890.458299595823,7113.782235029184
person_years_exposure,county,0,male,65+,1348.6631089715336,1304.7284435835932,1386.396299824158
mortality_rate,county,0,male,0-17,0.0038343996826287205,0.0021603855648896727,0.006014099174209381
mortality_rate,county,0,male,18-44,0.007325264838301117,0.004580038447485545,0.010722494859211248
mortality_rate,county,0,male,45-64,0.00313253533195348,0.0015161051960071955,0.0051669459079770755
mortality_rate,county,0,male,65-74,0.014746097019193646,0.007229490907628639,0.023386060641796245
mortality_rate,county,0,male,75-84,0.003793701720158912,0.0,0.009515707335031315
mortality_rate,county,0,male,85+,0.016996140149964842,0.0,0.04310498115788713
qualifying_event_rate,county,0,male,0-17,0.0036877534253833416,0.0021547216737866593,0.00556635314207431
qualifying_event_rate,county,0,male,18-44,0.008344615010096666,0.005771980957999216,0.011482007924837207
qualifying_event_rate,county,0,male,45-64,0.019237352343269617,0.014399013462954097,0.025156034835834406
qualifying_event_rate,county,0,male,65-74,0.031868230213522974,0.02192275650014832,0.04404796565704397
qualifying_event_rate,county,0,male,75-84,0.030744229437427703,0.016439179423110708,0.04676548147822419
qualifying_event_rate,county,0,male,85+,0.016346189225368,0.0,0.040679511240832765
person_years_exposure,county,0,female,0-17,3903.9893954480413,3851.2427461005914,3953.0441643661643
person_years_exposure,county,0,female,18-44,3655.6394081196268,3575.423366451241,3723.1200347885347
person_years_exposure,county,0,female,45-64,3284.474691846844,3211.4978791269696,3345.9928949346695
person_years_exposure,county,0,female,65-74,981.0337230857714,943.7679194815779,1013.0586584190672
person_years_exposure,county,0,female,75-84,448.0864629409299,417.2972444609517,474.8541381171104
person_years_exposure,county,0,female,85+,84.69641970199962,75.70934496547699,92.3087474138388
person_years_exposure,county,0,female,18-64,6940.114099966471,6800.733559013574,7053.685902219923
person_years_exposure,county,0,female,65+,1513.8166057287008,1452.356766541095,1562.240488891369
mortality_rate,county,0,female,0-17,0.00046814592295793143,0.0,0.0010361664912416765
mortality_rate,county,0,female,18-44,0.003831035080044663,0.0021265242284351058,0.0059998717297843835
mortality_rate,county,0,female,45-64,0.01681977966282836,0.01182366088809941,0.02378183604764141
mortality_rate,county,0,female,65-74,0.012527641785689651,0.006079699307963317,0.020308430161014766
mortality_rate,county,0,female,75-84,0.049064675227606026,0.029436969978536967,0.07559867546816072
mortality_rate,county,0,female,85+,0.006380486383113713,0.0,0.024304746715516662
qualifying_event_rate,county,0,female,0-17,0.0031555761785275476,0.0017695251889969918,0.0048544866124031125
qualifying_event_rate,county,0,female,18-44,0.010693692892526873,0.007537191539817798,0.014504788195768153
qualifying_event_rate,county,0,female,45-64,0.024053444492542896,0.018656253681103765,0.031148440505849733
qualifying_event_rate,county,0,female,65-74,0.01908511816735279,0.011332145395436892,0.02762689902798678
qualifying_event_rate,county,0,female,75-84,0.03128201108243623,0.017696267001467474,0.046368906102476265
qualifying_event_rate,county,0,female,85+,0.0179529516710347,0.0,0.04503966332817943
person_years_exposure,county,1,male,0-17,2835.661392648398,2780.8928992265737,2886.4555486839245
person_years_exposure,county,1,male,18-44,2629.985424564674,2576.047786683675,2678.288130451572
person_years_exposure,county,1,male,45-64,2444.307849741789,2361.009071374002,2509.5603284114027
person_years_exposure,county,1,male,65-74,747.2677595982009,704.9252541312201,780.7588530590842
person_years_exposure,county,1,male,75-84,253.9290255697186,220.9865766205048,282.1821545779653
person_years_exposure,county,1,male,85+,24.28615617420593,18.668169684895688,28.807369000104753
person_years_exposure,county,1,male,18-64,5074.293274306463,4950.350484498131,5181.332889365575
person_years_exposure,county,1,male,65+,1025.4829413421253,956.5851188758269,1079.091236906615
mortality_rate,county,1,male,0-17,0.0061348948150513685,0.003488795427777756,0.00953698988050525
mortality_rate,county,1,male,18-44,0.0066081714251806966,0.0037629657240897604,0.01041989646209768
mortality_rate,county,1,male,45-64,0.02517527930002783,0.017343080679185524,0.036266711654841695
mortality_rate,county,1,male,65-74,0.037297332036626385,0.02295051912232033,0.05652094759796635
mortality_rate,county,1,male,75-84,0.07118157097297712,0.04076049961836397,0.1117192026823363
mortality_rate,county,1,male,85+,0.007013678670549094,0.0,0.047141467074975
qualifying_event_rate,county,1,male,0-17,0.011746322687311782,0.008083478251600244,0.01602662489918283
qualifying_event_rate,county,1,male,18-44,0.016985783595604664,0.01233907043763847,0.022644852046399423
qualifying_event_rate,county,1,male,45-64,0.015073485234334185,0.010644475166330988,0.020378305476267216
qualifying_event_rate,county,1,male,65-74,0.04982212636875768,0.03525749230675545,0.06623894974293906
qualifying_event_rate,county,1,male,75-84,0.03439902412432089,0.016722532781902028,0.05582246588693681
qualifying_event_rate,county,1,male,85+,0.017586809439444646,0.0,0.07158631793597883
person_years_exposure,county,1,female,0-17,2690.5589009107944,2627.5934765671045,2752.0514485605017
person_years_exposure,county,1,female,18-44,2622.1364562659446,2560.050178108949,2676.986054169319
person_years_exposure,county,1,female,45-64,2520.741362894787,2469.7573646787478,2564.3684275545816
person_years_exposure,county,1,female,65-74,754.7333135534508,724.5501719211094,779.7684513824724
person_years_exposure,county,1,female,75-84,333.82521177092906,312.3257857124062,351.8100576646465
person_years_exposure,county,1,female,85+,56.19006451060408,49.20876734594273,61.773188966509366
person_years_exposure,county,1,female,18-64,5142.877819160732,5047.143152805964,5230.057193060894
person_years_exposure,county,1,female,65+,1144.748589834984,1098.1111152747706,1184.7498038525528
mortality_rate,county,1,female,0-17,0.00405461470618877,0.0018813295866061761,0.006654573900081657
mortality_rate,county,1,female,18-44,0.0014411182090543126,0.0003771811231130184,0.0027266337048245585
mortality_rate,county,1,female,45-64,0.014609843461471832,0.009484604518315655,0.021171940192025167
mortality_rate,county,1,female,65-74,0.012684271404990812,0.006377169801854369,0.0210234809983887
mortality_rate,county,1,female,75-84,0.02087257722930262,0.00852969860742479,0.03683515317875732
mortality_rate,county,1,female,85+,0.020531114831382955,0.0,0.05798624996135921
qualifying_event_rate,county,1,female,0-17,0.009263620431358238,0.006041240920202593,0.012763182622885208
qualifying_event_rate,county,1,female,18-44,0.020417734481195136,0.015209557306406725,0.026773793977851096
qualifying_event_rate,county,1,female,45-64,0.01643745404523258,0.011813842733408365,0.022114887228995735
qualifying_event_rate,county,1,female,65-74,0.02579812335741169,0.015875738743612294,0.036704949288850826
qualifying_event_rate,county,1,female,75-84,0.02619598671793766,0.011988896722519632,0.04161958059139334
qualifying_event_rate,county,1,female,85+,0.018210845943712414,0.0,0.052026472576898276
person_years_exposure,county,2,male,0-17,939.3700057478761,908.2207107616554,972.0633369122472
person_years_exposure,county,2,male,18-44,1178.5835199302373,1146.3047724950038,1213.8223791696253
person_years_exposure,county,2,male,45-64,831.2064605491926,801.4758491108496,856.8761124720695
person_years_exposure,county,2,male,65-74,244.7216435701975,221.85757288625575,266.67050834975186
person_years_exposure,county,2,male,75-84,113.07189888058006,97.83497982535445,127.00877002564445
person_years_exposure,county,2,male,85+,21.743093325749168,14.160607777099264,30.947228764736757
person_years_exposure,county,2,male,18-64,2009.78998047943,1957.3303301158987,2060.364111454749
person_years_exposure,county,2,male,65+,379.53663577652674,344.68585945372627,413.1795321319744
mortality_rate,county,2,male,0-17,0.012974640670527452,0.006354337299521443,0.020563908396507374
mortality_rate,county,2,male,18-44,0.010543644700463902,0.005337842087287989,0.01640214956607916
mortality_rate,county,2,male,45-64,0.028938487274194562,0.017752655437447203,0.0428871568024267
mortality_rate,county,2,male,65-74,0.05831373124049867,0.030973065206115966,0.09346552531971718
mortality_rate,county,2,male,75-84,0.06228678622205607,0.025453106380855975,0.10861865008029686
mortality_rate,county,2,male,85+,0.00677197316793344,0.0,0.051618981335464775
qualifying_event_rate,county,2,male,0-17,0.007416976392282209,0.0031547797505274977,0.012735779246711149
qualifying_event_rate,county,2,male,18-44,0.019653625031973057,0.012767703148438588,0.027594191521018854
qualifying_event_rate,county,2,male,45-64,0.03666823026093731,0.025292131359862215,0.049720661908137224
qualifying_event_rate,county,2,male,65-74,0.03895781268805569,0.020220415818923393,0.06082673132154771
qualifying_event_rate,county,2,male,75-84,0.058796344697148645,0.02644246896202468,0.09701117318321571
qualifying_event_rate,county,2,male,85+,0.027563710625975325,0.0,0.092612415550476
person_years_exposure,county,2,female,0-17,813.2630172369146,779.2294090383258,848.2522874475535
person_years_exposure,county,2,female,18-44,968.7528235855085,944.0488380427208,998.4818359510452
person_years_exposure,county,2,female,45-64,875.6675337908267,847.6127069493273,903.166291268121
person_years_exposure,county,2,female,65-74,228.83038005012807,204.8729101865112,250.13191403195083
person_years_exposure,county,2,female,75-84,91.85022695273227,74.92125615508947,107.82527046976192
person_years_exposure,county,2,female,85+,18.730414176032028,11.313953472557843,27.92649070241852
person_years_exposure,county,2,female,18-64,1844.4203573763352,1800.423646999502,1892.8053354881297
person_years_exposure,county,2,female,65+,339.4110211788924,302.2974413736294,374.59362028153055
mortality_rate,county,2,female,0-17,0.021623106899597754,0.011992827049752299,0.03357653473608481
mortality_rate,county,2,female,18-44,0.0012325177403247059,0.0,0.0031561312772193442
mortality_rate,county,2,female,45-64,0.01769743620094271,0.010003564137191525,0.02758585708124604
mortality_rate,county,2,female,65-74,0.07059457461110637,0.0391769497552913,0.11193383912898688
mortality_rate,county,2,female,75-84,0.08293120651430752,0.03743308242628735,0.15060046040121874
mortality_rate,county,2,female,85+,0.008031981390955036,0.0,0.06859941418601939
qualifying_event_rate,county,2,female,0-17,0.005806446215633544,0.0012565501949962235,0.010882714390003536
qualifying_event_rate,county,2,female,18-44,0.01366877059506504,0.007373009682850481,0.020254002310891417
qualifying_event_rate,county,2,female,45-64,0.03414703702078492,0.023941036022968352,0.046589620410330775
qualifying_event_rate,county,2,female,65-74,0.05769756546765549,0.03274441596666761,0.08623564699779575
qualifying_event_rate,county,2,female,75-84,0.04801599761320277,0.014305506031752728,0.0873320173087442
qualifying_event_rate,county,2,female,85+,0.018973206178554688,0.0,0.0828726142618512
person_years_exposure,county,3,male,0-17,2586.977954296381,2524.6099827899834,2651.4775413102316
person_years_exposure,county,3,male,18-44,2611.844694187905,2541.4343057057754,2674.0182237856625
person_years_exposure,county,3,male,45-64,2662.3909763042434,2581.1665156317426,2741.3777965435797
person_years_exposure,county,3,male,65-74,943.1177104041358,896.2668097623504,985.8599101432513
person_years_exposure,county,3,male,75-84,436.37786199066676,382.719672616255,481.3779545217004
person_years_exposure,county,3,male,85+,75.21041068361554,62.80184182775432,85.91870512892582
person_years_exposure,county,3,male,18-64,5274.2356704921485,5130.3475277954985,5404.290184945723
person_years_exposure,county,3,male,65+,1454.705983078418,1357.361719456831,1533.0586323788445
mortality_rate,county,3,male,0-17,0.010750961350022242,0.0068026502251809316,0.015743018353402836
mortality_rate,county,3,male,18-44,0.022193814587824674,0.015209305455225943,0.0311452802784538
mortality_rate,county,3,male,45-64,0.020699571194836522,0.013978445861445726,0.029310902210872902
mortality_rate,county,3,male,65-74,0.028625863236288147,0.017656936824963342,0.04345327040381686
mortality_rate,county,3,male,75-84,0.10778303421970552,0.072911540990745,0.15989429861736182
mortality_rate,county,3,male,85+,0.036117740289625014,0.0,0.0808174611086933
qualifying_event_rate,county,3,male,0-17,0.012944942647997287,0.008945764276355813,0.017624184015187325
qualifying_event_rate,county,3,male,18-44,0.012844130845394945,0.008746788946272437,0.017517159929363278
qualifying_event_rate,county,3,male,45-64,0.0343776914372665,0.027124216537495797,0.04428180750726267
qualifying_event_rate,county,3,male,65-74,0.049524591698352625,0.03677694835269871,0.06591143314227674
qualifying_event_rate,county,3,male,75-84,0.028207259150874558,0.01586927926483873,0.042965582325551574
qualifying_event_rate,county,3,male,85+,0.02456641502221512,0.0,0.05582984975884986
person_years_exposure,county,3,female,0-17,2419.077553731752,2347.0741773310997,2490.4972645572034
person_years_exposure,county,3,female,18-44,2498.003335553831,2421.4797091715573,2579.5095011584535
person_years_exposure,county,3,female,45-64,2876.978255916171,2807.0426367912773,2948.664406510903
person_years_exposure,county,3,female,65-74,881.8742681126735,847.7078493103974,915.7943963973418
person_years_exposure,county,3,female,75-84,390.0801431811404,361.6642412788169,417.96000754736497
person_years_exposure,county,3,female,85+,59.74043796365175,51.7061046271149,66.54727003419035
person_years_exposure,county,3,female,18-64,5374.981591470002,5239.279896833326,5514.332223517402
person_years_exposure,county,3,female,65+,1331.6948492574656,1275.1639238429357,1388.3039060555175
mortality_rate,county,3,female,0-17,0.014798545036216595,0.009637957785394533,0.02108998180067904
mortality_rate,county,3,female,18-44,0.0077440755531301515,0.004660054229032765,0.011651708477878834
mortality_rate,county,3,female,45-64,0.01576377947521459,0.010684106780357541,0.022722078272281652
mortality_rate,county,3,female,65-74,0.012911398915310257,0.0065336692172049465,0.02134980824366217
mortality_rate,county,3,female,75-84,0.03628445070270951,0.01838680502368167,0.05842056705298978
mortality_rate,county,3,female,85+,0.0202141490817951,0.0,0.05696081745573128
qualifying_event_rate,county,3,female,0-17,0.008705216464645497,0.0053788102594585436,0.012481378336085326
qualifying_event_rate,county,3,female,18-44,0.019398305262573485,0.014252588833015323,0.025669973238152257
qualifying_event_rate,county,3,female,45-64,0.02575384835334985,0.019818510660845022,0.033410923056007055
qualifying_event_rate,county,3,female,65-74,0.03208941359130843,0.021920987572182193,0.044455754219279976
qualifying_event_rate,county,3,female,75-84,0.03718668903231871,0.02100412614577697,0.05445371182862843
qualifying_event_rate,county,3,female,85+,0.017275808742046102,0.0,0.04719528753402721
person_years_exposure,county,4,male,0-17,3770.5604950545357,3702.0778754739094,3830.467409321014
person_years_exposure,county,4,male,18-44,3943.9343029852716,3882.170035202827,4004.6448371809033
person_years_exposure,county,4,male,45-64,3467.3122324918627,3388.6089891589486,3530.143820942174
person_years_exposure,county,4,male,65-74,985.3151740471233,937.658409891112,1023.8154453035297
person_years_exposure,county,4,male,75-84,385.0812898806008,349.188215841405,416.33221832010446
person_years_exposure,county,4,male,85+,40.58840708721498,30.34823119232875,49.43959648083573
person_years_exposure,county,4,male,18-64,7411.246535477134,7285.144613272515,7517.361104501834
person_years_exposure,county,4,male,65+,1410.9848710149392,1329.0754689123112,1474.6421519810535
mortality_rate,county,4,male,0-17,0.010953485908572497,0.007464086780084078,0.015517102391021286
mortality_rate,county,4,male,18-44,0.00908399009819505,0.006020101226278539,0.013135535186852872
mortality_rate,county,4,male,45-64,0.020527934330663727,0.014493789518259805,0.028773093976973366
mortality_rate,county,4,male,65-74,0.03442743590425785,0.022318872216382096,0.05035339255504452
mortality_rate,county,4,male,75-84,0.07082835649281402,0.044979990479175405,0.10689107626662064
mortality_rate,county,4,male,85+,0.037868800700165364,0.0,0.10263817604143674
qualifying_event_rate,county,4,male,0-17,0.006624616063781977,0.00424484358396774,0.009310899113045026
qualifying_event_rate,county,4,male,18-44,0.018413610555715994,0.014157248957327256,0.024013701737348056
qualifying_event_rate,county,4,male,45-64,0.03374442033510306,0.027279252135508407,0.04260029846735185
qualifying_event_rate,county,4,male,65-74,0.05457585093470631,0.041702925034582165,0.07127952863792067
qualifying_event_rate,county,4,male,75-84,0.05816753169843241,0.0386063407427457,0.08106669824998014
qualifying_event_rate,county,4,male,85+,0.031329154662386005,0.0,0.0828346246444584
person_years_exposure,county,4,female,0-17,3379.194181230861,3321.927528579606,3437.795215984625
person_years_exposure,county,4,female,18-44,3754.1728172315984,3693.1369712834594,3820.61097419254
person_years_exposure,county,4,female,45-64,3595.9883353626174,3517.2416129336484,3657.0960966737234
person_years_exposure,county,4,female,65-74,1121.164425604865,1063.1295111899733,1163.4970836884381
person_years_exposure,county,4,female,75-84,367.92753075374304,329.4810822722312,397.04282376966756
person_years_exposure,county,4,female,85+,43.23786728980074,33.433910618126994,51.54510183187592
person_years_exposure,county,4,female,18-64,7350.161152594215,7225.538745004229,7461.694698402734
person_years_exposure,county,4,female,65+,1532.3298236484088,1437.0246532271535,1597.4979815834856
mortality_rate,county,4,female,0-17,0.0073763945468711374,0.004645980277494801,0.010901571417963598
mortality_rate,county,4,female,18-44,0.010786434880976307,0.007295662373335513,0.015300657713826868
mortality_rate,county,4,female,45-64,0.018560043302259435,0.013137972504417509,0.026182272286591497
mortality_rate,county,4,female,65-74,0.039083337515467324,0.02628045898862153,0.05700781133087632
mortality_rate,county,4,female,75-84,0.08078105402531287,0.05240322309062501,0.12205401807806039
mortality_rate,county,4,female,85+,0.05245364653011491,0.0,0.12578924175843093
qualifying_event_rate,county,4,female,0-17,0.00578043227982983,0.003561226071511583,0.008369601956337461
qualifying_event_rate,county,4,female,18-44,0.017455966476278287,0.013218276163078248,0.022809513067040633
qualifying_event_rate,county,4,female,45-64,0.02897896157997179,0.02316765368427628,0.03689544955182421
qualifying_event_rate,county,4,female,65-74,0.050421472914868676,0.038550317558544045,0.06630186980682137
qualifying_event_rate,county,4,female,75-84,0.0397492496710154,0.022688681269816994,0.05955094411537824
qualifying_event_rate,county,4,female,85+,0.03516455472194068,0.0,0.08518482393210998
person_years_exposure,county,5,male,0-17,1185.5451136200752,1154.1548851726973,1215.950421482873
person_years_exposure,county,5,male,18-44,1099.6986726401065,1068.373264548075,1126.8927043911121
person_years_exposure,county,5,male,45-64,1085.7961799392108,1054.5893190204783,1112.4683742358197
person_years_exposure,county,5,male,65-74,343.00524096388887,322.8868632373863,360.2609694665837
person_years_exposure,county,5,male,75-84,176.55178093813666,161.32950787502145,189.99768677212205
person_years_exposure,county,5,male,85+,26.254571085054568,19.84176590371809,31.567042710020342
person_years_exposure,county,5,male,18-64,2185.494852579317,2131.3825555310295,2229.9773758925694
person_years_exposure,county,5,male,65+,545.8115929870801,514.6482501311644,573.1074295520885
mortality_rate,county,5,male,0-17,0.012431237579604192,0.0066835237396153605,0.0192142550169
mortality_rate,county,5,male,18-44,0.02096314672161145,0.012552172830707123,0.031195540010069443
mortality_rate,county,5,male,45-64,0.01600837823768466,0.009063776487096605,0.024542789633715954
mortality_rate,county,5,male,65-74,0.036032219643445954,0.019459274470329812,0.05846337791253742
mortality_rate,county,5,male,75-84,0.03979343607308412,0.015938086207777192,0.07174205818045638
mortality_rate,county,5,male,85+,0.03074612827090641,0.0,0.103349114009807
qualifying_event_rate,county,5,male,0-17,0.012711274494441127,0.007530265270100681,0.018876103930628045
qualifying_event_rate,county,5,male,18-44,0.023022042690623332,0.01525328604009402,0.031854168577837814
qualifying_event_rate,county,5,male,45-64,0.025441488105009038,0.01709040244991885,0.03499665854315823
qualifying_event_rate,county,5,male,65-74,0.04877396732012689,0.03043675887143957,0.07024443521553544
qualifying_event_rate,county,5,male,75-84,0.04867617053472387,0.023252093727493664,0.07731459821726026
qualifying_event_rate,county,5,male,85+,0.034940118033459075,0.0,0.10179499790967277
person_years_exposure,county,5,female,0-17,1367.872753746298,1338.3868325724113,1395.6695534321245
person_years_exposure,county,5,female,18-44,1254.8115431604467,1223.3438889993974,1281.6015457038457
person_years_exposure,county,5,female,45-64,1189.94756903307,1167.0499838089306,1208.9416219556406
person_years_exposure,county,5,female,65-74,333.31573869231084,314.25546556700493,349.0802841543005
person_years_exposure,county,5,female,75-84,135.33461802371605,119.4513324641581,148.8371024119846
person_years_exposure,county,5,female,85+,26.103979746088203,19.825015489051726,31.10159440500862
person_years_exposure,county,5,female,18-64,2444.7591121935166,2397.39869709822,2483.5976527035477
person_years_exposure,county,5,female,65+,494.7543364621151,464.2853537640097,519.9411901109193
mortality_rate,county,5,female,0-17,0.007258861755639287,0.0035949503631770305,0.011950864573059288
mortality_rate,county,5,female,18-44,0.01857952096289518,0.01097842387204873,0.028033411086761842
mortality_rate,county,5,female,45-64,0.008687685822494165,0.004167374223222421,0.013830111682435255
mortality_rate,county,5,female,65-74,0.03251510585311049,0.014917837447257765,0.053541320803564864
mortality_rate,county,5,female,75-84,0.06920428518031285,0.03366837586678048,0.11794335392859391
mortality_rate,county,5,female,85+,0.007258434685382172,0.0,0.045018200667589305
qualifying_event_rate,county,5,female,0-17,0.012449831396677229,0.007382340523365848,0.01817375260332585
qualifying_event_rate,county,5,female,18-44,0.021690759209084875,0.014892276480099359,0.030144898770537124
qualifying_event_rate,county,5,female,45-64,0.026022844298646087,0.017672259241600822,0.03559848000976407
qualifying_event_rate,county,5,female,65-74,0.03623544921086165,0.020282593273044876,0.05563901367021989
qualifying_event_rate,county,5,female,75-84,0.05091097261993854,0.022181442252291676,0.08255309629785788
qualifying_event_rate,county,5,female,85+,0.03155779431896325,0.0,0.0913994844275194
person_years_exposure,county,6,male,0-17,3302.945594739708,3246.083486680568,3357.562018199054
person_years_exposure,county,6,male,18-44,3395.361295779941,3334.410557790974,3446.1962356545446
person_years_exposure,county,6,male,45-64,3159.3967469218587,3098.183940423297,3214.734713383072
person_years_exposure,county,6,male,65-74,899.2035411901038,865.0885294182025,927.4227691278504
person_years_exposure,county,6,male,75-84,389.67513264770594,366.47508704139153,409.32398946710873
person_years_exposure,county,6,male,85+,82.29819893933357,71.77368631973282,91.64947536529816
person_years_exposure,county,6,male,18-64,6554.7580427018,6442.474211341192,6646.452030884041
person_years_exposure,county,6,male,65+,1371.1768727771434,1317.9338312671528,1416.758690290263
mortality_rate,county,6,male,0-17,0.008925360598037098,0.005703104629062975,0.013148948893979375
mortality_rate,county,6,male,18-44,0.014542617737800306,0.00994296343775573,0.02063468710218023
mortality_rate,county,6,male,45-64,0.011157811426926777,0.007413761229629669,0.0159281293213651
mortality_rate,county,6,male,65-74,0.025785079900333886,0.01607529158603911,0.038977039065334895
mortality_rate,county,6,male,75-84,0.026464655121559193,0.012443894957525197,0.04390621091003016
mortality_rate,county,6,male,85+,0.024231046024938713,0.0,0.05818771379128574
qualifying_event_rate,county,6,male,0-17,0.0116921854254137,0.008320939927622046,0.01573697744365558
qualifying_event_rate,county,6,male,18-44,0.020936911484090073,0.016079109311758332,0.02751973342519962
qualifying_event_rate,county,6,male,45-64,0.02340658344533613,0.018069304602912527,0.030243294077242553
qualifying_event_rate,county,6,male,65-74,0.04478301199242784,0.03227492111962486,0.05998926250641138
qualifying_event_rate,county,6,male,75-84,0.04470223437489346,0.027663173856613654,0.06390579570704095
qualifying_event_rate,county,6,male,85+,0.03279407615383689,0.0,0.06666169320720325
person_years_exposure,county,6,female,0-17,3216.4669540961268,3166.6799658902933,3263.9245607336215
person_years_exposure,county,6,female,18-44,3268.176699696089,3212.966578935751,3313.3519542975178
person_years_exposure,county,6,female,45-64,3338.691149248503,3296.8647327328895,3375.960527349047
person_years_exposure,county,6,female,65-74,892.0266252737493,860.6953569516261,919.1839236113265
person_years_exposure,county,6,female,75-84,420.1041483910046,393.40809492066677,443.5858015469899
person_years_exposure,county,6,female,85+,69.44601997526152,60.9410401363341,77.02859612688177
person_years_exposure,county,6,female,18-64,6606.867848944592,6519.614776440578,6680.945323539246
person_years_exposure,county,6,female,65+,1381.5767936400157,1328.2196407707381,1426.3841744032588
mortality_rate,county,6,female,0-17,0.005206818174339461,0.0028043857810951195,0.00807355502909358
mortality_rate,county,6,female,18-44,0.01298267853875391,0.008750623209565597,0.018483194902771245
mortality_rate,county,6,female,45-64,0.006101520877301057,0.00356824488672985,0.009130630907612028
mortality_rate,county,6,female,65-74,0.02320854123877376,0.013422869380703964,0.035524466142581014
mortality_rate,county,6,female,75-84,0.04684863356879608,0.027406827748024998,0.07187879556833167
mortality_rate,county,6,female,85+,0.00628301744196731,0.0,0.029128470937956733
qualifying_event_rate,county,6,female,0-17,0.011497991642399051,0.008103389694296463,0.015623656715767105
qualifying_event_rate,county,6,female,18-44,0.019830945848881683,0.015145059949913322,0.025793522615822295
qualifying_event_rate,county,6,female,45-64,0.02381903881118202,0.01855281209342498,0.030747340593858277
qualifying_event_rate,county,6,female,65-74,0.03273466787332598,0.022331150948405976,0.04448456132270859
qualifying_event_rate,county,6,female,75-84,0.04638544876328423,0.030386826154860398,0.06584665850183963
qualifying_event_rate,county,6,female,85+,0.02968168964785972,0.0,0.0642591690033648
person_years_exposure,county,7,male,0-17,2865.3174986802364,2804.338749624416,2919.209243541757
person_years_exposure,county,7,male,18-44,2849.7212774714862,2798.9400953229733,2897.149391895361
person_years_exposure,county,7,male,45-64,2618.4546700745245,2545.1998553700832,2673.50893468974
person_years_exposure,county,7,male,65-74,815.7484887166944,769.63342091792,852.2164340244323
person_years_exposure,county,7,male,75-84,374.24671690001213,336.03648792117144,406.7519853643497
person_years_exposure,county,7,male,85+,61.18293988580423,47.04154024648675,74.2048997363758
person_years_exposure,county,7,male,18-64,5468.175947546011,5360.149927676687,5555.553523370181
person_years_exposure,county,7,male,65+,1251.1781455025107,1165.68553978168,1315.123777363531
mortality_rate,county,7,male,0-17,0.013006609711983278,0.008618985282846322,0.018956571510107656
mortality_rate,county,7,male,18-44,0.010901730908510173,0.007000649584519835,0.015713076729491935
mortality_rate,county,7,male,45-64,0.025253071665975423,0.017987844977406506,0.03545174503694399
mortality_rate,county,7,male,65-74,0.04108932489746951,0.026512131184828674,0.06050050669903342
mortality_rate,county,7,male,75-84,0.08678981788316441,0.05580608807947191,0.12824690276647155
mortality_rate,county,7,male,85+,0.04701722937579718,0.012182069432195129,0.10419720954151132
qualifying_event_rate,county,7,male,0-17,0.0064853265091247645,0.004136220763362608,0.00944744259337644
qualifying_event_rate,county,7,male,18-44,0.018106211529494494,0.013326452712621506,0.024010200266307527
qualifying_event_rate,county,7,male,45-64,0.033330317602468205,0.02648689113428833,0.042914656474550256
qualifying_event_rate,county,7,male,65-74,0.05340666498633307,0.03960185415126385,0.0701228707616752
qualifying_event_rate,county,7,male,75-84,0.05763924935662275,0.03834478105155543,0.08045447067490553
qualifying_event_rate,county,7,male,85+,0.0321654161572764,0.0,0.07195796516002853
person_years_exposure,county,7,female,0-17,2981.3808104576133,2927.4452996004793,3032.627250473129
person_years_exposure,county,7,female,18-44,3058.6874477532674,2999.5686037792507,3115.8572296226207
person_years_exposure,county,7,female,45-64,2922.4951592421476,2850.090558891639,2976.0874277506687
person_years_exposure,county,7,female,65-74,930.0957311696253,876.2677229500333,971.2878923491902
person_years_exposure,county,7,female,75-84,370.63070490180894,327.47858743092394,403.47880070461724
person_years_exposure,county,7,female,85+,28.35429634197902,19.9155301060669,35.97863683966123
person_years_exposure,county,7,female,18-64,5981.182606995415,5865.7348404992945,6077.832434515672
person_years_exposure,county,7,female,65+,1329.0807324134134,1235.5539002321468,1394.1340565658436
mortality_rate,county,7,female,0-17,0.008763700898540906,0.005313504703928539,0.01295295305046071
mortality_rate,county,7,female,18-44,0.012539047548621514,0.008371950813474777,0.01782172295647352
mortality_rate,county,7,female,45-64,0.02076364110753079,0.014663279132804878,0.029777905187493788
mortality_rate,county,7,female,65-74,0.047470226976773264,0.032058144798700554,0.0688361266718603
mortality_rate,county,7,female,75-84,0.09545625206143368,0.06308953032070232,0.14627156051344847
mortality_rate,county,7,female,85+,0.07806068783873159,0.0,0.1820438827148052
qualifying_event_rate,county,7,female,0-17,0.005567267513438628,0.0031297881574616484,0.008174663864177657
qualifying_event_rate,county,7,female,18-44,0.017066686625530923,0.012652905718301953,0.0225347076106888
qualifying_event_rate,county,7,female,45-64,0.02783834273179681,0.021687317752166747,0.03593336886863186
qualifying_event_rate,county,7,female,65-74,0.049961779980232185,0.03736006269127692,0.06549588826133523
qualifying_event_rate,county,7,female,75-84,0.03920941326266071,0.0228416837389334,0.05869324972819253
qualifying_event_rate,county,7,female,85+,0.03673887634197968,0.0,0.09818707104536933
person_years_exposure,county,8,male,0-17,969.1724899497873,943.477021259984,994.1765872019033
person_years_exposure,county,8,male,18-44,1057.2690323312104,1036.704925180063,1078.3143002848137
person_years_exposure,county,8,male,45-64,915.4678378614502,888.8811105768528,938.4534727775264
person_years_exposure,county,8,male,65-74,248.8443293853866,232.35266986715297,263.44475578000237
person_years_exposure,county,8,male,75-84,125.72871802888697,111.06912289393313,139.17212688882702
person_years_exposure,county,8,male,85+,8.70421922275518,4.018450088762018,12.49862562098985
person_years_exposure,county,8,male,18-64,1972.7368701926607,1933.5414691610838,2006.370088933688
person_years_exposure,county,8,male,65+,383.27726663702873,357.11384955608224,406.48272532787104
mortality_rate,county,8,male,0-17,0.00943363783065973,0.004108560928561597,0.015880662130863962
mortality_rate,county,8,male,18-44,0.007956651375007714,0.003716979094494866,0.01334131480896376
mortality_rate,county,8,male,45-64,0.019015635945950744,0.011509506065321983,0.029362094260344425
mortality_rate,county,8,male,65-74,0.030799478453752898,0.011793806045941147,0.05390329279561338
mortality_rate,county,8,male,75-84,0.05673451047017416,0.023143638526814735,0.10062195976549175
mortality_rate,county,8,male,85+,0.02400887426474109,0.0,0.15459298488194725
qualifying_event_rate,county,8,male,0-17,0.007343067712455102,0.0030834495343191512,0.012401889385015408
qualifying_event_rate,county,8,male,18-44,0.02091242868623308,0.013311010672285262,0.029393489245649624
qualifying_event_rate,county,8,male,45-64,0.03825213789198904,0.027215757251671194,0.0513793736215144
qualifying_event_rate,county,8,male,65-74,0.06089297208813293,0.036687434425618705,0.08812035227590757
qualifying_event_rate,county,8,male,75-84,0.06067261734671279,0.029702853931114073,0.09472899904403508
qualifying_event_rate,county,8,male,85+,0.030661294663742913,0.0,0.1536661166084035
person_years_exposure,county,8,female,0-17,1048.9112905748652,1024.268354399424,1073.391727505789
person_years_exposure,county,8,female,18-44,981.4075035295633,959.811035423359,1003.6241755499292
person_years_exposure,county,8,female,45-64,845.7994443167121,822.8165818938198,866.1301121039362
person_years_exposure,county,8,female,65-74,270.1217280536991,252.35728003262403,285.14595385692394
person_years_exposure,county,8,female,75-84,110.88259450755874,96.61088035453263,123.4580440412398
person_years_exposure,county,8,female,85+,13.61682827156589,9.08749572159765,16.288613129201806
person_years_exposure,county,8,female,18-64,1827.2069478462754,1790.6663585740266,1861.1244319363939
person_years_exposure,county,8,female,65+,394.62115083282373,367.475922989846,416.5752607596176
mortality_rate,county,8,female,0-17,0.006337951815836144,0.0027991107830332884,0.01087352936740189
mortality_rate,county,8,female,18-44,0.009435686881286464,0.004045909279377015,0.015690739071771168
mortality_rate,county,8,female,45-64,0.015667384192307354,0.008174799169253674,0.02502644731017182
mortality_rate,county,8,female,65-74,0.03407019972784001,0.014628177074876033,0.05798761479928062
mortality_rate,county,8,female,75-84,0.06409810711225021,0.02499070411284211,0.11589894362803743
mortality_rate,county,8,female,85+,0.049144116616316263,0.0,0.21741965861497134
qualifying_event_rate,county,8,female,0-17,0.006443623138803077,0.0028396524377742,0.010706100502015975
qualifying_event_rate,county,8,female,18-44,0.01967252685952215,0.012222596519409008,0.027815181910875862
qualifying_event_rate,county,8,female,45-64,0.031982673421519205,0.02156460301426638,0.04430551768830882
qualifying_event_rate,county,8,female,65-74,0.05651460756618965,0.033646915034428786,0.08189369575213493
qualifying_event_rate,county,8,female,75-84,0.04335471966064408,0.01690665386802891,0.07624946185897988
qualifying_event_rate,county,8,female,85+,0.04296459121789161,0.0,0.1408658783423744
person_years_exposure,county,9,male,0-17,2156.352296237501,2114.881372239086,2194.2923006121814
person_years_exposure,county,9,male,18-44,2038.0750944431225,1990.3706932885448,2079.432445880881
person_years_exposure,county,9,male,45-64,1862.3591015329334,1819.793807865255,1898.1555889477731
person_years_exposure,county,9,male,65-74,549.2891866674372,526.4999476693138,569.4306931168944
person_years_exposure,county,9,male,75-84,245.9561488859602,231.33522365218104,259.12766829290376
person_years_exposure,county,9,male,85+,18.608945525384406,14.33282785996247,22.068248828715255
person_years_exposure,county,9,male,18-64,3900.434195976056,3819.8011914887393,3965.186933242901
person_years_exposure,county,9,male,65+,813.8542810787818,781.7797127070248,841.1633116317253
mortality_rate,county,9,male,0-17,0.005229371474770382,0.0027444761000300125,0.008413633710723005
mortality_rate,county,9,male,18-44,0.009922668986235618,0.005895109760850895,0.014846546439382383
mortality_rate,county,9,male,45-64,0.004503276915336455,0.0020889628295588107,0.007682767004703421
mortality_rate,county,9,male,65-74,0.01943029613827405,0.009780234607434645,0.03152361608112841
mortality_rate,county,9,male,75-84,0.005018100184822906,0.0,0.012853130902874746
mortality_rate,county,9,male,85+,0.017658047229932253,0.0,0.07764017842810567
qualifying_event_rate,county,9,male,0-17,0.006178148926891621,0.0032893548817397268,0.00929314378924885
qualifying_event_rate,county,9,male,18-44,0.014023313706239694,0.00929195653858047,0.019621021073233304
qualifying_event_rate,county,9,male,45-64,0.03211862105474948,0.024158421024403735,0.04183926347491534
qualifying_event_rate,county,9,male,65-74,0.051060827877873645,0.03502728399612613,0.07011591973022423
qualifying_event_rate,county,9,male,75-84,0.04914176290315412,0.027959799883983887,0.07237234701578339
qualifying_event_rate,county,9,male,85+,0.023704909495134784,0.0,0.09551199051975422
person_years_exposure,county,9,female,0-17,2085.993596958862,2051.8778468152914,2117.9315453847153
person_years_exposure,county,9,female,18-44,2093.2480551290087,2042.363537449765,2136.7784742268727
person_years_exposure,county,9,female,45-64,1980.2776057857498,1925.328750144777,2025.3625657239106
person_years_exposure,county,9,female,65-74,541.7575960523186,513.4339419177026,565.9967908535809
person_years_exposure,county,9,female,75-84,150.65084051842692,133.9167007744234,165.19483538402474
person_years_exposure,county,9,female,85+,24.24559128948701,17.841942763519924,28.754061727515683
person_years_exposure,county,9,female,18-64,4073.525660914758,3982.916729141108,4148.753209662479
person_years_exposure,county,9,female,65+,716.6540278602325,677.74250659352,749.5026582456801
mortality_rate,county,9,female,0-17,0.0006366869974750896,0.0,0.0014678669195197476
mortality_rate,county,9,female,18-44,0.0050814420794216145,0.002379219672652129,0.008229563657176621
mortality_rate,county,9,female,45-64,0.022759839655595387,0.01566110939747492,0.032184004989068433
mortality_rate,county,9,female,65-74,0.01688478574948603,0.007228484573052714,0.028343404612233555
mortality_rate,county,9,female,75-84,0.06601732166141291,0.031183249943533112,0.11124422256487906
mortality_rate,county,9,female,85+,0.007695325782023783,0.0,0.04625407142460437
qualifying_event_rate,county,9,female,0-17,0.005313059363488817,0.0028507302419631202,0.008202905229658485
qualifying_event_rate,county,9,female,18-44,0.01769733968424344,0.012388133743594766,0.023740017484545475
qualifying_event_rate,county,9,female,45-64,0.03931074672500858,0.030935833341005123,0.05046650413645906
qualifying_event_rate,county,9,female,65-74,0.030842178304014735,0.01901111826961304,0.044801497469382126
qualifying_event_rate,county,9,female,75-84,0.050290232440599575,0.024559806883350598,0.08119196831240084
qualifying_event_rate,county,9,female,85+,0.02692871247775073,0.0,0.08742266948734144
person_years_exposure,county,10,male,0-17,1287.403017130008,1257.451940558573,1315.5506050444308
person_years_exposure,county,10,male,18-44,1257.4331870423348,1235.3232768712264,1280.5888986075088
person_years_exposure,county,10,male,45-64,1265.82158606603,1234.3439873676582,1293.1545970313646
person_years_exposure,county,10,male,65-74,374.19363782846307,354.68975159665007,391.23218898040636
person_years_exposure,county,10,male,75-84,171.68183927380585,153.22322912591284,187.60450295051004
person_years_exposure,county,10,male,85+,13.795468156773412,9.06984601733017,17.785622406424125
person_years_exposure,county,10,male,18-64,2523.254773108365,2480.2043627734147,2563.653177190523
person_years_exposure,county,10,male,65+,559.6709452590422,528.1077082725667,588.0538323986956
mortality_rate,county,10,male,0-17,0.00835734979690783,0.003852432828069509,0.013567326684197195
mortality_rate,county,10,male,18-44,0.007080551399666729,0.003159500048003698,0.011993638251853221
mortality_rate,county,10,male,45-64,0.015487177752416193,0.009319268678596808,0.023899447361103183
mortality_rate,county,10,male,65-74,0.026430513827645167,0.012870364375931873,0.04349575392238631
mortality_rate,county,10,male,75-84,0.055346225463698405,0.026288060726000866,0.0951517808512604
mortality_rate,county,10,male,85+,0.03472852534296707,0.0,0.15945174802708126
qualifying_event_rate,county,10,male,0-17,0.00637525267693323,0.0030725322326544714,0.010225386626360097
qualifying_event_rate,county,10,male,18-44,0.01766798333516708,0.011183749345518142,0.024882771801036194
qualifying_event_rate,county,10,male,45-64,0.032169385933410566,0.02333779114464347,0.042467493027033086
qualifying_event_rate,county,10,male,65-74,0.05174961886954328,0.03387019525739588,0.07250349395240405
qualifying_event_rate,county,10,male,75-84,0.0553645175229034,0.028985234523159435,0.08623703882256954
qualifying_event_rate,county,10,male,85+,0.03132498075910843,0.0,0.1219242639556905
person_years_exposure,county,10,female,0-17,1285.9966802017598,1258.7255618894765,1313.6326124893408
person_years_exposure,county,10,female,18-44,1231.7515125301368,1206.339136680818,1257.651450291297
person_years_exposure,county,10,female,45-64,1268.6107121137627,1240.9597864089878,1293.0088067602326
person_years_exposure,county,10,female,65-74,367.83476359062104,348.76096471635003,385.6468352581373
person_years_exposure,county,10,female,75-84,197.19485874294082,176.97753540148346,213.71242209963492
person_years_exposure,county,10,female,85+,28.596191057816462,22.10617297793176,33.86526866523696
person_years_exposure,county,10,female,18-64,2500.3622246438995,2457.5811940249923,2542.2331577127634
person_years_exposure,county,10,female,65+,593.6258133913783,557.9583959349549,622.2372734009948
mortality_rate,county,10,female,0-17,0.005751937598384383,0.0023155308222698374,0.01015308457739349
mortality_rate,county,10,female,18-44,0.008272724898318878,0.00397422342982506,0.013828482216542148
mortality_rate,county,10,female,45-64,0.013568299921037112,0.0077817801790656,0.020666899829111553
mortality_rate,county,10,female,65-74,0.029041191806905727,0.013879904442287665,0.04836998672473526
mortality_rate,county,10,female,75-84,0.06617718200512857,0.033730570750931194,0.10887025266311262
mortality_rate,county,10,female,85+,0.04157336750172664,0.0,0.1261833869320609
qualifying_event_rate,county,10,female,0-17,0.0053919906155295155,0.00231418670799647,0.00929013907074766
qualifying_event_rate,county,10,female,18-44,0.016692591252353905,0.010537723404570373,0.023666038683954595
qualifying_event_rate,county,10,female,45-64,0.02717893823397579,0.019291764896197956,0.036743498276243576
qualifying_event_rate,county,10,female,65-74,0.0475556922553154,0.02953879595632078,0.06852751105495156
qualifying_event_rate,county,10,female,75-84,0.03832341118708003,0.017060995682074837,0.06335171541276688
qualifying_event_rate,county,10,female,85+,0.03456295993193616,0.0,0.0928334767231134
person_years_exposure,county,11,male,0-17,1424.7809384515745,1391.708211058802,1457.4192057680068
person_years_exposure,county,11,male,18-44,1427.0303561576923,1399.8178263953848,1453.3741233923379
person_years_exposure,county,11,male,45-64,1490.5351341296725,1450.2036542155747,1523.1306504488027
person_years_exposure,county,11,male,65-74,429.7188992746804,405.41040320031414,451.1660812575093
person_years_exposure,county,11,male,75-84,125.225166209309,109.1468066604208,139.94861644770438
person_years_exposure,county,11,male,85+,38.13278383401047,29.3614411937416,46.27296052669488
person_years_exposure,county,11,male,18-64,2917.565490287365,2861.299937841205,2965.2581506778724
person_years_exposure,county,11,male,65+,593.0768493179999,555.1304973662199,624.4210337472713
mortality_rate,county,11,male,0-17,0.010768513968311678,0.006162709836603159,0.016479427232756912
mortality_rate,county,11,male,18-44,0.009209397534566356,0.004866893331520359,0.01425534776741254
mortality_rate,county,11,male,45-64,0.020412001026238892,0.013240967688959337,0.029839768088872794
mortality_rate,county,11,male,65-74,0.033893689333384436,0.018631559855652707,0.05285672645359858
mortality_rate,county,11,male,75-84,0.07202799201717362,0.031231024807064096,0.1253328729113812
mortality_rate,county,11,male,85+,0.044007697580313816,0.0,0.11402131721204575
qualifying_event_rate,county,11,male,0-17,0.005579256807463373,0.0027460517516572623,0.009111007382568856
qualifying_event_rate,county,11,male,18-44,0.015894294418564978,0.010383039659154826,0.022215311655063092
qualifying_event_rate,county,11,male,45-64,0.029111424862746677,0.021267492378121526,0.03853482369935988
qualifying_event_rate,county,11,male,65-74,0.046691190528844635,0.030152217229072988,0.06608873892489511
qualifying_event_rate,county,11,male,75-84,0.05067832207911501,0.021935571927813417,0.08459157169447495
qualifying_event_rate,county,11,male,85+,0.028361029448050076,0.0,0.07822288161489385
person_years_exposure,county,11,female,0-17,1430.322697419539,1399.5888883693913,1461.2436212551897
person_years_exposure,county,11,female,18-44,1504.6868745083796,1473.4029937137136,1537.8306960953748
person_years_exposure,county,11,female,45-64,1339.360179562173,1307.066450438309,1366.6177092467478
person_years_exposure,county,11,female,65-74,447.6179025459027,421.7267489925137,470.10556493561086
person_years_exposure,county,11,female,75-84,198.07470670743163,175.40983255528772,217.54147583675552
person_years_exposure,county,11,female,85+,23.295974110799392,17.171505856338783,28.420991595974066
person_years_exposure,county,11,female,18-64,2844.047054070553,2789.414853576272,2894.7132201869695
person_years_exposure,county,11,female,65+,668.9885833641338,626.1952366357748,704.4943336987161
mortality_rate,county,11,female,0-17,0.007318469780550239,0.0034764690813092135,0.011969219609050742
mortality_rate,county,11,female,18-44,0.010691528328115558,0.005923263901588942,0.016715960746556215
mortality_rate,county,11,female,45-64,0.016517258711530234,0.010151825405014962,0.024691843792201976
mortality_rate,county,11,female,65-74,0.03911036702375495,0.021947522154291205,0.06063463186140389
mortality_rate,county,11,female,75-84,0.08008484931563267,0.045431701052275196,0.1283729047669751
mortality_rate,county,11,female,85+,0.053477545264623325,0.0,0.16321051096975392
qualifying_event_rate,county,11,female,0-17,0.004773835311652885,0.002081557577412723,0.007905246935504399
qualifying_event_rate,county,11,female,18-44,0.01496982709516189,0.00971940910330003,0.021226633038819113
qualifying_event_rate,county,11,female,45-64,0.02396674034817377,0.01692464871942523,0.03273621495522805
qualifying_event_rate,county,11,female,65-74,0.04336154104302369,0.027697767486424676,0.06093742626858801
qualifying_event_rate,county,11,female,75-84,0.034830038192816465,0.014806557735877433,0.05726332210002455
qualifying_event_rate,county,11,female,85+,0.031523334521594906,0.0,0.09758180429945179
person_years_exposure,county,12,male,0-17,1682.3389976838157,1633.6671028800336,1733.401735558911
person_years_exposure,county,12,male,18-44,1837.8391540252003,1793.9424196328857,1886.3490458489753
person_years_exposure,county,12,male,45-64,1346.8698681585936,1301.7869143818687,1383.4017992584693
person_years_exposure,county,12,male,65-74,414.3621943115249,379.9587051059771,445.07868107739097
person_years_exposure,county,12,male,75-84,111.20523098866757,96.02015376089457,125.11931477685799
person_years_exposure,county,12,male,85+,8.138958413732096,4.2613415548817475,12.78341164424029
person_years_exposure,county,12,male,18-64,3184.709022183794,3111.378391402283,3252.58287816688
person_years_exposure,county,12,male,65+,533.7063837139245,490.1804568529984,573.647097894148
mortality_rate,county,12,male,0-17,0.012276550885959818,0.007528199786207241,0.01830734968801031
mortality_rate,county,12,male,18-44,0.009627793541532838,0.0054868060229260876,0.014781812587514962
mortality_rate,county,12,male,45-64,0.028573557246377137,0.019009018348291887,0.041197381961692564
mortality_rate,county,12,male,65-74,0.05391300482202638,0.03290087096641165,0.08100659038795294
mortality_rate,county,12,male,75-84,0.05825823820787962,0.02401340192272482,0.1090966819143536
mortality_rate,county,12,male,85+,0.007022699706451479,0.0,0.0983755107555912
qualifying_event_rate,county,12,male,0-17,0.005506133785463703,0.00288943806791953,0.008892224121356854
qualifying_event_rate,county,12,male,18-44,0.014700199146007285,0.009899170268876921,0.020330961770484043
qualifying_event_rate,county,12,male,45-64,0.028244742188426895,0.020180917635515033,0.03846953187155012
qualifying_event_rate,county,12,male,65-74,0.029455571694753737,0.016363381549857548,0.04495094767616004
qualifying_event_rate,county,12,male,75-84,0.044584379653939604,0.016068535180495797,0.07992590292325785
qualifying_event_rate,county,12,male,85+,0.020300962929335586,0.0,0.12411681699608237
person_years_exposure,county,12,female,0-17,1757.3513672438137,1698.1490121334534,1817.5741986870585
person_years_exposure,county,12,female,18-44,1966.1672650581513,1921.012145885883,2020.464376835948
person_years_exposure,county,12,female,45-64,1592.9386529884978,1548.519561343544,1637.9647968494376
person_years_exposure,county,12,female,65-74,325.0701928335248,297.10734029316575,350.3009201761139
person_years_exposure,county,12,female,75-84,84.43371560620008,68.2616777040384,99.59783329196243
person_years_exposure,county,12,female,85+,2.224085723971878,0.027288479893904653,4.434206636465101
person_years_exposure,county,12,female,18-64,3559.105918046649,3480.7969641617633,3646.555298128081
person_years_exposure,county,12,female,65+,411.7279941636968,373.104431650418,446.149223400641
mortality_rate,county,12,female,0-17,0.020405353003617573,0.013365736525823246,0.02944049749032675
mortality_rate,county,12,female,18-44,0.0011381498453967064,0.0,0.002563231170529251
mortality_rate,county,12,female,45-64,0.01685662059215151,0.01060543145544385,0.02464165875807708
mortality_rate,county,12,female,65-74,0.06741406229415546,0.04162541097174272,0.10261577148830564
mortality_rate,county,12,female,75-84,0.0690255929250266,0.026531845575169404,0.12952544059748497
mortality_rate,county,12,female,85+,0.004710852722851757,0.0,0.004710852722851757
qualifying_event_rate,county,12,female,0-17,0.004309185998544457,0.0017394630242890822,0.007206481787466529
qualifying_event_rate,county,12,female,18-44,0.010413959331631134,0.006238790142229816,0.014971740159790456
qualifying_event_rate,county,12,female,45-64,0.02603224760708938,0.01873725977612145,0.03475436338964757
qualifying_event_rate,county,12,female,65-74,0.04461142336102397,0.026572092663128488,0.06567117212833559
qualifying_event_rate,county,12,female,75-84,0.03439753438852709,0.006079337855787418,0.06981843100294108
qualifying_event_rate,county,12,female,85+,0.009974384239340498,0.0,0.009974384239340498
person_years_exposure,county,13,male,0-17,1663.0233914908074,1629.4832537004768,1694.3906274747746
person_years_exposure,county,13,male,18-44,1549.2649803887853,1512.3460007274582,1581.3576789904832
person_years_exposure,county,13,male,45-64,1591.5612844266711,1554.9977092744527,1621.4794798243336
person_years_exposure,county,13,male,65-74,401.260958766764,384.2644650157473,417.5175565382923
person_years_exposure,county,13,male,75-84,166.12364720606288,154.3950258436365,176.2536831093389
person_years_exposure,county,13,male,85+,47.68458104005484,41.14825953675341,53.10169443353039
person_years_exposure,county,13,male,18-64,3140.8262648154564,3075.6669413753552,3192.52164294382
person_years_exposure,county,13,male,65+,615.0691870128817,588.1717780703234,638.7194276773592
mortality_rate,county,13,male,0-17,0.0041155393942562185,0.0017727055758836234,0.007225802000560097
mortality_rate,county,13,male,18-44,0.007961499686873891,0.003876490640779453,0.012982415326480444
mortality_rate,county,13,male,45-64,0.0034422272510690835,0.0012423573158906478,0.006335391759643167
mortality_rate,county,13,male,65-74,0.016097934561345197,0.005161164647364792,0.02840525579329933
mortality_rate,county,13,male,75-84,0.004035295818740267,0.0,0.012727114284758884
mortality_rate,county,13,male,85+,0.017155692740974473,0.0,0.05069796660478588
qualifying_event_rate,county,13,male,0-17,0.005353401567772964,0.002402782475547482,0.008738310071909637
qualifying_event_rate,county,13,male,18-44,0.012216604681628034,0.0076639465494711964,0.017703810683545516
qualifying_event_rate,county,13,male,45-64,0.02764059395588851,0.019988598663098066,0.03615781067660781
qualifying_event_rate,county,13,male,65-74,0.045258159373763256,0.028742885562199828,0.06546803080677271
qualifying_event_rate,county,13,male,75-84,0.04237882422341746,0.018386134890333004,0.06922134334677595
qualifying_event_rate,county,13,male,85+,0.022825542539485436,0.0,0.061186768964659646
person_years_exposure,county,13,female,0-17,1645.4883717429193,1615.4199444652938,1673.961997773243
person_years_exposure,county,13,female,18-44,1714.5204528938948,1669.2771275339696,1750.394672696605
person_years_exposure,county,13,female,45-64,1412.085272259168,1373.9623708579059,1445.620370157916
person_years_exposure,county,13,female,65-74,366.85546650435776,346.5405180871922,384.9724148080051
person_years_exposure,county,13,female,75-84,156.33413025459873,140.78225923531602,169.8220438104176
person_years_exposure,county,13,female,85+,37.59779364449438,31.62361964257101,42.55508648051383
person_years_exposure,county,13,female,18-64,3126.605725153063,3057.5994231311843,3184.3827007842087
person_years_exposure,county,13,female,65+,560.7873904034508,529.9649791571086,587.2095882170097
mortality_rate,county,13,female,0-17,0.00048101458499620413,0.0,0.0012465641438287138
mortality_rate,county,13,female,18-44,0.004156716594470852,0.0017294512296357593,0.007119624330999287
mortality_rate,county,13,female,45-64,0.017523120672034435,0.010723266207743404,0.025935544303856552
mortality_rate,county,13,female,65-74,0.012850910701330993,0.005069065417771218,0.024103745671073953
mortality_rate,county,13,female,75-84,0.05328344903506831,0.023803111354266823,0.09250190851274841
mortality_rate,county,13,female,85+,0.006058959928909418,0.0,0.02976180412586039
qualifying_event_rate,county,13,female,0-17,0.004695901176782807,0.0018372768568697174,0.007875199484675037
qualifying_event_rate,county,13,female,18-44,0.01546878978970499,0.010355594186834906,0.021488498468080756
qualifying_event_rate,county,13,female,45-64,0.03422041353007105,0.025233882966494068,0.04529518331086742
qualifying_event_rate,county,13,female,65-74,0.027287350608588497,0.013478256533002723,0.042241643214974575
qualifying_event_rate,county,13,female,75-84,0.04437734755621983,0.01938567061900814,0.07461434219367613
qualifying_event_rate,county,13,female,85+,0.02428636491455442,0.0,0.07081298109858722
person_years_exposure,county,14,male,0-17,1559.2614287471918,1524.9289876632336,1593.3935390257027
person_years_exposure,county,14,male,18-44,1563.1172448729749,1534.542377093037,1591.8345146871109
person_years_exposure,county,14,male,45-64,1483.2430167992077,1445.1353458403453,1514.9367045203546
person_years_exposure,county,14,male,65-74,319.2896542524328,300.19289425464046,336.36381467664853
person_years_exposure,county,14,male,75-84,161.8409853223676,143.84494697906797,178.11223309589514
person_years_exposure,county,14,male,85+,60.873497801954954,50.095620499848025,71.35460653675051
person_years_exposure,county,14,male,18-64,3046.360261672183,2992.3813632566375,3095.3633654930945
person_years_exposure,county,14,male,65+,542.0041373767554,508.8030326230948,573.0133724520938
mortality_rate,county,14,male,0-17,0.009756785248303987,0.0051570552736337014,0.01516968811877819
mortality_rate,county,14,male,18-44,0.008126202998394673,0.004285529146466413,0.01302083938531974
mortality_rate,county,14,male,45-64,0.01875970086988571,0.01201322858577875,0.027373026482737053
mortality_rate,county,14,male,65-74,0.030369346570799118,0.014872689964031554,0.05104741644658323
mortality_rate,county,14,male,75-84,0.06307133506400846,0.029409759422772276,0.10729144459763412
mortality_rate,county,14,male,85+,0.03744057676192289,0.0,0.08898752807579273
qualifying_event_rate,county,14,male,0-17,0.00729292844778867,0.0038191004000252384,0.011454694363707588
qualifying_event_rate,county,14,male,18-44,0.020546645264034772,0.014119547870132218,0.027937971530048223
qualifying_event_rate,county,14,male,45-64,0.03718032737245344,0.0279144056535271,0.04854531999181538
qualifying_event_rate,county,14,male,65-74,0.05878576941789262,0.0372702474390869,0.08229856781931971
qualifying_event_rate,county,14,male,75-84,0.06371181076398144,0.033708871219138695,0.09755960114637297
qualifying_event_rate,county,14,male,85+,0.03675470227744762,0.0,0.07764723134266348
person_years_exposure,county,14,female,0-17,1479.8772212335334,1448.4546359745957,1511.713157968397
person_years_exposure,county,14,female,18-44,1558.0332054632286,1527.5083048233637,1589.047399179543
person_years_exposure,county,14,female,45-64,1386.4189518675196,1355.4094962471747,1414.14503652541
person_years_exposure,county,14,female,65-74,404.8535071954973,381.80922527170446,425.18852118874196
person_years_exposure,county,14,female,75-84,175.8903549457139,155.1455104070493,193.19140839719924
person_years_exposure,county,14,female,85+,17.92755095280542,11.432791416912297,23.248180993966933
person_years_exposure,county,14,female,18-64,2944.4521573307484,2892.553748199305,2993.634852138829
person_years_exposure,county,14,female,65+,598.6714130940165,560.6391183174236,630.0921845045929
mortality_rate,county,14,female,0-17,0.006543181643595249,0.002718850552555039,0.011049129712332576
mortality_rate,county,14,female,18-44,0.009286225782336587,0.005031550006341154,0.014769232084771997
mortality_rate,county,14,female,45-64,0.015372689656716825,0.009238372546420922,0.02328186070193874
mortality_rate,county,14,female,65-74,0.036637546063607,0.01927499787594652,0.05797989932230601
mortality_rate,county,14,female,75-84,0.07552058414212946,0.04092627387167142,0.12406544788810586
mortality_rate,county,14,female,85+,0.04210279365470223,0.0,0.15633580464830538
qualifying_event_rate,county,14,female,0-17,0.006276584358131834,0.0033210157284288707,0.010117883016772066
qualifying_event_rate,county,14,female,18-44,0.01890031925506345,0.012906656780390074,0.026148240065277585
qualifying_event_rate,county,14,female,45-64,0.031163779627580126,0.022718781640928297,0.04116677359979208
qualifying_event_rate,county,14,female,65-74,0.05571053969041039,0.0372117997903751,0.07812017586082307
qualifying_event_rate,county,14,female,75-84,0.04377571143455034,0.02032411357943094,0.07198570267628264
qualifying_event_rate,county,14,female,85+,0.03554479118729004,0.0,0.11544111590592677
person_years_exposure,county,15,male,0-17,813.541802296606,785.4033646879406,842.8167328304053
person_years_exposure,county,15,male,18-44,792.6501842666637,767.743475518591,817.3272102225518
person_years_exposure,county,15,male,45-64,887.9889708475397,854.6144122266392,916.476362690125
person_years_exposure,county,15,male,65-74,259.5935651729775,235.57444989849975,280.98568119689736
person_years_exposure,county,15,male,75-84,84.23478205182676,71.46114400265313,96.09596397101191
person_years_exposure,county,15,male,85+,15.456256693555027,10.032668052852433,22.20760631043361
person_years_exposure,county,15,male,18-64,1680.6391551142033,1633.1570717625568,1722.2371446531495
person_years_exposure,county,15,male,65+,359.28460391835927,326.4690862417736,389.79615106477684
mortality_rate,county,15,male,0-17,0.012284128873941322,0.005947068700413342,0.019960272424496026
mortality_rate,county,15,male,18-44,0.009953648827322524,0.003793860430441022,0.0168934733160789
mortality_rate,county,15,male,45-64,0.029760725296455674,0.018776116327249712,0.043912799175229306
mortality_rate,county,15,male,65-74,0.057112505369141454,0.030786267643851485,0.090205080602275
mortality_rate,county,15,male,75-84,0.058667966895019776,0.020871001382182442,0.11241059481610545
mortality_rate,county,15,male,85+,0.006355796098822313,0.0,0.06393402653400554
qualifying_event_rate,county,15,male,0-17,0.006320021353525291,0.002428011181854829,0.011111468435260927
qualifying_event_rate,county,15,male,18-44,0.016898127675070256,0.009121379484173492,0.02572885467718475
qualifying_event_rate,county,15,male,45-64,0.03212660619804384,0.0220247165355551,0.04446235057207974
qualifying_event_rate,county,15,male,65-74,0.03380323110230808,0.015689240055382338,0.05504571936368626
qualifying_event_rate,county,15,male,75-84,0.05085672789921658,0.012675598795274986,0.09109018854143396
qualifying_event_rate,county,15,male,85+,0.02178842737576957,0.0,0.09197381609793936
person_years_exposure,county,15,female,0-17,918.2617585898746,881.8292292313336,956.3297301110339
person_years_exposure,county,15,female,18-44,973.6446088462291,946.7696241748046,1005.1773868302855
person_years_exposure,county,15,female,45-64,1069.9553734010472,1038.1699518527016,1102.0696175355338
person_years_exposure,county,15,female,65-74,309.5607691537724,280.77582579457453,335.09446487169356
person_years_exposure,county,15,female,75-84,94.78873798988342,78.35548950407089,110.2336227952625
person_years_exposure,county,15,female,85+,12.994574564754231,7.563981637156957,20.23401887796719
person_years_exposure,county,15,female,18-64,2043.5999822472763,1995.0985885406083,2097.333310952315
person_years_exposure,county,15,female,65+,417.34408170841004,378.37320415138265,453.46313862819125
mortality_rate,county,15,female,0-17,0.020282526917041965,0.011786168619437126,0.03097615362721393
mortality_rate,county,15,female,18-44,0.0012051007452713266,0.0,0.003146491155845834
mortality_rate,county,15,female,45-64,0.017467963497244405,0.010153689115095132,0.026562613789471595
mortality_rate,county,15,female,65-74,0.0702985320341399,0.042339103604449944,0.10914945299156187
mortality_rate,county,15,female,75-84,0.07082747728444148,0.028637102173208927,0.13188789968463377
mortality_rate,county,15,female,85+,0.013707146815231754,0.0,0.11728907962964108
qualifying_event_rate,county,15,female,0-17,0.004937785598806703,0.0011045630608422874,0.009382232212858315
qualifying_event_rate,county,15,female,18-44,0.011993220433556493,0.006208889281436686,0.01871309266642058
qualifying_event_rate,county,15,female,45-64,0.029798263827261036,0.020982690673826743,0.04104485370357391
qualifying_event_rate,county,15,female,65-74,0.05137181369048167,0.031001130701986394,0.07468378742283002
qualifying_event_rate,county,15,female,75-84,0.03886269319015775,0.010363863655548295,0.0736221176849816
qualifying_event_rate,county,15,female,85+,0.018742609905102445,0.0,0.09938375382478817
person_years_exposure,county,16,male,0-17,2353.6847460452996,2300.608103036094,2400.658046705308
person_years_exposure,county,16,male,18-44,2526.254415083251,2466.4817537504937,2574.0055628138593
person_years_exposure,county,16,male,45-64,2491.9557251787055,2432.6820342781853,2542.7130044795804
person_years_exposure,county,16,male,65-74,899.1537764770148,858.8177415780809,932.4953216052644
person_years_exposure,county,16,male,75-84,355.7351266861972,331.2728360348769,377.3982460659944
person_years_exposure,county,16,male,85+,99.15024944196863,86.53439905432606,110.26307634013966
person_years_exposure,county,16,male,18-64,5018.210140261956,4908.060273843175,5104.805709939944
person_years_exposure,county,16,male,65+,1354.0391526051806,1288.4332213767707,1405.8809681289677
mortality_rate,county,16,male,0-17,0.012330441748842194,0.007961296553330456,0.01808769804230246
mortality_rate,county,16,male,18-44,0.02017562035545037,0.013722740987089916,0.028880873616203222
mortality_rate,county,16,male,45-64,0.015710904696528014,0.010395679818655438,0.0225819048481773
mortality_rate,county,16,male,65-74,0.03589475258637814,0.023413385967655142,0.051871515097372964
mortality_rate,county,16,male,75-84,0.03681345412321268,0.01906443890252425,0.05877149188673087
mortality_rate,county,16,male,85+,0.03446729731634123,0.009165996846124626,0.07187057950552372
qualifying_event_rate,county,16,male,0-17,0.014237566115770308,0.009847995780994425,0.0192984535664629
qualifying_event_rate,county,16,male,18-44,0.025542694102673562,0.019628743228493978,0.033294339279095836
qualifying_event_rate,county,16,male,45-64,0.028531650324526227,0.022156110376625404,0.036834647682211924
qualifying_event_rate,county,16,male,65-74,0.054483193879464625,0.040896702836727875,0.0721249592587923
qualifying_event_rate,county,16,male,75-84,0.053320810304089014,0.034420606541482074,0.07528774440837958
qualifying_event_rate,county,16,male,85+,0.040456851709995995,0.010120212235750176,0.07561811820621182
person_years_exposure,county,16,female,0-17,2360.7566348091354,2316.5834537457945,2402.444662624069
person_years_exposure,county,16,female,18-44,2516.0518987317723,2458.8387569188303,2560.6528015903837
person_years_exposure,county,16,female,45-64,2380.9490712733627,2345.094946065415,2412.083568794419
person_years_exposure,county,16,female,65-74,846.9448028131861,809.8160103658861,877.056421675075
person_years_exposure,county,16,female,75-84,314.11791361914493,285.9313458080964,336.6217935459829
person_years_exposure,county,16,female,85+,77.3344546586476,64.13188451283078,88.27203510054946
person_years_exposure,county,16,female,18-64,4897.000970005135,4813.0890945951405,4963.507808006437
person_years_exposure,county,16,female,65+,1238.3971710909786,1174.4153113380275,1287.3262526949097
mortality_rate,county,16,female,0-17,0.007092287199630667,0.003831377743523945,0.010833175214725588
mortality_rate,county,16,female,18-44,0.01814560083618019,0.01222992874060729,0.025679666434900578
mortality_rate,county,16,female,45-64,0.009134602541442997,0.0054039818065818096,0.01366010300628311
mortality_rate,county,16,female,65-74,0.03171844191264899,0.01980948305016813,0.04699531477224997
mortality_rate,county,16,female,75-84,0.06547760617351994,0.039379280062666694,0.1014155853885766
mortality_rate,county,16,female,85+,0.007970467573435917,0.0,0.02846786832843655
qualifying_event_rate,county,16,female,0-17,0.013983533187303299,0.009709472686575,0.019143711600773924
qualifying_event_rate,county,16,female,18-44,0.024061522376790195,0.018240260111729183,0.031297802753737884
qualifying_event_rate,county,16,female,45-64,0.029205831613634804,0.022577241086216927,0.03741918789153602
qualifying_event_rate,county,16,female,65-74,0.0401200787520447,0.028647534164141324,0.05430859766328696
qualifying_event_rate,county,16,female,75-84,0.056451417507783014,0.035412581059361584,0.0804385021059612
qualifying_event_rate,county,16,female,85+,0.03493551898118564,0.0,0.07169391826979336
person_years_exposure,county,17,male,0-17,1075.8591956586165,1048.9940963631977,1103.8781932429495
person_years_exposure,county,17,male,18-44,1282.0034319180897,1257.6499579620759,1305.51356043705
person_years_exposure,county,17,male,45-64,1080.0711864066159,1053.1306534272705,1104.027844919635
person_years_exposure,county,17,male,65-74,291.04849014270343,273.9089990081098,306.7643084033582
person_years_exposure,county,17,male,75-84,160.70159413675654,143.2200330437144,177.32155754251312
person_years_exposure,county,17,male,85+,31.33380558885067,23.744561044310686,37.91221703594298
person_years_exposure,county,17,male,18-64,2362.0746183247056,2319.3824885014546,2400.10240277028
person_years_exposure,county,17,male,65+,483.0838898683107,452.8502797149966,509.86452409737336
mortality_rate,county,17,male,0-17,0.009586723695228562,0.00457734475241108,0.01541294143700085
mortality_rate,county,17,male,18-44,0.008104731606012786,0.0038579228308774616,0.013403086670983033
mortality_rate,county,17,male,45-64,0.01650068522162335,0.00945922564997668,0.02519185223931247
mortality_rate,county,17,male,65-74,0.031700971889755514,0.013571766280491133,0.053820489270402505
mortality_rate,county,17,male,75-84,0.06254243345189367,0.030120692736849516,0.10482010805513439
mortality_rate,county,17,male,85+,0.03609237280916247,0.0,0.11017564331557637
qualifying_event_rate,county,17,male,0-17,0.006564520737006387,0.0027889423591585566,0.011264848416176022
qualifying_event_rate,county,17,male,18-44,0.018406295861695475,0.012399691675277876,0.025553269307412214
qualifying_event_rate,county,17,male,45-64,0.032623697216038194,0.02305561330319833,0.044102929038382616
qualifying_event_rate,county,17,male,65-74,0.05459751415022396,0.03399317793330905,0.07821979170778728
qualifying_event_rate,county,17,male,75-84,0.05682796836989659,0.029423587053926743,0.08965594081636245
qualifying_event_rate,county,17,male,85+,0.03254092728851969,0.0,0.08903381384851755
person_years_exposure,county,17,female,0-17,1105.9667054647994,1080.4076506574395,1133.2088602194967
person_years_exposure,county,17,female,18-44,1202.779517214789,1177.6943824650818,1228.298028790583
person_years_exposure,county,17,female,45-64,1220.4684998727944,1191.5058127743418,1245.7523655696584
person_years_exposure,county,17,female,65-74,296.2794234752525,277.67647295165676,312.6123286753853
person_years_exposure,county,17,female,75-84,125.29761034269902,109.36938880671252,139.14861534367512
person_years_exposure,county,17,female,85+,34.791585370385576,26.38828131121227,41.68602300817931
person_years_exposure,county,17,female,18-64,2423.2480170875833,2378.030330133823,2464.9682498230986
person_years_exposure,county,17,female,65+,456.36861918833705,425.4082014679177,483.1613773683708
mortality_rate,county,17,female,0-17,0.006496631913282027,0.002670983354873242,0.011217195986503947
mortality_rate,county,17,female,18-44,0.009529116198944424,0.004901761814304526,0.015365875410895034
mortality_rate,county,17,female,45-64,0.01594026379687611,0.00967376004004645,0.023910108384251443
mortality_rate,county,17,female,65-74,0.03403979338404785,0.01616486988205889,0.0562401872392127
mortality_rate,county,17,female,75-84,0.07430419620420636,0.03537879221305061,0.12527410312770076
mortality_rate,county,17,female,85+,0.06221160035314377,0.0,0.15572431485564453
qualifying_event_rate,county,17,female,0-17,0.005655138170385966,0.0018459014437366128,0.009913097469676535
qualifying_event_rate,county,17,female,18-44,0.017512333940700574,0.01096000813990384,0.024525604321481098
qualifying_event_rate,county,17,female,45-64,0.028407860130035014,0.01972827060098465,0.038657721541992866
qualifying_event_rate,county,17,female,65-74,0.04988206681551932,0.030149570902081004,0.07253814087214054
qualifying_event_rate,county,17,female,75-84,0.0399237695713858,0.015102967432531048,0.07083431674523906
qualifying_event_rate,county,17,female,85+,0.03714290809485854,0.0,0.09068507561688512
person_years_exposure,state,0,male,0-17,7481.99473501342,7373.024024510016,7572.779013165914
person_years_exposure,state,0,male,18-44,7325.072896359491,7191.375672902438,7429.113059525017
person_years_exposure,state,0,male,45-64,6730.550676941576,6609.36006378918,6820.6262333651675
person_years_exposure,state,0,male,65-74,1775.8479757115683,1726.2791605761756,1818.3662958790048
person_years_exposure,state,0,male,75-84,839.1342423841619,803.6929943956417,870.2063184730775
person_years_exposure,state,0,male,85+,162.60435896747086,148.94862206892248,175.254339266088
person_years_exposure,state,0,male,18-64,14055.623573301067,13810.074591164852,14233.060410904258
person_years_exposure,state,0,male,65+,2777.5865770632013,2693.277417783179,2847.816834560239
mortality_rate,state,0,male,0-17,0.004298927213986112,0.002800032934519542,0.006186873227220491
mortality_rate,state,0,male,18-44,0.008182512426571005,0.005791829879446472,0.01142245956548722
mortality_rate,state,0,male,45-64,0.0035850550258711695,0.0022197072139259425,0.005362598073267514
mortality_rate,state,0,male,65-74,0.016500424864357446,0.010613311134066565,0.023986688734636386
mortality_rate,state,0,male,75-84,0.004200409975682817,0.0011510319197950774,0.00841287300778835
mortality_rate,state,0,male,85+,0.017118680476538257,0.0,0.03586708007169438
qualifying_event_rate,state,0,male,0-17,0.004775722900008952,0.0033202157884382917,0.006588205975661975
qualifying_event_rate,state,0,male,18-44,0.01074354709345104,0.008261543718080166,0.014032348114550855
qualifying_event_rate,state,0,male,45-64,0.024788729018353436,0.020422295926044037,0.03141736584337219
qualifying_event_rate,state,0,male,65-74,0.04083022605518075,0.03183841379181293,0.05267425168924085
qualifying_event_rate,state,0,male,75-84,0.03843997997848058,0.02677642099661515,0.05190966909860095
qualifying_event_rate,state,0,male,85+,0.01908844826234758,0.00572173834550166,0.03729524217980613
person_years_exposure,state,0,female,0-17,7635.471364149832,7539.901812022901,7721.868765223032
person_years_exposure,state,0,female,18-44,7463.407916142523,7304.819282941259,7593.124401918757
person_years_exposure,state,0,female,45-64,6676.837569891749,6526.156625693891,6788.3138409699195
person_years_exposure,state,0,female,65-74,1889.6467856424472,1823.44060243639,1942.7431838623525
person_years_exposure,state,0,female,75-84,755.0714337139558,708.2569948265169,794.2126023206433
person_years_exposure,state,0,female,85+,146.53980463598137,132.92646370914653,158.43827865602216
person_years_exposure,state,0,female,18-64,14140.245486034273,13865.920026847463,14365.476145359218
person_years_exposure,state,0,female,65+,2791.2580239923846,2681.0077233339816,2872.917125762725
mortality_rate,state,0,female,0-17,0.0005169642366197921,0.00013040649577228378,0.0010439884983404583
mortality_rate,state,0,female,18-44,0.0042565511007233384,0.0027777782078341087,0.00611018307204341
mortality_rate,state,0,female,45-64,0.01873028671465458,0.014057491075040337,0.025707849775593646
mortality_rate,state,0,female,65-74,0.013839584751523509,0.008727965671950529,0.020502543962689163
mortality_rate,state,0,female,75-84,0.05332052258815201,0.03603038353918421,0.07691730690380415
mortality_rate,state,0,female,85+,0.006515537562211625,0.0,0.02040053747398995
qualifying_event_rate,state,0,female,0-17,0.004076944702773578,0.0027500087061737796,0.005618542046177723
qualifying_event_rate,state,0,female,18-44,0.0137549447465113,0.01095494940231164,0.017575548612472933
qualifying_event_rate,state,0,female,45-64,0.03072880849691063,0.025419649062118275,0.03883694022936392
qualifying_event_rate,state,0,female,65-74,0.024048220539788334,0.017567732142254128,0.03186306561981854
qualifying_event_rate,state,0,female,75-84,0.037785836208269655,0.02571639456360671,0.05170889311934185
qualifying_event_rate,state,0,female,85+,0.021062993979055387,0.005543818866238197,0.042046056342814296
person_years_exposure,state,1,male,0-17,2835.661392648398,2780.8928992265737,2886.4555486839245
person_years_exposure,state,1,male,18-44,2629.985424564674,2576.047786683675,2678.288130451572
person_years_exposure,state,1,male,45-64,2444.307849741789,2361.009071374002,2509.5603284114027
person_years_exposure,state,1,male,65-74,747.2677595982009,704.9252541312201,780.7588530590842
person_years_exposure,state,1,male,75-84,253.9290255697186,220.9865766205048,282.1821545779653
person_years_exposure,state,1,male,85+,24.28615617420593,18.668169684895688,28.807369000104753
person_years_exposure,state,1,male,18-64,5074.293274306463,4950.350484498131,5181.332889365575
person_years_exposure,state,1,male,65+,1025.4829413421253,956.5851188758269,1079.091236906615
mortality_rate,state,1,male,0-17,0.0061348948150513685,0.003488795427777756,0.00953698988050525
mortality_rate,state,1,male,18-44,0.0066081714251806966,0.0037629657240897604,0.01041989646209768
mortality_rate,state,1,male,45-64,0.02517527930002783,0.017343080679185524,0.036266711654841695
mortality_rate,state,1,male,65-74,0.037297332036626385,0.02295051912232033,0.05652094759796635
mortality_rate,state,1,male,75-84,0.07118157097297712,0.04076049961836397,0.1117192026823363
mortality_rate,state,1,male,85+,0.007013678670549094,0.0,0.047141467074975
qualifying_event_rate,state,1,male,0-17,0.011746322687311782,0.008083478251600244,0.01602662489918283
qualifying_event_rate,state,1,male,18-44,0.016985783595604664,0.01233907043763847,0.022644852046399423
qualifying_event_rate,state,1,male,45-64,0.015073485234334185,0.010644475166330988,0.020378305476267216
qualifying_event_rate,state,1,male,65-74,0.04982212636875768,0.03525749230675545,0.06623894974293906
qualifying_event_rate,state,1,male,75-84,0.03439902412432089,0.016722532781902028,0.05582246588693681
qualifying_event_rate,state,1,male,85+,0.017586809439444646,0.0,0.07158631793597883
person_years_exposure,state,1,female,0-17,2690.5589009107944,2627.5934765671045,2752.0514485605017
person_years_exposure,state,1,female,18-44,2622.1364562659446,2560.050178108949,2676.986054169319
person_years_exposure,state,1,female,45-64,2520.741362894787,2469.7573646787478,2564.3684275545816
person_years_exposure,state,1,female,65-74,754.7333135534508,724.5501719211094,779.7684513824724
person_years_exposure,state,1,female,75-84,333.82521177092906,312.3257857124062,351.8100576646465
person_years_exposure,state,1,female,85+,56.19006451060408,49.20876734594273,61.773188966509366
person_years_exposure,state,1,female,18-64,5142.877819160732,5047.143152805964,5230.057193060894
person_years_exposure,state,1,female,65+,1144.748589834984,1098.1111152747706,1184.7498038525528
mortality_rate,state,1,female,0-17,0.00405461470618877,0.0018813295866061761,0.006654573900081657
mortality_rate,state,1,female,18-44,0.0014411182090543126,0.0003771811231130184,0.0027266337048245585
mortality_rate,state,1,female,45-64,0.014609843461471832,0.009484604518315655,0.021171940192025167
mortality_rate,state,1,female,65-74,0.012684271404990812,0.006377169801854369,0.0210234809983887
mortality_rate,state,1,female,75-84,0.02087257722930262,0.00852969860742479,0.03683515317875732
mortality_rate,state,1,female,85+,0.020531114831382955,0.0,0.05798624996135921
qualifying_event_rate,state,1,female,0-17,0.009263620431358238,0.006041240920202593,0.012763182622885208
qualifying_event_rate,state,1,female,18-44,0.020417734481195136,0.015209557306406725,0.026773793977851096
qualifying_event_rate,state,1,female,45-64,0.01643745404523258,0.011813842733408365,0.022114887228995735
qualifying_event_rate,state,1,female,65-74,0.02579812335741169,0.015875738743612294,0.036704949288850826
qualifying_event_rate,state,1,female,75-84,0.02619598671793766,0.011988896722519632,0.04161958059139334
qualifying_event_rate,state,1,female,85+,0.018210845943712414,0.0,0.052026472576898276
person_years_exposure,state,2,male,0-17,3435.2508057282926,3347.445035303532,3526.8629654795363
person_years_exposure,state,2,male,18-44,3809.072858222095,3734.4028938716347,3894.525503380028
person_years_exposure,state,2,male,45-64,3066.065299555323,2971.273058060107,3135.5780554057155
person_years_exposure,state,2,male,65-74,918.6774030546994,854.2818709432344,975.834936161372
person_years_exposure,state,2,male,75-84,308.5119119210751,277.9882526113252,336.08871679407076
person_years_exposure,state,2,male,85+,45.3383084330362,33.8716876645701,60.961281767153494
person_years_exposure,state,2,male,18-64,6875.138157777417,6725.122832397677,7009.63415614393
person_years_exposure,state,2,male,65+,1272.5276234088108,1177.651900634086,1360.5564291315873
mortality_rate,state,2,male,0-17,0.012469238305998664,0.008559823751292779,0.01751104616603579
mortality_rate,state,2,male,18-44,0.009978980401102403,0.006582821911896645,0.014155336213010426
mortality_rate,state,2,male,45-64,0.02901631504803894,0.021117574847465653,0.040236076067524044
mortality_rate,state,2,male,65-74,0.055989384135904284,0.03832836646452895,0.0796802635889104
mortality_rate,state,2,male,75-84,0.05984660144904184,0.035417804132806936,0.09200491591765117
mortality_rate,state,2,male,85+,0.006675103944274121,0.0,0.03287580093345001
qualifying_event_rate,state,2,male,0-17,0.0062214002764694794,0.003994113337687961,0.008827515779966584
qualifying_event_rate,state,2,male,18-44,0.01669024104126786,0.012592948381479858,0.021749957751305615
qualifying_event_rate,state,2,male,45-64,0.0316525985490253,0.02512920642647219,0.04057683090378746
qualifying_event_rate,state,2,male,65-74,0.033215355518499516,0.022820218020505666,0.04528650958129797
qualifying_event_rate,state,2,male,75-84,0.051505745342407316,0.03200231615257521,0.07533393633633124
qualifying_event_rate,state,2,male,85+,0.024291081650752454,0.0,0.06620785131779434
person_years_exposure,state,2,female,0-17,3488.87614307061,3380.9353706083416,3592.4668334893763
person_years_exposure,state,2,female,18-44,3908.5646974898923,3828.4172324165925,4009.538805090277
person_years_exposure,state,2,female,45-64,3538.561560180369,3452.9062773979217,3623.1215886136856
person_years_exposure,state,2,female,65-74,863.4613420374254,797.4528340940429,917.5645038103569
person_years_exposure,state,2,female,75-84,271.07268054881536,233.34242100783277,305.91455827573975
person_years_exposure,state,2,female,85+,33.94907446475817,23.540814843351264,48.87005501040274
person_years_exposure,state,2,female,18-64,7447.126257670261,7293.282114457923,7619.1384378578305
person_years_exposure,state,2,female,65+,1168.483097050999,1068.6253598503022,1253.421136763975
mortality_rate,state,2,female,0-17,0.02065688606855026,0.014569906046161232,0.02894047658072605
mortality_rate,state,2,female,18-44,0.0011782171231593636,0.0002565226000907207,0.002291152325253033
mortality_rate,state,2,female,45-64,0.0172495442514327,0.012081619562485478,0.023825739251818225
mortality_rate,state,2,female,65-74,0.06929106180142709,0.04879695712831452,0.09973803524408362
mortality_rate,state,2,female,75-84,0.0743674521842977,0.044653737244038656,0.11607864147482226
mortality_rate,state,2,female,85+,0.009986670479276523,0.0,0.046995239447855774
qualifying_event_rate,state,2,female,0-17,0.004823645458416436,0.002843747688968171,0.007065632402848416
qualifying_event_rate,state,2,female,18-44,0.011614079330297674,0.008398887981731922,0.015479398990936602
qualifying_event_rate,state,2,female,45-64,0.02917909887273285,0.0230937783036195,0.03758431252316572
qualifying_event_rate,state,2,female,65-74,0.05050312719783178,0.03633759720712214,0.06734361671473076
qualifying_event_rate,state,2,female,75-84,0.04057338989073226,0.022030595404745508,0.06288812359474229
qualifying_event_rate,state,2,female,85+,0.018295407085646035,0.0,0.06489990775066945
person_years_exposure,state,3,male,0-17,2586.977954296381,2524.6099827899834,2651.4775413102316
person_years_exposure,state,3,male,18-44,2611.844694187905,2541.4343057057754,2674.0182237856625
person_years_exposure,state,3,male,45-64,2662.3909763042434,2581.1665156317426,2741.3777965435797
person_years_exposure,state,3,male,65-74,943.1177104041358,896.2668097623504,985.8599101432513
person_years_exposure,state,3,male,75-84,436.37786199066676,382.719672616255,481.3779545217004
person_years_exposure,state,3,male,85+,75.21041068361554,62.80184182775432,85.91870512892582
person_years_exposure,state,3,male,18-64,5274.2356704921485,5130.3475277954985,5404.290184945723
person_years_exposure,state,3,male,65+,1454.705983078418,1357.361719456831,1533.0586323788445
mortality_rate,state,3,male,0-17,0.010750961350022242,0.0068026502251809316,0.015743018353402836
mortality_rate,state,3,male,18-44,0.022193814587824674,0.015209305455225943,0.0311452802784538
mortality_rate,state,3,male,45-64,0.020699571194836522,0.013978445861445726,0.029310902210872902
mortality_rate,state,3,male,65-74,0.028625863236288147,0.017656936824963342,0.04345327040381686
mortality_rate,state,3,male,75-84,0.10778303421970552,0.072911540990745,0.15989429861736182
mortality_rate,state,3,male,85+,0.036117740289625014,0.0,0.0808174611086933
qualifying_event_rate,state,3,male,0-17,0.012944942647997287,0.008945764276355813,0.017624184015187325
qualifying_event_rate,state,3,male,18-44,0.012844130845394945,0.008746788946272437,0.017517159929363278
qualifying_event_rate,state,3,male,45-64,0.0343776914372665,0.027124216537495797,0.04428180750726267
qualifying_event_rate,state,3,male,65-74,0.049524591698352625,0.03677694835269871,0.06591143314227674
qualifying_event_rate,state,3,male,75-84,0.028207259150874558,0.01586927926483873,0.042965582325551574
qualifying_event_rate,state,3,male,85+,0.02456641502221512,0.0,0.05582984975884986
person_years_exposure,state,3,female,0-17,2419.077553731752,2347.0741773310997,2490.4972645572034
person_years_exposure,state,3,female,18-44,2498.003335553831,2421.4797091715573,2579.5095011584535
person_years_exposure,state,3,female,45-64,2876.978255916171,2807.0426367912773,2948.664406510903
person_years_exposure,state,3,female,65-74,881.8742681126735,847.7078493103974,915.7943963973418
person_years_exposure,state,3,female,75-84,390.0801431811404,361.6642412788169,417.96000754736497
person_years_exposure,state,3,female,85+,59.74043796365175,51.7061046271149,66.54727003419035
person_years_exposure,state,3,female,18-64,5374.981591470002,5239.279896833326,5514.332223517402
person_years_exposure,state,3,female,65+,1331.6948492574656,1275.1639238429357,1388.3039060555175
mortality_rate,state,3,female,0-17,0.014798545036216595,0.009637957785394533,0.02108998180067904
mortality_rate,state,3,female,18-44,0.0077440755531301515,0.004660054229032765,0.011651708477878834
mortality_rate,state,3,female,45-64,0.01576377947521459,0.010684106780357541,0.022722078272281652
mortality_rate,state,3,female,65-74,0.012911398915310257,0.0065336692172049465,0.02134980824366217
mortality_rate,state,3,female,75-84,0.03628445070270951,0.01838680502368167,0.05842056705298978
mortality_rate,state,3,female,85+,0.0202141490817951,0.0,0.05696081745573128
qualifying_event_rate,state,3,female,0-17,0.008705216464645497,0.0053788102594585436,0.012481378336085326
qualifying_event_rate,state,3,female,18-44,0.019398305262573485,0.014252588833015323,0.025669973238152257
qualifying_event_rate,state,3,female,45-64,0.02575384835334985,0.019818510660845022,0.033410923056007055
qualifying_event_rate,state,3,female,65-74,0.03208941359130843,0.021920987572182193,0.044455754219279976
qualifying_event_rate,state,3,female,75-84,0.03718668903231871,0.02100412614577697,0.05445371182862843
qualifying_event_rate,state,3,female,85+,0.017275808742046102,0.0,0.04719528753402721
person_years_exposure,state,4,male,0-17,12952.355063671968,12755.553032060865,13114.33736054403
person_years_exposure,state,4,male,18-44,13380.508832779042,13193.67158043866,13562.755997696895
person_years_exposure,state,4,male,45-64,12320.90566382938,12062.832641763103,12489.98959132789
person_years_exposure,state,4,male,65-74,3464.158673647479,3320.061514795275,3564.1423777274877
person_years_exposure,state,4,male,75-84,1504.5063097517402,1388.6035945239837,1589.5371713850293
person_years_exposure,state,4,male,85+,254.6111215773641,223.39145392773852,284.89857884870224
person_years_exposure,state,4,male,18-64,25701.41449660842,25287.95142012725,26021.403544834244
person_years_exposure,state,4,male,65+,5223.276104976584,4950.764903932412,5416.018525090707
mortality_rate,state,4,male,0-17,0.010757971331711013,0.008208638220916529,0.014902284922944167
mortality_rate,state,4,male,18-44,0.009001435537664708,0.006709271070965672,0.012412517339718813
mortality_rate,state,4,male,45-64,0.020321956013359357,0.015709439411195396,0.027743767547532553
mortality_rate,state,4,male,65-74,0.03420245536459951,0.02541029690332874,0.047094838122036936
mortality_rate,state,4,male,75-84,0.07023466149115684,0.051325096428099154,0.09941618727897279
mortality_rate,state,4,male,85+,0.04002161258082238,0.019239357071707874,0.06715351052614989
qualifying_event_rate,state,4,male,0-17,0.006583247159943632,0.005118947735870143,0.008571017205742585
qualifying_event_rate,state,4,male,18-44,0.018455313778291103,0.015350263976366341,0.023420519465687854
qualifying_event_rate,state,4,male,45-64,0.03358443457236457,0.028747583188118424,0.042095642898661044
qualifying_event_rate,state,4,male,65-74,0.05386080312305049,0.04484313584464602,0.067806634942577
qualifying_event_rate,state,4,male,75-84,0.05775557646442414,0.04654693969695061,0.07382702868188128
qualifying_event_rate,state,4,male,85+,0.03250880771774494,0.015411300919354344,0.05185404177147203
person_years_exposure,state,4,female,0-17,12711.649586582967,12538.744502508907,12874.631512698294
person_years_exposure,state,4,female,18-44,13291.518878230958,13092.513132821749,13490.732570534512
person_years_exposure,state,4,female,45-64,12579.141282337729,12332.953738322381,12745.083797707513
person_years_exposure,state,4,female,65-74,3837.9674816354686,3662.7279739733654,3945.381677356933
person_years_exposure,state,4,female,75-84,1545.8983609018962,1409.3980899228397,1628.859008749486
person_years_exposure,state,4,female,85+,189.82029339515225,166.10263007261392,208.89911793875015
person_years_exposure,state,4,female,18-64,25870.66016056869,25455.853436327772,26208.118010638245
person_years_exposure,state,4,female,65+,5573.686135932518,5258.549099095051,5762.838013965465
mortality_rate,state,4,female,0-17,0.007271680828215591,0.005322407219921293,0.010210592479835027
mortality_rate,state,4,female,18-44,0.010556689631488857,0.007906202453314607,0.014489458631251576
mortality_rate,state,4,female,45-64,0.017551105204712373,0.013513828525836933,0.024078569575856714
mortality_rate,state,4,female,65-74,0.03915634898557473,0.029479307528260234,0.05382910103354258
mortality_rate,state,4,female,75-84,0.08002726631146975,0.05983129458927653,0.11418564036459063
mortality_rate,state,4,female,85+,0.05533875301221398,0.02883880225232297,0.09089853096134945
qualifying_event_rate,state,4,female,0-17,0.005679460561609683,0.004343738272721234,0.007417795469514014
qualifying_event_rate,state,4,female,18-44,0.0173522658327404,0.014394081003116609,0.02196129552681456
qualifying_event_rate,state,4,female,45-64,0.028386110947437808,0.024247276288624154,0.035427330144241036
qualifying_event_rate,state,4,female,65-74,0.05015714714296034,0.04199831794412912,0.06322957640030817
qualifying_event_rate,state,4,female,75-84,0.03953852898982537,0.02993398339197318,0.052352217000402705
qualifying_event_rate,state,4,female,85+,0.03582027074051398,0.015502580371395867,0.059054486876533814
person_years_exposure,state,5,male,0-17,6842.175454405085,6720.666028712511,6945.340729897332
person_years_exposure,state,5,male,18-44,7021.31438350331,6886.741091702546,7119.586004694168
person_years_exposure,state,5,male,45-64,6737.148652039796,6599.615605124918,6852.3738858645465
person_years_exposure,state,5,male,65-74,2141.3625586310054,2062.6276191038,2201.213136360057
person_years_exposure,state,5,male,75-84,921.9620402720415,873.8871147824291,961.7573042172704
person_years_exposure,state,5,male,85+,207.70301946635698,187.07050808674936,225.32999268450163
person_years_exposure,state,5,male,18-64,13758.463035543105,13502.454007279708,13953.635411694375
person_years_exposure,state,5,male,65+,3271.027618369404,3139.6509820590604,3372.18499161375
mortality_rate,state,5,male,0-17,0.010704160771936543,0.007676257313972504,0.014838062220979718
mortality_rate,state,5,male,18-44,0.017574962363214302,0.013032602753449082,0.024304952417051516
mortality_rate,state,5,male,45-64,0.013623666733397741,0.01003196085040399,0.018762959996981285
mortality_rate,state,5,male,65-74,0.03167150626030468,0.022591193429249364,0.043899312319058754
mortality_rate,state,5,male,75-84,0.03301009959218898,0.021280908332795397,0.04896212305981509
mortality_rate,state,5,male,85+,0.02994101385252277,0.010425305501807926,0.05352349612199463
qualifying_event_rate,state,5,male,0-17,0.01274436536699423,0.009920523664616742,0.016588185914696553
qualifying_event_rate,state,5,male,18-44,0.02292064187051745,0.01866721858502738,0.029413047509093296
qualifying_event_rate,state,5,male,45-64,0.02563021427660755,0.02103986058963548,0.032357164795371006
qualifying_event_rate,state,5,male,65-74,0.0494953731614528,0.03959272892002492,0.06296721567028957
qualifying_event_rate,state,5,male,75-84,0.04878866694132293,0.03597927146668758,0.06437687740655836
qualifying_event_rate,state,5,male,85+,0.03672328969626796,0.01720078829047713,0.05990578057411326
person_years_exposure,state,5,female,0-17,6945.096342651562,6848.584245227399,7031.378996026879
person_years_exposure,state,5,female,18-44,7039.040141588311,6913.841109600609,7131.850615402937
person_years_exposure,state,5,female,45-64,6909.587789554939,6827.38648197208,6980.081697916379
person_years_exposure,state,5,female,65-74,2072.2871667792447,2000.221139915815,2128.5738072866275
person_years_exposure,state,5,female,75-84,869.5566800338672,813.7267711280737,911.6484334206282
person_years_exposure,state,5,female,85+,172.8844543799973,154.37155203406405,190.34060321535864
person_years_exposure,state,5,female,18-64,13948.62793114325,13751.980820233925,14100.792129048677
person_years_exposure,state,5,female,65+,3114.728301193109,2986.694194465872,3214.9949521505887
mortality_rate,state,5,female,0-17,0.006251881864956642,0.004187172595065727,0.008942885529801305
mortality_rate,state,5,female,18-44,0.015825845011163128,0.011704076249903867,0.021889266003318118
mortality_rate,state,5,female,45-64,0.007592060396395792,0.005193898171628129,0.01075167372726711
mortality_rate,state,5,female,65-74,0.028183450494875282,0.01957870212601284,0.03991513799472617
mortality_rate,state,5,female,75-84,0.0570574995148712,0.03953884480273789,0.08159185806704836
mortality_rate,state,5,female,85+,0.007185124622200395,0.0,0.019498801516061218
qualifying_event_rate,state,5,female,0-17,0.01253033936017006,0.00987250387905952,0.01612536853725892
qualifying_event_rate,state,5,female,18-44,0.021674672424839638,0.017690917529504215,0.027474189898195594
qualifying_event_rate,state,5,female,45-64,0.026054786119570524,0.021507230923170778,0.03283224550580793
qualifying_event_rate,state,5,female,65-74,0.03631616999179296,0.028091809146387883,0.046909819554574704
qualifying_event_rate,state,5,female,75-84,0.0507260066932491,0.03737444193086451,0.0667335652832434
qualifying_event_rate,state,5,female,85+,0.03231510065251666,0.011835271022553304,0.05578098680400976
