estimand,level,unit,sex,age_band,estimate,lower,upper
children_under_16,county,0,,,581.6348255848446,270.6977489515067,892.5719022181826
children_under_16,county,1,,,2402.8251119634556,1715.5576034102446,3090.0926205166666
children_under_16,county,2,,,1331.0889497999378,780.1097496749843,1882.0681499248913
children_under_16,county,3,,,999.8565205636057,270.8143984213318,1728.8986427058796
children_under_16,county,4,,,692.0607183770143,434.09727093334186,950.0241658206867
children_under_16,county,5,,,1372.6062763918765,833.8182921625288,1911.394260621224
children_under_16,county,6,,,487.69323275601636,300.5824321119303,674.8040334001024
children_under_16,county,7,,,246.42601810926834,126.60721486324847,366.2448213552882
children_under_16,county,8,,,702.0915681587912,468.59285414164435,935.5902821759381
children_under_16,county,9,,,622.1464010065106,258.1775459930548,986.1152560199664
children_under_16,county,10,,,523.898654341329,252.45798498297177,795.3393236996862
children_under_16,county,11,,,789.3390173957323,477.7475062430385,1100.930528548426
children_under_16,county,12,,,734.2524056976144,478.26062840902017,990.2441829862087
children_under_16,county,13,,,497.091630953777,272.24477268799376,721.9384892195602
children_under_16,county,14,,,1163.7684458777453,833.1545639542641,1494.3823278012264
children_under_16,county,15,,,628.6248109910842,186.28194710139792,1070.9676748807706
children_under_16,county,16,,,1003.0104284635499,607.5080706618155,1398.5127862652844
children_under_16,county,17,,,462.25678549199273,300.6657646953313,623.8478062886542
children_under_16,nation,0,,,15240.671801924147,12682.97657292433,17798.367030923964
children_under_16,state,0,,,1999.5986539716614,1183.1507588005297,2816.046549142793
children_under_16,state,1,,,3566.593557841201,2723.605123102905,4409.581992579497
children_under_16,state,2,,,4380.955423815118,3324.0538405569014,5437.857007073334
children_under_16,state,3,,,999.8565205636057,288.42085178137813,1711.2921893458333
children_under_16,state,4,,,1695.0711468405643,1126.9928143578045,2263.149479323324
children_under_16,state,5,,,2598.5964988919964,1822.6704022610484,3374.5225955229444
elders_65_plus,county,0,,,306.8561800884339,142.81345192539584,470.898908251472
elders_65_plus,county,1,,,1127.3001320577025,804.8643670519361,1449.7358970634689
elders_65_plus,county,2,,,559.0397568096564,327.6357788175559,790.4437348017569
elders_65_plus,county,3,,,591.2485156103236,160.1415880973188,1022.3554431233283
elders_65_plus,county,4,,,343.4559947943075,215.43385727129706,471.478132317318
elders_65_plus,county,5,,,625.9876932473687,380.26927187768695,871.7061146170505
elders_65_plus,county,6,,,187.45865360439078,115.53733830263108,259.37996890615045
elders_65_plus,county,7,,,146.71861132213436,75.38016841980637,218.05705422446238
elders_65_plus,county,8,,,250.42822481527563,167.14184010435906,333.7146095261922
elders_65_plus,county,9,,,269.07503217046246,111.66042491186147,426.48963942906346
elders_65_plus,county,10,,,212.61929714192473,102.45767741555272,322.78091686829674
elders_65_plus,county,11,,,445.93646596827097,269.9030832937601,621.9698486427818
elders_65_plus,county,12,,,309.87208547997466,201.83742971500598,417.9067412449433
elders_65_plus,county,13,,,208.03268812291952,113.93435005338662,302.1310261924524
elders_65_plus,county,14,,,441.90184717942896,316.36236753237915,567.4413268264788
elders_65_plus,county,15,,,329.7468807660542,97.71470983283248,561.7790516992759
elders_65_plus,county,16,,,537.7917037062546,325.73220682958276,749.8512005829264
elders_65_plus,county,17,,,195.17440342662206,126.94732256393652,263.40148428930763
elders_65_plus,nation,0,,,7088.644166311506,5882.09871468613,8295.189617936881
elders_65_plus,state,0,,,1082.539526822759,644.5062491150445,1520.5728045304734
elders_65_plus,state,1,,,1569.2019792371316,1199.390532462187,1939.0134260120763
elders_65_plus,state,2,,,1875.3712309361604,1424.630248913721,2326.1122129585997
elders_65_plus,state,3,,,591.2485156103236,170.552871316657,1011.9441599039901
elders_65_plus,state,4,,,881.2476985005621,582.2535369931132,1180.241860008011
elders_65_plus,state,5,,,1089.035215204569,769.224302589169,1408.8461278199693
households,county,0,,,1296.245175449512,603.283427416174,1989.20692348285
households,county,1,,,4340.1589688682125,3098.7659825840333,5581.551955152392
households,county,2,,,2230.3697673368792,1307.1502104659025,3153.589324207856
households,county,3,,,2236.118556037571,605.6600013077259,3866.5771107674163
households,county,4,,,1601.6073920764213,1004.6132941015845,2198.601490051258
households,county,5,,,2551.7901955895086,1550.1381418979222,3553.442249281095
households,county,6,,,820.0505982051128,505.4259249618334,1134.6752714483923
households,county,7,,,468.6001969363171,240.7544717626772,696.445922109957
households,county,8,,,1594.4714474045293,1064.1887187821399,2124.7541760269187
households,county,9,,,1055.3415867858491,437.94434978646746,1672.7388237852308
households,county,10,,,1144.216793471472,551.378904430786,1737.0546825121583
households,county,11,,,1693.6204604455088,1025.0639252188107,2362.176995672207
households,county,12,,,1416.7341348533616,922.8000512708157,1910.6682184359074
households,county,13,,,829.5749468290504,454.33764876264866,1204.8122448954523
households,county,14,,,2079.8536954134347,1488.9900175836879,2670.7173732431816
households,county,15,,,1370.547222886931,406.1376528732209,2334.956792900641
households,county,16,,,2146.631607258687,1300.181921483171,2993.0812930342026
households,county,17,,,846.6054623569506,550.6577441883896,1142.5531805255116
households,nation,0,,,29722.538208205307,24835.298342763235,34609.77807364738
households,state,0,,,4360.412858781952,2579.9554456341575,6140.870271929747
households,state,1,,,6420.012664281647,4902.935013538057,7937.090315025236
households,state,2,,,7667.276693303521,5812.813583481219,9521.739803125824
households,state,3,,,2236.118556037571,645.0357679849458,3827.2013440901965
households,state,4,,,3748.238999335108,2491.4369619234203,5005.041036746796
households,state,5,,,5290.47843646551,3644.1969849946536,6936.759887936366
low_income_household_share,county,0,,,0.4171573183806857,0.32927078492280093,0.5050438518385705
low_income_household_share,county,1,,,0.28894528802349706,0.20246849287069102,0.3754220831763031
low_income_household_share,county,2,,,0.3312634304048187,0.24825977800784138,0.414267082801796
low_income_household_share,county,3,,,0.309668555932079,0.2166240232365808,0.40271308862757715
low_income_household_share,county,4,,,0.36121560949853376,0.27611164911068314,0.4463195698863844
low_income_household_share,county,5,,,0.3251144240269365,0.24029659739458148,0.40993225065929156
low_income_household_share,county,6,,,0.30867773967919443,0.22573158885442562,0.39162389050396323
low_income_household_share,county,7,,,0.3585426887462227,0.2753155261910434,0.441769851301402
low_income_household_share,county,8,,,0.2980316506896134,0.21401749950322918,0.3820458018759976
low_income_household_share,county,9,,,0.29959121823030443,0.216232379370905,0.38295005708970387
low_income_household_share,county,10,,,0.3283509574444801,0.24385916761911847,0.41284274726984177
low_income_household_share,county,11,,,0.3714025479067835,0.2840208110879758,0.45878428472559124
low_income_household_share,county,12,,,0.40463867659112496,0.3209309880958614,0.4883463650863885
low_income_household_share,county,13,,,0.31104210405658206,0.22758456471718774,0.3944996433959764
low_income_household_share,county,14,,,0.32451392405989593,0.23662170396712448,0.4124061441526674
low_income_household_share,county,15,,,0.3802908365999735,0.29360917277295406,0.4669725004269929
low_income_household_share,county,16,,,0.3506132216407157,0.26562570807343566,0.4356007352079957
low_income_household_share,county,17,,,0.35397926657025713,0.27072179531332463,0.43723673782718964
low_income_household_share,nation,0,,,0.3330371039253035,0.3227563224043346,0.3433178854462724
low_income_household_share,state,0,,,0.38799914184018064,0.36100675004322813,0.41499153363713315
low_income_household_share,state,1,,,0.3001593921172541,0.2724212472107228,0.32789753702378543
low_income_household_share,state,2,,,0.33813596349539027,0.32657384822608093,0.3496980787646996
low_income_household_share,state,3,,,0.309668555932079,0.2661688712835252,0.3531682405806328
low_income_household_share,state,4,,,0.3550997191379343,0.3344775257040271,0.3757219125718415
low_income_household_share,state,5,,,0.31827668424949423,0.29855725965490487,0.3379961088440836
mean_income_adults,county,0,,,25217.01427230179,20665.990070755368,29768.03847384821
mean_income_adults,county,1,,,30087.95813045078,24410.78715723457,35765.12910366699
mean_income_adults,county,2,,,24562.956612817234,20438.48613508353,28687.427090550937
mean_income_adults,county,3,,,28316.289835860985,22191.026470803663,34441.55320091831
mean_income_adults,county,4,,,23790.843876323,19620.93677292784,27960.750979718163
mean_income_adults,county,5,,,23881.55978260189,19668.718505747005,28094.401059456774
mean_income_adults,county,6,,,24205.288104704945,20135.688111642587,28274.888097767303
mean_income_adults,county,7,,,24628.096892286718,20483.686231781605,28772.50755279183
mean_income_adults,county,8,,,23191.050288730665,19150.047361999932,27232.053215461397
mean_income_adults,county,9,,,23940.24953107448,19855.914264436255,28024.58479771271
mean_income_adults,county,10,,,23538.161330744395,19425.557418326676,27650.765243162114
mean_income_adults,county,11,,,24681.832512412242,20173.020978459324,29190.64404636516
mean_income_adults,county,12,,,24572.468567926637,20421.412031945936,28723.525103907337
mean_income_adults,county,13,,,24148.77786183807,20027.28745141357,28270.26827226257
mean_income_adults,county,14,,,30141.97886221304,24408.972595287127,35874.98512913895
mean_income_adults,county,15,,,24954.048853792643,20473.642094731025,29434.45561285426
mean_income_adults,county,16,,,23782.87001997434,19610.0467997357,27955.69324021298
mean_income_adults,county,17,,,24386.48774108806,20277.455423840707,28495.520058335416
mean_income_adults,nation,0,,,25823.89834568985,25054.214308277238,26593.58238310246
mean_income_adults,state,0,,,24926.518830144807,23214.86357477023,26638.174085519386
mean_income_adults,state,1,,,30105.2152067759,27323.888384444494,32886.54202910731
mean_income_adults,state,2,,,24375.3659084349,23635.921945977985,25114.80987089181
mean_income_adults,state,3,,,28316.289835860985,24338.650987223187,32293.928684498784
mean_income_adults,state,4,,,23786.62223897419,22416.370076672694,25156.874401275683
mean_income_adults,state,5,,,23624.50124957458,22199.60566101756,25049.3968381316
median_household_income,county,0,,,25392.84615401816,20810.088808315428,29975.60349972089
median_household_income,county,1,,,36070.537580258104,29264.538713498918,42876.53644701729
median_household_income,county,2,,,33190.36955952859,27617.233493249223,38763.50562580796
median_household_income,county,3,,,31062.919999999987,24343.516893497603,37782.32310650237
median_household_income,county,4,,,27244.290000000005,22469.08492578991,32019.4950742101
median_household_income,county,5,,,29830.35570126981,24568.113412844166,35092.59798969546
median_household_income,county,6,,,36689.76972948149,30521.171942474175,42858.36751648881
median_household_income,county,7,,,31257.296407696358,25997.325529020927,36517.26728637179
median_household_income,county,8,,,34861.06548925997,28786.581327604443,40935.5496509155
median_household_income,county,9,,,40016.564884603045,33189.52379650769,46843.6059726984
median_household_income,county,10,,,20477.812358456984,16899.914746159382,24055.709970754586
median_household_income,county,11,,,33181.6045394583,27120.077252643714,39243.13182627288
median_household_income,county,12,,,32204.62999999999,26764.263295255034,37644.996704744946
median_household_income,county,13,,,36343.27967090178,30140.544298371573,42546.01504343198
median_household_income,county,14,,,29115.362584668273,23577.618798012714,34653.10637132383
median_household_income,county,15,,,30371.323562415633,24918.265256407994,35824.381868423276
median_household_income,county,16,,,27432.687702100986,22619.48575714054,32245.88964706143
median_household_income,county,17,,,28087.169652404515,23354.586222307422,32819.75308250161
median_household_income,nation,0,,,31666.794282039526,30752.15987851563,32581.42868556342
median_household_income,state,0,,,29969.674762449373,27641.977232651192,32297.372292247554
median_household_income,state,1,,,33876.746107084575,30741.112660302628,37012.37955386652
median_household_income,state,2,,,34078.26354740175,32828.55211631468,35327.974978488826
median_household_income,state,3,,,31062.919999999987,26699.45719959985,35426.382800400126
median_household_income,state,4,,,27353.302852544937,25766.29539586001,28940.310309229866
median_household_income,state,5,,,29330.609981902795,27304.06380103012,31357.15616277547
persons,county,0,,,2681.8403222081483,1248.1510843838396,4115.529560032457
persons,county,1,,,9377.887069586526,6695.579044038419,12060.195095134633
persons,county,2,,,5054.145115529739,2962.076938201273,7146.213292858205
persons,county,3,,,4416.861794011359,1196.3214171780328,7637.402170844685
persons,county,4,,,2992.8345100472684,1877.2648969492425,4108.404123145294
persons,county,5,,,5277.529313944037,3205.9451825893916,7349.113445298683
persons,county,6,,,1896.3998905607486,1168.8177179336028,2623.9820631878947
persons,county,7,,,1024.775025426538,526.5024887637414,1523.0475620893344
persons,county,8,,,2824.998084751918,1885.4718893008899,3764.5242802029466
persons,county,9,,,2414.1744749506397,1001.8311454240895,3826.51780447719
persons,county,10,,,2056.0142466615266,990.7588223547468,3121.2696709683064
persons,county,11,,,3529.7498754209805,2136.381407076213,4923.118343765748
persons,county,12,,,2723.8688024632006,1774.211694862695,3673.5259100637063
persons,county,13,,,1790.020940132842,980.3501278389637,2599.6917524267205
persons,county,14,,,4325.711993098053,3096.824546298053,5554.599439898054
persons,county,15,,,2713.9055555988334,804.2183545845153,4623.592756613151
persons,county,16,,,4113.865346533596,2491.7052990799975,5736.025393987194
persons,county,17,,,1789.2512118083223,1163.7829897030601,2414.7194339135845
persons,nation,0,,,61003.83357273427,50884.58926065582,71123.07788481272
persons,state,0,,,8925.495753227962,5314.7928366534725,12536.198669802452
persons,state,1,,,13703.59906268458,10475.175857758977,16932.022267610184
persons,state,2,,,16692.63546087203,12641.791865086372,20743.479056657685
persons,state,3,,,4416.861794011359,1274.0978476704759,7559.625740352242
persons,state,4,,,7106.699856580864,4732.772221069034,9480.627492092695
persons,state,5,,,10158.541645357482,7120.035516511965,13197.047774202998
tertiary_share_25_plus,county,0,,,0.43501589124392287,0.40531115495198344,0.4647206275358623
tertiary_share_25_plus,county,1,,,0.41308657654243264,0.3902199571770534,0.4359531959078119
tertiary_share_25_plus,county,2,,,0.4212444103222128,0.39555117311828203,0.4469376475261436
tertiary_share_25_plus,county,3,,,0.4006616020361678,0.3750402641901075,0.4262829398822281
tertiary_share_25_plus,county,4,,,0.3723042531419892,0.3441993600733598,0.4004091462106187
tertiary_share_25_plus,county,5,,,0.3847649733269814,0.359861719886935,0.4096682267670278
tertiary_share_25_plus,county,6,,,0.3910638948731933,0.3574921292605029,0.42463566048588375
tertiary_share_25_plus,county,7,,,0.3620185656385197,0.32117594700786417,0.4028611842691752
tertiary_share_25_plus,county,8,,,0.3502174950401373,0.3217135122527106,0.37872147782756405
tertiary_share_25_plus,county,9,,,0.4154443943490563,0.38453743451179845,0.4463513541863141
tertiary_share_25_plus,county,10,,,0.36921596561361575,0.337287454163014,0.4011444770642175
tertiary_share_25_plus,county,11,,,0.3995263455163725,0.3724452551621876,0.4266074358705574
tertiary_share_25_plus,county,12,,,0.3723813051721041,0.3428332433551493,0.4019293669890589
tertiary_share_25_plus,county,13,,,0.39150524036782564,0.35791619406142766,0.4250942866742236
tertiary_share_25_plus,county,14,,,0.407735589223491,0.38160557355540525,0.4338656048915768
tertiary_share_25_plus,county,15,,,0.4025152109140347,0.37252866528324263,0.43250175654482675
tertiary_share_25_plus,county,16,,,0.37835237354902596,0.35201557198964195,0.40468917510840996
tertiary_share_25_plus,county,17,,,0.42828981281211503,0.39405510038059066,0.4625245252436394
tertiary_share_25_plus,nation,0,,,0.39741488502371963,0.376787472763471,0.41804229728396824
tertiary_share_25_plus,state,0,,,0.41123288544321485,0.3876280078123038,0.4348377630741259
tertiary_share_25_plus,state,1,,,0.41139888907359207,0.38936126646789176,0.43343651167929237
tertiary_share_25_plus,state,2,,,0.4028650415652344,0.38076733036686117,0.4249627527636076
tertiary_share_25_plus,state,3,,,0.4006616020361678,0.3750402641901075,0.4262829398822281
tertiary_share_25_plus,state,4,,,0.3757899734233818,0.35196248209311415,0.3996174647536494
tertiary_share_25_plus,state,5,,,0.3720986693714399,0.34927766610772704,0.3949196726351528
person_years_exposure,county,0,male,0-17,1694.5027563140404,1097.9058189236225,2861.898271908207
person_years_exposure,county,0,male,18-44,2264.1986607506915,1463.5066619759625,3817.4703582502743
person_years_exposure,county,0,male,45-64,1857.4493585890095,1195.0239272026715,3136.7578238827764
person_years_exposure,county,0,male,65-74,578.4281476856178,372.39284088817175,981.5203717733385
person_years_exposure,county,0,male,75-84,163.21159630380754,96.51443018287988,280.3231805888755
person_years_exposure,county,0,male,85+,18.885370686936852,7.5047650325512745,34.71779617243207
person_years_exposure,county,0,male,18-64,4121.648019339701,2649.329166950979,6948.753555515917
person_years_exposure,county,0,male,65+,760.5251146763623,492.0616943265561,1290.0299005555057
mortality_rate,county,0,male,0-17,0.007104487835084349,0.00173143294270228,0.015840163961971673
mortality_rate,county,0,male,18-44,0.00196481454824067,0.0,0.004639448833907262
mortality_rate,county,0,male,45-64,0.008075590287637548,0.002178978357971993,0.01750289844661375
mortality_rate,county,0,male,65-74,0.03922969245379977,0.011963545917572737,0.0863274238377526
mortality_rate,county,0,male,75-84,0.11169152048085562,0.034447464328401706,0.26543725789686035
mortality_rate,county,0,male,85+,0.16257587742412433,0.0,0.5337163319512145
qualifying_event_rate,county,0,male,0-17,0.025386549514132273,0.01676401394451356,0.0354394359606124
qualifying_event_rate,county,0,male,18-44,0.03231173726721811,0.0225383114613157,0.04424767474432593
qualifying_event_rate,county,0,male,45-64,0.04324252501650586,0.03147816258104395,0.05881641060037161
qualifying_event_rate,county,0,male,65-74,0.06763797523788496,0.04512011569551766,0.09348104207294095
qualifying_event_rate,county,0,male,75-84,0.08252515490864705,0.047244155101659656,0.12509457343083166
qualifying_event_rate,county,0,male,85+,0.07869942195393835,0.0,0.18666875494656696
person_years_exposure,county,0,female,0-17,1748.478636580806,1135.014893295461,2944.6189223718993
person_years_exposure,county,0,female,18-44,2143.968226489866,1376.1881847067941,3614.1273791098115
person_years_exposure,county,0,female,45-64,1850.5944619771667,1186.164940846469,3123.146322152238
person_years_exposure,county,0,female,65-74,651.2112267735738,419.4532767293337,1097.2833024384745
person_years_exposure,county,0,female,75-84,184.87999674115102,110.82928036257532,314.7049071939596
person_years_exposure,county,0,female,85+,13.691185374048313,5.587285055896744,23.633699048969955
person_years_exposure,county,0,female,18-64,3994.562688467033,2558.080090284628,6733.159941846523
person_years_exposure,county,0,female,65+,849.7824088887731,546.5188604408037,1433.36062950198
mortality_rate,county,0,female,0-17,0.0015401223883501243,0.0,0.0038382444862644534
mortality_rate,county,0,female,18-44,0.001524402403972354,0.0,0.0038160512407304534
mortality_rate,county,0,female,45-64,0.007487036752069862,0.00196247261988397,0.016442473074065128
mortality_rate,county,0,female,65-74,0.03499152220495608,0.010898067203511358,0.07661243880231082
mortality_rate,county,0,female,75-84,0.10499943499891833,0.033796878481490183,0.24246554433088263
mortality_rate,county,0,female,85+,0.18434889556457726,0.030679512442427007,0.5919701595821066
qualifying_event_rate,county,0,female,0-17,0.02624714832932937,0.017309885984910373,0.037232129381577064
qualifying_event_rate,county,0,female,18-44,0.03224246081641854,0.022813301805543324,0.044098364566164304
qualifying_event_rate,county,0,female,45-64,0.047486060945174415,0.03413790072815378,0.06381098843830359
qualifying_event_rate,county,0,female,65-74,0.07052562873789665,0.0483784793624351,0.09698371541372543
qualifying_event_rate,county,0,female,75-84,0.07906385891023064,0.045427883805266155,0.11799107569011387
qualifying_event_rate,county,0,female,85+,0.071970713559538,0.0,0.19226618238874169
person_years_exposure,county,1,male,0-17,6605.5641819837965,5204.551044293456,8385.81250080929
person_years_exposure,county,1,male,18-44,7223.722766072298,5679.8852126883885,9157.023650127408
person_years_exposure,county,1,male,45-64,6710.923597633634,5265.6322194003815,8521.38444888529
person_years_exposure,county,1,male,65-74,1923.2312104726855,1485.6742092406635,2468.691283944555
person_years_exposure,county,1,male,75-84,822.3745134976266,559.7860652020261,1120.9302777474877
person_years_exposure,county,1,male,85+,93.4424146087246,43.34819663345324,144.61617822514668
person_years_exposure,county,1,male,18-64,13934.646363705931,10940.829215778673,17666.89863523295
person_years_exposure,county,1,male,65+,2839.0481385790367,2137.861107015762,3723.435253626418
mortality_rate,county,1,male,0-17,0.0008320400193809641,0.00014897926198907243,0.0019395781416252336
mortality_rate,county,1,male,18-44,0.0012488015370854162,0.0002666572597767788,0.0027830029113214668
mortality_rate,county,1,male,45-64,0.009605884276715807,0.003312034452994473,0.01960773169020993
mortality_rate,county,1,male,65-74,0.04036683951583709,0.014633710020461214,0.08605781615435332
mortality_rate,county,1,male,75-84,0.11662405782138645,0.044476135782513554,0.2696709975930891
mortality_rate,county,1,male,85+,0.19839611550338426,0.07204950173435684,0.5137659511467639
qualifying_event_rate,county,1,male,0-17,0.03209962494813288,0.02380712194414769,0.04292883234896337
qualifying_event_rate,county,1,male,18-44,0.04102051122074918,0.03110676757654566,0.05467041780449942
qualifying_event_rate,county,1,male,45-64,0.05984267344611249,0.04606393841222877,0.07797898073288229
qualifying_event_rate,county,1,male,65-74,0.0834279159995354,0.06403052978522401,0.10872198489786776
qualifying_event_rate,county,1,male,75-84,0.10408049402819237,0.07755505797082282,0.14174900166174143
qualifying_event_rate,county,1,male,85+,0.1061756659926351,0.055269033955838424,0.17429926253488745
person_years_exposure,county,1,female,0-17,6771.459813059302,5330.536654251912,8591.117976359217
person_years_exposure,county,1,female,18-44,7640.918049271707,6008.906126580017,9675.801448312302
person_years_exposure,county,1,female,45-64,6921.481084926314,5435.516759485725,8801.286874177113
person_years_exposure,county,1,female,65-74,1976.4625035689364,1520.4974989812745,2534.3374884626696
person_years_exposure,county,1,female,75-84,734.4825239068792,504.36804563428996,997.4046649878095
person_years_exposure,county,1,female,85+,94.44188203323138,42.84062709984054,148.21095647742504
person_years_exposure,county,1,female,18-64,14562.399134198022,11432.122724199631,18461.48252019678
person_years_exposure,county,1,female,65+,2805.3869095090467,2106.0913733221632,3668.188461679252
mortality_rate,county,1,female,0-17,0.0008140352573043803,0.00014406982345181282,0.0018416175037375263
mortality_rate,county,1,female,18-44,0.0013378832470234872,0.00032720044590227635,0.0029101656232864265
mortality_rate,county,1,female,45-64,0.009894115544560367,0.0034912045792218267,0.02067219807973494
mortality_rate,county,1,female,65-74,0.04099293356056532,0.014453481318607063,0.08847808318073902
mortality_rate,county,1,female,75-84,0.1143289886930818,0.041812731387643076,0.26640408361695994
mortality_rate,county,1,female,85+,0.2054994807166248,0.0751563971998438,0.5425360486607088
qualifying_event_rate,county,1,female,0-17,0.03285619070956031,0.024325051260221508,0.04359027666205093
qualifying_event_rate,county,1,female,18-44,0.04333946761070993,0.03305168295643605,0.05716860448906766
qualifying_event_rate,county,1,female,45-64,0.05831419612599388,0.044555985812613996,0.07639223378001787
qualifying_event_rate,county,1,female,65-74,0.08719907552700445,0.06704404897996012,0.11360084810201085
qualifying_event_rate,county,1,female,75-84,0.09443291165672599,0.06926395229831726,0.1284001225240461
qualifying_event_rate,county,1,female,85+,0.10542652478512662,0.05604937214583697,0.17344036893649623
person_years_exposure,county,2,male,0-17,3689.0003920957224,2710.3223653943965,5554.590264159248
person_years_exposure,county,2,male,18-44,3915.298169071035,2874.4532510561867,5885.077977784007
person_years_exposure,county,2,male,45-64,3610.2635455661057,2659.8832041407977,5460.397864390895
person_years_exposure,county,2,male,65-74,1104.731894704814,818.1508635509683,1703.2579465393055
person_years_exposure,county,2,male,75-84,330.6439804397507,218.7403100964164,530.5106202852037
person_years_exposure,county,2,male,85+,36.128782024144314,15.138707066206374,61.25824623571535
person_years_exposure,county,2,male,18-64,7525.5617146371405,5532.709274936221,11372.469390447075
person_years_exposure,county,2,male,65+,1471.5046571687092,1070.5784417605012,2291.0073987256933
mortality_rate,county,2,male,0-17,0.0020195702143223524,0.0003205636822312902,0.004571244237552579
mortality_rate,county,2,male,18-44,0.0017775077033025156,0.00030671964604355015,0.0041122051414794825
mortality_rate,county,2,male,45-64,0.008454493372439895,0.0026809427583856177,0.017550148265144543
mortality_rate,county,2,male,65-74,0.04072193137708814,0.013959863378670225,0.08790947504984649
mortality_rate,county,2,male,75-84,0.11242883140536668,0.03889497007186751,0.2603746801330442
mortality_rate,county,2,male,85+,0.1987029130888307,0.060460399325235274,0.5599794373131427
qualifying_event_rate,county,2,male,0-17,0.021128585278008157,0.014653047708695072,0.028788859542657416
qualifying_event_rate,county,2,male,18-44,0.027095612584959496,0.019363761875223276,0.036115899691801664
qualifying_event_rate,county,2,male,45-64,0.038177154688062445,0.028222895978408956,0.05056651065961779
qualifying_event_rate,county,2,male,65-74,0.05840200232902613,0.041552379274857554,0.07816854108375773
qualifying_event_rate,county,2,male,75-84,0.07283268989790677,0.046547520348357525,0.10549499406657617
qualifying_event_rate,county,2,male,85+,0.07706383404383499,0.0,0.16369936431642898
person_years_exposure,county,2,female,0-17,3427.2501431331475,2518.0418933511005,5155.2939264688275
person_years_exposure,county,2,female,18-44,3776.231922803774,2769.883152133984,5691.300031705081
person_years_exposure,county,2,female,45-64,3608.272132045071,2659.4289900897443,5464.581572129022
person_years_exposure,county,2,female,65-74,999.0178332404323,738.6077049155972,1555.2354860345986
person_years_exposure,county,2,female,75-84,379.94910836726075,247.04327993362864,600.3196776011173
person_years_exposure,county,2,female,85+,36.644012475364235,15.620097500812182,62.75986148040932
person_years_exposure,county,2,female,18-64,7384.504054848845,5426.739861003208,11164.345308106314
person_years_exposure,county,2,female,65+,1415.6109540830573,1016.0600391797832,2210.6590442357938
mortality_rate,county,2,female,0-17,0.0012142741031284925,0.0,0.0028191832553874745
mortality_rate,county,2,female,18-44,0.001331829447399473,0.0002483649038284821,0.00314223779074809
mortality_rate,county,2,female,45-64,0.009984787929736996,0.00328345836776495,0.02076596878061664
mortality_rate,county,2,female,65-74,0.04641228382115476,0.016061828177429106,0.1020874812405765
mortality_rate,county,2,female,75-84,0.11598674387290737,0.04374776113021919,0.26981630830158854
mortality_rate,county,2,female,85+,0.17917362762780387,0.049826600660238564,0.5217844384540568
qualifying_event_rate,county,2,female,0-17,0.021542074561708386,0.015024823906291507,0.029533462021972785
qualifying_event_rate,county,2,female,18-44,0.02810457532821531,0.01999695383730462,0.037890108669283086
qualifying_event_rate,county,2,female,45-64,0.03901286760457447,0.02888499788669534,0.05191539013180734
qualifying_event_rate,county,2,female,65-74,0.06074325375470586,0.043091130092626426,0.08222891246427697
qualifying_event_rate,county,2,female,75-84,0.06738081522881745,0.043500676042174426,0.09703489253012275
qualifying_event_rate,county,2,female,85+,0.06694715565717262,0.0,0.15058653353694215
person_years_exposure,county,3,male,0-17,2871.2716005215284,1460.1775006434843,5727.938301791684
person_years_exposure,county,3,male,18-44,3312.3527639661256,1684.7985056459659,6512.968104532853
person_years_exposure,county,3,male,45-64,3190.5716957708187,1621.1972248796728,6343.4179317535145
person_years_exposure,county,3,male,65-74,1065.8670500957408,543.5946658273494,2152.137252777539
person_years_exposure,county,3,male,75-84,335.134544004275,163.4625817536058,691.4167562827149
person_years_exposure,county,3,male,85+,50.61507712486094,19.603090763708845,103.64611547555394
person_years_exposure,county,3,male,18-64,6502.924459736944,3305.2407236632275,12843.286051592931
person_years_exposure,county,3,male,65+,1451.6166712248769,736.5753824336442,2968.713973721619
mortality_rate,county,3,male,0-17,0.001515722434777507,0.0,0.003662947369280854
mortality_rate,county,3,male,18-44,0.0015344137214311445,0.0,0.0035799640082455173
mortality_rate,county,3,male,45-64,0.009051326534451396,0.002827653742574183,0.01915107171943272
mortality_rate,county,3,male,65-74,0.035013582806033616,0.011566842495412708,0.07758317870047486
mortality_rate,county,3,male,75-84,0.11147590641213548,0.037398205261682596,0.2635441944137242
mortality_rate,county,3,male,85+,0.189695395250883,0.05486649960530469,0.4968740658688881
qualifying_event_rate,county,3,male,0-17,0.021858850030453403,0.014931711521710737,0.030927417756455716
qualifying_event_rate,county,3,male,18-44,0.02836323846261772,0.02011439758901966,0.038526179213086105
qualifying_event_rate,county,3,male,45-64,0.03920517261163753,0.028537396592991416,0.05252285261194618
qualifying_event_rate,county,3,male,65-74,0.059334274554334016,0.0414106226662009,0.08050703042515751
qualifying_event_rate,county,3,male,75-84,0.0738292402312272,0.04545765091973117,0.10810081951996212
qualifying_event_rate,county,3,male,85+,0.07518738475868113,0.01647739814077965,0.14814729597016585
person_years_exposure,county,3,female,0-17,2835.395952852972,1437.0144544349416,5715.435633258813
person_years_exposure,county,3,female,18-44,2981.4098268322746,1524.9009725715878,6087.468444176177
person_years_exposure,county,3,female,45-64,3079.309497350981,1566.2284312136069,6184.242278147257
person_years_exposure,county,3,female,65-74,930.6583986421199,472.7363472756959,1891.3587656280683
person_years_exposure,county,3,female,75-84,393.5848782311775,190.24857840461294,806.1944533468107
person_years_exposure,county,3,female,85+,42.89863317846336,16.546088621081736,89.82794290052288
person_years_exposure,county,3,female,18-64,6060.719324183256,3093.5793291955324,12258.044892570291
person_years_exposure,county,3,female,65+,1367.1419100517608,689.5083355984495,2800.3557950502072
mortality_rate,county,3,female,0-17,0.0010280888845760293,0.0,0.002663521440509944
mortality_rate,county,3,female,18-44,0.0015167229327390263,0.0,0.003680630659598819
mortality_rate,county,3,female,45-64,0.008092222315647858,0.002315933171786823,0.017671505442999603
mortality_rate,county,3,female,65-74,0.038357526196867636,0.012238820457584383,0.0865296654836741
mortality_rate,county,3,female,75-84,0.10276609491287468,0.034375298980924604,0.23936259764687737
mortality_rate,county,3,female,85+,0.19270298638937944,0.053242737753053215,0.5386731176134745
qualifying_event_rate,county,3,female,0-17,0.0225452831810594,0.015466873697270534,0.03179613412608834
qualifying_event_rate,county,3,female,18-44,0.028301233907383278,0.019968785584468678,0.03874672534840898
qualifying_event_rate,county,3,female,45-64,0.04067121473831676,0.029253396785864964,0.054952436713975907
qualifying_event_rate,county,3,female,65-74,0.06293584996300397,0.04430499470072159,0.08550775775742031
qualifying_event_rate,county,3,female,75-84,0.07177680654839642,0.04547614667267688,0.10522067930599827
qualifying_event_rate,county,3,female,85+,0.0706256790755342,0.0,0.1529027195575959
person_years_exposure,county,4,male,0-17,1854.2758954012934,1286.9540323839228,2915.2893034144677
person_years_exposure,county,4,male,18-44,2289.157342931372,1585.6325173220584,3637.505976834656
person_years_exposure,county,4,male,45-64,2406.715722865772,1665.0580132123516,3830.315766348768
person_years_exposure,county,4,male,65-74,657.749176275057,456.34441536744055,962.7942080712838
person_years_exposure,county,4,male,75-84,230.24444042480437,143.72648453642228,346.75503241252136
person_years_exposure,county,4,male,85+,12.326183393540562,4.029334584289956,21.493737515863018
person_years_exposure,county,4,male,18-64,4695.873065797145,3253.3601974157955,7483.380391020385
person_years_exposure,county,4,male,65+,900.3198000934019,609.7247904924358,1320.2907156025099
mortality_rate,county,4,male,0-17,0.010334801992668256,0.003095902900889122,0.022402483260778067
mortality_rate,county,4,male,18-44,0.0013331358903412392,0.0,0.0033309179189750506
mortality_rate,county,4,male,45-64,0.009320233432904296,0.0027886620709052516,0.01957256516245837
mortality_rate,county,4,male,65-74,0.04669767439200047,0.014830860834016706,0.10375228631416003
mortality_rate,county,4,male,75-84,0.10842172079113564,0.03608638648363082,0.2576505087305278
mortality_rate,county,4,male,85+,0.14870217865442067,0.0,0.5554423030923941
qualifying_event_rate,county,4,male,0-17,0.02423874063803928,0.016095544592681966,0.034171160035707825
qualifying_event_rate,county,4,male,18-44,0.0308754272203031,0.021636870812065594,0.04277593523088785
qualifying_event_rate,county,4,male,45-64,0.04195190467843265,0.03056788379428494,0.05563177978254903
qualifying_event_rate,county,4,male,65-74,0.06563278326810004,0.045085331480261163,0.08898468309450513
qualifying_event_rate,county,4,male,75-84,0.08301312216610211,0.05034145169235389,0.11915839893706054
qualifying_event_rate,county,4,male,85+,0.06395150645973341,0.0,0.19529168897952917
person_years_exposure,county,4,female,0-17,1988.3707009467241,1375.5809906874913,3119.4517276001566
person_years_exposure,county,4,female,18-44,2212.4839073507874,1530.4656810197696,3543.5755787315434
person_years_exposure,county,4,female,45-64,2365.890857038894,1636.6192452774894,3732.68606390934
person_years_exposure,county,4,female,65-74,692.2779380073362,479.4431354094164,996.139341918422
person_years_exposure,county,4,female,75-84,163.85078972478516,96.17108883484067,249.92229009238693
person_years_exposure,county,4,female,85+,5.8797637070241064,0.5624116879620966,12.275319221561743
person_years_exposure,county,4,female,18-64,4578.374764389681,3165.6366879337434,7296.8836112343615
person_years_exposure,county,4,female,65+,862.0084914391455,585.0037495012376,1245.7378636449864
mortality_rate,county,4,female,0-17,0.0014572035969552509,0.0,0.0038419399300493925
mortality_rate,county,4,female,18-44,0.001376025192154,0.0,0.003451714037326406
mortality_rate,county,4,female,45-64,0.013457660303315749,0.004514264859269555,0.028878279943932654
mortality_rate,county,4,female,65-74,0.045563423541026785,0.015276133663933617,0.10327274523587282
mortality_rate,county,4,female,75-84,0.12363936286565597,0.03970332591272682,0.2981686918879563
mortality_rate,county,4,female,85+,0.13133480769070036,0.0,0.7038578179968041
qualifying_event_rate,county,4,female,0-17,0.024987579171652275,0.016778970281402013,0.03455687809621486
qualifying_event_rate,county,4,female,18-44,0.03090105454695917,0.021457816771376467,0.042186933610057854
qualifying_event_rate,county,4,female,45-64,0.04446020321195263,0.032435800917332704,0.05952261096010957
qualifying_event_rate,county,4,female,65-74,0.06697581367559156,0.04698574831453934,0.09142876214944456
qualifying_event_rate,county,4,female,75-84,0.0728985119279268,0.03839249373383738,0.11484631092619749
qualifying_event_rate,county,4,female,85+,0.06599106229997231,0.0,0.2808164965347712
person_years_exposure,county,5,male,0-17,4107.811596676102,3152.204018601884,6121.019028127246
person_years_exposure,county,5,male,18-44,4398.428488700702,3377.987659674079,6551.858322249381
person_years_exposure,county,5,male,45-64,3798.1800221970907,2920.9701836131426,5676.851522934789
person_years_exposure,county,5,male,65-74,1126.1353474319994,829.7254900825442,1686.0580086645223
person_years_exposure,county,5,male,75-84,526.9337074728119,343.28337926908586,809.8392810831479
person_years_exposure,county,5,male,85+,69.8793142555625,32.210647370438345,117.10951815354447
person_years_exposure,county,5,male,18-64,8196.608510897793,6298.16890114631,12206.447632807316
person_years_exposure,county,5,male,65+,1722.9483691603739,1224.7885855393192,2611.513482617669
mortality_rate,county,5,male,0-17,0.0009647206381633063,0.0,0.002364657185210857
mortality_rate,county,5,male,18-44,0.0014005357290280088,0.00024618683519952734,0.003238290840907681
mortality_rate,county,5,male,45-64,0.009846667046831018,0.0032981089800830383,0.020793646003162983
mortality_rate,county,5,male,65-74,0.05163755763359642,0.018325226196711935,0.11231105411276097
mortality_rate,county,5,male,75-84,0.11446906882121567,0.041900866937465864,0.2677390625293139
mortality_rate,county,5,male,85+,0.20681341903822043,0.07609256556782021,0.5513107152643943
qualifying_event_rate,county,5,male,0-17,0.02590398534644388,0.01866700053060949,0.034586366901622374
qualifying_event_rate,county,5,male,18-44,0.03275783798296155,0.023991573513269002,0.043706173325844054
qualifying_event_rate,county,5,male,45-64,0.04431604387267395,0.03263344434403439,0.058251579863164794
qualifying_event_rate,county,5,male,65-74,0.06998709487805076,0.050784508603160965,0.09366590774818376
qualifying_event_rate,county,5,male,75-84,0.08599746029111908,0.060081950462962753,0.12070127026510719
qualifying_event_rate,county,5,male,85+,0.09070441349878823,0.0377917003712398,0.16045949770074464
person_years_exposure,county,5,female,0-17,3774.033458388009,2896.245590485581,5620.442401753477
person_years_exposure,county,5,female,18-44,4063.8818236581387,3120.1847970227327,6039.529390261972
person_years_exposure,county,5,female,45-64,4049.9170932651305,3107.137810099115,6038.814255035031
person_years_exposure,county,5,female,65-74,1311.6329201940912,974.2156328631091,1954.6885977044979
person_years_exposure,county,5,female,75-84,414.5539774468225,251.7744181856423,642.6047536392259
person_years_exposure,county,5,female,85+,55.73861800423807,23.859608377122388,94.78288706139526
person_years_exposure,county,5,female,18-64,8113.79891692327,6230.069526318798,12093.647609761305
person_years_exposure,county,5,female,65+,1781.9255156451518,1272.8124225020385,2684.8424486305307
mortality_rate,county,5,female,0-17,0.0008083609442357913,0.0,0.002049813995662855
mortality_rate,county,5,female,18-44,0.0013142164423699738,0.00023191712525809697,0.003034848266718885
mortality_rate,county,5,female,45-64,0.009318043757057597,0.00318859734922861,0.0196557943116444
mortality_rate,county,5,female,65-74,0.046096673186239515,0.01645320404152866,0.09958321382481744
mortality_rate,county,5,female,75-84,0.14578240987222466,0.05231038619502512,0.341940886506656
mortality_rate,county,5,female,85+,0.19666492058584367,0.06657922741221756,0.5317769386765779
qualifying_event_rate,county,5,female,0-17,0.02621506261890917,0.01869655746574881,0.035143609892121425
qualifying_event_rate,county,5,female,18-44,0.03209449199456393,0.023341736827273463,0.04258247974233825
qualifying_event_rate,county,5,female,45-64,0.04708393548928549,0.03501081573718894,0.06187658355910614
qualifying_event_rate,county,5,female,65-74,0.06778920337566147,0.050201192588408106,0.08936664669504582
qualifying_event_rate,county,5,female,75-84,0.08186943064508116,0.05470840323548915,0.11720366564598875
qualifying_event_rate,county,5,female,85+,0.07674459776065487,0.022865065976616982,0.14529055823386566
person_years_exposure,county,6,male,0-17,1271.5464294215326,928.2195612869833,1854.175816638175
person_years_exposure,county,6,male,18-44,1666.9972638449035,1217.6229596195844,2395.925078187499
person_years_exposure,county,6,male,45-64,1329.457398091721,970.975753691389,1925.893542321165
person_years_exposure,county,6,male,65-74,293.98944694741374,207.60699623141036,430.9046763841721
person_years_exposure,county,6,male,75-84,99.40363135823632,61.18879206609788,148.91270964163084
person_years_exposure,county,6,male,85+,6.536531562033944,1.7788396004935967,11.461558907156187
person_years_exposure,county,6,male,18-64,2996.4546619366247,2184.994370307298,4313.624210869926
person_years_exposure,county,6,male,65+,399.929609867684,275.75136042716565,586.9090483783921
mortality_rate,county,6,male,0-17,0.0020237107572003096,0.0,0.005261460459037533
mortality_rate,county,6,male,18-44,0.0017993501152075513,0.0,0.004612154182512367
mortality_rate,county,6,male,45-64,0.008123835321276593,0.002070405428317974,0.017977459648824582
mortality_rate,county,6,male,65-74,0.041036187288540374,0.011352590346092052,0.09587881744129939
mortality_rate,county,6,male,75-84,0.10183396191988088,0.028001200996770354,0.24269394153095775
mortality_rate,county,6,male,85+,0.1626236714867957,0.0,0.7278523263480379
qualifying_event_rate,county,6,male,0-17,0.02441470706490294,0.01572462499968856,0.03488059869727462
qualifying_event_rate,county,6,male,18-44,0.03131800656324132,0.02144664633489449,0.04299752484293893
qualifying_event_rate,county,6,male,45-64,0.04363797605338983,0.030555442975491134,0.05883787547139388
qualifying_event_rate,county,6,male,65-74,0.06722202434905113,0.04022737857162961,0.09789066228928059
qualifying_event_rate,county,6,male,75-84,0.07727535755936395,0.03311700524476138,0.12732981124713783
qualifying_event_rate,county,6,male,85+,0.07428324612840773,0.0,0.2685535358666782
person_years_exposure,county,6,female,0-17,1363.0476930544446,995.7492115442722,1991.7328385717396
person_years_exposure,county,6,female,18-44,1505.4250240017568,1099.5924700720302,2166.5541814754442
person_years_exposure,county,6,female,45-64,1246.206797287711,909.993139584305,1809.0362261229905
person_years_exposure,county,6,female,65-74,433.6990970044218,303.7804621426036,645.7806982765416
person_years_exposure,county,6,female,75-84,157.53747801362107,97.54583094656779,238.60348087920826
person_years_exposure,county,6,female,85+,9.988409738254495,3.3442510292347447,17.652188232023363
person_years_exposure,county,6,female,18-64,2751.6318212894676,2007.781310258584,3968.1208766774553
person_years_exposure,county,6,female,65+,601.2249847562974,410.8923437472421,888.0763042497526
mortality_rate,county,6,female,0-17,0.0012448407729209407,0.0,0.0035091924146949723
mortality_rate,county,6,female,18-44,0.0012922015171694993,0.0,0.0035513835259122916
mortality_rate,county,6,female,45-64,0.010262391866128939,0.0027806523835790073,0.023191827507852036
mortality_rate,county,6,female,65-74,0.04586213538014065,0.013279803456924644,0.10160571843822669
mortality_rate,county,6,female,75-84,0.10736124153770292,0.03262252113679011,0.25671092499756476
mortality_rate,county,6,female,85+,0.17318316591538685,0.0,0.64377740810482
qualifying_event_rate,county,6,female,0-17,0.02484129018653313,0.0163060872203593,0.03511257684360757
qualifying_event_rate,county,6,female,18-44,0.03219052875573971,0.022042490869858176,0.044305842526352196
qualifying_event_rate,county,6,female,45-64,0.04476771862535609,0.031173557787054457,0.06165668390296993
qualifying_event_rate,county,6,female,65-74,0.06886145977773572,0.045333191157553174,0.09527929480063298
qualifying_event_rate,county,6,female,75-84,0.07583325517552067,0.042816068569902575,0.11573230687175817
qualifying_event_rate,county,6,female,85+,0.07047664167494343,0.0,0.2339889987543032
person_years_exposure,county,7,male,0-17,661.7049176663447,460.6154222365404,1082.7616881248143
person_years_exposure,county,7,male,18-44,733.2075070849128,508.69786529510645,1195.4734454783886
person_years_exposure,county,7,male,45-64,808.1934122847242,561.4438497385161,1317.2338245266042
person_years_exposure,county,7,male,65-74,235.31598767923924,161.6162447824817,393.4182761068242
person_years_exposure,county,7,male,75-84,99.57169658265873,61.1377780440134,168.81947432863092
person_years_exposure,county,7,male,85+,0.6010672501766393,0.0018385862561819022,1.4043589644407233
person_years_exposure,county,7,male,18-64,1541.400919369637,1067.629651792698,2514.0286061337283
person_years_exposure,county,7,male,65+,335.4887515120746,227.3940266182572,556.314421023785
mortality_rate,county,7,male,0-17,0.0019257279842008843,0.0,0.0058719279689101
mortality_rate,county,7,male,18-44,0.001825689530607167,0.0,0.005433171494731447
mortality_rate,county,7,male,45-64,0.008542862512355028,0.0015379587828705727,0.019592534156734367
mortality_rate,county,7,male,65-74,0.04273135032137523,0.010649783513245166,0.09968024220063011
mortality_rate,county,7,male,75-84,0.10248943459638717,0.027239823428995683,0.2514546846112634
mortality_rate,county,7,male,85+,0.10908173666084638,0.0,1.482048178584291
qualifying_event_rate,county,7,male,0-17,0.026728174390131348,0.015090147166321989,0.040383781059239836
qualifying_event_rate,county,7,male,18-44,0.03378068124957975,0.020701454401052338,0.049271170104767024
qualifying_event_rate,county,7,male,45-64,0.04767463988501731,0.03196808470382773,0.06580284930293165
qualifying_event_rate,county,7,male,65-74,0.07281783956246353,0.042750369335375266,0.10583352453304658
qualifying_event_rate,county,7,male,75-84,0.08400337203530979,0.041008440658952434,0.13494622514459087
qualifying_event_rate,county,7,male,85+,0.06216846804172057,0.0,0.06216846804172057
person_years_exposure,county,7,female,0-17,658.2605983123785,456.0152972703614,1075.7262101697854
person_years_exposure,county,7,female,18-44,645.6649850027488,447.7298205086025,1055.1828677519163
person_years_exposure,county,7,female,45-64,810.059778919485,563.4440531102923,1326.6710178121498
person_years_exposure,county,7,female,65-74,257.4677415776115,176.47294784718474,426.70893962335407
person_years_exposure,county,7,female,75-84,86.81166306481558,51.07015663200059,148.78337027864617
person_years_exposure,county,7,female,85+,19.00022977591584,8.08400752875331,34.063827352446324
person_years_exposure,county,7,female,18-64,1455.7247639222337,1010.1589392486719,2375.613261645388
person_years_exposure,county,7,female,65+,363.2796344183429,243.74194617551453,606.3424890943071
mortality_rate,county,7,female,0-17,0.0012395060115124876,0.0,0.004251594927259594
mortality_rate,county,7,female,18-44,0.0013444137809453388,0.0,0.004588850403000319
mortality_rate,county,7,female,45-64,0.009429329327885518,0.0016185609142040133,0.021052942616272084
mortality_rate,county,7,female,65-74,0.04849144273432776,0.013485588572685673,0.11002992244728262
mortality_rate,county,7,female,75-84,0.11695120037643647,0.0304316014239162,0.2844800169844868
mortality_rate,county,7,female,85+,0.1869556985296141,0.03986670051504743,0.5850780727969159
qualifying_event_rate,county,7,female,0-17,0.026971675318067555,0.015348638634541681,0.04075925243097178
qualifying_event_rate,county,7,female,18-44,0.0347311126196804,0.020849334671842374,0.05041781487978336
qualifying_event_rate,county,7,female,45-64,0.04750062591798052,0.03221462915519037,0.06617495894440298
qualifying_event_rate,county,7,female,65-74,0.07439511135392111,0.04632144386786447,0.106598490438073
qualifying_event_rate,county,7,female,75-84,0.08081480829681428,0.036013359280875124,0.13257558229805982
qualifying_event_rate,county,7,female,85+,0.08174815868609958,0.0,0.19781776265846748
person_years_exposure,county,8,male,0-17,2120.7512679070064,1571.7705350084589,3558.1825977996377
person_years_exposure,county,8,male,18-44,2500.0874296115867,1847.3794352583088,4235.3088892124715
person_years_exposure,county,8,male,45-64,2449.993094242824,1805.7475576069191,4059.9568599032978
person_years_exposure,county,8,male,65-74,529.1779837532079,373.2141263769966,772.3742382860537
person_years_exposure,county,8,male,75-84,154.3733192589486,92.73011611169068,230.56959837267016
person_years_exposure,county,8,male,85+,11.21838152254864,3.7255544661956734,19.077484578803734
person_years_exposure,county,8,male,18-64,4950.080523854411,3659.1365840328554,8306.001193274606
person_years_exposure,county,8,male,65+,694.7696845347051,474.78302140614437,1018.9091856052346
mortality_rate,county,8,male,0-17,0.0009752955975083714,0.0,0.0024887805871774355
mortality_rate,county,8,male,18-44,0.0014198722194493404,0.0,0.0034433023750300986
mortality_rate,county,8,male,45-64,0.010058223503938424,0.0032596227745068113,0.02124035413829384
mortality_rate,county,8,male,65-74,0.050310399837057734,0.015830129694368644,0.11340503007175841
mortality_rate,county,8,male,75-84,0.10938638503869345,0.03335002872506651,0.2667660761253257
mortality_rate,county,8,male,85+,0.1746348102336211,0.0,0.6468830701475334
qualifying_event_rate,county,8,male,0-17,0.028010047500112944,0.01902237140219089,0.038686153569659765
qualifying_event_rate,county,8,male,18-44,0.035503758935551896,0.025223876937465202,0.04750431208174518
qualifying_event_rate,county,8,male,45-64,0.04801671697623993,0.035870816761724995,0.06334842505897037
qualifying_event_rate,county,8,male,65-74,0.07472635045745281,0.05134661577325345,0.10218297390783662
qualifying_event_rate,county,8,male,75-84,0.08825503290181229,0.048794371840501845,0.1332352139302249
qualifying_event_rate,county,8,male,85+,0.08853940751782972,0.0,0.24644829192418272
person_years_exposure,county,8,female,0-17,1941.2667682629794,1441.2363852857754,3249.1595858320065
person_years_exposure,county,8,female,18-44,2216.5247691797153,1646.6397960209026,3751.9790475646305
person_years_exposure,county,8,female,45-64,2220.027406172191,1639.6279999270475,3704.531485756802
person_years_exposure,county,8,female,65-74,614.1198211790107,439.0877364106387,901.1784559291341
person_years_exposure,county,8,female,75-84,191.50934032389458,111.64280436321388,288.19710113377664
person_years_exposure,county,8,female,85+,6.079064033874562,1.4112451524812137,11.278131859175772
person_years_exposure,county,8,female,18-64,4436.552175351906,3283.9089571587406,7488.144988530943
person_years_exposure,county,8,female,65+,811.7082255367799,563.1549417114118,1193.875746724293
mortality_rate,county,8,female,0-17,0.0008151994136622543,0.0,0.0022834836524316363
mortality_rate,county,8,female,18-44,0.0013162408601595245,0.0,0.0035065483636795075
mortality_rate,county,8,female,45-64,0.009565135647520456,0.0028986770680610673,0.021006971322317814
mortality_rate,county,8,female,65-74,0.04615308674576762,0.015473953830277455,0.10183521712196354
mortality_rate,county,8,female,75-84,0.1282591463590159,0.043302335181723384,0.3217274551035637
mortality_rate,county,8,female,85+,0.15166330368517364,0.0,0.8476381591833595
qualifying_event_rate,county,8,female,0-17,0.028312396297639823,0.01906769304044581,0.03915653661684671
qualifying_event_rate,county,8,female,18-44,0.034784005325387266,0.024502642264078663,0.046821653834411954
qualifying_event_rate,county,8,female,45-64,0.051042136277781154,0.03720231429637344,0.06808095065773227
qualifying_event_rate,county,8,female,65-74,0.07304604423249729,0.050249886585058925,0.09982220589514806
qualifying_event_rate,county,8,female,75-84,0.084118921843941,0.050164901772372275,0.12749860926414333
qualifying_event_rate,county,8,female,85+,0.06925610282529363,0.0,0.2722224746688121
person_years_exposure,county,9,male,0-17,1660.44958532735,1150.7199032744757,3053.9027673301007
person_years_exposure,county,9,male,18-44,1875.3038217666583,1309.020589892659,3443.086891522969
person_years_exposure,county,9,male,45-64,1575.280327480682,1097.3156272159026,2883.8932124690095
person_years_exposure,county,9,male,65-74,496.302725413081,339.0417801744368,917.493935861488
person_years_exposure,county,9,male,75-84,169.9190541362989,104.24363035653963,317.92080009826043
person_years_exposure,county,9,male,85+,19.975775575460847,8.453156845985065,37.27079031666149
person_years_exposure,county,9,male,18-64,3450.58414924734,2412.8864903811887,6325.725702226169
person_years_exposure,county,9,male,65+,686.1975551248407,464.0241327498704,1259.9852429436037
mortality_rate,county,9,male,0-17,0.001975827358891606,0.0,0.0050020293189577975
mortality_rate,county,9,male,18-44,0.0017512787258152597,0.0,0.004416521180289042
mortality_rate,county,9,male,45-64,0.007854504788229024,0.0020577653010296353,0.017485413146257615
mortality_rate,county,9,male,65-74,0.04003955707554995,0.012690313206880723,0.08844946744195323
mortality_rate,county,9,male,75-84,0.10367549672316169,0.03313342963447991,0.24996537009054748
mortality_rate,county,9,male,85+,0.18567396617369997,0.03804076539106555,0.5871807628474134
qualifying_event_rate,county,9,male,0-17,0.022586009246469516,0.014360165697789615,0.031925063110015604
qualifying_event_rate,county,9,male,18-44,0.028518813604688283,0.019283085052871882,0.039177423867556654
qualifying_event_rate,county,9,male,45-64,0.039893383179141276,0.027813791728463946,0.05437398964253441
qualifying_event_rate,county,9,male,65-74,0.061627326893592425,0.039633087953624815,0.08661125820908569
qualifying_event_rate,county,9,male,75-84,0.07444115186612041,0.04040827139448376,0.11322835372138074
qualifying_event_rate,county,9,male,85+,0.07858054078171312,0.0,0.18383653871601938
person_years_exposure,county,9,female,0-17,1718.3153371287303,1188.4241109590848,3161.2276633887523
person_years_exposure,county,9,female,18-44,1985.6467151797367,1386.540206915796,3645.434883723783
person_years_exposure,county,9,female,45-64,1763.278518111646,1228.5595202502711,3241.7657524623583
person_years_exposure,county,9,female,65-74,503.7862154648584,344.5093524636296,953.3941561629538
person_years_exposure,county,9,female,75-84,131.0811365845892,79.86814519656927,238.87266710064767
person_years_exposure,county,9,female,85+,41.88695998774607,18.365672319241334,80.54749343450838
person_years_exposure,county,9,female,18-64,3748.925233291383,2618.263847925432,6888.185931764191
person_years_exposure,county,9,female,65+,676.7543120371937,453.8500590572807,1257.8445486168225
mortality_rate,county,9,female,0-17,0.0012165008285050297,0.0,0.003386016256009412
mortality_rate,county,9,female,18-44,0.0013308400254678735,0.0,0.003539703288906902
mortality_rate,county,9,female,45-64,0.009784297392068394,0.0029033836079095806,0.02152716920234693
mortality_rate,county,9,female,65-74,0.04413146652507315,0.01409329724705487,0.09912562638545952
mortality_rate,county,9,female,75-84,0.11889102743266441,0.03514843909521537,0.2796121553899155
mortality_rate,county,9,female,85+,0.19625891560155,0.06172051728612654,0.5388218676718278
qualifying_event_rate,county,9,female,0-17,0.022863452501912216,0.014873559836389926,0.03229603666412037
qualifying_event_rate,county,9,female,18-44,0.030001901496830987,0.020583423358481175,0.0409660023802514
qualifying_event_rate,county,9,female,45-64,0.04132897541170743,0.029056325970285225,0.05542247186521288
qualifying_event_rate,county,9,female,65-74,0.06292710166485188,0.041488021135761374,0.08877639417482736
qualifying_event_rate,county,9,female,75-84,0.07190047723910072,0.03479502005158143,0.117190197502326
qualifying_event_rate,county,9,female,85+,0.07411794188776073,0.0,0.14688526956785825
person_years_exposure,county,10,male,0-17,1425.0552199705028,1014.0142620807062,2557.9171852284944
person_years_exposure,county,10,male,18-44,1648.8117512961223,1179.213956443968,2984.873075403474
person_years_exposure,county,10,male,45-64,1681.4321388674296,1199.1178855239477,3015.402892030961
person_years_exposure,county,10,male,65-74,495.54128197435693,340.9647272406259,894.11582260546
person_years_exposure,county,10,male,75-84,147.3512149999755,89.8999714081368,263.43340388936576
person_years_exposure,county,10,male,85+,9.384783889843396,2.058456311772577,18.80650462459221
person_years_exposure,county,10,male,18-64,3330.243890163552,2383.2946643001233,6006.546018912243
person_years_exposure,county,10,male,65+,652.2772808641759,439.11296200779645,1166.7392023510297
mortality_rate,county,10,male,0-17,0.0009916008290045417,0.0,0.0030261577908726263
mortality_rate,county,10,male,18-44,0.001439542843131835,0.0,0.003870460696743651
mortality_rate,county,10,male,45-64,0.01035958865650859,0.002959726517855077,0.022297525855116924
mortality_rate,county,10,male,65-74,0.050324195351927496,0.015558583807806186,0.11229329047265298
mortality_rate,county,10,male,75-84,0.10234487329487163,0.03201679042708458,0.24601436274116895
mortality_rate,county,10,male,85+,0.16630667564150847,0.0,0.7037890231022506
qualifying_event_rate,county,10,male,0-17,0.029538541951851422,0.019731083847884516,0.041822082829047445
qualifying_event_rate,county,10,male,18-44,0.037418661728311146,0.026190558771862275,0.051122733955463275
qualifying_event_rate,county,10,male,45-64,0.05088950536766885,0.0364933972822101,0.06875742597559022
qualifying_event_rate,county,10,male,65-74,0.07817081512293979,0.053870434135526654,0.10723916062547259
qualifying_event_rate,county,10,male,75-84,0.09069838253329857,0.05022476653084798,0.13756081825999236
qualifying_event_rate,county,10,male,85+,0.08777451636579074,0.0,0.2778480831690111
person_years_exposure,county,10,female,0-17,1579.6105888520572,1125.4283554001663,2847.2606403747354
person_years_exposure,county,10,female,18-44,1680.5599951602567,1200.497069265351,3045.7972558613938
person_years_exposure,county,10,female,45-64,1596.9835582407113,1137.950096151648,2871.1104201127982
person_years_exposure,county,10,female,65-74,506.5586850017183,347.12978989382395,899.0293947468267
person_years_exposure,county,10,female,75-84,106.1566268788046,60.920293916790115,193.26228958767922
person_years_exposure,county,10,female,85+,4.458529641721409,0.43956416673897647,9.389754517347484
person_years_exposure,county,10,female,18-64,3277.543553400968,2339.1496344518405,5929.758992009481
person_years_exposure,county,10,female,65+,617.1738415222443,418.03828732503484,1107.2699737045016
mortality_rate,county,10,female,0-17,0.0008108085168514614,0.0,0.0024837721382771766
mortality_rate,county,10,female,18-44,0.0013045549214629117,0.0,0.0035398351031126736
mortality_rate,county,10,female,45-64,0.009171954753019572,0.0024316976315920265,0.02009700141999439
mortality_rate,county,10,female,65-74,0.046540706428297156,0.01427763713154733,0.10474905015650905
mortality_rate,county,10,female,75-84,0.12815195551294353,0.03803344587885041,0.313480887092791
mortality_rate,county,10,female,85+,0.14294612017430944,0.0,0.8817254373564799
qualifying_event_rate,county,10,female,0-17,0.030013825296305564,0.020419407894745806,0.04147833723989958
qualifying_event_rate,county,10,female,18-44,0.0366884206005432,0.025638602425901613,0.05054292633033775
qualifying_event_rate,county,10,female,45-64,0.053315304424125215,0.0384938879960574,0.07177713416974557
qualifying_event_rate,county,10,female,65-74,0.07614479235568855,0.05278273330496827,0.10451080575001025
qualifying_event_rate,county,10,female,75-84,0.08672244423536991,0.0424370782699298,0.14016791945966658
qualifying_event_rate,county,10,female,85+,0.07050503860380548,0.0,0.31318557349383663
person_years_exposure,county,11,male,0-17,2380.498357827511,1615.4354857864398,3396.8335747785163
person_years_exposure,county,11,male,18-44,2668.2164721682216,1808.6914854941538,3779.216394265964
person_years_exposure,county,11,male,45-64,2394.861552763137,1626.2160167444372,3371.18637781163
person_years_exposure,county,11,male,65-74,826.0016060698924,557.253580960366,1187.6918106345042
person_years_exposure,county,11,male,75-84,292.0536779701427,177.54737250537363,435.45189236624856
person_years_exposure,county,11,male,85+,42.87237620974783,19.87649078601029,70.43372469224695
person_years_exposure,county,11,male,18-64,5063.078024931358,3440.9228296066544,7118.128416015489
person_years_exposure,county,11,male,65+,1160.927660249783,771.6275694802716,1690.2604211964183
mortality_rate,county,11,male,0-17,0.00715202788063996,0.0019804753669560556,0.015395285568088826
mortality_rate,county,11,male,18-44,0.002005853287046409,0.0003568290892052871,0.004604134372601101
mortality_rate,county,11,male,45-64,0.008355698960723662,0.00248390291225719,0.01770380555359631
mortality_rate,county,11,male,65-74,0.03910025767012764,0.012965197815017437,0.08613241555568413
mortality_rate,county,11,male,75-84,0.11256760437973695,0.039278704877339456,0.2610511687007887
mortality_rate,county,11,male,85+,0.2137967364081667,0.07008356176655159,0.5466490503576454
qualifying_event_rate,county,11,male,0-17,0.030349556879524203,0.021180012372779975,0.041720424051880624
qualifying_event_rate,county,11,male,18-44,0.03817672613664453,0.027674197122623773,0.05198716366328961
qualifying_event_rate,county,11,male,45-64,0.051189717006732936,0.03764102117429962,0.06826810153735668
qualifying_event_rate,county,11,male,65-74,0.07856261702654799,0.05595113852148286,0.10446848505839978
qualifying_event_rate,county,11,male,75-84,0.09699217818109435,0.0647357101661549,0.13695019077618828
qualifying_event_rate,county,11,male,85+,0.10228770899172498,0.03366068914975392,0.1892576635135019
person_years_exposure,county,11,female,0-17,2234.581503339849,1510.56353805031,3175.5845508608613
person_years_exposure,county,11,female,18-44,2811.786370931499,1905.180936222353,3973.637537620164
person_years_exposure,county,11,female,45-64,2408.1513258116665,1640.2500749611866,3398.918117574774
person_years_exposure,county,11,female,65-74,852.5730517276261,574.5697357513193,1227.2241625673391
person_years_exposure,county,11,female,75-84,268.40708066052116,163.5895168468652,407.69017383462204
person_years_exposure,county,11,female,85+,38.50952207351895,17.593436078524032,62.44662395360241
person_years_exposure,county,11,female,18-64,5219.937696743165,3543.7019620597935,7363.353103927995
person_years_exposure,county,11,female,65+,1159.4896544616663,773.3869175819478,1691.7392315098627
mortality_rate,county,11,female,0-17,0.0015450932148098524,0.0,0.0038221510113713897
mortality_rate,county,11,female,18-44,0.001501422629807195,0.0,0.003607303064988903
mortality_rate,county,11,female,45-64,0.007381545634495642,0.0018901586125911881,0.01573605650613906
mortality_rate,county,11,female,65-74,0.035135654261898866,0.011380525097378923,0.07607244417810302
mortality_rate,county,11,female,75-84,0.11471006038957238,0.038165441563177874,0.2634813935067432
mortality_rate,county,11,female,85+,0.21982328124866304,0.07326761342944757,0.560932267673062
qualifying_event_rate,county,11,female,0-17,0.03136292308324962,0.02181462332124541,0.04270696719087191
qualifying_event_rate,county,11,female,18-44,0.03817800759341242,0.027722439392513155,0.051562013467258694
qualifying_event_rate,county,11,female,45-64,0.05541238410548125,0.04071222825258497,0.07330534431956519
qualifying_event_rate,county,11,female,65-74,0.08240609124337298,0.06008200711129325,0.11025522608790389
qualifying_event_rate,county,11,female,75-84,0.09511947257296237,0.06170236728246053,0.13542834037469953
qualifying_event_rate,county,11,female,85+,0.09018624500284349,0.02260452088477588,0.17574391134950856
person_years_exposure,county,12,male,0-17,2032.2225183975913,1537.6806663425534,2800.7233173219192
person_years_exposure,county,12,male,18-44,1826.0379160354476,1383.7814189411745,2519.4978780126316
person_years_exposure,county,12,male,45-64,2236.244356809681,1695.9166632615709,3083.8091195121383
person_years_exposure,county,12,male,65-74,603.7506166869059,452.4893298335352,840.3474323528617
person_years_exposure,county,12,male,75-84,176.6721333333631,116.3870411648586,259.2239003899827
person_years_exposure,county,12,male,85+,22.80013652185237,9.289948515812794,37.578578955679916
person_years_exposure,county,12,male,18-64,4062.2822728451283,3076.981145270067,5611.616551913571
person_years_exposure,county,12,male,65+,803.2228865421213,590.1902368459964,1133.9326006010633
mortality_rate,county,12,male,0-17,0.0020204268942396867,0.0,0.004857195008942759
mortality_rate,county,12,male,18-44,0.0017643005433833827,0.0,0.004325104812961932
mortality_rate,county,12,male,45-64,0.008485689035263595,0.0026559032579630804,0.018156258260362563
mortality_rate,county,12,male,65-74,0.03915527418341707,0.012826465140961299,0.08786811544745629
mortality_rate,county,12,male,75-84,0.11512237024241631,0.037070266464171005,0.27192408412716246
mortality_rate,county,12,male,85+,0.17104314749621685,0.03569795338243795,0.509610607694886
qualifying_event_rate,county,12,male,0-17,0.02568746101677478,0.01745407256204133,0.035728697109194504
qualifying_event_rate,county,12,male,18-44,0.03278778930374622,0.022890720237759878,0.04508771587346724
qualifying_event_rate,county,12,male,45-64,0.045999757989553476,0.03354206597018813,0.060625241905130994
qualifying_event_rate,county,12,male,65-74,0.06887058478005208,0.04779067965859879,0.09446020687504118
qualifying_event_rate,county,12,male,75-84,0.08660371531496285,0.04987094975648271,0.1291581719344867
qualifying_event_rate,county,12,male,85+,0.08079201419838622,0.0,0.18861424871848534
person_years_exposure,county,12,female,0-17,1845.872700825934,1397.0475907729767,2545.9139812073654
person_years_exposure,county,12,female,18-44,1871.0079946812389,1416.88792893935,2584.258899333945
person_years_exposure,county,12,female,45-64,1924.2242289952346,1454.2286997114443,2657.657740214331
person_years_exposure,county,12,female,65-74,670.0084006968401,499.85750453369985,932.5319870372886
person_years_exposure,county,12,female,75-84,190.07649316576988,124.57430685060973,277.82703506416675
person_years_exposure,county,12,female,85+,16.187134164834315,6.768063111988987,27.03048440552414
person_years_exposure,county,12,female,18-64,3795.2322236764735,2872.4630960049158,5245.305582858093
person_years_exposure,county,12,female,65+,876.2720280274443,642.0391958061994,1234.4376051319857
mortality_rate,county,12,female,0-17,0.0012009478627687034,0.0,0.003140874757943673
mortality_rate,county,12,female,18-44,0.001351575514876851,0.0,0.0034978999163690185
mortality_rate,county,12,female,45-64,0.009715258573197343,0.002964303710459359,0.02104359592319404
mortality_rate,county,12,female,65-74,0.044282876714403924,0.014812928207055907,0.09725866494335725
mortality_rate,county,12,female,75-84,0.1111139336700635,0.03591750327396697,0.2653061826637825
mortality_rate,county,12,female,85+,0.1704789628821064,0.034010060855330065,0.538960312818927
qualifying_event_rate,county,12,female,0-17,0.02609363436720115,0.017667335259159707,0.036203429258246884
qualifying_event_rate,county,12,female,18-44,0.034009718888429366,0.023768217999474626,0.046906439932970195
qualifying_event_rate,county,12,female,45-64,0.04646429116550295,0.03384043456756181,0.06128839211340587
qualifying_event_rate,county,12,female,65-74,0.07131113842126374,0.05004410539065469,0.0963386915799146
qualifying_event_rate,county,12,female,75-84,0.07924210163253505,0.04496765857246627,0.11977189268510695
qualifying_event_rate,county,12,female,85+,0.07765455463368615,0.0,0.19541357243425192
person_years_exposure,county,13,male,0-17,1341.698663722892,959.43720511291,2346.5019991253284
person_years_exposure,county,13,male,18-44,1412.6389429189273,1004.0489103327104,2468.9010813178347
person_years_exposure,county,13,male,45-64,1132.6918681221805,806.0725472715023,1979.9341481248475
person_years_exposure,county,13,male,65-74,391.6102477153262,272.0967632069719,673.5312205245572
person_years_exposure,county,13,male,75-84,138.617956630078,83.6918545505465,245.36647665030688
person_years_exposure,county,13,male,85+,27.44632599204243,12.613628155285626,49.92534482576154
person_years_exposure,county,13,male,18-64,2545.330811041108,1802.6863557184981,4448.6886605510845
person_years_exposure,county,13,male,65+,557.6745303374465,382.4609488401792,956.9432648934277
mortality_rate,county,13,male,0-17,0.001886964897337703,0.0,0.004894579073067245
mortality_rate,county,13,male,18-44,0.001763115108307236,0.0,0.004676878123970638
mortality_rate,county,13,male,45-64,0.00787454544768382,0.0018072784667685438,0.01781042166684484
mortality_rate,county,13,male,65-74,0.03928785900799942,0.011055325998861155,0.08983905284094541
mortality_rate,county,13,male,75-84,0.10640034797444947,0.03251923064094396,0.26347320430286064
mortality_rate,county,13,male,85+,0.21534303736829338,0.06486432588098191,0.5724920060796659
qualifying_event_rate,county,13,male,0-17,0.026790540158342584,0.016863099492721672,0.03788854211716805
qualifying_event_rate,county,13,male,18-44,0.03409880202325875,0.022982486668934786,0.04720141568258647
qualifying_event_rate,county,13,male,45-64,0.04704848702556329,0.03256152401366761,0.06363653610822553
qualifying_event_rate,county,13,male,65-74,0.07200712445644886,0.04634439096596319,0.10231150020588262
qualifying_event_rate,county,13,male,75-84,0.08710103374133012,0.04757852278426957,0.1308361952482584
qualifying_event_rate,county,13,male,85+,0.09537793418880217,0.0,0.19299153540166772
person_years_exposure,county,13,female,0-17,1311.186561496701,938.1713955205297,2282.854055013566
person_years_exposure,county,13,female,18-44,1440.7974701157423,1021.3175942786589,2518.4676828406405
person_years_exposure,county,13,female,45-64,1181.1250152475682,835.8326741333088,2073.3965706102076
person_years_exposure,county,13,female,65-74,319.99523628788063,222.3324493185034,549.3503223025152
person_years_exposure,county,13,female,75-84,129.247069250294,79.91794888178426,227.3010410148511
person_years_exposure,county,13,female,85+,22.630137376781637,8.178639512156279,41.54424180545611
person_years_exposure,county,13,female,18-64,2621.9224853633104,1862.5926098882132,4596.041361832615
person_years_exposure,county,13,female,65+,471.87244291495625,318.1207578534887,806.0141275767622
mortality_rate,county,13,female,0-17,0.0012006062266250285,0.0,0.0034660708568826975
mortality_rate,county,13,female,18-44,0.0012986514682384132,0.0,0.003687543700860956
mortality_rate,county,13,female,45-64,0.009962794597814593,0.002482176122596779,0.022059607482833258
mortality_rate,county,13,female,65-74,0.04527651116416005,0.013062549183178014,0.10280672539904327
mortality_rate,county,13,female,75-84,0.11606420256185071,0.037592589278640766,0.28050927483617244
mortality_rate,county,13,female,85+,0.19644008175949748,0.04575048499124936,0.5726313224262933
qualifying_event_rate,county,13,female,0-17,0.02732868751461053,0.017536517341568452,0.03931582319496472
qualifying_event_rate,county,13,female,18-44,0.03526350370166217,0.0245467202603331,0.0483007795550849
qualifying_event_rate,county,13,female,45-64,0.048608903692838726,0.03392316260312851,0.06603809070490875
qualifying_event_rate,county,13,female,65-74,0.07426479239487414,0.046419638481174474,0.10474050745522355
qualifying_event_rate,county,13,female,75-84,0.08401298846922554,0.04212044199728477,0.13105955869717736
qualifying_event_rate,county,13,female,85+,0.08020451522023661,0.0,0.19249160815840982
person_years_exposure,county,14,male,0-17,3334.25417688267,2587.3704821936963,4187.653357978706
person_years_exposure,county,14,male,18-44,3480.246748976309,2710.924958955914,4364.441511242788
person_years_exposure,county,14,male,45-64,3154.241731852014,2447.7324804878226,3964.3213524596713
person_years_exposure,county,14,male,65-74,891.0468239027311,679.0078079650627,1141.7117826974425
person_years_exposure,county,14,male,75-84,252.22660070184915,169.17035733067294,345.6267542658087
person_years_exposure,county,14,male,85+,22.278099230565196,9.832352139215947,35.08775163028771
person_years_exposure,county,14,male,18-64,6634.488480828322,5154.071920061472,8327.585816577703
person_years_exposure,county,14,male,65+,1165.5515238351454,871.9580319236754,1511.8031742597898
mortality_rate,county,14,male,0-17,0.0008520107231764791,0.0,0.0021177378228318918
mortality_rate,county,14,male,18-44,0.001223422592450494,0.0,0.0028434389228063736
mortality_rate,county,14,male,45-64,0.009283444026120006,0.0030297272815754343,0.0196910898125755
mortality_rate,county,14,male,65-74,0.04188093161064194,0.014517980945749577,0.08979703240909934
mortality_rate,county,14,male,75-84,0.10751977415021878,0.036899508956877596,0.25351623189064176
mortality_rate,county,14,male,85+,0.18444446426219654,0.03803658165804864,0.5267253276666288
qualifying_event_rate,county,14,male,0-17,0.026125888112088387,0.01829521649111674,0.03559263678362695
qualifying_event_rate,county,14,male,18-44,0.03332690128303875,0.02440031135220304,0.045164042349372206
qualifying_event_rate,county,14,male,45-64,0.04909126068599768,0.037050444640144856,0.06510095496371587
qualifying_event_rate,county,14,male,65-74,0.07061530975876802,0.051315641993508875,0.0952622438356899
qualifying_event_rate,county,14,male,75-84,0.08442042347821209,0.0534454890782093,0.12261954204648398
qualifying_event_rate,county,14,male,85+,0.0843475576481805,0.0,0.18935607010655428
person_years_exposure,county,14,female,0-17,3136.908867606677,2440.614447214027,3941.9933497230695
person_years_exposure,county,14,female,18-44,3454.530286884768,2686.0595538918333,4330.651043085083
person_years_exposure,county,14,female,45-64,3226.846395543273,2502.2564722230895,4053.9298662597657
person_years_exposure,county,14,female,65-74,834.3519134214607,637.220556952393,1066.6511174372297
person_years_exposure,county,14,female,75-84,224.90368808265004,150.09116514010526,310.22307171076596
person_years_exposure,county,14,female,85+,21.908950902864905,8.746170759311811,36.25264322595223
person_years_exposure,county,14,female,18-64,6681.376682428041,5188.630969956631,8378.409796276108
person_years_exposure,county,14,female,65+,1081.1645524069756,809.537617668368,1403.3730518470086
mortality_rate,county,14,female,0-17,0.0008126842423047552,0.0,0.0020709736081688888
mortality_rate,county,14,female,18-44,0.0013119660810926278,0.0002268287950840092,0.0031579508120213114
mortality_rate,county,14,female,45-64,0.009553336186090732,0.003060997731470954,0.019894568919601986
mortality_rate,county,14,female,65-74,0.040472996767709844,0.013016366804987672,0.08815178973730592
mortality_rate,county,14,female,75-84,0.1178542629277495,0.040959240535188596,0.28101584956485903
mortality_rate,county,14,female,85+,0.16726314774190446,0.032353380225728645,0.5194546074255302
qualifying_event_rate,county,14,female,0-17,0.026852357525377,0.018797448892153255,0.03659364975383498
qualifying_event_rate,county,14,female,18-44,0.03545149457328673,0.025745728103497203,0.04783628906415168
qualifying_event_rate,county,14,female,45-64,0.047649560484924566,0.03553442310873731,0.06295387167406853
qualifying_event_rate,county,14,female,65-74,0.0726829834785062,0.05299536412983215,0.09852351340172741
qualifying_event_rate,county,14,female,75-84,0.08035996601281209,0.049236514537868245,0.11955473509854153
qualifying_event_rate,county,14,female,85+,0.08029934948343061,0.0,0.18766778221066682
person_years_exposure,county,15,male,0-17,1678.8030626989332,1013.7187529014822,3326.9599528224553
person_years_exposure,county,15,male,18-44,2080.1496804671424,1247.67446367008,4134.752328594952
person_years_exposure,county,15,male,45-64,2049.066740207352,1234.369705071551,4080.6117261908876
person_years_exposure,county,15,male,65-74,580.6604024985721,349.6826622612066,1152.5513502656231
person_years_exposure,county,15,male,75-84,238.46260669781344,130.3864587198889,474.5570583860404
person_years_exposure,county,15,male,85+,27.168827190297456,11.64152212177744,53.94165142610223
person_years_exposure,county,15,male,18-64,4129.216420674495,2468.341280754892,8214.000958547866
person_years_exposure,county,15,male,65+,846.2918363866829,504.7031460578722,1675.2096047411499
mortality_rate,county,15,male,0-17,0.007118864708160979,0.0017083668293394081,0.015393402273367107
mortality_rate,county,15,male,18-44,0.002040774867002199,0.0,0.004902696056204489
mortality_rate,county,15,male,45-64,0.00830027259057405,0.002216359880984983,0.01800265076400985
mortality_rate,county,15,male,65-74,0.03932311477751117,0.011649057653292248,0.0856400773397785
mortality_rate,county,15,male,75-84,0.11259988953293398,0.038288097147834196,0.25621932475123954
mortality_rate,county,15,male,85+,0.21377469444289596,0.05696681867690186,0.5602875244601948
qualifying_event_rate,county,15,male,0-17,0.03250665121927209,0.02177829503638028,0.045184595179100055
qualifying_event_rate,county,15,male,18-44,0.04094847470553417,0.02910461674782835,0.054756834705244964
qualifying_event_rate,county,15,male,45-64,0.054450045552181324,0.03987888396888954,0.07247216672989777
qualifying_event_rate,county,15,male,65-74,0.08338688512226987,0.05719305920850143,0.11221435333281451
qualifying_event_rate,county,15,male,75-84,0.10276092637269203,0.06684916446950431,0.14395713678072125
qualifying_event_rate,county,15,male,85+,0.10911499661834866,0.002530429561798184,0.21846988806135348
person_years_exposure,county,15,female,0-17,1913.5972707775247,1155.8555267943525,3804.8628153688583
person_years_exposure,county,15,female,18-44,1957.6260324154634,1173.3597697000987,3884.2597781424574
person_years_exposure,county,15,female,45-64,1875.4341798727157,1125.6870104771074,3725.5267825771402
person_years_exposure,county,15,female,65-74,594.5860799194127,358.097074707461,1192.9808013066606
person_years_exposure,county,15,female,75-84,179.43159520403162,100.67562151887738,359.8459785666855
person_years_exposure,county,15,female,85+,37.65496875739544,15.025420436448742,76.555120722475
person_years_exposure,county,15,female,18-64,3833.060212288179,2291.6114120916895,7615.164299756699
person_years_exposure,county,15,female,65+,811.6726438808397,486.1856081358313,1609.0782790391254
mortality_rate,county,15,female,0-17,0.0015177158325586128,0.0,0.0037615439473765583
mortality_rate,county,15,female,18-44,0.0016057993893865675,0.0,0.0040645132552163885
mortality_rate,county,15,female,45-64,0.007456867018494428,0.0020273409787376117,0.016396414399115364
mortality_rate,county,15,female,65-74,0.03652712806174338,0.011013353539958236,0.08086056367577019
mortality_rate,county,15,female,75-84,0.10799591317806169,0.0329320616762093,0.25407380268329977
mortality_rate,county,15,female,85+,0.21217680842240763,0.06044669417092682,0.5726206395861199
qualifying_event_rate,county,15,female,0-17,0.03361480301775496,0.02322876893318619,0.04604004911273661
qualifying_event_rate,county,15,female,18-44,0.04097325392391796,0.028844307674786906,0.055512183022416055
qualifying_event_rate,county,15,female,45-64,0.05914125301442344,0.043279669605049746,0.07941479293437838
qualifying_event_rate,county,15,female,65-74,0.0878473441979539,0.06179955401251274,0.1163627371280444
qualifying_event_rate,county,15,female,75-84,0.09806148601176728,0.05950534216951387,0.1424787815714345
qualifying_event_rate,county,15,female,85+,0.09610450527470613,0.021159630588069158,0.18719796207742806
person_years_exposure,county,16,male,0-17,2718.6100904350988,1846.3970731681488,3887.5024592454065
person_years_exposure,county,16,male,18-44,2963.578638322126,2027.5586602242254,4399.674169339576
person_years_exposure,county,16,male,45-64,2991.040055357292,2041.0605330934457,4381.461574400333
person_years_exposure,county,16,male,65-74,842.6416970981262,566.1256596241668,1220.0546215762797
person_years_exposure,county,16,male,75-84,367.72458641398117,223.9376203849238,551.9840583567592
person_years_exposure,county,16,male,85+,46.24071166438967,18.59363321518141,79.17914333683757
person_years_exposure,county,16,male,18-64,5954.618693679418,4076.9599334236395,8762.277236341184
person_years_exposure,county,16,male,65+,1256.606995176497,826.2711545537923,1842.135285022711
mortality_rate,county,16,male,0-17,0.010260944705033253,0.0032752332783990827,0.02202240521219268
mortality_rate,county,16,male,18-44,0.0013184150108168325,0.0,0.0032362153884257084
mortality_rate,county,16,male,45-64,0.00905356977592038,0.0029460728299458097,0.01985256001793456
mortality_rate,county,16,male,65-74,0.04748888337600281,0.01603013002445615,0.10750254904241321
mortality_rate,county,16,male,75-84,0.11265828642364632,0.040927745213391105,0.27253799104271337
mortality_rate,county,16,male,85+,0.17123176752903843,0.046951386113865116,0.47798914101300405
qualifying_event_rate,county,16,male,0-17,0.026029356737830196,0.01799726537408904,0.03577503024743081
qualifying_event_rate,county,16,male,18-44,0.03309317238348235,0.023840999370860008,0.0441976852022818
qualifying_event_rate,county,16,male,45-64,0.044701215137698515,0.03298389892296918,0.059435131534783525
qualifying_event_rate,county,16,male,65-74,0.07030264779701768,0.04933170316061652,0.09418326930051873
qualifying_event_rate,county,16,male,75-84,0.08992667963020426,0.060957765061387344,0.12842647448362293
qualifying_event_rate,county,16,male,85+,0.07808573103272531,0.016096961380078517,0.16043345714568885
person_years_exposure,county,16,female,0-17,2894.035566772256,1973.2724068706423,4242.430976029441
person_years_exposure,county,16,female,18-44,3162.4105251897854,2161.065994001522,4659.287195182206
person_years_exposure,county,16,female,45-64,3113.849872054182,2117.3708902109784,4480.350158543753
person_years_exposure,county,16,female,65-74,908.6993578265601,611.9680393289322,1321.8851180990005
person_years_exposure,county,16,female,75-84,360.85869970671223,211.36490259784503,550.3693597207847
person_years_exposure,county,16,female,85+,40.012758477641405,16.229170402673724,67.8488555507089
person_years_exposure,county,16,female,18-64,6276.260397243967,4284.548218746486,9139.292539634282
person_years_exposure,county,16,female,65+,1309.5708160109139,860.8230050562506,1913.7710236513553
mortality_rate,county,16,female,0-17,0.00143428745448333,0.0,0.003549011894991953
mortality_rate,county,16,female,18-44,0.0013338754362060092,0.0,0.003235371238534709
mortality_rate,county,16,female,45-64,0.013128091568214402,0.004303541167607279,0.028224387419939337
mortality_rate,county,16,female,65-74,0.04593518613004845,0.015452643400807313,0.10299213186244141
mortality_rate,county,16,female,75-84,0.13201502852339175,0.04767356362488952,0.32640342370722397
mortality_rate,county,16,female,85+,0.16430513932953916,0.046004730673404264,0.48481102245382796
qualifying_event_rate,county,16,female,0-17,0.02662129299120077,0.01840716794086136,0.036163592768855245
qualifying_event_rate,county,16,female,18-44,0.03316180062735048,0.023798851784225753,0.04497091780928104
qualifying_event_rate,county,16,female,45-64,0.047287630451532524,0.035021404894327146,0.06283707144145662
qualifying_event_rate,county,16,female,65-74,0.07208628853808641,0.052441672551378174,0.09574870387742387
qualifying_event_rate,county,16,female,75-84,0.08033961410607711,0.05361246566139476,0.11652444240381099
qualifying_event_rate,county,16,female,85+,0.08195738663075981,0.018467557477109132,0.1689843520979741
person_years_exposure,county,17,male,0-17,1207.372108544462,863.5952329597609,1628.2806868001828
person_years_exposure,county,17,male,18-44,1525.2686561379687,1094.390787581845,2052.9744909214924
person_years_exposure,county,17,male,45-64,1180.4538583622468,847.0711942173326,1591.2350252837327
person_years_exposure,county,17,male,65-74,412.60534532648035,290.44784078380286,563.6800688016363
person_years_exposure,county,17,male,75-84,135.44721002629575,85.70620594044021,194.6139014275704
person_years_exposure,county,17,male,85+,19.852157997593164,7.934167220544765,33.68127214901732
person_years_exposure,county,17,male,18-64,2705.7225145002158,1941.6334296179193,3642.903951538327
person_years_exposure,county,17,male,65+,567.9047133503693,396.300646028762,779.6215582868773
mortality_rate,county,17,male,0-17,0.002045134440141052,0.0,0.005270009288479474
mortality_rate,county,17,male,18-44,0.0017674268532311271,0.0,0.004468942047192443
mortality_rate,county,17,male,45-64,0.008466354321435146,0.0020691056824397565,0.018673795048847412
mortality_rate,county,17,male,65-74,0.038627195397159496,0.011314158983016971,0.08615200380534337
mortality_rate,county,17,male,75-84,0.11698804628669705,0.03635038353732843,0.28044625486806896
mortality_rate,county,17,male,85+,0.18176185402571923,0.0346357244222512,0.5856568641665238
qualifying_event_rate,county,17,male,0-17,0.02421664231262596,0.015257232993867897,0.03446961555059808
qualifying_event_rate,county,17,male,18-44,0.030783777744653427,0.020340583451851246,0.04251417433361589
qualifying_event_rate,county,17,male,45-64,0.04364776914329075,0.029990662323548852,0.060010065896314274
qualifying_event_rate,county,17,male,65-74,0.06543221608093733,0.04173731738376193,0.09167238963891369
qualifying_event_rate,county,17,male,75-84,0.08099404832570752,0.04352367677343428,0.12692129041175632
qualifying_event_rate,county,17,male,85+,0.08007503274425352,0.0,0.2027850633554259
person_years_exposure,county,17,female,0-17,1270.3003078077647,906.9559652141543,1713.8624047592389
person_years_exposure,county,17,female,18-44,1454.3754915616873,1045.0855124005482,1958.8351376210862
person_years_exposure,county,17,female,45-64,1161.643183435723,834.3007566213465,1570.9903006524078
person_years_exposure,county,17,female,65-74,326.32171544004717,229.96578068519636,447.62915537481064
person_years_exposure,county,17,female,75-84,104.69661163138608,66.80905953328514,152.68271784259545
person_years_exposure,county,17,female,85+,24.315714322597074,9.508951391785113,42.42397168350991
person_years_exposure,county,17,female,18-64,2616.01867499741,1880.9821567826214,3529.1981352288312
person_years_exposure,county,17,female,65+,455.33404139403035,313.4335574275775,632.7402286639177
mortality_rate,county,17,female,0-17,0.0012242583676405324,0.0,0.003424748384561029
mortality_rate,county,17,female,18-44,0.0013243016674561118,0.0,0.0036735036229901996
mortality_rate,county,17,female,45-64,0.010176771587283312,0.002654173675063218,0.022310463068345353
mortality_rate,county,17,female,65-74,0.044239446285213264,0.012459839112432336,0.09970966864847403
mortality_rate,county,17,female,75-84,0.11451553228747571,0.03130430568421424,0.27480828555963166
mortality_rate,county,17,female,85+,0.21491467862662167,0.06291544753736172,0.6258770595084784
qualifying_event_rate,county,17,female,0-17,0.024454032367636745,0.015525549043985787,0.03558425388149797
qualifying_event_rate,county,17,female,18-44,0.032015217634760375,0.021668734621225885,0.04455278516781134
qualifying_event_rate,county,17,female,45-64,0.044109970054474756,0.030704089082796277,0.0600152633594554
qualifying_event_rate,county,17,female,65-74,0.06768541144743535,0.0420252170243493,0.0966243223849521
qualifying_event_rate,county,17,female,75-84,0.07381774535091391,0.031633199279032055,0.12203006775868011
qualifying_event_rate,county,17,female,85+,0.07856774630522888,0.0,0.18804438353644756
person_years_exposure,state,0,male,0-17,5753.804176840496,3857.158614393133,8639.169825238563
person_years_exposure,state,0,male,18-44,7012.564813386051,4733.640134674249,10461.305975940637
person_years_exposure,state,0,male,45-64,6301.377651559495,4229.746836689019,9572.0569980622
person_years_exposure,state,0,male,65-74,1985.0901562540805,1328.417655918732,2991.6071939721014
person_years_exposure,state,0,male,75-84,693.7278809717636,422.86670568544724,1095.7678336441656
person_years_exposure,state,0,male,85+,88.92657408698204,44.704657017271245,146.63910636652525
person_years_exposure,state,0,male,18-64,13313.942464945547,8926.484249435072,19964.402720005823
person_years_exposure,state,0,male,65+,2767.744611312826,1815.7897210524102,4220.619906552448
mortality_rate,state,0,male,0-17,0.00712835116701383,0.0023082109999118844,0.014773304637388948
mortality_rate,state,0,male,18-44,0.002002961656866009,0.0005555961134680784,0.0042162000648880826
mortality_rate,state,0,male,45-64,0.008255108257894399,0.002810197329289663,0.01703656866397166
mortality_rate,state,0,male,65-74,0.03920316131870756,0.014179402319655886,0.0834408480968594
mortality_rate,state,0,male,75-84,0.11237258807211219,0.04203983394248424,0.2505497791252084
mortality_rate,state,0,male,85+,0.20291220866041426,0.07532847525975757,0.48657528662533944
qualifying_event_rate,state,0,male,0-17,0.02951732607552176,0.021376549398475015,0.03957094676407773
qualifying_event_rate,state,0,male,18-44,0.037105242557737866,0.027519544146727623,0.04892830833345638
qualifying_event_rate,state,0,male,45-64,0.04990731872384252,0.037495740451924685,0.06544302668761139
qualifying_event_rate,state,0,male,65-74,0.07679047642696912,0.05668323231550488,0.10029898081417431
qualifying_event_rate,state,0,male,75-84,0.0955715127329532,0.0695690796261386,0.12868447021003565
qualifying_event_rate,state,0,male,85+,0.09936412681686277,0.04991800516490729,0.15847690991585522
person_years_exposure,state,0,female,0-17,5896.657410698175,3963.7027226993405,8953.91637562873
person_years_exposure,state,0,female,18-44,6913.380629836816,4637.540888956842,10328.556222272331
person_years_exposure,state,0,female,45-64,6134.179967661567,4123.322410646295,9208.207462147016
person_years_exposure,state,0,female,65-74,2098.370358420607,1415.4153309846276,3168.0018844002807
person_years_exposure,state,0,female,75-84,632.7186726057039,394.1075989334099,958.79281338385
person_years_exposure,state,0,female,85+,89.85567620496249,44.82376363335417,152.79044290939973
person_years_exposure,state,0,female,18-64,13047.560597498385,8761.40970839428,19484.970075636313
person_years_exposure,state,0,female,65+,2820.9447072312732,1863.7574418895654,4230.803678288674
mortality_rate,state,0,female,0-17,0.0015347346907217535,0.0003469577585485675,0.003387525757932433
mortality_rate,state,0,female,18-44,0.0015381049102966128,0.0003373245429206949,0.0033466548259643626
mortality_rate,state,0,female,45-64,0.007436399189130657,0.0024493291917805074,0.01511207266855647
mortality_rate,state,0,female,65-74,0.03548520673026927,0.012716840166551944,0.07486229859428502
mortality_rate,state,0,female,75-84,0.10996856837255979,0.039926755835526746,0.24474099130990595
mortality_rate,state,0,female,85+,0.21121376298023944,0.07674453135046863,0.49214342975763903
qualifying_event_rate,state,0,female,0-17,0.030576777433751583,0.022300922975907245,0.04107081725636098
qualifying_event_rate,state,0,female,18-44,0.037128799239137485,0.027701324350729726,0.04933075084366045
qualifying_event_rate,state,0,female,45-64,0.05416117178685454,0.04080804763630818,0.07094285983932816
qualifying_event_rate,state,0,female,65-74,0.08026090401241051,0.061095691723427235,0.10431277494166287
qualifying_event_rate,state,0,female,75-84,0.09126235290371655,0.0653977344852545,0.12272332723710194
qualifying_event_rate,state,0,female,85+,0.0898908789985699,0.043787593196686285,0.14692911428699176
person_years_exposure,state,1,male,0-17,9939.81835886647,7801.208846960213,12532.336290500038
person_years_exposure,state,1,male,18-44,10703.969515048613,8395.378648252763,13460.254093855654
person_years_exposure,state,1,male,45-64,9865.16532948565,7716.126680472916,12413.678740515583
person_years_exposure,state,1,male,65-74,2814.2780343754184,2162.010828050069,3591.7972175572286
person_years_exposure,state,1,male,75-84,1074.601114199475,733.2764417639213,1453.5678195436203
person_years_exposure,state,1,male,85+,115.72051383928977,55.64094141928249,176.94614744747244
person_years_exposure,state,1,male,18-64,20569.134844534263,16090.845247909223,25857.535720421107
person_years_exposure,state,1,male,65+,4004.599662414183,3008.8930882930467,5189.438301598087
mortality_rate,state,1,male,0-17,0.0008387390756555772,0.00018796406842012955,0.001833496963574111
mortality_rate,state,1,male,18-44,0.0012405499263690395,0.0003083274967700805,0.002705315652792248
mortality_rate,state,1,male,45-64,0.009502788742024839,0.0033852699914663615,0.019515794305688897
mortality_rate,state,1,male,65-74,0.04084622603546767,0.014823557506330973,0.08714862649448618
mortality_rate,state,1,male,75-84,0.11448713232237044,0.044409349930460564,0.2641471670140051
mortality_rate,state,1,male,85+,0.19571019353095798,0.07403075809691698,0.48537836691890573
qualifying_event_rate,state,1,male,0-17,0.030095769718785328,0.022446134982471385,0.03984994246625031
qualifying_event_rate,state,1,male,18-44,0.038519041001129704,0.029321337200275938,0.05096531916709389
qualifying_event_rate,state,1,male,45-64,0.05640506711396513,0.04381625220082771,0.0735148687959175
qualifying_event_rate,state,1,male,65-74,0.0793712336258317,0.06176926145236929,0.10379673125422935
qualifying_event_rate,state,1,male,75-84,0.09946595129335253,0.07460729441326983,0.13588434669571595
qualifying_event_rate,state,1,male,85+,0.10197339668376709,0.05865390697746923,0.16319538913648918
person_years_exposure,state,1,female,0-17,9908.368680665983,7774.633951638511,12458.940452114895
person_years_exposure,state,1,female,18-44,11095.448336156478,8690.001434806454,13933.460837718882
person_years_exposure,state,1,female,45-64,10148.327480469574,7939.814786181333,12794.963019962086
person_years_exposure,state,1,female,65-74,2810.8144169903926,2156.4444684267505,3577.276801478993
person_years_exposure,state,1,female,75-84,959.3862119895272,657.8191340855337,1296.0164126068714
person_years_exposure,state,1,female,85+,116.35083293609611,54.35697923131162,182.16584329980847
person_years_exposure,state,1,female,18-64,21243.775816626054,16613.836246497,26681.412274473365
person_years_exposure,state,1,female,65+,3886.551461916016,2911.6720070113183,5032.5696769631395
mortality_rate,state,1,female,0-17,0.0008136075369531114,0.0001681137473800589,0.001804000507999712
mortality_rate,state,1,female,18-44,0.001329814025127638,0.00037661305850577567,0.002812553937440581
mortality_rate,state,1,female,45-64,0.00978575851265837,0.0035069677343309703,0.020142455659300937
mortality_rate,state,1,female,65-74,0.04083859741679333,0.014758012520607823,0.08700844117125656
mortality_rate,state,1,female,75-84,0.11515539954511561,0.04351576133771335,0.26731973617878446
mortality_rate,state,1,female,85+,0.19829954994940105,0.07515609786627403,0.5123697011915677
qualifying_event_rate,state,1,female,0-17,0.030955425996207906,0.023140535155865456,0.04090824148438848
qualifying_event_rate,state,1,female,18-44,0.04088357390237616,0.03123759294979686,0.054067716339794555
qualifying_event_rate,state,1,female,45-64,0.054923180104448056,0.04218646472605148,0.071863822605822
qualifying_event_rate,state,1,female,65-74,0.08289017163678097,0.06471425840796063,0.10792981103534326
qualifying_event_rate,state,1,female,75-84,0.09113386760340447,0.06771150507531858,0.12489715178389102
qualifying_event_rate,state,1,female,85+,0.10069505844216649,0.05576627094823842,0.16263752197588416
person_years_exposure,state,2,male,0-17,11863.994615175923,9282.224265976332,14998.851461069471
person_years_exposure,state,2,male,18-44,12954.752276859846,10084.811054113443,16310.694914067239
person_years_exposure,state,2,male,45-64,11872.584766717326,9351.71331166646,15128.100381552787
person_years_exposure,state,2,male,65-74,3538.306264473256,2725.166986478785,4576.63547354358
person_years_exposure,state,2,male,75-84,1150.2756625066809,791.7270961705804,1565.7868754186647
person_years_exposure,state,2,male,85+,133.34077692330374,68.62366917655449,203.04458051948242
person_years_exposure,state,2,male,18-64,24827.337043577172,19461.40896351127,31451.75984958127
person_years_exposure,state,2,male,65+,4821.92270390324,3640.874916979493,6278.639671891097
mortality_rate,state,2,male,0-17,0.001996409915715577,0.0005974338502708959,0.004130870574925397
mortality_rate,state,2,male,18-44,0.0017746305272549482,0.0005425804678166459,0.003693429158399826
mortality_rate,state,2,male,45-64,0.008295600717093992,0.0029429337993291363,0.017299571267604664
mortality_rate,state,2,male,65-74,0.04011565405539818,0.015182877030970881,0.08625340449963462
mortality_rate,state,2,male,75-84,0.10958389655458738,0.04220116604458011,0.24666918083343595
mortality_rate,state,2,male,85+,0.19075172563602744,0.07611573617978155,0.45868052269487464
qualifying_event_rate,state,2,male,0-17,0.023732550743975827,0.01771289511409535,0.031041943278786895
qualifying_event_rate,state,2,male,18-44,0.03022355718317228,0.022544680694196247,0.03984288465105862
qualifying_event_rate,state,2,male,45-64,0.0425265716646727,0.03242419957270601,0.05514639371096632
qualifying_event_rate,state,2,male,65-74,0.06465782876680916,0.048745699390375964,0.08356282094499407
qualifying_event_rate,state,2,male,75-84,0.07921676632605956,0.05816292382482464,0.10602565627142353
qualifying_event_rate,state,2,male,85+,0.08194310250741056,0.04373100844206757,0.1310295046886174
person_years_exposure,state,2,female,0-17,11594.233341759082,9049.935159190069,14637.810300331677
person_years_exposure,state,2,female,18-44,12679.149603346654,9877.345559790343,15878.70842918037
person_years_exposure,state,2,female,45-64,11694.809654042385,9174.456473578992,14901.091269540506
person_years_exposure,state,2,female,65-74,3510.2962397120937,2701.5661901003873,4525.582130169618
person_years_exposure,state,2,female,75-84,1179.3995600777364,814.1146577166688,1595.2071015951383
person_years_exposure,state,2,female,85+,170.65259784149382,85.9835323443882,264.2676210421157
person_years_exposure,state,2,female,18-64,24373.95925738904,19037.9531716854,30795.489621356435
person_years_exposure,state,2,female,65+,4860.348397631324,3645.7143628886365,6345.62442654472
mortality_rate,state,2,female,0-17,0.0012170567408650323,0.00033129608484299723,0.0026092071252261195
mortality_rate,state,2,female,18-44,0.0013258903918608792,0.0003814321877501782,0.0028762725462894525
mortality_rate,state,2,female,45-64,0.009918167033237267,0.0036175522118721067,0.0205893215231311
mortality_rate,state,2,female,65-74,0.045457511579984254,0.017054034276509512,0.09869569115922966
mortality_rate,state,2,female,75-84,0.11432094432315183,0.044068528590935185,0.2582510541511169
mortality_rate,state,2,female,85+,0.190440648799161,0.07778812307549816,0.4506673941483461
qualifying_event_rate,state,2,female,0-17,0.024132122011433315,0.018053453843339284,0.03180132332895601
qualifying_event_rate,state,2,female,18-44,0.03135776812342227,0.023448698931974137,0.041182794130625824
qualifying_event_rate,state,2,female,45-64,0.043264720609367126,0.03284941065813119,0.05624956352945544
qualifying_event_rate,state,2,female,65-74,0.06695604572834202,0.05120839028973753,0.08634593181892414
qualifying_event_rate,state,2,female,75-84,0.07430669701274642,0.05493523539905183,0.10051264296962228
qualifying_event_rate,state,2,female,85+,0.0749912159215447,0.04305994751113557,0.11828088273105597
person_years_exposure,state,3,male,0-17,2871.2716005215284,1460.1775006434843,5727.938301791684
person_years_exposure,state,3,male,18-44,3312.3527639661256,1684.7985056459659,6512.968104532853
person_years_exposure,state,3,male,45-64,3190.5716957708187,1621.1972248796728,6343.4179317535145
person_years_exposure,state,3,male,65-74,1065.8670500957408,543.5946658273494,2152.137252777539
person_years_exposure,state,3,male,75-84,335.134544004275,163.4625817536058,691.4167562827149
person_years_exposure,state,3,male,85+,50.61507712486094,19.603090763708845,103.64611547555394
person_years_exposure,state,3,male,18-64,6502.924459736944,3305.2407236632275,12843.286051592931
person_years_exposure,state,3,male,65+,1451.6166712248769,736.5753824336442,2968.713973721619
mortality_rate,state,3,male,0-17,0.001515722434777507,0.0,0.003662947369280854
mortality_rate,state,3,male,18-44,0.0015344137214311445,0.0,0.0035799640082455173
mortality_rate,state,3,male,45-64,0.009051326534451396,0.002827653742574183,0.01915107171943272
mortality_rate,state,3,male,65-74,0.035013582806033616,0.011566842495412708,0.07758317870047486
mortality_rate,state,3,male,75-84,0.11147590641213548,0.037398205261682596,0.2635441944137242
mortality_rate,state,3,male,85+,0.189695395250883,0.05486649960530469,0.4968740658688881
qualifying_event_rate,state,3,male,0-17,0.021858850030453403,0.014931711521710737,0.030927417756455716
qualifying_event_rate,state,3,male,18-44,0.02836323846261772,0.02011439758901966,0.038526179213086105
qualifying_event_rate,state,3,male,45-64,0.03920517261163753,0.028537396592991416,0.05252285261194618
qualifying_event_rate,state,3,male,65-74,0.059334274554334016,0.0414106226662009,0.08050703042515751
qualifying_event_rate,state,3,male,75-84,0.0738292402312272,0.04545765091973117,0.10810081951996212
qualifying_event_rate,state,3,male,85+,0.07518738475868113,0.01647739814077965,0.14814729597016585
person_years_exposure,state,3,female,0-17,2835.395952852972,1437.0144544349416,5715.435633258813
person_years_exposure,state,3,female,18-44,2981.4098268322746,1524.9009725715878,6087.468444176177
person_years_exposure,state,3,female,45-64,3079.309497350981,1566.2284312136069,6184.242278147257
person_years_exposure,state,3,female,65-74,930.6583986421199,472.7363472756959,1891.3587656280683
person_years_exposure,state,3,female,75-84,393.5848782311775,190.24857840461294,806.1944533468107
person_years_exposure,state,3,female,85+,42.89863317846336,16.546088621081736,89.82794290052288
person_years_exposure,state,3,female,18-64,6060.719324183256,3093.5793291955324,12258.044892570291
person_years_exposure,state,3,female,65+,1367.1419100517608,689.5083355984495,2800.3557950502072
mortality_rate,state,3,female,0-17,0.0010280888845760293,0.0,0.002663521440509944
mortality_rate,state,3,female,18-44,0.0015167229327390263,0.0,0.003680630659598819
mortality_rate,state,3,female,45-64,0.008092222315647858,0.002315933171786823,0.017671505442999603
mortality_rate,state,3,female,65-74,0.038357526196867636,0.012238820457584383,0.0865296654836741
mortality_rate,state,3,female,75-84,0.10276609491287468,0.034375298980924604,0.23936259764687737
mortality_rate,state,3,female,85+,0.19270298638937944,0.053242737753053215,0.5386731176134745
qualifying_event_rate,state,3,female,0-17,0.0225452831810594,0.015466873697270534,0.03179613412608834
qualifying_event_rate,state,3,female,18-44,0.028301233907383278,0.019968785584468678,0.03874672534840898
qualifying_event_rate,state,3,female,45-64,0.04067121473831676,0.029253396785864964,0.054952436713975907
qualifying_event_rate,state,3,female,65-74,0.06293584996300397,0.04430499470072159,0.08550775775742031
qualifying_event_rate,state,3,female,75-84,0.07177680654839642,0.04547614667267688,0.10522067930599827
qualifying_event_rate,state,3,female,85+,0.0706256790755342,0.0,0.1529027195575959
person_years_exposure,state,4,male,0-17,4572.885985836389,3166.8315619559003,6240.187218474465
person_years_exposure,state,4,male,18-44,5252.7359812535,3635.036535763199,7146.700604413547
person_years_exposure,state,4,male,45-64,5397.755778223065,3731.189084406484,7329.820785031592
person_years_exposure,state,4,male,65-74,1500.3908733731844,1036.868581855557,2081.500356849484
person_years_exposure,state,4,male,75-84,597.9690268387855,371.23364370301465,870.4649221532226
person_years_exposure,state,4,male,85+,58.566895057930374,25.365455167914828,97.6875444983755
person_years_exposure,state,4,male,18-64,10650.491759476565,7361.053269992417,14480.223589574138
person_years_exposure,state,4,male,65+,2156.9267952699,1459.8358992153069,3034.2515280958705
mortality_rate,state,4,male,0-17,0.010290893360780524,0.0035960981091491943,0.021812010197067005
mortality_rate,state,4,male,18-44,0.0013248304121577657,0.0002391024177098006,0.003002624090060612
mortality_rate,state,4,male,45-64,0.00917246800739823,0.0031217188948309037,0.019251573241222904
mortality_rate,state,4,male,65-74,0.047142029055089074,0.01630912990504726,0.10394208815475524
mortality_rate,state,4,male,75-84,0.1110270218604345,0.041432250774482246,0.26085883982952635
mortality_rate,state,4,male,85+,0.16649011537256084,0.049452911726668075,0.45551609328921
qualifying_event_rate,state,4,male,0-17,0.025303273410573916,0.01809777434778503,0.03406036701137075
qualifying_event_rate,state,4,male,18-44,0.03212667270728296,0.023645551331563402,0.042953672423436055
qualifying_event_rate,state,4,male,45-64,0.04347537073472466,0.032499099246397024,0.05696721546472816
qualifying_event_rate,state,4,male,65-74,0.06825544822941021,0.04988781010636361,0.08993536783576735
qualifying_event_rate,state,4,male,75-84,0.08726465518040598,0.06242161651029497,0.12053213311782247
qualifying_event_rate,state,4,male,85+,0.07511099515096363,0.02235398796037943,0.1465631966965375
person_years_exposure,state,4,female,0-17,4882.406267718989,3368.7707649456984,6661.197065246048
person_years_exposure,state,4,female,18-44,5374.894432540581,3712.380369221561,7306.930922801797
person_years_exposure,state,4,female,45-64,5479.740729093065,3788.6820077030497,7467.360717544639
person_years_exposure,state,4,female,65-74,1600.9772958338988,1104.4107217174258,2221.80577361876
person_years_exposure,state,4,female,75-84,524.7094894314971,314.48457895795497,781.0682032111766
person_years_exposure,state,4,female,85+,45.89252218466552,18.663293369528294,76.86014224895423
person_years_exposure,state,4,female,18-64,10854.635161633647,7488.9079242429525,14762.596384717743
person_years_exposure,state,4,female,65+,2171.5793074500616,1465.1723191243836,3068.2543851969804
mortality_rate,state,4,female,0-17,0.0014436201039539698,0.00023541397024265552,0.0033012513071628787
mortality_rate,state,4,female,18-44,0.0013512256665973441,0.00022965100135218652,0.0030902742765556435
mortality_rate,state,4,female,45-64,0.013270383639261227,0.004675359182721327,0.028294030607765003
mortality_rate,state,4,female,65-74,0.04577443242090715,0.016230504216451554,0.10156317147027487
mortality_rate,state,4,female,75-84,0.1293995632799908,0.04835883487497603,0.30918262343771014
mortality_rate,state,4,female,85+,0.16008097055104978,0.04832855574528634,0.45621893053829715
qualifying_event_rate,state,4,female,0-17,0.02595595944163529,0.018663624113357962,0.0350011424351838
qualifying_event_rate,state,4,female,18-44,0.03223120294134009,0.02377570695158721,0.04279942760846203
qualifying_event_rate,state,4,female,45-64,0.04606688213773933,0.0348342800660608,0.060570238007251094
qualifying_event_rate,state,4,female,65-74,0.06987647019197196,0.05199576969989574,0.09208144357928329
qualifying_event_rate,state,4,female,75-84,0.07801598456845674,0.054127574454594554,0.1095831817629507
qualifying_event_rate,state,4,female,85+,0.07991177636865683,0.01957755348026894,0.1591966975635132
person_years_exposure,state,5,male,0-17,7653.618084553613,5815.446786610029,10193.182608131448
person_years_exposure,state,5,male,18-44,8547.327669608403,6492.64428570368,11429.807883056577
person_years_exposure,state,5,male,45-64,7929.605255307332,6010.169052892511,11031.179697379155
person_years_exposure,state,5,male,65-74,2150.854613159565,1582.4822328426055,3082.196605950458
person_years_exposure,state,5,male,75-84,828.6582417317355,545.0390242927651,1244.7968236182826
person_years_exposure,state,5,male,85+,90.48247966795437,42.39560400962348,149.76487328486152
person_years_exposure,state,5,male,18-64,16476.932924915734,12488.871059412744,22460.987580435733
person_years_exposure,state,5,male,65+,3069.995334559255,2200.0036178842565,4456.877249453427
mortality_rate,state,5,male,0-17,0.0009726557890998008,0.0001680537751971765,0.002164700159335565
mortality_rate,state,5,male,18-44,0.0014137162585582269,0.0003823585802623137,0.003054117159152717
mortality_rate,state,5,male,45-64,0.01002079358828314,0.003527084754351458,0.020654511154894334
mortality_rate,state,5,male,65-74,0.051008445880821096,0.018779251249883305,0.11012960378778139
mortality_rate,state,5,male,75-84,0.11136628702472694,0.041033655387594216,0.2575436390437197
mortality_rate,state,5,male,85+,0.1986224527206078,0.0765508776434884,0.5178412773741415
qualifying_event_rate,state,5,male,0-17,0.027164288348100838,0.020135483326020276,0.03621932245113261
qualifying_event_rate,state,5,male,18-44,0.03446010844464814,0.02592436276814525,0.04539845243396178
qualifying_event_rate,state,5,male,45-64,0.0468533016958945,0.03558381411318146,0.061471178376814845
qualifying_event_rate,state,5,male,65-74,0.0730385707394664,0.05506212047300804,0.09636029251268162
qualifying_event_rate,state,5,male,75-84,0.08725394400050752,0.06425247681097561,0.11864361601638695
qualifying_event_rate,state,5,male,85+,0.09013210033169043,0.043578581786010685,0.15349125580640385
person_years_exposure,state,5,female,0-17,7294.910815503039,5537.206575009935,10150.20653141253
person_years_exposure,state,5,female,18-44,7960.96658799813,6038.410962193985,10958.743611944928
person_years_exposure,state,5,female,45-64,7866.928057678045,5971.5333305904105,10719.558512716743
person_years_exposure,state,5,female,65-74,2432.3114263748153,1788.6537306895063,3426.5291035707255
person_years_exposure,state,5,female,75-84,712.2199446495221,444.39458712973396,1074.4809032954652
person_years_exposure,state,5,female,85+,66.27621167983395,29.76397815150903,111.30219107957792
person_years_exposure,state,5,female,18-64,15827.894645676175,12008.689583024021,21627.294194099613
person_years_exposure,state,5,female,65+,3210.807582704171,2311.7557746611046,4557.8643167098535
mortality_rate,state,5,female,0-17,0.0008107107337668228,0.00013958326037594689,0.001892506412021831
mortality_rate,state,5,female,18-44,0.0013127405420222892,0.00028322957472750465,0.002881054592719755
mortality_rate,state,5,female,45-64,0.009358116454922702,0.003386762058283655,0.019517569225353894
mortality_rate,state,5,female,65-74,0.046203392078182706,0.017167572274212214,0.09970088978842062
mortality_rate,state,5,female,75-84,0.1384427415013384,0.051350187327274456,0.3305362842130226
mortality_rate,state,5,female,85+,0.18892346159603085,0.06682754006632324,0.4919976755129197
qualifying_event_rate,state,5,female,0-17,0.02759575803479076,0.02014191835997564,0.03659820647416156
qualifying_event_rate,state,5,female,18-44,0.03381309555851631,0.0254784090530438,0.04417257584889968
qualifying_event_rate,state,5,female,45-64,0.0494658954902511,0.03746165749569248,0.06462052408294615
qualifying_event_rate,state,5,female,65-74,0.07085662568523975,0.05392597335229822,0.09242234212646554
qualifying_event_rate,state,5,female,75-84,0.08319764131315728,0.05956528278393755,0.11461731874446086
qualifying_event_rate,state,5,female,85+,0.07563798201086236,0.025187442102729694,0.13794483264381285
