estimand,level,unit,sex,age_band,estimate,lower,upper
children_under_16,county,0,,,1747.6998372755547,1286.3782749161946,2209.021399634915
children_under_16,county,1,,,1348.2708377807862,992.9793647647625,1703.56231079681
children_under_16,county,2,,,483.1860394793538,348.293353452486,618.0787255062216
children_under_16,county,3,,,1326.6421356296144,985.5965662524957,1667.687705006733
children_under_16,county,4,,,1648.691520571768,1237.1406406441213,2060.2424004994145
children_under_16,county,5,,,694.560045293534,517.4686732546786,871.6514173323894
children_under_16,county,6,,,1795.589236522632,1337.7694070223504,2253.409066022914
children_under_16,county,7,,,1351.618440843303,1014.2237543815302,1689.0131273050758
children_under_16,county,8,,,446.6613173129583,335.1644994570386,558.1581351688781
children_under_16,county,9,,,973.2750901846199,716.3701139220259,1230.180066447214
children_under_16,county,10,,,575.1675362182634,431.5926450498104,718.7424273867164
children_under_16,county,11,,,644.2613056764333,483.43903908133507,805.0835722715315
children_under_16,county,12,,,971.5100988640477,700.2903283607259,1242.7298693673695
children_under_16,county,13,,,749.8389268411481,551.911995756995,947.7658579253012
children_under_16,county,14,,,687.0603148505271,515.5544427016615,858.5661869993927
children_under_16,county,15,,,470.3406059090336,339.0340231548251,601.6471886632421
children_under_16,county,16,,,1283.6220367084074,956.3380398814193,1610.9060335353956
children_under_16,county,17,,,481.2628698100108,361.1287179232312,601.3970216967904
children_under_16,nation,0,,,17679.258195771996,16795.446768800284,18563.069622743707
children_under_16,state,0,,,3470.813854301322,3115.496822054631,3826.1308865480128
children_under_16,state,1,,,1348.2708377807862,1211.7914971651958,1484.7501783963767
children_under_16,state,2,,,1925.036744252435,1661.4860216110378,2188.5874668938322
children_under_16,state,3,,,1326.6421356296144,1216.4997736739347,1436.784497585294
children_under_16,state,4,,,5834.7233052832635,5508.959100133771,6160.487510432756
children_under_16,state,5,,,3773.7713185245734,3485.9990091229624,4061.5436279261844
elders_65_plus,county,0,,,641.5796164313756,472.2287332205444,810.9304996422068
elders_65_plus,county,1,,,494.509606303276,364.1982166916355,624.8209959149165
elders_65_plus,county,2,,,173.9097268795986,125.35875837424629,222.4606953849509
elders_65_plus,county,3,,,663.1872563305218,492.698871132693,833.6756415283505
elders_65_plus,county,4,,,727.0634573006237,545.5718914851232,908.5550231161242
elders_65_plus,county,5,,,240.13510550434603,178.90806603292395,301.3621449757681
elders_65_plus,county,6,,,629.2379060006497,468.8016631335296,789.6741488677698
elders_65_plus,county,7,,,671.5317823242253,503.90218487286546,839.1613797755851
elders_65_plus,county,8,,,192.72216459372078,144.61433154524363,240.82999764219792
elders_65_plus,county,9,,,327.8965073310432,241.34518665921746,414.44782800286896
elders_65_plus,county,10,,,288.1567687929171,216.22628921314407,360.0872483726901
elders_65_plus,county,11,,,312.80726542458234,234.7234615553164,390.8910692938483
elders_65_plus,county,12,,,213.43565801293158,153.8501012069044,273.02121481895875
elders_65_plus,county,13,,,258.04849349626386,189.93420313290875,326.16278385961897
elders_65_plus,county,14,,,286.66706287334137,215.10844775358703,358.2256779930957
elders_65_plus,county,15,,,186.21419067980736,134.22814326795563,238.2002380916591
elders_65_plus,county,16,,,617.4225185608069,459.9988347763334,774.8462023452804
elders_65_plus,county,17,,,234.29548190348396,175.8100038517677,292.7809599552002
elders_65_plus,nation,0,,,7158.820568743516,6803.842301498997,7513.798835988035
elders_65_plus,state,0,,,1227.5246172586826,1101.8594498589432,1353.189784658422
elders_65_plus,state,1,,,494.509606303276,444.45264214952067,544.5665704570313
elders_65_plus,state,2,,,573.5595755723376,495.035339049941,652.0838120947343
elders_65_plus,state,3,,,663.1872563305218,608.127184839212,718.2473278218316
elders_65_plus,state,4,,,2713.2439832128944,2561.758176033717,2864.7297903920717
elders_65_plus,state,5,,,1486.7955300658027,1373.4186062456527,1600.1724538859528
households,county,0,,,2819.153638964966,2064.2932115146605,3574.0140664152714
households,county,1,,,1972.3950846170417,1449.2427133734705,2495.547455860613
households,county,2,,,762.7102704416864,554.1547610458922,971.2657798374805
households,county,3,,,2338.2726725325215,1711.4492658439233,2965.09607922112
households,county,4,,,3040.5487156567942,2264.792577340936,3816.3048539726524
households,county,5,,,917.7133015364841,671.6601688704912,1163.7664342024768
households,county,6,,,2485.869873156183,1819.3697051123875,3152.370041199979
households,county,7,,,2364.917363229453,1761.5397058717388,2968.2950205871666
households,county,8,,,848.5804125361589,632.0762465315928,1065.0845785407248
households,county,9,,,1798.5653470949414,1316.979034117741,2280.1516600721416
households,county,10,,,1017.9988574351614,758.269796562914,1277.7279183074088
households,county,11,,,1147.947078892069,855.0634331452791,1440.8307246388588
households,county,12,,,1191.399549553744,865.6232363447849,1517.1758627627032
households,county,13,,,1369.991398782911,1003.1606313515223,1736.8221662142996
households,county,14,,,1369.2757564178955,1019.9230005753304,1718.6285122604606
households,county,15,,,736.4100680365357,535.0460864362731,937.7740496367983
households,county,16,,,2189.9433134368423,1602.7856338762203,2777.1009929974643
households,county,17,,,984.5021001452465,733.3192976991579,1235.684902591335
households,nation,0,,,29356.194802466634,27702.52467795872,31009.864926974547
households,state,0,,,5987.710384842818,5318.214424545825,6657.206345139811
households,state,1,,,1972.3950846170417,1764.0628443056382,2180.7273249284453
households,state,2,,,2690.519888031966,2354.7418625427604,3026.2979135211713
households,state,3,,,2338.2726725325215,2075.0966194356192,2601.4487256294237
households,state,4,,,10773.770284312777,9946.18377084035,11601.356797785205
households,state,5,,,5593.52648812951,4963.376365110082,6223.676611148938
low_income_household_share,county,0,,,0.274058744583911,0.07381993667202141,0.4742975524958006
low_income_household_share,county,1,,,0.31988841456705985,0.17599475023395403,0.46378207890016565
low_income_household_share,county,2,,,0.2540183468539026,0.13071619892931224,0.377320494778493
low_income_household_share,county,3,,,0.2953617959197721,0.1396949031780167,0.45102868866152745
low_income_household_share,county,4,,,0.3068087036561522,0.18810033231201645,0.42551707500028796
low_income_household_share,county,5,,,0.3164214691794163,0.162485445200166,0.47035749315866665
low_income_household_share,county,6,,,0.2982429847709117,0.14562356713632613,0.4508624024054973
low_income_household_share,county,7,,,0.29326512928641824,0.17544712578572413,0.41108313278711234
low_income_household_share,county,8,,,0.33148499678015153,0.21106909657348552,0.45190089698681757
low_income_household_share,county,9,,,0.27338494884630715,0.07321230267258994,0.47355759502002437
low_income_household_share,county,10,,,0.3203224124116124,0.20069235742431651,0.4399524673989083
low_income_household_share,county,11,,,0.32119501979640463,0.20150432569250876,0.4408857139003005
low_income_household_share,county,12,,,0.2721212503359194,0.14704165956631635,0.39720084110552245
low_income_household_share,county,13,,,0.27716086620736463,0.07661580356917447,0.4777059288455548
low_income_household_share,county,14,,,0.35251043232166446,0.2305557372867946,0.47446512735653434
low_income_household_share,county,15,,,0.30596716946180336,0.17731255819587116,0.43462178072773555
low_income_household_share,county,16,,,0.33772551057063677,0.1821667046686377,0.4932843164726358
low_income_household_share,county,17,,,0.30311551617018795,0.18465328249354612,0.4215777498468298
low_income_household_share,nation,0,,,0.302931544686829,0.22837428514815572,0.37748880422550224
low_income_household_share,state,0,,,0.2745450324833009,0.10699012834858099,0.44209993661802083
low_income_household_share,state,1,,,0.31988841456705985,0.2087808822804978,0.4309959468536219
low_income_household_share,state,2,,,0.276205412037343,0.18320163005431872,0.3692091940203673
low_income_household_share,state,3,,,0.2953617959197721,0.16490005167342006,0.4258235401661241
low_income_household_share,state,4,,,0.3133110832119862,0.22811280447145604,0.39850936195251635
low_income_household_share,state,5,,,0.31565779649411535,0.19528287689926457,0.4360327160889661
mean_income_adults,county,0,,,19450.91633322847,9836.05305382948,29065.77961262746
mean_income_adults,county,1,,,17912.126590056396,11614.113808005477,24210.139372107315
mean_income_adults,county,2,,,19445.34928563493,12933.332380329499,25957.36619094036
mean_income_adults,county,3,,,18203.97959075851,10979.83814633367,25428.12103518335
mean_income_adults,county,4,,,17073.556700774763,12069.307365099714,22077.806036449812
mean_income_adults,county,5,,,18586.39801843045,12016.409510261496,25156.386526599403
mean_income_adults,county,6,,,18360.91948522629,11925.489842645002,24796.34912780758
mean_income_adults,county,7,,,18042.49359873058,12822.80111272543,23262.18608473573
mean_income_adults,county,8,,,18304.4569255075,13009.46270718725,23599.45114382775
mean_income_adults,county,9,,,21387.365784913676,11320.672798040356,31454.058771786997
mean_income_adults,county,10,,,16426.08388924407,11567.54530811198,21284.62247037616
mean_income_adults,county,11,,,18418.698629562372,13092.627322988477,23744.76993613627
mean_income_adults,county,12,,,18428.69046703385,12034.806739108244,24822.57419495946
mean_income_adults,county,13,,,21086.88944362393,11105.370829168227,31068.408058079636
mean_income_adults,county,14,,,19505.10997120051,13868.615220128297,25141.60472227272
mean_income_adults,county,15,,,17330.347742780763,11464.727312201983,23195.968173359543
mean_income_adults,county,16,,,19050.986259355843,12253.597491560704,25848.37502715098
mean_income_adults,county,17,,,17632.967902262655,12525.589255623301,22740.34654890201
mean_income_adults,nation,0,,,18527.828633257915,13510.753345737656,23544.903920778175
mean_income_adults,state,0,,,20353.127781256106,11635.117342380232,29071.13822013198
mean_income_adults,state,1,,,17912.126590056396,12538.067178152589,23286.186001960203
mean_income_adults,state,2,,,18410.211034941938,13144.949486334954,23675.472583548923
mean_income_adults,state,3,,,18203.97959075851,11916.272253601874,24491.686927915147
mean_income_adults,state,4,,,17800.064059515407,13648.33325569484,21951.794863335974
mean_income_adults,state,5,,,18649.60465220503,13061.728265488133,24237.481038921927
median_household_income,county,0,,,25943.78596923222,14821.657892836782,37065.91404562766
median_household_income,county,1,,,23341.24882260509,12962.75428322996,33719.74336198022
median_household_income,county,2,,,30397.297629475488,20765.775489622996,40028.81976932798
median_household_income,county,3,,,25297.441119483363,15358.688035561525,35236.194203405204
median_household_income,county,4,,,25767.18689453015,18269.769687021566,33264.604102038735
median_household_income,county,5,,,27295.2667329065,19114.35836915391,35476.17509665909
median_household_income,county,6,,,29723.72693798246,20835.927953638835,38611.52592232609
median_household_income,county,7,,,29201.214384704544,20264.62706273327,38137.80170667582
median_household_income,county,8,,,15217.957002549292,10814.037854448605,19621.87615064998
median_household_income,county,9,,,25370.933270730286,14411.16537706471,36330.70116439586
median_household_income,county,10,,,25609.66029748426,18190.821004419056,33028.499590549465
median_household_income,county,11,,,21305.88498980783,15140.182533287054,27471.587446328605
median_household_income,county,12,,,25894.526339048803,17126.643800901446,34662.40887719616
median_household_income,county,13,,,24328.900691576593,13671.02312924521,34986.77825390798
median_household_income,county,14,,,24238.9777209438,17223.088629975657,31254.866811911943
median_household_income,county,15,,,15576.490500823153,9456.014659354423,21696.966342291882
median_household_income,county,16,,,21920.9589314625,15216.088678769276,28625.829184155726
median_household_income,county,17,,,28455.631194379795,20220.866234324538,36690.39615443505
median_household_income,nation,0,,,25261.24181998621,18694.15574204967,31828.327897922754
median_household_income,state,0,,,25665.143169590516,15935.005800057335,35395.2805391237
median_household_income,state,1,,,23341.24882260509,14026.360697373679,32656.136947836498
median_household_income,state,2,,,25334.795959198345,18043.91136606434,32625.68055233235
median_household_income,state,3,,,25297.441119483363,16572.74516657434,34022.13707239239
median_household_income,state,4,,,24238.9777209438,18467.956800606706,30009.998641280894
median_household_income,state,5,,,27292.212442247986,20502.41855503017,34082.0063294658
persons,county,0,,,6359.947972413438,4681.180787922696,8038.71515690418
persons,county,1,,,5203.01270379142,3831.933543840252,6574.0918637425875
persons,county,2,,,1619.639551576365,1167.4792827430538,2071.799820409676
persons,county,3,,,5105.542134485905,3793.0385757109952,6418.045693260815
persons,county,4,,,6375.916728444048,4784.342982115481,7967.490474772615
persons,county,5,,,2129.4894513641125,1586.5353738300896,2672.4435288981354
persons,county,6,,,5849.566029266699,4358.107254788929,7341.024803744469
persons,county,7,,,5132.994463872168,3851.6823676361682,6414.306560108168
persons,county,8,,,1625.4136070206412,1219.6734234454107,2031.1537905958717
persons,county,9,,,3582.1508471525403,2636.6089467817123,4527.692747523369
persons,county,10,,,2177.6649461587785,1634.0702751141755,2721.259617203382
persons,county,11,,,2490.1792698571044,1868.573919856965,3111.784619857244
persons,county,12,,,2873.3516858341623,2071.188346803005,3675.5150248653194
persons,county,13,,,2770.9560650131534,2039.5365421197225,3502.3755879065843
persons,county,14,,,2550.113523717057,1913.5472215884583,3186.6798258456556
persons,county,15,,,1601.7293782298248,1154.5691532564827,2048.8896032031666
persons,county,16,,,4542.512096490115,3384.3117290466344,5700.712463933596
persons,county,17,,,1966.4680516046587,1475.592926155578,2457.3431770537395
persons,nation,0,,,63956.6485062922,60779.28719517966,67134.00981740473
persons,state,0,,,12713.054884579133,11411.58349429414,14014.526274864125
persons,state,1,,,5203.01270379142,4676.335330722369,5729.690076860471
persons,state,2,,,6094.720615640352,5260.311595996828,6929.129635283875
persons,state,3,,,5105.542134485905,4681.662585771255,5529.421683200555
persons,state,4,,,22318.75059067446,21072.65036180545,23564.85081954347
persons,state,5,,,12521.567577120926,11566.724234783684,13476.410919458169
tertiary_share_25_plus,county,0,,,0.5398631434696112,0.5150740891416699,0.5646521977975525
tertiary_share_25_plus,county,1,,,0.4552527358568992,0.428790257115688,0.48171521459811034
tertiary_share_25_plus,county,2,,,0.43696737891941123,0.3999921114190111,0.4739426464198114
tertiary_share_25_plus,county,3,,,0.37905409318007216,0.3526776920212155,0.4054304943389288
tertiary_share_25_plus,county,4,,,0.384352314614133,0.3587096980039244,0.4099949312243416
tertiary_share_25_plus,county,5,,,0.40663122353280645,0.37287058568966375,0.44039186137594916
tertiary_share_25_plus,county,6,,,0.42302788694047927,0.39733740960591624,0.4487183642750423
tertiary_share_25_plus,county,7,,,0.3823276933788387,0.35563158232363307,0.40902380443404435
tertiary_share_25_plus,county,8,,,0.4138268453255368,0.3750860712126989,0.45256761943837476
tertiary_share_25_plus,county,9,,,0.44914920768558725,0.42121136888606947,0.477087046485105
tertiary_share_25_plus,county,10,,,0.4089389115242094,0.37451917465716555,0.4433586483912533
tertiary_share_25_plus,county,11,,,0.4188569033323445,0.38609916616799755,0.4516146404966914
tertiary_share_25_plus,county,12,,,0.4232008894406885,0.3918391725749653,0.4545626063064117
tertiary_share_25_plus,county,13,,,0.4599871240753325,0.4300098911601021,0.4899643569905629
tertiary_share_25_plus,county,14,,,0.4008742057792258,0.36824342036811086,0.4335049911903407
tertiary_share_25_plus,county,15,,,0.3726417545881002,0.3370415719632564,0.40824193721294405
tertiary_share_25_plus,county,16,,,0.400963077388859,0.3738948830027245,0.4280312717749935
tertiary_share_25_plus,county,17,,,0.37013603214447777,0.3358770796319276,0.40439498465702794
tertiary_share_25_plus,nation,0,,,0.4211011821259474,0.40044688719675925,0.4417554770551355
tertiary_share_25_plus,state,0,,,0.4968928308841124,0.47434539321590996,0.5194402685523148
tertiary_share_25_plus,state,1,,,0.4552527358568991,0.42879025711568797,0.4817152145981103
tertiary_share_25_plus,state,2,,,0.4135720147988262,0.38793206020393906,0.4392119693937134
tertiary_share_25_plus,state,3,,,0.37905409318007216,0.3526776920212155,0.4054304943389288
tertiary_share_25_plus,state,4,,,0.39291716449207803,0.3711473358997446,0.4146869930844115
tertiary_share_25_plus,state,5,,,0.41223481448954047,0.3893886160396514,0.4350810129394295
person_years_exposure,county,0,male,0-17,4984.909502157349,4552.2838136920955,5506.028509993904
person_years_exposure,county,0,male,18-44,4818.507519158521,4408.3048968713865,5329.515849383966
person_years_exposure,county,0,male,45-64,4203.034134546786,3843.9126872553006,4649.383789454072
person_years_exposure,county,0,male,65-74,1065.2135048787175,966.6463049495908,1180.7118329268317
person_years_exposure,county,0,male,75-84,553.5645297813471,498.08285874426105,617.8984505550651
person_years_exposure,county,0,male,85+,125.27437746283708,107.64028530221644,143.6045300355121
person_years_exposure,county,0,male,18-64,9021.541653705306,8257.866003751273,9970.579361436294
person_years_exposure,county,0,male,65+,1744.0524121229016,1581.4657412609356,1936.447889884011
mortality_rate,county,0,male,0-17,0.003854406419852697,0.0022256184401126342,0.005788209628027791
mortality_rate,county,0,male,18-44,0.007293249618325202,0.004737357889203026,0.010446680806445964
mortality_rate,county,0,male,45-64,0.003169213495201921,0.0016423689571935227,0.005018720960643155
mortality_rate,county,0,male,65-74,0.01481739701380062,0.008039144169383833,0.02303393024899017
mortality_rate,county,0,male,75-84,0.0037020370634286504,0.0,0.008666069106926477
mortality_rate,county,0,male,85+,0.01735826883605262,0.0,0.04214977812853254
qualifying_event_rate,county,0,male,0-17,0.0022230178830637093,0.0005776276202681207,0.0050276840766648
qualifying_event_rate,county,0,male,18-44,0.005060241662600557,0.0015774128469371014,0.010921748961866163
qualifying_event_rate,county,0,male,45-64,0.01175513331105211,0.004076509494421952,0.024492392241982516
qualifying_event_rate,county,0,male,65-74,0.019449867678037868,0.006251291805354876,0.042071749964457374
qualifying_event_rate,county,0,male,75-84,0.018624782627661,0.004913884178161771,0.039935405113948386
qualifying_event_rate,county,0,male,85+,0.010213965499940886,0.0,0.03132114824689039
person_years_exposure,county,0,female,0-17,5295.523507070839,4842.091496259239,5854.36207611879
person_years_exposure,county,0,female,18-44,4707.10202771412,4294.395994354809,5208.791967390648
person_years_exposure,county,0,female,45-64,4215.759194668854,3847.856257467697,4665.825764597263
person_years_exposure,county,0,female,65-74,1276.0506599030384,1158.3283049522386,1417.457179542253
person_years_exposure,county,0,female,75-84,586.2084396438032,522.0117940756229,658.1600958708566
person_years_exposure,county,0,female,85+,108.9165173569407,94.2117532566581,124.52804568352663
person_years_exposure,county,0,female,18-64,8922.861222382973,8151.729422020986,9870.357571597011
person_years_exposure,county,0,female,65+,1971.1756169037824,1787.9797415319076,2192.2492888612996
mortality_rate,county,0,female,0-17,0.0004591879578578314,0.0,0.001023562194153187
mortality_rate,county,0,female,18-44,0.0038684065626346143,0.0022734511709686643,0.00585964624753148
mortality_rate,county,0,female,45-64,0.016911873621460558,0.01223122227574298,0.023183590065026075
mortality_rate,county,0,female,65-74,0.012545192196731753,0.007317890434645242,0.019306802131480418
mortality_rate,county,0,female,75-84,0.04921864271741454,0.03120204830621462,0.07233953804313424
mortality_rate,county,0,female,85+,0.007118630837901425,0.0,0.021835079704534684
qualifying_event_rate,county,0,female,0-17,0.001928958248671854,0.0004101135325414716,0.0042759516540651485
qualifying_event_rate,county,0,female,18-44,0.006479881817765109,0.0020465065682121427,0.014115054364802947
qualifying_event_rate,county,0,female,45-64,0.014707417294115703,0.0051774446342717825,0.03037208576397959
qualifying_event_rate,county,0,female,65-74,0.011448516252372039,0.0033368273019775785,0.024416974743191967
qualifying_event_rate,county,0,female,75-84,0.01896373110135504,0.004954492354983423,0.04075318750099675
qualifying_event_rate,county,0,female,85+,0.011369614895443365,0.0,0.03423164864416862
person_years_exposure,county,1,male,0-17,3808.607342040903,3413.6408786262923,4188.233586871246
person_years_exposure,county,1,male,18-44,3392.673949161296,3024.244781651396,3735.135117463433
person_years_exposure,county,1,male,45-64,3122.328708511839,2779.615358084959,3433.99205752835
person_years_exposure,county,1,male,65-74,961.4958406795348,846.141758611,1063.3654995512481
person_years_exposure,county,1,male,75-84,327.84645664875177,276.849741453735,377.6800842689008
person_years_exposure,county,1,male,85+,29.324564433710393,22.270315393172513,35.15157989505114
person_years_exposure,county,1,male,18-64,6515.002657673135,5781.590637443143,7166.032524391876
person_years_exposure,county,1,male,65+,1318.6668617619969,1159.5251416089607,1466.6951490523736
mortality_rate,county,1,male,0-17,0.006159849811710531,0.003690491455683936,0.009191598846711077
mortality_rate,county,1,male,18-44,0.006573936367142969,0.0038802933361680304,0.009823026598873928
mortality_rate,county,1,male,45-64,0.025347917736605566,0.018174357714869083,0.03576205722311959
mortality_rate,county,1,male,65-74,0.03750615467380833,0.02444385117393152,0.055958209185599565
mortality_rate,county,1,male,75-84,0.07145830963050517,0.043532602914232395,0.10950479388563569
mortality_rate,county,1,male,85+,0.006569454478580556,0.0,0.039053660318902256
qualifying_event_rate,county,1,male,0-17,0.01093226867742378,0.003700790908208473,0.02272243235960389
qualifying_event_rate,county,1,male,18-44,0.01568622936250803,0.005613375805124397,0.03178810312580696
qualifying_event_rate,county,1,male,45-64,0.013897973922621498,0.004540537973329041,0.02812083862074316
qualifying_event_rate,county,1,male,65-74,0.04542634949193458,0.016501263544583138,0.08903240630707811
qualifying_event_rate,county,1,male,75-84,0.03141252210732287,0.00853463266064714,0.06686061662649985
qualifying_event_rate,county,1,male,85+,0.015602617613659308,0.0,0.0639054696737127
person_years_exposure,county,1,female,0-17,3632.422779088636,3226.2757390909787,3997.945102645084
person_years_exposure,county,1,female,18-44,3376.4226417925447,3011.297250204268,3715.816355816603
person_years_exposure,county,1,female,45-64,3223.064920643912,2878.8769018872604,3545.540181163977
person_years_exposure,county,1,female,65-74,975.7240656890309,864.3835234209259,1073.1684401409964
person_years_exposure,county,1,female,75-84,433.9528420434907,382.4441322076035,481.05996222357953
person_years_exposure,county,1,female,85+,72.55316122542126,61.43083713761959,82.79204472761718
person_years_exposure,county,1,female,18-64,6599.487562436457,5893.468872833481,7256.556958206031
person_years_exposure,county,1,female,65+,1482.2300689579429,1313.5644032934467,1633.212632974058
mortality_rate,county,1,female,0-17,0.0040603818262588045,0.00218417984371649,0.006441464133089728
mortality_rate,county,1,female,18-44,0.0014334235560719154,0.0003172185208462606,0.002744571117187552
mortality_rate,county,1,female,45-64,0.014665261484806475,0.009882953692798036,0.02123464741438971
mortality_rate,county,1,female,65-74,0.012586306057827575,0.006418699434953266,0.02014194207362354
mortality_rate,county,1,female,75-84,0.020781871680687236,0.009060097486723834,0.03605212976639662
mortality_rate,county,1,female,85+,0.02198326270926847,0.0,0.05721712596488524
qualifying_event_rate,county,1,female,0-17,0.008700395726768685,0.002833845171392361,0.018013899856248274
qualifying_event_rate,county,1,female,18-44,0.01901904666985792,0.0068322576990362295,0.037908708149114415
qualifying_event_rate,county,1,female,45-64,0.015091268068231325,0.005344812488884853,0.03091593349925246
qualifying_event_rate,county,1,female,65-74,0.023462644011023253,0.007364256224084054,0.04768646873685571
qualifying_event_rate,county,1,female,75-84,0.02429935387116824,0.006422115712745365,0.05076862944014904
qualifying_event_rate,county,1,female,85+,0.017356396287162568,0.0,0.0491330534667803
person_years_exposure,county,2,male,0-17,1282.0338485766197,1095.5975830651655,1456.9910330884736
person_years_exposure,county,2,male,18-44,1487.5676686428073,1275.125054043799,1685.6501804121167
person_years_exposure,county,2,male,45-64,1053.2682530644229,898.5195104174677,1194.7385806834914
person_years_exposure,county,2,male,65-74,313.1947421402678,260.05565354445537,363.6231325578467
person_years_exposure,county,2,male,75-84,145.6141680306718,119.22124194762758,171.90017252134356
person_years_exposure,county,2,male,85+,28.215900288521116,18.361136856103002,40.49915079763426
person_years_exposure,county,2,male,18-64,2540.83592170723,2177.1379197842593,2876.054393110851
person_years_exposure,county,2,male,65+,487.02481045946075,405.6073503351754,564.8488876918116
mortality_rate,county,2,male,0-17,0.012885409592220079,0.007129771345747478,0.01996160453918826
mortality_rate,county,2,male,18-44,0.010628486803777317,0.0058746625941597675,0.016648756774731984
mortality_rate,county,2,male,45-64,0.0289607304501983,0.018730359452341926,0.0422914501005742
mortality_rate,county,2,male,65-74,0.0584376886689263,0.03470344260240808,0.09095522723313436
mortality_rate,county,2,male,75-84,0.0634943300100408,0.0297087295874272,0.11094646287349891
mortality_rate,county,2,male,85+,0.007683972646917261,0.0,0.04479207191766955
qualifying_event_rate,county,2,male,0-17,0.0053370549957371715,0.0008666905472027258,0.012182175454859162
qualifying_event_rate,county,2,male,18-44,0.014332875876489237,0.004328782246162624,0.03049111232344987
qualifying_event_rate,county,2,male,45-64,0.026739836708179743,0.009166699589049435,0.05406548323972085
qualifying_event_rate,county,2,male,65-74,0.02839273476779832,0.0066307725872531585,0.06141117733114681
qualifying_event_rate,county,2,male,75-84,0.04314597237837728,0.007246828669646871,0.09227002438412722
qualifying_event_rate,county,2,male,85+,0.020562373041647056,0.0,0.07621284634268144
person_years_exposure,county,2,female,0-17,1113.6992247343242,948.8491753777704,1270.1816319676661
person_years_exposure,county,2,female,18-44,1216.3945115467375,1042.2113009036118,1379.110837999349
person_years_exposure,county,2,female,45-64,1107.8875255884682,950.1049673701355,1257.603807663362
person_years_exposure,county,2,female,65-74,293.01219721022267,245.38044092075273,340.6847608580205
person_years_exposure,county,2,female,75-84,119.30672690200355,94.15246705705404,145.0577860024447
person_years_exposure,county,2,female,85+,23.78544069045589,14.491680615873996,35.243898016316486
person_years_exposure,county,2,female,18-64,2324.2820371352054,1996.1341741633832,2632.410618445523
person_years_exposure,county,2,female,65+,436.10436480268214,362.1711228954533,509.24597102862174
mortality_rate,county,2,female,0-17,0.021341987279527873,0.013092342292296926,0.03222212665103555
mortality_rate,county,2,female,18-44,0.0011885952851033133,0.0,0.003051985585047437
mortality_rate,county,2,female,45-64,0.017642493471634636,0.010198044883733945,0.026751155863729493
mortality_rate,county,2,female,65-74,0.07019534954746719,0.04195843845847568,0.10761271106721078
mortality_rate,county,2,female,75-84,0.08568201984106624,0.04070873509248691,0.14782115677728214
mortality_rate,county,2,female,85+,0.007789734951768463,0.0,0.05544216320983493
qualifying_event_rate,county,2,female,0-17,0.004279095193890301,0.0007956670873949884,0.01010384611981828
qualifying_event_rate,county,2,female,18-44,0.010012790610373865,0.002530712603193916,0.0220546853362699
qualifying_event_rate,county,2,female,45-64,0.024820004952682953,0.008322236660479794,0.05066688287321358
qualifying_event_rate,county,2,female,65-74,0.04163026630821039,0.012562285227581333,0.08698754109079265
qualifying_event_rate,county,2,female,75-84,0.035613076962788585,0.006749059834153739,0.08010433542424178
qualifying_event_rate,county,2,female,85+,0.013546368925693823,0.0,0.06413292134592022
person_years_exposure,county,3,male,0-17,3522.5488106768457,3238.511432213773,3796.324633350009
person_years_exposure,county,3,male,18-44,3335.019563473146,3066.395892089002,3593.4147560023553
person_years_exposure,county,3,male,45-64,3400.978786336773,3130.7358963836095,3663.221084086911
person_years_exposure,county,3,male,65-74,1213.309111158938,1108.838885429019,1315.182552673585
person_years_exposure,county,3,male,75-84,563.9633932977359,484.7670561928711,633.3542901495034
person_years_exposure,county,3,male,85+,97.6492767337509,80.99036217111174,112.79913422294905
person_years_exposure,county,3,male,18-64,6735.998349809919,6195.005530354458,7247.078613051652
person_years_exposure,county,3,male,65+,1874.921781190425,1694.6438488580332,2042.7828305784228
mortality_rate,county,3,male,0-17,0.010831861748260204,0.007153889470266733,0.015536323299688556
mortality_rate,county,3,male,18-44,0.02238628289439453,0.016125554887474053,0.031082393926189483
mortality_rate,county,3,male,45-64,0.020849208212829044,0.014785138880124019,0.02923327233309921
mortality_rate,county,3,male,65-74,0.028797229893770263,0.018626783491282835,0.04231838503653605
mortality_rate,county,3,male,75-84,0.1088879124439632,0.07533343670316288,0.1600018011145528
mortality_rate,county,3,male,85+,0.03661774626388646,0.009134204513841752,0.07755273688322781
qualifying_event_rate,county,3,male,0-17,0.009596101059705379,0.0031059245344637007,0.019932559265443645
qualifying_event_rate,county,3,male,18-44,0.00936235371884391,0.0030065600244397602,0.019377127670992672
qualifying_event_rate,county,3,male,45-64,0.025487980807024753,0.009380531262925646,0.05173777197552377
qualifying_event_rate,county,3,male,65-74,0.03637231350949532,0.013282318565029965,0.07243484849134342
qualifying_event_rate,county,3,male,75-84,0.02106181038887812,0.00532296158435357,0.04538122543752699
qualifying_event_rate,county,3,male,85+,0.018566784969296597,0.0,0.051947515074998944
person_years_exposure,county,3,female,0-17,3311.0651856115996,3044.455274233993,3567.9101971549194
person_years_exposure,county,3,female,18-44,3186.8393258157826,2924.9325428504067,3431.7846670387103
person_years_exposure,county,3,female,45-64,3680.2401001300805,3386.5096804533796,3957.8181900468444
person_years_exposure,county,3,female,65-74,1141.7097554062273,1047.7969040935996,1234.875657436159
person_years_exposure,county,3,female,75-84,507.4174379908925,457.24914023028225,558.5966191291933
person_years_exposure,county,3,female,85+,77.01171834373322,66.0014419050316,86.64001653183192
person_years_exposure,county,3,female,18-64,6867.0794259458635,6314.335031012087,7390.332571645567
person_years_exposure,county,3,female,65+,1726.138911740853,1578.7939490315628,1868.110706383678
mortality_rate,county,3,female,0-17,0.014701533085646137,0.009924942080184674,0.021067031035846197
mortality_rate,county,3,female,18-44,0.007776274781254072,0.0048145206464842195,0.01127163016341011
mortality_rate,county,3,female,45-64,0.015767271202753588,0.010963031877686866,0.022317969566131742
mortality_rate,county,3,female,65-74,0.012899547361106546,0.006781085161551806,0.020193223258273253
mortality_rate,county,3,female,75-84,0.03655987014372387,0.02026702777809862,0.05704109286000545
mortality_rate,county,3,female,85+,0.0209270664902776,0.0,0.05351300911228184
qualifying_event_rate,county,3,female,0-17,0.006489102037953767,0.0018894146928382979,0.013314958606287914
qualifying_event_rate,county,3,female,18-44,0.014335845169902021,0.004762884638320306,0.0293083144550391
qualifying_event_rate,county,3,female,45-64,0.019077018320086903,0.0067125338978686055,0.03822849395760621
qualifying_event_rate,county,3,female,65-74,0.02341908076211237,0.008043080933776819,0.04678446660221205
qualifying_event_rate,county,3,female,75-84,0.026925875521743407,0.0077986860483241285,0.05552699867735787
qualifying_event_rate,county,3,female,85+,0.01334580037121187,0.0,0.040100631119220756
person_years_exposure,county,4,male,0-17,5190.490683599959,4919.39544633165,5427.245514784492
person_years_exposure,county,4,male,18-44,5105.3258279431875,4852.907864631522,5324.98680998833
person_years_exposure,county,4,male,45-64,4479.816224850664,4247.506577988293,4679.060249910905
person_years_exposure,county,4,male,65-74,1282.3713748707817,1196.3013543841867,1355.8807354583512
person_years_exposure,county,4,male,75-84,501.6456055422581,448.88926708958905,547.3904732369482
person_years_exposure,county,4,male,85+,52.5829267084495,40.80346868355021,63.634485955436176
person_years_exposure,county,4,male,18-64,9585.142052793852,9115.30831819188,9991.551815866917
person_years_exposure,county,4,male,65+,1836.5999071214894,1701.4142990214525,1952.3796734980801
mortality_rate,county,4,male,0-17,0.010889147669570522,0.007619567869694131,0.015276660453490984
mortality_rate,county,4,male,18-44,0.00920980257741803,0.006393021088051442,0.01293668200785897
mortality_rate,county,4,male,45-64,0.020751605476706573,0.015411045332353795,0.02877204742835647
mortality_rate,county,4,male,65-74,0.03481823067693565,0.02366003342873682,0.0496139409609749
mortality_rate,county,4,male,75-84,0.07142393530470213,0.0464521443001719,0.10693152034392797
mortality_rate,county,4,male,85+,0.0392549319455959,0.0,0.09639290371510861
qualifying_event_rate,county,4,male,0-17,0.005333427445736186,0.001679637607085453,0.01167960974421076
qualifying_event_rate,county,4,male,18-44,0.014715312474780211,0.00525078584027744,0.030481395028666366
qualifying_event_rate,county,4,male,45-64,0.02679182692176195,0.010098526945796169,0.05372219006274996
qualifying_event_rate,county,4,male,65-74,0.04318171871668601,0.016271588101664403,0.08419590427329683
qualifying_event_rate,county,4,male,75-84,0.04583823671986526,0.015613429116964115,0.08892622645511232
qualifying_event_rate,county,4,male,85+,0.02530865847442773,0.0,0.07112665811975845
person_years_exposure,county,4,female,0-17,4688.263448332219,4441.335624054509,4903.881467144486
person_years_exposure,county,4,female,18-44,4855.625396546479,4616.062329604724,5071.623705296608
person_years_exposure,county,4,female,45-64,4651.721286784073,4415.366118193726,4857.008757895203
person_years_exposure,county,4,female,65-74,1465.901409336506,1364.8949795837023,1550.433624444395
person_years_exposure,county,4,female,75-84,482.4534347138687,432.38564731329944,525.4389294903667
person_years_exposure,county,4,female,85+,56.01809007002392,43.885527991146816,66.62470563759929
person_years_exposure,county,4,female,18-64,9507.346683330552,9042.035375978807,9916.059086300836
person_years_exposure,county,4,female,65+,2004.3729341203987,1854.6399536986137,2128.3353867022493
mortality_rate,county,4,female,0-17,0.007399732313164085,0.004874102547307282,0.010539253454295306
mortality_rate,county,4,female,18-44,0.010810089701541405,0.007502492628596774,0.015207308323610384
mortality_rate,county,4,female,45-64,0.018635889706040763,0.013563369517275473,0.025381928967592712
mortality_rate,county,4,female,65-74,0.0393858955834433,0.02761418752079027,0.05492507006690199
mortality_rate,county,4,female,75-84,0.0806119602607924,0.053882561536869995,0.11800900269912144
mortality_rate,county,4,female,85+,0.05185961613129803,0.013708530393080943,0.11917505513106157
qualifying_event_rate,county,4,female,0-17,0.004597063780922315,0.0013424753946174373,0.00988179945851944
qualifying_event_rate,county,4,female,18-44,0.014115493923810134,0.005000549674592922,0.029506499850487478
qualifying_event_rate,county,4,female,45-64,0.0230666882369646,0.008807075542719214,0.0464499042249303
qualifying_event_rate,county,4,female,65-74,0.039626706421621576,0.014790673031644653,0.07984505491163868
qualifying_event_rate,county,4,female,75-84,0.031379522276832224,0.009933265805770343,0.06442765113165357
qualifying_event_rate,county,4,female,85+,0.028701607803579696,0.0,0.0785720662573335
person_years_exposure,county,5,male,0-17,1604.7423544025223,1429.044871745342,1698.6727701707737
person_years_exposure,county,5,male,18-44,1372.5166400508826,1228.9097468904722,1446.8207282070944
person_years_exposure,county,5,male,45-64,1362.303182884706,1219.0748010666534,1435.7703958440334
person_years_exposure,county,5,male,65-74,433.9745178431559,385.71476095408923,467.1090731029575
person_years_exposure,county,5,male,75-84,225.25577195990323,197.24217165215458,246.4091091459862
person_years_exposure,county,5,male,85+,33.652414711256064,25.494021807209197,40.7056777350101
person_years_exposure,county,5,male,18-64,2734.8198229355885,2450.312963050465,2874.4802262242606
person_years_exposure,county,5,male,65+,692.8827045143152,612.9438515602454,745.8304139380664
mortality_rate,county,5,male,0-17,0.012473405159143183,0.007242624073135994,0.01888139487637264
mortality_rate,county,5,male,18-44,0.021027250214647394,0.013163811223181828,0.03096108533783452
mortality_rate,county,5,male,45-64,0.016362572589510474,0.009790825423902815,0.02408736827545993
mortality_rate,county,5,male,65-74,0.036453749070962015,0.019900187897638234,0.05742546450113473
mortality_rate,county,5,male,75-84,0.04022684160089904,0.017779953538765846,0.06806128831470486
mortality_rate,county,5,male,85+,0.0316086151744115,0.0,0.09768930524425251
qualifying_event_rate,county,5,male,0-17,0.01130560184644397,0.0033157138959680347,0.024115673725500907
qualifying_event_rate,county,5,male,18-44,0.020545026647403763,0.007000887933700986,0.04283318976726885
qualifying_event_rate,county,5,male,45-64,0.022515061807260275,0.007118683168668413,0.0470667441341115
qualifying_event_rate,county,5,male,65-74,0.04294849568062108,0.013857287803516367,0.08590355145999333
qualifying_event_rate,county,5,male,75-84,0.0424430199490191,0.010234007738365695,0.09023451699002047
qualifying_event_rate,county,5,male,85+,0.03184757159547582,0.0,0.09310196026769953
person_years_exposure,county,5,female,0-17,1843.784850160555,1646.5635009999392,1944.4426511158968
person_years_exposure,county,5,female,18-44,1566.7496386218472,1404.5358455605776,1649.0966327863277
person_years_exposure,county,5,female,45-64,1497.6831415998217,1344.3528700235402,1569.365271963458
person_years_exposure,county,5,female,65-74,423.7730005299302,374.76844351992736,453.69215994744906
person_years_exposure,county,5,female,75-84,172.37928784380497,148.56466056522422,191.9273177585219
person_years_exposure,county,5,female,85+,33.294409344972365,25.496270087802465,39.98379768640559
person_years_exposure,county,5,female,18-64,3064.432780221669,2748.502254871335,3212.2452741660954
person_years_exposure,county,5,female,65+,629.4466977187075,556.6210069818713,677.1255352064425
mortality_rate,county,5,female,0-17,0.0073009742867112684,0.0036678425059239357,0.011742650695204056
mortality_rate,county,5,female,18-44,0.01875003287353816,0.011680108653589228,0.02763388029985861
mortality_rate,county,5,female,45-64,0.008775598817391112,0.004717824646332256,0.01387608015681358
mortality_rate,county,5,female,65-74,0.032901234450630694,0.01780526894343686,0.05264227062335245
mortality_rate,county,5,female,75-84,0.07051836259139,0.03621774948864855,0.11660491765154762
mortality_rate,county,5,female,85+,0.00736402107356228,0.0,0.0371333652467516
qualifying_event_rate,county,5,female,0-17,0.01120529667450133,0.003637055755905597,0.023334193815969823
qualifying_event_rate,county,5,female,18-44,0.019194668914087765,0.006692771777622751,0.03984712936444017
qualifying_event_rate,county,5,female,45-64,0.02291071277239386,0.007863165203924865,0.0471648810661525
qualifying_event_rate,county,5,female,65-74,0.031540053634359855,0.009086953418606252,0.0654992883512011
qualifying_event_rate,county,5,female,75-84,0.04480319947061512,0.010696417543372803,0.09851914094514917
qualifying_event_rate,county,5,female,85+,0.027061995642761898,0.0,0.08002214470403252
person_years_exposure,county,6,male,0-17,4540.737492339779,4077.4054980520973,4769.072188194596
person_years_exposure,county,6,male,18-44,4333.12794525774,3891.297795247445,4537.16586363469
person_years_exposure,county,6,male,45-64,4053.7508322460512,3634.7725965035133,4253.481188504396
person_years_exposure,county,6,male,65-74,1159.9440236785524,1034.3010725680363,1228.7403682161648
person_years_exposure,county,6,male,75-84,504.48359556620056,447.5510577208792,541.4556073760396
person_years_exposure,county,6,male,85+,106.76109932526916,90.64729382690038,120.12907426629421
person_years_exposure,county,6,male,18-64,8386.87877750379,7532.25386071116,8776.90988921338
person_years_exposure,county,6,male,65+,1771.1887185700223,1578.515776322095,1878.9101688178907
mortality_rate,county,6,male,0-17,0.008900545149478502,0.006022485533270022,0.01262973624843217
mortality_rate,county,6,male,18-44,0.014598085238396414,0.010465530763843371,0.02015505093670824
mortality_rate,county,6,male,45-64,0.011266812750105354,0.00755427900101644,0.016031976799772134
mortality_rate,county,6,male,65-74,0.025847741771769062,0.01654573458716193,0.0378677214652581
mortality_rate,county,6,male,75-84,0.02674740722656538,0.013676876414781776,0.043195429409192715
mortality_rate,county,6,male,85+,0.026051033590139612,0.0,0.05696629359162007
qualifying_event_rate,county,6,male,0-17,0.00995555600439615,0.003392287094278198,0.020520787482396684
qualifying_event_rate,county,6,male,18-44,0.017846586564189307,0.006542608348892916,0.036897206006225904
qualifying_event_rate,county,6,male,45-64,0.019894407918398412,0.007426532630140277,0.040300642534366216
qualifying_event_rate,county,6,male,65-74,0.03776911445676002,0.013737304576378005,0.07489581830903802
qualifying_event_rate,county,6,male,75-84,0.03698567758402325,0.011653654970595796,0.07541175016616729
qualifying_event_rate,county,6,male,85+,0.028845314463485646,0.0,0.06632788554249319
person_years_exposure,county,6,female,0-17,4434.7610848549275,3983.2697408169133,4654.563139217822
person_years_exposure,county,6,female,18-44,4161.193676172667,3731.6553780932386,4354.631186524818
person_years_exposure,county,6,female,45-64,4289.811793622375,3850.8514312780017,4478.495135756743
person_years_exposure,county,6,female,65-74,1158.337668492556,1035.4209924790155,1224.416919819805
person_years_exposure,county,6,female,75-84,548.0198990239062,484.33227514980723,590.8382087374114
person_years_exposure,county,6,female,85+,89.39176073853305,76.79912094017068,100.08229147720684
person_years_exposure,county,6,female,18-64,8451.005469795044,7595.156087270712,8825.442803510095
person_years_exposure,county,6,female,65+,1795.7493282549954,1602.693766145782,1902.5179237597438
mortality_rate,county,6,female,0-17,0.005221973107883345,0.0032363540201009802,0.007565879710245643
mortality_rate,county,6,female,18-44,0.013157986373241821,0.009095771630771096,0.01830694991148475
mortality_rate,county,6,female,45-64,0.006132466917397303,0.003794085583037441,0.008908310455332467
mortality_rate,county,6,female,65-74,0.02326247476378531,0.014665519920030507,0.034399005749601634
mortality_rate,county,6,female,75-84,0.04704968808955629,0.029563831076420237,0.06967317685365275
mortality_rate,county,6,female,85+,0.0064040665976235495,0.0,0.023475490231449656
qualifying_event_rate,county,6,female,0-17,0.009769784510875703,0.0032580842119980294,0.020255488492947997
qualifying_event_rate,county,6,female,18-44,0.0168402840740168,0.006202598392122347,0.03397462733062828
qualifying_event_rate,county,6,female,45-64,0.0200921183484413,0.007346109130404144,0.04101434603331493
qualifying_event_rate,county,6,female,65-74,0.027777127381709395,0.009592542584347134,0.0555772761219294
qualifying_event_rate,county,6,female,75-84,0.038623173885311404,0.013088854774221649,0.07788148887646706
qualifying_event_rate,county,6,female,85+,0.02537074419673306,0.0,0.06290776154571355
person_years_exposure,county,7,male,0-17,3946.650441248925,3730.4453034458816,4129.272968265813
person_years_exposure,county,7,male,18-44,3674.2629038561117,3491.1758942816773,3834.1602581380566
person_years_exposure,county,7,male,45-64,3372.2874178743623,3192.767073435242,3527.5824551979267
person_years_exposure,county,7,male,65-74,1059.6744096723332,982.3163954088417,1126.8530010966272
person_years_exposure,county,7,male,75-84,486.7180727922101,433.3176705855419,534.14681069738
person_years_exposure,county,7,male,85+,80.2670349160622,63.62524686275546,95.69283887079294
person_years_exposure,county,7,male,18-64,7046.550321730474,6691.7402713176425,7353.381784308633
person_years_exposure,county,7,male,65+,1626.6595173806054,1492.8383811062513,1741.2816343732234
mortality_rate,county,7,male,0-17,0.012926185756295703,0.008844525470780264,0.01826157925196887
mortality_rate,county,7,male,18-44,0.010966937100216826,0.007429073759298352,0.015609967582623731
mortality_rate,county,7,male,45-64,0.025320987761868544,0.018514147362323048,0.03477715290951426
mortality_rate,county,7,male,65-74,0.041096423323524374,0.0279879158386261,0.05865023269363161
mortality_rate,county,7,male,75-84,0.08800824661440756,0.05893317923703358,0.12768158570364635
mortality_rate,county,7,male,85+,0.04603758705837885,0.011309022233385757,0.09569212112637226
qualifying_event_rate,county,7,male,0-17,0.004873842223638366,0.001463340543997821,0.010344031812160032
qualifying_event_rate,county,7,male,18-44,0.013536349633150742,0.004567947978066752,0.027822277796389128
qualifying_event_rate,county,7,male,45-64,0.024886610863198582,0.008947819776104544,0.05104404362351134
qualifying_event_rate,county,7,male,65-74,0.03974363778293928,0.014422065847723162,0.07865345823724978
qualifying_event_rate,county,7,male,75-84,0.04266108586801335,0.014087300347628583,0.08666705135438917
qualifying_event_rate,county,7,male,85+,0.02384118353515187,0.0,0.06251056459626286
person_years_exposure,county,7,female,0-17,4104.04702311771,3887.2596995210624,4291.163386716909
person_years_exposure,county,7,female,18-44,3945.3303932796393,3744.2487714707245,4119.031644845152
person_years_exposure,county,7,female,45-64,3769.5181854783314,3574.8577592415904,3941.471559134922
person_years_exposure,county,7,female,65-74,1214.4060996531753,1122.0557746161867,1290.541470318334
person_years_exposure,county,7,female,75-84,483.8461836627216,425.835256399783,531.0415918029463
person_years_exposure,county,7,female,85+,36.31216434710245,26.881160927361115,45.47450061673031
person_years_exposure,county,7,female,18-64,7714.84857875797,7327.1173170943175,8049.454800929774
person_years_exposure,county,7,female,65+,1734.5644476629993,1592.953947557617,1850.0477078183005
mortality_rate,county,7,female,0-17,0.008745654697136873,0.0057416631136536994,0.012559562276003404
mortality_rate,county,7,female,18-44,0.012614422987495159,0.008773751035693491,0.017846052301521892
mortality_rate,county,7,female,45-64,0.020877403963568804,0.015135404079589026,0.02888156190634572
mortality_rate,county,7,female,65-74,0.04805227879324364,0.03342670316542514,0.06793413586158188
mortality_rate,county,7,female,75-84,0.09727687522926211,0.0670308029640752,0.14030651501713634
mortality_rate,county,7,female,85+,0.0795787417171611,0.02187268007753459,0.17081834592135836
qualifying_event_rate,county,7,female,0-17,0.004171163792062383,0.0011792016369827657,0.008859652967698113
qualifying_event_rate,county,7,female,18-44,0.012760585690936237,0.004357399509561205,0.026000251188229847
qualifying_event_rate,county,7,female,45-64,0.02092714506860507,0.0077204259906671095,0.04264844636166375
qualifying_event_rate,county,7,female,65-74,0.03699282836201171,0.013254637623188303,0.07587009193751074
qualifying_event_rate,county,7,female,75-84,0.029170019665270837,0.008363513661834028,0.060432828383128814
qualifying_event_rate,county,7,female,85+,0.02757298104644819,0.0,0.08326221791518827
person_years_exposure,county,8,male,0-17,1289.4682885626755,1214.2400149176146,1356.9658161999564
person_years_exposure,county,8,male,18-44,1326.2631213105224,1259.0140679131744,1384.4342024702798
person_years_exposure,county,8,male,45-64,1144.483242793127,1079.7376616392035,1200.7412030394828
person_years_exposure,county,8,male,65-74,312.1915215282494,287.90004429847085,334.2982066844516
person_years_exposure,county,8,male,75-84,159.5065034783449,140.91155114482572,176.53930471780325
person_years_exposure,county,8,male,85+,11.176510170671191,6.089844488870571,15.552481771676094
person_years_exposure,county,8,male,18-64,2470.7463641036493,2345.3489536688044,2579.366759556742
person_years_exposure,county,8,male,65+,482.8745351772655,443.7723035285286,517.080458849269
mortality_rate,county,8,male,0-17,0.00947466895046188,0.004687220621676514,0.01528334943334355
mortality_rate,county,8,male,18-44,0.008029750776418964,0.003807604571790111,0.013176760371090819
mortality_rate,county,8,male,45-64,0.01906811327194887,0.011497851218973619,0.02847530127563451
mortality_rate,county,8,male,65-74,0.03176968365259666,0.015289880309895493,0.05364059015456956
mortality_rate,county,8,male,75-84,0.055972793294722455,0.02507669209268911,0.09651429136469163
mortality_rate,county,8,male,85+,0.027030963497987393,0.0,0.15020135333383164
qualifying_event_rate,county,8,male,0-17,0.0068414069752605715,0.0015434041082367836,0.015672531247042872
qualifying_event_rate,county,8,male,18-44,0.01891313760492884,0.006164793425384085,0.04081697763382187
qualifying_event_rate,county,8,male,45-64,0.03452831723422365,0.012022478851165303,0.06891587610810096
qualifying_event_rate,county,8,male,65-74,0.054413380304451135,0.018083331704585315,0.10828844926612602
qualifying_event_rate,county,8,male,75-84,0.05365726051252159,0.013609964290937122,0.10547111676103656
qualifying_event_rate,county,8,male,85+,0.02501602306249495,0.0,0.12008203644555865
person_years_exposure,county,8,female,0-17,1396.6086165371514,1318.6023851910338,1468.2658365155417
person_years_exposure,county,8,female,18-44,1228.874876285906,1165.091080147652,1286.8304944702538
person_years_exposure,county,8,female,45-64,1053.203951719967,996.4367782464053,1102.987097717071
person_years_exposure,county,8,female,65-74,341.77838062822326,316.1184490251111,366.48889767390693
person_years_exposure,county,8,female,75-84,141.657774088729,123.59724151308023,158.12341042868653
person_years_exposure,county,8,female,85+,17.306803461396907,12.013747919265,21.059417540430612
person_years_exposure,county,8,female,18-64,2282.078828005873,2166.0648311424598,2385.6199313928437
person_years_exposure,county,8,female,65+,500.74295817834917,460.3838170900429,536.3038740295129
mortality_rate,county,8,female,0-17,0.006354329776909211,0.0027995701646873527,0.010527917412720989
mortality_rate,county,8,female,18-44,0.009332723958571447,0.004717529352955403,0.01526260708754438
mortality_rate,county,8,female,45-64,0.015572813456531633,0.0089981647115423,0.0243233800725592
mortality_rate,county,8,female,65-74,0.03426890602548579,0.01718521325222974,0.05582784889573897
mortality_rate,county,8,female,75-84,0.06454091474151134,0.0311891394519667,0.11027241447212374
mortality_rate,county,8,female,85+,0.05067106317728471,0.0,0.19447775991368352
qualifying_event_rate,county,8,female,0-17,0.0058617162607790835,0.0013948063625692318,0.012944695904834035
qualifying_event_rate,county,8,female,18-44,0.01783962735522358,0.005644581737392027,0.03714530718972166
qualifying_event_rate,county,8,female,45-64,0.029128297604442518,0.010096052023885001,0.05851547128230889
qualifying_event_rate,county,8,female,65-74,0.04945525097101492,0.016034771754428957,0.09896705850869746
qualifying_event_rate,county,8,female,75-84,0.03846785397718009,0.007017613278159177,0.08553033806978601
qualifying_event_rate,county,8,female,85+,0.03574882140569685,0.0,0.12571722859958082
person_years_exposure,county,9,male,0-17,2907.4500074307302,2651.9397760987863,3224.984166509708
person_years_exposure,county,9,male,18-44,2604.4937608544783,2377.7148564746053,2883.8632806436563
person_years_exposure,county,9,male,45-64,2372.2416093754027,2165.1259064896617,2622.562333554629
person_years_exposure,county,9,male,65-74,704.7832726204349,637.1516837708558,782.8560187128417
person_years_exposure,county,9,male,75-84,317.0808926934522,282.61708442435105,355.40867617060155
person_years_exposure,county,9,male,85+,23.912362995211026,18.74079816318845,28.663904872985235
person_years_exposure,county,9,male,18-64,4976.735370229881,4550.37679124352,5503.991783114641
person_years_exposure,county,9,male,65+,1045.776528309098,945.7101145238523,1162.6304195087052
mortality_rate,county,9,male,0-17,0.005217939568600285,0.0028848581833341353,0.007956468926853021
mortality_rate,county,9,male,18-44,0.01016253604311432,0.0064397480789930035,0.014985365161311343
mortality_rate,county,9,male,45-64,0.004524580630859957,0.0022056912601557156,0.0072605003554452015
mortality_rate,county,9,male,65-74,0.019806759323824013,0.01061410714393697,0.03101668462922081
mortality_rate,county,9,male,75-84,0.004838144819129914,0.0,0.012660713400247816
mortality_rate,county,9,male,85+,0.019503762992303535,0.0,0.08799413479359894
qualifying_event_rate,county,9,male,0-17,0.0045579298323724406,0.001107134217360051,0.01012149623336971
qualifying_event_rate,county,9,male,18-44,0.010293394606733295,0.003327951323562088,0.021903173350766355
qualifying_event_rate,county,9,male,45-64,0.023644237386413657,0.008507814324550809,0.049263248982221515
qualifying_event_rate,county,9,male,65-74,0.03759466885683257,0.012602753462417097,0.07587699072203824
qualifying_event_rate,county,9,male,75-84,0.03629175805288381,0.009770100100763651,0.07686594566046376
qualifying_event_rate,county,9,male,85+,0.01765584579561002,0.0,0.07569910603331413
person_years_exposure,county,9,female,0-17,2821.3625606945425,2576.7044080456208,3126.3908222147447
person_years_exposure,county,9,female,18-44,2678.7505379638114,2446.1898150333664,2964.672912979161
person_years_exposure,county,9,female,45-64,2526.259700518446,2299.5017297311933,2802.882685740112
person_years_exposure,county,9,female,65-74,698.7984004734501,627.5476459417727,780.0638367544691
person_years_exposure,county,9,female,75-84,193.82792303752552,166.72763281317268,221.39676033553178
person_years_exposure,county,9,female,85+,31.380281281840062,23.282248655411145,38.655638002790425
person_years_exposure,county,9,female,18-64,5205.010238482258,4751.005790715964,5759.079385764775
person_years_exposure,county,9,female,65+,924.0066047928158,828.3391210913948,1034.0097463367713
mortality_rate,county,9,female,0-17,0.0006123066516040841,0.0,0.0014697024926737464
mortality_rate,county,9,female,18-44,0.005152129448284015,0.002683503660776561,0.008050835489203921
mortality_rate,county,9,female,45-64,0.022759955590452633,0.015934899947764494,0.0318759533161272
mortality_rate,county,9,female,65-74,0.017168840949866815,0.008631422860792702,0.02803352013325163
mortality_rate,county,9,female,75-84,0.06645454100460507,0.03526975331394076,0.10847547370888233
mortality_rate,county,9,female,85+,0.007887151331404633,0.0,0.03891203200255431
qualifying_event_rate,county,9,female,0-17,0.0038934603564547998,0.0010182114115347427,0.008549673159236878
qualifying_event_rate,county,9,female,18-44,0.01297410641218862,0.004488140458205014,0.027562966033076956
qualifying_event_rate,county,9,female,45-64,0.029005872663234906,0.010567516622062898,0.05889293995329194
qualifying_event_rate,county,9,female,65-74,0.022677040583898807,0.006444719820155241,0.04768223787162228
qualifying_event_rate,county,9,female,75-84,0.037477423218064916,0.00904453676655147,0.08125984428959991
qualifying_event_rate,county,9,female,85+,0.020516607696634232,0.0,0.06831388805733327
person_years_exposure,county,10,male,0-17,1727.2481103662424,1633.6250565837997,1813.4155718142179
person_years_exposure,county,10,male,18-44,1589.3719564173323,1511.0013020128265,1658.586097547429
person_years_exposure,county,10,male,45-64,1602.6860217010926,1517.5808456285024,1676.6135677890088
person_years_exposure,county,10,male,65-74,477.7953344814623,444.6640216798303,508.0985985200882
person_years_exposure,county,10,male,75-84,219.23468088836606,195.18170353087515,241.1931953416725
person_years_exposure,county,10,male,85+,17.823869055576054,12.353548248515715,22.53391336875906
person_years_exposure,county,10,male,18-64,3192.057978118425,3034.747518038931,3327.936725238989
person_years_exposure,county,10,male,65+,714.8538844254044,661.9081073490044,762.245606821405
mortality_rate,county,10,male,0-17,0.008384679530452157,0.004500275081719137,0.013066107230557416
mortality_rate,county,10,male,18-44,0.007129572736575075,0.003613796884757481,0.01160941195312826
mortality_rate,county,10,male,45-64,0.015535138437361106,0.009586494475162226,0.02262258461449921
mortality_rate,county,10,male,65-74,0.02609367251038774,0.01271856303846364,0.042188670178060404
mortality_rate,county,10,male,75-84,0.05624657229863776,0.029293837838617685,0.09450315572842254
mortality_rate,county,10,male,85+,0.03505982501401317,0.0,0.14405006356742525
qualifying_event_rate,county,10,male,0-17,0.005092434830126944,0.0011433457069057564,0.01138623103850603
qualifying_event_rate,county,10,male,18-44,0.014395242371599013,0.004495093154064571,0.030163510096338095
qualifying_event_rate,county,10,male,45-64,0.02602899634045118,0.009101797565896018,0.05367229637290533
qualifying_event_rate,county,10,male,65-74,0.041697826569912166,0.012896698304314055,0.0841877972824899
qualifying_event_rate,county,10,male,75-84,0.04448953069098827,0.012899160791981695,0.09053965174239105
qualifying_event_rate,county,10,male,85+,0.027373560092238923,0.0,0.10229120548861369
person_years_exposure,county,10,female,0-17,1728.389153120148,1633.6052726096275,1814.522735186957
person_years_exposure,county,10,female,18-44,1553.4211342218177,1474.7185032452858,1624.8244239635485
person_years_exposure,county,10,female,45-64,1606.0823512282907,1523.0976335548612,1677.727700064258
person_years_exposure,county,10,female,65-74,469.7915919777674,435.75826758453087,499.8345573101967
person_years_exposure,county,10,female,75-84,254.95003616741258,228.5095187656711,279.62220354808414
person_years_exposure,county,10,female,85+,36.80325798477233,29.156828715997634,43.29821688150761
person_years_exposure,county,10,female,18-64,3159.503485450108,3004.0982426924456,3296.4682487980176
person_years_exposure,county,10,female,65+,761.5448861299523,703.046708677681,811.5138209092938
mortality_rate,county,10,female,0-17,0.005679229096659143,0.0027909096787397535,0.009286021082718404
mortality_rate,county,10,female,18-44,0.008306389058472469,0.0043819263399410505,0.013284755551979362
mortality_rate,county,10,female,45-64,0.013597601125993442,0.008373230751227914,0.020666035992314452
mortality_rate,county,10,female,65-74,0.029220847771794463,0.01529654586299484,0.04693963163031438
mortality_rate,county,10,female,75-84,0.06655059487999918,0.038545929995280476,0.10604753203202064
mortality_rate,county,10,female,85+,0.04254274286126343,0.0,0.11622305238758365
qualifying_event_rate,county,10,female,0-17,0.004439025359190426,0.0011173157648947719,0.010557172887874642
qualifying_event_rate,county,10,female,18-44,0.013751779357760181,0.003964827716988488,0.029216412905566896
qualifying_event_rate,county,10,female,45-64,0.02203628588327556,0.0076505130391702775,0.045021246976606366
qualifying_event_rate,county,10,female,65-74,0.03820585690524559,0.0123800252986805,0.07596815480556696
qualifying_event_rate,county,10,female,75-84,0.030849593301627325,0.007452840571424981,0.06559738302625542
qualifying_event_rate,county,10,female,85+,0.02763175400234939,0.0,0.08324947108188702
person_years_exposure,county,11,male,0-17,1929.133703612129,1824.5837554459508,2023.6974568910723
person_years_exposure,county,11,male,18-44,1811.1099757524587,1722.2066823680157,1892.423260340084
person_years_exposure,county,11,male,45-64,1895.6011221367144,1789.518646931715,1985.8713327620978
person_years_exposure,county,11,male,65-74,550.8347203697057,513.1406558939061,587.2149775818034
person_years_exposure,county,11,male,75-84,159.08354744915835,138.3036639164252,178.45249466981096
person_years_exposure,county,11,male,85+,49.70191882909417,38.96825964539855,59.337381132866255
person_years_exposure,county,11,male,18-64,3706.7110978891733,3518.9964220531238,3867.687467703753
person_years_exposure,county,11,male,65+,759.6201866479582,700.8520817106355,813.9110590679277
mortality_rate,county,11,male,0-17,0.010786243291374101,0.0063967271331599514,0.01617933979246652
mortality_rate,county,11,male,18-44,0.009283790089425316,0.005175846717043741,0.014313323820343109
mortality_rate,county,11,male,45-64,0.020470398800861968,0.013755715562430555,0.029145348801427256
mortality_rate,county,11,male,65-74,0.03381763893713422,0.019881955785382214,0.05145711529514168
mortality_rate,county,11,male,75-84,0.07319137981256102,0.03715172670647403,0.11874312502784812
mortality_rate,county,11,male,85+,0.045063881753996546,0.0,0.10929075608925229
qualifying_event_rate,county,11,male,0-17,0.004062906894594323,0.0010092107711905435,0.009187716103196943
qualifying_event_rate,county,11,male,18-44,0.011420665949706572,0.0034035295648385516,0.024730319811300014
qualifying_event_rate,county,11,male,45-64,0.02081118573446635,0.0072561005969299566,0.04300685640092648
qualifying_event_rate,county,11,male,65-74,0.03354284291955856,0.010624801493826141,0.06839955836399758
qualifying_event_rate,county,11,male,75-84,0.03618975667721262,0.00628724449010514,0.07881967031620213
qualifying_event_rate,county,11,male,85+,0.02103042206804338,0.0,0.06196583878119239
person_years_exposure,county,11,female,0-17,1939.414903215802,1831.5190790881622,2032.5438055704115
person_years_exposure,county,11,female,18-44,1911.9613421768563,1815.290404777436,1998.4035781786042
person_years_exposure,county,11,female,45-64,1698.1455447677156,1605.9345734496687,1777.78119669875
person_years_exposure,county,11,female,65-74,576.0378544115852,534.3796258845819,613.5667504778003
person_years_exposure,county,11,female,75-84,256.07960956677897,226.42413801325318,282.62503387256015
person_years_exposure,county,11,female,85+,29.825021500685327,21.83871295891974,36.05296857714455
person_years_exposure,county,11,female,18-64,3610.1068869445717,3423.112048869887,3768.6587969965676
person_years_exposure,county,11,female,65+,861.9424854790495,795.1015528185403,921.4031924765209
mortality_rate,county,11,female,0-17,0.007368725279621002,0.003954832601198213,0.011342787588859581
mortality_rate,county,11,female,18-44,0.010764112198428695,0.006447857433570801,0.016288373742800982
mortality_rate,county,11,female,45-64,0.016610778515517895,0.010496803405286859,0.02436125497750496
mortality_rate,county,11,female,65-74,0.03914871370395062,0.024236838428224706,0.05952564967940445
mortality_rate,county,11,female,75-84,0.08094879292769307,0.04753914759795052,0.12507180753664682
mortality_rate,county,11,female,85+,0.05263956445648741,0.0,0.14395713319624165
qualifying_event_rate,county,11,female,0-17,0.003468598065373054,0.0005274985790498676,0.007922182734102931
qualifying_event_rate,county,11,female,18-44,0.0107058221046262,0.0031018204461488045,0.023103260196989286
qualifying_event_rate,county,11,female,45-64,0.01732300996115375,0.005521726707889458,0.035963485581834403
qualifying_event_rate,county,11,female,65-74,0.03112610790489569,0.010167208767540499,0.0643261085169857
qualifying_event_rate,county,11,female,75-84,0.024703090747174042,0.004061545504101708,0.054045931339098734
qualifying_event_rate,county,11,female,85+,0.022358775928563553,0.0,0.07951871036678822
person_years_exposure,county,12,male,0-17,2357.915267919492,2010.7803524389208,2679.6378651513933
person_years_exposure,county,12,male,18-44,2356.2455676933473,2018.6416485823158,2674.9064986426424
person_years_exposure,county,12,male,45-64,1734.5947129804508,1486.4285160033617,1968.6286241704906
person_years_exposure,county,12,male,65-74,537.8542092437369,452.24906371337977,619.5324987462568
person_years_exposure,county,12,male,75-84,143.28394757815676,117.18317407746338,170.3817135589367
person_years_exposure,county,12,male,85+,10.595305650363635,5.7183874364246305,16.133444902050414
person_years_exposure,county,12,male,18-64,4090.840280673798,3517.2133295760646,4640.085079018068
person_years_exposure,county,12,male,65+,691.7334624722574,581.6503770476237,799.4319961750437
mortality_rate,county,12,male,0-17,0.012176200565545631,0.007788789019769431,0.017786222127967898
mortality_rate,county,12,male,18-44,0.009684202566941311,0.0057467485863501,0.014587896396897186
mortality_rate,county,12,male,45-64,0.02845219518682242,0.019373654211852213,0.040213946425231746
mortality_rate,county,12,male,65-74,0.054740901326209894,0.03465932852089917,0.0818753328177014
mortality_rate,county,12,male,75-84,0.05815510333525188,0.026402351296675442,0.10039099354669322
mortality_rate,county,12,male,85+,0.006240613555042286,0.0,0.08719179727829794
qualifying_event_rate,county,12,male,0-17,0.003188437900435485,0.000505323737263372,0.007101815081658411
qualifying_event_rate,county,12,male,18-44,0.008432335159021845,0.0026686418454645064,0.018092447544170782
qualifying_event_rate,county,12,male,45-64,0.01614632167915852,0.005188712172020726,0.03369999452673665
qualifying_event_rate,county,12,male,65-74,0.016927435039137455,0.004088051051870508,0.03697805152564011
qualifying_event_rate,county,12,male,75-84,0.02564961219015043,0.0,0.059791048616651445
qualifying_event_rate,county,12,male,85+,0.01169362867938774,0.0,0.0969071964160739
person_years_exposure,county,12,female,0-17,2449.8798401461104,2089.5996980583773,2781.3954747404405
person_years_exposure,county,12,female,18-44,2524.13850326731,2159.4458431742423,2865.2868924771187
person_years_exposure,county,12,female,45-64,2054.931962401372,1760.797806119556,2329.894088411131
person_years_exposure,county,12,female,65-74,420.30603765077694,352.2795563953746,482.4717514847872
person_years_exposure,county,12,female,75-84,109.06391243415698,85.89489581004008,132.25937760384554
person_years_exposure,county,12,female,85+,2.7528705021412585,0.055276210518062134,5.543085149093315
person_years_exposure,county,12,female,18-64,4579.070465668682,3917.745213076174,5194.802031035894
person_years_exposure,county,12,female,65+,532.1228205870751,446.40252902650667,613.8616688797347
mortality_rate,county,12,female,0-17,0.02026048027912248,0.01366580375919894,0.028764268912616697
mortality_rate,county,12,female,18-44,0.001177111082614529,0.0,0.0024680176394723417
mortality_rate,county,12,female,45-64,0.016976829942331677,0.011210853726345817,0.024332775410880973
mortality_rate,county,12,female,65-74,0.06822159742021447,0.043137413249387066,0.10338658541953155
mortality_rate,county,12,female,75-84,0.0720571765467718,0.030905843349611443,0.12827996241571338
mortality_rate,county,12,female,85+,0.006119734538800521,0.0,0.006119734538800521
qualifying_event_rate,county,12,female,0-17,0.002456474112579776,0.00042157652732618034,0.005520083346416333
qualifying_event_rate,county,12,female,18-44,0.00589174564390973,0.0016687278468972306,0.012648279053539553
qualifying_event_rate,county,12,female,45-64,0.01477604615958536,0.004841506323902501,0.030377611088189534
qualifying_event_rate,county,12,female,65-74,0.0250803279898028,0.006665105537077673,0.053965656999873164
qualifying_event_rate,county,12,female,75-84,0.01960865906205184,0.0,0.051833980529717744
qualifying_event_rate,county,12,female,85+,0.006023321558615008,0.0,0.006023321558615008
person_years_exposure,county,13,male,0-17,2242.6607296666143,2041.6566084939927,2483.7906345815572
person_years_exposure,county,13,male,18-44,1969.4063735412306,1798.2555458898262,2177.8348767439174
person_years_exposure,county,13,male,45-64,2021.824661514774,1845.6014885797958,2238.2624025767163
person_years_exposure,county,13,male,65-74,512.7020164258512,462.63009566358926,571.7945321695945
person_years_exposure,county,13,male,75-84,212.53484858411997,188.79806025626218,238.54892660303597
person_years_exposure,county,13,male,85+,61.76166653796057,51.748461820468656,71.67353166652069
person_years_exposure,county,13,male,18-64,3991.2310350560047,3648.7854725914735,4410.956044601844
person_years_exposure,county,13,male,65+,786.9985315479316,711.9429381968408,877.3545943701349
mortality_rate,county,13,male,0-17,0.004117162402390041,0.0018871861509617727,0.006925959405212432
mortality_rate,county,13,male,18-44,0.008029565037948699,0.004470080111035993,0.012439749605981645
mortality_rate,county,13,male,45-64,0.0034634266460097933,0.0013897534922517134,0.006009740132670892
mortality_rate,county,13,male,65-74,0.015915029992728886,0.0068046067514320975,0.02683446552295488
mortality_rate,county,13,male,75-84,0.003640115653557612,0.0,0.01221491554062356
mortality_rate,county,13,male,85+,0.017653159016196202,0.0,0.05355025541697129
qualifying_event_rate,county,13,male,0-17,0.0038495795048470818,0.0008577316817093098,0.00881065396374575
qualifying_event_rate,county,13,male,18-44,0.008729728431611612,0.002703697203172955,0.01872072192603026
qualifying_event_rate,county,13,male,45-64,0.019968377754133446,0.006959769619908697,0.042002573798532346
qualifying_event_rate,county,13,male,65-74,0.03265100163190217,0.01003767516765356,0.06802009677949386
qualifying_event_rate,county,13,male,75-84,0.03057975649392635,0.008240541397233566,0.06485594002265783
qualifying_event_rate,county,13,male,85+,0.016956922731875202,0.0,0.05263357816056359
person_years_exposure,county,13,female,0-17,2220.876109539858,2026.3969769136156,2465.7290301514495
person_years_exposure,county,13,female,18-44,2186.3870341402753,1993.1074468343145,2423.5629348725083
person_years_exposure,county,13,female,45-64,1788.618077829561,1631.6286956060978,1980.9145000614628
person_years_exposure,county,13,female,65-74,468.8211958184724,421.6502793177477,523.8185157547152
person_years_exposure,county,13,female,75-84,200.73430091502752,174.75286927732864,227.38094546066145
person_years_exposure,county,13,female,85+,48.17735092315445,39.76089097132694,56.72705957647429
person_years_exposure,county,13,female,18-64,3975.0051119698364,3632.4914997995443,4394.124616354918
person_years_exposure,county,13,female,65+,717.7328476566544,643.8520619847181,802.4570801465479
mortality_rate,county,13,female,0-17,0.0004944645613201377,0.0,0.0014321217744369666
mortality_rate,county,13,female,18-44,0.004162385613980969,0.0018652544580382226,0.006892201631449925
mortality_rate,county,13,female,45-64,0.0177172832578402,0.011511642428778857,0.025439945993717256
mortality_rate,county,13,female,65-74,0.012790028173931252,0.004332844636208642,0.023033724095596234
mortality_rate,county,13,female,75-84,0.05428134403525055,0.02640884125036117,0.0890969363689201
mortality_rate,county,13,female,85+,0.006361192900282765,0.0,0.026538504714696137
qualifying_event_rate,county,13,female,0-17,0.0033238395900568435,0.0004888723344332722,0.007750283407321057
qualifying_event_rate,county,13,female,18-44,0.011238737924982232,0.0035086250349838756,0.023767593465420872
qualifying_event_rate,county,13,female,45-64,0.024731034281883814,0.00879192569055358,0.05097419644466439
qualifying_event_rate,county,13,female,65-74,0.01903436204105732,0.004342985185222532,0.04121733220668447
qualifying_event_rate,county,13,female,75-84,0.03239072061184824,0.005279138261588012,0.0729866398071312
qualifying_event_rate,county,13,female,85+,0.018116496823600486,0.0,0.059821532678277764
person_years_exposure,county,14,male,0-17,2109.8145244692128,1992.668748304092,2211.563319186778
person_years_exposure,county,14,male,18-44,1989.8127664981114,1888.8243760630385,2076.549863619403
person_years_exposure,county,14,male,45-64,1887.0064997508728,1786.1960282816608,1974.3193467090239
person_years_exposure,county,14,male,65-74,404.95049924849997,376.23158570369077,432.70594065841357
person_years_exposure,county,14,male,75-84,208.00325980414542,183.93069557497034,230.15311293072585
person_years_exposure,county,14,male,85+,79.28036785490623,65.87054642743435,92.94228820709941
person_years_exposure,county,14,male,18-64,3876.819266248984,3681.149814763245,4044.149472629563
person_years_exposure,county,14,male,65+,692.2341269075516,637.0658362665995,742.6341787393809
mortality_rate,county,14,male,0-17,0.009819713153558927,0.005915651099301998,0.014668813148079635
mortality_rate,county,14,male,18-44,0.00824223664918226,0.004613486399447915,0.012817692775670244
mortality_rate,county,14,male,45-64,0.018778191976115695,0.01222693683509046,0.027240716121104198
mortality_rate,county,14,male,65-74,0.03102340419004786,0.016494412443199893,0.04963941593456964
mortality_rate,county,14,male,75-84,0.06341269225318419,0.033542137911142855,0.1053487524326191
mortality_rate,county,14,male,85+,0.03801584502209003,0.010599557138105922,0.08186341195866263
qualifying_event_rate,county,14,male,0-17,0.006492397197661762,0.0018176104939229929,0.014247176024536025
qualifying_event_rate,county,14,male,18-44,0.01792134898297262,0.005940440155432153,0.038133290869573455
qualifying_event_rate,county,14,male,45-64,0.032504876941652217,0.012133105649760015,0.06474312608367976
qualifying_event_rate,county,14,male,65-74,0.05122008805381142,0.017335195981243917,0.10039118365343849
qualifying_event_rate,county,14,male,75-84,0.05459795799583779,0.015117056807159288,0.1118398771794528
qualifying_event_rate,county,14,male,85+,0.032099888653113466,0.0,0.07880951039913955
person_years_exposure,county,14,female,0-17,2010.2061984596648,1898.0151407922244,2109.7223769564685
person_years_exposure,county,14,female,18-44,1981.8258864498134,1879.148984131556,2072.6818062442226
person_years_exposure,county,14,female,45-64,1760.6760684545764,1671.7659476846254,1841.1939198375646
person_years_exposure,county,14,female,65-74,519.7028047945543,481.43880359547387,554.1344533343563
person_years_exposure,county,14,female,75-84,227.84331867093147,201.56731303865865,251.5556460018709
person_years_exposure,county,14,female,85+,23.144679624577858,15.85532457937032,29.46006730594329
person_years_exposure,county,14,female,18-64,3742.50195490439,3556.173837753623,3904.9869153789946
person_years_exposure,county,14,female,65+,770.6908030900636,709.7277671712901,824.7070048437207
mortality_rate,county,14,female,0-17,0.006646987963965383,0.0034837049669702593,0.010539059310728143
mortality_rate,county,14,female,18-44,0.009223462565495607,0.005254612698982125,0.01416942791038223
mortality_rate,county,14,female,45-64,0.015412669733064018,0.009738911909096593,0.022403925365913967
mortality_rate,county,14,female,65-74,0.03653399880042393,0.020971388749055197,0.05581069768859492
mortality_rate,county,14,female,75-84,0.07626866656626768,0.044303445319623755,0.11801383611785746
mortality_rate,county,14,female,85+,0.04154024618146281,0.0,0.13259814975348053
qualifying_event_rate,county,14,female,0-17,0.005578951929704254,0.0014583650958798987,0.012130942805379985
qualifying_event_rate,county,14,female,18-44,0.016746737853751782,0.005585166328396267,0.0362517789692739
qualifying_event_rate,county,14,female,45-64,0.02714411415238304,0.009766961345656721,0.05384474762413487
qualifying_event_rate,county,14,female,65-74,0.048008443531498225,0.016959736885400686,0.0956634454536941
qualifying_event_rate,county,14,female,75-84,0.038022777739768115,0.008780565939192625,0.08208949475479327
qualifying_event_rate,county,14,female,85+,0.03275553749424572,0.0,0.11029306749176981
person_years_exposure,county,15,male,0-17,1113.8417937238028,951.7049433853152,1265.9262597784534
person_years_exposure,county,15,male,18-44,985.2260182899099,843.6292003334894,1119.1567174653676
person_years_exposure,county,15,male,45-64,1127.8001722325284,965.4819362938575,1281.880279612621
person_years_exposure,county,15,male,65-74,332.76160487719955,278.8958155402685,384.6699887314918
person_years_exposure,county,15,male,75-84,107.26301574958578,86.89489871255701,128.361248870152
person_years_exposure,county,15,male,85+,19.952801380604846,13.182703759141964,29.086057185208876
person_years_exposure,county,15,male,18-64,2113.0261905224384,1814.401270369205,2400.8040570949834
person_years_exposure,county,15,male,65+,459.9774220073902,385.3730391746159,533.5261183146902
mortality_rate,county,15,male,0-17,0.012303454260487356,0.006567210909253834,0.019408862330318195
mortality_rate,county,15,male,18-44,0.010135241420440899,0.004632073161912507,0.016879125108413846
mortality_rate,county,15,male,45-64,0.029938833917309664,0.019558339281248425,0.04312372034933776
mortality_rate,county,15,male,65-74,0.057418181105305756,0.03307103813254317,0.09005374619099679
mortality_rate,county,15,male,75-84,0.06095361601145034,0.023402252432844658,0.11208281457788292
mortality_rate,county,15,male,85+,0.006102675791277484,0.0,0.057045817074931233
qualifying_event_rate,county,15,male,0-17,0.0038835709147601186,0.0,0.009423662604991487
qualifying_event_rate,county,15,male,18-44,0.010301632658550015,0.002359915165682345,0.022303875190323983
qualifying_event_rate,county,15,male,45-64,0.01972850348297371,0.006604852166927505,0.04008637638606761
qualifying_event_rate,county,15,male,65-74,0.020386907060158235,0.0034464439287279266,0.04564330350781739
qualifying_event_rate,county,15,male,75-84,0.031387089601711035,0.0,0.07193562967433512
qualifying_event_rate,county,15,male,85+,0.014961503501866624,0.0,0.06319254912907027
person_years_exposure,county,15,female,0-17,1249.754064325435,1065.312655099884,1420.4436601660132
person_years_exposure,county,15,female,18-44,1219.2179164164254,1043.8609527155236,1380.7284931572676
person_years_exposure,county,15,female,45-64,1363.9694442979815,1168.3916793603582,1544.2192633285101
person_years_exposure,county,15,female,65-74,401.2520615993206,335.8349379457796,463.8459399977813
person_years_exposure,county,15,female,75-84,123.17231121045354,97.26708723710888,149.56947402806193
person_years_exposure,county,15,female,85+,16.597687891388702,10.0206424102336,25.44938176579124
person_years_exposure,county,15,female,18-64,2583.187360714407,2217.400573256871,2918.861679841425
person_years_exposure,county,15,female,65+,541.0220607011628,451.08097034979664,629.97148103056
mortality_rate,county,15,female,0-17,0.0202539531900211,0.012649953168005167,0.029934165459552863
mortality_rate,county,15,female,18-44,0.0012010613107245774,0.0,0.003040648719541975
mortality_rate,county,15,female,45-64,0.01754021434003865,0.010794633267990314,0.02564205698696972
mortality_rate,county,15,female,65-74,0.07029713064347165,0.04386130261198225,0.10551093838805613
mortality_rate,county,15,female,75-84,0.07294840888305502,0.0334670199280416,0.12800071958470297
mortality_rate,county,15,female,85+,0.01416575362207034,0.0,0.09266520773096612
qualifying_event_rate,county,15,female,0-17,0.0030173905421827345,0.0,0.007155975733676251
qualifying_event_rate,county,15,female,18-44,0.0072912711647387975,0.0016010681127902394,0.01646500666492582
qualifying_event_rate,county,15,female,45-64,0.01820391941150081,0.006044544927527575,0.037327914395936246
qualifying_event_rate,county,15,female,65-74,0.031499660753115,0.00932143914002535,0.0659084554613362
qualifying_event_rate,county,15,female,75-84,0.02444501657345396,0.0,0.06185112775958853
qualifying_event_rate,county,15,female,85+,0.012258869544816364,0.0,0.07482950874612798
person_years_exposure,county,16,male,0-17,3232.9437011180985,2891.2000159135164,3408.973216823
person_years_exposure,county,16,male,18-44,3210.323449477221,2876.0342705032963,3370.8220506249295
person_years_exposure,county,16,male,45-64,3189.330274339705,2861.8730040211626,3352.764648267058
person_years_exposure,county,16,male,65-74,1160.689507744092,1035.764537735543,1234.4129223621287
person_years_exposure,county,16,male,75-84,460.1095613154545,407.1842743525395,498.96222115562
person_years_exposure,county,16,male,85+,128.98343746296112,109.77277764935788,145.3303663970584
person_years_exposure,county,16,male,18-64,6399.653723816926,5743.097458234263,6710.638039334832
person_years_exposure,county,16,male,65+,1749.7825065225077,1558.7611843851257,1864.2319505559717
mortality_rate,county,16,male,0-17,0.012273396287422862,0.008128348860445648,0.017459076133720414
mortality_rate,county,16,male,18-44,0.020253417001280062,0.014379701971342048,0.028042363913905893
mortality_rate,county,16,male,45-64,0.015755199629380837,0.010851454175691931,0.02202957966804197
mortality_rate,county,16,male,65-74,0.03611218916242792,0.024497114557701254,0.051813119565734436
mortality_rate,county,16,male,75-84,0.037037158945186076,0.020713189549797863,0.05747265098035568
mortality_rate,county,16,male,85+,0.034751808210738366,0.007992101514512084,0.06687697717384758
qualifying_event_rate,county,16,male,0-17,0.014204353445473899,0.004790898445495982,0.029630735060839308
qualifying_event_rate,county,16,male,18-44,0.025236273801536414,0.009285354382369984,0.05138911955692047
qualifying_event_rate,county,16,male,45-64,0.02807885250878896,0.010574537827087626,0.056327130256509754
qualifying_event_rate,county,16,male,65-74,0.05246777351921516,0.020843051779189666,0.10126319889411402
qualifying_event_rate,county,16,male,75-84,0.050910661938413385,0.018458874195937936,0.10103887124287295
qualifying_event_rate,county,16,male,85+,0.04011782686645082,0.007565188433899726,0.08816452562116997
person_years_exposure,county,16,female,0-17,3248.5865763794386,2904.543926700716,3417.377935451948
person_years_exposure,county,16,female,18-44,3194.088406392553,2862.020301120048,3349.3955305167115
person_years_exposure,county,16,female,45-64,3045.9030230852054,2736.2204401903896,3185.9788502354454
person_years_exposure,county,16,female,65-74,1098.670746532707,978.0898333286851,1167.3538025856546
person_years_exposure,county,16,female,75-84,407.7270255624394,356.620595611226,445.409811549987
person_years_exposure,county,16,female,85+,100.65987544178698,84.07590466859311,115.44032605459094
person_years_exposure,county,16,female,18-64,6239.991429477759,5598.552070187474,6529.248620901161
person_years_exposure,county,16,female,65+,1607.0576475369332,1432.0038702846966,1714.6262692762778
mortality_rate,county,16,female,0-17,0.0071256951156274916,0.004270104889365112,0.010621021198209572
mortality_rate,county,16,female,18-44,0.018261733058800408,0.012823005882639344,0.025106724928288818
mortality_rate,county,16,female,45-64,0.009179370598585163,0.005684467205038211,0.013424564039481338
mortality_rate,county,16,female,65-74,0.031813568195072965,0.020694260212830877,0.04635259768339081
mortality_rate,county,16,female,75-84,0.06621956801847316,0.041397317883748126,0.09805585648224548
mortality_rate,county,16,female,85+,0.007697906683612441,0.0,0.022921206198241256
qualifying_event_rate,county,16,female,0-17,0.013950628420455738,0.0049076334444624874,0.02838098053603354
qualifying_event_rate,county,16,female,18-44,0.023918385219907957,0.008728272894614196,0.04858145432998937
qualifying_event_rate,county,16,female,45-64,0.028615378529177754,0.010537822222371495,0.057812928116095286
qualifying_event_rate,county,16,female,65-74,0.038779187294769986,0.01431504572030595,0.07816111418660898
qualifying_event_rate,county,16,female,75-84,0.0541764429799063,0.018105556869741423,0.10768622678213181
qualifying_event_rate,county,16,female,85+,0.03369690189380141,0.0,0.07720880391247523
person_years_exposure,county,17,male,0-17,1447.871712968105,1363.2696715276145,1523.8243222117571
person_years_exposure,county,17,male,18-44,1620.031334528081,1537.160401561052,1692.7468741617483
person_years_exposure,county,17,male,45-64,1359.1426870354935,1286.1362450474883,1424.7705887633006
person_years_exposure,county,17,male,65-74,367.82863448350014,339.98711671115063,393.4250508739509
person_years_exposure,county,17,male,75-84,205.05356453968147,181.69269048395515,227.2428477426329
person_years_exposure,county,17,male,85+,40.35778063423073,31.675554833515807,49.087349406897644
person_years_exposure,county,17,male,18-64,2979.1740215635746,2831.6580396557774,3109.3568247243456
person_years_exposure,county,17,male,65+,613.2399796574123,563.2531269583044,658.1522816176118
mortality_rate,county,17,male,0-17,0.009655875327062195,0.005086771431105703,0.015310163339463423
mortality_rate,county,17,male,18-44,0.008041524804960686,0.0041780322370726045,0.012732670779273569
mortality_rate,county,17,male,45-64,0.016543740027989168,0.009921140194962265,0.024289423743614362
mortality_rate,county,17,male,65-74,0.031742371178945565,0.015733152467937862,0.05118472075797875
mortality_rate,county,17,male,75-84,0.06341644699158455,0.0337356537997861,0.10279551868660526
mortality_rate,county,17,male,85+,0.036850471732483805,0.0,0.10374421944055165
qualifying_event_rate,county,17,male,0-17,0.005093346083564554,0.0007532732611603976,0.01113240634931208
qualifying_event_rate,county,17,male,18-44,0.01407881451319117,0.00439322816022649,0.029363653782242715
qualifying_event_rate,county,17,male,45-64,0.025194260683909824,0.008581432473115538,0.05174167087639809
qualifying_event_rate,county,17,male,65-74,0.04187672628230219,0.013458154649353245,0.08626076949142104
qualifying_event_rate,county,17,male,75-84,0.0437564122277057,0.012575003035150844,0.08922894755884885
qualifying_event_rate,county,17,male,85+,0.02496840187436897,0.0,0.07574372444119999
person_years_exposure,county,17,female,0-17,1491.0451731081023,1404.0269293860658,1568.859901000335
person_years_exposure,county,17,female,18-44,1516.629034952616,1437.4391968409911,1587.087591529831
person_years_exposure,county,17,female,45-64,1543.6199066122024,1462.327296108948,1616.1584004427743
person_years_exposure,county,17,female,65-74,375.52494335592047,346.33856190843204,401.48014020345687
person_years_exposure,county,17,female,75-84,160.07200887004205,140.46508969740398,178.52834852311997
person_years_exposure,county,17,female,85+,44.70382613928505,34.999504134164766,53.15646966208686
person_years_exposure,county,17,female,18-64,3060.2489415648183,2903.538555074426,3196.3794786540893
person_years_exposure,county,17,female,65+,580.3007783652475,534.9847660419911,622.1409369389557
mortality_rate,county,17,female,0-17,0.006534125160635657,0.003227887105785453,0.011044799136696459
mortality_rate,county,17,female,18-44,0.009658550088656096,0.005293711903185678,0.015118008188409212
mortality_rate,county,17,female,45-64,0.01588222150817927,0.009506864865855955,0.023225214822003012
mortality_rate,county,17,female,65-74,0.033987918344462804,0.0176304875153886,0.05419658491983896
mortality_rate,county,17,female,75-84,0.07522169390167324,0.0393005179392256,0.12189277205552185
mortality_rate,county,17,female,85+,0.06204834083823371,0.018490781270850704,0.13584102853978258
qualifying_event_rate,county,17,female,0-17,0.00441175433088175,0.0006797188695734001,0.010217200766203501
qualifying_event_rate,county,17,female,18-44,0.013504906685628577,0.004092677890538165,0.028194402990082985
qualifying_event_rate,county,17,female,45-64,0.022046708607133595,0.007478194078981882,0.045902148156747466
qualifying_event_rate,county,17,female,65-74,0.03780428836156109,0.01077695379651119,0.08004059601476042
qualifying_event_rate,county,17,female,75-84,0.029998422416581523,0.005888592130690905,0.06847113174754059
qualifying_event_rate,county,17,female,85+,0.0284123591855547,0.0,0.07725763305585834
person_years_exposure,state,0,male,0-17,10135.020239254713,9258.12048327659,11203.854786438467
person_years_exposure,state,0,male,18-44,9392.40765355422,8597.523211038852,10389.704722527284
person_years_exposure,state,0,male,45-64,8597.100405436971,7865.209506769909,9503.499269779539
person_years_exposure,state,0,male,65-74,2282.698793925001,2076.2468557609195,2528.8050911784057
person_years_exposure,state,0,male,75-84,1083.1802710589163,978.4770606175858,1206.9362915697045
person_years_exposure,state,0,male,85+,210.94840699600843,184.15344249231487,240.3012890417924
person_years_exposure,state,0,male,18-64,17989.508058991192,16474.954483473157,19885.896174157446
person_years_exposure,state,0,male,65+,3576.827471979926,3251.31586929104,3967.5062823905478
mortality_rate,state,0,male,0-17,0.004303707642690164,0.002948310961319235,0.006060534738401558
mortality_rate,state,0,male,18-44,0.00824328747879161,0.005907876250762219,0.011305916407821581
mortality_rate,state,0,male,45-64,0.0036123984691524007,0.002288339840844774,0.005253715247088097
mortality_rate,state,0,male,65-74,0.01660439482078042,0.011044913415026527,0.023612096403500885
mortality_rate,state,0,male,75-84,0.004022461662339931,0.0009724091833690688,0.007806688718195711
mortality_rate,state,0,male,85+,0.017687812656883857,0.004555053262670295,0.03568296299928769
qualifying_event_rate,state,0,male,0-17,0.0032527608329102104,0.0010553828665925975,0.007081364906002363
qualifying_event_rate,state,0,male,18-44,0.0072808038009159895,0.0025900668702830212,0.015065989809170793
qualifying_event_rate,state,0,male,45-64,0.016967305489883455,0.006356632043208866,0.03518615837139068
qualifying_event_rate,state,0,male,65-74,0.02801709538461834,0.010472076561204278,0.05745579213763899
qualifying_event_rate,state,0,male,75-84,0.026142191425696522,0.009420860723606242,0.05350499973146788
qualifying_event_rate,state,0,male,85+,0.013031759800926792,0.0,0.03206683966831119
person_years_exposure,state,0,female,0-17,10337.762177305256,9461.67924844814,11423.594355009633
person_years_exposure,state,0,female,18-44,9572.239599818207,8747.145604964993,10578.944651182608
person_years_exposure,state,0,female,45-64,8530.636973016852,7786.428510850269,9437.896087841858
person_years_exposure,state,0,female,65-74,2443.670256194961,2220.801547148465,2710.036468411864
person_years_exposure,state,0,female,75-84,980.7706635963565,873.4508771371051,1099.47849896669
person_years_exposure,state,0,female,85+,188.47414956193546,164.40477022151953,214.3399080323874
person_years_exposure,state,0,female,18-64,18102.87657283506,16542.319114620484,19989.387242713874
person_years_exposure,state,0,female,65+,3612.915069353253,3273.3999660748445,4014.6669116344115
mortality_rate,state,0,female,0-17,0.0005085553457876534,0.00017863708171850782,0.0009445273659346471
mortality_rate,state,0,female,18-44,0.004294798454954132,0.0028460788802919016,0.006119979332396958
mortality_rate,state,0,female,45-64,0.018812592652239567,0.014219476468924516,0.025358345331286974
mortality_rate,state,0,female,65-74,0.013914355094291267,0.009195919481827715,0.020128622098048336
mortality_rate,state,0,female,75-84,0.05366112487781361,0.03736916657411343,0.0763093983133517
mortality_rate,state,0,female,85+,0.007052972156883683,0.0,0.01877572582422589
qualifying_event_rate,state,0,female,0-17,0.0027647707964781553,0.0008924965215741405,0.006020215901298407
qualifying_event_rate,state,0,female,18-44,0.009384229188745727,0.0032868815232282907,0.019841457160326342
qualifying_event_rate,state,0,female,45-64,0.02104340771302511,0.007955917429216123,0.04302220197518333
qualifying_event_rate,state,0,female,65-74,0.016114808730903697,0.005475735256129784,0.03268396542127704
qualifying_event_rate,state,0,female,75-84,0.02537065993472648,0.0080096822063701,0.05296652107011571
qualifying_event_rate,state,0,female,85+,0.014617180180639717,0.0,0.03537489563696425
person_years_exposure,state,1,male,0-17,3808.607342040903,3413.6408786262923,4188.233586871246
person_years_exposure,state,1,male,18-44,3392.673949161296,3024.244781651396,3735.135117463433
person_years_exposure,state,1,male,45-64,3122.328708511839,2779.615358084959,3433.99205752835
person_years_exposure,state,1,male,65-74,961.4958406795348,846.141758611,1063.3654995512481
person_years_exposure,state,1,male,75-84,327.84645664875177,276.849741453735,377.6800842689008
person_years_exposure,state,1,male,85+,29.324564433710393,22.270315393172513,35.15157989505114
person_years_exposure,state,1,male,18-64,6515.002657673135,5781.590637443143,7166.032524391876
person_years_exposure,state,1,male,65+,1318.6668617619969,1159.5251416089607,1466.6951490523736
mortality_rate,state,1,male,0-17,0.006159849811710531,0.003690491455683936,0.009191598846711077
mortality_rate,state,1,male,18-44,0.006573936367142969,0.0038802933361680304,0.009823026598873928
mortality_rate,state,1,male,45-64,0.025347917736605566,0.018174357714869083,0.03576205722311959
mortality_rate,state,1,male,65-74,0.03750615467380833,0.02444385117393152,0.055958209185599565
mortality_rate,state,1,male,75-84,0.07145830963050517,0.043532602914232395,0.10950479388563569
mortality_rate,state,1,male,85+,0.006569454478580556,0.0,0.039053660318902256
qualifying_event_rate,state,1,male,0-17,0.01093226867742378,0.003700790908208473,0.02272243235960389
qualifying_event_rate,state,1,male,18-44,0.01568622936250803,0.005613375805124397,0.03178810312580696
qualifying_event_rate,state,1,male,45-64,0.013897973922621498,0.004540537973329041,0.02812083862074316
qualifying_event_rate,state,1,male,65-74,0.04542634949193458,0.016501263544583138,0.08903240630707811
qualifying_event_rate,state,1,male,75-84,0.03141252210732287,0.00853463266064714,0.06686061662649985
qualifying_event_rate,state,1,male,85+,0.015602617613659308,0.0,0.0639054696737127
person_years_exposure,state,1,female,0-17,3632.422779088636,3226.2757390909787,3997.945102645084
person_years_exposure,state,1,female,18-44,3376.4226417925447,3011.297250204268,3715.816355816603
person_years_exposure,state,1,female,45-64,3223.064920643912,2878.8769018872604,3545.540181163977
person_years_exposure,state,1,female,65-74,975.7240656890309,864.3835234209259,1073.1684401409964
person_years_exposure,state,1,female,75-84,433.9528420434907,382.4441322076035,481.05996222357953
person_years_exposure,state,1,female,85+,72.55316122542126,61.43083713761959,82.79204472761718
person_years_exposure,state,1,female,18-64,6599.487562436457,5893.468872833481,7256.556958206031
person_years_exposure,state,1,female,65+,1482.2300689579429,1313.5644032934467,1633.212632974058
mortality_rate,state,1,female,0-17,0.0040603818262588045,0.00218417984371649,0.006441464133089728
mortality_rate,state,1,female,18-44,0.0014334235560719154,0.0003172185208462606,0.002744571117187552
mortality_rate,state,1,female,45-64,0.014665261484806475,0.009882953692798036,0.02123464741438971
mortality_rate,state,1,female,65-74,0.012586306057827575,0.006418699434953266,0.02014194207362354
mortality_rate,state,1,female,75-84,0.020781871680687236,0.009060097486723834,0.03605212976639662
mortality_rate,state,1,female,85+,0.02198326270926847,0.0,0.05721712596488524
qualifying_event_rate,state,1,female,0-17,0.008700395726768685,0.002833845171392361,0.018013899856248274
qualifying_event_rate,state,1,female,18-44,0.01901904666985792,0.0068322576990362295,0.037908708149114415
qualifying_event_rate,state,1,female,45-64,0.015091268068231325,0.005344812488884853,0.03091593349925246
qualifying_event_rate,state,1,female,65-74,0.023462644011023253,0.007364256224084054,0.04768646873685571
qualifying_event_rate,state,1,female,75-84,0.02429935387116824,0.006422115712745365,0.05076862944014904
qualifying_event_rate,state,1,female,85+,0.017356396287162568,0.0,0.0491330534667803
person_years_exposure,state,2,male,0-17,4753.790910219908,4068.129666741307,5401.984692605298
person_years_exposure,state,2,male,18-44,4829.03925462606,4151.522945732476,5475.448478113616
person_years_exposure,state,2,male,45-64,3915.663138277405,3367.276944915671,4448.759162967371
person_years_exposure,state,2,male,65-74,1183.8105562612084,1000.9648891556052,1355.5258643692084
person_years_exposure,state,2,male,75-84,396.16113135841556,330.5965500174401,461.3303686897164
person_years_exposure,state,2,male,85+,58.764007319489586,42.396809943677596,79.46052899249061
person_years_exposure,state,2,male,18-64,8744.702392903466,7524.868690067987,9902.318706545013
person_years_exposure,state,2,male,65+,1638.7356949391135,1382.8866661504842,1878.4605773564315
mortality_rate,state,2,male,0-17,0.012397281063529934,0.008649539211939583,0.017385044619888424
mortality_rate,state,2,male,18-44,0.010067107285034552,0.00685079814725995,0.014360066749886201
mortality_rate,state,2,male,45-64,0.029017171127460096,0.021477642342542045,0.04021933397759366
mortality_rate,state,2,male,65-74,0.056471507852491304,0.039506275793079824,0.08069436910607283
mortality_rate,state,2,male,75-84,0.06087531961629842,0.03698794649587736,0.0930087721428045
mortality_rate,state,2,male,85+,0.006886815765302317,0.0,0.030834396677653596
qualifying_event_rate,state,2,male,0-17,0.003930765048180378,0.001150244730115989,0.008376118496005704
qualifying_event_rate,state,2,male,18-44,0.01063135106495005,0.0037898748503765933,0.022037769309937144
qualifying_event_rate,state,2,male,45-64,0.020027605075366533,0.007374010518850134,0.04021857345182255
qualifying_event_rate,state,2,male,65-74,0.020933186659395066,0.006986029045707335,0.043452267037034455
qualifying_event_rate,state,2,male,75-84,0.033634083184279705,0.009650083765823126,0.06889851936710963
qualifying_event_rate,state,2,male,85+,0.017061589073315366,0.0,0.053085462673877905
person_years_exposure,state,2,female,0-17,4813.3331292058665,4114.568899899816,5465.595586108465
person_years_exposure,state,2,female,18-44,4959.750931230472,4255.079871373281,5621.3444706614255
person_years_exposure,state,2,female,45-64,4526.78893228781,3883.985833619671,5128.7922595607215
person_years_exposure,state,2,female,65-74,1114.57029646032,939.0541021513272,1277.7780739785596
person_years_exposure,state,2,female,75-84,351.5429505466137,286.3184472123403,416.1911729682194
person_years_exposure,state,2,female,85+,43.135999083985894,29.17469433377705,60.8634857152148
person_years_exposure,state,2,female,18-64,9486.539863518283,8142.830841271689,10743.04308084784
person_years_exposure,state,2,female,65+,1509.2492460909198,1266.9343938170518,1738.3285652618426
mortality_rate,state,2,female,0-17,0.020509022447231462,0.014855646411765221,0.028525321565179534
mortality_rate,state,2,female,18-44,0.001185815122129709,0.0003937519948134061,0.0021111023490670133
mortality_rate,state,2,female,45-64,0.01730949829659921,0.012488504486248855,0.023853786880788812
mortality_rate,state,2,female,65-74,0.06948768663574988,0.049433379526387516,0.09766231150010847
mortality_rate,state,2,female,75-84,0.07699344564840581,0.046630761721316145,0.11576959876728589
mortality_rate,state,2,female,85+,0.01013649578155287,0.0,0.045212390428383924
qualifying_event_rate,state,2,female,0-17,0.003023827171173029,0.0008284756273978248,0.0065183491163742745
qualifying_event_rate,state,2,female,18-44,0.007246479613757315,0.002327980621520489,0.015273727687655598
qualifying_event_rate,state,2,female,45-64,0.018267061814461465,0.006659370145490633,0.03632879165814213
qualifying_event_rate,state,2,female,65-74,0.03174218172780586,0.011385447303304453,0.06347675836173317
qualifying_event_rate,state,2,female,75-84,0.026734787019767784,0.0065798193236487786,0.056695234492692835
qualifying_event_rate,state,2,female,85+,0.012570861485022872,0.0,0.04801002507405575
person_years_exposure,state,3,male,0-17,3522.5488106768457,3238.511432213773,3796.324633350009
person_years_exposure,state,3,male,18-44,3335.019563473146,3066.395892089002,3593.4147560023553
person_years_exposure,state,3,male,45-64,3400.978786336773,3130.7358963836095,3663.221084086911
person_years_exposure,state,3,male,65-74,1213.309111158938,1108.838885429019,1315.182552673585
person_years_exposure,state,3,male,75-84,563.9633932977359,484.7670561928711,633.3542901495034
person_years_exposure,state,3,male,85+,97.6492767337509,80.99036217111174,112.79913422294905
person_years_exposure,state,3,male,18-64,6735.998349809919,6195.005530354458,7247.078613051652
person_years_exposure,state,3,male,65+,1874.921781190425,1694.6438488580332,2042.7828305784228
mortality_rate,state,3,male,0-17,0.010831861748260204,0.007153889470266733,0.015536323299688556
mortality_rate,state,3,male,18-44,0.02238628289439453,0.016125554887474053,0.031082393926189483
mortality_rate,state,3,male,45-64,0.020849208212829044,0.014785138880124019,0.02923327233309921
mortality_rate,state,3,male,65-74,0.028797229893770263,0.018626783491282835,0.04231838503653605
mortality_rate,state,3,male,75-84,0.1088879124439632,0.07533343670316288,0.1600018011145528
mortality_rate,state,3,male,85+,0.03661774626388646,0.009134204513841752,0.07755273688322781
qualifying_event_rate,state,3,male,0-17,0.009596101059705379,0.0031059245344637007,0.019932559265443645
qualifying_event_rate,state,3,male,18-44,0.00936235371884391,0.0030065600244397602,0.019377127670992672
qualifying_event_rate,state,3,male,45-64,0.025487980807024753,0.009380531262925646,0.05173777197552377
qualifying_event_rate,state,3,male,65-74,0.03637231350949532,0.013282318565029965,0.07243484849134342
qualifying_event_rate,state,3,male,75-84,0.02106181038887812,0.00532296158435357,0.04538122543752699
qualifying_event_rate,state,3,male,85+,0.018566784969296597,0.0,0.051947515074998944
person_years_exposure,state,3,female,0-17,3311.0651856115996,3044.455274233993,3567.9101971549194
person_years_exposure,state,3,female,18-44,3186.8393258157826,2924.9325428504067,3431.7846670387103
person_years_exposure,state,3,female,45-64,3680.2401001300805,3386.5096804533796,3957.8181900468444
person_years_exposure,state,3,female,65-74,1141.7097554062273,1047.7969040935996,1234.875657436159
person_years_exposure,state,3,female,75-84,507.4174379908925,457.24914023028225,558.5966191291933
person_years_exposure,state,3,female,85+,77.01171834373322,66.0014419050316,86.64001653183192
person_years_exposure,state,3,female,18-64,6867.0794259458635,6314.335031012087,7390.332571645567
person_years_exposure,state,3,female,65+,1726.138911740853,1578.7939490315628,1868.110706383678
mortality_rate,state,3,female,0-17,0.014701533085646137,0.009924942080184674,0.021067031035846197
mortality_rate,state,3,female,18-44,0.007776274781254072,0.0048145206464842195,0.01127163016341011
mortality_rate,state,3,female,45-64,0.015767271202753588,0.010963031877686866,0.022317969566131742
mortality_rate,state,3,female,65-74,0.012899547361106546,0.006781085161551806,0.020193223258273253
mortality_rate,state,3,female,75-84,0.03655987014372387,0.02026702777809862,0.05704109286000545
mortality_rate,state,3,female,85+,0.0209270664902776,0.0,0.05351300911228184
qualifying_event_rate,state,3,female,0-17,0.006489102037953767,0.0018894146928382979,0.013314958606287914
qualifying_event_rate,state,3,female,18-44,0.014335845169902021,0.004762884638320306,0.0293083144550391
qualifying_event_rate,state,3,female,45-64,0.019077018320086903,0.0067125338978686055,0.03822849395760621
qualifying_event_rate,state,3,female,65-74,0.02341908076211237,0.008043080933776819,0.04678446660221205
qualifying_event_rate,state,3,female,75-84,0.026925875521743407,0.0077986860483241285,0.05552699867735787
qualifying_event_rate,state,3,female,85+,0.01334580037121187,0.0,0.040100631119220756
person_years_exposure,state,4,male,0-17,17640.677464827193,16744.186447207223,18404.29406545968
person_years_exposure,state,4,male,18-44,17116.1778863058,16291.425652175325,17839.48241774996
person_years_exposure,state,4,male,45-64,15741.023216142357,14946.551740315228,16413.783889818646
person_years_exposure,state,4,male,65-74,4455.646494654528,4167.459419104279,4688.594122387388
person_years_exposure,state,4,male,75-84,1939.2452344941678,1760.4417690436044,2084.3099191933
person_years_exposure,state,4,male,85+,331.1904081689901,290.83165581842513,370.64394544879997
person_years_exposure,state,4,male,18-64,32857.201102448154,31247.82276091817,34234.63721588474
person_years_exposure,state,4,male,65+,6726.082137317686,6235.874102349814,7121.19182515732
mortality_rate,state,4,male,0-17,0.010755891394523532,0.008172249971254434,0.014536236633844022
mortality_rate,state,4,male,18-44,0.009087166198505279,0.006875238852572989,0.01229279662369261
mortality_rate,state,4,male,45-64,0.02044325154601019,0.015875072810817358,0.02754725740773284
mortality_rate,state,4,male,65-74,0.03443967497521177,0.02604724461452752,0.047439901046950755
mortality_rate,state,4,male,75-84,0.07103861256739818,0.053110657206573264,0.10019095911038557
mortality_rate,state,4,male,85+,0.040542624061291374,0.021852344749264924,0.06512171745273916
qualifying_event_rate,state,4,male,0-17,0.005297205237656977,0.0018217920193341456,0.011250782590649879
qualifying_event_rate,state,4,male,18-44,0.014721633355763186,0.005479328365711897,0.030143036613349498
qualifying_event_rate,state,4,male,45-64,0.026695206860618336,0.010322188711834207,0.05368947993153963
qualifying_event_rate,state,4,male,65-74,0.04242310535373562,0.016743818641848412,0.08189840423200422
qualifying_event_rate,state,4,male,75-84,0.04545941711430329,0.017821443742373846,0.08719101241468738
qualifying_event_rate,state,4,male,85+,0.025996440162877027,0.006183629950140973,0.053656528161764756
person_years_exposure,state,4,female,0-17,17357.974515890815,16480.451846695156,18116.144564359667
person_years_exposure,state,4,female,18-44,16993.66806391313,16166.252481621454,17720.33887293492
person_years_exposure,state,4,female,45-64,16082.967295045111,15282.023635239027,16761.468381783077
person_years_exposure,state,4,female,65-74,4963.14308415774,4631.399057565561,5224.733361376572
person_years_exposure,state,4,female,75-84,2006.9023657404837,1820.159820742306,2152.3546288840103
person_years_exposure,state,4,female,85+,244.1138431278437,213.89029657649505,271.054261917711
person_years_exposure,state,4,female,18-64,33076.63535895824,31462.616738961733,34471.26787023306
person_years_exposure,state,4,female,65+,7214.159293026068,6681.969489801863,7625.231648586717
mortality_rate,state,4,female,0-17,0.007297534055041171,0.005433806104545963,0.00992608811925576
mortality_rate,state,4,female,18-44,0.010600312005404065,0.00807583329234047,0.014450034658085293
mortality_rate,state,4,female,45-64,0.017626553668311857,0.013574058536049713,0.02382609032935038
mortality_rate,state,4,female,65-74,0.039457289583603505,0.029632625347794445,0.05363456178826174
mortality_rate,state,4,female,75-84,0.08082898931617355,0.06165334000084865,0.11151763642549008
mortality_rate,state,4,female,85+,0.05547669303116885,0.030666621804917818,0.08859587455105909
qualifying_event_rate,state,4,female,0-17,0.004554091528083059,0.0016035862005502988,0.009578788306329371
qualifying_event_rate,state,4,female,18-44,0.013905733664315445,0.005210145570830165,0.028694123666503046
qualifying_event_rate,state,4,female,45-64,0.022601296301187596,0.008751849746354607,0.04515594544188256
qualifying_event_rate,state,4,female,65-74,0.03927774723331866,0.01558326768773504,0.07784539336039097
qualifying_event_rate,state,4,female,75-84,0.0310719838660484,0.011511324040155653,0.061737587815051696
qualifying_event_rate,state,4,female,85+,0.028428493599176725,0.006933521511549199,0.06096321769990423
person_years_exposure,state,5,male,0-17,9378.42354786036,8424.040863648961,9846.211545638682
person_years_exposure,state,5,male,18-44,8915.968034785838,7995.024641209446,9334.914949922151
person_years_exposure,state,5,male,45-64,8605.384289470454,7722.742766707874,9029.076429114084
person_years_exposure,state,5,male,65-74,2754.6080492657975,2458.1249825045934,2915.2414939227524
person_years_exposure,state,5,male,75-84,1189.8489288415606,1053.3682765699677,1273.4313529729704
person_years_exposure,state,5,male,85+,269.39695149948653,233.07634196165242,297.38351000510755
person_years_exposure,state,5,male,18-64,17521.35232425629,15721.536386739299,18340.503363358363
person_years_exposure,state,5,male,65+,4213.853929606845,3755.4215776986985,4468.955490153902
mortality_rate,state,5,male,0-17,0.01067459145269567,0.007707812424675433,0.0145053685738594
mortality_rate,state,5,male,18-44,0.01762406962721816,0.01329232363234512,0.02406170318599061
mortality_rate,state,5,male,45-64,0.013737000866105022,0.010163423155395791,0.01865192680962171
mortality_rate,state,5,male,65-74,0.03184372123514119,0.02317183764325851,0.044592626822755534
mortality_rate,state,5,male,75-84,0.03327826451148006,0.02195673945639687,0.04823280610521885
mortality_rate,state,5,male,85+,0.030911080640164845,0.013705583710237428,0.054015768925948345
qualifying_event_rate,state,5,male,0-17,0.011651213977873647,0.004209414168130367,0.02397335111812733
qualifying_event_rate,state,5,male,18-44,0.020922746105334296,0.007910421248164318,0.042116565413059324
qualifying_event_rate,state,5,male,45-64,0.023342600473974594,0.008916031654618224,0.04728061583119779
qualifying_event_rate,state,5,male,65-74,0.04477856860621579,0.01804872703416376,0.08731604921559213
qualifying_event_rate,state,5,male,75-84,0.04340356486769235,0.016380160765125284,0.08460105449676944
qualifying_event_rate,state,5,male,85+,0.03461746812743247,0.010190593488294103,0.0721649182186318
person_years_exposure,state,5,female,0-17,9527.132511394917,8540.878212959502,9987.525750649484
person_years_exposure,state,5,female,18-44,8922.03172118706,8004.8429652842615,9334.320254682749
person_years_exposure,state,5,female,45-64,8833.397958307392,7940.459180416126,9223.163596750024
person_years_exposure,state,5,female,65-74,2680.781415555196,2398.7889175929236,2830.741419168046
person_years_exposure,state,5,female,75-84,1128.1262124301472,997.9699997917418,1210.8600018688078
person_years_exposure,state,5,female,85+,223.34604552529248,193.5637387451719,248.6398897599554
person_years_exposure,state,5,female,18-64,17755.429679494453,15942.8577808122,18549.64506549876
person_years_exposure,state,5,female,65+,4032.253673510636,3601.342247391012,4273.966828573044
mortality_rate,state,5,female,0-17,0.006273458077208905,0.004391001659841335,0.008849912180095645
mortality_rate,state,5,female,18-44,0.015967117267888364,0.012004360968492812,0.021817317866647083
mortality_rate,state,5,female,45-64,0.007631227335948835,0.005380219006455146,0.010721486439757792
mortality_rate,state,5,female,65-74,0.028290666260298445,0.02049704284862029,0.038997634819904536
mortality_rate,state,5,female,75-84,0.05756410694657329,0.04030230757168032,0.08023117311222293
mortality_rate,state,5,female,85+,0.007130288988488791,0.0,0.018153659798231688
qualifying_event_rate,state,5,female,0-17,0.011473194111057437,0.004134512357630662,0.023375536446767202
qualifying_event_rate,state,5,female,18-44,0.019787685879849443,0.007581378371854131,0.040081037932991455
qualifying_event_rate,state,5,female,45-64,0.023508967158521573,0.008977101958445921,0.04778678330317747
qualifying_event_rate,state,5,female,65-74,0.0328809630945158,0.012518469174013652,0.06530910066387986
qualifying_event_rate,state,5,female,75-84,0.04518874826285145,0.016688064213128424,0.09014415954427574
qualifying_event_rate,state,5,female,85+,0.029375378407029147,0.0048090955289731,0.060450645181182094
