estimand,level,unit,sex,age_band,estimate,lower,upper
children_under_16,county,0,,,1135.0,1123.65,1146.35
children_under_16,county,1,,,1236.0,1223.64,1248.36
children_under_16,county,2,,,473.0,468.27,477.73
children_under_16,county,3,,,323.0,319.77,326.23
children_under_16,county,4,,,534.0,528.66,539.34
children_under_16,county,5,,,259.0,256.41,261.59
children_under_16,county,6,,,663.0,656.37,669.63
children_under_16,county,7,,,355.0,351.45,358.55
children_under_16,county,8,,,371.99999999999994,368.2799999999999,375.71999999999997
children_under_16,county,9,,,537.0,531.63,542.37
children_under_16,county,10,,,329.0,325.71,332.29
children_under_16,county,11,,,987.0,977.13,996.87
children_under_16,county,12,,,529.0,523.71,534.29
children_under_16,county,13,,,399.99999999999994,395.99999999999994,403.99999999999994
children_under_16,county,14,,,340.0,336.6,343.4
children_under_16,county,15,,,828.0,819.72,836.28
children_under_16,county,16,,,991.0,981.09,1000.91
children_under_16,nation,0,,,10291.0,10188.09,10393.91
children_under_16,state,0,,,2821.0,2792.79,2849.21
children_under_16,state,1,,,2595.0,2569.05,2620.95
children_under_16,state,2,,,2105.0,2083.95,2126.05
children_under_16,state,3,,,1314.0,1300.86,1327.14
children_under_16,state,4,,,1197.0,1185.03,1208.97
children_under_16,state,5,,,259.0,256.41,261.59
elders_65_plus,county,0,,,473.0,468.27,477.73
elders_65_plus,county,1,,,465.0,460.35,469.65
elders_65_plus,county,2,,,314.0,310.86,317.14
elders_65_plus,county,3,,,177.00000000000003,175.23000000000002,178.77000000000004
elders_65_plus,county,4,,,375.99999999999994,372.23999999999995,379.75999999999993
elders_65_plus,county,5,,,212.0,209.88,214.12
elders_65_plus,county,6,,,347.0,343.53,350.47
elders_65_plus,county,7,,,169.0,167.31,170.69
elders_65_plus,county,8,,,192.0,190.08,193.92
elders_65_plus,county,9,,,227.0,224.73,229.27
elders_65_plus,county,10,,,198.0,196.02,199.98
elders_65_plus,county,11,,,516.0,510.84,521.16
elders_65_plus,county,12,,,281.0,278.19,283.81
elders_65_plus,county,13,,,214.0,211.86,216.14
elders_65_plus,county,14,,,220.0,217.8,222.2
elders_65_plus,county,15,,,387.0,383.13,390.87
elders_65_plus,county,16,,,497.0,492.03,501.97
elders_65_plus,nation,0,,,5265.0,5212.35,5317.65
elders_65_plus,state,0,,,1339.0,1325.61,1352.39
elders_65_plus,state,1,,,1173.0,1161.27,1184.73
elders_65_plus,state,2,,,1144.0,1132.56,1155.44
elders_65_plus,state,3,,,674.0,667.26,680.74
elders_65_plus,state,4,,,723.0,715.77,730.23
elders_65_plus,state,5,,,212.0,209.88,214.12
households,county,0,,,2779.0,2751.21,2806.79
households,county,1,,,2928.0,2898.72,2957.28
households,county,2,,,1485.0,1470.15,1499.85
households,county,3,,,1019.0000000000001,1008.8100000000001,1029.19
households,county,4,,,1800.0,1782.0,1818.0
households,county,5,,,1040.0,1029.6,1050.4
households,county,6,,,1814.0000000000002,1795.8600000000001,1832.1400000000003
households,county,7,,,1006.0,995.94,1016.06
households,county,8,,,1132.0,1120.68,1143.32
households,county,9,,,1432.0,1417.68,1446.32
households,county,10,,,1156.0,1144.44,1167.56
households,county,11,,,2712.0,2684.88,2739.12
households,county,12,,,1645.0,1628.55,1661.45
households,county,13,,,1167.0,1155.33,1178.67
households,county,14,,,1114.0,1102.86,1125.14
households,county,15,,,2149.0,2127.51,2170.49
households,county,16,,,2538.0,2512.62,2563.38
households,nation,0,,,28916.0,28626.84,29205.16
households,state,0,,,7729.0,7651.71,7806.29
households,state,1,,,6772.0,6704.28,6839.72
households,state,2,,,6204.0,6141.96,6266.04
households,state,3,,,3557.0,3521.43,3592.57
households,state,4,,,3614.0,3577.86,3650.14
households,state,5,,,1040.0,1029.6,1050.4
low_income_household_share,county,0,,,0.0014353786689620632,0.0,0.011435378668962064
low_income_household_share,county,1,,,0.0010482319013661288,0.0,0.01104823190136613
low_income_household_share,county,2,,,0.0011019815962606757,0.0,0.011101981596260677
low_income_household_share,county,3,,,0.0012709540739874964,0.0,0.011270954073987496
low_income_household_share,county,4,,,0.0011344901686001338,0.0,0.011134490168600134
low_income_household_share,county,5,,,0.0015398551031634582,0.0,0.011539855103163459
low_income_household_share,county,6,,,0.0011344901686001338,0.0,0.011134490168600134
low_income_household_share,county,7,,,0.0011019815962606757,0.0,0.011101981596260677
low_income_household_share,county,8,,,0.0010482319013661288,0.0,0.01104823190136613
low_income_household_share,county,9,,,0.0011019815962606757,0.0,0.011101981596260677
low_income_household_share,county,10,,,0.0014353786689620632,0.0,0.011435378668962064
low_income_household_share,county,11,,,0.0010482319013661288,0.0,0.01104823190136613
low_income_household_share,county,12,,,0.0014353786689620632,0.0,0.011435378668962064
low_income_household_share,county,13,,,0.0011019815962606757,0.0,0.011101981596260677
low_income_household_share,county,14,,,0.0011019815962606757,0.0,0.011101981596260677
low_income_household_share,county,15,,,0.0014353786689620632,0.0,0.011435378668962064
low_income_household_share,county,16,,,0.0012709540739874964,0.0,0.011270954073987496
low_income_household_share,nation,0,,,0.0012183354691711577,0.0,0.011218335469171158
low_income_household_share,state,0,,,0.0014353786689620632,0.0,0.011435378668962064
low_income_household_share,state,1,,,0.001048231901366129,0.0,0.01104823190136613
low_income_household_share,state,2,,,0.0011019815962606757,0.0,0.011101981596260677
low_income_household_share,state,3,,,0.0012709540739874964,0.0,0.011270954073987496
low_income_household_share,state,4,,,0.001134490168600134,0.0,0.011134490168600134
low_income_household_share,state,5,,,0.0015398551031634582,0.0,0.011539855103163459
mean_income_adults,county,0,,,94.49973813772418,93.55474075634693,95.44473551910143
mean_income_adults,county,1,,,103.92449356153146,102.88524862591615,104.96373849714678
mean_income_adults,county,2,,,90.05140825269089,89.15089417016398,90.9519223352178
mean_income_adults,county,3,,,110.49866510008204,109.39367844908122,111.60365175108285
mean_income_adults,county,4,,,98.71864748308704,97.73146100825618,99.7058339579179
mean_income_adults,county,5,,,83.92644919535694,83.08718470340337,84.76571368731051
mean_income_adults,county,6,,,98.71864748308704,97.73146100825618,99.7058339579179
mean_income_adults,county,7,,,90.05140825269089,89.15089417016398,90.9519223352178
mean_income_adults,county,8,,,103.92449356153146,102.88524862591615,104.96373849714678
mean_income_adults,county,9,,,90.05140825269089,89.15089417016398,90.9519223352178
mean_income_adults,county,10,,,94.49973813772418,93.55474075634693,95.44473551910143
mean_income_adults,county,11,,,103.92449356153146,102.88524862591615,104.96373849714678
mean_income_adults,county,12,,,94.49973813772418,93.55474075634693,95.44473551910143
mean_income_adults,county,13,,,90.05140825269089,89.15089417016398,90.9519223352178
mean_income_adults,county,14,,,90.05140825269089,89.15089417016398,90.9519223352178
mean_income_adults,county,15,,,94.49973813772418,93.55474075634693,95.44473551910143
mean_income_adults,county,16,,,110.49866510008204,109.39367844908122,111.60365175108285
mean_income_adults,nation,0,,,98.06442431523125,97.08378007207894,99.04506855838356
mean_income_adults,state,0,,,94.4997381377242,93.55474075634694,95.44473551910144
mean_income_adults,state,1,,,103.92449356153146,102.88524862591615,104.96373849714678
mean_income_adults,state,2,,,90.0514082526909,89.150894170164,90.95192233521782
mean_income_adults,state,3,,,110.49866510008204,109.39367844908122,111.60365175108285
mean_income_adults,state,4,,,98.71864748308705,97.73146100825619,99.70583395791792
mean_income_adults,state,5,,,83.92644919535694,83.08718470340337,84.76571368731051
median_household_income,county,0,,,81.796746205337,80.97877874328363,82.61471366739038
median_household_income,county,1,,,117.2756496797929,116.10289318299498,118.44840617659084
median_household_income,county,2,,,78.06261119808228,77.28198508610146,78.8432373100631
median_household_income,county,3,,,99.97794628102605,98.97816681821578,100.97772574383632
median_household_income,county,4,,,111.76064155077367,110.64303513526593,112.8782479662814
median_household_income,county,5,,,57.58661145872047,57.01074534413326,58.162477573307676
median_household_income,county,6,,,111.76064155077367,110.64303513526593,112.8782479662814
median_household_income,county,7,,,78.06261119808228,77.28198508610146,78.8432373100631
median_household_income,county,8,,,117.2756496797929,116.10289318299498,118.44840617659084
median_household_income,county,9,,,78.06261119808228,77.28198508610146,78.8432373100631
median_household_income,county,10,,,81.796746205337,80.97877874328363,82.61471366739038
median_household_income,county,11,,,117.2756496797929,116.10289318299498,118.44840617659084
median_household_income,county,12,,,81.796746205337,80.97877874328363,82.61471366739038
median_household_income,county,13,,,78.06261119808228,77.28198508610146,78.8432373100631
median_household_income,county,14,,,78.06261119808228,77.28198508610146,78.8432373100631
median_household_income,county,15,,,81.796746205337,80.97877874328363,82.61471366739038
median_household_income,county,16,,,99.97794628102605,98.97816681821578,100.97772574383632
median_household_income,nation,0,,,28101.69,27820.6731,28382.706899999997
median_household_income,state,0,,,23985.47,23745.6153,24225.3247
median_household_income,state,1,,,34389.04,34045.149600000004,34732.9304
median_household_income,state,2,,,22890.5,22661.595,23119.405
median_household_income,state,3,,,29316.79,29023.6221,29609.9579
median_household_income,state,4,,,32771.86,32444.1414,33099.5786
median_household_income,state,5,,,16886.27,16717.4073,17055.132700000002
persons,county,0,,,5118.0,5066.82,5169.18
persons,county,1,,,5461.0,5406.39,5515.61
persons,county,2,,,2407.0,2382.93,2431.07
persons,county,3,,,1614.0,1597.86,1630.14
persons,county,4,,,2810.0,2781.9,2838.1
persons,county,5,,,1544.9999999999998,1529.5499999999997,1560.4499999999998
persons,county,6,,,3086.0000000000005,3055.1400000000003,3116.8600000000006
persons,county,7,,,1599.0,1583.01,1614.99
persons,county,8,,,1789.0,1771.11,1806.89
persons,county,9,,,2402.0,2377.98,2426.02
persons,county,10,,,1695.0,1678.05,1711.95
persons,county,11,,,4570.0,4524.3,4615.7
persons,county,12,,,2511.0,2485.89,2536.11
persons,county,13,,,1879.0,1860.21,1897.79
persons,county,14,,,1747.0000000000002,1729.5300000000002,1764.4700000000003
persons,county,15,,,3826.0,3787.74,3864.26
persons,county,16,,,4498.0,4453.02,4542.98
persons,nation,0,,,48557.0,48071.43,49042.57
persons,state,0,,,13150.0,13018.5,13281.5
persons,state,1,,,11820.0,11701.8,11938.2
persons,state,2,,,10034.0,9933.66,10134.34
persons,state,3,,,6112.0,6050.88,6173.12
persons,state,4,,,5896.0,5837.04,5954.96
persons,state,5,,,1544.9999999999998,1529.5499999999997,1560.4499999999998
tertiary_share_25_plus,county,0,,,0.5445420326223338,0.5345420326223338,0.5545420326223338
tertiary_share_25_plus,county,1,,,0.49074074074074076,0.48074074074074075,0.5007407407407407
tertiary_share_25_plus,county,2,,,0.4290364583333333,0.4190364583333333,0.4390364583333333
tertiary_share_25_plus,county,3,,,0.43682664054848186,0.42682664054848185,0.44682664054848187
tertiary_share_25_plus,county,4,,,0.4292527821939587,0.4192527821939587,0.4392527821939587
tertiary_share_25_plus,county,5,,,0.40500463392029656,0.39500463392029656,0.4150046339202966
tertiary_share_25_plus,county,6,,,0.4438202247191011,0.4338202247191011,0.4538202247191011
tertiary_share_25_plus,county,7,,,0.45054945054945056,0.44054945054945055,0.46054945054945057
tertiary_share_25_plus,county,8,,,0.4417744916820702,0.4317744916820702,0.45177449168207023
tertiary_share_25_plus,county,9,,,0.47651933701657456,0.46651933701657455,0.48651933701657457
tertiary_share_25_plus,county,10,,,0.42424242424242425,0.41424242424242425,0.43424242424242426
tertiary_share_25_plus,county,11,,,0.44581939799331105,0.43581939799331104,0.45581939799331106
tertiary_share_25_plus,county,12,,,0.449211356466877,0.439211356466877,0.459211356466877
tertiary_share_25_plus,county,13,,,0.4371816638370119,0.4271816638370119,0.4471816638370119
tertiary_share_25_plus,county,14,,,0.41998231653404067,0.40998231653404066,0.4299823165340407
tertiary_share_25_plus,county,15,,,0.4738575545491972,0.4638575545491972,0.4838575545491972
tertiary_share_25_plus,county,16,,,0.4677131644666429,0.4577131644666429,0.4777131644666429
tertiary_share_25_plus,nation,0,,,0.46168288982919203,0.451682889829192,0.47168288982919204
tertiary_share_25_plus,state,0,,,0.4902665970985225,0.4802665970985225,0.5002665970985225
tertiary_share_25_plus,state,1,,,0.46596145512976656,0.45596145512976655,0.47596145512976656
tertiary_share_25_plus,state,2,,,0.4437803694922694,0.4337803694922694,0.4537803694922694
tertiary_share_25_plus,state,3,,,0.4595569390733327,0.4495569390733327,0.46955693907333274
tertiary_share_25_plus,state,4,,,0.4368774646282514,0.4268774646282514,0.4468774646282514
tertiary_share_25_plus,state,5,,,0.4050046339202965,0.3950046339202965,0.4150046339202965
person_years_exposure,county,0,male,0-17,3209.826245854489,3153.408775942879,3262.537835383489
person_years_exposure,county,0,male,18-44,4712.031065301983,4639.57702401406,4773.557143416593
person_years_exposure,county,0,male,45-64,3775.1661387154754,3683.1720836398163,3845.081445368089
person_years_exposure,county,0,male,65-74,981.808312148342,922.8444933261533,1027.6288651504028
person_years_exposure,county,0,male,75-84,367.2892811039467,328.4308430179004,398.9890181413034
person_years_exposure,county,0,male,85+,62.91036762129517,50.591405738793654,74.43725191248083
person_years_exposure,county,0,male,18-64,8487.197204017459,8333.674707093167,8604.769714557482
person_years_exposure,county,0,male,65+,1412.007960873584,1315.3124771405937,1483.1338890021157
mortality_rate,county,0,male,0-17,0.006817596687519276,0.004006508826403872,0.010348886698048527
mortality_rate,county,0,male,18-44,0.009439143852429067,0.006139035139064559,0.01361507242827333
mortality_rate,county,0,male,45-64,0.02024577185091944,0.013768343915603136,0.02909502283756521
mortality_rate,county,0,male,65-74,0.0542306883799893,0.036027953868010075,0.07879249609624002
mortality_rate,county,0,male,75-84,0.08415155636038922,0.05247682324593569,0.1285914714098386
mortality_rate,county,0,male,85+,0.035622150376314006,0.0,0.08537902499508893
qualifying_event_rate,county,0,male,0-17,0.01004757706251307,0.006478024477271187,0.014354879421205717
qualifying_event_rate,county,0,male,18-44,0.012973667484688403,0.008946361830821595,0.01783096080317359
qualifying_event_rate,county,0,male,45-64,0.016560219028207326,0.011527111939669807,0.02264269112340603
qualifying_event_rate,county,0,male,65-74,0.02323866857352775,0.014204805783595014,0.03442633873262548
qualifying_event_rate,county,0,male,75-84,0.02371795195735078,0.010760067140486163,0.039544305829074415
qualifying_event_rate,county,0,male,85+,0.015476336522415013,0.0,0.04454560301222505
person_years_exposure,county,0,female,0-17,3044.2040947846717,2966.3791244004783,3116.6980829338827
person_years_exposure,county,0,female,18-44,4752.958414924426,4673.265751802484,4824.899247114709
person_years_exposure,county,0,female,45-64,3787.4949279641123,3680.1206634853334,3863.235572934162
person_years_exposure,county,0,female,65-74,896.8489828201984,838.9348005616479,941.4283629581253
person_years_exposure,county,0,female,75-84,270.26999140094017,239.15970541837478,295.2437265146344
person_years_exposure,county,0,female,85+,59.03918053629058,46.293612366944735,70.13461469279615
person_years_exposure,county,0,female,18-64,8540.453342888537,8367.062590512152,8672.871329032208
person_years_exposure,county,0,female,65+,1226.1581547574292,1136.51402084399,1291.3758459745534
mortality_rate,county,0,female,0-17,0.014523949712585686,0.009471267964050142,0.021507952077113226
mortality_rate,county,0,female,18-44,0.011016370645719725,0.007299589788362209,0.015905671460397147
mortality_rate,county,0,female,45-64,0.026189829832873084,0.018597054652582042,0.037229468190053336
mortality_rate,county,0,female,65-74,0.0471687245752622,0.030539218509591137,0.06971993616615127
mortality_rate,county,0,female,75-84,0.08212272892640618,0.04785825927669967,0.12977399657354816
mortality_rate,county,0,female,85+,0.049174062526668484,0.014055146769132812,0.10790782672745906
qualifying_event_rate,county,0,female,0-17,0.01041521977511915,0.006756598524001186,0.014993156089015634
qualifying_event_rate,county,0,female,18-44,0.01052397584085434,0.00717311498221887,0.014651510560547911
qualifying_event_rate,county,0,female,45-64,0.01812064101545651,0.012684015091794986,0.02443982104329559
qualifying_event_rate,county,0,female,65-74,0.02986857115231898,0.018919508460228978,0.043969233425637695
qualifying_event_rate,county,0,female,75-84,0.01680618653500355,0.003882109894350715,0.03145967358467458
qualifying_event_rate,county,0,female,85+,0.015293403138491495,0.0,0.047555740215321975
person_years_exposure,county,1,male,0-17,3198.6475227572987,3128.030370319,3261.081246659256
person_years_exposure,county,1,male,18-44,5158.700919262706,5038.066317441469,5264.848934012901
person_years_exposure,county,1,male,45-64,3989.512098691893,3899.748730534078,4058.484750751152
person_years_exposure,county,1,male,65-74,866.3023224704702,804.1406622957592,914.788019294674
person_years_exposure,county,1,male,75-84,289.60682859190234,257.18580786684305,315.7305004151196
person_years_exposure,county,1,male,85+,79.14187406826369,65.35297723071284,91.38313506167513
person_years_exposure,county,1,male,18-64,9148.213017954598,8953.780059819352,9307.919846628942
person_years_exposure,county,1,male,65+,1235.0510251306362,1137.294293617654,1306.8588477554697
mortality_rate,county,1,male,0-17,0.012007485842216767,0.00770104936487934,0.01762133067343506
mortality_rate,county,1,male,18-44,0.015881182261475068,0.010984405245361366,0.022342533988700793
mortality_rate,county,1,male,45-64,0.015823103999220434,0.0107114988673447,0.022477412657613622
mortality_rate,county,1,male,65-74,0.06517013555641,0.04362695275348179,0.09542236266376747
mortality_rate,county,1,male,75-84,0.0739930415990631,0.042929588346747226,0.1162844540128611
mortality_rate,county,1,male,85+,0.010040106318807016,0.0,0.03312308770874887
qualifying_event_rate,county,1,male,0-17,0.014665469588319291,0.009978658273474328,0.02039163958519494
qualifying_event_rate,county,1,male,18-44,0.01822552247217456,0.013248945026283878,0.024681640702906488
qualifying_event_rate,county,1,male,45-64,0.028642482695432216,0.02114400147924553,0.03795665562588702
qualifying_event_rate,county,1,male,65-74,0.038250583248613725,0.025726294084113976,0.0538895712920726
qualifying_event_rate,county,1,male,75-84,0.02523545873811744,0.010326946919879539,0.04297945291940674
qualifying_event_rate,county,1,male,85+,0.019088561952273944,0.0,0.04861624039087754
person_years_exposure,county,1,female,0-17,3358.109859946326,3287.4989593303294,3427.205217988423
person_years_exposure,county,1,female,18-44,5095.929894204207,5021.208467665332,5156.493393990162
person_years_exposure,county,1,female,45-64,3500.9239770925924,3421.8717041666546,3561.44295498172
person_years_exposure,county,1,female,65-74,897.7420423341589,849.9131030748069,934.0841633187883
person_years_exposure,county,1,female,75-84,323.9522315266097,295.6681710318475,348.9342429214146
person_years_exposure,county,1,female,85+,33.72571510861242,26.054200360270134,41.17611208008166
person_years_exposure,county,1,female,18-64,8596.8538712968,8454.137812448827,8704.441328283348
person_years_exposure,county,1,female,65+,1255.419988969381,1186.148252428545,1311.8411137128294
mortality_rate,county,1,female,0-17,0.010034592979497875,0.0064378720927319635,0.014734945802629101
mortality_rate,county,1,female,18-44,0.01212652052136408,0.008202903072728229,0.01733953887247515
mortality_rate,county,1,female,45-64,0.01921800135021057,0.013237166671705295,0.027223160397993097
mortality_rate,county,1,female,65-74,0.037767758581595645,0.023684942095835694,0.056001617802770104
mortality_rate,county,1,female,75-84,0.04870309548418486,0.02627346625722347,0.07750308491960688
mortality_rate,county,1,female,85+,0.024047426804411007,0.0,0.08181944168566455
qualifying_event_rate,county,1,female,0-17,0.017261878727569832,0.011909543424750509,0.02387687609599446
qualifying_event_rate,county,1,female,18-44,0.022867131081911695,0.016984118837919886,0.03046621441687289
qualifying_event_rate,county,1,female,45-64,0.029317595168187056,0.021654382190826445,0.03936731630765387
qualifying_event_rate,county,1,female,65-74,0.03742570942221047,0.02469318616913109,0.0527014423873865
qualifying_event_rate,county,1,female,75-84,0.031154249816901656,0.015001500210601638,0.04964290050055243
qualifying_event_rate,county,1,female,85+,0.018117394751461017,0.0,0.06420267975353808
person_years_exposure,county,2,male,0-17,1151.7738605434556,1107.288158034768,1189.8347737869483
person_years_exposure,county,2,male,18-44,1875.1949443744872,1813.2084324541624,1923.3253194456272
person_years_exposure,county,2,male,45-64,1647.3461256447658,1566.9479785784988,1704.441868118167
person_years_exposure,county,2,male,65-74,524.1107374376331,479.7544160696559,560.3475364348515
person_years_exposure,county,2,male,75-84,200.91484447407834,173.78101649497617,225.37357499923198
person_years_exposure,county,2,male,85+,41.33716231573968,30.327039836391105,52.185184494627705
person_years_exposure,county,2,male,18-64,3522.5410700192533,3387.8686084100927,3614.412968541949
person_years_exposure,county,2,male,65+,766.3627442274511,698.7622086587381,822.6086752377159
mortality_rate,county,2,male,0-17,0.023056741651715975,0.014391099532586903,0.03464213816186894
mortality_rate,county,2,male,18-44,0.027820805378265496,0.01872682883654749,0.04086600746381637
mortality_rate,county,2,male,45-64,0.0456237262164714,0.03183260636257955,0.06509897050014345
mortality_rate,county,2,male,65-74,0.05699335013766101,0.03512337231459386,0.08736019382379294
mortality_rate,county,2,male,75-84,0.07314709271971509,0.038162611075444684,0.1240527781190131
mortality_rate,county,2,male,85+,0.08831345777718122,0.021915534925236388,0.19243421873107622
qualifying_event_rate,county,2,male,0-17,0.01726659000740508,0.010401056518116531,0.025420144865975283
qualifying_event_rate,county,2,male,18-44,0.026615461948223368,0.018438335038124355,0.036588422706718506
qualifying_event_rate,county,2,male,45-64,0.04176669258976784,0.030201799805008592,0.05629509760984923
qualifying_event_rate,county,2,male,65-74,0.06084029966512866,0.040720184723455066,0.08485666543669201
qualifying_event_rate,county,2,male,75-84,0.041930892642697275,0.01940111615066032,0.06762103507579978
qualifying_event_rate,county,2,male,85+,0.025750827841862445,0.0,0.07210226703257137
person_years_exposure,county,2,female,0-17,1161.3938499122353,1115.9439202422357,1201.7910313263985
person_years_exposure,county,2,female,18-44,1751.5998700492817,1700.0214403854502,1791.9123476825307
person_years_exposure,county,2,female,45-64,1532.6117710403216,1443.322618991656,1595.0932695778658
person_years_exposure,county,2,female,65-74,562.0233665980497,497.1031851205075,611.1577634255724
person_years_exposure,county,2,female,75-84,210.86763143039352,179.71249850861733,238.58902540479554
person_years_exposure,county,2,female,85+,13.807011514799692,8.776154303843404,18.121943141963285
person_years_exposure,county,2,female,18-64,3284.2116410896033,3157.4484082759077,3370.9101818924773
person_years_exposure,county,2,female,65+,786.698009543243,694.6827145266919,855.2098549572494
mortality_rate,county,2,female,0-17,0.021416547777379412,0.012688722984197221,0.032906696507369215
mortality_rate,county,2,female,18-44,0.021121081647343085,0.01353312029295128,0.03125947972997737
mortality_rate,county,2,female,45-64,0.05377360663493936,0.037062740345046585,0.07820505998739379
mortality_rate,county,2,female,65-74,0.09515742735463477,0.06313719283064596,0.14368234179856917
mortality_rate,county,2,female,75-84,0.06551151332092298,0.03497596655577687,0.11129168980773356
mortality_rate,county,2,female,85+,0.025677428166704923,0.0,0.12024210503375493
qualifying_event_rate,county,2,female,0-17,0.03289125995814141,0.022397484771294093,0.04526373630836944
qualifying_event_rate,county,2,female,18-44,0.031310462452558904,0.02177330204327495,0.04277547889748808
qualifying_event_rate,county,2,female,45-64,0.04078607006952303,0.029086610716243674,0.0554674645492122
qualifying_event_rate,county,2,female,65-74,0.06962945906758795,0.048258634088429,0.09777218260900335
qualifying_event_rate,county,2,female,75-84,0.061469078446631714,0.035047047563718944,0.09423123017613529
qualifying_event_rate,county,2,female,85+,0.02147932889509871,0.0,0.09246749817126075
person_years_exposure,county,3,male,0-17,901.4863417221802,874.0715247814477,930.5073421096976
person_years_exposure,county,3,male,18-44,1199.9517212693488,1164.0098006473822,1234.8007712067727
person_years_exposure,county,3,male,45-64,1221.657800051316,1183.457395145377,1255.5231746163038
person_years_exposure,county,3,male,65-74,293.2583591731741,262.6455095690607,319.14801740286225
person_years_exposure,county,3,male,75-84,97.78219790584183,79.21323543893686,114.69231326226458
person_years_exposure,county,3,male,85+,24.8282638766832,16.264825360084764,33.12328493764259
person_years_exposure,county,3,male,18-64,2421.6095213206645,2355.1219404778403,2480.635960601603
person_years_exposure,county,3,male,65+,415.8688209556991,369.392226681218,457.541485936668
mortality_rate,county,3,male,0-17,0.009961846712889631,0.0043416293722456185,0.01690252285063161
mortality_rate,county,3,male,18-44,0.017575134312913715,0.0098515080066095,0.02772589448165572
mortality_rate,county,3,male,45-64,0.021979210723020896,0.013519653167175854,0.03325046860755789
mortality_rate,county,3,male,65-74,0.0718335401219815,0.040661123964462205,0.11495882002803548
mortality_rate,county,3,male,75-84,0.11113222616090078,0.05322519169503464,0.19589996611711585
mortality_rate,county,3,male,85+,0.017274594054793282,0.0,0.0806235905202396
qualifying_event_rate,county,3,male,0-17,0.018552260418110898,0.010186520800376244,0.02807087267039246
qualifying_event_rate,county,3,male,18-44,0.03777750699722905,0.026196832656659817,0.05206482866781421
qualifying_event_rate,county,3,male,45-64,0.03898487688646098,0.02720008458821879,0.05328243248510274
qualifying_event_rate,county,3,male,65-74,0.038009967904820016,0.019457226810185867,0.05955605834048593
qualifying_event_rate,county,3,male,75-84,0.05163766358548479,0.018803234010629475,0.09235442020152795
qualifying_event_rate,county,3,male,85+,0.029082374506038573,0.0,0.09378202242522972
person_years_exposure,county,3,female,0-17,870.5818039479959,840.9511343797645,901.3672080022665
person_years_exposure,county,3,female,18-44,1319.8918023192948,1264.215819546058,1366.4895129354331
person_years_exposure,county,3,female,45-64,1201.8818534957782,1161.012994583767,1236.0169871185524
person_years_exposure,county,3,female,65-74,279.7004548246715,257.0976503617004,299.408747780145
person_years_exposure,county,3,female,75-84,142.95276406788693,122.43549639318691,162.78606396895725
person_years_exposure,county,3,female,85+,31.017168467882513,20.29475237823397,42.03962586470614
person_years_exposure,county,3,female,18-64,2521.7736558150727,2434.3957165097536,2592.079828124485
person_years_exposure,county,3,female,65+,453.670387360441,413.1948537824354,492.3057541323825
mortality_rate,county,3,female,0-17,0.015179220484882397,0.00788163451127525,0.024706820964415316
mortality_rate,county,3,female,18-44,0.033282239855600124,0.0217054136047738,0.04912342590973823
mortality_rate,county,3,female,45-64,0.02348408527231433,0.013920562470133058,0.035126400607061875
mortality_rate,county,3,female,65-74,0.05411154741209317,0.029272751349810094,0.08892580596163235
mortality_rate,county,3,female,75-84,0.08456414845045349,0.04331620684239686,0.14293640981533068
mortality_rate,county,3,female,85+,0.030149345472494843,0.0,0.09939691875901659
qualifying_event_rate,county,3,female,0-17,0.0208356135698279,0.012281022543909777,0.03116349957210565
qualifying_event_rate,county,3,female,18-44,0.032035967997243696,0.02204370862413796,0.04429092183334923
qualifying_event_rate,county,3,female,45-64,0.04746113518554401,0.03398348772562172,0.06418258844438526
qualifying_event_rate,county,3,female,65-74,0.05188050979230329,0.02902472831693311,0.07757564402601448
qualifying_event_rate,county,3,female,75-84,0.0384927626353349,0.014055514538642257,0.0671672102819154
qualifying_event_rate,county,3,female,85+,0.028091441698022242,0.0,0.08437221024079876
person_years_exposure,county,4,male,0-17,1391.3507531972355,1340.9526680311508,1437.3264246624883
person_years_exposure,county,4,male,18-44,2039.239477119682,1955.632529787633,2114.9870514211225
person_years_exposure,county,4,male,45-64,2076.630283648028,1973.7268970228079,2147.35167479386
person_years_exposure,county,4,male,65-74,635.783660619091,574.1716509546085,686.4044036338522
person_years_exposure,county,4,male,75-84,298.3088848526777,264.0011970148715,333.2467432297616
person_years_exposure,county,4,male,85+,43.806232577696115,31.93711561150799,59.340712291555306
person_years_exposure,county,4,male,18-64,4115.86976076771,3940.4084007905435,4247.99708397841
person_years_exposure,county,4,male,65+,977.8987780494649,883.8542734474538,1063.309356102616
mortality_rate,county,4,male,0-17,0.020413503701157472,0.012575724695788972,0.03138053375345884
mortality_rate,county,4,male,18-44,0.02979817999886322,0.019782997189729652,0.04296624751891326
mortality_rate,county,4,male,45-64,0.04414735501879959,0.03122271727445754,0.06316335061052084
mortality_rate,county,4,male,65-74,0.07068009310759642,0.04677245949889333,0.10633154857695264
mortality_rate,county,4,male,75-84,0.043160416421954464,0.02187082123042879,0.07275412784709445
mortality_rate,county,4,male,85+,0.01439333865634005,0.0,0.05163668011120274
qualifying_event_rate,county,4,male,0-17,0.012269930716262699,0.007007420121608068,0.01848982960310469
qualifying_event_rate,county,4,male,18-44,0.02604991996663722,0.018327177941342313,0.0359481552590816
qualifying_event_rate,county,4,male,45-64,0.02435751003298147,0.016579403272406524,0.03396060177064987
qualifying_event_rate,county,4,male,65-74,0.04980243466451742,0.03296267691397157,0.07036470978915908
qualifying_event_rate,county,4,male,75-84,0.030944717348812722,0.014995072061630536,0.04971688313932029
qualifying_event_rate,county,4,male,85+,0.019416859401798704,0.0,0.057654768954420496
person_years_exposure,county,4,female,0-17,1283.5033342483373,1234.1343211598426,1328.797987118755
person_years_exposure,county,4,female,18-44,1988.6272552979465,1921.9529462424841,2052.9742066481185
person_years_exposure,county,4,female,45-64,2170.209656320159,2077.5136889391592,2240.7964266984795
person_years_exposure,county,4,female,65-74,599.6954644374044,536.7094896058654,644.5536652729174
person_years_exposure,county,4,female,75-84,179.98631431966297,151.64187176312583,204.48398339727143
person_years_exposure,county,4,female,85+,17.121519117401274,12.289592763499678,21.607285740582356
person_years_exposure,county,4,female,18-64,4158.836911618106,4010.874882336425,4277.1727862162425
person_years_exposure,county,4,female,65+,796.8032978744686,709.4082565068661,858.5220003417177
mortality_rate,county,4,female,0-17,0.025173334366655038,0.01597733447165821,0.0377722232643381
mortality_rate,county,4,female,18-44,0.014399998990489332,0.008971173871805018,0.02159417755656476
mortality_rate,county,4,female,45-64,0.040343659408099884,0.028013152245872575,0.05836974460010597
mortality_rate,county,4,female,65-74,0.08881214642747509,0.05827117809357382,0.13352788311894734
mortality_rate,county,4,female,75-84,0.08237352157039043,0.04258800300153511,0.13768811385126956
mortality_rate,county,4,female,85+,0.016633406029619987,0.0,0.08074486627791719
qualifying_event_rate,county,4,female,0-17,0.016728202063903453,0.010007212692780777,0.024648334326588823
qualifying_event_rate,county,4,female,18-44,0.012202444282407425,0.0075050609081650085,0.017819082522636604
qualifying_event_rate,county,4,female,45-64,0.026023326388894475,0.01823889239365152,0.035671124500264134
qualifying_event_rate,county,4,female,65-74,0.04744165584395337,0.030183255992888906,0.06821388376305407
qualifying_event_rate,county,4,female,75-84,0.03494155103212968,0.014851328077831929,0.06115676114705427
qualifying_event_rate,county,4,female,85+,0.017951072863843783,0.0,0.06881646564311189
person_years_exposure,county,5,male,0-17,566.4611690796089,500.0154715177961,629.7815900466558
person_years_exposure,county,5,male,18-44,842.8050562503795,774.1441625016046,897.4151958096654
person_years_exposure,county,5,male,45-64,1409.228559512335,1299.636075583393,1512.6951647187589
person_years_exposure,county,5,male,65-74,430.8066004939944,385.4514211469445,481.52137678765644
person_years_exposure,county,5,male,75-84,156.44101139797684,131.7485986545477,187.38066104454975
person_years_exposure,county,5,male,85+,60.69408621385286,9.48788774719435,183.03349556479125
person_years_exposure,county,5,male,18-64,2252.0336157627144,2081.0730755288964,2396.930356600755
person_years_exposure,county,5,male,65+,647.9416981058241,536.7565637320732,831.4596126647999
mortality_rate,county,5,male,0-17,0.04041937306242118,0.023082859242698577,0.0619411073190143
mortality_rate,county,5,male,18-44,0.06195564897784979,0.03989198372743557,0.09314091514831586
mortality_rate,county,5,male,45-64,0.04909843580852036,0.03270791071759828,0.07192257090001306
mortality_rate,county,5,male,65-74,0.02830234556850648,0.013599618019731832,0.047635531180748314
mortality_rate,county,5,male,75-84,0.020904212646142988,0.005114825395329206,0.04452658611467603
mortality_rate,county,5,male,85+,0.012874972742247004,0.0,0.06287689737935757
qualifying_event_rate,county,5,male,0-17,0.03106528468518154,0.01825207391712244,0.04672420187417322
qualifying_event_rate,county,5,male,18-44,0.03231772123225481,0.02054646955065733,0.04661382382879791
qualifying_event_rate,county,5,male,45-64,0.040820578171788545,0.028641617350808314,0.05590402200970885
qualifying_event_rate,county,5,male,65-74,0.03962003702323587,0.023110673523400408,0.05933056853394096
qualifying_event_rate,county,5,male,75-84,0.029322245123882977,0.006989819776894702,0.05424866952162596
qualifying_event_rate,county,5,male,85+,0.0181838817944359,0.0,0.07206445477820736
person_years_exposure,county,5,female,0-17,645.2935657967852,608.8905612043648,678.3842447077805
person_years_exposure,county,5,female,18-44,892.8056234754756,850.9330436227744,928.1622298024943
person_years_exposure,county,5,female,45-64,1295.4246192551132,1175.998368840387,1405.0281432969532
person_years_exposure,county,5,female,65-74,350.6796054715595,311.016516805016,389.32604564180986
person_years_exposure,county,5,female,75-84,130.45035715686458,108.17232071186095,152.57551962128088
person_years_exposure,county,5,female,85+,17.44467306548071,10.324865384706055,26.90646289382237
person_years_exposure,county,5,female,18-64,2188.2302427305885,2038.4265137837451,2322.6127264883385
person_years_exposure,county,5,female,65+,498.5746356939048,438.42906799238636,558.9722763142734
mortality_rate,county,5,female,0-17,0.018968170821776514,0.009266690057535278,0.03118011312373135
mortality_rate,county,5,female,18-44,0.02129722674212682,0.011650411637768959,0.03301319293919015
mortality_rate,county,5,female,45-64,0.070670711879972,0.04841608745693091,0.10407270995788417
mortality_rate,county,5,female,65-74,0.04390817034207881,0.023305613279263997,0.07421884650937824
mortality_rate,county,5,female,75-84,0.07064430797847432,0.03233991223289054,0.12735152864108737
mortality_rate,county,5,female,85+,0.048875843487593516,0.0,0.1800924612277484
qualifying_event_rate,county,5,female,0-17,0.04813609104725452,0.03168911319986822,0.06631162998749901
qualifying_event_rate,county,5,female,18-44,0.027798001700228767,0.01769770694184973,0.03940600074957691
qualifying_event_rate,county,5,female,45-64,0.0438098165007953,0.030417241328272334,0.06012824260729788
qualifying_event_rate,county,5,female,65-74,0.03747930775443011,0.020136727980735278,0.05840300780497158
qualifying_event_rate,county,5,female,75-84,0.03081126141429485,0.0077737990836029775,0.059296065460372936
qualifying_event_rate,county,5,female,85+,0.02479822591119867,0.0,0.0943059632679312
person_years_exposure,county,6,male,0-17,1679.8823410017387,1626.5505753990988,1729.654068197174
person_years_exposure,county,6,male,18-44,2339.9392799532193,2247.8382638232956,2424.5967429142856
person_years_exposure,county,6,male,45-64,2227.347082706338,2130.0306089167298,2298.735570857597
person_years_exposure,county,6,male,65-74,598.340200922695,541.8956706913093,647.1917396159475
person_years_exposure,county,6,male,75-84,209.65355870635727,185.04177747803146,233.39466581989328
person_years_exposure,county,6,male,85+,55.34355567494131,40.453938996774426,75.23183190308117
person_years_exposure,county,6,male,18-64,4567.286362659557,4384.625603285475,4709.416128000006
person_years_exposure,county,6,male,65+,863.3373153039935,777.4609607165294,941.395061264993
mortality_rate,county,6,male,0-17,0.018735326732753257,0.011717417496910154,0.02820298353481687
mortality_rate,county,6,male,18-44,0.026739501124548298,0.017967862869878688,0.03884636585011297
mortality_rate,county,6,male,45-64,0.04098884607055508,0.0284536614115111,0.057884799335829525
mortality_rate,county,6,male,65-74,0.06200580849960953,0.03922128087697795,0.09419014691696818
mortality_rate,county,6,male,75-84,0.040531745611494835,0.017869796357933034,0.07273175689730262
mortality_rate,county,6,male,85+,0.013183359274828034,0.0,0.044835028877199784
qualifying_event_rate,county,6,male,0-17,0.015158997395058422,0.009448761278704396,0.02226947922797144
qualifying_event_rate,county,6,male,18-44,0.03187117100045346,0.022910019904193613,0.04358738483438923
qualifying_event_rate,county,6,male,45-64,0.029692607273017268,0.020975059886114762,0.04078122404573047
qualifying_event_rate,county,6,male,65-74,0.05965260703659435,0.040246281684365934,0.08387951469843817
qualifying_event_rate,county,6,male,75-84,0.037767013616840484,0.018046965994701333,0.06249037598804302
qualifying_event_rate,county,6,male,85+,0.02406892199604656,0.0,0.06339363651746478
person_years_exposure,county,6,female,0-17,1667.7819853977196,1609.4106342537314,1721.6386111573347
person_years_exposure,county,6,female,18-44,2395.972936601913,2315.6824502747804,2473.5518007643263
person_years_exposure,county,6,female,45-64,2080.4317375272617,1999.531952348291,2143.5477052401225
person_years_exposure,county,6,female,65-74,605.8002622174579,548.6200045350868,648.1460686378075
person_years_exposure,county,6,female,75-84,249.17752318380346,212.63288975080363,279.5206964720721
person_years_exposure,county,6,female,85+,37.255871783030784,28.515685673024382,45.15940045806088
person_years_exposure,county,6,female,18-64,4476.404674129175,4334.878278499592,4602.369232060745
person_years_exposure,county,6,female,65+,892.2336571842922,802.8602367611813,955.8326196121882
mortality_rate,county,6,female,0-17,0.02327134108493475,0.014894930619949023,0.03479582028340633
mortality_rate,county,6,female,18-44,0.013441114779447604,0.008279787520592462,0.020012632304287334
mortality_rate,county,6,female,45-64,0.035590897917062624,0.024508777515722873,0.05166144774978474
mortality_rate,county,6,female,65-74,0.08051460994663526,0.05199737583445946,0.12049830041265921
mortality_rate,county,6,female,75-84,0.07977408637201189,0.04538989218030136,0.12643303624766347
mortality_rate,county,6,female,85+,0.012639644702094053,0.0,0.05224121733016295
qualifying_event_rate,county,6,female,0-17,0.02058719978877339,0.01372444917513721,0.028608504961399918
qualifying_event_rate,county,6,female,18-44,0.01505190826357901,0.009724991186778276,0.02139897019454704
qualifying_event_rate,county,6,female,45-64,0.03145779772569558,0.022608287561601676,0.04261683715251396
qualifying_event_rate,county,6,female,65-74,0.05694802737518108,0.037294108037430294,0.0806263554553982
qualifying_event_rate,county,6,female,75-84,0.04335401672448185,0.02163629301924785,0.06966369328602832
qualifying_event_rate,county,6,female,85+,0.020928016778120603,0.0,0.06439342916446823
person_years_exposure,county,7,male,0-17,882.9755520895527,854.6327108577694,910.6240307105404
person_years_exposure,county,7,male,18-44,1250.6767938219482,1218.5651990539698,1277.8883311087616
person_years_exposure,county,7,male,45-64,1063.3881294435498,1025.0499757663729,1093.8249962060063
person_years_exposure,county,7,male,65-74,385.59448249366034,360.6039391542772,409.5211106492686
person_years_exposure,county,7,male,75-84,106.25833133012718,92.73883705461964,119.66392947708479
person_years_exposure,county,7,male,85+,8.08728504870076,4.389038963635482,11.230313466150315
person_years_exposure,county,7,male,18-64,2314.064923265498,2257.6838465415603,2363.216427068706
person_years_exposure,county,7,male,65+,499.9400988724883,465.50585828042244,531.6840982353756
mortality_rate,county,7,male,0-17,0.012620348909642858,0.005625877762965202,0.02103494077345336
mortality_rate,county,7,male,18-44,0.015323196480608071,0.008656393871981869,0.02371439572495298
mortality_rate,county,7,male,45-64,0.02600445807658224,0.015657343732191985,0.039086306865247424
mortality_rate,county,7,male,65-74,0.029222198902898133,0.01418576566558407,0.048260407337279695
mortality_rate,county,7,male,75-84,0.03836219607678323,0.008880439620682355,0.07924170710051427
mortality_rate,county,7,male,85+,0.04470083944405736,0.0,0.239471876036124
qualifying_event_rate,county,7,male,0-17,0.012728290726344082,0.006558599976446318,0.02062187475509599
qualifying_event_rate,county,7,male,18-44,0.019848087525011156,0.012189909610188038,0.02865421776377283
qualifying_event_rate,county,7,male,45-64,0.03136027533869541,0.020758466023766343,0.044620227379565926
qualifying_event_rate,county,7,male,65-74,0.04446342880903502,0.02603485272059603,0.06596687159317462
qualifying_event_rate,county,7,male,75-84,0.031114912001049547,0.008788779762032425,0.06087700498804916
qualifying_event_rate,county,7,male,85+,0.01707162430368077,0.0,0.11721273719164248
person_years_exposure,county,7,female,0-17,904.906892906604,874.2906081541736,935.0868064409564
person_years_exposure,county,7,female,18-44,1230.35735722338,1203.3424987573126,1253.0523540665095
person_years_exposure,county,7,female,45-64,1124.742407894724,1084.891474882419,1159.2620542774532
person_years_exposure,county,7,female,65-74,339.8508320486094,311.564936100429,365.8705694361659
person_years_exposure,county,7,female,75-84,111.34115156659976,96.53857682086107,125.9836709651637
person_years_exposure,county,7,female,85+,13.8971255361155,9.41890622423651,18.02629098970478
person_years_exposure,county,7,female,18-64,2355.099765118104,2297.157699570099,2405.940043489214
person_years_exposure,county,7,female,65+,465.08910915132464,428.4428153382872,500.55259466732196
mortality_rate,county,7,female,0-17,0.011899100569798985,0.0054695774298764285,0.01940679754739189
mortality_rate,county,7,female,18-44,0.011986402574152672,0.006324753673888107,0.019183191217673427
mortality_rate,county,7,female,45-64,0.029605721761969607,0.018634374473349428,0.043651009538956335
mortality_rate,county,7,female,65-74,0.049792954799366504,0.027165840615215056,0.0801139550970823
mortality_rate,county,7,female,75-84,0.04001533417193918,0.009354825265623886,0.07896695018519342
mortality_rate,county,7,female,85+,0.01770352803715406,0.0,0.09776397717270947
qualifying_event_rate,county,7,female,0-17,0.024478088075837165,0.014650179615589455,0.03618600018496
qualifying_event_rate,county,7,female,18-44,0.023564610127290653,0.015324945962269576,0.03375909734357228
qualifying_event_rate,county,7,female,45-64,0.030159801144698274,0.019997629906078465,0.04235803102841731
qualifying_event_rate,county,7,female,65-74,0.05136019572846122,0.030644898994224047,0.07576093027913836
qualifying_event_rate,county,7,female,75-84,0.047061075647033324,0.017272680621485712,0.08260360952546528
qualifying_event_rate,county,7,female,85+,0.019050774105471676,0.0,0.08934455436902117
person_years_exposure,county,8,male,0-17,897.7356863762175,867.9709211564731,926.1859871484338
person_years_exposure,county,8,male,18-44,1651.1975806614546,1600.346077560644,1694.5357182559437
person_years_exposure,county,8,male,45-64,1272.2982125935623,1232.5175149001923,1304.1299769887123
person_years_exposure,county,8,male,65-74,307.7281855753086,276.3175091104312,334.88996796613407
person_years_exposure,county,8,male,75-84,128.14021240510112,107.56132123787191,145.79442920427167
person_years_exposure,county,8,male,85+,24.47266691094988,18.773548236331607,29.441496657095694
person_years_exposure,county,8,male,18-64,2923.495793255017,2842.2463674685087,2987.8324102442457
person_years_exposure,county,8,male,65+,460.3410648913596,411.3857711408101,498.84834743650725
mortality_rate,county,8,male,0-17,0.015537136820084767,0.00772637868717247,0.02456660450476675
mortality_rate,county,8,male,18-44,0.020656661727631278,0.013033721605959201,0.03046568203772926
mortality_rate,county,8,male,45-64,0.021215683174014528,0.013036341195383534,0.03211940366141868
mortality_rate,county,8,male,65-74,0.08527307665814621,0.05196285790512116,0.13110801445323234
mortality_rate,county,8,male,75-84,0.0963719723627917,0.04896369707591117,0.1651129437764825
mortality_rate,county,8,male,85+,0.021532586623009286,0.0,0.09383475284807806
qualifying_event_rate,county,8,male,0-17,0.01847530152995307,0.011020002713005886,0.027759114661879587
qualifying_event_rate,county,8,male,18-44,0.022949502238632985,0.015463150487258454,0.03213624783513115
qualifying_event_rate,county,8,male,45-64,0.03626442267980237,0.02495492287788386,0.049332982130452015
qualifying_event_rate,county,8,male,65-74,0.04754053445957117,0.026152036187430425,0.07216927040743634
qualifying_event_rate,county,8,male,75-84,0.03236266440900332,0.007828055089838503,0.06235534037396514
qualifying_event_rate,county,8,male,85+,0.02569304855255772,0.0,0.08370442335103952
person_years_exposure,county,8,female,0-17,1049.4154507617782,1017.7978549348543,1080.8522761287077
person_years_exposure,county,8,female,18-44,1433.1202893747125,1403.3197442976389,1458.9498778541647
person_years_exposure,county,8,female,45-64,1334.9801705524753,1287.5684490352244,1369.8214524636714
person_years_exposure,county,8,female,65-74,337.8484475664668,310.5740943231196,359.283136570208
person_years_exposure,county,8,female,75-84,136.61763337349115,118.71230238210102,151.84324113327915
person_years_exposure,county,8,female,85+,27.845979976996126,20.70242778433045,34.403025565749445
person_years_exposure,county,8,female,18-64,2768.100459927188,2698.1287082204312,2819.7101380525705
person_years_exposure,county,8,female,65+,502.31206091695407,463.02537400560567,534.1416926371237
mortality_rate,county,8,female,0-17,0.013052746551717627,0.006629012380321544,0.02109688778816119
mortality_rate,county,8,female,18-44,0.015912612269239422,0.009555081407805767,0.024111807450520804
mortality_rate,county,8,female,45-64,0.027569463810663608,0.01765863250611807,0.040916813489181775
mortality_rate,county,8,female,65-74,0.04753135921828769,0.025345996437818985,0.07732880894059255
mortality_rate,county,8,female,75-84,0.06195558101066482,0.02686217917769003,0.107550268566844
mortality_rate,county,8,female,85+,0.038281348493454596,0.0,0.11891955562890061
qualifying_event_rate,county,8,female,0-17,0.021809454498104407,0.013257017595633084,0.031981430285426375
qualifying_event_rate,county,8,female,18-44,0.0286784087000347,0.019967566786255535,0.039450760366793736
qualifying_event_rate,county,8,female,45-64,0.0372737863247865,0.02587884790143514,0.050757657725963405
qualifying_event_rate,county,8,female,65-74,0.04701136982682828,0.02717600410222095,0.0708509643488782
qualifying_event_rate,county,8,female,75-84,0.0384872386861638,0.014170986227804824,0.06847625904971877
qualifying_event_rate,county,8,female,85+,0.024992991432596545,0.0,0.0797232264958531
person_years_exposure,county,9,male,0-17,1304.6880843872873,1265.9765944194855,1340.4060959951933
person_years_exposure,county,9,male,18-44,2095.222109520657,2043.7979743690466,2137.19947220786
person_years_exposure,county,9,male,45-64,1615.6663052690676,1554.600800536224,1662.4034650861163
person_years_exposure,county,9,male,65-74,428.5207793790481,397.4967399612487,456.125620617365
person_years_exposure,county,9,male,75-84,173.52505261601422,155.1010973637404,192.52618927354118
person_years_exposure,county,9,male,85+,31.71145033819758,22.698361003361313,40.17706670530346
person_years_exposure,county,9,male,18-64,3710.8884147897243,3609.910204517645,3786.7995824849027
person_years_exposure,county,9,male,65+,633.7572823332599,587.9195501073716,676.1478712435751
mortality_rate,county,9,male,0-17,0.015220427314299992,0.008693564120641931,0.02364952786472696
mortality_rate,county,9,male,18-44,0.018481705462756175,0.011848111553274459,0.027593339656189333
mortality_rate,county,9,male,45-64,0.03038667477460572,0.020172205764156435,0.04427577484927786
mortality_rate,county,9,male,65-74,0.03467216608231049,0.018079378552314944,0.05535447526737044
mortality_rate,county,9,male,75-84,0.05042745531730066,0.021358155427567308,0.08606442323472428
mortality_rate,county,9,male,85+,0.060445388108618624,0.0,0.15544757630814496
qualifying_event_rate,county,9,male,0-17,0.01461226890406769,0.008476655330335762,0.021988580800470444
qualifying_event_rate,county,9,male,18-44,0.022522046819030715,0.015420814377508365,0.03136901215541969
qualifying_event_rate,county,9,male,45-64,0.035383826997450046,0.025204476151708195,0.04796950281787627
qualifying_event_rate,county,9,male,65-74,0.04982522430992247,0.030564194015394484,0.07276864204639463
qualifying_event_rate,county,9,male,75-84,0.03567451483049341,0.012202872195735464,0.0613366289507515
qualifying_event_rate,county,9,male,85+,0.021388523512271326,0.0,0.06859878615696077
person_years_exposure,county,9,female,0-17,1383.1080552668298,1337.5590302279377,1424.625907505787
person_years_exposure,county,9,female,18-44,1890.188328336885,1850.4214301270804,1924.6801372295008
person_years_exposure,county,9,female,45-64,1535.8448653692553,1476.5195851505605,1583.6544624905616
person_years_exposure,county,9,female,65-74,424.8257656767041,385.46591194803614,456.78447221305873
person_years_exposure,county,9,female,75-84,158.8633747251207,139.4437652781727,178.47904696512848
person_years_exposure,county,9,female,85+,12.154248312723265,7.887941138824992,15.75883398204635
person_years_exposure,county,9,female,18-64,3426.03319370614,3336.5963859702724,3499.536244699345
person_years_exposure,county,9,female,65+,595.843388714548,543.1928418716504,639.4114473989289
mortality_rate,county,9,female,0-17,0.01406408441005521,0.00789641517021144,0.021949758435518434
mortality_rate,county,9,female,18-44,0.013938911574981533,0.008308980878876751,0.021081200104118295
mortality_rate,county,9,female,45-64,0.03283387242556944,0.02175626715907113,0.04759896215619775
mortality_rate,county,9,female,65-74,0.0632810534983346,0.03823095657083809,0.09769571928959937
mortality_rate,county,9,female,75-84,0.045964162784959656,0.017988643377569946,0.08406680047158603
mortality_rate,county,9,female,85+,0.019258049007681983,0.0,0.10360865985300384
qualifying_event_rate,county,9,female,0-17,0.027848567563702877,0.018741051520405297,0.03840280564231001
qualifying_event_rate,county,9,female,18-44,0.026536345957856484,0.018439723302482426,0.03617854984919962
qualifying_event_rate,county,9,female,45-64,0.03372024327961576,0.023728382161615377,0.04685290039167829
qualifying_event_rate,county,9,female,65-74,0.05911365201074542,0.038727669813136745,0.0842253072036449
qualifying_event_rate,county,9,female,75-84,0.05361106368759814,0.024947913075075857,0.08677805833712914
qualifying_event_rate,county,9,female,85+,0.019060335639357162,0.0,0.0882996917351182
person_years_exposure,county,10,male,0-17,909.9610169995536,886.5101731540951,933.7657123017184
person_years_exposure,county,10,male,18-44,1546.7478473482067,1516.3749448015556,1573.711540338575
person_years_exposure,county,10,male,45-64,1358.0429011613724,1318.4294452905772,1391.6377157029642
person_years_exposure,county,10,male,65-74,343.12809549532625,316.30175746513527,364.90555818893966
person_years_exposure,county,10,male,75-84,108.99094526522967,92.4218161690985,124.0893008638745
person_years_exposure,county,10,male,85+,9.565192615806762,4.967678886574984,13.724399977087845
person_years_exposure,county,10,male,18-64,2904.7907485095793,2842.4658040104114,2957.270451071776
person_years_exposure,county,10,male,65+,461.68423337636267,423.51945478059264,492.6628030734694
mortality_rate,county,10,male,0-17,0.007477462321612111,0.0031883473884085248,0.013349138172556872
mortality_rate,county,10,male,18-44,0.010462034218436542,0.005722190165508621,0.016160641332673514
mortality_rate,county,10,male,45-64,0.0223099369957973,0.013812512977593476,0.03336450311253923
mortality_rate,county,10,male,65-74,0.060451560885348934,0.03523467503188237,0.09348404647731492
mortality_rate,county,10,male,75-84,0.08515639954875232,0.03872246022126317,0.1503434992249847
mortality_rate,county,10,male,85+,0.03671639288240928,0.0,0.2191101786614871
qualifying_event_rate,county,10,male,0-17,0.018154645333843027,0.010676442516043542,0.027671438347093475
qualifying_event_rate,county,10,male,18-44,0.02345299599140993,0.015503067300791014,0.032663526045936433
qualifying_event_rate,county,10,male,45-64,0.030049921100688978,0.0207235768235402,0.0419704602107797
qualifying_event_rate,county,10,male,65-74,0.04197655810864166,0.023383098533458015,0.06405793360119695
qualifying_event_rate,county,10,male,75-84,0.04024777970310158,0.010459206176546663,0.07306919040800616
qualifying_event_rate,county,10,male,85+,0.025730411524719908,0.0,0.12837470781926688
person_years_exposure,county,10,female,0-17,939.0360424482785,907.4516650997654,969.4885858638654
person_years_exposure,county,10,female,18-44,1345.075346198349,1314.8155505747131,1372.1087671272437
person_years_exposure,county,10,female,45-64,1298.0172897779594,1251.2895143289848,1335.3997508098876
person_years_exposure,county,10,female,65-74,439.5122021295667,404.2996897748914,468.8472744951708
person_years_exposure,county,10,female,75-84,162.0220037557794,140.20294253033035,181.16108821617487
person_years_exposure,county,10,female,85+,21.76672424048623,14.86949911220384,28.077839512378603
person_years_exposure,county,10,female,18-64,2643.0926359763084,2576.4065927782913,2696.030218644165
person_years_exposure,county,10,female,65+,623.3009301258323,570.014200670868,664.4363474788862
mortality_rate,county,10,female,0-17,0.015904150253447366,0.008423695355109624,0.02539556455301984
mortality_rate,county,10,female,18-44,0.012041171494350276,0.0065723608791770855,0.018789169821610305
mortality_rate,county,10,female,45-64,0.030675164995730628,0.019721234386829056,0.04486471836490115
mortality_rate,county,10,female,65-74,0.05300910665169077,0.030220145711396036,0.08285401317256032
mortality_rate,county,10,female,75-84,0.08752514406303818,0.04614626677204411,0.14456388186494037
mortality_rate,county,10,female,85+,0.04988910722342757,0.0,0.15904509120671673
qualifying_event_rate,county,10,female,0-17,0.019245030570533592,0.01092608184099097,0.02884238482401217
qualifying_event_rate,county,10,female,18-44,0.019161661103996464,0.0119005797271992,0.027317025378055602
qualifying_event_rate,county,10,female,45-64,0.033346757635373515,0.023213091740307022,0.045695434397010716
qualifying_event_rate,county,10,female,65-74,0.05314093108754485,0.034399488553039335,0.07594136250008594
qualifying_event_rate,county,10,female,75-84,0.03023506757451946,0.01128439438384684,0.055334455846014693
qualifying_event_rate,county,10,female,85+,0.02703968904830199,0.0,0.09152861077502597
person_years_exposure,county,11,male,0-17,2405.418221350374,2328.3008919175027,2468.7310718809804
person_years_exposure,county,11,male,18-44,3321.9725037353273,3189.9378710732976,3418.3404324274757
person_years_exposure,county,11,male,45-64,3466.4812021126727,3332.8532836725853,3560.6922667292124
person_years_exposure,county,11,male,65-74,831.6643653603105,709.7230130012042,910.4655083234401
person_years_exposure,county,11,male,75-84,256.69675643962734,205.2921208414426,294.82368609306957
person_years_exposure,county,11,male,85+,43.28303392357752,32.93655994530447,52.84117050846207
person_years_exposure,county,11,male,18-64,6788.453705848,6525.651603343052,6960.8476619051535
person_years_exposure,county,11,male,65+,1131.6441557235153,957.1802124867828,1241.9215803364978
mortality_rate,county,11,male,0-17,0.02533891323045395,0.017249483443633272,0.036613199764532874
mortality_rate,county,11,male,18-44,0.03500540289698742,0.02504020365599802,0.049852102117117325
mortality_rate,county,11,male,45-64,0.03536237488834235,0.025235695390696773,0.050531898515671046
mortality_rate,county,11,male,65-74,0.14031743096313123,0.09805588610196603,0.20997396940757965
mortality_rate,county,11,male,75-84,0.15614134521312456,0.09985230849451823,0.2465560752529747
mortality_rate,county,11,male,85+,0.020813605231713463,0.0,0.07227209418719192
qualifying_event_rate,county,11,male,0-17,0.017677985824385293,0.012185775423703322,0.024744960034770426
qualifying_event_rate,county,11,male,18-44,0.022279743504582852,0.016112490030781024,0.030382104202470915
qualifying_event_rate,county,11,male,45-64,0.035043472610918704,0.026315343248632644,0.04669613218885111
qualifying_event_rate,county,11,male,65-74,0.047357801783759555,0.031941834094400455,0.06791638141108593
qualifying_event_rate,county,11,male,75-84,0.031363270144976516,0.014446793947205805,0.052470093419743735
qualifying_event_rate,county,11,male,85+,0.02372197924493791,0.0,0.06670610674293342
person_years_exposure,county,11,female,0-17,2550.8165644475966,2475.9949137925946,2617.6136501832534
person_years_exposure,county,11,female,18-44,3460.4447654076207,3358.461648701389,3529.863544071678
person_years_exposure,county,11,female,45-64,3441.2766450067043,3294.6196543613773,3542.282107576985
person_years_exposure,county,11,female,65-74,952.0034121892379,863.847640624642,1014.6593067351652
person_years_exposure,county,11,female,75-84,281.47550754231565,241.61752805162766,315.53338153577323
person_years_exposure,county,11,female,85+,45.822363132506766,34.70659291879946,56.41011268085156
person_years_exposure,county,11,female,18-64,6901.721410414325,6659.116227053114,7054.810509515997
person_years_exposure,county,11,female,65+,1279.3012828640603,1150.7110715978006,1365.9965442605514
mortality_rate,county,11,female,0-17,0.02110537396155677,0.013964388885181285,0.030580176764778096
mortality_rate,county,11,female,18-44,0.02618756015834728,0.018394229686945533,0.037800575995646644
mortality_rate,county,11,female,45-64,0.04331760752511648,0.031054856656820798,0.06166326101604324
mortality_rate,county,11,female,65-74,0.079392092508305,0.054648887717020075,0.11741507889780747
mortality_rate,county,11,female,75-84,0.1016069952054738,0.061443575061661794,0.15715696525606995
mortality_rate,county,11,female,85+,0.057466964362132826,0.0,0.13880268496302306
qualifying_event_rate,county,11,female,0-17,0.020832789680236417,0.014366805035490825,0.029048251564911386
qualifying_event_rate,county,11,female,18-44,0.027667878135087642,0.020413956977996143,0.03700478594693495
qualifying_event_rate,county,11,female,45-64,0.03565330072250293,0.026421552293009527,0.048030828327045146
qualifying_event_rate,county,11,female,65-74,0.045881842790770136,0.031694504031460374,0.06312682656706478
qualifying_event_rate,county,11,female,75-84,0.037688931264741994,0.01861960510378259,0.059307089051457824
qualifying_event_rate,county,11,female,85+,0.02282520696979868,0.0,0.06385738150505794
person_years_exposure,county,12,male,0-17,1475.4209126580745,1442.915985231415,1507.5926780045927
person_years_exposure,county,12,male,18-44,2213.8253897346476,2168.884764991455,2251.736206766852
person_years_exposure,county,12,male,45-64,1969.7450245323535,1907.41918555421,2019.6732900948166
person_years_exposure,county,12,male,65-74,556.5090713390335,511.71915829731563,592.1607440314382
person_years_exposure,county,12,male,75-84,181.004068950163,153.48647226149666,204.15999126154188
person_years_exposure,county,12,male,85+,15.571518422032467,8.77881216715755,21.707284742720265
person_years_exposure,county,12,male,18-64,4183.570414267001,4084.4559131969536,4259.718820104001
person_years_exposure,county,12,male,65+,753.084658711229,681.2988910860666,804.6301542225827
mortality_rate,county,12,male,0-17,0.009066533495787638,0.004689803920959716,0.014491034289088609
mortality_rate,county,12,male,18-44,0.012457006251091689,0.007589894062901364,0.018692479756803167
mortality_rate,county,12,male,45-64,0.027073618329184958,0.017886071680562093,0.03942454584647775
mortality_rate,county,12,male,65-74,0.07532001624579288,0.04878292219854778,0.11080019391762923
mortality_rate,county,12,male,75-84,0.10373126661153678,0.060105700759956915,0.16973354314852793
mortality_rate,county,12,male,85+,0.03747676194299405,0.0,0.15687771171403536
qualifying_event_rate,county,12,male,0-17,0.016468420200663764,0.010144563354789133,0.0237395214301842
qualifying_event_rate,county,12,male,18-44,0.021162287501190626,0.014448785203168932,0.02941554500912003
qualifying_event_rate,county,12,male,45-64,0.027216155416601467,0.018882524408183197,0.03764699465490784
qualifying_event_rate,county,12,male,65-74,0.03806308140074031,0.023395669810312894,0.05540488870872608
qualifying_event_rate,county,12,male,75-84,0.037456443452406805,0.01562736680397306,0.06546219748475576
qualifying_event_rate,county,12,male,85+,0.02250651893453229,0.0,0.1032331010997243
person_years_exposure,county,12,female,0-17,1416.0422018599922,1369.364129019748,1457.8307080682566
person_years_exposure,county,12,female,18-44,2066.607730765442,2017.9019508874987,2107.6327821114037
person_years_exposure,county,12,female,45-64,1864.215719467503,1794.352254182924,1918.0849084173499
person_years_exposure,county,12,female,65-74,479.30078753147893,437.97703290569086,512.3658154506518
person_years_exposure,county,12,female,75-84,171.9142518751587,145.60055124533875,194.12258735715452
person_years_exposure,county,12,female,85+,28.575799360150466,20.75534429073223,35.69464976490559
person_years_exposure,county,12,female,18-64,3930.823450232945,3821.8168468133535,4011.589910822883
person_years_exposure,county,12,female,65+,679.790838766788,616.7541730673069,728.2665801514111
mortality_rate,county,12,female,0-17,0.019334464702244075,0.011828295649451183,0.028715198055799748
mortality_rate,county,12,female,18-44,0.014873549784585952,0.009060267948333787,0.022099390680599646
mortality_rate,county,12,female,45-64,0.037040647759489995,0.02556680620888056,0.05335986769806097
mortality_rate,county,12,female,65-74,0.06670600173033371,0.04195780080200687,0.1011514274785123
mortality_rate,county,12,female,75-84,0.10252796654192761,0.05755792581194755,0.16767507444002216
mortality_rate,county,12,female,85+,0.06780442464701554,0.0,0.16918117646470598
qualifying_event_rate,county,12,female,0-17,0.017226228409159945,0.010619815585471211,0.024935075620173164
qualifying_event_rate,county,12,female,18-44,0.01739362543076145,0.01151341641364446,0.024515606423188525
qualifying_event_rate,county,12,female,45-64,0.03021335898084183,0.02141899668753295,0.04129260157214837
qualifying_event_rate,county,12,female,65-74,0.04897370986737441,0.031111008087150355,0.07087638429384364
qualifying_event_rate,county,12,female,75-84,0.026683795875106057,0.006976685476415215,0.05046583709397759
qualifying_event_rate,county,12,female,85+,0.024782405286054868,0.0,0.07994322553615593
person_years_exposure,county,13,male,0-17,943.0602548335272,911.4330648260641,973.4337940139652
person_years_exposure,county,13,male,18-44,1511.8773508510253,1469.758705963539,1546.8238601992384
person_years_exposure,county,13,male,45-64,1219.9609274860825,1171.3071789985243,1255.3241645005064
person_years_exposure,county,13,male,65-74,401.0711785134552,370.8786658896255,428.51465063560374
person_years_exposure,county,13,male,75-84,169.53508996320306,149.22495591364174,188.78130642033923
person_years_exposure,county,13,male,85+,30.06885299252322,21.581319133373743,38.37782273632442
person_years_exposure,county,13,male,18-64,2731.838278337108,2650.0045003394257,2789.789220296389
person_years_exposure,county,13,male,65+,600.6751214691815,556.7476864737285,643.859013838455
mortality_rate,county,13,male,0-17,0.01586165466849256,0.008347585106168764,0.025314519319896266
mortality_rate,county,13,male,18-44,0.019481483246422578,0.011770977427728762,0.029197494370500326
mortality_rate,county,13,male,45-64,0.031145736863513993,0.02009197821357352,0.04590038424731477
mortality_rate,county,13,male,65-74,0.037075349791312974,0.01943605047486457,0.05913904260381523
mortality_rate,county,13,male,75-84,0.05635444759587584,0.02632654305078867,0.10069207751738533
mortality_rate,county,13,male,85+,0.05539467033057262,0.0,0.14623529172399874
qualifying_event_rate,county,13,male,0-17,0.012997392431635996,0.006404528568829268,0.02021388140409302
qualifying_event_rate,county,13,male,18-44,0.020290995394330377,0.013007126739563802,0.02864975682612084
qualifying_event_rate,county,13,male,45-64,0.0312093755563613,0.021029886104439604,0.043212502157560624
qualifying_event_rate,county,13,male,65-74,0.04517654467569486,0.026566758205010522,0.06692621882499937
qualifying_event_rate,county,13,male,75-84,0.03319447310913552,0.01170188137695549,0.05927803517887251
qualifying_event_rate,county,13,male,85+,0.01718945056250098,0.0,0.06532749784481723
person_years_exposure,county,13,female,0-17,1019.0248077671575,981.2081803706951,1054.8706618137453
person_years_exposure,county,13,female,18-44,1425.621916062419,1392.7961569886336,1453.7943515369823
person_years_exposure,county,13,female,45-64,1313.5646317089652,1260.7369510399344,1356.117351980357
person_years_exposure,county,13,female,65-74,396.76806496558805,359.70773397668347,427.70078580448626
person_years_exposure,county,13,female,75-84,152.5218488369618,133.47046283111925,170.66593146416614
person_years_exposure,county,13,female,85+,18.3305359013798,12.667913584339681,23.622272792572087
person_years_exposure,county,13,female,18-64,2739.186547771384,2663.1756559938244,2801.894453966395
person_years_exposure,county,13,female,65+,567.6204497039296,519.2840617830659,611.3201593391324
mortality_rate,county,13,female,0-17,0.014825372022201029,0.007698264887854582,0.02360734563331209
mortality_rate,county,13,female,18-44,0.014931438030286816,0.008933031693934545,0.02275238124845264
mortality_rate,county,13,female,45-64,0.035537765875301615,0.023528740564621314,0.05169277322809728
mortality_rate,county,13,female,65-74,0.06096799920311592,0.0363859065492586,0.09563895498392745
mortality_rate,county,13,female,75-84,0.052263965920715694,0.023329620535496018,0.09384121886982762
mortality_rate,county,13,female,85+,0.018759116041957687,0.0,0.09028594592780963
qualifying_event_rate,county,13,female,0-17,0.025015778835263385,0.015746292452036296,0.03670148861669721
qualifying_event_rate,county,13,female,18-44,0.023905507445749555,0.015884007428096803,0.03407821851254736
qualifying_event_rate,county,13,female,45-64,0.03038346463342707,0.020763947786692168,0.042471361506858284
qualifying_event_rate,county,13,female,65-74,0.05237851404643927,0.03246733586233578,0.07581129178651251
qualifying_event_rate,county,13,female,75-84,0.049352729360302286,0.020372112371130832,0.08072091224751775
qualifying_event_rate,county,13,female,85+,0.01775782173567866,0.0,0.07639350209877903
person_years_exposure,county,14,male,0-17,870.5287030442759,833.87993029907,902.8209377128923
person_years_exposure,county,14,male,18-44,1176.438185717833,1129.9948266034942,1213.252240949067
person_years_exposure,county,14,male,45-64,1191.030669391031,1124.2844340019117,1240.3482090709047
person_years_exposure,county,14,male,65-74,302.14889046209885,271.07908172103305,327.4077111312923
person_years_exposure,county,14,male,75-84,121.22949012583007,101.50195295827248,138.52169354433332
person_years_exposure,county,14,male,85+,23.488687875531493,15.065271740451212,31.423228604826427
person_years_exposure,county,14,male,18-64,2367.468855108864,2260.7064328941906,2443.0638731879267
person_years_exposure,county,14,male,65+,446.8670684634604,399.6738297120809,485.87624135208125
mortality_rate,county,14,male,0-17,0.025890673265489866,0.015174408039123862,0.039529003120213735
mortality_rate,county,14,male,18-44,0.03170238682344621,0.020224706584471706,0.04661112806749898
mortality_rate,county,14,male,45-64,0.052694481283986704,0.03608064468881783,0.07551551456170857
mortality_rate,county,14,male,65-74,0.06259704654824498,0.03548205531047148,0.0998949807276649
mortality_rate,county,14,male,75-84,0.0796366812570199,0.03713443301878906,0.14213265002169384
mortality_rate,county,14,male,85+,0.09380595588093016,0.0,0.24653625303397217
qualifying_event_rate,county,14,male,0-17,0.014213703915193467,0.006947057715998828,0.022537034181930322
qualifying_event_rate,county,14,male,18-44,0.022042777663590234,0.013969036894012044,0.031622800554193614
qualifying_event_rate,county,14,male,45-64,0.034627158647264,0.023972295729069514,0.048389600214801175
qualifying_event_rate,county,14,male,65-74,0.04965280323625782,0.028576200897747525,0.07379094129390523
qualifying_event_rate,county,14,male,75-84,0.0337936491337254,0.008280379876149348,0.06479699839613541
qualifying_event_rate,county,14,male,85+,0.022007122365538083,0.0,0.08278602691347425
person_years_exposure,county,14,female,0-17,777.4100571548036,740.970522912545,810.4608581320468
person_years_exposure,county,14,female,18-44,1319.9095600698147,1278.7043588125134,1353.744973329834
person_years_exposure,county,14,female,45-64,1288.7357655697149,1206.9689789458844,1346.0147309744223
person_years_exposure,county,14,female,65-74,388.0570511578294,336.4591867577802,427.8003278307819
person_years_exposure,county,14,female,75-84,164.54280415462824,138.25829214772878,187.95939818353662
person_years_exposure,county,14,female,85+,23.964856288337973,16.388916151554128,31.333401670281145
person_years_exposure,county,14,female,18-64,2608.64532563953,2493.2260465401478,2687.360798457141
person_years_exposure,county,14,female,65+,576.5647116007956,501.86449521669897,633.2021048040162
mortality_rate,county,14,female,0-17,0.023920698266123655,0.013323754264339589,0.037789190665714525
mortality_rate,county,14,female,18-44,0.02353451892850868,0.014777419679919846,0.03537786197559057
mortality_rate,county,14,female,45-64,0.060748763233527646,0.04249421020841806,0.08633276337551246
mortality_rate,county,14,female,65-74,0.10849204966429234,0.06966592284730067,0.16447047292863923
mortality_rate,county,14,female,75-84,0.07892892558451403,0.04086194173772766,0.13244981188347527
mortality_rate,county,14,female,85+,0.035001208738152934,0.0,0.11790488006551002
qualifying_event_rate,county,14,female,0-17,0.02696440848793369,0.016004218223035896,0.03929057447512081
qualifying_event_rate,county,14,female,18-44,0.025681550321818528,0.01705551673915873,0.03612764137265506
qualifying_event_rate,county,14,female,45-64,0.03387942063860421,0.02297656638496228,0.046959769010874924
qualifying_event_rate,county,14,female,65-74,0.05880600492322549,0.036961643945934854,0.08552066191560417
qualifying_event_rate,county,14,female,75-84,0.052645386048324264,0.0249958755580824,0.0859366080374767
qualifying_event_rate,county,14,female,85+,0.018934442897205465,0.0,0.0721731793143337
person_years_exposure,county,15,male,0-17,2256.364681499622,2213.1866340538954,2297.4982510592517
person_years_exposure,county,15,male,18-44,3337.644227601762,3282.2818633826905,3383.832963151068
person_years_exposure,county,15,male,45-64,2850.4175476667283,2776.7097419310944,2907.571531768291
person_years_exposure,county,15,male,65-74,715.6613402611237,667.7956040636668,753.4888666183613
person_years_exposure,county,15,male,75-84,306.63645274369804,269.6871047836302,336.6619390043707
person_years_exposure,county,15,male,85+,55.72360903030364,43.09655970359531,67.32094965687756
person_years_exposure,county,15,male,18-64,6188.06177526849,6070.797544793898,6280.63524984789
person_years_exposure,county,15,male,65+,1078.0214020351252,993.1897567362668,1139.817275024805
mortality_rate,county,15,male,0-17,0.007366748136410584,0.003950382364725613,0.011304802889014606
mortality_rate,county,15,male,18-44,0.010185216454504072,0.006523048241056374,0.015028300149463414
mortality_rate,county,15,male,45-64,0.022232728199987752,0.015262747444013588,0.031786045385156475
mortality_rate,county,15,male,65-74,0.060161138605963,0.03983578977365162,0.08944728690146243
mortality_rate,county,15,male,75-84,0.09426203109087927,0.05759362196142941,0.14536645057019457
mortality_rate,county,15,male,85+,0.04007426002754759,0.0,0.09436222701929547
qualifying_event_rate,county,15,male,0-17,0.013573799331894539,0.008754648220715757,0.019443755952195024
qualifying_event_rate,county,15,male,18-44,0.017425364719157073,0.01235308678325696,0.023783164319402243
qualifying_event_rate,county,15,male,45-64,0.02236308876121646,0.01583432459972844,0.030839507928936815
qualifying_event_rate,county,15,male,65-74,0.031465378134417105,0.019340570814597394,0.04559593267976657
qualifying_event_rate,county,15,male,75-84,0.032284103129794614,0.015010594527873235,0.05342165878958553
qualifying_event_rate,county,15,male,85+,0.02133236094078067,0.0,0.05569296243095471
person_years_exposure,county,15,female,0-17,2329.925628943968,2267.969391792973,2389.4381561454434
person_years_exposure,county,15,female,18-44,3341.9463701684513,3276.9429098625087,3398.2521244682744
person_years_exposure,county,15,female,45-64,3005.1689807816797,2909.1132168630875,3073.782977560471
person_years_exposure,county,15,female,65-74,715.2302766074421,664.4903978828698,755.7966740263752
person_years_exposure,county,15,female,75-84,271.9097199079916,239.12722819644455,299.08814366889214
person_years_exposure,county,15,female,85+,40.22831296737427,29.79259547555233,49.51176775364085
person_years_exposure,county,15,female,18-64,6347.115350950131,6198.621076717683,6457.98591578244
person_years_exposure,county,15,female,65+,1027.368309482808,945.1272064184991,1090.6946094505615
mortality_rate,county,15,female,0-17,0.01580614762119759,0.010190974498251258,0.02318525600973934
mortality_rate,county,15,female,18-44,0.01224448438835582,0.008024427482584478,0.018061704170630032
mortality_rate,county,15,female,45-64,0.029157119241164427,0.020616923290863214,0.04162785776890353
mortality_rate,county,15,female,65-74,0.051398367111157556,0.033532862471460374,0.07591933053967341
mortality_rate,county,15,female,75-84,0.08885522821907689,0.05286117987665936,0.1394072359442547
mortality_rate,county,15,female,85+,0.05590924713370965,0.0,0.13690596614771172
qualifying_event_rate,county,15,female,0-17,0.014143004406726691,0.00914081587072168,0.019957960553258238
qualifying_event_rate,county,15,female,18-44,0.0143396565872583,0.009833100370801118,0.019851243342101463
qualifying_event_rate,county,15,female,45-64,0.024539099497099922,0.017618729936985777,0.03336013359123953
qualifying_event_rate,county,15,female,65-74,0.03963908568472226,0.025087420266916998,0.056588560296764734
qualifying_event_rate,county,15,female,75-84,0.022648138674812506,0.007535200174902874,0.03973431368042251
qualifying_event_rate,county,15,female,85+,0.019579883177425657,0.0,0.06087686532349357
person_years_exposure,county,16,male,0-17,2846.0748331134123,2788.7633142780173,2903.49195108925
person_years_exposure,county,16,male,18-44,3563.7462831628322,3474.83071815114,3651.8118043329887
person_years_exposure,county,16,male,45-64,3138.4123086605478,3065.133775449115,3205.2053493511653
person_years_exposure,county,16,male,65-74,845.2743161558872,783.4253553963924,901.2008775712968
person_years_exposure,county,16,male,75-84,313.6546607628003,272.56174333108737,347.1010185677376
person_years_exposure,county,16,male,85+,50.7767864454031,35.44480293204581,66.53636132162778
person_years_exposure,county,16,male,18-64,6702.1585918233795,6545.8942641681115,6849.054119498367
person_years_exposure,county,16,male,65+,1209.7057633640907,1101.023814887363,1298.1963637351382
mortality_rate,county,16,male,0-17,0.008382741689947439,0.0048827804846527,0.012652598800968182
mortality_rate,county,16,male,18-44,0.014749774239918375,0.00987002478553445,0.021326142813044242
mortality_rate,county,16,male,45-64,0.016749051596071058,0.011126998327483458,0.024139882266602356
mortality_rate,county,16,male,65-74,0.06163181984871895,0.040824990709566175,0.09078767050958719
mortality_rate,county,16,male,75-84,0.0977052945664664,0.059689430316557664,0.15374607820081398
mortality_rate,county,16,male,85+,0.014917311166684299,0.0,0.050071160312737444
qualifying_event_rate,county,16,male,0-17,0.019471718770436023,0.013572808951421725,0.026676336450563026
qualifying_event_rate,county,16,male,18-44,0.03964772527755565,0.02992507194187951,0.052246076829853716
qualifying_event_rate,county,16,male,45-64,0.04073641181472567,0.030367516571280805,0.05442257847372221
qualifying_event_rate,county,16,male,65-74,0.040066504864385524,0.026790733746501295,0.05671555818153343
qualifying_event_rate,county,16,male,75-84,0.05409804962286987,0.03182471393178095,0.08007490827822648
qualifying_event_rate,county,16,male,85+,0.03014445571781284,0.0,0.07252784808884678
person_years_exposure,county,16,female,0-17,2526.405972815846,2463.1303686298015,2589.5138640168293
person_years_exposure,county,16,female,18-44,3554.7007293970105,3430.9063641315697,3645.597848930803
person_years_exposure,county,16,female,45-64,3316.7642422012123,3227.826133102734,3386.6978471554544
person_years_exposure,county,16,female,65-74,881.1891378687536,831.9778980542484,919.2868051076186
person_years_exposure,county,16,female,75-84,319.62074220749747,283.3836279154529,353.2548010162289
person_years_exposure,county,16,female,85+,39.66515540846267,26.813354579180285,52.65376613131106
person_years_exposure,county,16,female,18-64,6871.464971598223,6670.43172565698,7020.457157238428
person_years_exposure,county,16,female,65+,1240.4750354847138,1155.4404197510282,1308.2582819564732
mortality_rate,county,16,female,0-17,0.012993422478202316,0.008167592911671104,0.019562028886469077
mortality_rate,county,16,female,18-44,0.02862887696906426,0.02035113055914572,0.0410339317287624
mortality_rate,county,16,female,45-64,0.019542207343695148,0.013329874011902911,0.028252398835083875
mortality_rate,county,16,female,65-74,0.04363167026688486,0.027520085353790382,0.06596789631951469
mortality_rate,county,16,female,75-84,0.0736517748316071,0.043790425504655714,0.11431799386630817
mortality_rate,county,16,female,85+,0.024825054491599087,0.0,0.0771993895957753
qualifying_event_rate,county,16,female,0-17,0.02197801589390374,0.015280393720169623,0.030400019212985966
qualifying_event_rate,county,16,female,18-44,0.033632017689652245,0.025012118377120328,0.04501066715766166
qualifying_event_rate,county,16,female,45-64,0.04950790671166986,0.03764669095102932,0.0647427755800948
qualifying_event_rate,county,16,female,65-74,0.053802474647686116,0.037268960972294055,0.07336563930609037
qualifying_event_rate,county,16,female,75-84,0.04077983302060851,0.02202658092622371,0.06408253664840491
qualifying_event_rate,county,16,female,85+,0.02967271285741284,0.0,0.07898628096074695
person_years_exposure,state,0,male,0-17,7851.572857011731,7731.397680658225,7950.179606565444
person_years_exposure,state,0,male,18-44,11810.248529986575,11637.27634988292,11949.081096117923
person_years_exposure,state,0,male,45-64,9953.37161207594,9713.646910465746,10126.92145789278
person_years_exposure,state,0,male,65-74,2597.1068192438233,2434.3718426781106,2700.240980715725
person_years_exposure,state,0,male,75-84,963.9207480630379,864.3608403259233,1034.9599048557152
person_years_exposure,state,0,male,85+,143.77068768943812,120.52472734489014,165.89601016997977
person_years_exposure,state,0,male,18-64,21763.620142062515,21372.24073851645,22058.291825975106
person_years_exposure,state,0,male,65+,3704.7982549962994,3431.0173471237617,3873.5631118088895
mortality_rate,state,0,male,0-17,0.007474492627944077,0.0050546908239796,0.010660685938108514
mortality_rate,state,0,male,18-44,0.010349649567780006,0.007377493852426947,0.014514389428023286
mortality_rate,state,0,male,45-64,0.02244763846945327,0.016300473700375965,0.031614321517585156
mortality_rate,state,0,male,65-74,0.06120581632763097,0.04418436969747777,0.08746211096117178
mortality_rate,state,0,male,75-84,0.09115811385357485,0.0630011024248919,0.13510001638750954
mortality_rate,state,0,male,85+,0.037621399184956744,0.012815508825501505,0.07214927635228845
qualifying_event_rate,state,0,male,0-17,0.013207072130763655,0.009669538259797945,0.01817345662458085
qualifying_event_rate,state,0,male,18-44,0.017139137428999515,0.01284375030213179,0.022862797495242244
qualifying_event_rate,state,0,male,45-64,0.022171350181707284,0.016714004722289916,0.029799146453358353
qualifying_event_rate,state,0,male,65-74,0.03115784787077259,0.022328878168085715,0.04248239710932364
qualifying_event_rate,state,0,male,75-84,0.0308917975623998,0.020265106931041627,0.045227967481856514
qualifying_event_rate,state,0,male,85+,0.019189691735326374,0.0,0.040891196263952136
person_years_exposure,state,0,female,0-17,7729.207968036908,7546.955422914349,7881.556264608591
person_years_exposure,state,0,female,18-44,11506.587862056673,11308.899729529958,11673.303047351294
person_years_exposure,state,0,female,45-64,9954.89691799125,9658.904557614225,10145.761117786657
person_years_exposure,state,0,female,65-74,2530.89224908869,2372.451646627723,2642.1421562048786
person_years_exposure,state,0,female,75-84,876.1159669398694,790.0901311241939,942.4172489031497
person_years_exposure,state,0,female,85+,149.61001710430128,125.70002461193188,169.56739372716243
person_years_exposure,state,0,female,18-64,21461.484780047922,20996.957407092003,21793.29717612706
person_years_exposure,state,0,female,65+,3556.6182331328605,3299.7105335856813,3735.9388851810295
mortality_rate,state,0,female,0-17,0.0159594623946417,0.011413003755183277,0.022701815396481504
mortality_rate,state,0,female,18-44,0.012185613953052028,0.008715506783899186,0.017049361525176412
mortality_rate,state,0,female,45-64,0.029702424118336804,0.022108727911538464,0.04184876961269696
mortality_rate,state,0,female,65-74,0.05307822938354472,0.037626289497070114,0.07549197910671775
mortality_rate,state,0,female,75-84,0.08921527547959808,0.06143572567456283,0.13152297513629313
mortality_rate,state,0,female,85+,0.054647538172260986,0.024141472218058995,0.09626169223234912
qualifying_event_rate,state,0,female,0-17,0.013859511520196228,0.010045934293563808,0.0186382921591856
qualifying_event_rate,state,0,female,18-44,0.013875708720170125,0.010362726167651624,0.018667272005811718
qualifying_event_rate,state,0,female,45-64,0.024308123456699637,0.01844040295986739,0.03203241401645412
qualifying_event_rate,state,0,female,65-74,0.04028930795650789,0.029688395819377482,0.054712407072195525
qualifying_event_rate,state,0,female,75-84,0.023040931489338366,0.013396900171045223,0.03431211902446299
qualifying_event_rate,state,0,female,85+,0.019967367234042074,0.004964853355686861,0.04101934109561176
person_years_exposure,state,1,male,0-17,6501.801430483899,6356.075630713001,6618.321033405544
person_years_exposure,state,1,male,18-44,10131.871003659491,9856.136965357957,10349.60135535065
person_years_exposure,state,1,male,45-64,8728.291513398117,8482.353137741447,8895.475880710912
person_years_exposure,state,1,male,65-74,2005.6948734060852,1807.551810250904,2134.950523278012
person_years_exposure,state,1,male,75-84,674.4437974366299,584.2948316307135,737.7980314578514
person_years_exposure,state,1,male,85+,146.89757490279104,125.40590253677262,167.2585365019143
person_years_exposure,state,1,male,18-64,18860.162517057608,18343.86306272447,19223.08146332031
person_years_exposure,state,1,male,65+,2827.036245745506,2529.8714016209137,3017.8060379000412
mortality_rate,state,1,male,0-17,0.01742696110246589,0.012435482148533563,0.02464478821043465
mortality_rate,state,1,male,18-44,0.022929771334683862,0.016906749422338253,0.03165889480739972
mortality_rate,state,1,male,45-64,0.024369276405468078,0.01783569498548151,0.034187622889410914
mortality_rate,state,1,male,65-74,0.09941441181379532,0.07189766640368407,0.14264079470729782
mortality_rate,state,1,male,75-84,0.1095109663205242,0.07506972555649498,0.16090795151855966
mortality_rate,state,1,male,85+,0.015129103614256215,0.0,0.034830946751663865
qualifying_event_rate,state,1,male,0-17,0.016306027771077213,0.012055738990918876,0.021967806968783355
qualifying_event_rate,state,1,male,18-44,0.02032466435302892,0.015494544967885323,0.02700398555900654
qualifying_event_rate,state,1,male,45-64,0.03229569384066155,0.024662856433686858,0.04230249862622073
qualifying_event_rate,state,1,male,65-74,0.04345223634739423,0.03180954053819985,0.05856194176674538
qualifying_event_rate,state,1,male,75-84,0.028921860733637703,0.017479094149814703,0.0426723926579604
qualifying_event_rate,state,1,male,85+,0.021554074121461982,0.00605741162339256,0.043307901488668046
person_years_exposure,state,1,female,0-17,6958.341875155706,6810.783671597791,7092.307422409626
person_years_exposure,state,1,female,18-44,9989.494948986523,9801.532224671186,10121.020804337408
person_years_exposure,state,1,female,45-64,8277.180792651776,8015.244506705513,8447.142017455031
person_years_exposure,state,1,female,65-74,2187.5939020898577,2035.3682181885295,2288.778165672682
person_years_exposure,state,1,female,75-84,742.0453724424167,673.9068143409362,798.1439188703064
person_years_exposure,state,1,female,85+,107.3940582181156,89.72299299886993,123.7620013405899
person_years_exposure,state,1,female,18-64,18266.675741638297,17829.725323793344,18547.27959559414
person_years_exposure,state,1,female,65+,3037.0333327503904,2810.8194609689576,3191.9652897294573
mortality_rate,state,1,female,0-17,0.01454814363069575,0.010228050276466151,0.02044501279721285
mortality_rate,state,1,female,18-44,0.0175405455732301,0.012880979255672415,0.02459294531359254
mortality_rate,state,1,female,45-64,0.030584486029016263,0.02243642708600608,0.042627153167263024
mortality_rate,state,1,female,65-74,0.05738983066960514,0.040564241398272756,0.08266628858769928
mortality_rate,state,1,female,75-84,0.07121071544142375,0.0475926165967162,0.10469152828309453
mortality_rate,state,1,female,85+,0.041997392715210656,0.009475306077216337,0.08341292907691668
qualifying_event_rate,state,1,female,0-17,0.019256755572425555,0.014184325110958334,0.025747029511418454
qualifying_event_rate,state,1,female,18-44,0.02536385188704717,0.019391443663225646,0.03315318817788346
qualifying_event_rate,state,1,female,45-64,0.03323490394676017,0.025577615366795335,0.04391480795454034
qualifying_event_rate,state,1,female,65-74,0.04258606770288192,0.031146070766112633,0.05728589307644024
qualifying_event_rate,state,1,female,75-84,0.03498308356150052,0.022324708932871428,0.04986978057429225
qualifying_event_rate,state,1,female,85+,0.021908859710482665,0.0,0.048662662960673016
person_years_exposure,state,2,male,0-17,5153.026454898085,5024.527122705222,5257.728831683478
person_years_exposure,state,2,male,18-44,7909.409384285947,7717.390771541268,8045.5902425966815
person_years_exposure,state,2,male,45-64,6737.392157234498,6482.005665085583,6902.220735283825
person_years_exposure,state,2,male,65-74,2041.4460682858921,1912.9601903022192,2145.0774321804056
person_years_exposure,state,2,male,75-84,771.4628085092517,703.8994783741041,829.7794646779445
person_years_exposure,state,2,male,85+,134.69343857069273,109.99460666839093,160.50606418444826
person_years_exposure,state,2,male,18-64,14646.801541520446,14205.706696782405,14928.251629882465
person_years_exposure,state,2,male,65+,2947.6023153658366,2741.776563273732,3116.3325217579977
mortality_rate,state,2,male,0-17,0.018446362189389272,0.012991896991689206,0.02606931479658568
mortality_rate,state,2,male,18-44,0.022353956013006146,0.01627861896814164,0.03162034192058567
mortality_rate,state,2,male,45-64,0.03750159507796445,0.027718923625279713,0.052868892236516724
mortality_rate,state,2,male,65-74,0.04397861538221933,0.030572363263745215,0.06310540104682762
mortality_rate,state,2,male,75-84,0.060575100481401564,0.039326537087250195,0.09076791282914486
mortality_rate,state,2,male,85+,0.0727428166787006,0.03496857006739014,0.12419498767599124
qualifying_event_rate,state,2,male,0-17,0.014519853875362749,0.010272774180948786,0.01989385972324689
qualifying_event_rate,state,2,male,18-44,0.02257196026343182,0.017016697161289243,0.029835765671114053
qualifying_event_rate,state,2,male,45-64,0.03541979179848777,0.02696144506290254,0.04710543892408722
qualifying_event_rate,state,2,male,65-74,0.050701609083544166,0.03728871819563682,0.06760759132183264
qualifying_event_rate,state,2,male,75-84,0.03583529108542091,0.023068507321200506,0.05177332424070945
qualifying_event_rate,state,2,male,85+,0.021638588075378613,0.0052904782807019265,0.04504375840149993
person_years_exposure,state,2,female,0-17,5245.8436630076285,5095.915731954572,5374.98991459329
person_years_exposure,state,2,female,18-44,7617.677031741785,7460.450803719288,7736.564814727306
person_years_exposure,state,2,female,45-64,6795.499441582996,6505.574402006154,6983.193928549987
person_years_exposure,state,2,female,65-74,2111.5250804467796,1920.7079482530032,2240.203107139597
person_years_exposure,state,2,female,75-84,798.1368107137034,718.0184519822847,870.2528240203908
person_years_exposure,state,2,female,85+,82.15377755335619,66.64628587279861,98.33503841092775
person_years_exposure,state,2,female,18-64,14413.17647332478,13982.376275186616,14704.949528708676
person_years_exposure,state,2,female,65+,2991.815668713839,2722.0767109944095,3186.891720928672
mortality_rate,state,2,female,0-17,0.016926998291031777,0.011726748291621217,0.024075783683139264
mortality_rate,state,2,female,18-44,0.017123387051911878,0.01229144982992717,0.02415010004856121
mortality_rate,state,2,female,45-64,0.042838773867389046,0.03168951416662064,0.06085360707902678
mortality_rate,state,2,female,65-74,0.0774689148866134,0.05502619490518161,0.11181179755003291
mortality_rate,state,2,female,75-84,0.05829854716464309,0.038875050228384195,0.08677753460127116
mortality_rate,state,2,female,85+,0.024555016885177496,0.0,0.05760701512996604
qualifying_event_rate,state,2,female,0-17,0.02770226996441443,0.020739589923522147,0.036884875472621745
qualifying_event_rate,state,2,female,18-44,0.02651366329714333,0.019995583543487547,0.03508866100016973
qualifying_event_rate,state,2,female,45-64,0.03410971460769406,0.02594544428491816,0.04480494573957205
qualifying_event_rate,state,2,female,65-74,0.059342604269621194,0.0445767209287823,0.07895298722709378
qualifying_event_rate,state,2,female,75-84,0.05376057867795581,0.037542869543344695,0.07383699286382477
qualifying_event_rate,state,2,female,85+,0.019137914671539195,0.0,0.046152627148551215
person_years_exposure,state,3,male,0-17,3747.561174835601,3673.290065706368,3821.337966433134
person_years_exposure,state,3,male,18-44,4763.698004432198,4646.434037861494,4877.540094258822
person_years_exposure,state,3,male,45-64,4360.070108711866,4255.2459029949205,4449.472070806542
person_years_exposure,state,3,male,65-74,1138.5326753290615,1053.408641098924,1210.9199882482878
person_years_exposure,state,3,male,75-84,411.4368586686419,356.5969833164398,453.01037522399145
person_years_exposure,state,3,male,85+,75.60505032208633,55.123517701504184,96.6305910808929
person_years_exposure,state,3,male,18-64,9123.768113144064,8908.24085002702,9319.291008591728
person_years_exposure,state,3,male,65+,1625.5745843197897,1478.6707533708923,1742.6684162114118
mortality_rate,state,3,male,0-17,0.00876259982805766,0.005327346780367164,0.012717557778119238
mortality_rate,state,3,male,18-44,0.015461468322885396,0.01057933886364015,0.022196596310909783
mortality_rate,state,3,male,45-64,0.018214501585093253,0.012659420686683336,0.02612379442297813
mortality_rate,state,3,male,65-74,0.06425953516414983,0.04391543655189373,0.09489008550989995
mortality_rate,state,3,male,75-84,0.10089634285193998,0.06534499946744377,0.15602667606633258
mortality_rate,state,3,male,85+,0.01569142931525541,0.0,0.04485381168961171
qualifying_event_rate,state,3,male,0-17,0.01925054048735169,0.013640633914048104,0.026227288792443845
qualifying_event_rate,state,3,male,18-44,0.039176626638947575,0.029864028116180878,0.0512835194973094
qualifying_event_rate,state,3,male,45-64,0.04024564532386088,0.03060534023241578,0.053142952467093565
qualifying_event_rate,state,3,male,65-74,0.03953679090236255,0.026925042641363427,0.054839571021765565
qualifying_event_rate,state,3,male,75-84,0.0535133135950603,0.03340850003915181,0.07853919518891518
qualifying_event_rate,state,3,male,85+,0.029795674353710017,0.0,0.0655148219980986
person_years_exposure,state,3,female,0-17,3396.987776763842,3315.358419911565,3475.595659039481
person_years_exposure,state,3,female,18-44,4874.59253171631,4706.072020250351,5000.795631707594
person_years_exposure,state,3,female,45-64,4518.64609569699,4398.2061435075475,4610.441247565436
person_years_exposure,state,3,female,65-74,1160.8895926934238,1096.1148508484498,1209.9546086627404
person_years_exposure,state,3,female,75-84,462.5735062753848,413.847325118565,507.25882519780697
person_years_exposure,state,3,female,85+,70.682323876345,50.49538796426692,92.07941888910523
person_years_exposure,state,3,female,18-64,9393.2386274133,9108.508832188649,9596.428303068
person_years_exposure,state,3,female,65+,1694.1454228451535,1577.9968688358233,1790.7702393838604
mortality_rate,state,3,female,0-17,0.013553599934458666,0.008950348081595675,0.019837058092034555
mortality_rate,state,3,female,18-44,0.02988886649376672,0.0217081335301793,0.04258292948008552
mortality_rate,state,3,female,45-64,0.0205906788218254,0.014379958571652505,0.029798349469637875
mortality_rate,state,3,female,65-74,0.04615665319589937,0.0304908899831545,0.06822521429392747
mortality_rate,state,3,female,75-84,0.0770241123092033,0.04935832318782104,0.1159259823145263
mortality_rate,state,3,female,85+,0.02716148630749958,0.0,0.06595315068251477
qualifying_event_rate,state,3,female,0-17,0.021685240428848698,0.015612395048399908,0.029443797036096415
qualifying_event_rate,state,3,female,18-44,0.033199855844042,0.0248828099869002,0.043932958278885964
qualifying_event_rate,state,3,female,45-64,0.048963500820302285,0.03751583449970728,0.06407260473424523
qualifying_event_rate,state,3,female,65-74,0.05333940352740818,0.03834450297525413,0.07206671562939133
qualifying_event_rate,state,3,female,75-84,0.04007304149719159,0.02357629925209953,0.060610076579958226
qualifying_event_rate,state,3,female,85+,0.028978811592507897,0.0,0.06542244827648364
person_years_exposure,state,4,male,0-17,3071.2330941989717,2981.119701201663,3153.2150051308795
person_years_exposure,state,4,male,18-44,4379.178757072892,4210.769712096253,4526.619832500152
person_years_exposure,state,4,male,45-64,4303.977366354371,4107.156406519064,4432.335391137851
person_years_exposure,state,4,male,65-74,1234.123861541788,1120.5419849127259,1321.0221245319462
person_years_exposure,state,4,male,75-84,507.96244355903366,454.5523480627219,560.5994571346934
person_years_exposure,state,4,male,85+,99.14978825263755,75.06134047842075,129.25387335478007
person_years_exposure,state,4,male,18-64,8683.156123427263,8327.061858690038,8939.521809044716
person_years_exposure,state,4,male,65+,1841.2360933534594,1666.400920231334,1991.5976248326028
mortality_rate,state,4,male,0-17,0.01949558579397456,0.01317393614199851,0.028490618658867782
mortality_rate,state,4,male,18-44,0.02816382724922661,0.01974905708787256,0.040355693761657985
mortality_rate,state,4,male,45-64,0.04251279816760186,0.03080791366180951,0.06018226830924751
mortality_rate,state,4,male,65-74,0.06647454019922011,0.04558334395297132,0.0981225962692032
mortality_rate,state,4,male,75-84,0.04207547363323374,0.024524306163012592,0.06627086613542253
mortality_rate,state,4,male,85+,0.013717950816926668,0.0,0.03750219405994264
qualifying_event_rate,state,4,male,0-17,0.013850172901348727,0.009331839669926947,0.019635724176204846
qualifying_event_rate,state,4,male,18-44,0.029160405906608275,0.021448329323829292,0.03970998450045883
qualifying_event_rate,state,4,male,45-64,0.027118470944728475,0.02001156338429293,0.03684552200974975
qualifying_event_rate,state,4,male,65-74,0.05457809317003285,0.039658513021222204,0.07431595336686145
qualifying_event_rate,state,4,male,75-84,0.03376051349531451,0.019531646270383923,0.05094757864388701
qualifying_event_rate,state,4,male,85+,0.022013553653248266,0.0,0.04978086415596367
person_years_exposure,state,4,female,0-17,2951.2853196460533,2853.450534603091,3038.436723673812
person_years_exposure,state,4,female,18-44,4384.600191899863,4246.126457993462,4520.763341750252
person_years_exposure,state,4,female,45-64,4250.641393847423,4077.6638417485037,4367.041194686772
person_years_exposure,state,4,female,65-74,1205.4957266548636,1094.5664372268127,1279.6387485143107
person_years_exposure,state,4,female,75-84,429.1638375034661,372.5071242577998,475.6949682343289
person_years_exposure,state,4,female,85+,54.37739090043212,44.134838940665695,64.40712640426666
person_years_exposure,state,4,female,18-64,8635.241585747286,8363.509248435537,8870.16815417195
person_years_exposure,state,4,female,65+,1689.0369550587618,1520.2707955844714,1801.0038770260599
mortality_rate,state,4,female,0-17,0.02409851109881155,0.016603651977231394,0.03523098482324795
mortality_rate,state,4,female,18-44,0.01387601492844526,0.009399844142856745,0.020004784453609946
mortality_rate,state,4,female,45-64,0.038017470268464755,0.027290663964189762,0.05406633060296877
mortality_rate,state,4,female,65-74,0.08464236824850113,0.05894151959485693,0.12449040687006065
mortality_rate,state,4,female,75-84,0.08086425921460423,0.050506974346588775,0.12337373739237452
mortality_rate,state,4,female,85+,0.013897139035442605,0.0,0.0450660497121524
qualifying_event_rate,state,4,female,0-17,0.01890893560545097,0.013205029380236159,0.025803483630278463
qualifying_event_rate,state,4,female,18-44,0.013759539179069087,0.009576906293702819,0.01887268037956097
qualifying_event_rate,state,4,female,45-64,0.028683171244809173,0.021368407507903756,0.03827561591605872
qualifying_event_rate,state,4,female,65-74,0.05221891240241073,0.03699663545206879,0.07160172714081386
qualifying_event_rate,state,4,female,75-84,0.03982592660599688,0.023005106661432052,0.060594742029107834
qualifying_event_rate,state,4,female,85+,0.019990682321727658,0.0,0.05453696323719932
person_years_exposure,state,5,male,0-17,566.4611690796089,500.0154715177961,629.7815900466558
person_years_exposure,state,5,male,18-44,842.8050562503795,774.1441625016046,897.4151958096654
person_years_exposure,state,5,male,45-64,1409.228559512335,1299.636075583393,1512.6951647187589
person_years_exposure,state,5,male,65-74,430.8066004939944,385.4514211469445,481.52137678765644
person_years_exposure,state,5,male,75-84,156.44101139797684,131.7485986545477,187.38066104454975
person_years_exposure,state,5,male,85+,60.69408621385286,9.48788774719435,183.03349556479125
person_years_exposure,state,5,male,18-64,2252.0336157627144,2081.0730755288964,2396.930356600755
person_years_exposure,state,5,male,65+,647.9416981058241,536.7565637320732,831.4596126647999
mortality_rate,state,5,male,0-17,0.04041937306242118,0.023082859242698577,0.0619411073190143
mortality_rate,state,5,male,18-44,0.06195564897784979,0.03989198372743557,0.09314091514831586
mortality_rate,state,5,male,45-64,0.04909843580852036,0.03270791071759828,0.07192257090001306
mortality_rate,state,5,male,65-74,0.02830234556850648,0.013599618019731832,0.047635531180748314
mortality_rate,state,5,male,75-84,0.020904212646142988,0.005114825395329206,0.04452658611467603
mortality_rate,state,5,male,85+,0.012874972742247004,0.0,0.06287689737935757
qualifying_event_rate,state,5,male,0-17,0.03106528468518154,0.01825207391712244,0.04672420187417322
qualifying_event_rate,state,5,male,18-44,0.03231772123225481,0.02054646955065733,0.04661382382879791
qualifying_event_rate,state,5,male,45-64,0.040820578171788545,0.028641617350808314,0.05590402200970885
qualifying_event_rate,state,5,male,65-74,0.03962003702323587,0.023110673523400408,0.05933056853394096
qualifying_event_rate,state,5,male,75-84,0.029322245123882977,0.006989819776894702,0.05424866952162596
qualifying_event_rate,state,5,male,85+,0.0181838817944359,0.0,0.07206445477820736
person_years_exposure,state,5,female,0-17,645.2935657967852,608.8905612043648,678.3842447077805
person_years_exposure,state,5,female,18-44,892.8056234754756,850.9330436227744,928.1622298024943
person_years_exposure,state,5,female,45-64,1295.4246192551132,1175.998368840387,1405.0281432969532
person_years_exposure,state,5,female,65-74,350.6796054715595,311.016516805016,389.32604564180986
person_years_exposure,state,5,female,75-84,130.45035715686458,108.17232071186095,152.57551962128088
person_years_exposure,state,5,female,85+,17.44467306548071,10.324865384706055,26.90646289382237
person_years_exposure,state,5,female,18-64,2188.2302427305885,2038.4265137837451,2322.6127264883385
person_years_exposure,state,5,female,65+,498.5746356939048,438.42906799238636,558.9722763142734
mortality_rate,state,5,female,0-17,0.018968170821776514,0.009266690057535278,0.03118011312373135
mortality_rate,state,5,female,18-44,0.02129722674212682,0.011650411637768959,0.03301319293919015
mortality_rate,state,5,female,45-64,0.070670711879972,0.04841608745693091,0.10407270995788417
mortality_rate,state,5,female,65-74,0.04390817034207881,0.023305613279263997,0.07421884650937824
mortality_rate,state,5,female,75-84,0.07064430797847432,0.03233991223289054,0.12735152864108737
mortality_rate,state,5,female,85+,0.048875843487593516,0.0,0.1800924612277484
qualifying_event_rate,state,5,female,0-17,0.04813609104725452,0.03168911319986822,0.06631162998749901
qualifying_event_rate,state,5,female,18-44,0.027798001700228767,0.01769770694184973,0.03940600074957691
qualifying_event_rate,state,5,female,45-64,0.0438098165007953,0.030417241328272334,0.06012824260729788
qualifying_event_rate,state,5,female,65-74,0.03747930775443011,0.020136727980735278,0.05840300780497158
qualifying_event_rate,state,5,female,75-84,0.03081126141429485,0.0077737990836029775,0.059296065460372936
qualifying_event_rate,state,5,female,85+,0.02479822591119867,0.0,0.0943059632679312
