estimand,level,unit,sex,age_band,estimate,lower,upper
children_under_16,county,0,,,1747.6998372755547,1286.3782749161946,2209.021399634915
children_under_16,county,1,,,1348.2708377807862,992.9793647647625,1703.56231079681
children_under_16,county,2,,,483.1860394793538,348.293353452486,618.0787255062216
children_under_16,county,3,,,1326.6421356296144,985.5965662524957,1667.687705006733
children_under_16,county,4,,,1648.691520571768,1237.1406406441213,2060.2424004994145
children_under_16,county,5,,,694.560045293534,517.4686732546786,871.6514173323894
children_under_16,county,6,,,1795.589236522632,1337.7694070223504,2253.409066022914
children_under_16,county,7,,,1351.618440843303,1014.2237543815302,1689.0131273050758
children_under_16,county,8,,,446.6613173129583,335.1644994570386,558.1581351688781
children_under_16,county,9,,,973.2750901846199,716.3701139220259,1230.180066447214
children_under_16,county,10,,,575.1675362182634,431.5926450498104,718.7424273867164
children_under_16,county,11,,,644.2613056764333,483.43903908133507,805.0835722715315
children_under_16,county,12,,,971.5100988640477,700.2903283607259,1242.7298693673695
children_under_16,county,13,,,749.8389268411481,551.911995756995,947.7658579253012
children_under_16,county,14,,,687.0603148505271,515.5544427016615,858.5661869993927
children_under_16,county,15,,,470.3406059090336,339.0340231548251,601.6471886632421
children_under_16,county,16,,,1283.6220367084074,956.3380398814193,1610.9060335353956
children_under_16,county,17,,,481.2628698100108,361.1287179232312,601.3970216967904
children_under_16,nation,0,,,17679.258195771996,16795.446768800284,18563.069622743707
children_under_16,state,0,,,3470.813854301322,3115.496822054631,3826.1308865480128
children_under_16,state,1,,,1348.2708377807862,1211.7914971651958,1484.7501783963767
children_under_16,state,2,,,1925.036744252435,1661.4860216110378,2188.5874668938322
children_under_16,state,3,,,1326.6421356296144,1216.4997736739347,1436.784497585294
children_under_16,state,4,,,5834.7233052832635,5508.959100133771,6160.487510432756
children_under_16,state,5,,,3773.7713185245734,3485.9990091229624,4061.5436279261844
elders_65_plus,county,0,,,641.5796164313756,472.2287332205444,810.9304996422068
elders_65_plus,county,1,,,494.509606303276,364.1982166916355,624.8209959149165
elders_65_plus,county,2,,,173.9097268795986,125.35875837424629,222.4606953849509
elders_65_plus,county,3,,,663.1872563305218,492.698871132693,833.6756415283505
elders_65_plus,county,4,,,727.0634573006237,545.5718914851232,908.5550231161242
elders_65_plus,county,5,,,240.13510550434603,178.90806603292395,301.3621449757681
elders_65_plus,county,6,,,629.2379060006497,468.8016631335296,789.6741488677698
elders_65_plus,county,7,,,671.5317823242253,503.90218487286546,839.1613797755851
elders_65_plus,county,8,,,192.72216459372078,144.61433154524363,240.82999764219792
elders_65_plus,county,9,,,327.8965073310432,241.34518665921746,414.44782800286896
elders_65_plus,county,10,,,288.1567687929171,216.22628921314407,360.0872483726901
elders_65_plus,county,11,,,312.80726542458234,234.7234615553164,390.8910692938483
elders_65_plus,county,12,,,213.43565801293158,153.8501012069044,273.02121481895875
elders_65_plus,county,13,,,258.04849349626386,189.93420313290875,326.16278385961897
elders_65_plus,county,14,,,286.66706287334137,215.10844775358703,358.2256779930957
elders_65_plus,county,15,,,186.21419067980736,134.22814326795563,238.2002380916591
elders_65_plus,county,16,,,617.4225185608069,459.9988347763334,774.8462023452804
elders_65_plus,county,17,,,234.29548190348396,175.8100038517677,292.7809599552002
elders_65_plus,nation,0,,,7158.820568743516,6803.842301498997,7513.798835988035
elders_65_plus,state,0,,,1227.5246172586826,1101.8594498589432,1353.189784658422
elders_65_plus,state,1,,,494.509606303276,444.45264214952067,544.5665704570313
elders_65_plus,state,2,,,573.5595755723376,495.035339049941,652.0838120947343
elders_65_plus,state,3,,,663.1872563305218,608.127184839212,718.2473278218316
elders_65_plus,state,4,,,2713.2439832128944,2561.758176033717,2864.7297903920717
elders_65_plus,state,5,,,1486.7955300658027,1373.4186062456527,1600.1724538859528
households,county,0,,,2819.153638964966,2064.2932115146605,3574.0140664152714
households,county,1,,,1972.3950846170417,1449.2427133734705,2495.547455860613
households,county,2,,,762.7102704416864,554.1547610458922,971.2657798374805
households,county,3,,,2338.2726725325215,1711.4492658439233,2965.09607922112
households,county,4,,,3040.5487156567942,2264.792577340936,3816.3048539726524
households,county,5,,,917.7133015364841,671.6601688704912,1163.7664342024768
households,county,6,,,2485.869873156183,1819.3697051123875,3152.370041199979
households,county,7,,,2364.917363229453,1761.5397058717388,2968.2950205871666
households,county,8,,,848.5804125361589,632.0762465315928,1065.0845785407248
households,county,9,,,1798.5653470949414,1316.979034117741,2280.1516600721416
households,county,10,,,1017.9988574351614,758.269796562914,1277.7279183074088
households,county,11,,,1147.947078892069,855.0634331452791,1440.8307246388588
households,county,12,,,1191.399549553744,865.6232363447849,1517.1758627627032
households,county,13,,,1369.991398782911,1003.1606313515223,1736.8221662142996
households,county,14,,,1369.2757564178955,1019.9230005753304,1718.6285122604606
households,county,15,,,736.4100680365357,535.0460864362731,937.7740496367983
households,county,16,,,2189.9433134368423,1602.7856338762203,2777.1009929974643
households,county,17,,,984.5021001452465,733.3192976991579,1235.684902591335
households,nation,0,,,29356.194802466634,27702.52467795872,31009.864926974547
households,state,0,,,5987.710384842818,5318.214424545825,6657.206345139811
households,state,1,,,1972.3950846170417,1764.0628443056382,2180.7273249284453
households,state,2,,,2690.519888031966,2354.7418625427604,3026.2979135211713
households,state,3,,,2338.2726725325215,2075.0966194356192,2601.4487256294237
households,state,4,,,10773.770284312777,9946.18377084035,11601.356797785205
households,state,5,,,5593.52648812951,4963.376365110082,6223.676611148938
low_income_household_share,county,0,,,0.274058744583911,0.07381993667202141,0.4742975524958006
low_income_household_share,county,1,,,0.31988841456705985,0.17599475023395403,0.46378207890016565
low_income_household_share,county,2,,,0.2540183468539026,0.13071619892931224,0.377320494778493
low_income_household_share,county,3,,,0.2953617959197721,0.1396949031780167,0.45102868866152745
low_income_household_share,county,4,,,0.3068087036561522,0.18810033231201645,0.42551707500028796
low_income_household_share,county,5,,,0.3164214691794163,0.162485445200166,0.47035749315866665
low_income_household_share,county,6,,,0.2982429847709117,0.14562356713632613,0.4508624024054973
low_income_household_share,county,7,,,0.29326512928641824,0.17544712578572413,0.41108313278711234
low_income_household_share,county,8,,,0.33148499678015153,0.21106909657348552,0.45190089698681757
low_income_household_share,county,9,,,0.27338494884630715,0.07321230267258994,0.47355759502002437
low_income_household_share,county,10,,,0.3203224124116124,0.20069235742431651,0.4399524673989083
low_income_household_share,county,11,,,0.32119501979640463,0.20150432569250876,0.4408857139003005
low_income_household_share,county,12,,,0.2721212503359194,0.14704165956631635,0.39720084110552245
low_income_household_share,county,13,,,0.27716086620736463,0.07661580356917447,0.4777059288455548
low_income_household_share,county,14,,,0.35251043232166446,0.2305557372867946,0.47446512735653434
low_income_household_share,county,15,,,0.30596716946180336,0.17731255819587116,0.43462178072773555
low_income_household_share,county,16,,,0.33772551057063677,0.1821667046686377,0.4932843164726358
low_income_household_share,county,17,,,0.30311551617018795,0.18465328249354612,0.4215777498468298
low_income_household_share,nation,0,,,0.302931544686829,0.22837428514815572,0.37748880422550224
low_income_household_share,state,0,,,0.2745450324833009,0.10699012834858099,0.44209993661802083
low_income_household_share,state,1,,,0.31988841456705985,0.2087808822804978,0.4309959468536219
low_income_household_share,state,2,,,0.276205412037343,0.18320163005431872,0.3692091940203673
low_income_household_share,state,3,,,0.2953617959197721,0.16490005167342006,0.4258235401661241
low_income_household_share,state,4,,,0.3133110832119862,0.22811280447145604,0.39850936195251635
low_income_household_share,state,5,,,0.31565779649411535,0.19528287689926457,0.4360327160889661
mean_income_adults,county,0,,,19450.91633322847,9836.05305382948,29065.77961262746
mean_income_adults,county,1,,,17912.126590056396,11614.113808005477,24210.139372107315
mean_income_adults,county,2,,,19445.34928563493,12933.332380329499,25957.36619094036
mean_income_adults,county,3,,,18203.97959075851,10979.83814633367,25428.12103518335
mean_income_adults,county,4,,,17073.556700774763,12069.307365099714,22077.806036449812
mean_income_adults,county,5,,,18586.39801843045,12016.409510261496,25156.386526599403
mean_income_adults,county,6,,,18360.91948522629,11925.489842645002,24796.34912780758
mean_income_adults,county,7,,,18042.49359873058,12822.80111272543,23262.18608473573
mean_income_adults,county,8,,,18304.4569255075,13009.46270718725,23599.45114382775
mean_income_adults,county,9,,,21387.365784913676,11320.672798040356,31454.058771786997
mean_income_adults,county,10,,,16426.08388924407,11567.54530811198,21284.62247037616
mean_income_adults,county,11,,,18418.698629562372,13092.627322988477,23744.76993613627
mean_income_adults,county,12,,,18428.69046703385,12034.806739108244,24822.57419495946
mean_income_adults,county,13,,,21086.88944362393,11105.370829168227,31068.408058079636
mean_income_adults,county,14,,,19505.10997120051,13868.615220128297,25141.60472227272
mean_income_adults,county,15,,,17330.347742780763,11464.727312201983,23195.968173359543
mean_income_adults,county,16,,,19050.986259355843,12253.597491560704,25848.37502715098
mean_income_adults,county,17,,,17632.967902262655,12525.589255623301,22740.34654890201
mean_income_adults,nation,0,,,18527.828633257915,13510.753345737656,23544.903920778175
mean_income_adults,state,0,,,20353.127781256106,11635.117342380232,29071.13822013198
mean_income_adults,state,1,,,17912.126590056396,12538.067178152589,23286.186001960203
mean_income_adults,state,2,,,18410.211034941938,13144.949486334954,23675.472583548923
mean_income_adults,state,3,,,18203.97959075851,11916.272253601874,24491.686927915147
mean_income_adults,state,4,,,17800.064059515407,13648.33325569484,21951.794863335974
mean_income_adults,state,5,,,18649.60465220503,13061.728265488133,24237.481038921927
median_household_income,county,0,,,25943.78596923222,14821.657892836782,37065.91404562766
median_household_income,county,1,,,23341.24882260509,12962.75428322996,33719.74336198022
median_household_income,county,2,,,30397.297629475488,20765.775489622996,40028.81976932798
median_household_income,county,3,,,25297.441119483363,15358.688035561525,35236.194203405204
median_household_income,county,4,,,25767.18689453015,18269.769687021566,33264.604102038735
median_household_income,county,5,,,27295.2667329065,19114.35836915391,35476.17509665909
median_household_income,county,6,,,29723.72693798246,20835.927953638835,38611.52592232609
median_household_income,county,7,,,29201.214384704544,20264.62706273327,38137.80170667582
median_household_income,county,8,,,15217.957002549292,10814.037854448605,19621.87615064998
median_household_income,county,9,,,25370.933270730286,14411.16537706471,36330.70116439586
median_household_income,county,10,,,25609.66029748426,18190.821004419056,33028.499590549465
median_household_income,county,11,,,21305.88498980783,15140.182533287054,27471.587446328605
median_household_income,county,12,,,25894.526339048803,17126.643800901446,34662.40887719616
median_household_income,county,13,,,24328.900691576593,13671.02312924521,34986.77825390798
median_household_income,county,14,,,24238.9777209438,17223.088629975657,31254.866811911943
median_household_income,county,15,,,15576.490500823153,9456.014659354423,21696.966342291882
median_household_income,county,16,,,21920.9589314625,15216.088678769276,28625.829184155726
median_household_income,county,17,,,28455.631194379795,20220.866234324538,36690.39615443505
median_household_income,nation,0,,,25261.24181998621,18694.15574204967,31828.327897922754
median_household_income,state,0,,,25665.143169590516,15935.005800057335,35395.2805391237
median_household_income,state,1,,,23341.24882260509,14026.360697373679,32656.136947836498
median_household_income,state,2,,,25334.795959198345,18043.91136606434,32625.68055233235
median_household_income,state,3,,,25297.441119483363,16572.74516657434,34022.13707239239
median_household_income,state,4,,,24238.9777209438,18467.956800606706,30009.998641280894
median_household_income,state,5,,,27292.212442247986,20502.41855503017,34082.0063294658
persons,county,0,,,6359.947972413438,4681.180787922696,8038.71515690418
persons,county,1,,,5203.01270379142,3831.933543840252,6574.0918637425875
persons,county,2,,,1619.639551576365,1167.4792827430538,2071.799820409676
persons,county,3,,,5105.542134485905,3793.0385757109952,6418.045693260815
persons,county,4,,,6375.916728444048,4784.342982115481,7967.490474772615
persons,county,5,,,2129.4894513641125,1586.5353738300896,2672.4435288981354
persons,county,6,,,5849.566029266699,4358.107254788929,7341.024803744469
persons,county,7,,,5132.994463872168,3851.6823676361682,6414.306560108168
persons,county,8,,,1625.4136070206412,1219.6734234454107,2031.1537905958717
persons,county,9,,,3582.1508471525403,2636.6089467817123,4527.692747523369
persons,county,10,,,2177.6649461587785,1634.0702751141755,2721.259617203382
persons,county,11,,,2490.1792698571044,1868.573919856965,3111.784619857244
persons,county,12,,,2873.3516858341623,2071.188346803005,3675.5150248653194
persons,county,13,,,2770.9560650131534,2039.5365421197225,3502.3755879065843
persons,county,14,,,2550.113523717057,1913.5472215884583,3186.6798258456556
persons,county,15,,,1601.7293782298248,1154.5691532564827,2048.8896032031666
persons,county,16,,,4542.512096490115,3384.3117290466344,5700.712463933596
persons,county,17,,,1966.4680516046587,1475.592926155578,2457.3431770537395
persons,nation,0,,,63956.6485062922,60779.28719517966,67134.00981740473
persons,state,0,,,12713.054884579133,11411.58349429414,14014.526274864125
persons,state,1,,,5203.01270379142,4676.335330722369,5729.690076860471
persons,state,2,,,6094.720615640352,5260.311595996828,6929.129635283875
persons,state,3,,,5105.542134485905,4681.662585771255,5529.421683200555
persons,state,4,,,22318.75059067446,21072.65036180545,23564.85081954347
persons,state,5,,,12521.567577120926,11566.724234783684,13476.410919458169
tertiary_share_25_plus,county,0,,,0.5398631434696112,0.5150740891416699,0.5646521977975525
tertiary_share_25_plus,county,1,,,0.4552527358568992,0.428790257115688,0.48171521459811034
tertiary_share_25_plus,county,2,,,0.43696737891941123,0.3999921114190111,0.4739426464198114
tertiary_share_25_plus,county,3,,,0.37905409318007216,0.3526776920212155,0.4054304943389288
tertiary_share_25_plus,county,4,,,0.384352314614133,0.3587096980039244,0.4099949312243416
tertiary_share_25_plus,county,5,,,0.40663122353280645,0.37287058568966375,0.44039186137594916
tertiary_share_25_plus,county,6,,,0.42302788694047927,0.39733740960591624,0.4487183642750423
tertiary_share_25_plus,county,7,,,0.3823276933788387,0.35563158232363307,0.40902380443404435
tertiary_share_25_plus,county,8,,,0.4138268453255368,0.3750860712126989,0.45256761943837476
tertiary_share_25_plus,county,9,,,0.44914920768558725,0.42121136888606947,0.477087046485105
tertiary_share_25_plus,county,10,,,0.4089389115242094,0.37451917465716555,0.4433586483912533
tertiary_share_25_plus,county,11,,,0.4188569033323445,0.38609916616799755,0.4516146404966914
tertiary_share_25_plus,county,12,,,0.4232008894406885,0.3918391725749653,0.4545626063064117
tertiary_share_25_plus,county,13,,,0.4599871240753325,0.4300098911601021,0.4899643569905629
tertiary_share_25_plus,county,14,,,0.4008742057792258,0.36824342036811086,0.4335049911903407
tertiary_share_25_plus,county,15,,,0.3726417545881002,0.3370415719632564,0.40824193721294405
tertiary_share_25_plus,county,16,,,0.400963077388859,0.3738948830027245,0.4280312717749935
tertiary_share_25_plus,county,17,,,0.37013603214447777,0.3358770796319276,0.40439498465702794
tertiary_share_25_plus,nation,0,,,0.4211011821259474,0.40044688719675925,0.4417554770551355
tertiary_share_25_plus,state,0,,,0.4968928308841124,0.47434539321590996,0.5194402685523148
tertiary_share_25_plus,state,1,,,0.4552527358568991,0.42879025711568797,0.4817152145981103
tertiary_share_25_plus,state,2,,,0.4135720147988262,0.38793206020393906,0.4392119693937134
tertiary_share_25_plus,state,3,,,0.37905409318007216,0.3526776920212155,0.4054304943389288
tertiary_share_25_plus,state,4,,,0.39291716449207803,0.3711473358997446,0.4146869930844115
tertiary_share_25_plus,state,5,,,0.41223481448954047,0.3893886160396514,0.4350810129394295
person_years_exposure,county,0,male,0-17,5026.374222355556,4592.923122466946,5560.1601499142935
person_years_exposure,county,0,male,18-44,4895.361934421722,4480.555553910734,5415.903301928791
person_years_exposure,county,0,male,45-64,4188.2311537341275,3823.132701362008,4637.5571458993145
person_years_exposure,county,0,male,65-74,1032.5496123575267,911.5559030687333,1159.4752770943558
person_years_exposure,county,0,male,75-84,470.199203887379,365.8094347405371,557.6794128869585
person_years_exposure,county,0,male,85+,89.4276723774787,54.732555279618836,120.03155194780705
person_years_exposure,county,0,male,18-64,9083.593088155849,8314.373506029508,10046.988964152899
person_years_exposure,county,0,male,65+,1592.1764886223846,1348.9817135160383,1822.8449633057812
mortality_rate,county,0,male,0-17,0.0005963659809526133,0.0,0.0015022410104962437
mortality_rate,county,0,male,18-44,0.000719849896382845,0.0,0.0017655147157298564
mortality_rate,county,0,male,45-64,0.005821278358350065,0.0017887829720108256,0.012366773005820444
mortality_rate,county,0,male,65-74,0.0286807117624929,0.009243909503356539,0.06126092397509773
mortality_rate,county,0,male,75-84,0.07673303418979005,0.025955036192917835,0.17824206602354464
mortality_rate,county,0,male,85+,0.13794644006962622,0.04503336191012441,0.347116415096733
qualifying_event_rate,county,0,male,0-17,0.007554001473343567,0.0025446613859589655,0.015485087046151083
qualifying_event_rate,county,0,male,18-44,0.015574571417569032,0.005750637869839387,0.030919004359540297
qualifying_event_rate,county,0,male,45-64,0.023814755097703397,0.008816380787241871,0.04661285637826898
qualifying_event_rate,county,0,male,65-74,0.048024074240834116,0.018023785206129815,0.09192178970825747
qualifying_event_rate,county,0,male,75-84,0.03526523671314064,0.011002210861403664,0.07336232424616419
qualifying_event_rate,county,0,male,85+,0.03858797211276619,0.0,0.08912865253825895
person_years_exposure,county,0,female,0-17,5295.534898879597,4841.819923475471,5854.775330556694
person_years_exposure,county,0,female,18-44,4741.534590477996,4330.486672055181,5248.425711125396
person_years_exposure,county,0,female,45-64,4323.6847409566535,3947.4575119114693,4781.890568568594
person_years_exposure,county,0,female,65-74,1256.077586794034,1115.4026329133944,1412.2360897179692
person_years_exposure,county,0,female,75-84,548.9728289630767,429.27642506700613,650.772935454136
person_years_exposure,county,0,female,85+,82.18072672446604,52.39864935596311,107.87823037345704
person_years_exposure,county,0,female,18-64,9065.21933143465,8293.987145841194,10028.05690428084
person_years_exposure,county,0,female,65+,1887.2311424815769,1608.0076111892154,2159.5499345755475
mortality_rate,county,0,female,0-17,0.0005959287926546723,0.0,0.0014496761208515699
mortality_rate,county,0,female,18-44,0.0006487713663794847,0.0,0.0016010240660892727
mortality_rate,county,0,female,45-64,0.005992045303011081,0.0018832508852141907,0.012857338603165456
mortality_rate,county,0,female,65-74,0.027319125639232358,0.008995849353459815,0.05867657682326932
mortality_rate,county,0,female,75-84,0.07375397085259362,0.025321644375670617,0.16651842953000243
mortality_rate,county,0,female,85+,0.12249336056499574,0.03659769683989879,0.3025138370197028
qualifying_event_rate,county,0,female,0-17,0.008552403420253568,0.0030719194515944548,0.017302714863859887
qualifying_event_rate,county,0,female,18-44,0.01749231775173842,0.006378305055447308,0.03485296854265514
qualifying_event_rate,county,0,female,45-64,0.023634129118972336,0.008824793318425705,0.04652052684678839
qualifying_event_rate,county,0,female,65-74,0.044680805695287616,0.01676759692909452,0.08630233080602184
qualifying_event_rate,county,0,female,75-84,0.046846676626169786,0.016624534581337547,0.09135011003686476
qualifying_event_rate,county,0,female,85+,0.03733661305810444,0.0,0.08853670244761126
person_years_exposure,county,1,male,0-17,3824.5050794208682,3409.962242325325,4204.343742353952
person_years_exposure,county,1,male,18-44,3440.7715680432157,3079.555082124598,3780.6481415502394
person_years_exposure,county,1,male,45-64,3252.551508766403,2891.3457892474917,3578.161706219483
person_years_exposure,county,1,male,65-74,999.7825016552302,869.5007722347565,1117.9799465992733
person_years_exposure,county,1,male,75-84,327.4048661479773,253.98201550094657,394.35490391925674
person_years_exposure,county,1,male,85+,23.92816343809477,13.084312224534488,33.21493919882536
person_years_exposure,county,1,male,18-64,6693.323076809618,5967.432463136424,7355.484400777436
person_years_exposure,county,1,male,65+,1351.1155312413023,1153.634245678421,1529.829165564919
mortality_rate,county,1,male,0-17,0.004360373220833905,0.001208623768600693,0.009389863905538377
mortality_rate,county,1,male,18-44,0.0005920501651199456,0.0,0.001588032848477132
mortality_rate,county,1,male,45-64,0.00791581069872585,0.0024714974981529824,0.016579567176263323
mortality_rate,county,1,male,65-74,0.028243447590601548,0.008827797893884113,0.06108082871048309
mortality_rate,county,1,male,75-84,0.07478948218352817,0.024224020909804116,0.17419011521670397
mortality_rate,county,1,male,85+,0.10458174873181861,0.0,0.3329296251495018
qualifying_event_rate,county,1,male,0-17,0.012927530549256518,0.004606415955700206,0.026068995959218667
qualifying_event_rate,county,1,male,18-44,0.020839967137670033,0.007453385674516647,0.04207496828091774
qualifying_event_rate,county,1,male,45-64,0.03602575877056336,0.014046912953212238,0.0699430652008108
qualifying_event_rate,county,1,male,65-74,0.05869540541876338,0.024072998982240204,0.11112988385599504
qualifying_event_rate,county,1,male,75-84,0.06507907520931973,0.022924245278222913,0.12310005166283507
qualifying_event_rate,county,1,male,85+,0.019797844613096218,0.0,0.07748489151550603
person_years_exposure,county,1,female,0-17,3648.3851036317233,3255.015883252912,4010.934670682275
person_years_exposure,county,1,female,18-44,3382.2803646962243,3008.220603987478,3721.7192284933576
person_years_exposure,county,1,female,45-64,3272.015731623174,2912.8096661090653,3598.0413794902433
person_years_exposure,county,1,female,65-74,951.2269566195594,826.5095659882475,1061.025447276163
person_years_exposure,county,1,female,75-84,384.26145006039985,300.8719840776226,452.34257272159925
person_years_exposure,county,1,female,85+,57.53659444808881,37.074018465736394,75.27906858496085
person_years_exposure,county,1,female,18-64,6654.296096319398,5945.500750954058,7311.344876237518
person_years_exposure,county,1,female,65+,1393.025001128048,1182.1618271539073,1575.3051008544412
mortality_rate,county,1,female,0-17,0.0022358458141877695,0.0005269739737166876,0.004968956526983401
mortality_rate,county,1,female,18-44,0.0008391909008716744,0.0,0.0020620926330482156
mortality_rate,county,1,female,45-64,0.007948708965512174,0.0024965537332225117,0.0171311432855858
mortality_rate,county,1,female,65-74,0.029119463611961355,0.009469231669150415,0.06546186225489548
mortality_rate,county,1,female,75-84,0.07307433622123949,0.024353461813887298,0.16893623144681655
mortality_rate,county,1,female,85+,0.08373472750869258,0.01423846524322378,0.2208156706241742
qualifying_event_rate,county,1,female,0-17,0.013614488883877951,0.004764322178048987,0.027901713700610578
qualifying_event_rate,county,1,female,18-44,0.02479388289527021,0.009342100294993338,0.049436057445628956
qualifying_event_rate,county,1,female,45-64,0.035677041132635375,0.013837442453054143,0.06937556150710177
qualifying_event_rate,county,1,female,65-74,0.05535336473615009,0.021922648624271714,0.10415462936531647
qualifying_event_rate,county,1,female,75-84,0.05726464576134499,0.020899171178944718,0.11101334617170479
qualifying_event_rate,county,1,female,85+,0.0416452708827071,0.0,0.09800294095906503
person_years_exposure,county,2,male,0-17,1312.887764193781,1120.6595587594193,1490.1600377314724
person_years_exposure,county,2,male,18-44,1526.2381730965412,1311.8333728948278,1731.3840945802997
person_years_exposure,county,2,male,45-64,1103.9891253539295,946.0751295416393,1250.8032312216606
person_years_exposure,county,2,male,65-74,336.18642254294355,278.7538955478864,391.9337619583199
person_years_exposure,county,2,male,75-84,144.23530015644283,108.22190114908935,176.67917622330756
person_years_exposure,county,2,male,85+,22.022627706893488,9.981504622938884,35.306521617630004
person_years_exposure,county,2,male,18-64,2630.2272984504707,2262.0975545162937,2979.049773987205
person_years_exposure,county,2,male,65+,502.44435040627985,403.11314198189893,593.8739645407754
mortality_rate,county,2,male,0-17,0.002996510546098237,0.0,0.0072856354729577515
mortality_rate,county,2,male,18-44,0.0007310278801285268,0.0,0.0023807640570992676
mortality_rate,county,2,male,45-64,0.009083712948064598,0.00217539855106007,0.02015136896067945
mortality_rate,county,2,male,65-74,0.035910327929830316,0.009138158249613164,0.08360088936670551
mortality_rate,county,2,male,75-84,0.07422812640211675,0.019190538008137362,0.18998605166721136
mortality_rate,county,2,male,85+,0.11099826658238499,0.0,0.37638627758129845
qualifying_event_rate,county,2,male,0-17,0.020357452868534093,0.006921129164640704,0.041643295052157574
qualifying_event_rate,county,2,male,18-44,0.030910380089418724,0.011642754468796387,0.06115952586310633
qualifying_event_rate,county,2,male,45-64,0.0436550988629151,0.016671394461386674,0.0852041934503087
qualifying_event_rate,county,2,male,65-74,0.07455314557680531,0.027776354276119228,0.13541119703730634
qualifying_event_rate,county,2,male,75-84,0.06922057336151943,0.02150808009214274,0.13212503302081047
qualifying_event_rate,county,2,male,85+,0.04034978546384212,0.0,0.12792054585599147
person_years_exposure,county,2,female,0-17,1168.010555392132,996.144762049121,1325.7172353272947
person_years_exposure,county,2,female,18-44,1221.832822606069,1047.6751233948582,1388.5163211015922
person_years_exposure,county,2,female,45-64,1130.091824540241,965.8085371099928,1281.5618234679139
person_years_exposure,county,2,female,65-74,317.34102041866663,261.8845635109937,368.3469884885341
person_years_exposure,county,2,female,75-84,124.12811007513315,88.30399420411997,156.38174211343755
person_years_exposure,county,2,female,85+,18.17561635722126,7.153599990354794,30.621771091686405
person_years_exposure,county,2,female,18-64,2351.9246471463102,2014.4462136282837,2669.768904617557
person_years_exposure,county,2,female,65+,459.644746851021,364.8357096966546,546.9506359965637
mortality_rate,county,2,female,0-17,0.0015300455691515736,0.0,0.004289940269278122
mortality_rate,county,2,female,18-44,0.0008439516147972784,0.0,0.002663508437981
mortality_rate,county,2,female,45-64,0.008860072336664764,0.0020187298962917165,0.01969638313582178
mortality_rate,county,2,female,65-74,0.03508588357826922,0.00911189514740175,0.0822945688294417
mortality_rate,county,2,female,75-84,0.08297050593433286,0.022026683335112596,0.20595620328090677
mortality_rate,county,2,female,85+,0.11646998406316927,0.0,0.4450467837594692
qualifying_event_rate,county,2,female,0-17,0.017548702978646108,0.005441927091981397,0.035855888225537175
qualifying_event_rate,county,2,female,18-44,0.03110264719574688,0.011046267030581347,0.0616602670020827
qualifying_event_rate,county,2,female,45-64,0.048908846718152606,0.018859886087414596,0.09300535894195597
qualifying_event_rate,county,2,female,65-74,0.06702388640606231,0.02485083353142468,0.12479108303812006
qualifying_event_rate,county,2,female,75-84,0.06565378946113441,0.01889518067375003,0.1317043246396448
qualifying_event_rate,county,2,female,85+,0.047321244883465105,0.0,0.15127619582229135
person_years_exposure,county,3,male,0-17,3564.707955102827,3276.9306219778605,3833.8841598582076
person_years_exposure,county,3,male,18-44,3505.619338056213,3230.807637851664,3761.187259713054
person_years_exposure,county,3,male,45-64,3552.380542159186,3273.5892387469517,3822.867085924973
person_years_exposure,county,3,male,65-74,1251.9756564148458,1132.7693580670705,1361.4117904386699
person_years_exposure,county,3,male,75-84,614.4946972460847,490.72855961476057,709.0068292808854
person_years_exposure,county,3,male,85+,89.08097080251132,56.17241624204171,115.356843538732
person_years_exposure,county,3,male,18-64,7057.999880215399,6504.361493338267,7578.564809972521
person_years_exposure,county,3,male,65+,1955.5513244634417,1700.1287242231626,2171.972210940509
mortality_rate,county,3,male,0-17,0.006343930021007197,0.001912349381484203,0.013736379222775466
mortality_rate,county,3,male,18-44,0.0010720789734500647,0.0,0.002602459014205559
mortality_rate,county,3,male,45-64,0.004707450694411173,0.0013229033598233942,0.010245128943615843
mortality_rate,county,3,male,65-74,0.02344263582492128,0.007282310883951429,0.05096643582376526
mortality_rate,county,3,male,75-84,0.0679391612459716,0.02313030014368524,0.15613908093379245
mortality_rate,county,3,male,85+,0.10921863349342657,0.028219851918970144,0.2873877269263212
qualifying_event_rate,county,3,male,0-17,0.0124065102932743,0.004342821068341997,0.02537337490436291
qualifying_event_rate,county,3,male,18-44,0.03373197527753192,0.012934652154887451,0.06610123957647568
qualifying_event_rate,county,3,male,45-64,0.040467609241230926,0.016149287513823326,0.07871670131029308
qualifying_event_rate,county,3,male,65-74,0.06303126651842185,0.024889635043985236,0.11632123826269145
qualifying_event_rate,county,3,male,75-84,0.08172964572304454,0.03418988789344533,0.1475745925748756
qualifying_event_rate,county,3,male,85+,0.03982221464644796,0.0,0.0900029323567247
person_years_exposure,county,3,female,0-17,3370.6160498558274,3093.2241918653085,3634.292436375845
person_years_exposure,county,3,female,18-44,3242.4397533290967,2978.3507641242745,3491.1526599875656
person_years_exposure,county,3,female,45-64,3774.7427108455613,3472.7789886793835,4056.444184424524
person_years_exposure,county,3,female,65-74,1118.50692729987,1003.7265991452742,1224.4588399653983
person_years_exposure,county,3,female,75-84,461.90768853848436,362.6189152073445,539.0698677103642
person_years_exposure,county,3,female,85+,63.255446115474015,39.02950967854262,81.65436020905331
person_years_exposure,county,3,female,18-64,7017.182464174658,6447.782222909256,7537.340026797567
person_years_exposure,county,3,female,65+,1643.6700619538285,1419.590865359014,1832.8992840820463
mortality_rate,county,3,female,0-17,0.0077612388545764376,0.002442165490454081,0.01703715201723021
mortality_rate,county,3,female,18-44,0.0006419681249629468,0.0,0.0018052389781571712
mortality_rate,county,3,female,45-64,0.005628875984766241,0.0016547775995274885,0.012416594469907338
mortality_rate,county,3,female,65-74,0.028329304597149704,0.009033863202918557,0.06254554222875346
mortality_rate,county,3,female,75-84,0.07345318782774013,0.023633263932531894,0.1721259942383877
mortality_rate,county,3,female,85+,0.08035281002899747,0.01333609088393705,0.22871465877469527
qualifying_event_rate,county,3,female,0-17,0.012050664763267051,0.00413597155562337,0.024619514457229232
qualifying_event_rate,county,3,female,18-44,0.027558247439911854,0.010357237939856385,0.0545746673179404
qualifying_event_rate,county,3,female,45-64,0.041664289384380396,0.01688668840274376,0.0793626873096588
qualifying_event_rate,county,3,female,65-74,0.061217969904618634,0.0237107691266897,0.11364567573861802
qualifying_event_rate,county,3,female,75-84,0.05968851347510947,0.022435468945315073,0.11211606632021523
qualifying_event_rate,county,3,female,85+,0.04034650621827338,0.0,0.09722234004234798
person_years_exposure,county,4,male,0-17,5306.154539262677,5042.045841999313,5540.3679910993515
person_years_exposure,county,4,male,18-44,5215.576772090315,4970.966068127049,5429.9132462421
person_years_exposure,county,4,male,45-64,4642.569574784388,4416.541477485935,4840.010985645407
person_years_exposure,county,4,male,65-74,1319.5174234995045,1196.9656824958743,1415.4321846990597
person_years_exposure,county,4,male,75-84,491.88233587353454,383.1091356519941,569.7848826423482
person_years_exposure,county,4,male,85+,43.86087685911703,22.578702319459648,61.26169003298388
person_years_exposure,county,4,male,18-64,9858.146346874702,9392.183121129752,10254.934164559472
person_years_exposure,county,4,male,65+,1855.2606362321562,1612.5498334087126,2037.7867772223162
mortality_rate,county,4,male,0-17,0.0027636870868988543,0.0007445670158417086,0.006197196282639036
mortality_rate,county,4,male,18-44,0.000687731044760832,0.0,0.0017204625741592838
mortality_rate,county,4,male,45-64,0.006396940683194663,0.0020703701981167545,0.013702206450536275
mortality_rate,county,4,male,65-74,0.02925689330146575,0.010014142119852082,0.06325032423880418
mortality_rate,county,4,male,75-84,0.08218637066448953,0.028362909494307222,0.1942955333357278
mortality_rate,county,4,male,85+,0.1150437057179175,0.019276106926915774,0.3386650038419304
qualifying_event_rate,county,4,male,0-17,0.01260825833331201,0.004509281107597088,0.025243437454069494
qualifying_event_rate,county,4,male,18-44,0.029655756545984104,0.01113517230564616,0.05790233736897998
qualifying_event_rate,county,4,male,45-64,0.04334726115345211,0.01767793636427355,0.08136002967726279
qualifying_event_rate,county,4,male,65-74,0.07003872133219902,0.029526862735417568,0.12533787306220529
qualifying_event_rate,county,4,male,75-84,0.0642093336136373,0.025596187003264086,0.11955859570832103
qualifying_event_rate,county,4,male,85+,0.027947598452315446,0.0,0.0812592707254448
person_years_exposure,county,4,female,0-17,4745.43949219719,4498.403863170361,4965.373496596867
person_years_exposure,county,4,female,18-44,4975.472827740139,4737.7367808163135,5186.1653015801685
person_years_exposure,county,4,female,45-64,4786.256770074931,4545.435413247252,4995.689154152419
person_years_exposure,county,4,female,65-74,1525.1532483444237,1391.326618161747,1631.2418266265136
person_years_exposure,county,4,female,75-84,501.3866689406111,402.238135597369,571.372310617401
person_years_exposure,county,4,female,85+,53.55420412744886,32.91137652265192,68.75329318845178
person_years_exposure,county,4,female,18-64,9761.72959781507,9296.915882197103,10171.449687735058
person_years_exposure,county,4,female,65+,2080.0941214124837,1844.8635356716,2261.79388235741
mortality_rate,county,4,female,0-17,0.0034600448748209884,0.0010273898609742707,0.007403565789772115
mortality_rate,county,4,female,18-44,0.0007167974529206429,0.0,0.001768685295735971
mortality_rate,county,4,female,45-64,0.007351676562517378,0.002483316459723569,0.015531119732797955
mortality_rate,county,4,female,65-74,0.026857892731904344,0.009112507653097755,0.05849741089679483
mortality_rate,county,4,female,75-84,0.06769130827371171,0.023121841603441634,0.15800517646102136
mortality_rate,county,4,female,85+,0.0860635428635362,0.015188066743207019,0.24378189358357005
qualifying_event_rate,county,4,female,0-17,0.0135124594253462,0.004938085637283608,0.027494326116956572
qualifying_event_rate,county,4,female,18-44,0.029109886483800636,0.011091011129191202,0.05722996967284093
qualifying_event_rate,county,4,female,45-64,0.04522898571091725,0.018561982005076152,0.08537390575487214
qualifying_event_rate,county,4,female,65-74,0.06397708115719279,0.026319566395445915,0.1180914921300377
qualifying_event_rate,county,4,female,75-84,0.06169697657888502,0.023189106741904032,0.11481309462679962
qualifying_event_rate,county,4,female,85+,0.04756420777708423,0.0,0.11240140867052344
person_years_exposure,county,5,male,0-17,1656.2677664251219,1482.355158780867,1745.9620469771228
person_years_exposure,county,5,male,18-44,1440.280998522616,1292.1320151062487,1503.789798368295
person_years_exposure,county,5,male,45-64,1407.3028362895764,1259.5919841894295,1477.6676241880864
person_years_exposure,county,5,male,65-74,453.7091160456385,400.90861367134926,487.2743778414676
person_years_exposure,county,5,male,75-84,212.62705722833786,167.37942453681146,246.7659040984678
person_years_exposure,county,5,male,85+,26.77579376038513,13.647091287140176,37.61831786708455
person_years_exposure,county,5,male,18-64,2847.5838348121924,2551.494692876643,2977.831459606496
person_years_exposure,county,5,male,65+,693.1119670343614,591.7270338164079,764.3752582778679
mortality_rate,county,5,male,0-17,0.001254408713896762,0.0,0.0034981788590518485
mortality_rate,county,5,male,18-44,0.0008302551949769564,0.0,0.0026947947840656366
mortality_rate,county,5,male,45-64,0.005190905321068248,0.0008297506207373579,0.011856177080771942
mortality_rate,county,5,male,65-74,0.021537228056261605,0.004565669391603794,0.04892019681599805
mortality_rate,county,5,male,75-84,0.0731324050742625,0.020757569610955474,0.17845472717094546
mortality_rate,county,5,male,85+,0.11645165990520862,0.024135987105139155,0.37896959368081085
qualifying_event_rate,county,5,male,0-17,0.019132981064005038,0.006541762916186674,0.0390998680537816
qualifying_event_rate,county,5,male,18-44,0.029878229887779252,0.010792764706450292,0.05798600765606997
qualifying_event_rate,county,5,male,45-64,0.043360293552645146,0.016543873486622805,0.08155984722286466
qualifying_event_rate,county,5,male,65-74,0.06713305964190619,0.02549133757857947,0.12579910223617327
qualifying_event_rate,county,5,male,75-84,0.07696392222172439,0.02850904378782761,0.1414881095271173
qualifying_event_rate,county,5,male,85+,0.04923233906067135,0.0,0.13793268668865416
person_years_exposure,county,5,female,0-17,1851.6231089832047,1657.571802923487,1955.5670923225825
person_years_exposure,county,5,female,18-44,1632.326227996851,1465.3690473350457,1702.7648495408594
person_years_exposure,county,5,female,45-64,1522.489958813166,1366.6777203503955,1593.381602898071
person_years_exposure,county,5,female,65-74,432.0034830392802,378.42727981641065,466.99951718890094
person_years_exposure,county,5,female,75-84,172.65378093095038,133.79268158296352,200.85315509440372
person_years_exposure,county,5,female,85+,27.764129481017807,15.62900404390216,37.7032620039651
person_years_exposure,county,5,female,18-64,3154.816186810017,2835.0161285865292,3293.1547700897854
person_years_exposure,county,5,female,65+,632.4213934512484,541.6542957127072,700.186333663836
mortality_rate,county,5,female,0-17,0.007022713156723703,0.0017369360432223444,0.015547807590301494
mortality_rate,county,5,female,18-44,0.0007906062658404393,0.0,0.002380212889222746
mortality_rate,county,5,female,45-64,0.00462659557898891,0.0006801743977450387,0.010414716713874181
mortality_rate,county,5,female,65-74,0.02556605678477622,0.006484618677544514,0.05751913208822848
mortality_rate,county,5,female,75-84,0.07127399035570514,0.019580162017356375,0.17174552634794601
mortality_rate,county,5,female,85+,0.10240208966087325,0.0,0.30268097985137005
qualifying_event_rate,county,5,female,0-17,0.017393154281777828,0.005952580373254083,0.03506465973438315
qualifying_event_rate,county,5,female,18-44,0.029100988419812242,0.010699113617799728,0.05809803184132269
qualifying_event_rate,county,5,female,45-64,0.04298725940598547,0.016334579864122525,0.08289126103851921
qualifying_event_rate,county,5,female,65-74,0.06281306980789254,0.023891917500087016,0.11682538907639108
qualifying_event_rate,county,5,female,75-84,0.06469457361930665,0.02199557448300402,0.12463183837175477
qualifying_event_rate,county,5,female,85+,0.04670309564106486,0.0,0.12818913968416384
person_years_exposure,county,6,male,0-17,4637.695409247865,4157.33436751004,4867.240647258532
person_years_exposure,county,6,male,18-44,4481.568354084385,4025.8058628752206,4671.587552386779
person_years_exposure,county,6,male,45-64,4131.066743869907,3703.1784443186316,4331.889211567897
person_years_exposure,county,6,male,65-74,1179.6614692419837,1045.3965116632526,1261.628794695666
person_years_exposure,county,6,male,75-84,464.7322697634856,373.8192311630835,531.8450007685257
person_years_exposure,county,6,male,85+,80.39764897820267,47.73198906697393,106.91315644385851
person_years_exposure,county,6,male,18-64,8612.635097954291,7728.9073083223775,8997.770322193484
person_years_exposure,county,6,male,65+,1724.791387983672,1490.7343044954193,1894.5376441907515
mortality_rate,county,6,male,0-17,0.0012259422780682514,0.0002090198380109801,0.0028104616838846136
mortality_rate,county,6,male,18-44,0.0008017866592339699,0.0,0.001983136571267397
mortality_rate,county,6,male,45-64,0.0050055406843606265,0.0015414417643348649,0.010968351777318383
mortality_rate,county,6,male,65-74,0.021853131213622694,0.007127882338367017,0.048633974006155684
mortality_rate,county,6,male,75-84,0.06868719398507289,0.022434173785580047,0.15970218087541727
mortality_rate,county,6,male,85+,0.13161588808728622,0.037816908069908714,0.3525210205545705
qualifying_event_rate,county,6,male,0-17,0.017404400563434255,0.006559356403887732,0.03464457218158572
qualifying_event_rate,county,6,male,18-44,0.02715941993031758,0.010447560746208376,0.0538344036439836
qualifying_event_rate,county,6,male,45-64,0.03972034646674237,0.015923982338457036,0.07590793166995505
qualifying_event_rate,county,6,male,65-74,0.06183676283730409,0.024549641617193956,0.11371064430509512
qualifying_event_rate,county,6,male,75-84,0.0701569231464152,0.028094181080219615,0.1298126198142772
qualifying_event_rate,county,6,male,85+,0.04804349515088191,0.0,0.10753742563064542
person_years_exposure,county,6,female,0-17,4426.876632587266,3960.16683429785,4661.3113016872985
person_years_exposure,county,6,female,18-44,4279.556250229785,3844.757957824139,4461.813944617994
person_years_exposure,county,6,female,45-64,4324.674178516982,3877.998474192931,4519.754077747752
person_years_exposure,county,6,female,65-74,1155.0962045247832,1016.8151138042682,1245.2104149405293
person_years_exposure,county,6,female,75-84,522.1392720581637,419.0102640803831,597.7531956391848
person_years_exposure,county,6,female,85+,67.3742112727796,41.44881027446659,88.46678476035056
person_years_exposure,county,6,female,18-64,8604.230428746767,7726.059750930704,8977.546696085294
person_years_exposure,county,6,female,65+,1744.6096878557264,1500.757303270573,1923.2666219982066
mortality_rate,county,6,female,0-17,0.007003893188599898,0.0022685718308142013,0.01466121570500993
mortality_rate,county,6,female,18-44,0.0007795054685449879,0.0,0.0020266864983427488
mortality_rate,county,6,female,45-64,0.004470960914188573,0.0013309233690850485,0.009670518720476456
mortality_rate,county,6,female,65-74,0.02534708381675045,0.007989830672904957,0.05546956881604023
mortality_rate,county,6,female,75-84,0.06803006492333658,0.02301615800266342,0.1599699250345668
mortality_rate,county,6,female,85+,0.1232113513442595,0.03249757108095534,0.3332720412632124
qualifying_event_rate,county,6,female,0-17,0.01580191426276911,0.0058304960031174665,0.0315722988016673
qualifying_event_rate,county,6,female,18-44,0.026503944562738295,0.00999362328185907,0.05186434739908852
qualifying_event_rate,county,6,female,45-64,0.039384966683411196,0.015838366301585742,0.07459392820044604
qualifying_event_rate,county,6,female,65-74,0.05786605989429669,0.023217760073501407,0.10681017422979243
qualifying_event_rate,county,6,female,75-84,0.05976138749694537,0.022493960881618626,0.11101568640278746
qualifying_event_rate,county,6,female,85+,0.048690563684727704,0.0,0.11313190755447339
person_years_exposure,county,7,male,0-17,4057.4981573690875,3851.073386325638,4244.7024736054955
person_years_exposure,county,7,male,18-44,3769.0417964972867,3590.832106419807,3923.2468462121524
person_years_exposure,county,7,male,45-64,3526.5609256213947,3355.287500495523,3680.838303359264
person_years_exposure,county,7,male,65-74,1114.4987495965077,1017.6210128551048,1196.3722761847034
person_years_exposure,county,7,male,75-84,493.42809475470665,383.251907335773,571.4570196665643
person_years_exposure,county,7,male,85+,69.5730070047755,38.636365187988744,94.88059441242912
person_years_exposure,county,7,male,18-64,7295.602722118681,6955.646817297661,7598.675803331823
person_years_exposure,county,7,male,65+,1677.4998513559897,1449.259210351392,1851.5595876686998
mortality_rate,county,7,male,0-17,0.0027650630625362105,0.0007167508637477702,0.006159169481143209
mortality_rate,county,7,male,18-44,0.0006863585500442359,0.0,0.00177908765990142
mortality_rate,county,7,male,45-64,0.006692238255699915,0.0021374190657275248,0.014337035777278446
mortality_rate,county,7,male,65-74,0.02885879050931578,0.009518688561591418,0.06264602307089216
mortality_rate,county,7,male,75-84,0.08468813694165712,0.03007596213056673,0.1946146596312932
mortality_rate,county,7,male,85+,0.11656073121457404,0.03254422642059804,0.33028624374168847
qualifying_event_rate,county,7,male,0-17,0.012284716569303388,0.004383389311834748,0.025160354570352282
qualifying_event_rate,county,7,male,18-44,0.02908930216196489,0.01105522221906647,0.05678764213568402
qualifying_event_rate,county,7,male,45-64,0.04294320921126505,0.017022880438313934,0.0813396151331562
qualifying_event_rate,county,7,male,65-74,0.06877978747723132,0.02851999702451202,0.12473208359753372
qualifying_event_rate,county,7,male,75-84,0.06402485142214867,0.025395313499425146,0.12039882364889559
qualifying_event_rate,county,7,male,85+,0.028309110864176354,0.0,0.07516824753713029
person_years_exposure,county,7,female,0-17,4168.8663318775925,3951.97521995162,4364.468799510467
person_years_exposure,county,7,female,18-44,4060.171450827839,3864.902214404583,4231.148815877742
person_years_exposure,county,7,female,45-64,3905.7027242058907,3712.0993986161816,4075.493300863559
person_years_exposure,county,7,female,65-74,1287.006926128547,1175.7277706263158,1378.6282002162968
person_years_exposure,county,7,female,75-84,522.9823435144207,423.36867769729815,596.2276928206169
person_years_exposure,county,7,female,85+,36.26825170693055,21.363881930066935,48.54092327535624
person_years_exposure,county,7,female,18-64,7965.87417503373,7583.6250957581005,8296.376315377333
person_years_exposure,county,7,female,65+,1846.2575213498985,1632.9183626488439,2014.7736356028993
mortality_rate,county,7,female,0-17,0.003447359758540702,0.0009436198099803698,0.007538372549996157
mortality_rate,county,7,female,18-44,0.0006955910074743672,0.0,0.0017530189873886243
mortality_rate,county,7,female,45-64,0.006911968384764577,0.002202751709522867,0.01478606777044012
mortality_rate,county,7,female,65-74,0.027367504598209122,0.009174566129526308,0.05954850938097177
mortality_rate,county,7,female,75-84,0.06731908549158587,0.022947657026774645,0.15386214191465677
mortality_rate,county,7,female,85+,0.10476499592877452,0.021137083100503662,0.3010761038149979
qualifying_event_rate,county,7,female,0-17,0.013247849949683067,0.004714467514350447,0.02671349773664661
qualifying_event_rate,county,7,female,18-44,0.02838682368210098,0.010792278395185118,0.055819015763003785
qualifying_event_rate,county,7,female,45-64,0.04388927400154421,0.017878790862257937,0.08362455440523285
qualifying_event_rate,county,7,female,65-74,0.06335625228730243,0.026235204432553564,0.1147362011902499
qualifying_event_rate,county,7,female,75-84,0.06078731449005167,0.023790145013923195,0.11233820474941247
qualifying_event_rate,county,7,female,85+,0.048621721580061006,0.0,0.11847369707092786
person_years_exposure,county,8,male,0-17,1312.775370490742,1239.1416543674932,1379.8973653973867
person_years_exposure,county,8,male,18-44,1351.1043409785134,1285.898048369581,1407.3681564079334
person_years_exposure,county,8,male,45-64,1179.205996731046,1117.5852431671562,1232.8502365951638
person_years_exposure,county,8,male,65-74,317.18533283138567,284.51029387738015,342.6691173583946
person_years_exposure,county,8,male,75-84,152.52961187139053,118.35076576778083,178.6709670268089
person_years_exposure,county,8,male,85+,9.286017583016108,2.699128710512202,14.880888568782364
person_years_exposure,county,8,male,18-64,2530.3103377095595,2408.883037240756,2635.8921999209165
person_years_exposure,county,8,male,65+,479.0009622857923,413.96276379536357,530.203303030886
mortality_rate,county,8,male,0-17,0.0027282222452201755,0.0,0.006744217638889578
mortality_rate,county,8,male,18-44,0.0007043572634521898,0.0,0.002301985050332762
mortality_rate,county,8,male,45-64,0.006881119867940007,0.0016336820814486413,0.01591811996321179
mortality_rate,county,8,male,65-74,0.03126526777494839,0.008768727281049963,0.07334936162524734
mortality_rate,county,8,male,75-84,0.07687939233465593,0.022078092843031305,0.1826729802982894
mortality_rate,county,8,male,85+,0.0864153591028856,0.0,0.41004455031684045
qualifying_event_rate,county,8,male,0-17,0.014094141177658911,0.004629878770402126,0.029196782817539527
qualifying_event_rate,county,8,male,18-44,0.03279889379248773,0.01216500032393521,0.06436002236631855
qualifying_event_rate,county,8,male,45-64,0.04821586224850188,0.018908158554059768,0.09142822886586983
qualifying_event_rate,county,8,male,65-74,0.07732350822801812,0.02962923587832952,0.14102659446756702
qualifying_event_rate,county,8,male,75-84,0.06659452937100077,0.020402704549626952,0.12637846349296353
qualifying_event_rate,county,8,male,85+,0.023686753254669877,0.0,0.13379635606671103
person_years_exposure,county,8,female,0-17,1408.5399511627702,1332.0565252390331,1478.9057690872482
person_years_exposure,county,8,female,18-44,1254.2541411940342,1193.1630929093744,1308.8651491439427
person_years_exposure,county,8,female,45-64,1077.4766492093909,1021.0538061161977,1127.2643266153773
person_years_exposure,county,8,female,65-74,349.4549979380758,315.55670510665635,377.222153159369
person_years_exposure,county,8,female,75-84,142.51795714614295,113.25845467138126,164.47033944007214
person_years_exposure,county,8,female,85+,15.677765459196308,8.246078994205694,20.890132959497592
person_years_exposure,county,8,female,18-64,2331.730790403425,2218.3953982802323,2432.5823204446906
person_years_exposure,county,8,female,65+,507.650720543415,445.3172215812768,557.2784113409477
mortality_rate,county,8,female,0-17,0.0034776702612916792,0.0006813962184485854,0.008313623400480094
mortality_rate,county,8,female,18-44,0.0007307162688556083,0.0,0.002402275221330517
mortality_rate,county,8,female,45-64,0.00711795805447619,0.0018056297214370217,0.01565511619756626
mortality_rate,county,8,female,65-74,0.027368670866113786,0.007860779765440045,0.0638965048718815
mortality_rate,county,8,female,75-84,0.06324013300082591,0.015762665006585186,0.1534025361748218
mortality_rate,county,8,female,85+,0.09526507343883066,0.0,0.3799453497849418
qualifying_event_rate,county,8,female,0-17,0.014981506746635018,0.004811328231793119,0.03080271411878051
qualifying_event_rate,county,8,female,18-44,0.03217441489690181,0.011433736564122512,0.06365438770897593
qualifying_event_rate,county,8,female,45-64,0.04903074179796138,0.018684286416238198,0.09370976863982577
qualifying_event_rate,county,8,female,65-74,0.0697953199539356,0.02623783832228216,0.13058580587953864
qualifying_event_rate,county,8,female,75-84,0.06611090898267932,0.020412662771781553,0.12509258076694327
qualifying_event_rate,county,8,female,85+,0.054481665048333135,0.0,0.16904523568807092
person_years_exposure,county,9,male,0-17,2943.105393713273,2687.1094080582398,3259.9324936343737
person_years_exposure,county,9,male,18-44,2663.4497941609675,2435.5257512474855,2948.0578204215503
person_years_exposure,county,9,male,45-64,2371.0947837392623,2163.732771686141,2625.7591634768764
person_years_exposure,county,9,male,65-74,691.5838176989864,608.9754592081988,777.98863041225
person_years_exposure,county,9,male,75-84,272.08686944662117,213.46910604602405,324.00868205668297
person_years_exposure,county,9,male,85+,17.113383149873314,8.109952280404968,24.984967835806295
person_years_exposure,county,9,male,18-64,5034.544577900229,4603.0848631732915,5567.147864328814
person_years_exposure,county,9,male,65+,980.784070295481,838.3411822251354,1119.258882277771
mortality_rate,county,9,male,0-17,0.0006307777208609407,0.0,0.0017916546218471896
mortality_rate,county,9,male,18-44,0.0007320231962037757,0.0,0.0020181698083005504
mortality_rate,county,9,male,45-64,0.006124791398932521,0.001645595992707906,0.013191815224631412
mortality_rate,county,9,male,65-74,0.028121308928551154,0.008581969337792535,0.06247541202725446
mortality_rate,county,9,male,75-84,0.07406878744701526,0.023574552172805217,0.17251372391350703
mortality_rate,county,9,male,85+,0.10611718826173695,0.0,0.38733917681049196
qualifying_event_rate,county,9,male,0-17,0.013027666952363102,0.004490083196509898,0.02662307831134947
qualifying_event_rate,county,9,male,18-44,0.026487543087889726,0.010004791297062495,0.05254449198513524
qualifying_event_rate,county,9,male,45-64,0.040013573988332406,0.015481992354683966,0.07880405616060364
qualifying_event_rate,county,9,male,65-74,0.07613610729938336,0.031014626169241655,0.13695991567466978
qualifying_event_rate,county,9,male,75-84,0.05608438991730546,0.018670071809488976,0.10820938120803714
qualifying_event_rate,county,9,male,85+,0.05207844130721184,0.0,0.16056404223315845
person_years_exposure,county,9,female,0-17,2823.601968190117,2573.9880873826055,3125.304559136522
person_years_exposure,county,9,female,18-44,2706.279899704015,2473.437620033216,2998.7606746036486
person_years_exposure,county,9,female,45-64,2626.0817122836297,2395.2768834635563,2903.8282126531076
person_years_exposure,county,9,female,65-74,700.6218927991168,618.2934209378561,786.9111628496497
person_years_exposure,county,9,female,75-84,189.3191415953347,147.0306490522442,226.46973560568094
person_years_exposure,county,9,female,85+,25.40769396821382,13.762546197472835,35.274928176985
person_years_exposure,county,9,female,18-64,5332.361611987644,4877.8109651271525,5898.929226680409
person_years_exposure,county,9,female,65+,915.3487283626654,789.764566958881,1039.2884172881954
mortality_rate,county,9,female,0-17,0.000602828747350339,0.0,0.0018433837133711164
mortality_rate,county,9,female,18-44,0.0006148892803667492,0.0,0.0017742078076088295
mortality_rate,county,9,female,45-64,0.005912370172974677,0.0016047207787288611,0.012935004588698699
mortality_rate,county,9,female,65-74,0.027129218218991343,0.007909988050583268,0.06027192378698132
mortality_rate,county,9,female,75-84,0.07244696034282962,0.02097646844315234,0.17295585276010614
mortality_rate,county,9,female,85+,0.10441907030149065,0.0,0.3393145554064081
qualifying_event_rate,county,9,female,0-17,0.014689930129063854,0.004949367951181806,0.03034707677275174
qualifying_event_rate,county,9,female,18-44,0.02940913668148467,0.011225158902789278,0.05830221561729437
qualifying_event_rate,county,9,female,45-64,0.03938629942137493,0.01510179172818333,0.0751656421316505
qualifying_event_rate,county,9,female,65-74,0.07153107057865435,0.028841909668494852,0.13202124602791462
qualifying_event_rate,county,9,female,75-84,0.07248647804764086,0.025587359088498376,0.1376446529088097
qualifying_event_rate,county,9,female,85+,0.05514789282628001,0.0,0.1480035025288499
person_years_exposure,county,10,male,0-17,1754.3168791712246,1659.4779191677508,1837.9699962291484
person_years_exposure,county,10,male,18-44,1614.5643775872254,1537.0646262854718,1682.5354027787803
person_years_exposure,county,10,male,45-64,1641.0883463089863,1559.0723374329903,1715.467746389307
person_years_exposure,county,10,male,65-74,478.0853298524573,430.2202649143957,516.1587427974163
person_years_exposure,county,10,male,75-84,204.45977789400956,154.1330599858781,241.14054090263681
person_years_exposure,county,10,male,85+,13.727156392359396,6.466444886184557,20.77433803163132
person_years_exposure,county,10,male,18-64,3255.6527238962117,3101.4792011378636,3393.9820687364686
person_years_exposure,county,10,male,65+,696.2722641388261,599.9548561619594,770.8118527864119
mortality_rate,county,10,male,0-17,0.00277357113416629,0.0005477568376343625,0.006440887568545414
mortality_rate,county,10,male,18-44,0.0006855927265063166,0.0,0.00196003456290321
mortality_rate,county,10,male,45-64,0.006259541700240608,0.001241425277689381,0.014148248061136626
mortality_rate,county,10,male,65-74,0.02955631237147072,0.00790701734415554,0.06648816188801944
mortality_rate,county,10,male,75-84,0.08510149667444293,0.025811488930106388,0.21247023676329932
mortality_rate,county,10,male,85+,0.1312637154803263,0.0,0.4533277776652022
qualifying_event_rate,county,10,male,0-17,0.012067330666624554,0.003882364727128003,0.025126260353834803
qualifying_event_rate,county,10,male,18-44,0.028424392697213783,0.01034613595557193,0.056682085523119125
qualifying_event_rate,county,10,male,45-64,0.04167540585098742,0.016424682991767414,0.0794577048564515
qualifying_event_rate,county,10,male,65-74,0.06765915311405825,0.026614115076135047,0.12469350527180127
qualifying_event_rate,county,10,male,75-84,0.06310332347166653,0.02002118814087559,0.12067029157800381
qualifying_event_rate,county,10,male,85+,0.025586644731778577,0.0,0.11587001982691639
person_years_exposure,county,10,female,0-17,1741.1882352533576,1645.701732302889,1826.0733977363852
person_years_exposure,county,10,female,18-44,1581.7517227924463,1504.206012808578,1650.6567406425897
person_years_exposure,county,10,female,45-64,1633.3759365219953,1551.8608835210593,1707.1661366430478
person_years_exposure,county,10,female,65-74,477.05955123677313,434.19488779561857,512.5747660910437
person_years_exposure,county,10,female,75-84,251.32286387374532,198.95754260673303,287.6478711849422
person_years_exposure,county,10,female,85+,32.906891987968656,20.242146521161356,42.802401940297244
person_years_exposure,county,10,female,18-64,3215.1276593144416,3061.092208226954,3349.585967431782
person_years_exposure,county,10,female,65+,761.289307098487,663.3986375191304,836.7304844110047
mortality_rate,county,10,female,0-17,0.003457700718741627,0.000567151501423544,0.008030839500460924
mortality_rate,county,10,female,18-44,0.0006979628283893861,0.0,0.001986325818637835
mortality_rate,county,10,female,45-64,0.007054682857203235,0.0018147928310438001,0.015469879365733678
mortality_rate,county,10,female,65-74,0.026268403071953404,0.0077501394470614006,0.058926480185548274
mortality_rate,county,10,female,75-84,0.07242719770180774,0.02316342963890237,0.1738121423489734
mortality_rate,county,10,female,85+,0.09106301535549523,0.0,0.2887801369467782
qualifying_event_rate,county,10,female,0-17,0.012908188490160349,0.0039779174982131505,0.02724962866055901
qualifying_event_rate,county,10,female,18-44,0.028053543064987075,0.010302238689812705,0.05466585110511151
qualifying_event_rate,county,10,female,45-64,0.04303382730279981,0.016648675078886354,0.08248898757630549
qualifying_event_rate,county,10,female,65-74,0.06100136424943935,0.023757914799044048,0.11458540571455456
qualifying_event_rate,county,10,female,75-84,0.062219822324961635,0.021258422041052587,0.12106637178958979
qualifying_event_rate,county,10,female,85+,0.04791372531318004,0.0,0.12396830959844424
person_years_exposure,county,11,male,0-17,1972.285140787234,1868.8995831761906,2065.1906916709563
person_years_exposure,county,11,male,18-44,1850.071810446518,1762.1831954375969,1926.844229226813
person_years_exposure,county,11,male,45-64,1962.3537578377968,1863.8241775183092,2049.0956874133294
person_years_exposure,county,11,male,65-74,566.6258361081811,508.745792229418,610.1615496718503
person_years_exposure,county,11,male,75-84,155.9581290551209,118.86948186562653,183.60350492914793
person_years_exposure,county,11,male,85+,39.99740983642331,21.91087458017828,56.18125166268822
person_years_exposure,county,11,male,18-64,3812.425568284315,3631.141625591772,3969.6816874671317
person_years_exposure,county,11,male,65+,762.5813749997254,659.2833154226786,841.6313096020115
mortality_rate,county,11,male,0-17,0.0027401194498899305,0.0004889566501400732,0.006512370045512351
mortality_rate,county,11,male,18-44,0.0007057369638991882,0.0,0.0021314855567189225
mortality_rate,county,11,male,45-64,0.0065134730321679876,0.0015800536808152886,0.014536061228799206
mortality_rate,county,11,male,65-74,0.029241704952516708,0.008662052731084297,0.06709318861684684
mortality_rate,county,11,male,75-84,0.0843186821273813,0.026361400030848393,0.2044579890472348
mortality_rate,county,11,male,85+,0.13324731680061283,0.03465964213274063,0.3785735842023767
qualifying_event_rate,county,11,male,0-17,0.010512373697255713,0.003263928500253441,0.02122820012746409
qualifying_event_rate,county,11,male,18-44,0.02491669776125608,0.00891300857100722,0.05019687166498755
qualifying_event_rate,county,11,male,45-64,0.03700439962275764,0.013903158606839675,0.06989065024537194
qualifying_event_rate,county,11,male,65-74,0.059682707959322054,0.022010888742173197,0.1108141372013214
qualifying_event_rate,county,11,male,75-84,0.0553926140080679,0.014307415768786925,0.11063731272533174
qualifying_event_rate,county,11,male,85+,0.027016936708330292,0.0,0.08002846734102642
person_years_exposure,county,11,female,0-17,1963.0697376467242,1859.3521687497212,2056.653628282503
person_years_exposure,county,11,female,18-44,1959.2772617721046,1864.1428344495382,2043.213768518004
person_years_exposure,county,11,female,45-64,1742.740203350753,1656.5724230132862,1819.3061198523556
person_years_exposure,county,11,female,65-74,596.8788238073694,543.7007653004608,638.7167215078156
person_years_exposure,county,11,female,75-84,264.9074135272638,210.95535591966149,305.10626833747693
person_years_exposure,county,11,female,85+,28.13797485788436,17.25445500017505,36.39656318434964
person_years_exposure,county,11,female,18-64,3702.0174651228576,3525.6715222276475,3858.445330041308
person_years_exposure,county,11,female,65+,889.9242121925175,780.0368280866566,973.3930453879572
mortality_rate,county,11,female,0-17,0.0034501826852413463,0.0005137225508330818,0.007863624181810209
mortality_rate,county,11,female,18-44,0.0007284553960775827,0.0,0.002080974409310329
mortality_rate,county,11,female,45-64,0.0065982430515982345,0.0016899191701137894,0.014532812227408145
mortality_rate,county,11,female,65-74,0.02694462216921666,0.00787596785928618,0.05923208766989503
mortality_rate,county,11,female,75-84,0.06899363512041383,0.020923396178727734,0.16387777647410134
mortality_rate,county,11,female,85+,0.08742559206853494,0.0,0.2776716688362646
qualifying_event_rate,county,11,female,0-17,0.011350705548143868,0.003693659956318116,0.023017407952150182
qualifying_event_rate,county,11,female,18-44,0.02460322557801292,0.008965037618204308,0.048276033794532824
qualifying_event_rate,county,11,female,45-64,0.037676565259690105,0.014278800213894311,0.07316667977843573
qualifying_event_rate,county,11,female,65-74,0.054854124980117255,0.0211245039914181,0.10366962962221182
qualifying_event_rate,county,11,female,75-84,0.053632675436181325,0.01804498208994592,0.10317584880678285
qualifying_event_rate,county,11,female,85+,0.041119481584652805,0.0,0.11865900009206483
person_years_exposure,county,12,male,0-17,2411.231731554598,2058.788811042634,2730.7714521031817
person_years_exposure,county,12,male,18-44,2412.6042936500776,2072.873494439817,2730.6153756567332
person_years_exposure,county,12,male,45-64,1814.3186241880644,1555.496802265684,2056.3878017962193
person_years_exposure,county,12,male,65-74,572.8189181959334,474.0244433630387,664.925759238042
person_years_exposure,county,12,male,75-84,141.90813273900739,103.08168274241247,174.53878655482765
person_years_exposure,county,12,male,85+,8.564217863095978,3.214465504326508,14.58329867353782
person_years_exposure,county,12,male,18-64,4226.922917838142,3635.8780829378293,4789.11608460492
person_years_exposure,county,12,male,65+,723.2912687980368,588.7737235627371,847.5982867127162
mortality_rate,county,12,male,0-17,0.003006559520546791,0.00045126337287058443,0.006942521658049714
mortality_rate,county,12,male,18-44,0.0007051184810859567,0.0,0.002032488345290887
mortality_rate,county,12,male,45-64,0.009451992363758273,0.0029148093655873143,0.02089199098080276
mortality_rate,county,12,male,65-74,0.03520587380303565,0.011034547249509741,0.08024206603252673
mortality_rate,county,12,male,75-84,0.07155172619010576,0.01917065623978608,0.17115634872171506
mortality_rate,county,12,male,85+,0.09851351766743424,0.0,0.4575064589826942
qualifying_event_rate,county,12,male,0-17,0.014355020629926645,0.004901102348846053,0.028676796801636983
qualifying_event_rate,county,12,male,18-44,0.021999939475030327,0.008245056603295673,0.04412991019271905
qualifying_event_rate,county,12,male,45-64,0.032064540479919475,0.011929271092349304,0.06270370202194123
qualifying_event_rate,county,12,male,65-74,0.05521171972731773,0.020896667030697456,0.10439941932324322
qualifying_event_rate,county,12,male,75-84,0.05012578124458845,0.012930552082098649,0.10244039414496396
qualifying_event_rate,county,12,male,85+,0.027693022336782367,0.0,0.15065797986861276
person_years_exposure,county,12,female,0-17,2564.8629820165247,2195.1117239866708,2911.8423705551427
person_years_exposure,county,12,female,18-44,2534.047679834511,2171.646635862507,2875.1845649299803
person_years_exposure,county,12,female,45-64,2093.028741469256,1787.2269051571498,2373.6410978339436
person_years_exposure,county,12,female,65-74,454.35189000789245,375.1209953603728,526.0214629645651
person_years_exposure,county,12,female,75-84,113.81500964840464,80.50936387004955,143.52028179693878
person_years_exposure,county,12,female,85+,2.34605106845864,0.04252720269012368,5.20992211441051
person_years_exposure,county,12,female,18-64,4627.076421303767,3971.1818393022777,5245.549979234777
person_years_exposure,county,12,female,65+,570.5129507247558,460.1236569948894,669.4385567392712
mortality_rate,county,12,female,0-17,0.0015532551823169215,0.0,0.0038769499236782834
mortality_rate,county,12,female,18-44,0.0008416623400469267,0.0,0.002283232063230115
mortality_rate,county,12,female,45-64,0.008892288976970737,0.002664906276146806,0.019152270705748004
mortality_rate,county,12,female,65-74,0.03544496565316831,0.009918363858790424,0.0812275034737968
mortality_rate,county,12,female,75-84,0.07448355649246033,0.017692165958975152,0.18276140298283797
mortality_rate,county,12,female,85+,0.07931589749489912,0.0,0.7319556875686746
qualifying_event_rate,county,12,female,0-17,0.012334852681438939,0.0040768878155637706,0.02525278879026063
qualifying_event_rate,county,12,female,18-44,0.022263893709956236,0.008233638082705445,0.04371653951879169
qualifying_event_rate,county,12,female,45-64,0.035789808195983944,0.013948548217354275,0.06945015412787889
qualifying_event_rate,county,12,female,65-74,0.05035993831852713,0.01756627711692448,0.09664928525804496
qualifying_event_rate,county,12,female,75-84,0.046570327089261024,0.009100901976379921,0.09685923607047332
qualifying_event_rate,county,12,female,85+,0.026571889149741977,0.0,0.22824969437558884
person_years_exposure,county,13,male,0-17,2263.923333137178,2064.745673178105,2510.1750572989154
person_years_exposure,county,13,male,18-44,2003.669116766066,1831.1924639198946,2216.6838398109803
person_years_exposure,county,13,male,45-64,2015.9266527953016,1837.3474957812298,2236.0110777176806
person_years_exposure,county,13,male,65-74,497.5687671416191,437.41163600365746,561.4703137818626
person_years_exposure,county,13,male,75-84,182.81335746294317,142.52287578075422,217.8102798230966
person_years_exposure,county,13,male,85+,44.40693456773981,25.988255417858742,61.026089295783144
person_years_exposure,county,13,male,18-64,4019.595769561368,3676.0801921501284,4447.677460394141
person_years_exposure,county,13,male,65+,724.789059172302,613.1045721973763,831.361004774542
mortality_rate,county,13,male,0-17,0.0006023921001601184,0.0,0.0017782782425912775
mortality_rate,county,13,male,18-44,0.0007293748099530276,0.0,0.002143164864348
mortality_rate,county,13,male,45-64,0.005905366219422081,0.0014633498974817264,0.012644917729216701
mortality_rate,county,13,male,65-74,0.029039641762497185,0.008287053112509617,0.06539647108560148
mortality_rate,county,13,male,75-84,0.0729719989296842,0.02012869384314876,0.1734423826950699
mortality_rate,county,13,male,85+,0.1325936479829206,0.03310985320095796,0.3685917751495364
qualifying_event_rate,county,13,male,0-17,0.011589954989725844,0.003801302636501755,0.023803572219466513
qualifying_event_rate,county,13,male,18-44,0.023619023038909916,0.00853524066101047,0.04623191584248112
qualifying_event_rate,county,13,male,45-64,0.035448909931648356,0.013638890025980477,0.06849829095208121
qualifying_event_rate,county,13,male,65-74,0.06979482393136426,0.028183558472433676,0.12877935857004075
qualifying_event_rate,county,13,male,75-84,0.050025615493153555,0.01305903685162751,0.10221129334871397
qualifying_event_rate,county,13,male,85+,0.054388889593671254,0.0,0.13079873354831423
person_years_exposure,county,13,female,0-17,2222.39403983994,2024.4223994886697,2463.231369933514
person_years_exposure,county,13,female,18-44,2204.5124961766937,2011.277274335245,2444.308750391421
person_years_exposure,county,13,female,45-64,1837.9225319526006,1679.4163699684361,2035.0982324284555
person_years_exposure,county,13,female,65-74,466.0414398024263,409.0332249811052,524.5439928882726
person_years_exposure,county,13,female,75-84,189.91814427803868,148.0587733101003,225.98427971710439
person_years_exposure,county,13,female,85+,38.357943262018104,23.20205070350645,51.294699110547334
person_years_exposure,county,13,female,18-64,4042.4350281292946,3696.4180502723534,4477.862557818281
person_years_exposure,county,13,female,65+,694.3175273424831,592.3026767528077,796.3813097876222
mortality_rate,county,13,female,0-17,0.0005725631524784167,0.0,0.0017553063666185817
mortality_rate,county,13,female,18-44,0.0006403325434526624,0.0,0.0018868025588183784
mortality_rate,county,13,female,45-64,0.005744321103830005,0.001471320854019014,0.012949584323166782
mortality_rate,county,13,female,65-74,0.02588005585948852,0.006722683543850423,0.057792774740135146
mortality_rate,county,13,female,75-84,0.07506442737521028,0.02213852194344495,0.17631834870512178
mortality_rate,county,13,female,85+,0.10149138837005231,0.019466600580888636,0.2903040500177527
qualifying_event_rate,county,13,female,0-17,0.013045915144997478,0.004406547595676004,0.026858601979895792
qualifying_event_rate,county,13,female,18-44,0.02644575231183819,0.009792221056847995,0.05335229943425627
qualifying_event_rate,county,13,female,45-64,0.035098768139101795,0.013616506029985343,0.06857179860870709
qualifying_event_rate,county,13,female,65-74,0.06440303996380822,0.02373811299665438,0.1202445023881505
qualifying_event_rate,county,13,female,75-84,0.06735939860106847,0.021619459416999703,0.12899657031296388
qualifying_event_rate,county,13,female,85+,0.051977570979327994,0.0,0.12806780505434076
person_years_exposure,county,14,male,0-17,2150.8028135276977,2037.3348206972823,2252.1460736732574
person_years_exposure,county,14,male,18-44,2028.7481444558014,1932.696032635641,2113.6071773354447
person_years_exposure,county,14,male,45-64,1944.9332747845847,1845.3655436919692,2032.1889389917335
person_years_exposure,county,14,male,65-74,413.34233400898364,372.68383986240906,445.6344205542637
person_years_exposure,county,14,male,75-84,199.8248997470183,153.22606034124837,234.21633681180936
person_years_exposure,county,14,male,85+,63.3602005415564,37.5255340178619,84.82681646792177
person_years_exposure,county,14,male,18-64,3973.6814192403863,3784.4557375862373,4137.592458517795
person_years_exposure,county,14,male,65+,676.5274342975583,575.619687999395,754.1148756947841
mortality_rate,county,14,male,0-17,0.002736305657233701,0.0004561687501596407,0.0063214508012830245
mortality_rate,county,14,male,18-44,0.0007073616297181852,0.0,0.0020207434115945546
mortality_rate,county,14,male,45-64,0.006457082056653565,0.001597657091596522,0.014105273522459461
mortality_rate,county,14,male,65-74,0.02889490099223569,0.007162988246664845,0.06778060147793318
mortality_rate,county,14,male,75-84,0.08218421195847568,0.0234791858201331,0.20679563629909165
mortality_rate,county,14,male,85+,0.12627810996656427,0.035842253047150094,0.3262725997428487
qualifying_event_rate,county,14,male,0-17,0.013921037326936907,0.004673901648492683,0.028486627327893036
qualifying_event_rate,county,14,male,18-44,0.03242757718257815,0.01209380547120691,0.06297533714006967
qualifying_event_rate,county,14,male,45-64,0.04764605863942726,0.01903138093672849,0.08917722248537914
qualifying_event_rate,county,14,male,65-74,0.07539547641898339,0.030068463073599765,0.13573788483895474
qualifying_event_rate,county,14,male,75-84,0.07045863722500867,0.023069580029313547,0.13321032623157134
qualifying_event_rate,county,14,male,85+,0.03399183845582185,0.0,0.08545729275603732
person_years_exposure,county,14,female,0-17,2030.4292514514639,1921.5356595829412,2130.558931977718
person_years_exposure,county,14,female,18-44,2023.8901524894713,1925.7136582401222,2109.720603809529
person_years_exposure,county,14,female,45-64,1801.2269659165172,1710.5912748982892,1881.3433870455706
person_years_exposure,county,14,female,65-74,533.6453946706766,483.6464209038032,573.7998837172563
person_years_exposure,county,14,female,75-84,231.19065207358122,184.63836170737048,264.3864398621531
person_years_exposure,county,14,female,85+,22.19162352492902,12.088461856306076,29.948864591851336
person_years_exposure,county,14,female,18-64,3825.1171184059885,3640.2310134856334,3982.5316180390228
person_years_exposure,county,14,female,65+,787.0276702691868,689.78219203821,862.6064668614737
mortality_rate,county,14,female,0-17,0.0034944408127877123,0.0004992164023487028,0.00822828745489753
mortality_rate,county,14,female,18-44,0.0006863812023302123,0.0,0.0020251941923118346
mortality_rate,county,14,female,45-64,0.006815829265859994,0.0016525019076133825,0.01513758973932055
mortality_rate,county,14,female,65-74,0.028269583083281126,0.008626881923306533,0.06336521805965956
mortality_rate,county,14,female,75-84,0.07072264298387353,0.020356516273755346,0.16785616926896887
mortality_rate,county,14,female,85+,0.07628774158265214,0.0,0.26979316172287754
qualifying_event_rate,county,14,female,0-17,0.014956524114687151,0.004858596263415704,0.03078827608464061
qualifying_event_rate,county,14,female,18-44,0.031450307360300446,0.011303985294415026,0.0624483844684636
qualifying_event_rate,county,14,female,45-64,0.04835941949778765,0.019362628916767516,0.09018686327769619
qualifying_event_rate,county,14,female,65-74,0.06982991758630443,0.027832373672227385,0.12908099384623214
qualifying_event_rate,county,14,female,75-84,0.06877794948380427,0.024883630296901414,0.12791777062087017
qualifying_event_rate,county,14,female,85+,0.049017190671688166,0.0,0.14040256994582564
person_years_exposure,county,15,male,0-17,1139.3388743057706,970.1083771716983,1291.893481570658
person_years_exposure,county,15,male,18-44,1008.6298402172678,865.2274568846733,1144.0550173380443
person_years_exposure,county,15,male,45-64,1183.3588066231057,1011.0064908758388,1341.9019168895184
person_years_exposure,county,15,male,65-74,354.5836883233296,292.7816574053357,412.85922100332283
person_years_exposure,county,15,male,75-84,107.06060323525777,77.56454927900954,133.08333697589424
person_years_exposure,county,15,male,85+,15.853766485991155,7.295248157020658,24.952371373170813
person_years_exposure,county,15,male,18-64,2191.9886468403733,1883.2636690328395,2486.642524952429
person_years_exposure,county,15,male,65+,477.49805804457856,385.5876791731059,564.0489167697572
mortality_rate,county,15,male,0-17,0.003020957687718009,0.0,0.007410916135385984
mortality_rate,county,15,male,18-44,0.0007421306870008515,0.0,0.0027647474128715648
mortality_rate,county,15,male,45-64,0.009904860479458027,0.002461764632321732,0.021371553661166973
mortality_rate,county,15,male,65-74,0.03722622227292304,0.010188398930553583,0.08445802121512117
mortality_rate,county,15,male,75-84,0.07508405900203995,0.01730790425129973,0.1906545963604445
mortality_rate,county,15,male,85+,0.10298530146175867,0.0,0.3746462782493806
qualifying_event_rate,county,15,male,0-17,0.01764789567634273,0.005744775998026278,0.03612551564414925
qualifying_event_rate,county,15,male,18-44,0.02703014548123642,0.009346765176747053,0.05446285227549405
qualifying_event_rate,county,15,male,45-64,0.03904625250932923,0.014707886932832896,0.07620854117109696
qualifying_event_rate,county,15,male,65-74,0.06687825616295034,0.024071157545301404,0.12374493155816245
qualifying_event_rate,county,15,male,75-84,0.059137797493088604,0.011477554705038702,0.11786633947612447
qualifying_event_rate,county,15,male,85+,0.03290750800769546,0.0,0.124285362611398
person_years_exposure,county,15,female,0-17,1308.5349180275207,1118.4246195389405,1483.2966699798767
person_years_exposure,county,15,female,18-44,1223.9595699053868,1048.5482758825713,1390.0283560079288
person_years_exposure,county,15,female,45-64,1390.4894438057597,1188.102009551272,1576.131326941326
person_years_exposure,county,15,female,65-74,433.6071600122341,357.7883635846959,502.6783716189907
person_years_exposure,county,15,female,75-84,128.18652848807133,93.03522332923511,159.8442485713031
person_years_exposure,county,15,female,85+,10.472438362398746,3.0265169408855472,19.11575543854068
person_years_exposure,county,15,female,18-64,2614.4490137111466,2242.0068949614188,2964.257818712375
person_years_exposure,county,15,female,65+,572.2661268627041,465.34796549058035,674.1344429918679
mortality_rate,county,15,female,0-17,0.0015418603639872964,0.0,0.004260742205204722
mortality_rate,county,15,female,18-44,0.0008688821008868844,0.0,0.002824366568342695
mortality_rate,county,15,female,45-64,0.009143447470339822,0.0024289808844028893,0.01983063752828257
mortality_rate,county,15,female,65-74,0.036373914366997454,0.010211481959433983,0.08366353657579265
mortality_rate,county,15,female,75-84,0.07505838731932998,0.019213355947865666,0.1845659680139497
mortality_rate,county,15,female,85+,0.19290442828751167,0.0,0.8921436593890053
qualifying_event_rate,county,15,female,0-17,0.015236505900854135,0.004815156376012052,0.03242951743282956
qualifying_event_rate,county,15,female,18-44,0.027317857021594952,0.009567180218346892,0.053924173952567676
qualifying_event_rate,county,15,female,45-64,0.04390625068079383,0.016987757622153595,0.08378381354674722
qualifying_event_rate,county,15,female,65-74,0.06130440751801692,0.02235139160083962,0.11589331992477644
qualifying_event_rate,county,15,female,75-84,0.055479463417694455,0.013797414976532548,0.11304288908882033
qualifying_event_rate,county,15,female,85+,0.048081157785969435,0.0,0.20092893588884286
person_years_exposure,county,16,male,0-17,3334.6063074168705,2990.5339444317797,3503.9256720503163
person_years_exposure,county,16,male,18-44,3364.8544962823676,3024.1031338841617,3506.8745658686844
person_years_exposure,county,16,male,45-64,3286.6850943825343,2941.4011810070024,3449.0758878327165
person_years_exposure,county,16,male,65-74,1208.7475458508998,1067.1571571118093,1293.8561370528546
person_years_exposure,county,16,male,75-84,437.9887214898842,352.5899877528947,502.2987292290725
person_years_exposure,county,16,male,85+,100.68985652375912,63.46223762292204,132.01303317757544
person_years_exposure,county,16,male,18-64,6651.539590664902,5969.412245227983,6951.8311802794415
person_years_exposure,county,16,male,65+,1747.4261238645431,1508.099830310856,1921.100747253491
mortality_rate,county,16,male,0-17,0.0012305847367567538,0.0,0.002942830965168338
mortality_rate,county,16,male,18-44,0.0008166911460915048,0.0,0.002061271841360713
mortality_rate,county,16,male,45-64,0.005134501114844523,0.001462295377655546,0.011067419386121925
mortality_rate,county,16,male,65-74,0.021781326539501905,0.006871170154085598,0.04704771946564552
mortality_rate,county,16,male,75-84,0.06852052697797346,0.022014539948141298,0.16058769492068203
mortality_rate,county,16,male,85+,0.13409169318836475,0.039112563069619355,0.3390164122454255
qualifying_event_rate,county,16,male,0-17,0.021153054625402266,0.007704519449086278,0.04302654404526237
qualifying_event_rate,county,16,male,18-44,0.032689702889539,0.01265667956763156,0.06446961185913876
qualifying_event_rate,county,16,male,45-64,0.04759588325349894,0.019572182962116283,0.08961963714768874
qualifying_event_rate,county,16,male,65-74,0.07332977662832507,0.030592381102253156,0.13348291282442407
qualifying_event_rate,county,16,male,75-84,0.0820796601159027,0.03488572869723686,0.14751945037638678
qualifying_event_rate,county,16,male,85+,0.05809433620240155,0.012236478976453009,0.11869996187970047
person_years_exposure,county,16,female,0-17,3262.9212906057523,2919.2948605556494,3443.6456196334543
person_years_exposure,county,16,female,18-44,3327.082674750668,2985.979714778304,3468.843106300772
person_years_exposure,county,16,female,45-64,3093.1641725571726,2772.383250697409,3233.7911017015927
person_years_exposure,county,16,female,65-74,1119.7264528868202,985.9918111725578,1204.8186770050688
person_years_exposure,county,16,female,75-84,407.5387174745103,330.4750052341869,465.6800714645709
person_years_exposure,county,16,female,85+,81.4468440001246,47.654103781062084,107.47079122425873
person_years_exposure,county,16,female,18-64,6420.246847307841,5766.760977657878,6699.265338260496
person_years_exposure,county,16,female,65+,1608.7120143614552,1386.9734641952277,1770.9603208087733
mortality_rate,county,16,female,0-17,0.007024505991682959,0.0021121829026058904,0.015553323034376104
mortality_rate,county,16,female,18-44,0.0008095258333794908,0.0,0.0020482430981737694
mortality_rate,county,16,female,45-64,0.0048593481885327175,0.0012931672702551306,0.010462063936109446
mortality_rate,county,16,female,65-74,0.02504230142233166,0.007582185497944787,0.054986568233109316
mortality_rate,county,16,female,75-84,0.06935925370557994,0.02309843794533071,0.16504224892782796
mortality_rate,county,16,female,85+,0.11091163442326925,0.030490964907612644,0.2898704042502543
qualifying_event_rate,county,16,female,0-17,0.01921911184290565,0.006911860785374158,0.03916240081011123
qualifying_event_rate,county,16,female,18-44,0.031905661547162206,0.012323231149241741,0.06241276948141072
qualifying_event_rate,county,16,female,45-64,0.047739795873216515,0.01914695995646035,0.08969162823002969
qualifying_event_rate,county,16,female,65-74,0.06840942135419127,0.028198720199273865,0.12387737700817876
qualifying_event_rate,county,16,female,75-84,0.07041974522750868,0.02678947096778599,0.13117796881362628
qualifying_event_rate,county,16,female,85+,0.05260417732100366,0.01024193629404215,0.11031324322786479
person_years_exposure,county,17,male,0-17,1477.0573519637944,1393.033603217431,1551.8060785978057
person_years_exposure,county,17,male,18-44,1649.373076725852,1571.7410052580913,1717.9034253470345
person_years_exposure,county,17,male,45-64,1397.4978897099613,1326.7421252301301,1459.2256519605262
person_years_exposure,county,17,male,65-74,372.901764609457,335.9007189818436,403.3467330323721
person_years_exposure,county,17,male,75-84,197.30777830781528,151.82534717088004,231.30508831539782
person_years_exposure,county,17,male,85+,32.538749474418815,18.479690929515293,45.12565755292253
person_years_exposure,county,17,male,18-64,3046.870966435813,2904.783931263803,3170.843566791028
person_years_exposure,county,17,male,65+,602.7482923916912,512.9558295832762,671.1650219773013
mortality_rate,county,17,male,0-17,0.0027781694593945498,0.0,0.006822202619813297
mortality_rate,county,17,male,18-44,0.000690662514336254,0.0,0.001962141715811344
mortality_rate,county,17,male,45-64,0.0057626009424038395,0.0013797431374152843,0.013027894696560984
mortality_rate,county,17,male,65-74,0.03070369099416353,0.007643252310275502,0.069658418300914
mortality_rate,county,17,male,75-84,0.08122575909564057,0.02572017941401607,0.19295665692048783
mortality_rate,county,17,male,85+,0.12243930591337167,0.02318173497047601,0.3436727664660846
qualifying_event_rate,county,17,male,0-17,0.012676776789263947,0.003995810320818252,0.026084747790427392
qualifying_event_rate,county,17,male,18-44,0.029555476356085717,0.010916411319954389,0.05769731931440249
qualifying_event_rate,county,17,male,45-64,0.042524045698712584,0.01621807240596838,0.08204155326141731
qualifying_event_rate,county,17,male,65-74,0.0707029089724032,0.02647868768752166,0.13132460420645775
qualifying_event_rate,county,17,male,75-84,0.0636950286555261,0.020766158248178485,0.12114476484635658
qualifying_event_rate,county,17,male,85+,0.029397759977213136,0.0,0.0905655354086412
person_years_exposure,county,17,female,0-17,1506.6013289178047,1420.0022966249253,1581.5426921989526
person_years_exposure,county,17,female,18-44,1548.6518269795952,1472.8337564277758,1614.1882153155
person_years_exposure,county,17,female,45-64,1579.7088567427368,1499.411412106575,1650.8407467178858
person_years_exposure,county,17,female,65-74,386.219127115867,349.4709971247346,415.2402294953286
person_years_exposure,county,17,female,75-84,162.44953949389085,130.4929617620249,187.04916048188397
person_years_exposure,county,17,female,85+,40.20851143438381,24.03552632331917,52.62045132186185
person_years_exposure,county,17,female,18-64,3128.360683722332,2974.333351346355,3261.3157382701
person_years_exposure,county,17,female,65+,588.8771780441417,510.97732069021976,647.3200211146985
mortality_rate,county,17,female,0-17,0.0033900287866257713,0.000645122994400804,0.007940493372330767
mortality_rate,county,17,female,18-44,0.0006942782707957032,0.0,0.0020320309614473894
mortality_rate,county,17,female,45-64,0.006944144495789501,0.0018091799500338092,0.015621968504992038
mortality_rate,county,17,female,65-74,0.026402801468669142,0.007183193201865897,0.059833277380647615
mortality_rate,county,17,female,75-84,0.07095580444614467,0.020972493379711583,0.16504024827104943
mortality_rate,county,17,female,85+,0.11176885347760532,0.019720716803122876,0.30673294952205044
qualifying_event_rate,county,17,female,0-17,0.013558494673851734,0.004528895113047228,0.02783690658228484
qualifying_event_rate,county,17,female,18-44,0.02927545205378814,0.010757252434075418,0.05816823049404363
qualifying_event_rate,county,17,female,45-64,0.04477337007418235,0.01695675081115634,0.08649307814948234
qualifying_event_rate,county,17,female,65-74,0.06323983249340935,0.02278895726221537,0.11877638785439998
qualifying_event_rate,county,17,female,75-84,0.06256884263423966,0.019036088969708126,0.12195154100105962
qualifying_event_rate,county,17,female,85+,0.05114757007039695,0.0,0.12294228695538102
person_years_exposure,state,0,male,0-17,10233.402949206018,9365.588991628196,11306.317432982201
person_years_exposure,state,0,male,18-44,9562.480845348757,8758.803808785868,10587.123701291583
person_years_exposure,state,0,male,45-64,8575.252590268694,7834.656334957495,9488.187230519716
person_years_exposure,state,0,male,65-74,2221.7021971981335,1964.1783697590051,2493.1881630764883
person_years_exposure,state,0,male,75-84,925.0994307969418,731.2025117705066,1094.4319492341547
person_years_exposure,state,0,male,85+,150.94799009509157,94.43208045840025,199.53623931012237
person_years_exposure,state,0,male,18-64,18137.73343561745,16609.065804818638,20062.621951170957
person_years_exposure,state,0,male,65+,3297.7496180901667,2810.424152417225,3764.645970901246
mortality_rate,state,0,male,0-17,0.0006075958767931072,9.620244082242388e-05,0.0013978052412746945
mortality_rate,state,0,male,18-44,0.0007252363383423927,0.00011027176439280254,0.0016394915188813397
mortality_rate,state,0,male,45-64,0.005924968965509854,0.001996175839258655,0.01222138305205878
mortality_rate,state,0,male,65-74,0.028586963108780672,0.009846563897408851,0.060721506638330015
mortality_rate,state,0,male,75-84,0.07520619935226938,0.026966967907783766,0.1712391699295188
mortality_rate,state,0,male,85+,0.13276314965934424,0.04609603441378253,0.32241001216699966
qualifying_event_rate,state,0,male,0-17,0.010021085380543582,0.0037050112751863553,0.020638892878947254
qualifying_event_rate,state,0,male,18-44,0.020299764822372304,0.007973796788768415,0.04025736804683671
qualifying_event_rate,state,0,male,45-64,0.031028832716478938,0.011905823248186686,0.05990927896132521
qualifying_event_rate,state,0,male,65-74,0.061650685524451396,0.025403126015917227,0.11198238918356927
qualifying_event_rate,state,0,male,75-84,0.044305359691970435,0.01660879180560187,0.08642422273545979
qualifying_event_rate,state,0,male,85+,0.044765847527294504,0.010970913385143694,0.09323823109776305
person_years_exposure,state,0,female,0-17,10341.530906909671,9458.375560966277,11427.66377173131
person_years_exposure,state,0,female,18-44,9652.326986358677,8822.750241318405,10689.29719658712
person_years_exposure,state,0,female,45-64,8787.688985192888,8034.529736051326,9716.834447487632
person_years_exposure,state,0,female,65-74,2422.7409193955823,2152.446477115212,2720.764165660797
person_years_exposure,state,0,female,75-84,928.2101148364495,733.189472220602,1094.782947319895
person_years_exposure,state,0,female,85+,145.94636395469786,96.25166908856153,189.19657986770537
person_years_exposure,state,0,female,18-64,18440.015971551566,16873.13901853659,20410.767600487274
person_years_exposure,state,0,female,65+,3496.89739818673,2993.861610851822,3987.9327457843033
mortality_rate,state,0,female,0-17,0.0005927914492480031,9.503423245605743e-05,0.0013660325294192763
mortality_rate,state,0,female,18-44,0.0006373442878017103,0.0001035538206935329,0.0014521062594809139
mortality_rate,state,0,female,45-64,0.005916424591989448,0.0019740528743172983,0.012358938881251625
mortality_rate,state,0,female,65-74,0.026987385896893545,0.009474208407445213,0.057535994343410855
mortality_rate,state,0,female,75-84,0.07375551938470383,0.026482322133727965,0.16611377224464752
mortality_rate,state,0,female,85+,0.11382703644920951,0.03746041798577152,0.2692066109586796
qualifying_event_rate,state,0,female,0-17,0.011193819513840488,0.004192844688323595,0.02241889226003719
qualifying_event_rate,state,0,female,18-44,0.02287839781128246,0.008934836739602605,0.04521506873726588
qualifying_event_rate,state,0,female,45-64,0.030739251391838602,0.012210588186182258,0.05961530650397268
qualifying_event_rate,state,0,female,65-74,0.05623931021187872,0.022334135499349882,0.10559882282290997
qualifying_event_rate,state,0,female,75-84,0.05627325272946251,0.02245767597340704,0.10459716583258595
qualifying_event_rate,state,0,female,85+,0.044285334158759786,0.008087783293164515,0.09340911402202479
person_years_exposure,state,1,male,0-17,3824.5050794208682,3409.962242325325,4204.343742353952
person_years_exposure,state,1,male,18-44,3440.7715680432157,3079.555082124598,3780.6481415502394
person_years_exposure,state,1,male,45-64,3252.551508766403,2891.3457892474917,3578.161706219483
person_years_exposure,state,1,male,65-74,999.7825016552302,869.5007722347565,1117.9799465992733
person_years_exposure,state,1,male,75-84,327.4048661479773,253.98201550094657,394.35490391925674
person_years_exposure,state,1,male,85+,23.92816343809477,13.084312224534488,33.21493919882536
person_years_exposure,state,1,male,18-64,6693.323076809618,5967.432463136424,7355.484400777436
person_years_exposure,state,1,male,65+,1351.1155312413023,1153.634245678421,1529.829165564919
mortality_rate,state,1,male,0-17,0.004360373220833905,0.001208623768600693,0.009389863905538377
mortality_rate,state,1,male,18-44,0.0005920501651199456,0.0,0.001588032848477132
mortality_rate,state,1,male,45-64,0.00791581069872585,0.0024714974981529824,0.016579567176263323
mortality_rate,state,1,male,65-74,0.028243447590601548,0.008827797893884113,0.06108082871048309
mortality_rate,state,1,male,75-84,0.07478948218352817,0.024224020909804116,0.17419011521670397
mortality_rate,state,1,male,85+,0.10458174873181861,0.0,0.3329296251495018
qualifying_event_rate,state,1,male,0-17,0.012927530549256518,0.004606415955700206,0.026068995959218667
qualifying_event_rate,state,1,male,18-44,0.020839967137670033,0.007453385674516647,0.04207496828091774
qualifying_event_rate,state,1,male,45-64,0.03602575877056336,0.014046912953212238,0.0699430652008108
qualifying_event_rate,state,1,male,65-74,0.05869540541876338,0.024072998982240204,0.11112988385599504
qualifying_event_rate,state,1,male,75-84,0.06507907520931973,0.022924245278222913,0.12310005166283507
qualifying_event_rate,state,1,male,85+,0.019797844613096218,0.0,0.07748489151550603
person_years_exposure,state,1,female,0-17,3648.3851036317233,3255.015883252912,4010.934670682275
person_years_exposure,state,1,female,18-44,3382.2803646962243,3008.220603987478,3721.7192284933576
person_years_exposure,state,1,female,45-64,3272.015731623174,2912.8096661090653,3598.0413794902433
person_years_exposure,state,1,female,65-74,951.2269566195594,826.5095659882475,1061.025447276163
person_years_exposure,state,1,female,75-84,384.26145006039985,300.8719840776226,452.34257272159925
person_years_exposure,state,1,female,85+,57.53659444808881,37.074018465736394,75.27906858496085
person_years_exposure,state,1,female,18-64,6654.296096319398,5945.500750954058,7311.344876237518
person_years_exposure,state,1,female,65+,1393.025001128048,1182.1618271539073,1575.3051008544412
mortality_rate,state,1,female,0-17,0.0022358458141877695,0.0005269739737166876,0.004968956526983401
mortality_rate,state,1,female,18-44,0.0008391909008716744,0.0,0.0020620926330482156
mortality_rate,state,1,female,45-64,0.007948708965512174,0.0024965537332225117,0.0171311432855858
mortality_rate,state,1,female,65-74,0.029119463611961355,0.009469231669150415,0.06546186225489548
mortality_rate,state,1,female,75-84,0.07307433622123949,0.024353461813887298,0.16893623144681655
mortality_rate,state,1,female,85+,0.08373472750869258,0.01423846524322378,0.2208156706241742
qualifying_event_rate,state,1,female,0-17,0.013614488883877951,0.004764322178048987,0.027901713700610578
qualifying_event_rate,state,1,female,18-44,0.02479388289527021,0.009342100294993338,0.049436057445628956
qualifying_event_rate,state,1,female,45-64,0.035677041132635375,0.013837442453054143,0.06937556150710177
qualifying_event_rate,state,1,female,65-74,0.05535336473615009,0.021922648624271714,0.10415462936531647
qualifying_event_rate,state,1,female,75-84,0.05726464576134499,0.020899171178944718,0.11101334617170479
qualifying_event_rate,state,1,female,85+,0.0416452708827071,0.0,0.09800294095906503
person_years_exposure,state,2,male,0-17,4863.45837005413,4165.4121449021795,5509.341644931337
person_years_exposure,state,2,male,18-44,4947.472306963877,4259.833053756478,5597.639372700088
person_years_exposure,state,2,male,45-64,4101.666556165101,3515.885906216016,4650.413934346813
person_years_exposure,state,2,male,65-74,1263.5890290622046,1048.121227580328,1460.4596866816657
person_years_exposure,state,2,male,75-84,393.20403613070783,295.05015140687823,479.91941480587235
person_years_exposure,state,2,male,85+,46.440612055980644,25.488845706070986,68.30877148304478
person_years_exposure,state,2,male,18-64,9049.138863128977,7773.60345261071,10253.026219465013
person_years_exposure,state,2,male,65+,1703.2336772488932,1387.639137905965,2000.229068511388
mortality_rate,state,2,male,0-17,0.00300721979472546,0.0007821172569477773,0.00672054508226019
mortality_rate,state,2,male,18-44,0.0007206568256039422,0.0,0.0018326353558173064
mortality_rate,state,2,male,45-64,0.009483523206444692,0.003308696268453706,0.02049867690241205
mortality_rate,state,2,male,65-74,0.03596024132519694,0.012107508323984086,0.08032530101768409
mortality_rate,state,2,male,75-84,0.0734952593163464,0.024650572921974808,0.16945479875874184
mortality_rate,state,2,male,85+,0.10596048225528622,0.02112467153500696,0.284116871892342
qualifying_event_rate,state,2,male,0-17,0.016746779642753166,0.0063015000127220515,0.032962165193193414
qualifying_event_rate,state,2,male,18-44,0.025774204256422975,0.010104758997556867,0.051145538681526964
qualifying_event_rate,state,2,male,45-64,0.03719848311971406,0.014495812293290625,0.07129694571098354
qualifying_event_rate,state,2,male,65-74,0.06363145750425939,0.025893190423759337,0.11579769607153301
qualifying_event_rate,state,2,male,75-84,0.05958391144319238,0.021635742717401114,0.10991361397432975
qualifying_event_rate,state,2,male,85+,0.035475099370072344,0.0,0.0922049886642678
person_years_exposure,state,2,female,0-17,5041.408455436181,4321.840429561967,5712.353483417341
person_years_exposure,state,2,female,18-44,4979.84007234597,4268.966842236671,5650.202677441027
person_years_exposure,state,2,female,45-64,4613.610009815256,3945.0596214015145,5224.308734761634
person_years_exposure,state,2,female,65-74,1205.3000704387948,1000.8782709300776,1391.909999769858
person_years_exposure,state,2,female,75-84,366.12964821160875,267.79640815043706,454.3305306170134
person_years_exposure,state,2,female,85+,30.994105788078624,14.388311665842988,50.021141915377626
person_years_exposure,state,2,female,18-64,9593.450082161226,8225.089083669234,10864.994123953908
person_years_exposure,state,2,female,65+,1602.4238244384821,1295.6440598508775,1885.8609017650099
mortality_rate,state,2,female,0-17,0.0015449202911443397,0.00035798517738912944,0.003613761492570307
mortality_rate,state,2,female,18-44,0.0008489141789164289,0.0,0.002076940464347691
mortality_rate,state,2,female,45-64,0.008960093900070527,0.002942230539936895,0.01918164038594741
mortality_rate,state,2,female,65-74,0.03568461331321758,0.01215033510675856,0.07968508137528178
mortality_rate,state,2,female,75-84,0.07756212324659482,0.026598069866733777,0.18073609980905259
mortality_rate,state,2,female,85+,0.13948370242270633,0.02728680352474805,0.41534636765254196
qualifying_event_rate,state,2,female,0-17,0.014295960738121621,0.0052061678253424015,0.029423547734248094
qualifying_event_rate,state,2,female,18-44,0.025674711253157376,0.009806557734193406,0.04948932301528879
qualifying_event_rate,state,2,female,45-64,0.041449485914855914,0.016702279044476857,0.07862198733806945
qualifying_event_rate,state,2,female,65-74,0.058684632511966726,0.02387370716619675,0.10891199289458485
qualifying_event_rate,state,2,female,75-84,0.05615934942828312,0.019978617636093612,0.10494394744835953
qualifying_event_rate,state,2,female,85+,0.04600741742752594,0.0,0.1254911137542433
person_years_exposure,state,3,male,0-17,3564.707955102827,3276.9306219778605,3833.8841598582076
person_years_exposure,state,3,male,18-44,3505.619338056213,3230.807637851664,3761.187259713054
person_years_exposure,state,3,male,45-64,3552.380542159186,3273.5892387469517,3822.867085924973
person_years_exposure,state,3,male,65-74,1251.9756564148458,1132.7693580670705,1361.4117904386699
person_years_exposure,state,3,male,75-84,614.4946972460847,490.72855961476057,709.0068292808854
person_years_exposure,state,3,male,85+,89.08097080251132,56.17241624204171,115.356843538732
person_years_exposure,state,3,male,18-64,7057.999880215399,6504.361493338267,7578.564809972521
person_years_exposure,state,3,male,65+,1955.5513244634417,1700.1287242231626,2171.972210940509
mortality_rate,state,3,male,0-17,0.006343930021007197,0.001912349381484203,0.013736379222775466
mortality_rate,state,3,male,18-44,0.0010720789734500647,0.0,0.002602459014205559
mortality_rate,state,3,male,45-64,0.004707450694411173,0.0013229033598233942,0.010245128943615843
mortality_rate,state,3,male,65-74,0.02344263582492128,0.007282310883951429,0.05096643582376526
mortality_rate,state,3,male,75-84,0.0679391612459716,0.02313030014368524,0.15613908093379245
mortality_rate,state,3,male,85+,0.10921863349342657,0.028219851918970144,0.2873877269263212
qualifying_event_rate,state,3,male,0-17,0.0124065102932743,0.004342821068341997,0.02537337490436291
qualifying_event_rate,state,3,male,18-44,0.03373197527753192,0.012934652154887451,0.06610123957647568
qualifying_event_rate,state,3,male,45-64,0.040467609241230926,0.016149287513823326,0.07871670131029308
qualifying_event_rate,state,3,male,65-74,0.06303126651842185,0.024889635043985236,0.11632123826269145
qualifying_event_rate,state,3,male,75-84,0.08172964572304454,0.03418988789344533,0.1475745925748756
qualifying_event_rate,state,3,male,85+,0.03982221464644796,0.0,0.0900029323567247
person_years_exposure,state,3,female,0-17,3370.6160498558274,3093.2241918653085,3634.292436375845
person_years_exposure,state,3,female,18-44,3242.4397533290967,2978.3507641242745,3491.1526599875656
person_years_exposure,state,3,female,45-64,3774.7427108455613,3472.7789886793835,4056.444184424524
person_years_exposure,state,3,female,65-74,1118.50692729987,1003.7265991452742,1224.4588399653983
person_years_exposure,state,3,female,75-84,461.90768853848436,362.6189152073445,539.0698677103642
person_years_exposure,state,3,female,85+,63.255446115474015,39.02950967854262,81.65436020905331
person_years_exposure,state,3,female,18-64,7017.182464174658,6447.782222909256,7537.340026797567
person_years_exposure,state,3,female,65+,1643.6700619538285,1419.590865359014,1832.8992840820463
mortality_rate,state,3,female,0-17,0.0077612388545764376,0.002442165490454081,0.01703715201723021
mortality_rate,state,3,female,18-44,0.0006419681249629468,0.0,0.0018052389781571712
mortality_rate,state,3,female,45-64,0.005628875984766241,0.0016547775995274885,0.012416594469907338
mortality_rate,state,3,female,65-74,0.028329304597149704,0.009033863202918557,0.06254554222875346
mortality_rate,state,3,female,75-84,0.07345318782774013,0.023633263932531894,0.1721259942383877
mortality_rate,state,3,female,85+,0.08035281002899747,0.01333609088393705,0.22871465877469527
qualifying_event_rate,state,3,female,0-17,0.012050664763267051,0.00413597155562337,0.024619514457229232
qualifying_event_rate,state,3,female,18-44,0.027558247439911854,0.010357237939856385,0.0545746673179404
qualifying_event_rate,state,3,female,45-64,0.041664289384380396,0.01688668840274376,0.0793626873096588
qualifying_event_rate,state,3,female,65-74,0.061217969904618634,0.0237107691266897,0.11364567573861802
qualifying_event_rate,state,3,female,75-84,0.05968851347510947,0.022435468945315073,0.11211606632021523
qualifying_event_rate,state,3,female,85+,0.04034650621827338,0.0,0.09722234004234798
person_years_exposure,state,4,male,0-17,18030.89025257248,17136.413377166915,18804.503270358997
person_years_exposure,state,4,male,18-44,17478.480318781476,16660.400028245473,18192.105378193875
person_years_exposure,state,4,male,45-64,16294.209765778145,15520.991718660809,16976.010452456612
person_years_exposure,state,4,male,65-74,4582.156770506483,4174.828766686534,4909.982537436853
person_years_exposure,state,4,male,75-84,1895.3906275035952,1484.6680439603929,2186.612114592647
person_years_exposure,state,4,male,85+,272.34341769166656,165.10980938077014,357.80690214783766
person_years_exposure,state,4,male,18-64,33772.690084559625,32186.67248514419,35141.36920978635
person_years_exposure,state,4,male,65+,6749.890815701744,5853.5140725511355,7425.571728810455
mortality_rate,state,4,male,0-17,0.0027577185816798936,0.0009530760531904554,0.005881800639826174
mortality_rate,state,4,male,18-44,0.0006929838559525533,0.0001734908295097276,0.0015493402070141972
mortality_rate,state,4,male,45-64,0.006448861471219795,0.002331543706446468,0.013578421971457972
mortality_rate,state,4,male,65-74,0.029413537938103675,0.01069492645106948,0.06277548881975055
mortality_rate,state,4,male,75-84,0.08280027063375439,0.03129599526785959,0.19075412920094126
mortality_rate,state,4,male,85+,0.12144338411676281,0.04430717402470047,0.29833232484681377
qualifying_event_rate,state,4,male,0-17,0.012523956010633955,0.0047596288399313555,0.025124483278789266
qualifying_event_rate,state,4,male,18-44,0.029473471098000904,0.011681855641158702,0.056924923673458645
qualifying_event_rate,state,4,male,45-64,0.04312239611001236,0.017564659976692952,0.08214781924170653
qualifying_event_rate,state,4,male,65-74,0.06924515973393251,0.02974333786933648,0.12392903787967266
qualifying_event_rate,state,4,male,75-84,0.06411378639839983,0.026800118980569675,0.11483111390389848
qualifying_event_rate,state,4,male,85+,0.029218430280092793,0.007483912890426446,0.06091489581689018
person_years_exposure,state,4,female,0-17,17564.13432850688,16688.58879720644,18343.415651554184
person_years_exposure,state,4,female,18-44,17403.46938379564,16573.844492020773,18117.768059852693
person_years_exposure,state,4,female,45-64,16526.488106022207,15725.609403195442,17233.967782703883
person_years_exposure,state,4,female,65-74,5155.418069241731,4715.900108842082,5503.832736324068
person_years_exposure,state,4,female,75-84,2076.757438569658,1691.9517327256578,2354.4644429582627
person_years_exposure,state,4,female,85+,228.94522309874176,153.61461101833723,284.04854108156627
person_years_exposure,state,4,female,18-64,33929.95748981785,32325.57029609417,35333.37867232152
person_years_exposure,state,4,female,65+,7461.120730910131,6581.340279032883,8127.5194858637915
mortality_rate,state,4,female,0-17,0.003455083281645504,0.0012011024597562143,0.007214198472954119
mortality_rate,state,4,female,18-44,0.0007069127484692833,0.00017225539199203446,0.0015706210640766389
mortality_rate,state,4,female,45-64,0.007026362346618928,0.0025389257369291974,0.01462483492239562
mortality_rate,state,4,female,65-74,0.027087261204779427,0.009957371601475112,0.0582459102478122
mortality_rate,state,4,female,75-84,0.06862416980731949,0.025589169240732044,0.15525264619587018
mortality_rate,state,4,female,85+,0.09410914522201609,0.03351993352081001,0.22851849037941432
qualifying_event_rate,state,4,female,0-17,0.013436833449469115,0.005137403304965438,0.026615233498637925
qualifying_event_rate,state,4,female,18-44,0.028845595814798643,0.011331221845481245,0.05637676740079858
qualifying_event_rate,state,4,female,45-64,0.04444450227085881,0.01821361629670397,0.08438786950015116
qualifying_event_rate,state,4,female,65-74,0.06343549709053763,0.02670817800196554,0.11512939606285699
qualifying_event_rate,state,4,female,75-84,0.06166188645932886,0.026563123049395006,0.1121059691164354
qualifying_event_rate,state,4,female,85+,0.04823375725602437,0.016184932009126428,0.09383590581838387
person_years_exposure,state,5,male,0-17,9628.569483089843,8636.826894614329,10093.252624334633
person_years_exposure,state,5,male,18-44,9286.703848889392,8342.798022862202,9673.640913737581
person_years_exposure,state,5,male,45-64,8825.054674542018,7901.160496627466,9256.179640501074
person_years_exposure,state,5,male,65-74,2842.1181311385185,2512.63838424369,3038.7244098175365
person_years_exposure,state,5,male,75-84,1115.3480484817085,899.5585039178502,1274.2682260035726
person_years_exposure,state,5,male,85+,207.86329926234743,130.68056860106995,269.9037155653294
person_years_exposure,state,5,male,18-64,18111.75852343141,16252.117297973924,18923.490970889696
person_years_exposure,state,5,male,65+,4165.329478882574,3589.766205728368,4568.8695893533695
mortality_rate,state,5,male,0-17,0.0012324467554179121,0.00030329402300521374,0.0027196796988479452
mortality_rate,state,5,male,18-44,0.0008116022108211593,0.00011648794796556358,0.0018572111456510668
mortality_rate,state,5,male,45-64,0.00508312847603723,0.0017158459262916884,0.010618668948175888
mortality_rate,state,5,male,65-74,0.02177216277554648,0.007424003591737783,0.04692128295601153
mortality_rate,state,5,male,75-84,0.06946916862024291,0.02439522223574621,0.1597633394233948
mortality_rate,state,5,male,85+,0.13086180698452948,0.0456896272273108,0.320556078290444
qualifying_event_rate,state,5,male,0-17,0.018999993519491828,0.007310566108165023,0.037673138512649876
qualifying_event_rate,state,5,male,18-44,0.029584871217220535,0.011639146363570652,0.057668899004106135
qualifying_event_rate,state,5,male,45-64,0.043233856395998214,0.01768530373635945,0.08142950191112867
qualifying_event_rate,state,5,male,65-74,0.06757020867030016,0.02786206883635893,0.12227861478995275
qualifying_event_rate,state,5,male,75-84,0.07613656018701773,0.03348312936683536,0.13623657057427335
qualifying_event_rate,state,5,male,85+,0.05306530509264055,0.016369890870023402,0.10499557406880494
person_years_exposure,state,5,female,0-17,9541.421032176226,8547.37369462935,10036.416777862885
person_years_exposure,state,5,female,18-44,9238.965152977276,8304.934477087869,9631.33319801983
person_years_exposure,state,5,female,45-64,8940.328309887318,8016.475530735919,9341.389630696609
person_years_exposure,state,5,female,65-74,2706.826140450887,2382.6480120680285,2908.846712421188
person_years_exposure,state,5,female,75-84,1102.3317704636245,892.3482704622792,1258.490706600503
person_years_exposure,state,5,female,85+,176.58518475392214,111.31564683841492,226.66754610471884
person_years_exposure,state,5,female,18-64,18179.293462864596,16324.142515701087,18964.35569239845
person_years_exposure,state,5,female,65+,3985.7430956684334,3428.6904667864624,4387.334625214109
mortality_rate,state,5,female,0-17,0.0070145944711009845,0.0024882245088218066,0.014892591271086112
mortality_rate,state,5,female,18-44,0.0007922775005154306,0.00011570303172552643,0.0018103780203076619
mortality_rate,state,5,female,45-64,0.004631838430832964,0.0015076261276018507,0.009945493649866995
mortality_rate,state,5,female,65-74,0.025255952797716724,0.00853313680137953,0.054541758386303756
mortality_rate,state,5,female,75-84,0.0690295570109955,0.024807255328441854,0.16191939928668195
mortality_rate,state,5,female,85+,0.11426652302645558,0.03710028903660859,0.284301744958576
qualifying_event_rate,state,5,female,0-17,0.017279306726850973,0.006506238045202982,0.03429217265315845
qualifying_event_rate,state,5,female,18-44,0.028908021364433583,0.011416581267060444,0.05672134980422659
qualifying_event_rate,state,5,female,45-64,0.042889011695037914,0.017538201547226125,0.08073446582703696
qualifying_event_rate,state,5,female,65-74,0.06301703949876138,0.026219424466351424,0.11444146590858953
qualifying_event_rate,state,5,female,75-84,0.06447451181683589,0.026217503643691714,0.11796484095866792
qualifying_event_rate,state,5,female,85+,0.05018316432149222,0.014590728719425612,0.09801023381356
