estimand,level,unit,sex,age_band,estimate,lower,upper
children_under_16,county,0,,,1293.349921352291,775.6767421879821,1811.0231005165997
children_under_16,county,1,,,1148.2752574337776,500.6055051829816,1795.9450096845735
children_under_16,county,2,,,897.6578975772588,343.00656940834665,1452.309225746171
children_under_16,county,3,,,1530.1678964396026,1202.4716107803063,1857.864182098899
children_under_16,county,4,,,902.2527080530343,264.9039759977121,1539.6014401083567
children_under_16,county,5,,,996.1311182764233,773.42842263345,1218.8338139193966
children_under_16,county,6,,,565.9090293911913,449.27431939256735,682.5437393898153
children_under_16,county,7,,,1083.0463006307298,616.0848560495397,1550.0077452119199
children_under_16,county,8,,,902.0215834295908,416.454642457841,1387.5885244013407
children_under_16,county,9,,,696.261884972471,552.7728918802808,839.7508780646612
children_under_16,county,10,,,894.2536478355673,277.0902688571057,1511.417026814029
children_under_16,county,11,,,1310.5654885101249,918.6273781235261,1702.5035988967236
children_under_16,county,12,,,1026.507516531027,764.2015153605071,1288.813517701547
children_under_16,county,13,,,276.26302408479773,190.92032366060815,361.60572450898735
children_under_16,county,14,,,801.0658364957291,543.8001026425868,1058.3315703488713
children_under_16,county,15,,,1153.462784498289,626.6035835257467,1680.3219854708314
children_under_16,county,16,,,787.7746652369415,625.3622776661333,950.1870528077496
children_under_16,county,17,,,687.3848501715945,298.2489470431529,1076.5207533000362
children_under_16,nation,0,,,16952.35141092044,14245.779267020858,19658.923554820023
children_under_16,state,0,,,5790.7980876046995,4429.115723233926,7152.480451975473
children_under_16,state,1,,,3891.1444755332523,2318.1528062555844,5464.13614481092
children_under_16,state,2,,,897.6578975772588,361.7511617516749,1433.564633402843
children_under_16,state,3,,,3580.113476040206,3101.4417029568863,4058.785249123526
children_under_16,state,4,,,1796.5063558886018,816.0825964322362,2776.9301153449674
children_under_16,state,5,,,996.1311182764233,839.8511587728406,1152.411077780006
elders_65_plus,county,0,,,658.2612797050595,394.78717748422287,921.735381925896
elders_65_plus,county,1,,,572.6788485863577,249.66677845596206,895.6909187167535
elders_65_plus,county,2,,,605.1214915111276,231.224665252421,979.0183177698342
elders_65_plus,county,3,,,830.7296886990762,652.8230459005904,1008.636331497562
elders_65_plus,county,4,,,456.4071771478854,134.00245277319829,778.8119015225725
elders_65_plus,county,5,,,504.95099592985474,392.06028716878467,617.8417046909249
elders_65_plus,county,6,,,344.366180770235,273.3917881709865,415.34057336948354
elders_65_plus,county,7,,,676.7257128391354,384.9516527010161,968.4997729772548
elders_65_plus,county,8,,,521.8354286507591,240.9263712230778,802.7444860784404
elders_65_plus,county,9,,,407.0400271838399,323.15526354905296,490.9247908186269
elders_65_plus,county,10,,,455.22659632329743,141.05490122565493,769.3982914209399
elders_65_plus,county,11,,,683.4319542778799,479.0445878426442,887.8193207131155
elders_65_plus,county,12,,,507.4567927853032,377.78510510769354,637.1284804629129
elders_65_plus,county,13,,,227.6542021258816,157.32765576051105,297.98074849125214
elders_65_plus,county,14,,,467.6071791243339,317.4331252429823,617.7812330056855
elders_65_plus,county,15,,,505.07235574079,274.373956663566,735.770754818014
elders_65_plus,county,16,,,409.42360963678453,325.0143630548718,493.83285621869726
elders_65_plus,county,17,,,328.48907767041567,142.52790340945242,514.450251931379
elders_65_plus,nation,0,,,9162.478598708016,7733.879945419199,10591.077251996832
elders_65_plus,state,0,,,3221.1371208575933,2473.003067615256,3969.2711740999307
elders_65_plus,state,1,,,1928.0757106483225,1130.5709315615463,2725.5804897350986
elders_65_plus,state,2,,,605.1214915111276,243.860610089732,966.3823729325231
elders_65_plus,state,3,,,1991.5595062899356,1730.8934440649468,2252.2255685149244
elders_65_plus,state,4,,,911.6337734711828,413.85545879508504,1409.4120881472807
elders_65_plus,state,5,,,504.95099592985474,425.73078109332425,584.1712107663852
households,county,0,,,2229.238344316808,1336.9686794987565,3121.508009134859
households,county,1,,,1776.54199114664,774.5065437918602,2778.5774385014197
households,county,2,,,1549.8249526536513,592.2079465105232,2507.4419587967795
households,county,3,,,2471.7163512713,1942.3807996631408,3001.0519028794592
households,county,4,,,1389.8620333390322,408.0674687186787,2371.6565979593856
households,county,5,,,1748.6824292813044,1357.7336036906734,2139.631254871935
households,county,6,,,1051.3469602920263,834.6627558475159,1268.0311647365368
households,county,7,,,2060.8048368569603,1172.2773537214666,2949.332319992454
households,county,8,,,1596.9542365085867,737.2983283372072,2456.610144679966
households,county,9,,,1477.3007333465268,1172.8515033981885,1781.7499632948652
households,county,10,,,1510.4405272226525,468.019753448913,2552.861300996392
households,county,11,,,2383.010115937444,1670.3463917198535,3095.6738401550347
households,county,12,,,1873.7199186286773,1394.9236397373431,2352.5161975200117
households,county,13,,,764.8315176609075,528.5610746548326,1001.1019606669823
households,county,14,,,1533.5514599300916,1041.044822190615,2026.0580976695683
households,county,15,,,1916.722558607102,1041.2344810675852,2792.2106361466185
households,county,16,,,1599.9088112410054,1270.061938276297,1929.7556842057138
households,county,17,,,1232.9431458759743,534.9608664342621,1930.9254253176864
households,nation,0,,,30167.400924116693,25540.108126605883,34794.693721627504
households,state,0,,,10845.156193330888,8318.801998621806,13371.51038803997
households,state,1,,,6523.161932138303,3981.486527715463,9064.837336561144
households,state,2,,,1549.8249526536513,624.5708734333717,2475.079031873931
households,state,3,,,6600.272856150858,5658.737906874563,7541.807805427154
households,state,4,,,2900.302560561685,1310.5559814419964,4490.049139681373
households,state,5,,,1748.6824292813044,1474.3370000314235,2023.0278585311853
low_income_household_share,county,0,,,0.3350582141377203,0.25129862313736756,0.41881780513807304
low_income_household_share,county,1,,,0.26532960488160096,0.18232248632602882,0.3483367234371731
low_income_household_share,county,2,,,0.27042596020712895,0.1823159640606759,0.358535956353582
low_income_household_share,county,3,,,0.3491964530747708,0.25875910695713783,0.4396337991924038
low_income_household_share,county,4,,,0.42083181299363154,0.33088689983137143,0.5107767261558916
low_income_household_share,county,5,,,0.3317405643546861,0.2373293870870341,0.42615174162233804
low_income_household_share,county,6,,,0.41837258900319296,0.3301071196887192,0.5066380583176667
low_income_household_share,county,7,,,0.27230415818389014,0.1893621624629584,0.3552461539048219
low_income_household_share,county,8,,,0.3012236756890465,0.21763739153578338,0.38480995984230965
low_income_household_share,county,9,,,0.5012829559563375,0.41212817836209537,0.5904377335505797
low_income_household_share,county,10,,,0.30765847092843235,0.2235475688306396,0.3917693730262251
low_income_household_share,county,11,,,0.3362619936903023,0.252326960737876,0.42019702664272857
low_income_household_share,county,12,,,0.3138335814158416,0.23055170396654662,0.3971154588651366
low_income_household_share,county,13,,,0.28373717402788395,0.20049118339419408,0.3669831646615738
low_income_household_share,county,14,,,0.33811219674068405,0.2535609912438413,0.4226634022375268
low_income_household_share,county,15,,,0.26983936239626655,0.18672873046584262,0.3529499943266905
low_income_household_share,county,16,,,0.3798896426455938,0.29055254337112046,0.4692267419200671
low_income_household_share,county,17,,,0.2893350856571337,0.20605912437096055,0.3726110469433068
low_income_household_share,nation,0,,,0.3275727362483201,0.3177083190091362,0.337437153487504
low_income_household_share,state,0,,,0.3170311917487152,0.302617815738321,0.33144456775910935
low_income_household_share,state,1,,,0.2795638301864391,0.2677556426727722,0.291372017700106
low_income_household_share,state,2,,,0.27042596020712895,0.23882993322701684,0.30202198718724105
low_income_household_share,state,3,,,0.3980165094987616,0.36374316092178793,0.4322898580757353
low_income_household_share,state,4,,,0.36364545925799063,0.32744476628771974,0.39984615222826153
low_income_household_share,state,5,,,0.3317405643546861,0.2853896431873133,0.37809148552205885
mean_income_adults,county,0,,,18512.38572245486,15343.97877479635,21680.79267011337
mean_income_adults,county,1,,,19997.105902961383,16601.27483426891,23392.936971653857
mean_income_adults,county,2,,,31253.523434342133,24947.48187492707,37559.564993757194
mean_income_adults,county,3,,,21140.355350326732,16983.972767588595,25296.73793306487
mean_income_adults,county,4,,,18642.658150197727,15177.827767183708,22107.48853321175
mean_income_adults,county,5,,,27219.08414310095,21344.423982283763,33093.74430391814
mean_income_adults,county,6,,,18183.883028644574,14884.60424945017,21483.161807838977
mean_income_adults,county,7,,,19947.107999490727,16573.63429591448,23320.581703066975
mean_income_adults,county,8,,,18914.046844129636,15665.31185506712,22162.78183319215
mean_income_adults,county,9,,,17343.323295801725,14252.020221033868,20434.626370569582
mean_income_adults,county,10,,,22819.09747874754,18844.97477526855,26793.220182226527
mean_income_adults,county,11,,,18463.276996664383,15290.12842129745,21636.425572031316
mean_income_adults,county,12,,,19129.598694281776,15883.508317891276,22375.689070672277
mean_income_adults,county,13,,,19190.103312828025,15916.084650570008,22464.121975086044
mean_income_adults,county,14,,,18251.285868354513,15068.129723374386,21434.44201333464
mean_income_adults,county,15,,,19630.225519294563,16286.467687754823,22973.983350834304
mean_income_adults,county,16,,,19165.758269720754,15555.335551437262,22776.18098800425
mean_income_adults,county,17,,,19576.37523982593,16237.536040193041,22915.21443945882
mean_income_adults,nation,0,,,20516.804976829306,19918.69621771175,21114.913735946862
mean_income_adults,state,0,,,18887.090944026582,18049.31510170224,19724.866786350925
mean_income_adults,state,1,,,19553.26242223004,18706.400611178826,20400.124233281254
mean_income_adults,state,2,,,31253.523434342133,27601.92442033221,34905.12244835206
mean_income_adults,state,3,,,19443.28449771848,17722.895070214017,21163.67392522294
mean_income_adults,state,4,,,20756.66127709357,19108.15097937973,22405.171574807413
mean_income_adults,state,5,,,27219.08414310095,23416.023079950217,31022.145206251684
median_household_income,county,0,,,20043.122534944116,16612.728978728464,23473.516091159767
median_household_income,county,1,,,28984.157068825545,24062.1797811219,33906.13435652919
median_household_income,county,2,,,25256.60000000001,20160.561161879323,30352.638838120696
median_household_income,county,3,,,23881.049879966355,19185.822286402807,28576.277473529903
median_household_income,county,4,,,18763.5641924455,15276.262822445882,22250.86556244512
median_household_income,county,5,,,21327.739999999994,16724.601119957097,25930.878880042892
median_household_income,county,6,,,16982.38086085042,13901.102307411691,20063.659414289148
median_household_income,county,7,,,29350.594767548144,24386.794519653853,34314.39501544244
median_household_income,county,8,,,22331.15904598825,18495.490331783985,26166.827760192515
median_household_income,county,9,,,12613.913673220191,10365.588513282652,14862.238833157731
median_household_income,county,10,,,26419.626006033082,21818.443350768717,31020.808661297448
median_household_income,county,11,,,20046.78607263364,16601.491357152998,23492.080788114283
median_household_income,county,12,,,22263.218694426305,18485.386179149504,26041.051209703106
median_household_income,county,13,,,25715.02387446926,21327.790169002794,30102.25757993573
median_household_income,county,14,,,19875.426721333206,16409.008675040342,23341.84476762607
median_household_income,county,15,,,27473.876530509726,22794.05307553451,32153.699985484942
median_household_income,county,16,,,18728.342219179376,15200.31941557661,22256.36502278214
median_household_income,county,17,,,24173.24871544592,20050.391986105667,28296.10544478617
median_household_income,nation,0,,,22818.840751304313,22055.090222545252,23582.591280063374
median_household_income,state,0,,,22523.287456925827,21372.64028469614,23673.934629155516
median_household_income,state,1,,,26087.742422446172,24937.373096297335,27238.11174859501
median_household_income,state,2,,,25256.60000000001,22305.669496084352,28207.530503915666
median_household_income,state,3,,,19312.0724001019,17580.03206753126,21044.11273267254
median_household_income,state,4,,,22635.69522489188,20318.9325727081,24952.457877075656
median_household_income,state,5,,,21327.739999999994,18347.819840579014,24307.660159420975
persons,county,0,,,5016.56873622986,3008.6488041939124,7024.488668265809
persons,county,1,,,3997.628027297952,1742.8178349950654,6252.438219600839
persons,county,2,,,3564.6394254131196,1362.094338821833,5767.184512004406
persons,county,3,,,5159.89162049503,4054.8643078876457,6264.9189331024145
persons,county,4,,,3159.96494625855,927.774747369429,5392.155145147671
persons,county,5,,,4374.514445499431,3396.5145203214,5352.514370677462
persons,county,6,,,2047.1336449556443,1625.2162932132724,2469.050996698016
persons,county,7,,,4433.676259266485,2522.0720465687464,6345.2804719642245
persons,county,8,,,3267.6207324931956,1508.628894071805,5026.612570914586
persons,county,9,,,2547.53049712637,2022.523177619339,3072.537816633401
persons,county,10,,,3195.83416520134,990.2498583055185,5401.418472097162
persons,county,11,,,5089.76941997381,3567.621441671833,6611.917398275787
persons,county,12,,,3982.0049926168426,2964.4734213097377,4999.536563923948
persons,county,13,,,1336.9964009075588,923.9737617437665,1750.0190400713511
persons,county,14,,,3174.4062739050573,2154.932065422122,4193.880482387993
persons,county,15,,,4012.271381996465,2179.6139934677835,5844.928770525146
persons,county,16,,,2929.869736007615,2325.830078355857,3533.9093936593727
persons,county,17,,,2444.7027157218886,1060.7304054134647,3828.6750260303124
persons,nation,0,,,63735.023421366226,53587.27534377585,73882.7714989566
persons,state,0,,,23033.422082899615,17606.21953797929,28460.62462781994
persons,state,1,,,13722.222857509501,8217.293656918664,19227.15205810034
persons,state,2,,,3564.6394254131196,1436.5299484907978,5692.748902335441
persons,state,3,,,12684.42549858466,10932.45837679002,14436.3926203793
persons,state,4,,,6355.79911145989,2881.303168642664,9830.295054277116
persons,state,5,,,4374.514445499431,3688.2102754486173,5060.8186155502435
tertiary_share_25_plus,county,0,,,0.4266064969191777,0.4008119476142078,0.45240104622414756
tertiary_share_25_plus,county,1,,,0.4114919234182717,0.38456788103182377,0.4384159658047196
tertiary_share_25_plus,county,2,,,0.4100379455180899,0.38333175761339977,0.43674413342278007
tertiary_share_25_plus,county,3,,,0.35325100071179966,0.32840651978180757,0.37809548164179174
tertiary_share_25_plus,county,4,,,0.3810813283365291,0.3530745846163452,0.40908807205671294
tertiary_share_25_plus,county,5,,,0.3773480683997999,0.3510310486942173,0.4036650881053825
tertiary_share_25_plus,county,6,,,0.3808072521402835,0.34996067682406007,0.4116538274565069
tertiary_share_25_plus,county,7,,,0.36035181303460057,0.33451448409102275,0.3861891419781784
tertiary_share_25_plus,county,8,,,0.3674738688869122,0.339715705936762,0.3952320318370624
tertiary_share_25_plus,county,9,,,0.3625746227605166,0.33394968477279613,0.3911995607482371
tertiary_share_25_plus,county,10,,,0.3793162933818605,0.35113163130924835,0.4075009554544727
tertiary_share_25_plus,county,11,,,0.3912084607810232,0.3656627224964465,0.41675419906559996
tertiary_share_25_plus,county,12,,,0.3969763108347422,0.3702412180171239,0.42371140365236054
tertiary_share_25_plus,county,13,,,0.3645042166763012,0.329773242932354,0.39923519042024835
tertiary_share_25_plus,county,14,,,0.3827698594935982,0.35465531811087964,0.4108844008763168
tertiary_share_25_plus,county,15,,,0.40160121613193,0.37498643990922853,0.4282159923546315
tertiary_share_25_plus,county,16,,,0.3513111298649539,0.32363252555110417,0.3789897341788036
tertiary_share_25_plus,county,17,,,0.3638181950791444,0.33397813125166503,0.3936582589066238
tertiary_share_25_plus,nation,0,,,0.38356288786262366,0.362981459411299,0.4041443163139483
tertiary_share_25_plus,state,0,,,0.39124479281480185,0.36972432025613233,0.41276526537347136
tertiary_share_25_plus,state,1,,,0.38953706402961896,0.3671532696118225,0.41192085844741544
tertiary_share_25_plus,state,2,,,0.4100379455180899,0.38333175761339977,0.43674413342278007
tertiary_share_25_plus,state,3,,,0.3591260168953471,0.33706334023483664,0.3811886935558576
tertiary_share_25_plus,state,4,,,0.3801901692533536,0.3558016484013519,0.40457869010535524
tertiary_share_25_plus,state,5,,,0.37734806839979995,0.35103104869421736,0.40366508810538254
person_years_exposure,county,0,male,0-17,3595.0510706939003,2735.801529533635,5372.736056364292
person_years_exposure,county,0,male,18-44,3891.759730851497,2960.47237193145,5815.702729677142
person_years_exposure,county,0,male,45-64,3209.5254378669647,2444.388096686795,4804.843517047235
person_years_exposure,county,0,male,65-74,790.2865164732917,601.9574913659847,1184.5212796986038
person_years_exposure,county,0,male,75-84,554.9477368166961,411.45494997316945,837.5627827998658
person_years_exposure,county,0,male,85+,281.2227122031236,189.2370078606325,425.4690950029143
person_years_exposure,county,0,male,18-64,7101.285168718461,5405.592700083944,10615.054614219209
person_years_exposure,county,0,male,65+,1626.4569654931115,1221.2181619263265,2434.2436686844876
mortality_rate,county,0,male,0-17,0.001371106869366,0.00022823187242124323,0.003153537515600396
mortality_rate,county,0,male,18-44,0.0010586771723953626,0.0,0.0025674668236385354
mortality_rate,county,0,male,45-64,0.0031126827216049306,0.0007265973472843811,0.0069236869172390365
mortality_rate,county,0,male,65-74,0.01735117841177722,0.004534676210148776,0.03788295360210477
mortality_rate,county,0,male,75-84,0.047839497106467,0.014991982051075532,0.10923084322665906
mortality_rate,county,0,male,85+,0.086639992185038,0.028344490325397376,0.19627583911512833
qualifying_event_rate,county,0,male,0-17,0.03369785447557413,0.021345727552697043,0.049005965377759905
qualifying_event_rate,county,0,male,18-44,0.04387487925517197,0.028403705243381143,0.06304295949169092
qualifying_event_rate,county,0,male,45-64,0.057180863979058784,0.03864292787088105,0.08113403395114108
qualifying_event_rate,county,0,male,65-74,0.09182187177383412,0.061814279010356965,0.1283682854324841
qualifying_event_rate,county,0,male,75-84,0.09542984723054793,0.06242767693487231,0.13690080520600484
qualifying_event_rate,county,0,male,85+,0.0961815842399476,0.05898925075625377,0.14073454866128265
person_years_exposure,county,0,female,0-17,3761.0773221022046,2862.3330973625843,5629.703436953026
person_years_exposure,county,0,female,18-44,3738.522377566797,2845.4496035186653,5595.987948768285
person_years_exposure,county,0,female,45-64,3001.5648459071135,2288.9256237268633,4486.0256239643595
person_years_exposure,county,0,female,65-74,878.2553293712513,668.0936248470063,1318.2468580966047
person_years_exposure,county,0,female,75-84,524.4727750243818,385.6337933219539,781.6004458585564
person_years_exposure,county,0,female,85+,245.94387381780197,161.22747435911842,371.9815472733238
person_years_exposure,county,0,female,18-64,6740.087223473911,5132.718377341553,10085.783589227955
person_years_exposure,county,0,female,65+,1648.671978213435,1234.7337100282125,2468.216055372381
mortality_rate,county,0,female,0-17,0.0011893253310596111,0.0,0.0028609826991571633
mortality_rate,county,0,female,18-44,0.0013218844324442464,0.00019035266043220935,0.0031641009706428695
mortality_rate,county,0,female,45-64,0.004698070248000362,0.0012141157317084243,0.010269240275518721
mortality_rate,county,0,female,65-74,0.01800388929045261,0.005204974875042921,0.03984759805973984
mortality_rate,county,0,female,75-84,0.04911763484093974,0.015656958400879054,0.1092181244196741
mortality_rate,county,0,female,85+,0.08739620381374257,0.029285481189421418,0.20742482493601253
qualifying_event_rate,county,0,female,0-17,0.03358555548736932,0.02173439705661946,0.049549730414272394
qualifying_event_rate,county,0,female,18-44,0.04433687371402886,0.02869154374933479,0.06349032415520979
qualifying_event_rate,county,0,female,45-64,0.05847909927153442,0.03873866798950772,0.08260889807330168
qualifying_event_rate,county,0,female,65-74,0.0890871577751946,0.059322552380735,0.1246641684273861
qualifying_event_rate,county,0,female,75-84,0.10103062914389092,0.06674472514225517,0.14288748030296936
qualifying_event_rate,county,0,female,85+,0.08622390554912833,0.04928287055083014,0.13050474576900076
person_years_exposure,county,1,male,0-17,3130.4423521323884,2066.2926804910894,5525.179663677066
person_years_exposure,county,1,male,18-44,3224.9173750553823,2126.3903555118663,5650.465175312234
person_years_exposure,county,1,male,45-64,2776.2848269192923,1834.691715229443,4906.5520514717555
person_years_exposure,county,1,male,65-74,868.6448768673149,573.8483097474631,1547.9308932264971
person_years_exposure,county,1,male,75-84,499.44020620501976,324.7925043691599,882.8196082474528
person_years_exposure,county,1,male,85+,195.19260269544378,115.46864824299448,345.61998387374854
person_years_exposure,county,1,male,18-64,6001.202201974675,3960.1813309378754,10549.86617225926
person_years_exposure,county,1,male,65+,1563.2776857677786,1030.652550389395,2763.666446109133
mortality_rate,county,1,male,0-17,0.0011709295145630532,0.0,0.0030180551723106284
mortality_rate,county,1,male,18-44,0.00105017225439515,0.0,0.002690876291046664
mortality_rate,county,1,male,45-64,0.0037878366006557107,0.0008579301238409876,0.008338711616066943
mortality_rate,county,1,male,65-74,0.017343959390908742,0.004598467026794116,0.03773402433802119
mortality_rate,county,1,male,75-84,0.04525355316596403,0.013454559077260286,0.10297583376527933
mortality_rate,county,1,male,85+,0.09272428810174328,0.028246596372343315,0.2183043338433784
qualifying_event_rate,county,1,male,0-17,0.023833648695184374,0.014665615281132902,0.035737634119628166
qualifying_event_rate,county,1,male,18-44,0.037024174097390485,0.023338003718606115,0.05407320129202355
qualifying_event_rate,county,1,male,45-64,0.044786590635667735,0.02924677091212661,0.06455690993205267
qualifying_event_rate,county,1,male,65-74,0.07724569028949278,0.0490155527890484,0.11047387270849619
qualifying_event_rate,county,1,male,75-84,0.0693012128172849,0.04239120070877172,0.10211540217432058
qualifying_event_rate,county,1,male,85+,0.07201493506038327,0.03641247477878435,0.11378242193929462
person_years_exposure,county,1,female,0-17,3203.818203715236,2120.4353387080746,5664.532914731876
person_years_exposure,county,1,female,18-44,2903.400878085334,1922.0063673537009,5118.804635053836
person_years_exposure,county,1,female,45-64,2716.05323683604,1796.8768790973,4814.276910076967
person_years_exposure,county,1,female,65-74,832.053020241839,551.807690325155,1477.5048855336588
person_years_exposure,county,1,female,75-84,494.77389713013986,321.81319353727673,877.1266773064594
person_years_exposure,county,1,female,85+,201.45738787396934,117.30532066522775,346.68113059165023
person_years_exposure,county,1,female,18-64,5619.454114921375,3716.761637573669,9929.22502586029
person_years_exposure,county,1,female,65+,1528.2843052459482,1005.9087793342625,2696.267854784435
mortality_rate,county,1,female,0-17,0.0017904661751244175,0.00031693192741669455,0.004229942788130058
mortality_rate,county,1,female,18-44,0.0013847580755542615,0.0,0.0034558641593831047
mortality_rate,county,1,female,45-64,0.0043194785119221955,0.0010354597908114626,0.009631791824770067
mortality_rate,county,1,female,65-74,0.018334614168356692,0.004987361309657493,0.04070084199577629
mortality_rate,county,1,female,75-84,0.04603709728203922,0.014374843858808928,0.10393819362075661
mortality_rate,county,1,female,85+,0.10332750414674355,0.03346053559463232,0.24389244421065692
qualifying_event_rate,county,1,female,0-17,0.024105606360308455,0.014868967618763723,0.03587240235807673
qualifying_event_rate,county,1,female,18-44,0.03502778682712134,0.02245247943274565,0.05117614410555062
qualifying_event_rate,county,1,female,45-64,0.045156141533467226,0.028893564462834982,0.06432791747704869
qualifying_event_rate,county,1,female,65-74,0.06764230951605771,0.0424111833833801,0.09801713529649113
qualifying_event_rate,county,1,female,75-84,0.0711212112328538,0.043117754130072405,0.10460200567087617
qualifying_event_rate,county,1,female,85+,0.07248250520981885,0.03742350117245626,0.11683350058790308
person_years_exposure,county,2,male,0-17,2531.1267220888303,1306.3294941322263,4372.500020148752
person_years_exposure,county,2,male,18-44,2332.6985537120854,1207.227248748165,4018.799961551641
person_years_exposure,county,2,male,45-64,2292.2461935505244,1184.229034940265,3946.9151304679926
person_years_exposure,county,2,male,65-74,766.6866251154006,396.53693873825347,1322.7077351333573
person_years_exposure,county,2,male,75-84,503.37810402945956,258.44799631170673,866.1734796906361
person_years_exposure,county,2,male,85+,191.8721256166401,95.64074948270591,334.50182712247
person_years_exposure,county,2,male,18-64,4624.94474726261,2391.5314501107973,7961.031964854282
person_years_exposure,county,2,male,65+,1461.9368547615002,756.8593983469441,2510.008440949289
mortality_rate,county,2,male,0-17,0.0037332065074173627,0.0007911220102701576,0.00858558937921857
mortality_rate,county,2,male,18-44,0.004490919215935518,0.0009862111565927547,0.010212129632324915
mortality_rate,county,2,male,45-64,0.00367982227104703,0.000628109946281711,0.008637630282638073
mortality_rate,county,2,male,65-74,0.01671661645078378,0.004061168913795909,0.03763591897579415
mortality_rate,county,2,male,75-84,0.04684579688621601,0.014436268261449016,0.10858206265711401
mortality_rate,county,2,male,85+,0.08236836391048692,0.025609112559244262,0.19850780669966875
qualifying_event_rate,county,2,male,0-17,0.027643514514953796,0.016549851335782163,0.04073880775426423
qualifying_event_rate,county,2,male,18-44,0.04065515869715712,0.02562494654534101,0.058903738163607354
qualifying_event_rate,county,2,male,45-64,0.05250398108190697,0.033947544793188046,0.07454674158207453
qualifying_event_rate,county,2,male,65-74,0.06959222065775979,0.04376541785896348,0.1010737897624094
qualifying_event_rate,county,2,male,75-84,0.08744176372515344,0.056422430005097904,0.12550166538220645
qualifying_event_rate,county,2,male,85+,0.08533994800240671,0.046232963783877756,0.12937621429998827
person_years_exposure,county,2,female,0-17,2456.1943625847252,1268.0084606758069,4245.546897784579
person_years_exposure,county,2,female,18-44,2358.9224345419043,1219.2253805871762,4067.5772597453747
person_years_exposure,county,2,female,45-64,2631.245694418794,1361.983357965835,4530.397520875217
person_years_exposure,county,2,female,65-74,777.4635819744994,397.7648428760029,1330.9336266896573
person_years_exposure,county,2,female,75-84,398.9664451657643,203.97722764091552,691.4300927053146
person_years_exposure,county,2,female,85+,99.44081815943368,46.7889695153128,174.68454211236772
person_years_exposure,county,2,female,18-64,4990.168128960699,2582.835836830728,8602.793554354852
person_years_exposure,county,2,female,65+,1275.8708452996975,655.1036302361957,2189.6005997006414
mortality_rate,county,2,female,0-17,0.0014082698127195477,0.0,0.0036076527375207114
mortality_rate,county,2,female,18-44,0.004212728597805647,0.0008980808306256827,0.009646770765101316
mortality_rate,county,2,female,45-64,0.0037056548166262177,0.000881334632508438,0.008609804229139218
mortality_rate,county,2,female,65-74,0.017345316070306063,0.004063307115406635,0.03924503424070002
mortality_rate,county,2,female,75-84,0.047355735436356114,0.01367493700588716,0.10941057082888574
mortality_rate,county,2,female,85+,0.10338258273449778,0.0274377447301699,0.26053153725080025
qualifying_event_rate,county,2,female,0-17,0.03015713189155035,0.018347215999022216,0.04447311787473309
qualifying_event_rate,county,2,female,18-44,0.04085237756653301,0.02593855895906475,0.05933301776490696
qualifying_event_rate,county,2,female,45-64,0.05120721710520915,0.03279931323506093,0.07348387718604561
qualifying_event_rate,county,2,female,65-74,0.07284589970368574,0.04654421973976577,0.10515797926956653
qualifying_event_rate,county,2,female,75-84,0.07904693920408852,0.04664892544604759,0.11658612410208527
qualifying_event_rate,county,2,female,85+,0.08024677803422783,0.03238312755546159,0.13206887745871274
person_years_exposure,county,3,male,0-17,4273.921377551184,3700.3533896264057,4941.742443440097
person_years_exposure,county,3,male,18-44,3647.0436420777082,3153.479104663029,4207.5559550267835
person_years_exposure,county,3,male,45-64,4029.6019203841483,3492.629571337207,4655.635870376454
person_years_exposure,county,3,male,65-74,1493.1356890276286,1269.583626535642,1731.5726380621118
person_years_exposure,county,3,male,75-84,611.3675593445892,497.39828606928836,729.1231675713402
person_years_exposure,county,3,male,85+,197.65758627988396,136.34627225494918,254.54529636923849
person_years_exposure,county,3,male,18-64,7676.645562461857,6657.7990225870635,8878.2795532495
person_years_exposure,county,3,male,65+,2302.160834652102,1927.6793735542196,2692.5588455640373
mortality_rate,county,3,male,0-17,0.0033933543475265565,0.0009189132448801931,0.007448177931318679
mortality_rate,county,3,male,18-44,0.0011978612740869735,0.0002158613131323053,0.0028247177433286547
mortality_rate,county,3,male,45-64,0.004873964502398707,0.0014556395161247823,0.01059736100674702
mortality_rate,county,3,male,65-74,0.01760268897069653,0.005407980053903156,0.038137113802602665
mortality_rate,county,3,male,75-84,0.04670692307123528,0.014119762066657188,0.10572581018738698
mortality_rate,county,3,male,85+,0.10525569091943142,0.033923247575299055,0.24760915978207
qualifying_event_rate,county,3,male,0-17,0.017548287245979365,0.010683867932037794,0.026405103894040483
qualifying_event_rate,county,3,male,18-44,0.025940584922258574,0.016170007878962795,0.038050337929123684
qualifying_event_rate,county,3,male,45-64,0.03399839555043183,0.022079306572609966,0.04966363829641038
qualifying_event_rate,county,3,male,65-74,0.05000389328639807,0.03157591682026817,0.07265077274076452
qualifying_event_rate,county,3,male,75-84,0.06395445218220619,0.038583497635095144,0.0946047073051934
qualifying_event_rate,county,3,male,85+,0.06482648930778999,0.032098124151631116,0.10580539345711736
person_years_exposure,county,3,female,0-17,4293.430713427748,3716.5458003592266,4964.869898876105
person_years_exposure,county,3,female,18-44,3769.4004523034737,3263.0200558689126,4356.319603967927
person_years_exposure,county,3,female,45-64,3933.667971566743,3401.215177270896,4532.39264307741
person_years_exposure,county,3,female,65-74,1467.119286531349,1247.7987650497994,1705.824933916337
person_years_exposure,county,3,female,75-84,712.3958606045367,571.3780311602998,861.0879853275441
person_years_exposure,county,3,female,85+,164.7992006159661,107.37800820371643,217.00873870342372
person_years_exposure,county,3,female,18-64,7703.068423870216,6665.946393777347,8894.671820958816
person_years_exposure,county,3,female,65+,2344.314347751852,1942.1266272740172,2765.8073432967526
mortality_rate,county,3,female,0-17,0.0012521400533346395,0.0002289622114391534,0.002903166621881122
mortality_rate,county,3,female,18-44,0.0016369738992521408,0.0002617232326850363,0.0037978609139871105
mortality_rate,county,3,female,45-64,0.0048706876399430546,0.0014369865338346446,0.010711960217492603
mortality_rate,county,3,female,65-74,0.01765856859788914,0.005598157585747954,0.038235700444874565
mortality_rate,county,3,female,75-84,0.05207789732856436,0.01739526035362753,0.11791182714492768
mortality_rate,county,3,female,85+,0.1205009866580726,0.0394595317840309,0.29475097437484143
qualifying_event_rate,county,3,female,0-17,0.016366528163068845,0.00990226857169435,0.024604912573186383
qualifying_event_rate,county,3,female,18-44,0.022803770534972508,0.013729972711161026,0.033933115477632655
qualifying_event_rate,county,3,female,45-64,0.02958161661167178,0.01869428721173527,0.04381555029169612
qualifying_event_rate,county,3,female,65-74,0.05469769746175666,0.035012349881818214,0.07910917350841658
qualifying_event_rate,county,3,female,75-84,0.051935119375266785,0.030957387989229198,0.07832167103523871
qualifying_event_rate,county,3,female,85+,0.051106308990172364,0.0208116425929696,0.0897676117912218
person_years_exposure,county,4,male,0-17,2242.4332043362024,1241.2625098494957,4487.849603903013
person_years_exposure,county,4,male,18-44,2043.6675766966391,1128.4740891812874,4019.1055465859813
person_years_exposure,county,4,male,45-64,2228.4279078656114,1227.8151405975266,4328.4722129052725
person_years_exposure,county,4,male,65-74,726.0536986971618,401.24476045385603,1465.0771316042733
person_years_exposure,county,4,male,75-84,316.6950119935481,169.8475740044105,654.018410765724
person_years_exposure,county,4,male,85+,95.21034011777898,45.96634532578017,205.16731359126155
person_years_exposure,county,4,male,18-64,4272.095484562251,2355.6166453435494,8325.746800143866
person_years_exposure,county,4,male,65+,1137.9590508084889,625.1456391860037,2314.7437967075907
mortality_rate,county,4,male,0-17,0.0013158401276097103,0.0,0.0034461644708059305
mortality_rate,county,4,male,18-44,0.001016382733270877,0.0,0.002773656311541487
mortality_rate,county,4,male,45-64,0.003527527103750515,0.000663655792538314,0.008370115862911746
mortality_rate,county,4,male,65-74,0.018460508274458286,0.004622450894590204,0.0411912671139507
mortality_rate,county,4,male,75-84,0.044711746177372655,0.011523126599892752,0.10790252450296081
mortality_rate,county,4,male,85+,0.09677941211484452,0.022536117372478005,0.23777324628139662
qualifying_event_rate,county,4,male,0-17,0.03048533530131886,0.018100233139814105,0.045434164542619095
qualifying_event_rate,county,4,male,18-44,0.0421257422110547,0.02575954749499358,0.061138763985548225
qualifying_event_rate,county,4,male,45-64,0.05653869078619165,0.03621602550502439,0.08030740429892802
qualifying_event_rate,county,4,male,65-74,0.088110727771065,0.05646431098952048,0.12501536539779837
qualifying_event_rate,county,4,male,75-84,0.09558564549466181,0.057972595152786376,0.13841625666996327
qualifying_event_rate,county,4,male,85+,0.0865200348706407,0.036664120150366915,0.1396500822499417
person_years_exposure,county,4,female,0-17,2270.399690043369,1251.790888416075,4432.0554693495105
person_years_exposure,county,4,female,18-44,2069.76486865596,1142.467321463401,4062.7079943885765
person_years_exposure,county,4,female,45-64,2208.182324607431,1218.1733182005742,4445.44528776031
person_years_exposure,county,4,female,65-74,691.5347253832551,382.90071162891013,1380.4714964389009
person_years_exposure,county,4,female,75-84,322.16544806902226,171.73076482310216,662.3252927056504
person_years_exposure,county,4,female,85+,120.9243746840101,58.97215841117734,258.93911236104816
person_years_exposure,county,4,female,18-64,4277.9471932633915,2359.637092307932,8489.25508691131
person_years_exposure,county,4,female,65+,1134.6245481362876,622.0511168516155,2305.0876977014905
mortality_rate,county,4,female,0-17,0.005973187671304231,0.0014366814502854125,0.013322446934016848
mortality_rate,county,4,female,18-44,0.00232533635893924,0.0,0.005482709009518014
mortality_rate,county,4,female,45-64,0.004045456468517889,0.0007714997545223924,0.009115832638878003
mortality_rate,county,4,female,65-74,0.01776294227226588,0.0040910528713233255,0.04139746677551945
mortality_rate,county,4,female,75-84,0.052977439738434724,0.014540022874868776,0.12642866217932286
mortality_rate,county,4,female,85+,0.09297357447249856,0.023482220270759413,0.22747302875456976
qualifying_event_rate,county,4,female,0-17,0.0346154118401059,0.021310383181666042,0.051039952473819906
qualifying_event_rate,county,4,female,18-44,0.04226718388080109,0.025991769358046403,0.06111524271134858
qualifying_event_rate,county,4,female,45-64,0.05661221957540427,0.03663159254623541,0.08077775553616254
qualifying_event_rate,county,4,female,65-74,0.07435882961844024,0.04549716054097489,0.10747836359631299
qualifying_event_rate,county,4,female,75-84,0.09862569250651806,0.059158704861497484,0.1424693107609776
qualifying_event_rate,county,4,female,85+,0.08107321576947099,0.03742804617177832,0.13275665753276517
person_years_exposure,county,5,male,0-17,2806.025429656824,2377.9338642075313,3234.7217390024407
person_years_exposure,county,5,male,18-44,3008.776244383107,2547.2465100849117,3466.429969099645
person_years_exposure,county,5,male,45-64,2556.0242689292963,2163.7911571028776,2949.853190255067
person_years_exposure,county,5,male,65-74,860.1182440060539,716.5158482739386,1007.7420954106976
person_years_exposure,county,5,male,75-84,530.2563038490722,421.4921025584957,637.070500964593
person_years_exposure,county,5,male,85+,168.9464869333987,114.19978318412171,218.6021934972968
person_years_exposure,county,5,male,18-64,5564.800513312403,4711.91070859102,6414.4404154088115
person_years_exposure,county,5,male,65+,1559.321034788525,1272.2739418030246,1842.8716656051874
mortality_rate,county,5,male,0-17,0.002429899352634834,0.00036138253042261874,0.005534700051397761
mortality_rate,county,5,male,18-44,0.0009625162719083385,0.0,0.0024473243436792945
mortality_rate,county,5,male,45-64,0.003678503316378364,0.000797397967747825,0.008379662634594595
mortality_rate,county,5,male,65-74,0.01705627134232342,0.0043710672537660275,0.0387022177242721
mortality_rate,county,5,male,75-84,0.04549382568556504,0.013542173735684586,0.10377232361783235
mortality_rate,county,5,male,85+,0.08678455740440737,0.02640442043141679,0.21079300015621225
qualifying_event_rate,county,5,male,0-17,0.02008530025622141,0.01215616552113831,0.030543622916399817
qualifying_event_rate,county,5,male,18-44,0.03281091550403437,0.020904112662070935,0.047659224397737836
qualifying_event_rate,county,5,male,45-64,0.04152242430124038,0.026498727240695703,0.06006581541788793
qualifying_event_rate,county,5,male,65-74,0.057987916418848734,0.03625235586340084,0.0853551016302423
qualifying_event_rate,county,5,male,75-84,0.08129494610378085,0.050544821116033305,0.11705094454344767
qualifying_event_rate,county,5,male,85+,0.07424682674045305,0.038516033872354756,0.1201263317600175
person_years_exposure,county,5,female,0-17,2841.7582789699813,2410.352739871277,3287.128280274783
person_years_exposure,county,5,female,18-44,2917.3542989330263,2472.8552508303005,3366.8361589473284
person_years_exposure,county,5,female,45-64,2554.3526714273044,2163.1800363456496,2938.982280920018
person_years_exposure,county,5,female,65-74,812.4601324575416,677.766691411749,941.4308652836988
person_years_exposure,county,5,female,75-84,422.3169176655828,337.4535899954157,500.1957297294156
person_years_exposure,county,5,female,85+,95.88329237265573,65.77979966127492,123.92050861887613
person_years_exposure,county,5,female,18-64,5471.70697036033,4636.1907448122965,6309.563167715096
person_years_exposure,county,5,female,65+,1330.66034249578,1098.4787862313028,1557.236263426587
mortality_rate,county,5,female,0-17,0.0017295767549523938,0.0003255635889541887,0.004035746083291085
mortality_rate,county,5,female,18-44,0.0010318437864578018,0.0,0.0026129688292857367
mortality_rate,county,5,female,45-64,0.004510530007809024,0.0010782385758102378,0.009867010830403568
mortality_rate,county,5,female,65-74,0.01807420416812563,0.004897504573645002,0.039585513119771605
mortality_rate,county,5,female,75-84,0.04648857426700224,0.013349131651647653,0.10629373381071984
mortality_rate,county,5,female,85+,0.10758318925766082,0.03136801866715598,0.25845182199661665
qualifying_event_rate,county,5,female,0-17,0.020863513599576743,0.012466105688485085,0.031538827808812536
qualifying_event_rate,county,5,female,18-44,0.02647445035755429,0.016627079320614625,0.03955249054319425
qualifying_event_rate,county,5,female,45-64,0.03523091721305451,0.02236356461980178,0.05170682297280887
qualifying_event_rate,county,5,female,65-74,0.06571540264156359,0.04154966825549438,0.09632565015821032
qualifying_event_rate,county,5,female,75-84,0.06918852353528558,0.039913366354081284,0.10474862187978061
qualifying_event_rate,county,5,female,85+,0.06546661204837993,0.025028781989398816,0.11512555365822359
person_years_exposure,county,6,male,0-17,1664.4910401792083,1441.9760970988846,1897.7066932831108
person_years_exposure,county,6,male,18-44,1448.278939304345,1257.4213735686485,1643.286915718262
person_years_exposure,county,6,male,45-64,1669.160447051344,1453.5999328139162,1894.0971373377417
person_years_exposure,county,6,male,65-74,632.7547114908006,542.8262731162489,724.5481089846326
person_years_exposure,county,6,male,75-84,290.5377800398743,235.43860461814407,343.7377382419355
person_years_exposure,county,6,male,85+,75.03389971427738,50.39513883018745,97.40851010851304
person_years_exposure,county,6,male,18-64,3117.439386355689,2712.206851342638,3527.351784555383
person_years_exposure,county,6,male,65+,998.3263912449522,839.453180120876,1159.6239093924844
mortality_rate,county,6,male,0-17,0.0033902654144911688,0.0005752928128875458,0.007962488514714528
mortality_rate,county,6,male,18-44,0.0011665246791557286,0.0,0.0033343787546105084
mortality_rate,county,6,male,45-64,0.004896969694818422,0.0011298320518952681,0.011107816064890719
mortality_rate,county,6,male,65-74,0.01774544767678628,0.004478924907898523,0.03978017607001911
mortality_rate,county,6,male,75-84,0.045488837164024166,0.012495135316649033,0.10809511782716394
mortality_rate,county,6,male,85+,0.10636499225414792,0.026566628640204693,0.2706457407623282
qualifying_event_rate,county,6,male,0-17,0.0214463549297067,0.01203969084731122,0.033102633918439074
qualifying_event_rate,county,6,male,18-44,0.03141375313258888,0.01894844683248392,0.047446797730855465
qualifying_event_rate,county,6,male,45-64,0.04132556820891897,0.02581591482904925,0.060606519729070975
qualifying_event_rate,county,6,male,65-74,0.05946335286216924,0.035980957375262475,0.08925771908184439
qualifying_event_rate,county,6,male,75-84,0.07518496510840499,0.04295931309998555,0.1126769237964821
qualifying_event_rate,county,6,male,85+,0.0755221217394399,0.02662067480733064,0.13236834003451056
person_years_exposure,county,6,female,0-17,1557.3600248703867,1353.7401638232504,1777.311092558378
person_years_exposure,county,6,female,18-44,1567.3120999339244,1362.0034108452683,1779.9953263868185
person_years_exposure,county,6,female,45-64,1488.9317367520553,1293.5394388204186,1690.9636908270386
person_years_exposure,county,6,female,65-74,659.4266383114517,563.6838774708881,758.0835078538009
person_years_exposure,county,6,female,75-84,243.57794625283475,195.4953492208656,292.6474880770802
person_years_exposure,county,6,female,85+,41.291488233552634,25.06765601467231,55.50117983048907
person_years_exposure,county,6,female,18-64,3056.2438366859797,2660.5735729358025,3466.367696169454
person_years_exposure,county,6,female,65+,944.2960727978391,789.9497782181788,1098.3947745610508
mortality_rate,county,6,female,0-17,0.0012970793515893145,0.0,0.0034779498811045918
mortality_rate,county,6,female,18-44,0.0015362063776905095,0.0,0.0040661779039312404
mortality_rate,county,6,female,45-64,0.005083080162902272,0.0009573269742447152,0.011424629668902106
mortality_rate,county,6,female,65-74,0.01722594995152283,0.004300982344369052,0.038338779109645296
mortality_rate,county,6,female,75-84,0.05535462881468678,0.015278512007152216,0.13339062641284777
mortality_rate,county,6,female,85+,0.08776316817834659,0.015604270418728527,0.2651916823004462
qualifying_event_rate,county,6,female,0-17,0.02007071179405124,0.011400293840978118,0.03098127447413655
qualifying_event_rate,county,6,female,18-44,0.027402724713074623,0.016139069341010656,0.04117232311160843
qualifying_event_rate,county,6,female,45-64,0.036325658488033666,0.022545258403544797,0.05329512463062237
qualifying_event_rate,county,6,female,65-74,0.06489992380092037,0.03951188355849006,0.09570282759417399
qualifying_event_rate,county,6,female,75-84,0.06299275437481588,0.03335172204292688,0.09898517576765167
qualifying_event_rate,county,6,female,85+,0.05483043075907406,0.0,0.1214297850576012
person_years_exposure,county,7,male,0-17,3031.4715053294967,2303.014824143155,4741.853804040097
person_years_exposure,county,7,male,18-44,2924.706187554514,2225.6590102069094,4590.90155012886
person_years_exposure,county,7,male,45-64,2844.8718776162805,2157.496675808845,4466.442986465647
person_years_exposure,county,7,male,65-74,1143.7025672702107,869.4666079453976,1785.765373524701
person_years_exposure,county,7,male,75-84,541.0383848571383,400.4457056490851,841.3660533931168
person_years_exposure,county,7,male,85+,137.71169652960543,90.60277036819436,214.5508827882631
person_years_exposure,county,7,male,18-64,5769.578065170795,4383.479992067778,9055.903326007996
person_years_exposure,county,7,male,65+,1822.4526486569544,1373.6999016057773,2810.556102821706
mortality_rate,county,7,male,0-17,0.001347839652398742,0.0,0.003313381892920761
mortality_rate,county,7,male,18-44,0.001075829219491933,0.0,0.0026728266315785925
mortality_rate,county,7,male,45-64,0.0031778328630128194,0.0007123906782165266,0.0070932955035981305
mortality_rate,county,7,male,65-74,0.01759080806452083,0.005031878074223054,0.038776672244007146
mortality_rate,county,7,male,75-84,0.0426034724387878,0.013066706333351623,0.09475566990664021
mortality_rate,county,7,male,85+,0.08547673553214473,0.022144598772808777,0.20680980347626518
qualifying_event_rate,county,7,male,0-17,0.02485788070208478,0.014949633866235596,0.03741764443639324
qualifying_event_rate,county,7,male,18-44,0.03268150124300885,0.02053242161717619,0.047513162438724256
qualifying_event_rate,county,7,male,45-64,0.043203594641047685,0.027830545218406565,0.0628668074858844
qualifying_event_rate,county,7,male,65-74,0.07105101692890688,0.04562494213641411,0.10147872323234368
qualifying_event_rate,county,7,male,75-84,0.07111327851820075,0.042775782477884876,0.10477291041916252
qualifying_event_rate,county,7,male,85+,0.07519216197623527,0.036523585042059006,0.12261131801662142
person_years_exposure,county,7,female,0-17,3138.284680859957,2384.958443127971,4910.338452744933
person_years_exposure,county,7,female,18-44,3164.6243413787074,2404.479737536404,4966.310301635184
person_years_exposure,county,7,female,45-64,2949.434551467801,2243.1705632472394,4632.98381195818
person_years_exposure,county,7,female,65-74,1034.7880427327625,782.9670112648139,1613.447832301813
person_years_exposure,county,7,female,75-84,590.2892946040864,435.40128781905054,911.4909441008368
person_years_exposure,county,7,female,85+,111.80511240162096,73.79797592487247,176.7781420479041
person_years_exposure,county,7,female,18-64,6114.058892846509,4645.757293515749,9612.701987656015
person_years_exposure,county,7,female,65+,1736.8824497384699,1307.0823448409099,2672.9553008454263
mortality_rate,county,7,female,0-17,0.0012031664715692167,0.0,0.002900099242675582
mortality_rate,county,7,female,18-44,0.0013400398274135998,0.0,0.0031754802693939933
mortality_rate,county,7,female,45-64,0.004774153974866976,0.0012005863780209698,0.010588831112772491
mortality_rate,county,7,female,65-74,0.0174028883573993,0.0047126494082929,0.03870052949511738
mortality_rate,county,7,female,75-84,0.04862691760780714,0.014982962223535875,0.11035262257972783
mortality_rate,county,7,female,85+,0.06923376724874437,0.01526321611890786,0.17079853053684554
qualifying_event_rate,county,7,female,0-17,0.02478245983764231,0.015552425550541952,0.03675308352485786
qualifying_event_rate,county,7,female,18-44,0.033208300745489264,0.0212743089711873,0.0484327515617667
qualifying_event_rate,county,7,female,45-64,0.043978238959548596,0.028330007260613004,0.06338139988596234
qualifying_event_rate,county,7,female,65-74,0.06736264027888639,0.04339705977403079,0.0968009095509182
qualifying_event_rate,county,7,female,75-84,0.07813774100427995,0.04972673412446073,0.1131198719414673
qualifying_event_rate,county,7,female,85+,0.061762749577167146,0.024475157011853387,0.1097632398926238
person_years_exposure,county,8,male,0-17,2522.3534774643535,1693.0420940652436,5500.539126565983
person_years_exposure,county,8,male,18-44,2607.192738793391,1746.3222071724751,5699.744873165833
person_years_exposure,county,8,male,45-64,2167.212499846527,1450.033715826868,4698.609499428648
person_years_exposure,county,8,male,65-74,847.7800612833522,560.6519231268057,1692.0037853035253
person_years_exposure,county,8,male,75-84,395.1141479414231,257.9728815544184,718.9886469995181
person_years_exposure,county,8,male,85+,178.212327347868,104.56489709115212,323.6563968850911
person_years_exposure,county,8,male,18-64,4774.405238639918,3190.5224399558574,10411.269572509851
person_years_exposure,county,8,male,65+,1421.1065365726433,935.0454876667113,2635.2843005786826
mortality_rate,county,8,male,0-17,0.0011471646275401511,0.0,0.0029704499787967012
mortality_rate,county,8,male,18-44,0.0010358588199351447,0.0,0.0026324244994021975
mortality_rate,county,8,male,45-64,0.00393808542971877,0.0007077283385506034,0.008864677778022226
mortality_rate,county,8,male,65-74,0.017005004675890337,0.004421070158977002,0.03805508174782835
mortality_rate,county,8,male,75-84,0.045978604477716435,0.012944693247013484,0.10534598421742833
mortality_rate,county,8,male,85+,0.1048851356939381,0.03236009376132693,0.24298036646921234
qualifying_event_rate,county,8,male,0-17,0.026927589271024316,0.016745432885064467,0.039768500806419
qualifying_event_rate,county,8,male,18-44,0.041677987737890755,0.02673845090041186,0.060460951694851765
qualifying_event_rate,county,8,male,45-64,0.05060819414121458,0.03291912553649878,0.07249464910411364
qualifying_event_rate,county,8,male,65-74,0.0846637691732913,0.055399027387332066,0.11844773754190667
qualifying_event_rate,county,8,male,75-84,0.07738099118976122,0.045295197067268145,0.11255959440318662
qualifying_event_rate,county,8,male,85+,0.08144446836052549,0.043417533695960166,0.12621868883705667
person_years_exposure,county,8,female,0-17,2456.0203249524297,1640.8130575350108,5343.551117270336
person_years_exposure,county,8,female,18-44,2259.2087189677186,1513.0481465175349,4911.321401647138
person_years_exposure,county,8,female,45-64,2311.1718330030417,1544.9972941498265,5013.5839441587505
person_years_exposure,county,8,female,65-74,878.1867692529361,581.9524521413682,1784.0246378349204
person_years_exposure,county,8,female,75-84,429.5073112145523,281.71591335936677,779.1502902793077
person_years_exposure,county,8,female,85+,132.74120916967246,78.94337420286952,237.60430411832547
person_years_exposure,county,8,female,18-64,4570.38055197076,3056.560292225191,9938.71020289391
person_years_exposure,county,8,female,65+,1440.4352896371608,948.4814918879609,2706.4049696673796
mortality_rate,county,8,female,0-17,0.0017739810821127422,0.0,0.004347595267707367
mortality_rate,county,8,female,18-44,0.0013495114901969198,0.0,0.003413174360359069
mortality_rate,county,8,female,45-64,0.004487163317179606,0.0010817477739149901,0.00971505475219827
mortality_rate,county,8,female,65-74,0.017664460289804278,0.004919286076582844,0.03946736289490726
mortality_rate,county,8,female,75-84,0.04659299910502132,0.014051911738579063,0.10363415424019795
mortality_rate,county,8,female,85+,0.09343912694917393,0.028462507482434327,0.22522703130037844
qualifying_event_rate,county,8,female,0-17,0.02730396053727644,0.016503355725759675,0.04087527319610373
qualifying_event_rate,county,8,female,18-44,0.039231256955454145,0.024952574806604604,0.05740244385683483
qualifying_event_rate,county,8,female,45-64,0.05103691401938471,0.032488800216657655,0.07244482176357397
qualifying_event_rate,county,8,female,65-74,0.07441950458472175,0.04645396197134408,0.10695452300858205
qualifying_event_rate,county,8,female,75-84,0.07900515519680383,0.048041846590585725,0.1151063343441019
qualifying_event_rate,county,8,female,85+,0.07694926078559806,0.035913236325334996,0.12516283512854426
person_years_exposure,county,9,male,0-17,1848.9191735287784,1603.7311070573667,2100.613207854176
person_years_exposure,county,9,male,18-44,1757.8513721501001,1527.0088789249758,1992.746775650928
person_years_exposure,county,9,male,45-64,2169.5517135535592,1890.1587726337914,2457.626229312811
person_years_exposure,county,9,male,65-74,742.2321883346564,629.9367867275879,850.9577116153337
person_years_exposure,county,9,male,75-84,377.53206715737474,307.50895429161307,443.10842222082397
person_years_exposure,county,9,male,85+,75.96348766837555,51.90826143290869,96.36336882438967
person_years_exposure,county,9,male,18-64,3927.4030857036596,3417.582930332246,4444.977025446254
person_years_exposure,county,9,male,65+,1195.7277431604068,1000.8682737151083,1383.1051053589622
mortality_rate,county,9,male,0-17,0.0033328170658965188,0.0005423682450898291,0.0076622366355046136
mortality_rate,county,9,male,18-44,0.0011949735744329097,0.0,0.0032027679214621367
mortality_rate,county,9,male,45-64,0.004850737465949874,0.0012390265104131942,0.010631339011787961
mortality_rate,county,9,male,65-74,0.017356849652270023,0.004434517287672365,0.0395350307394885
mortality_rate,county,9,male,75-84,0.04444486868639759,0.012276786098356121,0.1036444146389202
mortality_rate,county,9,male,85+,0.09192174518823351,0.022213499247295748,0.24348306093274058
qualifying_event_rate,county,9,male,0-17,0.026400030967465248,0.015532934999454406,0.04014280384665124
qualifying_event_rate,county,9,male,18-44,0.03839971336308451,0.024082919799957,0.057389436780048785
qualifying_event_rate,county,9,male,45-64,0.04981745412821745,0.03192524958555104,0.07223834201003392
qualifying_event_rate,county,9,male,65-74,0.07137354739724405,0.0438588846850607,0.10303857727585644
qualifying_event_rate,county,9,male,75-84,0.08835834210666628,0.05543728364362883,0.12750686490840427
qualifying_event_rate,county,9,male,85+,0.08519102000990383,0.03487209424590702,0.14462464448052287
person_years_exposure,county,9,female,0-17,2094.6616520752964,1821.3103993560367,2379.051160225286
person_years_exposure,county,9,female,18-44,1763.1146698493717,1537.1172897089912,1993.2731013115867
person_years_exposure,county,9,female,45-64,2104.9816826636793,1826.5341781030875,2390.385214950927
person_years_exposure,county,9,female,65-74,720.6245374900074,613.538037661483,826.144420221205
person_years_exposure,county,9,female,75-84,359.6203459026083,288.4794579307549,428.6769676176355
person_years_exposure,county,9,female,85+,66.99206022350675,43.96778448602276,88.68257284499725
person_years_exposure,county,9,female,18-64,3868.096352513051,3371.1039028511723,4382.041403647113
person_years_exposure,county,9,female,65+,1147.2369436161223,960.092749783438,1331.8343009434293
mortality_rate,county,9,female,0-17,0.0012620437696373946,0.0,0.0032581285941334684
mortality_rate,county,9,female,18-44,0.0016054352304219804,0.0,0.004010666700875208
mortality_rate,county,9,female,45-64,0.005062395596010794,0.001184185414187721,0.011414787181588696
mortality_rate,county,9,female,65-74,0.017754646043991275,0.004355908961232625,0.0398835898725088
mortality_rate,county,9,female,75-84,0.05215208777713974,0.015086662045273515,0.1197813009509095
mortality_rate,county,9,female,85+,0.10882911735196495,0.027381753936271708,0.2841440497844283
qualifying_event_rate,county,9,female,0-17,0.024525235501209882,0.014485545806951024,0.03684065407264079
qualifying_event_rate,county,9,female,18-44,0.03386881623165096,0.020778368258791338,0.05027240637030073
qualifying_event_rate,county,9,female,45-64,0.04405239862712655,0.027715651711669835,0.06425915343470874
qualifying_event_rate,county,9,female,65-74,0.0783851747994928,0.049904848610407594,0.11376076985404088
qualifying_event_rate,county,9,female,75-84,0.07337187735642817,0.04305619250934963,0.10931684404045575
qualifying_event_rate,county,9,female,85+,0.06821724499611856,0.01910318348848781,0.1252831360260313
person_years_exposure,county,10,male,0-17,2309.137388610323,1299.3922606165745,4424.0480063884615
person_years_exposure,county,10,male,18-44,2251.8041119044815,1274.3420730375212,4315.329198529695
person_years_exposure,county,10,male,45-64,2141.7096080115207,1210.9418862455643,4115.4718353640055
person_years_exposure,county,10,male,65-74,715.4910132293268,400.4591220355234,1382.7030814560558
person_years_exposure,county,10,male,75-84,323.13459444249133,175.71075633012853,635.2701831033586
person_years_exposure,county,10,male,85+,112.37748850745739,56.24568500312507,228.25888304035223
person_years_exposure,county,10,male,18-64,4393.513719916002,2485.687745727395,8439.074323402478
person_years_exposure,county,10,male,65+,1151.0030961792756,641.5373180548922,2242.309547221958
mortality_rate,county,10,male,0-17,0.0013332308837209381,0.0,0.0035816708953115184
mortality_rate,county,10,male,18-44,0.000979683213045655,0.0,0.0026669917474385425
mortality_rate,county,10,male,45-64,0.0037262141982962386,0.0007140393302216384,0.008704560629409394
mortality_rate,county,10,male,65-74,0.016845402880185302,0.004192800172851867,0.0373303979675315
mortality_rate,county,10,male,75-84,0.046746376959005756,0.012753987331862034,0.10932388931054766
mortality_rate,county,10,male,85+,0.09908616095019565,0.027394985447090677,0.24244456900528719
qualifying_event_rate,county,10,male,0-17,0.02767326340246775,0.016823888351081506,0.04155339322890186
qualifying_event_rate,county,10,male,18-44,0.038524603249663766,0.024052049884251636,0.05676869371296104
qualifying_event_rate,county,10,male,45-64,0.05241048854387742,0.03378096092824704,0.07553831670168167
qualifying_event_rate,county,10,male,65-74,0.07928253045590938,0.049857757312067257,0.11360987050786514
qualifying_event_rate,county,10,male,75-84,0.0906118829867963,0.054527659847685324,0.13384998765324033
qualifying_event_rate,county,10,male,85+,0.0823735509138229,0.037834473419045465,0.13371993569490978
person_years_exposure,county,10,female,0-17,2193.4424082640635,1237.117928387956,4207.505335033202
person_years_exposure,county,10,female,18-44,2229.7213457985545,1258.9726958563613,4269.976103950097
person_years_exposure,county,10,female,45-64,2048.6539053297656,1153.0682332124973,3951.3770836876015
person_years_exposure,county,10,female,65-74,762.7489612720952,427.9271258286819,1470.2025184839663
person_years_exposure,county,10,female,75-84,338.4120858519604,182.6530434803048,667.3168799923129
person_years_exposure,county,10,female,85+,105.97812542633258,51.70134220304902,217.31791049666296
person_years_exposure,county,10,female,18-64,4278.37525112832,2412.940807020305,8228.435511762544
person_years_exposure,county,10,female,65+,1207.1391725503881,673.0416955781702,2362.3006972564804
mortality_rate,county,10,female,0-17,0.005869546275864685,0.0014475016374196738,0.013074781426812267
mortality_rate,county,10,female,18-44,0.002238271910368521,0.0,0.005279278282018212
mortality_rate,county,10,female,45-64,0.004436506900386863,0.0008804832128766287,0.010114553526569772
mortality_rate,county,10,female,65-74,0.01800001427022892,0.004404414383375384,0.04036873928699931
mortality_rate,county,10,female,75-84,0.04975835554661035,0.014065725396746186,0.11487130919096801
mortality_rate,county,10,female,85+,0.10130804177113399,0.028839796459922948,0.2492507143504653
qualifying_event_rate,county,10,female,0-17,0.03149301971172787,0.01907608535097619,0.04635235626945202
qualifying_event_rate,county,10,female,18-44,0.038215896871115436,0.023904024867267833,0.0563773701277223
qualifying_event_rate,county,10,female,45-64,0.05267654792458909,0.03366406026979858,0.07572178366333157
qualifying_event_rate,county,10,female,65-74,0.0679789203276189,0.04245398924032549,0.09887551326269847
qualifying_event_rate,county,10,female,75-84,0.08935538724733223,0.053123466444195314,0.13201812830105517
qualifying_event_rate,county,10,female,85+,0.0764805928473548,0.03224100542579175,0.12795224214289422
person_years_exposure,county,11,male,0-17,3575.954989399873,2806.6223130737326,4707.653390174092
person_years_exposure,county,11,male,18-44,3574.6126993464163,2807.54417539599,4620.803359109799
person_years_exposure,county,11,male,45-64,3183.325909880288,2499.6205829787473,4119.1500123039095
person_years_exposure,county,11,male,65-74,1034.9180029019215,809.947457208293,1363.7948332529722
person_years_exposure,county,11,male,75-84,637.4836177618755,485.4948191303551,863.6727621158103
person_years_exposure,county,11,male,85+,168.94396999997173,112.96869358688721,233.92392411818116
person_years_exposure,county,11,male,18-64,6757.938609226704,5305.246736062648,8739.953371413709
person_years_exposure,county,11,male,65+,1841.3455906637687,1426.533209073178,2480.3300231370145
mortality_rate,county,11,male,0-17,0.0013737862111833925,0.0002607044047282343,0.003186891743129939
mortality_rate,county,11,male,18-44,0.0010956442657315281,0.0,0.002693153240962944
mortality_rate,county,11,male,45-64,0.0031723527839723356,0.000730616219449286,0.006976146957897581
mortality_rate,county,11,male,65-74,0.017184143707649268,0.00479197072617261,0.03775102684095659
mortality_rate,county,11,male,75-84,0.04397473992956641,0.0138016964469253,0.09860881605971539
mortality_rate,county,11,male,85+,0.09081294411597578,0.02801000112035962,0.21323910359462062
qualifying_event_rate,county,11,male,0-17,0.03587314776025144,0.022820192513654632,0.05243994957326368
qualifying_event_rate,county,11,male,18-44,0.046630921466989356,0.03072353474257586,0.06667086437393901
qualifying_event_rate,county,11,male,45-64,0.061007433252743305,0.040822302456945035,0.08569014833082153
qualifying_event_rate,county,11,male,65-74,0.09613893024792589,0.06496551561731308,0.13306145881027384
qualifying_event_rate,county,11,male,75-84,0.0982293018329976,0.0668065115653893,0.1360304251582176
qualifying_event_rate,county,11,male,85+,0.10145266989126517,0.058359132292200605,0.15066717799907992
person_years_exposure,county,11,female,0-17,3832.9573122607253,3012.244020554126,5012.4742557117925
person_years_exposure,county,11,female,18-44,3819.343150320408,2999.2884967948958,4934.873798177463
person_years_exposure,county,11,female,45-64,3258.3861230454904,2556.080033064782,4259.324474303572
person_years_exposure,county,11,female,65-74,1045.9128268824313,817.8982782092563,1390.6647873472673
person_years_exposure,county,11,female,75-84,521.5635655292501,391.37448957807504,707.8913605023372
person_years_exposure,county,11,female,85+,201.74459131706496,139.18783403823474,274.95637193340974
person_years_exposure,county,11,female,18-64,7077.729273365898,5554.716426268095,9189.587131627846
person_years_exposure,county,11,female,65+,1769.2209837287464,1366.6329532288682,2380.372858623418
mortality_rate,county,11,female,0-17,0.0011868946183402071,0.00022544220798598557,0.0028276267100826513
mortality_rate,county,11,female,18-44,0.001317435507419092,0.00023545854511348413,0.0030870689532308555
mortality_rate,county,11,female,45-64,0.004796667411731362,0.001310654431946144,0.010386917127361854
mortality_rate,county,11,female,65-74,0.017361105685188352,0.005019200473259611,0.038845277154402766
mortality_rate,county,11,female,75-84,0.049479848050888536,0.015564947040986007,0.11239146567128593
mortality_rate,county,11,female,85+,0.077392111675866,0.023722434485869907,0.1880782877901187
qualifying_event_rate,county,11,female,0-17,0.03570773159922687,0.023002064508305074,0.05214452210501249
qualifying_event_rate,county,11,female,18-44,0.047303285763572636,0.031056044766843628,0.06845875693372483
qualifying_event_rate,county,11,female,45-64,0.062144933059909487,0.04118707312638312,0.08775991205253897
qualifying_event_rate,county,11,female,65-74,0.09199785081794062,0.0621772060780893,0.12829500055904813
qualifying_event_rate,county,11,female,75-84,0.10627453145613078,0.07138166678466312,0.1471371251438239
qualifying_event_rate,county,11,female,85+,0.08782849458519644,0.05056842410728519,0.13236543102369427
person_years_exposure,county,12,male,0-17,2820.535473692005,2244.8295764522445,3372.738664428598
person_years_exposure,county,12,male,18-44,2880.3072261363905,2290.9668008230674,3430.801127121929
person_years_exposure,county,12,male,45-64,2619.6925227630145,2086.127271369694,3122.4847203374898
person_years_exposure,county,12,male,65-74,839.197894370963,668.8525358148288,1007.7209623248169
person_years_exposure,county,12,male,75-84,428.6974942044621,333.6856261618453,523.9879859993393
person_years_exposure,county,12,male,85+,125.98327691524575,88.17478212692788,162.60908430053698
person_years_exposure,county,12,male,18-64,5499.999748899405,4376.3577570207635,6554.168072393542
person_years_exposure,county,12,male,65+,1393.878665490671,1104.540734440379,1687.6458540909039
mortality_rate,county,12,male,0-17,0.0013300541258002452,0.0,0.003152487888031769
mortality_rate,county,12,male,18-44,0.0010747822652073609,0.0,0.0028170669334207756
mortality_rate,county,12,male,45-64,0.0031775556397055206,0.0006742930961852185,0.007189791086024458
mortality_rate,county,12,male,65-74,0.016967699642732433,0.00451875923044187,0.03756572877272005
mortality_rate,county,12,male,75-84,0.043317791696846845,0.012457362060077049,0.0990105120687086
mortality_rate,county,12,male,85+,0.0729000855550467,0.019201546095396035,0.18126647895239975
qualifying_event_rate,county,12,male,0-17,0.03990889466731513,0.025647650505871165,0.05828133041433563
qualifying_event_rate,county,12,male,18-44,0.0516312516380355,0.033614203425948244,0.07292832756266757
qualifying_event_rate,county,12,male,45-64,0.06730405054666032,0.045069114625232734,0.0944106315191221
qualifying_event_rate,county,12,male,65-74,0.10513142588044413,0.0709795712549851,0.1438925577805969
qualifying_event_rate,county,12,male,75-84,0.10583722586092947,0.06916835086319538,0.14809790982116044
qualifying_event_rate,county,12,male,85+,0.10392753728900284,0.0581667339282689,0.15541579046152712
person_years_exposure,county,12,female,0-17,2966.9954890865724,2357.5895056922946,3542.326660485073
person_years_exposure,county,12,female,18-44,2692.4340601774497,2139.372099372067,3206.967104573786
person_years_exposure,county,12,female,45-64,2682.7904251500545,2134.087025570058,3199.7789192657897
person_years_exposure,county,12,female,65-74,845.2282947671977,671.3372650964405,1018.5194505757329
person_years_exposure,county,12,female,75-84,357.4437703405231,277.7234045897201,440.1877203280052
person_years_exposure,county,12,female,85+,149.09424398813124,103.66375427788996,193.71752791329217
person_years_exposure,county,12,female,18-64,5375.224485327504,4276.135357833528,6406.175265486369
person_years_exposure,county,12,female,65+,1351.766309095852,1069.2823971205642,1644.5749382463796
mortality_rate,county,12,female,0-17,0.001181948523480777,0.0,0.002900821435495623
mortality_rate,county,12,female,18-44,0.0013040867257838693,0.0,0.0030882104641477832
mortality_rate,county,12,female,45-64,0.004753060367373565,0.0011880950332442957,0.010589209485845127
mortality_rate,county,12,female,65-74,0.01773397543042322,0.004853692402668487,0.03884885956149011
mortality_rate,county,12,female,75-84,0.0491091329014668,0.015023120493438995,0.11275933120143124
mortality_rate,county,12,female,85+,0.07814143821557977,0.021927378278412964,0.18937884239264857
qualifying_event_rate,county,12,female,0-17,0.039864678172771166,0.02554061491336445,0.05791838368137202
qualifying_event_rate,county,12,female,18-44,0.052314269429689225,0.0342673856125612,0.07473652496731142
qualifying_event_rate,county,12,female,45-64,0.06861697403262638,0.046093935300755465,0.09681420570699197
qualifying_event_rate,county,12,female,65-74,0.10108536715063318,0.06880808293458221,0.14007120021288844
qualifying_event_rate,county,12,female,75-84,0.11356442370011724,0.07432205062107973,0.15690566155786415
qualifying_event_rate,county,12,female,85+,0.09582558685338831,0.05276396391197855,0.14160553455228594
person_years_exposure,county,13,male,0-17,866.7394365973067,665.3528765294044,1138.3138975074753
person_years_exposure,county,13,male,18-44,787.883083371662,607.0694093321644,1031.5934789670441
person_years_exposure,county,13,male,45-64,1083.885432332089,833.5422727040401,1418.8923320994488
person_years_exposure,county,13,male,65-74,416.8853117205827,321.1344027605305,549.6945030195379
person_years_exposure,county,13,male,75-84,136.20549944747577,101.262081872217,182.79200092365747
person_years_exposure,county,13,male,85+,47.9873144977495,31.179652760516227,66.23304567891051
person_years_exposure,county,13,male,18-64,1871.768515703751,1438.0233611302242,2450.126018249854
person_years_exposure,county,13,male,65+,601.078125665808,461.5527963806319,794.4531739814116
mortality_rate,county,13,male,0-17,0.0013723306852975565,0.0,0.004277515821630551
mortality_rate,county,13,male,18-44,0.0010275259484383518,0.0,0.0037114564397208233
mortality_rate,county,13,male,45-64,0.0034201319986596253,0.0,0.008381159243022357
mortality_rate,county,13,male,65-74,0.017764506233584238,0.002816860233421885,0.04180199436543072
mortality_rate,county,13,male,75-84,0.0429345963397794,0.007092282041381036,0.10411050187711361
mortality_rate,county,13,male,85+,0.08436945926262647,0.0165361305503009,0.22541073689388588
qualifying_event_rate,county,13,male,0-17,0.026300109843317196,0.01426956584445395,0.0409329579766324
qualifying_event_rate,county,13,male,18-44,0.03411947361470875,0.01917605061696256,0.05229963434764856
qualifying_event_rate,county,13,male,45-64,0.046082715754184066,0.028593901616200405,0.06756269653151432
qualifying_event_rate,county,13,male,65-74,0.07438662158342664,0.04395232897225276,0.11032013141774695
qualifying_event_rate,county,13,male,75-84,0.07280445402718931,0.03346167516736218,0.1178607753416406
qualifying_event_rate,county,13,male,85+,0.07715806753930057,0.022465957706404346,0.14077096351276713
person_years_exposure,county,13,female,0-17,720.537154071262,552.6976676287798,946.6044659448725
person_years_exposure,county,13,female,18-44,906.912609565554,696.2979438527514,1187.2135443204272
person_years_exposure,county,13,female,45-64,948.3868081833763,727.3712097610203,1243.58969151558
person_years_exposure,county,13,female,65-74,381.1280817649712,291.85465068835344,504.8396620100276
person_years_exposure,county,13,female,75-84,164.19020484405945,121.22853700141322,215.93768337749668
person_years_exposure,county,13,female,85+,36.66699399665808,22.85716994389927,51.539016237478705
person_years_exposure,county,13,female,18-64,1855.2994177489304,1425.4106718361131,2429.5293492337087
person_years_exposure,county,13,female,65+,581.9852806056888,443.4057201100619,772.4968850927881
mortality_rate,county,13,female,0-17,0.0011588034465429126,0.0,0.004038646888175802
mortality_rate,county,13,female,18-44,0.0012684859522043442,0.0,0.003989054278836613
mortality_rate,county,13,female,45-64,0.004929535380151609,0.0,0.012204986562069992
mortality_rate,county,13,female,65-74,0.0176430326837848,0.0029333339113521636,0.040911208431012806
mortality_rate,county,13,female,75-84,0.05077148348648906,0.011759690245358587,0.12097927195276019
mortality_rate,county,13,female,85+,0.06838467172134527,0.0,0.20063098024396905
qualifying_event_rate,county,13,female,0-17,0.026119201522734052,0.01369774415143064,0.042074968987567185
qualifying_event_rate,county,13,female,18-44,0.03481444242501355,0.020280617506603815,0.05330063333865725
qualifying_event_rate,county,13,female,45-64,0.04662142343542232,0.02833237941990929,0.06956404309992838
qualifying_event_rate,county,13,female,65-74,0.07080156421461445,0.04062532250108559,0.10534992715243167
qualifying_event_rate,county,13,female,75-84,0.08172134250000689,0.044054987107612145,0.12655371376815178
qualifying_event_rate,county,13,female,85+,0.06277367762504421,0.0,0.13606809171750153
person_years_exposure,county,14,male,0-17,2232.160512517812,1761.976138798195,3001.544896662238
person_years_exposure,county,14,male,18-44,2152.105278725502,1702.0574175802626,2898.6438312956575
person_years_exposure,county,14,male,45-64,1975.9837553037264,1559.5991701804114,2656.8882680053985
person_years_exposure,county,14,male,65-74,674.6284350974789,532.5230161597293,904.6949783077636
person_years_exposure,county,14,male,75-84,315.4631307189321,242.43788989246076,421.32034753858306
person_years_exposure,county,14,male,85+,165.16817172635987,111.441140776527,224.75842826868782
person_years_exposure,county,14,male,18-64,4128.089034029228,3259.2829753163755,5555.259097710574
person_years_exposure,county,14,male,65+,1155.2597375427708,908.5674650257583,1554.302233270534
mortality_rate,county,14,male,0-17,0.001354270538250944,0.0,0.0035626874438075755
mortality_rate,county,14,male,18-44,0.001049344938453656,0.0,0.0027754687425355223
mortality_rate,county,14,male,45-64,0.0031207260129029516,0.0005296581321645843,0.007188665016167921
mortality_rate,county,14,male,65-74,0.0174662117870816,0.0041909249014641286,0.039787822950487356
mortality_rate,county,14,male,75-84,0.047189058690365056,0.013030971428791132,0.1091103090348194
mortality_rate,county,14,male,85+,0.09356160109564367,0.0289832399023818,0.2187769906745149
qualifying_event_rate,county,14,male,0-17,0.029117363443069758,0.017236219456200397,0.04371567951075624
qualifying_event_rate,county,14,male,18-44,0.03799940544871962,0.023449296601466284,0.056526305093810875
qualifying_event_rate,county,14,male,45-64,0.049969917935166835,0.032181320820798956,0.07142715024777428
qualifying_event_rate,county,14,male,65-74,0.08074444305727826,0.051039758177110844,0.11526267403632522
qualifying_event_rate,county,14,male,75-84,0.0838515085895503,0.05064776179304355,0.12471021394906273
qualifying_event_rate,county,14,male,85+,0.0873944668373802,0.0472185611608892,0.1334906072021981
person_years_exposure,county,14,female,0-17,2293.124341231351,1809.468206430165,3087.504578745268
person_years_exposure,county,14,female,18-44,2350.760384224217,1851.527570262631,3166.2452624125954
person_years_exposure,county,14,female,45-64,2005.79516314471,1592.5401579036502,2695.533724636525
person_years_exposure,county,14,female,65-74,702.074969855552,554.6888933489236,944.6816451516954
person_years_exposure,county,14,female,75-84,399.8907420672585,306.6263938165641,541.6342068478556
person_years_exposure,county,14,female,85+,192.54335764966203,133.21162633566775,261.1496961105002
person_years_exposure,county,14,female,18-64,4356.555547368927,3444.4077346044282,5861.013272988057
person_years_exposure,county,14,female,65+,1294.5090695724725,1007.3484856667411,1751.9743321847363
mortality_rate,county,14,female,0-17,0.0011881646912949135,0.0,0.0030406316996513917
mortality_rate,county,14,female,18-44,0.0012973694418057318,0.0,0.0033167761215474765
mortality_rate,county,14,female,45-64,0.004713636774817514,0.0011123829831987226,0.010369130682705827
mortality_rate,county,14,female,65-74,0.017699348452497366,0.0043276146958353846,0.0398619314183016
mortality_rate,county,14,female,75-84,0.050945103987506436,0.014960723211112081,0.1183260023685464
mortality_rate,county,14,female,85+,0.07790089794645831,0.024451476824342958,0.18472974466207862
qualifying_event_rate,county,14,female,0-17,0.029004846162979915,0.017388428326593465,0.043211750871683205
qualifying_event_rate,county,14,female,18-44,0.03848469774765367,0.024166282498428546,0.05687709267971803
qualifying_event_rate,county,14,female,45-64,0.05106273491963781,0.03295053752290271,0.07320086391116473
qualifying_event_rate,county,14,female,65-74,0.0774033103661333,0.049136857613452385,0.11085809929383963
qualifying_event_rate,county,14,female,75-84,0.09012196732734774,0.05592769754766244,0.1295452856236889
qualifying_event_rate,county,14,female,85+,0.0754792008795537,0.03911443415208827,0.11523942784918252
person_years_exposure,county,15,male,0-17,3238.484200417105,2195.199257849639,5016.5960411689875
person_years_exposure,county,15,male,18-44,3078.705196063123,2085.0500395967774,4745.7165459909875
person_years_exposure,county,15,male,45-64,2880.683491409228,1953.8477662508108,4439.991127351155
person_years_exposure,county,15,male,65-74,949.6667599051108,643.4059094883266,1483.5784037466963
person_years_exposure,county,15,male,75-84,444.6905471587634,294.3726745975718,704.6345900991737
person_years_exposure,county,15,male,85+,132.91875068315858,79.25164924475011,214.8497580257636
person_years_exposure,county,15,male,18-64,5959.38868747235,4039.365516088452,9198.424311275234
person_years_exposure,county,15,male,65+,1527.2760577470328,1028.0958245272304,2391.5411025951125
mortality_rate,county,15,male,0-17,0.0011407608340421062,0.0,0.002829286736880956
mortality_rate,county,15,male,18-44,0.0010483430068676915,0.0,0.002558519728113309
mortality_rate,county,15,male,45-64,0.003833623882729147,0.0009350512189038056,0.008440370318173034
mortality_rate,county,15,male,65-74,0.016804825701801543,0.004714149085904107,0.03742644055985946
mortality_rate,county,15,male,75-84,0.04426781937554003,0.013028789838824831,0.0999084441047601
mortality_rate,county,15,male,85+,0.08982444378246887,0.02682584572688586,0.21749312075005958
qualifying_event_rate,county,15,male,0-17,0.04061762931074611,0.026215798018835616,0.059310310181347525
qualifying_event_rate,county,15,male,18-44,0.06194219753816058,0.04187305214730287,0.0882913758330088
qualifying_event_rate,county,15,male,45-64,0.07351222090215546,0.04991321264428843,0.10162591897491567
qualifying_event_rate,county,15,male,65-74,0.11813468705920534,0.08287034845237766,0.15762223890815633
qualifying_event_rate,county,15,male,75-84,0.10565759805605866,0.07169859816760739,0.14502587354076277
qualifying_event_rate,county,15,male,85+,0.10788700202723639,0.060389448482856455,0.1587959454182278
person_years_exposure,county,15,female,0-17,3170.9669286192757,2151.151650568229,4910.3407366013635
person_years_exposure,county,15,female,18-44,3135.5937268986136,2125.8928571370648,4838.534529121274
person_years_exposure,county,15,female,45-64,2809.4447137274697,1906.290229608628,4335.869319908608
person_years_exposure,county,15,female,65-74,844.6796504129239,572.3846233547778,1312.0762050001938
person_years_exposure,county,15,female,75-84,426.391909724523,280.1958528945726,680.2830181829361
person_years_exposure,county,15,female,85+,105.54655572781805,62.27962387809466,175.59553476625155
person_years_exposure,county,15,female,18-64,5945.038440626084,4028.7531762081926,9168.809857131235
person_years_exposure,county,15,female,65+,1376.6181158652648,928.8013143294263,2164.942003323957
mortality_rate,county,15,female,0-17,0.0017421859599480209,0.0002995123335934791,0.004128015080703651
mortality_rate,county,15,female,18-44,0.001343726028696139,0.0,0.003144339658487129
mortality_rate,county,15,female,45-64,0.004410694220801829,0.0010755683461856093,0.009653380193094167
mortality_rate,county,15,female,65-74,0.017487098317722178,0.004753309100651336,0.03935385636382338
mortality_rate,county,15,female,75-84,0.048755201308703054,0.014582689977017312,0.1114938201990786
mortality_rate,county,15,female,85+,0.0958055439087726,0.025823504621445025,0.22833025052064104
qualifying_event_rate,county,15,female,0-17,0.041116758940551584,0.026467921250486814,0.05984501254258997
qualifying_event_rate,county,15,female,18-44,0.058242206527741036,0.03919327530894123,0.08177665380894059
qualifying_event_rate,county,15,female,45-64,0.07411953898506875,0.05041788064914406,0.10361202810597185
qualifying_event_rate,county,15,female,65-74,0.10453465752762203,0.07132362898851681,0.14151288344503232
qualifying_event_rate,county,15,female,75-84,0.11088142143051477,0.07434767886405232,0.1534196192031717
qualifying_event_rate,county,15,female,85+,0.10514333772534885,0.05555139750410445,0.15872570710631545
person_years_exposure,county,16,male,0-17,2263.054877763802,1948.350844438685,2562.514641790731
person_years_exposure,county,16,male,18-44,2356.1990116255038,2027.7707876214354,2660.7475912501313
person_years_exposure,county,16,male,45-64,2416.5839557840727,2085.9915735723844,2719.7904050666466
person_years_exposure,county,16,male,65-74,754.9242185473557,639.1094820537143,861.7348223476017
person_years_exposure,county,16,male,75-84,337.46752321302705,271.74472952182833,395.3038414735968
person_years_exposure,county,16,male,85+,52.23734680764071,33.72713574087843,68.94782854714093
person_years_exposure,county,16,male,18-64,4772.7829674095765,4119.123176510515,5379.636712061782
person_years_exposure,county,16,male,65+,1144.6290885680235,955.1222932986332,1315.0528623882117
mortality_rate,county,16,male,0-17,0.0034217695822744494,0.0005009922513693783,0.007799536981912011
mortality_rate,county,16,male,18-44,0.001202283683256092,0.0,0.0029848474743868433
mortality_rate,county,16,male,45-64,0.004911738687100088,0.0012470539934402774,0.010953006699029997
mortality_rate,county,16,male,65-74,0.01729659330922751,0.004758669607832864,0.03882549794815436
mortality_rate,county,16,male,75-84,0.043012240769301616,0.011861876940920653,0.10106296935009806
mortality_rate,county,16,male,85+,0.10944095890367737,0.029636913418123828,0.28542367373841787
qualifying_event_rate,county,16,male,0-17,0.023692393864076722,0.014084911062342833,0.03523355145651248
qualifying_event_rate,county,16,male,18-44,0.03457853446790927,0.02173648733899123,0.0514478366066899
qualifying_event_rate,county,16,male,45-64,0.04532624149331941,0.029227952390055004,0.0661214473853077
qualifying_event_rate,county,16,male,65-74,0.06524228179983353,0.040249874692022285,0.09586148978587472
qualifying_event_rate,county,16,male,75-84,0.07995725742487116,0.04744247552987205,0.11774258561421085
qualifying_event_rate,county,16,male,85+,0.0838157178631381,0.02875141214313438,0.14792087955056535
person_years_exposure,county,16,female,0-17,2265.8400857143756,1948.4222272658785,2561.502816435898
person_years_exposure,county,16,female,18-44,2392.4317702723806,2069.2006157949477,2696.2368067695334
person_years_exposure,county,16,female,45-64,2248.1798250859188,1938.2369128741886,2543.620778048729
person_years_exposure,county,16,female,65-74,780.8002011350638,661.0798864572937,891.9539992182199
person_years_exposure,county,16,female,75-84,371.0040528100527,295.4078590884538,443.7117908897345
person_years_exposure,county,16,female,85+,74.20939277120374,47.36042494600676,99.12790909773317
person_years_exposure,county,16,female,18-64,4640.611595358299,4013.32121704792,5234.798472666085
person_years_exposure,county,16,female,65+,1226.0136467163204,1015.841869742892,1428.329462035155
mortality_rate,county,16,female,0-17,0.0012276851746017953,0.0,0.003139781794207268
mortality_rate,county,16,female,18-44,0.0016160172196090794,0.0,0.00392792292391335
mortality_rate,county,16,female,45-64,0.004930855216764676,0.0012301567092284,0.011124781454634988
mortality_rate,county,16,female,65-74,0.01731809576456673,0.004638600428403813,0.03949904451763323
mortality_rate,county,16,female,75-84,0.05173976553343634,0.015500248038564174,0.12353218456135058
mortality_rate,county,16,female,85+,0.10596441143947037,0.02340755328953726,0.2874918853868195
qualifying_event_rate,county,16,female,0-17,0.02201622886838554,0.013188308564491612,0.03300951298790565
qualifying_event_rate,county,16,female,18-44,0.030614792432355153,0.018812467017258045,0.04558045124621012
qualifying_event_rate,county,16,female,45-64,0.03970095355209806,0.02519883587157859,0.058015878684726394
qualifying_event_rate,county,16,female,65-74,0.07100262024610386,0.044568704789761104,0.10371845578394386
qualifying_event_rate,county,16,female,75-84,0.06733774124429408,0.03916408104040401,0.1004799021722956
qualifying_event_rate,county,16,female,85+,0.06478797976879853,0.017746379933288238,0.12118636380135445
person_years_exposure,county,17,male,0-17,1991.6349915884819,1331.5292442276036,3566.4982163144523
person_years_exposure,county,17,male,18-44,1790.634954553198,1194.906666226675,3275.158964003511
person_years_exposure,county,17,male,45-64,1617.9896704929438,1079.744272974226,2947.5526515244437
person_years_exposure,county,17,male,65-74,507.6546840444719,339.5140474920571,919.6067263139607
person_years_exposure,county,17,male,75-84,245.7232308623744,161.30552330255188,446.813439000826
person_years_exposure,county,17,male,85+,104.95339977571908,61.3905348210374,188.78861430086226
person_years_exposure,county,17,male,18-64,3408.624625046142,2273.308252776487,6241.248065703424
person_years_exposure,county,17,male,65+,858.3313146825653,571.9539687769244,1561.4275586627764
mortality_rate,county,17,male,0-17,0.001142718879645116,0.0,0.003007348698527982
mortality_rate,county,17,male,18-44,0.0010119380916486888,0.0,0.0029029915186833473
mortality_rate,county,17,male,45-64,0.004010088178142232,0.0007233473620372875,0.009309468888893672
mortality_rate,county,17,male,65-74,0.016452228342914963,0.0035318714021401673,0.039105185733247554
mortality_rate,county,17,male,75-84,0.04692658846784511,0.011519195374757743,0.11101864538231504
mortality_rate,county,17,male,85+,0.09242162076800697,0.02458234648530924,0.22881916526428756
qualifying_event_rate,county,17,male,0-17,0.031920372325877376,0.01952471639535198,0.047899829474469226
qualifying_event_rate,county,17,male,18-44,0.04877373986232169,0.0312192252037391,0.0700282269930149
qualifying_event_rate,county,17,male,45-64,0.05966393473493955,0.03915897046979104,0.08506275586732896
qualifying_event_rate,county,17,male,65-74,0.09618064897247987,0.0617078958468995,0.13597937215789052
qualifying_event_rate,county,17,male,75-84,0.08838952262818577,0.05133679847334827,0.13069856671983565
qualifying_event_rate,county,17,male,85+,0.08773946063032165,0.040831732096563975,0.14246526269951998
person_years_exposure,county,17,female,0-17,1890.7726634746882,1266.3345616689162,3401.4718485804324
person_years_exposure,county,17,female,18-44,2143.99018289768,1430.9255270739454,3917.4899717804524
person_years_exposure,county,17,female,45-64,1693.9140560436597,1131.8403561291736,3056.6339061116637
person_years_exposure,county,17,female,65-74,617.1719724246357,414.0102686766088,1115.7772535491413
person_years_exposure,county,17,female,75-84,261.70843421963644,171.58736031641286,461.32505338949755
person_years_exposure,county,17,female,85+,103.9096253857829,61.49419060426959,182.2632435868715
person_years_exposure,county,17,female,18-64,3837.90423894134,2559.024027491735,6990.60413484064
person_years_exposure,county,17,female,65+,982.790032030055,654.2338529259641,1772.1978029440174
mortality_rate,county,17,female,0-17,0.001734368672843836,0.0,0.004551496301418214
mortality_rate,county,17,female,18-44,0.001273317616156401,0.0,0.0033020589142199255
mortality_rate,county,17,female,45-64,0.0045524303631206435,0.0008034604469099538,0.010852806098302793
mortality_rate,county,17,female,65-74,0.016775842924841158,0.0038152141616878007,0.03970653346420265
mortality_rate,county,17,female,75-84,0.04287276602141817,0.011145663534421786,0.10257932093751354
mortality_rate,county,17,female,85+,0.09754625624303041,0.025998939083875582,0.2459148912129035
qualifying_event_rate,county,17,female,0-17,0.03204527609358528,0.019404960914850444,0.04706848578379248
qualifying_event_rate,county,17,female,18-44,0.045553740431198086,0.02908892182486317,0.06671218229407463
qualifying_event_rate,county,17,female,45-64,0.0595435259274474,0.03880289465013247,0.0841277768119454
qualifying_event_rate,county,17,female,65-74,0.08534490582338528,0.05597754336224621,0.12149262910321501
qualifying_event_rate,county,17,female,75-84,0.08897608684407605,0.053515695159351964,0.13138762676721508
qualifying_event_rate,county,17,female,85+,0.09252584417810802,0.04412604413758768,0.14557596399044417
person_years_exposure,state,0,male,0-17,16121.912988230384,12875.578421388886,20384.34024531224
person_years_exposure,state,0,male,18-44,16211.37420598602,12893.612863576256,20517.862232070987
person_years_exposure,state,0,male,45-64,14917.284935762336,11928.66597314895,18785.7505291624
person_years_exposure,state,0,male,65-74,4899.61872783445,3924.778572168419,6198.273423274007
person_years_exposure,state,0,male,75-84,2613.835863806578,2047.893904009199,3326.5826415770703
person_years_exposure,state,0,male,85+,927.0171418720545,656.6179909675452,1225.5751051090356
person_years_exposure,state,0,male,18-64,31128.659141748358,24811.631025868697,39298.69592733866
person_years_exposure,state,0,male,65+,8440.471733513083,6697.9190764659825,10722.124843431533
mortality_rate,state,0,male,0-17,0.0013578786573579518,0.00041380156193189424,0.002892859749104761
mortality_rate,state,0,male,18-44,0.001070031415417872,0.000290838507486045,0.0022914249669762875
mortality_rate,state,0,male,45-64,0.0031726382274859578,0.0010722880413381207,0.006634940176166501
mortality_rate,state,0,male,65-74,0.01735715812908524,0.0058457542961844015,0.03582627316296796
mortality_rate,state,0,male,75-84,0.0447374211862323,0.015108545134334852,0.09685206676794866
mortality_rate,state,0,male,85+,0.08647610661649055,0.03145157864408944,0.19212628416230593
qualifying_event_rate,state,0,male,0-17,0.0325728498451247,0.02105441566877215,0.04653472218752598
qualifying_event_rate,state,0,male,18-44,0.042587167305356596,0.028446164849340875,0.06067166199492651
qualifying_event_rate,state,0,male,45-64,0.05534805588156225,0.03745659286456175,0.07743326472287154
qualifying_event_rate,state,0,male,65-74,0.08715616652712178,0.06034555595779175,0.11977102388166165
qualifying_event_rate,state,0,male,75-84,0.09020985021383163,0.06261221675492087,0.12283245509956821
qualifying_event_rate,state,0,male,85+,0.09252647398700409,0.06276265890147478,0.12794348543050255
person_years_exposure,state,0,female,0-17,16712.976299612048,13326.33407877955,21082.70676063789
person_years_exposure,state,0,female,18-44,16672.596923233137,13276.526139372221,21077.318254482718
person_years_exposure,state,0,female,45-64,14846.357916898565,11877.049563473694,18684.06694477574
person_years_exposure,state,0,female,65-74,4887.387545374168,3914.752294501945,6179.714633233067
person_years_exposure,state,0,female,75-84,2557.8503524095563,1986.0041086914532,3290.2123966453264
person_years_exposure,state,0,female,85+,937.7981731709409,666.7883494627048,1234.925734167596
person_years_exposure,state,0,female,18-64,31518.9548401317,25152.08629911791,39760.243300615446
person_years_exposure,state,0,female,65+,8383.036070954666,6643.941542574061,10661.963496191536
mortality_rate,state,0,female,0-17,0.001188582197308035,0.0003292593330179806,0.002619083520168534
mortality_rate,state,0,female,18-44,0.001315076090439956,0.0003981949721512998,0.0027688249075640673
mortality_rate,state,0,female,45-64,0.00476165084574675,0.0016167692153252154,0.010165321147365397
mortality_rate,state,0,female,65-74,0.017620517581738968,0.006059812425642547,0.03740981993314333
mortality_rate,state,0,female,75-84,0.049468924688189586,0.017817802190125617,0.10980920220619948
mortality_rate,state,0,female,85+,0.07891451654254815,0.029460561553322523,0.17897751635170395
qualifying_event_rate,state,0,female,0-17,0.03258356743440697,0.0214855474101512,0.04667906358447205
qualifying_event_rate,state,0,female,18-44,0.042849254720453214,0.02829936377937308,0.0610067153596431
qualifying_event_rate,state,0,female,45-64,0.05647536108910141,0.03796893607157853,0.07934333397097787
qualifying_event_rate,state,0,female,65-74,0.08408104694641856,0.058078454101343074,0.11608867679851786
qualifying_event_rate,state,0,female,75-84,0.09562337761861224,0.06677787785327771,0.1308649323380502
qualifying_event_rate,state,0,female,85+,0.08205639839152375,0.054860097874786205,0.11488806980802654
person_years_exposure,state,1,male,0-17,10882.915021602304,7551.054104171284,16301.813766664649
person_years_exposure,state,1,male,18-44,10701.4502644651,7458.720922512411,16177.329847318035
person_years_exposure,state,1,male,45-64,9442.170488667982,6549.467795388726,14232.325561777796
person_years_exposure,state,1,male,65-74,3173.746382100247,2210.8055588236166,4836.06685341754
person_years_exposure,state,1,male,75-84,1584.9681321675769,1081.0436089323905,2459.968986674534
person_years_exposure,state,1,male,85+,611.2770805021898,383.895893218696,957.7167445326858
person_years_exposure,state,1,male,18-64,20143.62075313308,14018.412628803224,30407.657638482688
person_years_exposure,state,1,male,65+,5369.991594770014,3703.215299825492,8269.397509873688
mortality_rate,state,1,male,0-17,0.0011512813295086537,0.0002990934347623326,0.0025208911987134757
mortality_rate,state,1,male,18-44,0.0010397612332926323,0.00025844492965405825,0.00233199378620457
mortality_rate,state,1,male,45-64,0.0038743760849430224,0.0012707041573857057,0.008163073749760127
mortality_rate,state,1,male,65-74,0.016949457850633166,0.005608237944334669,0.03570198009925893
mortality_rate,state,1,male,75-84,0.045417111768250244,0.015901867514930376,0.09994748361188073
mortality_rate,state,1,male,85+,0.09558715235426807,0.03459314496330456,0.217444710105522
qualifying_event_rate,state,1,male,0-17,0.031025147425899707,0.020520810615970834,0.044992953945001184
qualifying_event_rate,state,1,male,18-44,0.047292672087642214,0.03146948779474104,0.06699684054627768
qualifying_event_rate,state,1,male,45-64,0.05743595870159094,0.03911554107166078,0.07982343866521341
qualifying_event_rate,state,1,male,65-74,0.09449100050869269,0.06565146168712563,0.12753616949808044
qualifying_event_rate,state,1,male,75-84,0.08447515623107943,0.05780071752248112,0.11660769479585285
qualifying_event_rate,state,1,male,85+,0.08526403612704024,0.05487166236015565,0.1211338548054771
person_years_exposure,state,1,female,0-17,10721.578120761644,7444.109843024604,16171.44244415218
person_years_exposure,state,1,female,18-44,10442.193506849384,7239.567388335121,15517.56725705061
person_years_exposure,state,1,female,45-64,9530.583839610235,6601.974383589044,14277.088178363223
person_years_exposure,state,1,female,65-74,3172.0914123323328,2195.872379942105,4847.951922302544
person_years_exposure,state,1,female,75-84,1612.3815522888522,1099.3582486631938,2495.635180513247
person_years_exposure,state,1,female,85+,543.6547781572425,338.57328585372096,847.7686235628267
person_years_exposure,state,1,female,18-64,19972.777346459618,13850.844311529658,29807.86498781961
person_years_exposure,state,1,female,65+,5328.127742778428,3672.440050867165,8160.229772500563
mortality_rate,state,1,female,0-17,0.001762517834912496,0.0005164665321341794,0.0037670463635672002
mortality_rate,state,1,female,18-44,0.0013419302470605054,0.0003535618986235888,0.002897943184933677
mortality_rate,state,1,female,45-64,0.0044284345131972574,0.0014330035553476376,0.009260383825425584
mortality_rate,state,1,female,65-74,0.017620123540485894,0.005899403871599165,0.037922078556919654
mortality_rate,state,1,female,75-84,0.046390369299862434,0.016280193735710845,0.09862448208476386
mortality_rate,state,1,female,85+,0.09834780093419351,0.03514832794807262,0.22489810921859668
qualifying_event_rate,state,1,female,0-17,0.031269583037831165,0.020505935013074492,0.04475278916823704
qualifying_event_rate,state,1,female,18-44,0.04506926386685464,0.0302271330387018,0.06362304001561878
qualifying_event_rate,state,1,female,45-64,0.05767725611056607,0.03913109818779517,0.08024839116192384
qualifying_event_rate,state,1,female,65-74,0.08278670439589375,0.05740535544342731,0.11333161252335457
qualifying_event_rate,state,1,female,75-84,0.08663392597139971,0.059151656475936905,0.11918431797112303
qualifying_event_rate,state,1,female,85+,0.08374490371175183,0.05367922694680303,0.12048052141963855
person_years_exposure,state,2,male,0-17,2531.1267220888303,1306.3294941322263,4372.500020148752
person_years_exposure,state,2,male,18-44,2332.6985537120854,1207.227248748165,4018.799961551641
person_years_exposure,state,2,male,45-64,2292.2461935505244,1184.229034940265,3946.9151304679926
person_years_exposure,state,2,male,65-74,766.6866251154006,396.53693873825347,1322.7077351333573
person_years_exposure,state,2,male,75-84,503.37810402945956,258.44799631170673,866.1734796906361
person_years_exposure,state,2,male,85+,191.8721256166401,95.64074948270591,334.50182712247
person_years_exposure,state,2,male,18-64,4624.94474726261,2391.5314501107973,7961.031964854282
person_years_exposure,state,2,male,65+,1461.9368547615002,756.8593983469441,2510.008440949289
mortality_rate,state,2,male,0-17,0.0037332065074173627,0.0007911220102701576,0.00858558937921857
mortality_rate,state,2,male,18-44,0.004490919215935518,0.0009862111565927547,0.010212129632324915
mortality_rate,state,2,male,45-64,0.00367982227104703,0.000628109946281711,0.008637630282638073
mortality_rate,state,2,male,65-74,0.01671661645078378,0.004061168913795909,0.03763591897579415
mortality_rate,state,2,male,75-84,0.04684579688621601,0.014436268261449016,0.10858206265711401
mortality_rate,state,2,male,85+,0.08236836391048692,0.025609112559244262,0.19850780669966875
qualifying_event_rate,state,2,male,0-17,0.027643514514953796,0.016549851335782163,0.04073880775426423
qualifying_event_rate,state,2,male,18-44,0.04065515869715712,0.02562494654534101,0.058903738163607354
qualifying_event_rate,state,2,male,45-64,0.05250398108190697,0.033947544793188046,0.07454674158207453
qualifying_event_rate,state,2,male,65-74,0.06959222065775979,0.04376541785896348,0.1010737897624094
qualifying_event_rate,state,2,male,75-84,0.08744176372515344,0.056422430005097904,0.12550166538220645
qualifying_event_rate,state,2,male,85+,0.08533994800240671,0.046232963783877756,0.12937621429998827
person_years_exposure,state,2,female,0-17,2456.1943625847252,1268.0084606758069,4245.546897784579
person_years_exposure,state,2,female,18-44,2358.9224345419043,1219.2253805871762,4067.5772597453747
person_years_exposure,state,2,female,45-64,2631.245694418794,1361.983357965835,4530.397520875217
person_years_exposure,state,2,female,65-74,777.4635819744994,397.7648428760029,1330.9336266896573
person_years_exposure,state,2,female,75-84,398.9664451657643,203.97722764091552,691.4300927053146
person_years_exposure,state,2,female,85+,99.44081815943368,46.7889695153128,174.68454211236772
person_years_exposure,state,2,female,18-64,4990.168128960699,2582.835836830728,8602.793554354852
person_years_exposure,state,2,female,65+,1275.8708452996975,655.1036302361957,2189.6005997006414
mortality_rate,state,2,female,0-17,0.0014082698127195477,0.0,0.0036076527375207114
mortality_rate,state,2,female,18-44,0.004212728597805647,0.0008980808306256827,0.009646770765101316
mortality_rate,state,2,female,45-64,0.0037056548166262177,0.000881334632508438,0.008609804229139218
mortality_rate,state,2,female,65-74,0.017345316070306063,0.004063307115406635,0.03924503424070002
mortality_rate,state,2,female,75-84,0.047355735436356114,0.01367493700588716,0.10941057082888574
mortality_rate,state,2,female,85+,0.10338258273449778,0.0274377447301699,0.26053153725080025
qualifying_event_rate,state,2,female,0-17,0.03015713189155035,0.018347215999022216,0.04447311787473309
qualifying_event_rate,state,2,female,18-44,0.04085237756653301,0.02593855895906475,0.05933301776490696
qualifying_event_rate,state,2,female,45-64,0.05120721710520915,0.03279931323506093,0.07348387718604561
qualifying_event_rate,state,2,female,65-74,0.07284589970368574,0.04654421973976577,0.10515797926956653
qualifying_event_rate,state,2,female,75-84,0.07904693920408852,0.04664892544604759,0.11658612410208527
qualifying_event_rate,state,2,female,85+,0.08024677803422783,0.03238312755546159,0.13206887745871274
person_years_exposure,state,3,male,0-17,10050.386469022973,8702.154161160452,11460.444236520789
person_years_exposure,state,3,male,18-44,9209.372965157674,7985.89112111519,10610.095143362085
person_years_exposure,state,3,male,45-64,10284.898036773115,8937.169483149955,11739.70804736199
person_years_exposure,state,3,male,65-74,3623.0468074004384,3103.3869620744535,4144.522519936965
person_years_exposure,state,3,male,75-84,1616.9049297548654,1324.2422439988943,1900.43987910483
person_years_exposure,state,3,male,85+,400.89232047017714,283.11319509411436,508.01477198205083
person_years_exposure,state,3,male,18-64,19494.27100193079,16905.30627568708,22347.180958881632
person_years_exposure,state,3,male,65+,5640.844057625481,4745.153630063325,6543.167559450567
mortality_rate,state,3,male,0-17,0.0033881043199138062,0.0010686337417115267,0.00726421447783824
mortality_rate,state,3,male,18-44,0.0011935135078160327,0.0003106756098727722,0.0026141826993805813
mortality_rate,state,3,male,45-64,0.0048816740187151725,0.0015707395632854088,0.010368071680783969
mortality_rate,state,3,male,65-74,0.01751347741571889,0.006025382741279892,0.037307832778889334
mortality_rate,state,3,male,75-84,0.045188755067892085,0.015003629363705816,0.10195429581616429
mortality_rate,state,3,male,85+,0.10348207120775754,0.0372015565294461,0.24164762961732522
qualifying_event_rate,state,3,male,0-17,0.02120574937286154,0.01350644022847876,0.031336482454205464
qualifying_event_rate,state,3,male,18-44,0.03138945735337584,0.020372505467126257,0.0460391003883909
qualifying_event_rate,state,3,male,45-64,0.04118613654012004,0.027340296360049598,0.05941414500986629
qualifying_event_rate,state,3,male,65-74,0.059209016229242295,0.038946976512960696,0.08394872362898058
qualifying_event_rate,state,3,male,75-84,0.07501049266107476,0.04985045061635666,0.10559708743734308
qualifying_event_rate,state,3,male,85+,0.07316150231541219,0.04420757490028284,0.10849923976888752
person_years_exposure,state,3,female,0-17,10211.292476087783,8864.566842825041,11627.354440537816
person_years_exposure,state,3,female,18-44,9492.258992359144,8239.643707985104,10899.465813109206
person_years_exposure,state,3,female,45-64,9775.761216068377,8471.41432767752,11140.609492660777
person_years_exposure,state,3,female,65-74,3627.970663467865,3095.719174777431,4174.184959739824
person_years_exposure,state,3,female,75-84,1686.5982055700326,1362.4104244532973,2011.5460201821375
person_years_exposure,state,3,female,85+,347.2921418442289,233.65112282774174,447.22046841732066
person_years_exposure,state,3,female,18-64,19268.020208427522,16699.752979172827,22032.17515332134
person_years_exposure,state,3,female,65+,5661.861010882127,4717.9406710381445,6611.101298837339
mortality_rate,state,3,female,0-17,0.001255599043169526,0.00032206137550644436,0.002802930364385938
mortality_rate,state,3,female,18-44,0.0016091956989422258,0.00044011929999709,0.0034588725884492286
mortality_rate,state,3,female,45-64,0.004958153691686998,0.001689677477614402,0.010473933399323725
mortality_rate,state,3,female,65-74,0.017525743446882534,0.005997717756410128,0.03736377820996308
mortality_rate,state,3,female,75-84,0.05249256138542444,0.01812372062769086,0.11623229501815797
mortality_rate,state,3,female,85+,0.11125094655952726,0.039999005413026784,0.2644012901386549
qualifying_event_rate,state,3,female,0-17,0.019858720490071754,0.012529028669094628,0.029294841329891675
qualifying_event_rate,state,3,female,18-44,0.02758706583937673,0.017592705971599284,0.0401721284565738
qualifying_event_rate,state,3,female,45-64,0.03605192995246795,0.023395232932873624,0.05213558878198457
qualifying_event_rate,state,3,female,65-74,0.06476621443634886,0.04318432498363788,0.09261385320140687
qualifying_event_rate,state,3,female,75-84,0.061490996660030106,0.03946317116623822,0.08715062947875667
qualifying_event_rate,state,3,female,85+,0.05777326049064064,0.0322955832154758,0.09105732209831115
person_years_exposure,state,4,male,0-17,4551.570592946524,2689.8256024641337,7710.637088676877
person_years_exposure,state,4,male,18-44,4295.471688601119,2524.3807140116965,7256.9836225308145
person_years_exposure,state,4,male,45-64,4370.137515877134,2577.4917785325533,7401.886353854862
person_years_exposure,state,4,male,65-74,1441.5447119264866,851.412527728867,2454.189122124377
person_years_exposure,state,4,male,75-84,639.8296064360404,367.5610207809523,1097.4341121161299
person_years_exposure,state,4,male,85+,207.58782862523663,109.55628069942479,364.9695275296121
person_years_exposure,state,4,male,18-64,8665.609204478253,5100.091656250605,14659.425341993105
person_years_exposure,state,4,male,65+,2288.962146987764,1341.8851898708192,3942.7064452448667
mortality_rate,state,4,male,0-17,0.001324662938183026,0.00023473623443529798,0.003165626323238581
mortality_rate,state,4,male,18-44,0.0009971438378621662,0.0,0.0023258122108689066
mortality_rate,state,4,male,45-64,0.0036248993392535103,0.0009862178616794957,0.007999284285534163
mortality_rate,state,4,male,65-74,0.017658872788954578,0.0053890130494562245,0.03787515585290241
mortality_rate,state,4,male,75-84,0.04573930036656584,0.01463834051052644,0.10422388117715817
mortality_rate,state,4,male,85+,0.09802816856868375,0.03136477072809257,0.22927422041649087
qualifying_event_rate,state,4,male,0-17,0.029058693611709506,0.01842588358773667,0.043085428095450205
qualifying_event_rate,state,4,male,18-44,0.040237926364818655,0.025759663887303177,0.058038872913948734
qualifying_event_rate,state,4,male,45-64,0.05451554840816406,0.035692849291926315,0.07718102838450229
qualifying_event_rate,state,4,male,65-74,0.08372897270668858,0.055068884928268357,0.11728620712169331
qualifying_event_rate,state,4,male,75-84,0.09307373495681591,0.0613355033916506,0.13056548350774713
qualifying_event_rate,state,4,male,85+,0.08427533942635769,0.04593207918540066,0.1264635346048988
person_years_exposure,state,4,female,0-17,4463.842098307438,2635.2304499011234,7537.274675870284
person_years_exposure,state,4,female,18-44,4299.486214454511,2530.7121508406462,7260.189064858558
person_years_exposure,state,4,female,45-64,4256.836229937187,2512.2438821814903,7286.913241726107
person_years_exposure,state,4,female,65-74,1454.2836866553523,857.2189778097871,2483.5988629627127
person_years_exposure,state,4,female,75-84,660.5775339209827,378.5192352212517,1136.5277958120298
person_years_exposure,state,4,female,85+,226.90250011034217,117.06761642730332,402.08465069746563
person_years_exposure,state,4,female,18-64,8556.322444391699,5041.724128373247,14558.56466823965
person_years_exposure,state,4,female,65+,2341.763720686677,1361.8885843107307,4035.4566055933124
mortality_rate,state,4,female,0-17,0.005922260369889381,0.0017846796893345067,0.012892537553646142
mortality_rate,state,4,female,18-44,0.0022801845780623395,0.00047557944722215526,0.005043121098034761
mortality_rate,state,4,female,45-64,0.0042336542170700155,0.0011461318156007238,0.009387012207195854
mortality_rate,state,4,female,65-74,0.017887282813146766,0.005412733961253581,0.03968705036990217
mortality_rate,state,4,female,75-84,0.051328311604418184,0.016521473597904283,0.11563189257678104
mortality_rate,state,4,female,85+,0.09686630910656813,0.030272890675266177,0.22738420585906444
qualifying_event_rate,state,4,female,0-17,0.03308113102129931,0.020949296449036914,0.048416715623097635
qualifying_event_rate,state,4,female,18-44,0.04016617909258166,0.025649562476577962,0.058298704549689426
qualifying_event_rate,state,4,female,45-64,0.05471813000699806,0.036036538269282076,0.07809001264312418
qualifying_event_rate,state,4,female,65-74,0.07101266736052753,0.04621967943813845,0.10061744057645326
qualifying_event_rate,state,4,female,75-84,0.09387654016913212,0.060036329776474454,0.13287511048297224
qualifying_event_rate,state,4,female,85+,0.07892816418194265,0.04496488069501535,0.12036056571829964
person_years_exposure,state,5,male,0-17,2806.025429656824,2377.9338642075313,3234.7217390024407
person_years_exposure,state,5,male,18-44,3008.776244383107,2547.2465100849117,3466.429969099645
person_years_exposure,state,5,male,45-64,2556.0242689292963,2163.7911571028776,2949.853190255067
person_years_exposure,state,5,male,65-74,860.1182440060539,716.5158482739386,1007.7420954106976
person_years_exposure,state,5,male,75-84,530.2563038490722,421.4921025584957,637.070500964593
person_years_exposure,state,5,male,85+,168.9464869333987,114.19978318412171,218.6021934972968
person_years_exposure,state,5,male,18-64,5564.800513312403,4711.91070859102,6414.4404154088115
person_years_exposure,state,5,male,65+,1559.321034788525,1272.2739418030246,1842.8716656051874
mortality_rate,state,5,male,0-17,0.002429899352634834,0.00036138253042261874,0.005534700051397761
mortality_rate,state,5,male,18-44,0.0009625162719083385,0.0,0.0024473243436792945
mortality_rate,state,5,male,45-64,0.003678503316378364,0.000797397967747825,0.008379662634594595
mortality_rate,state,5,male,65-74,0.01705627134232342,0.0043710672537660275,0.0387022177242721
mortality_rate,state,5,male,75-84,0.04549382568556504,0.013542173735684586,0.10377232361783235
mortality_rate,state,5,male,85+,0.08678455740440737,0.02640442043141679,0.21079300015621225
qualifying_event_rate,state,5,male,0-17,0.02008530025622141,0.01215616552113831,0.030543622916399817
qualifying_event_rate,state,5,male,18-44,0.03281091550403437,0.020904112662070935,0.047659224397737836
qualifying_event_rate,state,5,male,45-64,0.04152242430124038,0.026498727240695703,0.06006581541788793
qualifying_event_rate,state,5,male,65-74,0.057987916418848734,0.03625235586340084,0.0853551016302423
qualifying_event_rate,state,5,male,75-84,0.08129494610378085,0.050544821116033305,0.11705094454344767
qualifying_event_rate,state,5,male,85+,0.07424682674045305,0.038516033872354756,0.1201263317600175
person_years_exposure,state,5,female,0-17,2841.7582789699813,2410.352739871277,3287.128280274783
person_years_exposure,state,5,female,18-44,2917.3542989330263,2472.8552508303005,3366.8361589473284
person_years_exposure,state,5,female,45-64,2554.3526714273044,2163.1800363456496,2938.982280920018
person_years_exposure,state,5,female,65-74,812.4601324575416,677.766691411749,941.4308652836988
person_years_exposure,state,5,female,75-84,422.3169176655828,337.4535899954157,500.1957297294156
person_years_exposure,state,5,female,85+,95.88329237265573,65.77979966127492,123.92050861887613
person_years_exposure,state,5,female,18-64,5471.70697036033,4636.1907448122965,6309.563167715096
person_years_exposure,state,5,female,65+,1330.66034249578,1098.4787862313028,1557.236263426587
mortality_rate,state,5,female,0-17,0.0017295767549523938,0.0003255635889541887,0.004035746083291085
mortality_rate,state,5,female,18-44,0.0010318437864578018,0.0,0.0026129688292857367
mortality_rate,state,5,female,45-64,0.004510530007809024,0.0010782385758102378,0.009867010830403568
mortality_rate,state,5,female,65-74,0.01807420416812563,0.004897504573645002,0.039585513119771605
mortality_rate,state,5,female,75-84,0.04648857426700224,0.013349131651647653,0.10629373381071984
mortality_rate,state,5,female,85+,0.10758318925766082,0.03136801866715598,0.25845182199661665
qualifying_event_rate,state,5,female,0-17,0.020863513599576743,0.012466105688485085,0.031538827808812536
qualifying_event_rate,state,5,female,18-44,0.02647445035755429,0.016627079320614625,0.03955249054319425
qualifying_event_rate,state,5,female,45-64,0.03523091721305451,0.02236356461980178,0.05170682297280887
qualifying_event_rate,state,5,female,65-74,0.06571540264156359,0.04154966825549438,0.09632565015821032
qualifying_event_rate,state,5,female,75-84,0.06918852353528558,0.039913366354081284,0.10474862187978061
qualifying_event_rate,state,5,female,85+,0.06546661204837993,0.025028781989398816,0.11512555365822359
