estimand,level,unit,sex,age_band,estimate,lower,upper
children_under_16,county,0,,,913.4255115016178,680.7766387455397,1146.074384257696
children_under_16,county,1,,,1684.4021600143044,1266.6526109797715,2102.1517090488373
children_under_16,county,2,,,1428.987317160551,1037.6915614860202,1820.2830728350816
children_under_16,county,3,,,649.9284174469901,476.29092851203995,823.5659063819403
children_under_16,county,4,,,1045.3547608377646,757.1901184452227,1333.5194032303066
children_under_16,county,5,,,733.8924842876569,541.7603204417838,926.0246481335299
children_under_16,county,6,,,1060.9356281298158,790.7160263744447,1331.1552298851868
children_under_16,county,7,,,797.5737641743565,599.7670359386346,995.3804924100783
children_under_16,county,8,,,829.6756275236335,618.3577947435457,1040.9934603037213
children_under_16,county,9,,,996.0953345369531,721.5096468650643,1270.681022208842
children_under_16,county,10,,,283.6831969255223,206.0029897045737,361.3634041464709
children_under_16,county,11,,,583.407116477525,423.6543140792629,743.1599188757872
children_under_16,county,12,,,141.70729164594795,105.6145383260313,177.8000449658646
children_under_16,county,13,,,311.83341699107984,230.1958059667585,393.4710280154012
children_under_16,county,14,,,116.52846108080715,86.02145105355973,147.03547110805457
children_under_16,county,15,,,686.5179015461962,506.7883461045326,866.2474569878598
children_under_16,county,16,,,226.25320184535786,170.14001505289093,282.3663886378248
children_under_16,nation,0,,,12490.201592126079,11929.070410020828,13051.33277423133
children_under_16,state,0,,,2945.7440588010154,2723.7855041446837,3167.702613457347
children_under_16,state,1,,,2708.2291260340185,2577.9256241376115,2838.5326279304254
children_under_16,state,2,,,2296.0776305635977,2007.582993040019,2584.572268087177
children_under_16,state,3,,,649.9284174469901,578.1935215232186,721.6633133707617
children_under_16,state,4,,,2041.4500953747176,1776.8851560011817,2306.0150347482536
children_under_16,state,5,,,1848.77226390574,1670.0589051017228,2027.485622709757
elders_65_plus,county,0,,,362.28328272905435,270.009970582641,454.5565948754677
elders_65_plus,county,1,,,677.1101961336832,509.17970673136125,845.0406855360052
elders_65_plus,county,2,,,613.9826726383515,445.8574478893489,782.107897387354
elders_65_plus,county,3,,,199.89160099265,146.48775724030065,253.29544474499937
elders_65_plus,county,4,,,388.33574422297886,281.2863146373958,495.38517380856194
elders_65_plus,county,5,,,400.1323998670221,295.37822203140365,504.8865777026406
elders_65_plus,county,6,,,500.72272518911024,373.1889787459098,628.2564716323106
elders_65_plus,county,7,,,396.57626883975814,298.22116018554,494.9313774939763
elders_65_plus,county,8,,,434.6647440604489,323.9559216560579,545.37356646484
elders_65_plus,county,9,,,411.16042500992035,297.8190969960737,524.5017530237669
elders_65_plus,county,10,,,167.23164234853078,121.4390512739739,213.02423342308765
elders_65_plus,county,11,,,280.2076151173943,203.47911711995545,356.9361131148332
elders_65_plus,county,12,,,60.596751645963366,45.162799139056155,76.03070415287058
elders_65_plus,county,13,,,185.86511996198163,137.20585658714222,234.52438333682105
elders_65_plus,county,14,,,85.40645105712012,63.04714557393531,107.76575654030493
elders_65_plus,county,15,,,286.3693852415382,211.39822689935363,361.3405435837228
elders_65_plus,county,16,,,109.15059049016273,82.08008972938762,136.22109125093783
elders_65_plus,nation,0,,,5559.687615545668,5308.7215643514355,5810.653666739901
elders_65_plus,state,0,,,1358.2675036245769,1255.9235504761543,1460.6114567729994
elders_65_plus,state,1,,,1182.8370554636042,1125.9261356975762,1239.7479752296322
elders_65_plus,state,2,,,1061.4219301042765,928.0577394040486,1194.7861208045044
elders_65_plus,state,3,,,199.89160099265,177.82885868393515,221.95434330136487
elders_65_plus,state,4,,,799.4961692328992,695.8842043743358,903.1081340914626
elders_65_plus,state,5,,,957.773356127662,865.1892684126283,1050.3574438426958
households,county,0,,,1897.49418320572,1400.7095339585517,2394.2788324528883
households,county,1,,,3549.015065062525,2650.7120572193344,4447.318072905716
households,county,2,,,2899.643638149314,2082.660107232262,3716.627169066366
households,county,3,,,1237.9633348694995,914.8872682238961,1561.0394015151028
households,county,4,,,2101.5659161166304,1515.2026468203294,2687.9291854129315
households,county,5,,,1707.0858817014716,1241.4959908914243,2172.675772511519
households,county,6,,,2315.402872028351,1709.2051751778708,2921.600568878831
households,county,7,,,1899.3849268183299,1418.6252902618521,2380.1445633748076
households,county,8,,,2047.7099717207284,1511.5971925276015,2583.822750913855
households,county,9,,,2338.9867464086124,1686.3800853721673,2991.5934074450574
households,county,10,,,800.7225283483456,575.1164883894537,1026.3285683072374
households,county,11,,,1498.3009437673245,1076.1500355279074,1920.4518520067415
households,county,12,,,390.6375070332799,288.3643519259177,492.91066214064216
households,county,13,,,912.8221836175984,663.8594422844537,1161.784924950743
households,county,14,,,317.52860781206374,230.92598785896962,404.13122776515786
households,county,15,,,1591.3925409534056,1157.3568036067172,2025.428278300094
households,county,16,,,556.8197542329353,415.8812541465347,697.758254319336
households,nation,0,,,28062.476601846138,26484.272209071627,29640.68099462065
households,state,0,,,6651.244533988079,6008.07752546144,7294.411542514717
households,state,1,,,6005.21974611379,5586.054589483239,6424.384902744341
households,state,2,,,5198.667110264984,4459.971413113691,5937.362807416278
households,state,3,,,1237.9633348694995,1121.0884673928656,1354.8382023461334
households,state,4,,,4440.552662525243,3834.0683059061284,5047.037019144358
households,state,5,,,4528.82921408454,3970.6138923748867,5087.044535794193
low_income_household_share,county,0,,,0.31981187921511467,0.16826708408204405,0.4713566743481853
low_income_household_share,county,1,,,0.3672101437291628,0.23703540868314643,0.4973848787751791
low_income_household_share,county,2,,,0.3494077100752089,0.07819395396971862,0.6206214661806991
low_income_household_share,county,3,,,0.3342054037793396,0.13279909770938472,0.5356117098492945
low_income_household_share,county,4,,,0.3337557865494258,0.17175328254455874,0.4957582905542928
low_income_household_share,county,5,,,0.2365225354016449,0.09149493921344862,0.3815501315898412
low_income_household_share,county,6,,,0.3605626312808073,0.2068188866338102,0.5143063759278044
low_income_household_share,county,7,,,0.370355719762897,0.2399570909637318,0.5007543485620622
low_income_household_share,county,8,,,0.34279345987936893,0.19003627831925748,0.49555064143948035
low_income_household_share,county,9,,,0.35665194919563203,0.19200698718805084,0.5212969112032132
low_income_household_share,county,10,,,0.2812402094670997,0.018364769242093182,0.5441156496921062
low_income_household_share,county,11,,,0.3422807419112283,0.0719973752000187,0.6125641086224379
low_income_household_share,county,12,,,0.32266053030118835,0.1709694179190195,0.47435164268335717
low_income_household_share,county,13,,,0.29867384765140775,0.14422741817273774,0.45312027713007774
low_income_household_share,county,14,,,0.2676444413789008,0.11809277517735262,0.417196107580449
low_income_household_share,county,15,,,0.29387587344794,0.14020968723348495,0.447542059662395
low_income_household_share,county,16,,,0.38487830658152955,0.2534264996670216,0.5163301134960375
low_income_household_share,nation,0,,,0.3357716440041416,0.2587844705662499,0.4127588174420333
low_income_household_share,state,0,,,0.3411350797198133,0.22310183004040418,0.45916832939922236
low_income_household_share,state,1,,,0.36967718602619115,0.27221504626315096,0.46713932578923134
low_income_household_share,state,2,,,0.33839563620894236,0.0982142276101109,0.5785770448077738
low_income_household_share,state,3,,,0.3342054037793396,0.15541370361284845,0.5129971039458308
low_income_household_share,state,4,,,0.3451536352296277,0.21210984693344392,0.4781974235258115
low_income_household_share,state,5,,,0.2697707922452055,0.14994520340998857,0.38959638108042244
mean_income_adults,county,0,,,32636.272352231423,22761.61275777871,42510.93194668414
mean_income_adults,county,1,,,25577.53983128175,16620.647276116266,34534.43238644723
mean_income_adults,county,2,,,29070.0152309068,12979.42074553314,45160.60971628046
mean_income_adults,county,3,,,29510.746049620357,15046.522165050308,43974.969934190405
mean_income_adults,county,4,,,26769.922740928247,18048.498822462247,35491.34665939424
mean_income_adults,county,5,,,28716.552695824223,16195.110848937431,41237.994542711014
mean_income_adults,county,6,,,27445.386639114837,19001.89091507246,35888.882363157216
mean_income_adults,county,7,,,25646.403292825675,16645.96442035961,34646.84216529174
mean_income_adults,county,8,,,30541.37365996906,21243.981008107017,39838.7663118311
mean_income_adults,county,9,,,27463.710195923686,18607.979500280053,36319.44089156732
mean_income_adults,county,10,,,43642.05061531693,22829.992245580994,64454.10898505287
mean_income_adults,county,11,,,32153.991677182396,14838.516574649588,49469.46677971521
mean_income_adults,county,12,,,25855.19011007462,17869.956800111795,33840.42342003745
mean_income_adults,county,13,,,21835.131183689235,11298.865424934405,32371.396942444066
mean_income_adults,county,14,,,25316.769200649796,13748.948838841472,36884.58956245812
mean_income_adults,county,15,,,22076.996907312943,11467.892150749305,32686.10166387658
mean_income_adults,county,16,,,28034.32011210121,18385.095657442194,37683.544566760225
mean_income_adults,nation,0,,,28082.28437319288,21530.97891391456,34633.5898324712
mean_income_adults,state,0,,,29842.90976602062,22375.207924298855,37310.61160774239
mean_income_adults,state,1,,,25805.53934975614,18151.97437787043,33459.104321641855
mean_income_adults,state,2,,,31840.640098156913,16305.232457730966,47376.047738582856
mean_income_adults,state,3,,,29510.746049620357,16277.858780562734,42743.63331867798
mean_income_adults,state,4,,,27115.29434535169,19704.450463178106,34526.13822752527
mean_income_adults,state,5,,,24936.919544052264,14725.189758844259,35148.64932926027
median_household_income,county,0,,,37457.202152196456,25070.871228075648,49843.53307631727
median_household_income,county,1,,,26989.077285568477,18977.873683119255,35000.280888017696
median_household_income,county,2,,,31356.173632814174,2674.737538270656,60037.60972735769
median_household_income,county,3,,,33326.53024596153,17607.930118168057,49045.130373755
median_household_income,county,4,,,30003.367737020093,20055.03940499516,39951.69606904502
median_household_income,county,5,,,33687.38174896969,22165.166587901265,45209.59691003811
median_household_income,county,6,,,30181.832693951234,19734.659476202436,40629.005911700035
median_household_income,county,7,,,26409.840579416337,18568.043077829057,34251.63808100361
median_household_income,county,8,,,32096.83001179084,21421.096547750374,42772.56347583131
median_household_income,county,9,,,26113.443704530855,17454.91196470944,34771.97544435227
median_household_income,county,10,,,47722.213919123846,12206.456156867622,83237.97168138006
median_household_income,county,11,,,28664.446029158724,1107.0528896256073,56221.83916869184
median_household_income,county,12,,,35611.51640293789,23644.04882793386,47578.98397794191
median_household_income,county,13,,,24290.99592701777,15948.011521495244,32633.980332540297
median_household_income,county,14,,,26390.916990115424,17337.432424795086,35444.40155543576
median_household_income,county,15,,,18894.814755019175,12377.607352441366,25412.022157596984
median_household_income,county,16,,,25088.639215208375,17633.24604398679,32544.03238642996
median_household_income,nation,0,,,29493.592849656518,19962.08529205196,39025.100407261074
median_household_income,state,0,,,33492.02609925398,23714.26685968923,43269.78533881872
median_household_income,state,1,,,26725.398032414443,20144.89910218312,33305.89696264577
median_household_income,state,2,,,31851.600707158577,4038.762703944325,59664.43871037283
median_household_income,state,3,,,33326.53024596153,18791.431979346322,47861.62851257673
median_household_income,state,4,,,28427.928993837388,20243.801088982116,36612.05689869266
median_household_income,state,5,,,26390.916990115424,18463.823850127286,34318.01013010356
persons,county,0,,,3994.2776415628414,2976.9377719365316,5011.617511189152
persons,county,1,,,6899.793106450786,5188.571447469467,8611.014765432104
persons,county,2,,,6212.90140480908,4511.639314564101,7914.163495054059
persons,county,3,,,2634.2545967904234,1930.4765481265551,3338.032645454292
persons,county,4,,,4410.34680334305,3194.581536828249,5626.112069857851
persons,county,5,,,3653.3767386407494,2696.92713169247,4609.826345589028
persons,county,6,,,4675.816677517789,3484.8892668630697,5866.744088172508
persons,county,7,,,3567.4398753173705,2682.6770588715726,4452.202691763168
persons,county,8,,,3748.9719247209014,2794.111258691696,4703.832590750107
persons,county,9,,,4371.811870882898,3166.6692230694284,5576.954518696368
persons,county,10,,,1385.1319956188584,1005.8450247508326,1764.418966486884
persons,county,11,,,2767.204275410611,2009.468167434411,3524.940383386811
persons,county,12,,,643.3773814510178,479.5095885477193,807.2451743543162
persons,county,13,,,1632.9452857804442,1205.4421870078181,2060.4483845530704
persons,county,14,,,536.7136771122986,396.20268625598374,677.2246679686134
persons,county,15,,,3128.4915010424847,2309.456213806712,3947.5267882782573
persons,county,16,,,960.5511035933827,722.3242716191521,1198.7779355676132
persons,nation,0,,,55223.40586004499,52729.82731996237,57716.984400127614
persons,state,0,,,13062.443625252548,12078.202954825478,14046.684295679619
persons,state,1,,,11427.78408536154,10877.948670431462,11977.619500291617
persons,state,2,,,10365.237675838549,9062.879494942557,11667.59585673454
persons,state,3,,,2634.2545967904234,2343.5026089334065,2925.0065846474404
persons,state,4,,,8782.15867422595,7644.020993329625,9920.296355122275
persons,state,5,,,8951.527202575977,8086.219168682061,9816.835236469893
tertiary_share_25_plus,county,0,,,0.5432324640085302,0.515608046033955,0.5708568819831054
tertiary_share_25_plus,county,1,,,0.42331322931779325,0.3993487557068587,0.4472777029287278
tertiary_share_25_plus,county,2,,,0.43815866493032385,0.4130587645195386,0.4632585653411091
tertiary_share_25_plus,county,3,,,0.4501727740218403,0.4208441726286986,0.479501375414982
tertiary_share_25_plus,county,4,,,0.4681612685744994,0.44162849615718086,0.49469404099181796
tertiary_share_25_plus,county,5,,,0.4480151520351104,0.4203726396828355,0.47565766438738527
tertiary_share_25_plus,county,6,,,0.48980578764924243,0.4634920161243442,0.5161195591741407
tertiary_share_25_plus,county,7,,,0.41573259506314436,0.3887756420660574,0.4426895480602313
tertiary_share_25_plus,county,8,,,0.49602682113859986,0.46853085572207104,0.5235227865551287
tertiary_share_25_plus,county,9,,,0.45784391534695856,0.4313671008708507,0.48432072982306645
tertiary_share_25_plus,county,10,,,0.40371233710291937,0.3671552793218107,0.44026939488402805
tertiary_share_25_plus,county,11,,,0.4387423098895236,0.4089305201257047,0.46855409965334255
tertiary_share_25_plus,county,12,,,0.46936737651170357,0.41964735679603477,0.5190873962273723
tertiary_share_25_plus,county,13,,,0.39621339126122196,0.3621020510204304,0.4303247315020135
tertiary_share_25_plus,county,14,,,0.42438330571246,0.37161232146132384,0.4771542899635962
tertiary_share_25_plus,county,15,,,0.4183142947614812,0.38950130186850085,0.4471272876544615
tertiary_share_25_plus,county,16,,,0.42132959135116765,0.3803126180777041,0.4623465646246312
tertiary_share_25_plus,nation,0,,,0.453199083419387,0.43255921504248174,0.4738389517962923
tertiary_share_25_plus,state,0,,,0.5069215627457458,0.4844293700717576,0.529413755419734
tertiary_share_25_plus,state,1,,,0.4207800310755125,0.3983209250784592,0.4432391370725658
tertiary_share_25_plus,state,2,,,0.43371133362731384,0.4106002637012605,0.4568224035533672
tertiary_share_25_plus,state,3,,,0.4501727740218403,0.4208441726286986,0.479501375414982
tertiary_share_25_plus,state,4,,,0.46302522754068937,0.4395461487413522,0.4865043063400265
tertiary_share_25_plus,state,5,,,0.4267682908640777,0.40337335117841083,0.45016323054974455
person_years_exposure,county,0,male,0-17,2696.2774774982763,2466.414767693487,2884.0935878863565
person_years_exposure,county,0,male,18-44,4010.7059299729613,3649.1181423358394,4274.4232116742205
person_years_exposure,county,0,male,45-64,2560.4372979067534,2329.2025761975838,2744.2097586295927
person_years_exposure,county,0,male,65-74,760.3542460187158,636.4934179143713,859.9836295417374
person_years_exposure,county,0,male,75-84,182.81097572799288,112.93375309578663,240.21560200414717
person_years_exposure,county,0,male,85+,11.758894932810833,4.17380388483159,20.59479094697262
person_years_exposure,county,0,male,18-64,6571.143227879715,5998.055310244216,7012.429373588051
person_years_exposure,county,0,male,65+,954.9241166795194,766.6503450388315,1109.014207493956
mortality_rate,county,0,male,0-17,0.0007761713899868222,0.0,0.0021014684093992953
mortality_rate,county,0,male,18-44,0.002922475895989966,0.0007688607793804841,0.00641970875330784
mortality_rate,county,0,male,45-64,0.012466017838962293,0.004274214738776441,0.02594727706131498
mortality_rate,county,0,male,65-74,0.06465922124505943,0.02301735759708129,0.13964560786311
mortality_rate,county,0,male,75-84,0.17096852181449435,0.06362656761218213,0.412031783784436
mortality_rate,county,0,male,85+,0.2631259987491968,0.060785718109649216,0.8736112117200153
qualifying_event_rate,county,0,male,0-17,0.015440124290778456,0.007992784321757655,0.025697641594739865
qualifying_event_rate,county,0,male,18-44,0.017349195065946683,0.00915633684576442,0.028776160815529202
qualifying_event_rate,county,0,male,45-64,0.03066569065729157,0.01687578983595439,0.04928310072318136
qualifying_event_rate,county,0,male,65-74,0.053397687008036994,0.028451802731063583,0.08485957116075091
qualifying_event_rate,county,0,male,75-84,0.05843926995184047,0.023943128035028592,0.10572226738990574
qualifying_event_rate,county,0,male,85+,0.04014413437696935,0.0,0.17522516572953856
person_years_exposure,county,0,female,0-17,2710.00695938161,2466.9517537159395,2908.1701375379926
person_years_exposure,county,0,female,18-44,4177.033174366224,3830.5944473298887,4441.939169653784
person_years_exposure,county,0,female,45-64,2528.4062150825102,2294.2638731001066,2702.9113538106612
person_years_exposure,county,0,female,65-74,611.9073615036752,508.51685157356013,692.9647142546839
person_years_exposure,county,0,female,75-84,126.14795040971036,76.64753647116108,169.07032342733498
person_years_exposure,county,0,female,85+,9.295979055875417,3.069376742962011,16.61250696209314
person_years_exposure,county,0,female,18-64,6705.439389448734,6112.100659482053,7140.197000556778
person_years_exposure,county,0,female,65+,747.351290969261,592.785554836976,872.8392797644584
mortality_rate,county,0,female,0-17,0.00425308092525344,0.0011211507688885813,0.009015379734784097
mortality_rate,county,0,female,18-44,0.0016651930008445193,0.00025052886669496425,0.003707149410647232
mortality_rate,county,0,female,45-64,0.008879381588222112,0.0027629083518191963,0.01861253350819452
mortality_rate,county,0,female,65-74,0.06518221731301829,0.022060646493701652,0.14241055445486214
mortality_rate,county,0,female,75-84,0.18749255170635903,0.06831176462180934,0.4422493598138396
mortality_rate,county,0,female,85+,0.296372422714214,0.06940015673427113,0.988122919695358
qualifying_event_rate,county,0,female,0-17,0.015866217038631336,0.008252258532547378,0.02605652862143238
qualifying_event_rate,county,0,female,18-44,0.018964847433135236,0.010570242261930518,0.031058202890759088
qualifying_event_rate,county,0,female,45-64,0.030531214501654302,0.016669240747453337,0.049715535942507015
qualifying_event_rate,county,0,female,65-74,0.05951135096601918,0.030697701160995853,0.09566139990791711
qualifying_event_rate,county,0,female,75-84,0.05603679336217063,0.018533324487738943,0.1041570205776072
qualifying_event_rate,county,0,female,85+,0.07265118603117941,0.0,0.2496916693927173
person_years_exposure,county,1,male,0-17,4586.5811117322355,4440.568184043079,4723.914933263823
person_years_exposure,county,1,male,18-44,5583.091385887703,5429.137942432136,5740.140773519351
person_years_exposure,county,1,male,45-64,5359.010332237721,5145.723866297279,5544.216113422938
person_years_exposure,county,1,male,65-74,1293.1335267427976,1086.8455473724314,1442.1730603374826
person_years_exposure,county,1,male,75-84,338.23992558655715,197.08809149082145,448.7957579132764
person_years_exposure,county,1,male,85+,25.198184965056093,8.907504578564046,43.95981662915035
person_years_exposure,county,1,male,18-64,10942.101718125425,10593.318642544618,11277.203287417055
person_years_exposure,county,1,male,65+,1656.5716372944107,1300.4503385384562,1922.7823891261535
mortality_rate,county,1,male,0-17,0.0008277160321091979,0.0,0.0020029216849995883
mortality_rate,county,1,male,18-44,0.0026903567887975313,0.0007179940077856726,0.005579104654344626
mortality_rate,county,1,male,45-64,0.012974097081740014,0.004685265651551212,0.026193590961760025
mortality_rate,county,1,male,65-74,0.07211963772404113,0.026537818296772864,0.15662195579881455
mortality_rate,county,1,male,75-84,0.1869103629587829,0.07115189886193184,0.4601469648965176
mortality_rate,county,1,male,85+,0.21592567468677534,0.06597170680353213,0.6188875307887575
qualifying_event_rate,county,1,male,0-17,0.021475371907038965,0.011546577585331098,0.034966734623021314
qualifying_event_rate,county,1,male,18-44,0.03593509265442559,0.02044389241504125,0.05718908884364096
qualifying_event_rate,county,1,male,45-64,0.04933608292085521,0.028556712556649485,0.07688648973942065
qualifying_event_rate,county,1,male,65-74,0.07584562546974111,0.044380372352134455,0.11626835225017897
qualifying_event_rate,county,1,male,75-84,0.09559927412891144,0.05318902267942175,0.15418399306532526
qualifying_event_rate,county,1,male,85+,0.05718967055562815,0.0,0.15447921881031584
person_years_exposure,county,1,female,0-17,4510.860806527014,4361.644169913278,4647.942661515276
person_years_exposure,county,1,female,18-44,5766.342037031641,5594.9173467644005,5947.933455153599
person_years_exposure,county,1,female,45-64,5229.460213925635,4996.150536126458,5432.577799976209
person_years_exposure,county,1,female,65-74,1481.2789613403193,1248.840363862339,1646.9931402583877
person_years_exposure,county,1,female,75-84,374.4997921595461,225.47315129335448,493.21963156225
person_years_exposure,county,1,female,85+,14.914902670249642,6.475614471806812,24.274379833698845
person_years_exposure,county,1,female,18-64,10995.802250957277,10625.793988762098,11360.020542565402
person_years_exposure,county,1,female,65+,1870.693656170115,1486.7809319590697,2151.1761243673573
mortality_rate,county,1,female,0-17,0.004624688949571353,0.0013402610702215063,0.009635106256267137
mortality_rate,county,1,female,18-44,0.0020525902598196944,0.0005237547667821524,0.004248883904850945
mortality_rate,county,1,female,45-64,0.015783383148982828,0.0056438565056187145,0.03239765874061512
mortality_rate,county,1,female,65-74,0.0665236752999871,0.02486848060900737,0.14194141274211539
mortality_rate,county,1,female,75-84,0.17593118258988452,0.06758573624252774,0.4254544607291501
mortality_rate,county,1,female,85+,0.21529475675239093,0.055134449903291444,0.5954992090405301
qualifying_event_rate,county,1,female,0-17,0.022734842713193315,0.01261377629543838,0.036673449481146786
qualifying_event_rate,county,1,female,18-44,0.03644905782994342,0.02091776508218145,0.0579753020720194
qualifying_event_rate,county,1,female,45-64,0.05180162390921906,0.030728921306561702,0.08091154632577297
qualifying_event_rate,county,1,female,65-74,0.08594494227865344,0.05179745713668983,0.12892369105615661
qualifying_event_rate,county,1,female,75-84,0.09203023136304067,0.05197346952376507,0.14854032234846015
qualifying_event_rate,county,1,female,85+,0.05994168892673316,0.0,0.1641060073922331
person_years_exposure,county,2,male,0-17,3761.4799338368025,3293.438322714113,4236.586843158686
person_years_exposure,county,2,male,18-44,5196.872437914303,4567.190241800117,5824.115751824801
person_years_exposure,county,2,male,45-64,4427.469964173502,3888.741562998184,4995.450153319847
person_years_exposure,county,2,male,65-74,1334.5999422875457,1100.5763087381797,1566.230965666015
person_years_exposure,county,2,male,75-84,330.64451723802307,197.03832339986812,448.89133022957935
person_years_exposure,county,2,male,85+,29.68101529766805,12.570235272714593,48.62279378027716
person_years_exposure,county,2,male,18-64,9624.342402087805,8456.199365087588,10807.284117748231
person_years_exposure,county,2,male,65+,1694.9254748232368,1323.6942879952896,2045.1596282126568
mortality_rate,county,2,male,0-17,0.00186421492460213,0.0002981489662425399,0.004204270094530231
mortality_rate,county,2,male,18-44,0.002865774864435029,0.0007887754108380142,0.006335948804117135
mortality_rate,county,2,male,45-64,0.014956892297881875,0.005457888442303077,0.03070681861498496
mortality_rate,county,2,male,65-74,0.06111035376451831,0.02289735288991674,0.1318790371887836
mortality_rate,county,2,male,75-84,0.18623768055126202,0.07499107741138664,0.4559788575572191
mortality_rate,county,2,male,85+,0.21045341189154154,0.06375937383799225,0.5827853446538053
qualifying_event_rate,county,2,male,0-17,0.018613980271810684,0.0098422028788384,0.0310439477631514
qualifying_event_rate,county,2,male,18-44,0.027389144591381476,0.015150814530460832,0.04376325889421786
qualifying_event_rate,county,2,male,45-64,0.04223785535548167,0.023650861519705378,0.06665694712432649
qualifying_event_rate,county,2,male,65-74,0.07171080996808785,0.04187521282119602,0.11255605818457895
qualifying_event_rate,county,2,male,75-84,0.07202802385882347,0.03661313986560753,0.12073113436557077
qualifying_event_rate,county,2,male,85+,0.07641262774702946,0.0,0.1812841911864893
person_years_exposure,county,2,female,0-17,3957.8655161887737,3448.387889828982,4492.0422896751725
person_years_exposure,county,2,female,18-44,5311.666928926253,4661.4838252107575,5964.030319967523
person_years_exposure,county,2,female,45-64,4229.966189836027,3700.891929799663,4782.658330115519
person_years_exposure,county,2,female,65-74,1046.080488606418,847.3718543884281,1235.0212461901071
person_years_exposure,county,2,female,75-84,366.07597085079396,213.13135290807315,496.6276371387414
person_years_exposure,county,2,female,85+,19.15319801254454,6.243642619544594,34.380276809501126
person_years_exposure,county,2,female,18-64,9541.63311876228,8366.699495695148,10741.467677448214
person_years_exposure,county,2,female,65+,1431.3096574697565,1080.5686424803293,1749.3451025188447
mortality_rate,county,2,female,0-17,0.01755343146693122,0.006473933269150199,0.03604748619045529
mortality_rate,county,2,female,18-44,0.001970989224538283,0.0005139478728690315,0.004332337449924333
mortality_rate,county,2,female,45-64,0.015115138175602881,0.005468361168677258,0.030917656134865218
mortality_rate,county,2,female,65-74,0.06678335546366097,0.024377335460842912,0.14589847603691392
mortality_rate,county,2,female,75-84,0.18239469261903302,0.06963239919792295,0.4508524853247851
mortality_rate,county,2,female,85+,0.2392236096125095,0.06981512446690039,0.7061707632668914
qualifying_event_rate,county,2,female,0-17,0.01585253143224977,0.008484148864251789,0.02636268632971289
qualifying_event_rate,county,2,female,18-44,0.028224830442786505,0.015437969384713679,0.04535212268834085
qualifying_event_rate,county,2,female,45-64,0.03870277407290487,0.021827287753746438,0.06129355511255212
qualifying_event_rate,county,2,female,65-74,0.07124753679810608,0.04019568991187942,0.11241120272592078
qualifying_event_rate,county,2,female,75-84,0.07433982205002133,0.03889001019625161,0.11986877816567001
qualifying_event_rate,county,2,female,85+,0.07168660694623673,0.0,0.20227252623116068
person_years_exposure,county,3,male,0-17,1973.2076939293831,1772.9540418998045,2200.3264880308448
person_years_exposure,county,3,male,18-44,2477.204256939347,2243.181401937783,2754.7445510297093
person_years_exposure,county,3,male,45-64,1840.5819399264194,1658.659237624356,2052.9255366206953
person_years_exposure,county,3,male,65-74,490.45011462395405,399.91546146338055,574.6251788408308
person_years_exposure,county,3,male,75-84,93.42595751320334,56.31127724248307,126.99230075649615
person_years_exposure,county,3,male,85+,6.208870846064637,4.081616038729494,9.356998444475574
person_years_exposure,county,3,male,18-64,4317.786196865766,3904.2755289763386,4803.5625141017845
person_years_exposure,county,3,male,65+,590.084942983222,463.7299619866016,703.882793064747
mortality_rate,county,3,male,0-17,0.0027403230684410218,0.0004900379831802229,0.0062582293428982295
mortality_rate,county,3,male,18-44,0.0022488257743157906,0.00038952729165226145,0.005325019292125536
mortality_rate,county,3,male,45-64,0.014034708637330584,0.0046327350180722935,0.030320603826483907
mortality_rate,county,3,male,65-74,0.07086541462190644,0.024788695993038245,0.15946475300654
mortality_rate,county,3,male,75-84,0.17649439881269918,0.06069566762700044,0.4324005437681789
mortality_rate,county,3,male,85+,0.01659237483488801,0.0,0.23403738860671303
qualifying_event_rate,county,3,male,0-17,0.02918565321122805,0.015069495780193157,0.047615791940327654
qualifying_event_rate,county,3,male,18-44,0.04551193699893868,0.024841582451290676,0.07156477372966107
qualifying_event_rate,county,3,male,45-64,0.056747666704219386,0.03216460981504987,0.08922925536790213
qualifying_event_rate,county,3,male,65-74,0.08309184197964194,0.045745084306677786,0.13023687229930098
qualifying_event_rate,county,3,male,75-84,0.10744534720189532,0.04815776957230996,0.18480318311598976
qualifying_event_rate,county,3,male,85+,0.07580316642839134,0.0,0.21217039214183953
person_years_exposure,county,3,female,0-17,1709.702918941782,1544.8388190262885,1900.9346385151596
person_years_exposure,county,3,female,18-44,2385.399407966134,2157.36637615476,2654.831818862649
person_years_exposure,county,3,female,45-64,1777.8815565882364,1607.3639700038111,1985.2367498178755
person_years_exposure,county,3,female,65-74,484.67816838611094,399.2097101212589,562.8782829707818
person_years_exposure,county,3,female,75-84,151.77623738026517,89.12016763007146,208.26915439990177
person_years_exposure,county,3,female,85+,10.923638007084127,2.0426471596017657,27.674105935286782
person_years_exposure,county,3,female,18-64,4163.28096455437,3771.097380787883,4635.003243461314
person_years_exposure,county,3,female,65+,647.3780437734603,495.953116173189,781.9719014683408
mortality_rate,county,3,female,0-17,0.0008559258395345995,0.0,0.0024123594048854374
mortality_rate,county,3,female,18-44,0.0022117381636932573,0.00040937767025174033,0.005100250327658666
mortality_rate,county,3,female,45-64,0.0144931419915268,0.004830234678852724,0.030995179313316024
mortality_rate,county,3,female,65-74,0.06835299176161033,0.02403340749353621,0.1536341767479806
mortality_rate,county,3,female,75-84,0.17107762212769517,0.06493260982858862,0.4187480439357959
mortality_rate,county,3,female,85+,0.18908098845789578,0.0,0.7049302803903463
qualifying_event_rate,county,3,female,0-17,0.02385111463559978,0.012488904023667455,0.038956097808727
qualifying_event_rate,county,3,female,18-44,0.04222731152269996,0.023716235852320834,0.06720300593851913
qualifying_event_rate,county,3,female,45-64,0.06016668426805917,0.03504470364795917,0.0935402706545306
qualifying_event_rate,county,3,female,65-74,0.10324504825408878,0.06102433707374396,0.15728033165321226
qualifying_event_rate,county,3,female,75-84,0.09526037794312182,0.04953502464938736,0.15494563869431627
qualifying_event_rate,county,3,female,85+,0.05565536713825679,0.0,0.20268680321582247
person_years_exposure,county,4,male,0-17,2941.751203608611,2569.223975859857,3339.4151465559826
person_years_exposure,county,4,male,18-44,3863.5430377927505,3380.3870246579677,4362.147348792057
person_years_exposure,county,4,male,45-64,3112.0268325895654,2716.4991266217585,3532.6181479203415
person_years_exposure,county,4,male,65-74,854.0379975872971,702.0135030930479,1005.8210490664673
person_years_exposure,county,4,male,75-84,223.6483844066861,133.57963424191644,305.11133353468574
person_years_exposure,county,4,male,85+,12.205980712924243,4.221978516727982,21.682048105476408
person_years_exposure,county,4,male,18-64,6975.569870382316,6095.932973391946,7892.641649257454
person_years_exposure,county,4,male,65+,1089.8923627069073,850.411987757658,1316.0441078824044
mortality_rate,county,4,male,0-17,0.001090675543810155,0.0,0.0027603603684270084
mortality_rate,county,4,male,18-44,0.0027594186756078496,0.0006988073707595241,0.006067751526105828
mortality_rate,county,4,male,45-64,0.013834777633624687,0.004822312349316984,0.02880949446894968
mortality_rate,county,4,male,65-74,0.058998980904246996,0.020725604093950196,0.1281489904709395
mortality_rate,county,4,male,75-84,0.19127144382389513,0.07190195624418384,0.45479463826652405
mortality_rate,county,4,male,85+,0.1921084418254616,0.0,0.6678331045434114
qualifying_event_rate,county,4,male,0-17,0.022744012641322524,0.012093124222042237,0.03717941784509149
qualifying_event_rate,county,4,male,18-44,0.035879646541467115,0.019982587492033296,0.05711616213251594
qualifying_event_rate,county,4,male,45-64,0.055859081649642865,0.03189989146464753,0.08785137998538205
qualifying_event_rate,county,4,male,65-74,0.09133161326189478,0.053701047532254464,0.13895232864264326
qualifying_event_rate,county,4,male,75-84,0.09716309829419072,0.05110514985978468,0.1608962260198169
qualifying_event_rate,county,4,male,85+,0.07619731330382683,0.0,0.2276271145858826
person_years_exposure,county,4,female,0-17,2811.3506944250435,2451.287678556614,3188.686399656045
person_years_exposure,county,4,female,18-44,3844.2495893021046,3364.6947105477257,4340.550078275939
person_years_exposure,county,4,female,45-64,3095.5680440276224,2700.9581852538545,3514.65600968247
person_years_exposure,county,4,female,65-74,802.487361368497,651.0256440660618,948.0141071391404
person_years_exposure,county,4,female,75-84,175.65313829461041,104.89613114430588,237.42042863681255
person_years_exposure,county,4,female,85+,16.57857435233299,5.584661668023881,29.033195772112247
person_years_exposure,county,4,female,18-64,6939.817633329727,6069.830574112488,7852.44926360177
person_years_exposure,county,4,female,65+,994.7190740154405,771.0077464060279,1204.083164087167
mortality_rate,county,4,female,0-17,0.009635361024139293,0.0032007214767351046,0.020629984366665
mortality_rate,county,4,female,18-44,0.001975607042694324,0.00030082082913325824,0.004405542634533884
mortality_rate,county,4,female,45-64,0.012865072408304857,0.004300305183015079,0.026552792428251076
mortality_rate,county,4,female,65-74,0.06858918023127135,0.025052151298364942,0.15147863925877214
mortality_rate,county,4,female,75-84,0.18530873735253153,0.07017435758882312,0.4466481431467643
mortality_rate,county,4,female,85+,0.24721485594306317,0.07954934003134205,0.7408348922945243
qualifying_event_rate,county,4,female,0-17,0.022501382509551096,0.012083547701174098,0.03725284331372954
qualifying_event_rate,county,4,female,18-44,0.03826331942893016,0.021589657201237733,0.06135791743106976
qualifying_event_rate,county,4,female,45-64,0.05630529599770113,0.03275289799202061,0.08730207010034359
qualifying_event_rate,county,4,female,65-74,0.09462292134882316,0.05589945765769445,0.14322378869588806
qualifying_event_rate,county,4,female,75-84,0.0915744248569167,0.046557855273335745,0.15457302223063754
qualifying_event_rate,county,4,female,85+,0.05325951557805234,0.0,0.17158400070105248
person_years_exposure,county,5,male,0-17,2077.690654847574,1840.608017081048,2279.240265032764
person_years_exposure,county,5,male,18-44,2992.771710682581,2668.41041556514,3230.172892810629
person_years_exposure,county,5,male,45-64,2839.8260393994037,2530.158465408173,3088.0458596016933
person_years_exposure,county,5,male,65-74,716.0235082415884,573.6206152197853,828.2067129741984
person_years_exposure,county,5,male,75-84,187.23441628004318,106.41461965848553,256.0445674700593
person_years_exposure,county,5,male,85+,10.810644641467386,3.3567250794982795,19.07302928232899
person_years_exposure,county,5,male,18-64,5832.5977500819845,5209.9563044714305,6300.88025038946
person_years_exposure,county,5,male,65+,914.068569163099,692.2461813541727,1090.4715491833833
mortality_rate,county,5,male,0-17,0.019633567862268057,0.006502955292854609,0.041711149175621985
mortality_rate,county,5,male,18-44,0.0031256952055880196,0.0006934027655562643,0.007067665613154723
mortality_rate,county,5,male,45-64,0.014983587254872515,0.005252117078597591,0.0314636949752263
mortality_rate,county,5,male,65-74,0.07139259697256779,0.02536740751965549,0.15809677031033478
mortality_rate,county,5,male,75-84,0.1895117771526015,0.07296657784003761,0.47242985218070493
mortality_rate,county,5,male,85+,0.24959603235264452,0.05591778128371062,0.8296693853529953
qualifying_event_rate,county,5,male,0-17,0.014835102537683241,0.007466998978456424,0.025542637184058643
qualifying_event_rate,county,5,male,18-44,0.02254618542959643,0.011991183474813155,0.03768041498474554
qualifying_event_rate,county,5,male,45-64,0.03646583952265655,0.019809174570990674,0.058894696576346585
qualifying_event_rate,county,5,male,65-74,0.06217543331821423,0.034448787126584515,0.09968934627653754
qualifying_event_rate,county,5,male,75-84,0.06397488443651912,0.02784292484249814,0.11619320172495101
qualifying_event_rate,county,5,male,85+,0.060128292484603794,0.0,0.21450095218265022
person_years_exposure,county,5,female,0-17,2089.644838621648,1861.5138676904864,2270.716096789005
person_years_exposure,county,5,female,18-44,2962.5162711036173,2639.1052377750984,3196.2612107559153
person_years_exposure,county,5,female,45-64,2929.474315652082,2609.778789882324,3169.633432568449
person_years_exposure,county,5,female,65-74,791.6902924037142,648.5299626275349,909.0589244324855
person_years_exposure,county,5,female,75-84,158.11051216706065,92.74242857902318,212.69440210768695
person_years_exposure,county,5,female,85+,11.015189874569588,2.9664718723302292,20.236450746328746
person_years_exposure,county,5,female,18-64,5891.990586755699,5256.566279231673,6356.823121520026
person_years_exposure,county,5,female,65+,960.8159944453445,752.2276743618568,1130.690004968733
mortality_rate,county,5,female,0-17,0.013225557874336902,0.004207534097140125,0.028214535565594858
mortality_rate,county,5,female,18-44,0.0024080168376062524,0.0006054418110684132,0.005435800686247368
mortality_rate,county,5,female,45-64,0.013183125962192817,0.00466331048333238,0.02725438413089026
mortality_rate,county,5,female,65-74,0.06575656346610562,0.02323982558082239,0.14552829584405422
mortality_rate,county,5,female,75-84,0.1906776213301563,0.07144293280151637,0.46132615678353456
mortality_rate,county,5,female,85+,0.2538962625451068,0.05734663342379216,0.8826776135312138
qualifying_event_rate,county,5,female,0-17,0.016021151061767408,0.008223080670501622,0.02703300458321301
qualifying_event_rate,county,5,female,18-44,0.024436343898722835,0.013177714188989694,0.04015013604250875
qualifying_event_rate,county,5,female,45-64,0.03197032638231297,0.017651809882301476,0.051608708041921005
qualifying_event_rate,county,5,female,65-74,0.06800073125723093,0.03882191679709028,0.10798091334766911
qualifying_event_rate,county,5,female,75-84,0.07272748885306815,0.03323512607040491,0.12985610698657002
qualifying_event_rate,county,5,female,85+,0.06509970031559671,0.0,0.22282586279360547
person_years_exposure,county,6,male,0-17,3020.027727194936,2763.9696077761428,3234.0368526083003
person_years_exposure,county,6,male,18-44,4196.488916224238,3826.6695289598774,4472.905257994416
person_years_exposure,county,6,male,45-64,3560.429480442871,3241.4336145849934,3809.811007570457
person_years_exposure,county,6,male,65-74,846.8007010317051,704.5896448677934,957.9209841756258
person_years_exposure,county,6,male,75-84,269.4426910197451,165.79879884553768,350.2809812739876
person_years_exposure,county,6,male,85+,12.725475107842499,3.1798151559182237,23.08777888389887
person_years_exposure,county,6,male,18-64,7756.918396667109,7048.617396356729,8273.603682409113
person_years_exposure,county,6,male,65+,1128.9688671592926,879.9227719926772,1321.9991146690136
mortality_rate,county,6,male,0-17,0.0007691167486092659,0.0,0.002015527899564662
mortality_rate,county,6,male,18-44,0.0028971159191548204,0.0007459543008736507,0.006250439173396848
mortality_rate,county,6,male,45-64,0.01278497995292071,0.004376412556320157,0.026348204360282953
mortality_rate,county,6,male,65-74,0.06777409326557426,0.023901180376127075,0.1484355948726064
mortality_rate,county,6,male,75-84,0.17601779787551738,0.06623810569677577,0.42005143028524616
mortality_rate,county,6,male,85+,0.19583140645475136,0.039256635038607005,0.747772747139647
qualifying_event_rate,county,6,male,0-17,0.01737101187104888,0.009078005705948832,0.028722759038178412
qualifying_event_rate,county,6,male,18-44,0.019308715026145028,0.010488100403511148,0.031715549821117926
qualifying_event_rate,county,6,male,45-64,0.03415444480938687,0.019329391114570507,0.054997379613927394
qualifying_event_rate,county,6,male,65-74,0.059408848550400364,0.032064441859769,0.09584318899466537
qualifying_event_rate,county,6,male,75-84,0.064928840843886,0.03090413549199667,0.11275188498681504
qualifying_event_rate,county,6,male,85+,0.03887052801817622,0.0,0.15873709330202612
person_years_exposure,county,6,female,0-17,3104.798807693593,2831.321285347902,3327.623462584145
person_years_exposure,county,6,female,18-44,3905.8624618149365,3587.847279373154,4158.38087575186
person_years_exposure,county,6,female,45-64,3393.6590494332263,3084.5921768645117,3634.654797794382
person_years_exposure,county,6,female,65-74,916.1541430235834,767.9634184041556,1031.5630679267283
person_years_exposure,county,6,female,75-84,272.2075048221318,163.95223971132296,357.4990115561936
person_years_exposure,county,6,female,85+,6.620682120882696,0.43032277592676216,14.6997631532089
person_years_exposure,county,6,female,18-64,7299.521511248163,6650.84866835562,7785.672580242629
person_years_exposure,county,6,female,65+,1194.982329966598,945.256104574342,1393.0385427851552
mortality_rate,county,6,female,0-17,0.0042694745122139315,0.0012125138397825121,0.008987655924142277
mortality_rate,county,6,female,18-44,0.0017135450004145882,0.0002620780684084527,0.003910010579707885
mortality_rate,county,6,female,45-64,0.009690205594384077,0.0032105779137408435,0.020058696258984127
mortality_rate,county,6,female,65-74,0.0661444036041966,0.023510924218303406,0.14281437275445355
mortality_rate,county,6,female,75-84,0.18835433167053528,0.07319981262347124,0.4526950006956331
mortality_rate,county,6,female,85+,0.216516999553826,0.0,1.0093137656231523
qualifying_event_rate,county,6,female,0-17,0.01764940498776045,0.0091999153105676,0.029215866157478225
qualifying_event_rate,county,6,female,18-44,0.02123498171776634,0.01174811267973592,0.03569222970512696
qualifying_event_rate,county,6,female,45-64,0.03460023090367917,0.019281708000641846,0.05559660935589152
qualifying_event_rate,county,6,female,65-74,0.06596929824203442,0.03780025069235939,0.10408657411252221
qualifying_event_rate,county,6,female,75-84,0.06273754743395744,0.03061743033783618,0.10752010092084582
qualifying_event_rate,county,6,female,85+,0.07077071621196528,0.0,0.2765035394355093
person_years_exposure,county,7,male,0-17,2160.3085206066407,2087.981785991311,2233.7476635359562
person_years_exposure,county,7,male,18-44,2519.647032360041,2447.4436214269454,2592.2333950121674
person_years_exposure,county,7,male,45-64,2923.2180305258953,2811.0646632584453,3026.4437479201674
person_years_exposure,county,7,male,65-74,770.3133664764005,643.4159580608136,859.7155158283069
person_years_exposure,county,7,male,75-84,243.10768344383862,142.64490209855654,323.2989298427017
person_years_exposure,county,7,male,85+,8.92408576700993,2.3410051095178472,16.773608730653017
person_years_exposure,county,7,male,18-64,5442.865062885936,5271.48107040989,5609.791930940438
person_years_exposure,county,7,male,65+,1022.345135687249,794.3353548657948,1192.1556501849318
mortality_rate,county,7,male,0-17,0.0008426169144992468,0.0,0.0023115749135009978
mortality_rate,county,7,male,18-44,0.00270995298639286,0.0004009144231056994,0.006039718315416293
mortality_rate,county,7,male,45-64,0.012760177605804342,0.004333685850704825,0.025955956911418197
mortality_rate,county,7,male,65-74,0.06966966049716466,0.02517689910773638,0.1565599803473058
mortality_rate,county,7,male,75-84,0.18683813121154816,0.07281651939191026,0.4550323997771982
mortality_rate,county,7,male,85+,0.17554980181999447,0.0,0.6802762492569854
qualifying_event_rate,county,7,male,0-17,0.014531299369654258,0.007085623601082428,0.024536671663494204
qualifying_event_rate,county,7,male,18-44,0.024798860394931458,0.01330960294705897,0.04047635749793487
qualifying_event_rate,county,7,male,45-64,0.034234431365096046,0.01919482862191432,0.05434061618850821
qualifying_event_rate,county,7,male,65-74,0.05299632542791583,0.02874013527983701,0.084955351839145
qualifying_event_rate,county,7,male,75-84,0.0698681806822661,0.0332285804335505,0.11872738025018399
qualifying_event_rate,county,7,male,85+,0.03658461654898089,0.0,0.16453083183410608
person_years_exposure,county,7,female,0-17,2208.081004302851,2131.8207644421636,2283.9162718294147
person_years_exposure,county,7,female,18-44,2803.6028755943253,2718.467910092677,2891.8392342640377
person_years_exposure,county,7,female,45-64,3091.295435899403,2953.289606678509,3214.29843927383
person_years_exposure,county,7,female,65-74,817.7435825808296,686.9793854516297,911.2239867994773
person_years_exposure,county,7,female,75-84,228.31685407823434,136.38226692675664,302.16993812074065
person_years_exposure,county,7,female,85+,5.500246722105785,1.343282909437725,10.391938301463004
person_years_exposure,county,7,female,18-64,5894.898311493728,5687.052958210947,6091.1297784624385
person_years_exposure,county,7,female,65+,1051.5606833811698,834.4119962730326,1215.2711907986288
mortality_rate,county,7,female,0-17,0.004575478582562143,0.0009261954984067559,0.010121231733699504
mortality_rate,county,7,female,18-44,0.002043269278565579,0.0003534935920441359,0.004676616946487454
mortality_rate,county,7,female,45-64,0.015563168438639524,0.005423617828416058,0.032073401025528574
mortality_rate,county,7,female,65-74,0.0668027076953171,0.02411888749992224,0.1456042920990397
mortality_rate,county,7,female,75-84,0.17605542665426085,0.06486300207973772,0.4230540952941889
mortality_rate,county,7,female,85+,0.22875713091734817,0.0,0.9362903480153272
qualifying_event_rate,county,7,female,0-17,0.015482458918346423,0.007584663738178089,0.026114280429617782
qualifying_event_rate,county,7,female,18-44,0.025253672746444557,0.013470281367564667,0.040673311586080604
qualifying_event_rate,county,7,female,45-64,0.03636170902686504,0.020300552509795775,0.0583100906317536
qualifying_event_rate,county,7,female,65-74,0.06199090996036844,0.0342992884897096,0.09813701753499504
qualifying_event_rate,county,7,female,75-84,0.06653085013427618,0.03254175421116691,0.11646571279442315
qualifying_event_rate,county,7,female,85+,0.05023431056182157,0.0,0.26975537498521185
person_years_exposure,county,8,male,0-17,2378.6617438518306,2180.944293027158,2542.592897602967
person_years_exposure,county,8,male,18-44,3326.838932539564,3036.5066214057924,3543.6302715003417
person_years_exposure,county,8,male,45-64,2806.794058153231,2543.257979087887,3009.7290809752512
person_years_exposure,county,8,male,65-74,730.9561301616085,607.3270550375853,825.7392200774193
person_years_exposure,county,8,male,75-84,242.38845901170512,149.6063370227561,315.3517966277793
person_years_exposure,county,8,male,85+,11.638946118243469,4.207673461760004,19.591141910717
person_years_exposure,county,8,male,18-64,6133.632990692795,5579.623388236905,6539.130920159231
person_years_exposure,county,8,male,65+,984.983535291557,771.9233922442187,1154.4972773281715
mortality_rate,county,8,male,0-17,0.0007812789869360095,0.0,0.002109629892612122
mortality_rate,county,8,male,18-44,0.0028344286246529482,0.0006071119415744996,0.006228760603181264
mortality_rate,county,8,male,45-64,0.012909349944466743,0.004400180630885467,0.026916705566921863
mortality_rate,county,8,male,65-74,0.06721813793525526,0.02429822130662084,0.14855220417039455
mortality_rate,county,8,male,75-84,0.16794060589283955,0.06349364710800619,0.3993103943840213
mortality_rate,county,8,male,85+,0.2102603491355627,0.039857319038528016,0.7801218783700447
qualifying_event_rate,county,8,male,0-17,0.018000618592858297,0.009223248626696,0.03016194824016947
qualifying_event_rate,county,8,male,18-44,0.01981825097132679,0.010602568884340044,0.03305947770866391
qualifying_event_rate,county,8,male,45-64,0.035504148137187504,0.01989014735856449,0.05696345478303564
qualifying_event_rate,county,8,male,65-74,0.06138735605901272,0.03392635509953712,0.09759717954916255
qualifying_event_rate,county,8,male,75-84,0.06514440028199164,0.030076995442267794,0.11318208989686347
qualifying_event_rate,county,8,male,85+,0.044432417400715934,0.0,0.17605519844075276
person_years_exposure,county,8,female,0-17,2405.528718310889,2193.527024235044,2578.5017996951565
person_years_exposure,county,8,female,18-44,3007.7335360347615,2759.8341943226446,3200.5583344980914
person_years_exposure,county,8,female,45-64,2929.803596464404,2668.701381624326,3134.872289126449
person_years_exposure,county,8,female,65-74,806.2957506242687,672.3928317738106,913.4866984841674
person_years_exposure,county,8,female,75-84,169.65668686469402,105.7628994461698,225.11235900767608
person_years_exposure,county,8,female,85+,18.05732670209041,6.691433011786845,30.231533831710095
person_years_exposure,county,8,female,18-64,5937.537132499166,5427.13011903246,6332.2224537216125
person_years_exposure,county,8,female,65+,994.0097641910533,792.9562607954587,1159.8294143630083
mortality_rate,county,8,female,0-17,0.004265077172807228,0.0008765333332606887,0.009256709551905388
mortality_rate,county,8,female,18-44,0.0017003693150432367,0.0003216827989080786,0.004033688887629815
mortality_rate,county,8,female,45-64,0.00922596773043739,0.00296347033842574,0.019423396195864716
mortality_rate,county,8,female,65-74,0.06822288192145828,0.024341128316369153,0.14521843972570844
mortality_rate,county,8,female,75-84,0.18056227931939486,0.06768793097205604,0.43809669869926093
mortality_rate,county,8,female,85+,0.29688810396679194,0.10050117451135426,0.8974533603777453
qualifying_event_rate,county,8,female,0-17,0.01832326843657474,0.009404537734059408,0.030657717195750483
qualifying_event_rate,county,8,female,18-44,0.022022493739945605,0.011868816051218561,0.03603325014758489
qualifying_event_rate,county,8,female,45-64,0.03536326530557551,0.019269851129399503,0.05620974927592613
qualifying_event_rate,county,8,female,65-74,0.06851889439125419,0.03839826042325965,0.10877348038059016
qualifying_event_rate,county,8,female,75-84,0.06226597124636758,0.026102724607562,0.10992205110453294
qualifying_event_rate,county,8,female,85+,0.09062518598805647,0.0,0.23306906010049308
person_years_exposure,county,9,male,0-17,2796.9974047822816,2437.700627541881,3158.370376706715
person_years_exposure,county,9,male,18-44,3603.4730515404995,3150.404868648494,4076.4427671641106
person_years_exposure,county,9,male,45-64,3520.0446554876958,3076.264762499301,3995.6225964045802
person_years_exposure,county,9,male,65-74,752.4119681727672,616.4725390350023,890.3786679407494
person_years_exposure,county,9,male,75-84,244.4704167405986,144.48255095347577,329.1739930851814
person_years_exposure,county,9,male,85+,16.323225272120666,4.601530682660823,29.222579599949977
person_years_exposure,county,9,male,18-64,7123.517707028195,6234.55549759121,8069.11827582346
person_years_exposure,county,9,male,65+,1013.2056101854864,775.4703581921299,1234.7819879787003
mortality_rate,county,9,male,0-17,0.0010572163009318829,0.0,0.0025706778144585054
mortality_rate,county,9,male,18-44,0.0028282176956042817,0.0006123585415995876,0.006280658063407559
mortality_rate,county,9,male,45-64,0.013311737418785082,0.004675903895358364,0.027574682782192394
mortality_rate,county,9,male,65-74,0.0624469748315926,0.02186905534756675,0.13640104477598583
mortality_rate,county,9,male,75-84,0.19008716070565135,0.07713807290496481,0.4530267883869369
mortality_rate,county,9,male,85+,0.18694076321886857,0.03788720626341404,0.6339086381029974
qualifying_event_rate,county,9,male,0-17,0.024416529179910315,0.013113308422907602,0.04003747626176829
qualifying_event_rate,county,9,male,18-44,0.03835898977471414,0.02134840532873153,0.0618951326942692
qualifying_event_rate,county,9,male,45-64,0.05900956633317803,0.034148414589966626,0.09202843168068277
qualifying_event_rate,county,9,male,65-74,0.09926978146424795,0.058647445395297385,0.14821614025168964
qualifying_event_rate,county,9,male,75-84,0.10310198681095112,0.05609771225796543,0.17059392080348787
qualifying_event_rate,county,9,male,85+,0.07635582540871845,0.0,0.21204107807143702
person_years_exposure,county,9,female,0-17,2693.502924859546,2351.566814646813,3047.250425204705
person_years_exposure,county,9,female,18-44,3570.8115027985145,3121.801516591917,4027.8727251902683
person_years_exposure,county,9,female,45-64,3195.054394947566,2792.5398027798897,3624.3830823656176
person_years_exposure,county,9,female,65-74,871.232098203331,704.278761529316,1029.8876821503716
person_years_exposure,county,9,female,75-84,208.3926707043411,125.44654226154898,279.47152091703884
person_years_exposure,county,9,female,85+,14.060195669699956,3.8907904160295215,25.246874092907447
person_years_exposure,county,9,female,18-64,6765.86589774608,5912.621356389558,7655.992938735244
person_years_exposure,county,9,female,65+,1093.684964577372,841.5876730776378,1318.4445931382038
mortality_rate,county,9,female,0-17,0.009586508640545272,0.0031729772440039945,0.02039880500874505
mortality_rate,county,9,female,18-44,0.00201667656479663,0.0003034183177842657,0.004556812874340378
mortality_rate,county,9,female,45-64,0.013473123759433351,0.004713022656501542,0.028523378527529328
mortality_rate,county,9,female,65-74,0.06619581163421111,0.02426725509742461,0.14586710362749938
mortality_rate,county,9,female,75-84,0.18611147592111554,0.06909149214806795,0.4595799924824496
mortality_rate,county,9,female,85+,0.24329546350797557,0.05094996008815222,0.8738417120937427
qualifying_event_rate,county,9,female,0-17,0.024151722195880743,0.012674026049978984,0.040147360687148366
qualifying_event_rate,county,9,female,18-44,0.041125132911989534,0.023301783330970296,0.06619250876080625
qualifying_event_rate,county,9,female,45-64,0.06041945869106809,0.03525245532873536,0.09456882604039185
qualifying_event_rate,county,9,female,65-74,0.0990434565328159,0.05871481164755662,0.148200817968305
qualifying_event_rate,county,9,female,75-84,0.09896325663692304,0.05191028975590052,0.1659981321078196
qualifying_event_rate,county,9,female,85+,0.056249956298423616,0.0,0.1930188451002627
person_years_exposure,county,10,male,0-17,714.3851771946495,623.2901478947073,808.9215242151743
person_years_exposure,county,10,male,18-44,944.021445785233,827.9466058625345,1060.8299970713172
person_years_exposure,county,10,male,45-64,1092.866815195756,954.7458081111141,1233.850109483367
person_years_exposure,county,10,male,65-74,283.3808672017062,229.25762074669152,335.39205502547253
person_years_exposure,county,10,male,75-84,107.10846675362963,63.07120309808304,146.8830328331057
person_years_exposure,county,10,male,85+,7.503471523497825,1.8939230819962454,13.433238495187778
person_years_exposure,county,10,male,18-64,2036.8882609809891,1788.183923346565,2292.6571798110367
person_years_exposure,county,10,male,65+,397.99280547883365,302.6600321186407,485.706030194671
mortality_rate,county,10,male,0-17,0.0018386111644392578,0.0,0.005644848709267239
mortality_rate,county,10,male,18-44,0.002725260807686459,0.0,0.0071302026983136296
mortality_rate,county,10,male,45-64,0.014958507315524793,0.004436125271830595,0.03258136116070224
mortality_rate,county,10,male,65-74,0.06513888850601655,0.020146727294852604,0.14716802350276223
mortality_rate,county,10,male,75-84,0.17786761511404334,0.06254525919213463,0.4395327294768429
mortality_rate,county,10,male,85+,0.1688676179239841,0.0,0.7857205216546315
qualifying_event_rate,county,10,male,0-17,0.020023774228034384,0.008244164762767554,0.03554748414723894
qualifying_event_rate,county,10,male,18-44,0.02944413532987256,0.014550087129088365,0.049094555793182657
qualifying_event_rate,county,10,male,45-64,0.04531470780563228,0.024574271791942014,0.07295478529608918
qualifying_event_rate,county,10,male,65-74,0.0785555479367786,0.04010560799450362,0.1273525475566048
qualifying_event_rate,county,10,male,75-84,0.0741576967942804,0.02770337568662949,0.13770373583826848
qualifying_event_rate,county,10,male,85+,0.07364035474228381,0.0,0.255099560363083
person_years_exposure,county,10,female,0-17,826.6485552578673,714.5173657067542,941.0320209432788
person_years_exposure,county,10,female,18-44,1131.0690943751104,992.8882200110513,1271.507099970386
person_years_exposure,county,10,female,45-64,1150.6985802485012,1006.6269513273486,1301.820313797399
person_years_exposure,county,10,female,65-74,328.9460291867081,265.17237348724285,388.3860876399309
person_years_exposure,county,10,female,75-84,84.04198706297606,48.21425829144619,115.53194473598228
person_years_exposure,county,10,female,85+,2.677496008536011,0.10680320263941871,5.909127868336691
person_years_exposure,county,10,female,18-64,2281.7676746236116,2003.1440458607156,2571.3133494591884
person_years_exposure,county,10,female,65+,415.6655122582202,319.500305217717,502.56259323154023
mortality_rate,county,10,female,0-17,0.017590569557429717,0.004880782377392122,0.03824782107143485
mortality_rate,county,10,female,18-44,0.002045389246337902,0.0,0.005465409390515778
mortality_rate,county,10,female,45-64,0.014772490940702581,0.004359289270989492,0.031994151002810396
mortality_rate,county,10,female,65-74,0.06913489632447338,0.023350147891091612,0.157679097209645
mortality_rate,county,10,female,75-84,0.15723851951496604,0.05134147135633848,0.3998420804144758
mortality_rate,county,10,female,85+,0.21088129688591117,0.0,1.375129290203107
qualifying_event_rate,county,10,female,0-17,0.016804573256504012,0.00694871728916204,0.0299292760252587
qualifying_event_rate,county,10,female,18-44,0.030537430459257126,0.015585959487287759,0.05012876722890448
qualifying_event_rate,county,10,female,45-64,0.04136099672102105,0.022470846844154665,0.06802515068320134
qualifying_event_rate,county,10,female,65-74,0.07710383622925383,0.03938296339198826,0.12428597269072456
qualifying_event_rate,county,10,female,75-84,0.07067963592328788,0.02362708734347301,0.13002689755605884
qualifying_event_rate,county,10,female,85+,0.062209517292515885,0.0,0.3390723569737591
person_years_exposure,county,11,male,0-17,1589.9637398745822,1390.3349696684215,1792.7314321841548
person_years_exposure,county,11,male,18-44,2307.716863889117,2027.3925125685612,2593.142044518211
person_years_exposure,county,11,male,45-64,2119.6231615264464,1856.9184537448375,2386.7918329945705
person_years_exposure,county,11,male,65-74,598.8660759547694,487.3369964184514,703.596394251732
person_years_exposure,county,11,male,75-84,122.88588487276432,70.36539878791353,168.54835451132521
person_years_exposure,county,11,male,85+,1.0765010142210456,0.019738304536155292,3.1157160949204004
person_years_exposure,county,11,male,18-64,4427.340025415564,3889.956636493482,4973.632237622489
person_years_exposure,county,11,male,65+,722.8284618417548,563.9392103646093,868.3167364635987
mortality_rate,county,11,male,0-17,0.0018220369330425837,0.0,0.004488606138763888
mortality_rate,county,11,male,18-44,0.0028589539528177618,0.00045199378207569395,0.006659877313724214
mortality_rate,county,11,male,45-64,0.01522464388870916,0.005355386922977253,0.031198898234730148
mortality_rate,county,11,male,65-74,0.06214757975274661,0.021464975129919787,0.13744617782916216
mortality_rate,county,11,male,75-84,0.1838900675705182,0.06750950293181471,0.45920345438942595
mortality_rate,county,11,male,85+,0.1496153870804963,0.0,1.2138679496572435
qualifying_event_rate,county,11,male,0-17,0.019678183138137476,0.009846611708446836,0.03290289334320841
qualifying_event_rate,county,11,male,18-44,0.028817629548984126,0.015406748363445081,0.04711267703324459
qualifying_event_rate,county,11,male,45-64,0.04481606249013182,0.025051652338479898,0.07248022586508256
qualifying_event_rate,county,11,male,65-74,0.07571633212769348,0.04229630219081385,0.11929622185419864
qualifying_event_rate,county,11,male,75-84,0.07328023421822634,0.029275376414566154,0.13029006977473825
qualifying_event_rate,county,11,male,85+,0.048274544639354884,0.0,0.30758484442172795
person_years_exposure,county,11,female,0-17,1620.8838113703146,1405.3202009726856,1838.3540586517288
person_years_exposure,county,11,female,18-44,2246.4417843767887,1970.0457987845402,2520.221407717761
person_years_exposure,county,11,female,45-64,2006.1924123576541,1751.6013528401115,2267.615938989074
person_years_exposure,county,11,female,65-74,636.6406053372868,514.5730594861747,750.7010148262419
person_years_exposure,county,11,female,75-84,133.37115729174985,78.62072557471924,181.83874103253396
person_years_exposure,county,11,female,85+,1.948835836471758,0.006681633070807901,4.687460719387991
person_years_exposure,county,11,female,18-64,4252.634196734443,3726.7157373208024,4786.489611986669
person_years_exposure,county,11,female,65+,771.9605984655084,600.3594894131519,924.8118800266111
mortality_rate,county,11,female,0-17,0.017623667883140886,0.0056578324440550816,0.037554731988158334
mortality_rate,county,11,female,18-44,0.001936004362096808,0.00013099447067656044,0.004566995080353624
mortality_rate,county,11,female,45-64,0.014986800899454259,0.005174368403548378,0.03165554573197092
mortality_rate,county,11,female,65-74,0.06671642036184752,0.0232521994420776,0.14476100636754347
mortality_rate,county,11,female,75-84,0.16980371067440708,0.06516577804818895,0.4177941497655034
mortality_rate,county,11,female,85+,0.19125146241990285,0.0,1.4042706400392988
qualifying_event_rate,county,11,female,0-17,0.016657578915032705,0.00807237663440768,0.02853718660633614
qualifying_event_rate,county,11,female,18-44,0.029801461609633484,0.016178767889484885,0.04888165010172351
qualifying_event_rate,county,11,female,45-64,0.040713055314700694,0.02270522280835538,0.06498007257585973
qualifying_event_rate,county,11,female,65-74,0.07478462658730155,0.04113287273952885,0.11606605985638131
qualifying_event_rate,county,11,female,75-84,0.07469062244148439,0.031355231735319504,0.1337407256831282
qualifying_event_rate,county,11,female,85+,0.054299017159183414,0.0,0.3054734532855421
person_years_exposure,county,12,male,0-17,461.3575875705585,418.0917511637813,498.7541272523777
person_years_exposure,county,12,male,18-44,524.876017249322,480.6607552179457,560.6880493570089
person_years_exposure,county,12,male,45-64,504.80969008908835,455.16789420846874,544.6074825374176
person_years_exposure,county,12,male,65-74,135.29017440495744,109.06566239894677,156.97428684330518
person_years_exposure,county,12,male,75-84,8.534787783781791,3.5776643610760113,13.18670083617671
person_years_exposure,county,12,male,85+,0.05389040518702921,0.007964213210348401,0.1447844919355253
person_years_exposure,county,12,male,18-64,1029.6857073384103,936.3493223097072,1103.1973730314385
person_years_exposure,county,12,male,65+,143.87885259392624,115.47431685622882,168.2734900624975
mortality_rate,county,12,male,0-17,0.0007063395672028523,0.0,0.004081224752195376
mortality_rate,county,12,male,18-44,0.002835733234596493,0.0,0.00784112650550289
mortality_rate,county,12,male,45-64,0.012947305853636829,0.001989983055721008,0.029568164989217282
mortality_rate,county,12,male,65-74,0.06242235983352015,0.014161664915979314,0.14564961647098804
mortality_rate,county,12,male,75-84,0.15121298287281354,0.0,0.606886274081151
mortality_rate,county,12,male,85+,0.007484534076131473,0.0,0.007484534076131473
qualifying_event_rate,county,12,male,0-17,0.01797026698055126,0.006223961165941635,0.03296698927865029
qualifying_event_rate,county,12,male,18-44,0.019866355540127858,0.007547661148326495,0.03503614275191961
qualifying_event_rate,county,12,male,45-64,0.03546700353790761,0.01664731171485947,0.06013680294589056
qualifying_event_rate,county,12,male,65-74,0.05970477545050368,0.022763260107531918,0.10366057798818727
qualifying_event_rate,county,12,male,75-84,0.061323341053428404,0.0,0.20872337260277188
qualifying_event_rate,county,12,male,85+,0.0,0.0,0.0
person_years_exposure,county,12,female,0-17,355.3503869053447,320.471764417546,384.77517866826946
person_years_exposure,county,12,female,18-44,590.5370662126026,540.4741145624386,630.4955363410502
person_years_exposure,county,12,female,45-64,504.56592669096347,455.90933712965904,543.3673901282754
person_years_exposure,county,12,female,65-74,155.76028358538176,127.93742676379459,178.04802037818598
person_years_exposure,county,12,female,75-84,27.41081449873591,15.932718975648775,38.143486532487046
person_years_exposure,county,12,female,85+,1.88050890876446,0.05353240359875524,4.655456224983965
person_years_exposure,county,12,female,18-64,1095.102992903566,996.3422563052875,1172.1322127134256
person_years_exposure,county,12,female,65+,185.0516069928821,147.51257385147426,216.06760832590598
mortality_rate,county,12,female,0-17,0.004167359120214323,0.0,0.01214813050023863
mortality_rate,county,12,female,18-44,0.0017148717166813943,0.0,0.005305477462407667
mortality_rate,county,12,female,45-64,0.010394141765792004,0.0018940228104871234,0.024281166730393555
mortality_rate,county,12,female,65-74,0.06146733637890721,0.016996503051234003,0.14102454842892398
mortality_rate,county,12,female,75-84,0.17803974755722335,0.0375502464221918,0.46859846071914807
mortality_rate,county,12,female,85+,0.18787931416972742,0.0,1.3002830847812055
qualifying_event_rate,county,12,female,0-17,0.018265468893600575,0.005587104146805578,0.035295141346052585
qualifying_event_rate,county,12,female,18-44,0.0221259966625255,0.009191944039167833,0.03880554182954733
qualifying_event_rate,county,12,female,45-64,0.03625309918567463,0.016326365614604352,0.06169017397423672
qualifying_event_rate,county,12,female,65-74,0.06571941992339005,0.02746386557716152,0.11111342584339112
qualifying_event_rate,county,12,female,75-84,0.0622767687998045,0.0,0.15315377552564374
qualifying_event_rate,county,12,female,85+,0.06237542064036237,0.0,0.3282709681849712
person_years_exposure,county,13,male,0-17,862.158638737558,760.7574202644353,947.4846747948313
person_years_exposure,county,13,male,18-44,1301.5371625446978,1160.4981714045382,1410.182689501133
person_years_exposure,county,13,male,45-64,1448.690279269523,1289.8865694611336,1580.1863964670065
person_years_exposure,county,13,male,65-74,327.36455259124887,263.4586356313849,379.02023522744867
person_years_exposure,county,13,male,75-84,99.49347706956392,58.672955815969,134.65165934747762
person_years_exposure,county,13,male,85+,4.2298944543971295,0.29358890187166625,9.309906094589541
person_years_exposure,county,13,male,18-64,2750.2274418142206,2458.7935376218256,2986.292585706928
person_years_exposure,county,13,male,65+,431.08792411520994,327.43201757260226,516.5954108194026
mortality_rate,county,13,male,0-17,0.019715065342515718,0.00560535159633185,0.044255901740665717
mortality_rate,county,13,male,18-44,0.0030410211920689854,0.0,0.007320427935170716
mortality_rate,county,13,male,45-64,0.016065157397329204,0.004994167977755008,0.033970551045106344
mortality_rate,county,13,male,65-74,0.06896028352815908,0.022345853903928667,0.15737679614260133
mortality_rate,county,13,male,75-84,0.18534085414846754,0.06567964683336618,0.44240693071625614
mortality_rate,county,13,male,85+,0.18536687534248503,0.0,0.9443578194454009
qualifying_event_rate,county,13,male,0-17,0.015884910136786168,0.006980555372432225,0.02826449232999466
qualifying_event_rate,county,13,male,18-44,0.024251412477548726,0.01205527256560087,0.04031500497735393
qualifying_event_rate,county,13,male,45-64,0.03957535525414705,0.02152930958920456,0.06546396408438726
qualifying_event_rate,county,13,male,65-74,0.06578351866088317,0.03323319492513206,0.10742725404777034
qualifying_event_rate,county,13,male,75-84,0.06747456172565094,0.022146289577562452,0.12396096941485049
qualifying_event_rate,county,13,male,85+,0.046724537526424914,0.0,0.2544487145183141
person_years_exposure,county,13,female,0-17,907.1253119240685,806.5477237225222,987.6040722893213
person_years_exposure,county,13,female,18-44,1344.3426018638663,1199.0934658936735,1452.6870418141434
person_years_exposure,county,13,female,45-64,1207.131756837415,1079.6382854095175,1308.8636584558456
person_years_exposure,county,13,female,65-74,323.47765825009196,263.40691131242596,374.1061050771017
person_years_exposure,county,13,female,75-84,112.71313034159304,67.75699852764858,150.2034894873579
person_years_exposure,county,13,female,85+,0.5061658623742953,0.0018214166926153492,1.5133537885922184
person_years_exposure,county,13,female,18-64,2551.4743587012813,2279.562686620519,2759.4517682411183
person_years_exposure,county,13,female,65+,436.6969544540593,334.7631391825924,520.1201049693259
mortality_rate,county,13,female,0-17,0.013185002183856112,0.0033285516144790964,0.028877407690518216
mortality_rate,county,13,female,18-44,0.002380854098733765,0.0,0.005866100697765578
mortality_rate,county,13,female,45-64,0.014063958374956902,0.004176040225918706,0.030006511354649795
mortality_rate,county,13,female,65-74,0.06690999992434757,0.021279346376444987,0.15106924292810625
mortality_rate,county,13,female,75-84,0.1662294105319942,0.05961673129959706,0.40559502233029493
mortality_rate,county,13,female,85+,0.2021780762714814,0.0,1.964436718603247
qualifying_event_rate,county,13,female,0-17,0.01735356233946031,0.007404056700208115,0.030831786488908098
qualifying_event_rate,county,13,female,18-44,0.025810724120255132,0.01328364176349785,0.043463112974079114
qualifying_event_rate,county,13,female,45-64,0.03438548631074625,0.01827709157946442,0.056031921983533184
qualifying_event_rate,county,13,female,65-74,0.07260198747841126,0.037151201204986405,0.11829352424300228
qualifying_event_rate,county,13,female,75-84,0.0731336218791197,0.030134341862502703,0.13056704335665342
qualifying_event_rate,county,13,female,85+,0.04265814075499868,0.0,0.04265814075499868
person_years_exposure,county,14,male,0-17,332.19425104983907,292.3683761336777,367.462782751838
person_years_exposure,county,14,male,18-44,372.59819137117296,332.0044270521759,403.45372475045394
person_years_exposure,county,14,male,45-64,452.3891595616149,402.2700893526897,494.25769332152305
person_years_exposure,county,14,male,65-74,137.08637319255504,107.0414748564955,160.8803238558707
person_years_exposure,county,14,male,75-84,42.4977490849803,23.63826173184063,59.71649461447599
person_years_exposure,county,14,male,85+,0.741834221066466,0.0017698484188330259,2.29123229894193
person_years_exposure,county,14,male,18-64,824.9873509327879,736.8532400380763,895.0000467960884
person_years_exposure,county,14,male,65+,180.3259564986018,133.68688233755552,217.6394991229065
mortality_rate,county,14,male,0-17,0.019516979882699664,0.0029869747840778602,0.045440517513502726
mortality_rate,county,14,male,18-44,0.0031747493211316167,0.0,0.010289882320940833
mortality_rate,county,14,male,45-64,0.015303392604244325,0.0024297538523252995,0.034488847500815226
mortality_rate,county,14,male,65-74,0.07666975021831474,0.02006361359652313,0.18346001957393637
mortality_rate,county,14,male,75-84,0.18525076146427188,0.05642828557677699,0.4686095885479106
mortality_rate,county,14,male,85+,0.14430120446666836,0.0,1.5164484846077955
qualifying_event_rate,county,14,male,0-17,0.015248074089183675,0.003079696081706475,0.031189379859351152
qualifying_event_rate,county,14,male,18-44,0.02335404052920143,0.008117366531990806,0.04280732050347824
qualifying_event_rate,county,14,male,45-64,0.0369869038973478,0.017412141304797537,0.06260607136158747
qualifying_event_rate,county,14,male,65-74,0.06365299915303396,0.02447129004281153,0.11371310213622358
qualifying_event_rate,county,14,male,75-84,0.062165073023673884,0.0,0.13721210370355416
qualifying_event_rate,county,14,male,85+,0.048305670124864315,0.0,0.048305670124864315
person_years_exposure,county,14,female,0-17,293.4151879259588,259.0738775723274,322.1870452079086
person_years_exposure,county,14,female,18-44,333.7034707230393,297.45638043308895,360.0844626484643
person_years_exposure,county,14,female,45-64,407.8396231608998,362.2457049234335,444.94758500058697
person_years_exposure,county,14,female,65-74,159.66879485150946,129.84267557425812,184.8868659071169
person_years_exposure,county,14,female,75-84,53.76346687487457,31.809314277400777,73.00634169894946
person_years_exposure,county,14,female,85+,2.7521850868081197,0.411110685950223,5.127200253979595
person_years_exposure,county,14,female,18-64,741.543093883939,660.6599334509982,803.1223433499961
person_years_exposure,county,14,female,65+,216.18444681319212,167.41678201667503,257.48114383722805
mortality_rate,county,14,female,0-17,0.012935661275114268,0.0,0.03126640720420668
mortality_rate,county,14,female,18-44,0.0024850443868449285,0.0,0.008637614327104788
mortality_rate,county,14,female,45-64,0.01464982379444622,0.0023893029501839925,0.03438101935566588
mortality_rate,county,14,female,65-74,0.060495918315148126,0.016431691159717304,0.14260891533106995
mortality_rate,county,14,female,75-84,0.165034709905964,0.050589500357534185,0.41402595219615973
mortality_rate,county,14,female,85+,0.2240318959336696,0.0,1.9847480069176846
qualifying_event_rate,county,14,female,0-17,0.016064980720864257,0.0033860756991332453,0.03154701942338229
qualifying_event_rate,county,14,female,18-44,0.02473587472289026,0.00869597783514143,0.045693946355682795
qualifying_event_rate,county,14,female,45-64,0.033083059924676875,0.014127459642303669,0.05726766769582813
qualifying_event_rate,county,14,female,65-74,0.06781811031794403,0.029811367443795613,0.11747979476573749
qualifying_event_rate,county,14,female,75-84,0.0680799746799838,0.015085663284691861,0.1358356486086923
qualifying_event_rate,county,14,female,85+,0.059641153296199866,0.0,0.34731048443310325
person_years_exposure,county,15,male,0-17,1885.9101254387879,1672.374864633339,2065.0315321707667
person_years_exposure,county,15,male,18-44,2687.4619353320045,2396.094899769514,2906.7227948321906
person_years_exposure,county,15,male,45-64,2246.8044946613586,2001.1011101979743,2441.4128180435755
person_years_exposure,county,15,male,65-74,530.1619377155213,431.3687464315325,615.2227841996416
person_years_exposure,county,15,male,75-84,111.1226920941342,63.333362106014036,150.71090248195662
person_years_exposure,county,15,male,85+,1.5283260092649726,0.0021002373222262644,4.027423717233257
person_years_exposure,county,15,male,18-64,4934.266429993363,4406.041478102928,5341.168322566748
person_years_exposure,county,15,male,65+,642.8129558189205,500.51846123695947,760.9767175390215
mortality_rate,county,15,male,0-17,0.019603381065228798,0.006521136089217473,0.04148507972127223
mortality_rate,county,15,male,18-44,0.0030647236400699004,0.000705503341496068,0.006770614821328529
mortality_rate,county,15,male,45-64,0.015210404273581833,0.005175170315495176,0.03192722437572888
mortality_rate,county,15,male,65-74,0.07132110121138054,0.02475986044080805,0.15715892293846162
mortality_rate,county,15,male,75-84,0.17703440984905178,0.0656503195887195,0.450053258576454
mortality_rate,county,15,male,85+,0.17024170350682893,0.0,1.8702065688295901
qualifying_event_rate,county,15,male,0-17,0.016834078233904922,0.00824305009150634,0.028229223474017913
qualifying_event_rate,county,15,male,18-44,0.025007076573885515,0.013483380242450093,0.04092812069938241
qualifying_event_rate,county,15,male,45-64,0.04059584966859675,0.02273673944133477,0.06500196115737085
qualifying_event_rate,county,15,male,65-74,0.06869007086144244,0.037602966779773095,0.11067228320276658
qualifying_event_rate,county,15,male,75-84,0.06798919850255376,0.02474183770785561,0.12518041426814625
qualifying_event_rate,county,15,male,85+,0.05057503876870429,0.0,0.31213650904543466
person_years_exposure,county,15,female,0-17,2001.1663511910408,1781.2625973336746,2175.996253769773
person_years_exposure,county,15,female,18-44,2686.175188301074,2396.2003714002244,2898.9590400897496
person_years_exposure,county,15,female,45-64,2470.924323915317,2205.4654417004144,2678.0575137023216
person_years_exposure,county,15,female,65-74,553.4997273910442,450.0605630758656,636.321674335566
person_years_exposure,county,15,female,75-84,130.76387329414158,78.56326200647558,175.19880384465205
person_years_exposure,county,15,female,85+,4.609394502193797,0.19158342785140753,10.311473340123545
person_years_exposure,county,15,female,18-64,5157.099512216391,4602.704259702975,5569.703946655284
person_years_exposure,county,15,female,65+,688.8729951873796,531.9971310291975,815.8408551365728
mortality_rate,county,15,female,0-17,0.013184449822498156,0.0041553932120471275,0.028157279485352484
mortality_rate,county,15,female,18-44,0.0022781942640608204,0.0003669863959554468,0.005102613757707442
mortality_rate,county,15,female,45-64,0.012968206561856722,0.004230642449798638,0.027341789595813848
mortality_rate,county,15,female,65-74,0.0668925541528512,0.023867176699663685,0.15063730501382966
mortality_rate,county,15,female,75-84,0.18154915497900034,0.06396783227146187,0.43922655879910755
mortality_rate,county,15,female,85+,0.21954848711026484,0.0,1.1424529937814982
qualifying_event_rate,county,15,female,0-17,0.017832374032154256,0.00885204322888461,0.030127940301914624
qualifying_event_rate,county,15,female,18-44,0.02698252109311771,0.01468244882027568,0.04411313720932734
qualifying_event_rate,county,15,female,45-64,0.03531324161234831,0.019084028884611606,0.057097907120600706
qualifying_event_rate,county,15,female,65-74,0.07531263610013042,0.04238247242959979,0.11875675209217879
qualifying_event_rate,county,15,female,75-84,0.07779077658165791,0.03173363915303536,0.1420238227651705
qualifying_event_rate,county,15,female,85+,0.062331203187334254,0.0,0.3060754130725412
person_years_exposure,county,16,male,0-17,602.399536233679,578.2978313188112,626.6273169247369
person_years_exposure,county,16,male,18-44,633.1090999088486,613.2583713659582,653.1525256793685
person_years_exposure,county,16,male,45-64,852.3291832025028,813.1203774419673,885.2296900278556
person_years_exposure,county,16,male,65-74,207.16444455976875,169.67086181522708,236.91736368257088
person_years_exposure,county,16,male,75-84,49.03936898553185,29.11536076111783,67.03535582439454
person_years_exposure,county,16,male,85+,1.5269334849585872,0.08981489354465354,4.001896665823116
person_years_exposure,county,16,male,18-64,1485.4382831113514,1432.2043088161165,1533.8727268051452
person_years_exposure,county,16,male,65+,257.7307470302592,202.87272025436087,302.0076446614339
mortality_rate,county,16,male,0-17,0.000843793447166306,0.0,0.003365760639288954
mortality_rate,county,16,male,18-44,0.0028744264570757768,0.0,0.008019413857014254
mortality_rate,county,16,male,45-64,0.01359053801782285,0.0034729711704276946,0.029179486382794998
mortality_rate,county,16,male,65-74,0.07267862579336375,0.02315798684743605,0.1645723819404373
mortality_rate,county,16,male,75-84,0.18100166952703517,0.057624720257128614,0.43457368709808397
mortality_rate,county,16,male,85+,0.13795788833681855,0.0,1.0581392624816135
qualifying_event_rate,county,16,male,0-17,0.021677748043395846,0.008496809342254693,0.038150520087054954
qualifying_event_rate,county,16,male,18-44,0.03667068079126581,0.01763821789015491,0.06047265017017961
qualifying_event_rate,county,16,male,45-64,0.05045594791292856,0.027301853873509578,0.07994917383954947
qualifying_event_rate,county,16,male,65-74,0.07559918972569935,0.036880822720973164,0.122119020843011
qualifying_event_rate,county,16,male,75-84,0.09156694673974146,0.024096929466732506,0.17414067754153123
qualifying_event_rate,county,16,male,85+,0.03757530940796343,0.0,0.24905713194930404
person_years_exposure,county,16,female,0-17,621.5820387848094,595.9386668305982,647.5854667960539
person_years_exposure,county,16,female,18-44,737.0058442227892,712.2892667134549,760.7973754526367
person_years_exposure,county,16,female,45-64,779.4368291415193,742.0150933139736,812.6246835581118
person_years_exposure,county,16,female,65-74,216.92986814798064,178.46214713390862,245.39217055060269
person_years_exposure,county,16,female,75-84,81.78665389780019,49.8074027622148,109.34865704213793
person_years_exposure,county,16,female,85+,1.4195105369515955,0.0029681512033502494,3.6526918974167417
person_years_exposure,county,16,female,18-64,1516.4426733643086,1461.0833197662573,1569.7518150785218
person_years_exposure,county,16,female,65+,300.1360325827324,234.74779788355428,352.9172851990419
mortality_rate,county,16,female,0-17,0.004670762873313663,0.0,0.01145226357532075
mortality_rate,county,16,female,18-44,0.0019884373801735654,0.0,0.005560970750228049
mortality_rate,county,16,female,45-64,0.015535526299651504,0.0038376617969993667,0.03304076142791141
mortality_rate,county,16,female,65-74,0.06801548168590821,0.020631651651252032,0.15253296999422805
mortality_rate,county,16,female,75-84,0.17056720474843257,0.05645127760001916,0.4076767313000967
mortality_rate,county,16,female,85+,0.17341029609250838,0.0,1.2198227268968536
qualifying_event_rate,county,16,female,0-17,0.02302241782340986,0.009640447160673665,0.04135716180673314
qualifying_event_rate,county,16,female,18-44,0.036890386699535926,0.01858640253934247,0.061042489888821244
qualifying_event_rate,county,16,female,45-64,0.0524384105168649,0.02804251469886815,0.08458362904796207
qualifying_event_rate,county,16,female,65-74,0.0872661853800144,0.04395011743323524,0.13674716915750182
qualifying_event_rate,county,16,female,75-84,0.09150287446244681,0.03496561088831846,0.16119982210423908
qualifying_event_rate,county,16,female,85+,0.03753059856201276,0.0,0.24942326864795314
person_years_exposure,state,0,male,0-17,8556.3245361156,7843.022197694608,9123.020318805544
person_years_exposure,state,0,male,18-44,12058.909795986048,10996.642698688038,12851.176971222807
person_years_exposure,state,0,male,45-64,9432.470526591958,8580.909367212274,10097.139759988608
person_years_exposure,state,0,male,65-74,2473.401251616987,2070.404969942727,2790.91114726269
person_years_exposure,state,0,male,75-84,703.176913543223,445.152722045272,911.8612553641306
person_years_exposure,state,0,male,85+,36.177206564083754,15.279162688394123,57.81245855606007
person_years_exposure,state,0,male,18-64,21491.380322578007,19548.73913969076,22909.571991039124
person_years_exposure,state,0,male,65+,3212.755371724294,2552.0654229772954,3745.930326253168
mortality_rate,state,0,male,0-17,0.000771335971669036,0.00012106188764456232,0.0017180693228089228
mortality_rate,state,0,male,18-44,0.002885584410602287,0.00096290869039385,0.005956097982645522
mortality_rate,state,0,male,45-64,0.012744093755482473,0.0046743426460275905,0.026158686735490735
mortality_rate,state,0,male,65-74,0.06635951402150696,0.024575676450053395,0.14432611093102368
mortality_rate,state,0,male,75-84,0.1716197794341281,0.06740178498218823,0.3993423855544474
mortality_rate,state,0,male,85+,0.22206609198229524,0.07541512855243378,0.6023458707620212
qualifying_event_rate,state,0,male,0-17,0.016969891464117353,0.009373867811946853,0.027922574189818285
qualifying_event_rate,state,0,male,18-44,0.01882183667050576,0.010509285744971708,0.030632756603652785
qualifying_event_rate,state,0,male,45-64,0.03367929838874251,0.01925966103857727,0.053569800713771966
qualifying_event_rate,state,0,male,65-74,0.058161831307926286,0.03331810908616922,0.09139178218156742
qualifying_event_rate,state,0,male,75-84,0.06327223377967062,0.034305944918686555,0.10436151695965061
qualifying_event_rate,state,0,male,85+,0.04101596690261857,0.0,0.1110473626953279
person_years_exposure,state,0,female,0-17,8575.684872291442,7829.99552231773,9172.846326071749
person_years_exposure,state,0,female,18-44,11681.166238428528,10732.832212755055,12419.592868200612
person_years_exposure,state,0,female,45-64,9356.434787671114,8501.413731656035,10000.262365216817
person_years_exposure,state,0,female,65-74,2490.1175387369085,2095.30366832172,2809.0753755019914
person_years_exposure,state,0,female,75-84,595.4229565952716,373.1309075589308,781.7099164192025
person_years_exposure,state,0,female,85+,35.85449678761297,13.730862242425314,60.28007448137333
person_years_exposure,state,0,female,18-64,21037.60102609964,19186.768604761248,22418.20172220501
person_years_exposure,state,0,female,65+,3121.3949921197927,2503.2566485058164,3636.4358332466704
mortality_rate,state,0,female,0-17,0.004258829134451721,0.0013714026544778533,0.008594030762876157
mortality_rate,state,0,female,18-44,0.0016929294747936394,0.0005028925745689621,0.0036087426564224657
mortality_rate,state,0,female,45-64,0.009363688487965302,0.0033272521583787833,0.019510900516240888
mortality_rate,state,0,female,65-74,0.06628841208465003,0.024948108192202657,0.1421011091260972
mortality_rate,state,0,female,75-84,0.185476685293723,0.07483528872988152,0.4299440832717778
mortality_rate,state,0,female,85+,0.27619621416318685,0.10714225840899985,0.724832225156019
qualifying_event_rate,state,0,female,0-17,0.017300449146804474,0.009443787528291408,0.028250954994964713
qualifying_event_rate,state,0,female,18-44,0.02067102924828348,0.011732332327844526,0.033894099614531936
qualifying_event_rate,state,0,female,45-64,0.03382871861586207,0.019305975894355922,0.053814021261318915
qualifying_event_rate,state,0,female,65-74,0.06519228349267134,0.03805179712121732,0.10138927387532416
qualifying_event_rate,state,0,female,75-84,0.06116232640288548,0.03369051079663648,0.09976308974441196
qualifying_event_rate,state,0,female,85+,0.08081721133691194,0.0,0.177990228741545
person_years_exposure,state,1,male,0-17,7349.289168572551,7127.8930500843035,7567.748539941838
person_years_exposure,state,1,male,18-44,8735.84751815658,8491.018792247929,8982.835482722614
person_years_exposure,state,1,male,45-64,9134.557545966109,8780.622843744906,9445.254041293683
person_years_exposure,state,1,male,65-74,2270.6113377789666,1907.703349152074,2524.7178949542626
person_years_exposure,state,1,male,75-84,630.3869780159254,376.5327270471571,829.369983651703
person_years_exposure,state,1,male,85+,35.64920421702462,13.559551570954307,59.5955245039119
person_years_exposure,state,1,male,18-64,17870.405064122686,17308.456234091638,18410.545389385537
person_years_exposure,state,1,male,65+,2936.6475200119166,2312.18847406954,3408.6155372188628
mortality_rate,state,1,male,0-17,0.0008334139342607547,0.0001359943966382281,0.0018939488334305846
mortality_rate,state,1,male,18-44,0.0027093488422618318,0.000880439858903741,0.005527159282919926
mortality_rate,state,1,male,45-64,0.012963158109700178,0.0046791378378320085,0.026161355263245343
mortality_rate,state,1,male,65-74,0.07133947437197151,0.026881370478734276,0.15307854077254598
mortality_rate,state,1,male,75-84,0.1864228549662637,0.07430133581422084,0.45070623870595256
mortality_rate,state,1,male,85+,0.2024788282105232,0.06842740945362061,0.5270580199236766
qualifying_event_rate,state,1,male,0-17,0.019450764160868796,0.010802497087558614,0.0315277257087431
qualifying_event_rate,state,1,male,18-44,0.0327764217912109,0.01859607120819736,0.05212479364963498
qualifying_event_rate,state,1,male,45-64,0.044607783133242984,0.02598433925847479,0.06969905230935218
qualifying_event_rate,state,1,male,65-74,0.0680714310635119,0.04034508678561252,0.10453200928904303
qualifying_event_rate,state,1,male,75-84,0.08536243622450342,0.04874394825842661,0.1356095386018015
qualifying_event_rate,state,1,male,85+,0.051191469509964546,0.0,0.12689394430427636
person_years_exposure,state,1,female,0-17,7340.523849614688,7107.27328443357,7565.2123717060995
person_years_exposure,state,1,female,18-44,9306.950756848764,9035.8794251398,9592.812200494343
person_years_exposure,state,1,female,45-64,9100.192478966566,8705.656453675221,9443.848108663919
person_years_exposure,state,1,female,65-74,2515.952412069134,2124.10007267465,2791.8910375691908
person_years_exposure,state,1,female,75-84,684.6033001355826,418.6342117721563,894.9511834560159
person_years_exposure,state,1,female,85+,21.834659929307044,9.572783013708154,35.29757405557425
person_years_exposure,state,1,female,18-64,18407.143235815332,17784.014747038156,19008.233347309673
person_years_exposure,state,1,female,65+,3222.390372134024,2563.421724775365,3706.480454866635
mortality_rate,state,1,female,0-17,0.0046137875813866405,0.0015001961032337565,0.009463076488561461
mortality_rate,state,1,female,18-44,0.0020447022437563972,0.0006391564365165257,0.004279872802653929
mortality_rate,state,1,female,45-64,0.01568734809392811,0.005855034293095559,0.03218763098508137
mortality_rate,state,1,female,65-74,0.06674299356314906,0.02546731644463307,0.14163556588947174
mortality_rate,state,1,female,75-84,0.1753318065932496,0.06862347233698796,0.40883499900694775
mortality_rate,state,1,female,85+,0.21596300375869038,0.06705924890555788,0.5488509432330285
qualifying_event_rate,state,1,female,0-17,0.020577626185542555,0.011377683140419976,0.03328049288049498
qualifying_event_rate,state,1,female,18-44,0.033111535942389456,0.01897352487266567,0.05250577187689456
qualifying_event_rate,state,1,female,45-64,0.046611293750668685,0.02752645485317158,0.07310473879150595
qualifying_event_rate,state,1,female,65-74,0.07827323949888254,0.04704004790508362,0.1183241805925682
qualifying_event_rate,state,1,female,75-84,0.08346312504286779,0.049176241595729454,0.13399884778714963
qualifying_event_rate,state,1,female,85+,0.056039372370166304,0.0,0.14494495255452045
person_years_exposure,state,2,male,0-17,6065.828850906036,5323.533741651042,6827.963615072407
person_years_exposure,state,2,male,18-44,8448.610747588647,7421.6651358618665,9476.301569307247
person_years_exposure,state,2,male,45-64,7639.959940895725,6704.897992574954,8612.588122751862
person_years_exposure,state,2,male,65-74,2216.8468854440293,1818.216185679191,2593.4036150759384
person_years_exposure,state,2,male,75-84,560.6388688644175,337.4497756666056,756.8143154779532
person_years_exposure,state,2,male,85+,38.26098783538688,17.27294764299043,60.71717696945662
person_years_exposure,state,2,male,18-64,16088.570688484371,14136.728926343418,18065.148420435507
person_years_exposure,state,2,male,65+,2815.7467421438337,2196.6788954632966,3390.6355615576726
mortality_rate,state,2,male,0-17,0.0018501439005031775,0.0004922691257546398,0.004031799407325193
mortality_rate,state,2,male,18-44,0.002848211146540518,0.0009252716191833578,0.0060289626605854315
mortality_rate,state,2,male,45-64,0.015031408064593334,0.005650545533499437,0.03059652809126184
mortality_rate,state,2,male,65-74,0.06190552330808062,0.02381757106800482,0.13257651931102227
mortality_rate,state,2,male,75-84,0.18412403228337462,0.07400659699866831,0.43574923416426653
mortality_rate,state,2,male,85+,0.20058618060482786,0.06575423895031732,0.5199215636698273
qualifying_event_rate,state,2,male,0-17,0.019058961483925135,0.010486996100053898,0.03142791515577618
qualifying_event_rate,state,2,male,18-44,0.028008949942928997,0.015557667425566933,0.04504733112296721
qualifying_event_rate,state,2,male,45-64,0.043393282551976206,0.024730588801027565,0.06862997115453491
qualifying_event_rate,state,2,male,65-74,0.07366784143818839,0.044089494515741845,0.11340913010188022
qualifying_event_rate,state,2,male,75-84,0.07270936259946277,0.03955350337688706,0.11861066848516892
qualifying_event_rate,state,2,male,85+,0.07507726372637392,0.0,0.16073765893099945
person_years_exposure,state,2,female,0-17,6405.397882816963,5584.231773687745,7265.324392613003
person_years_exposure,state,2,female,18-44,8689.177807678132,7624.359719761401,9752.313018866136
person_years_exposure,state,2,female,45-64,7386.857182442175,6462.219129778224,8351.845387806914
person_years_exposure,state,2,female,65-74,2011.6671231304083,1638.8012269903595,2362.511336646446
person_years_exposure,state,2,female,75-84,583.4891152055211,347.0657914045589,785.6803703296281
person_years_exposure,state,2,female,85+,23.77952985755233,8.198182397333529,41.92210389214901
person_years_exposure,state,2,female,18-64,16076.034990120308,14100.166926217222,18086.613629114072
person_years_exposure,state,2,female,65+,2618.935768193482,2004.7278398698775,3166.0940242137526
mortality_rate,state,2,female,0-17,0.017575997624647382,0.006628743346616705,0.03591433553027112
mortality_rate,state,2,female,18-44,0.0019716291134428817,0.0005781734472982914,0.004150141600794356
mortality_rate,state,2,female,45-64,0.01502690674777632,0.005588074871868104,0.03098199359603363
mortality_rate,state,2,female,65-74,0.06714669411770262,0.02555259158361593,0.14548885109700035
mortality_rate,state,2,female,75-84,0.1758933740698012,0.07069206132141986,0.42540555217505344
mortality_rate,state,2,female,85+,0.23210083343424925,0.07303430378898493,0.6453982442104176
qualifying_event_rate,state,2,female,0-17,0.01617911417840574,0.008745036655563348,0.026952654745315316
qualifying_event_rate,state,2,female,18-44,0.02893347292592186,0.01623539451898782,0.04618185966403441
qualifying_event_rate,state,2,female,45-64,0.0396628337878841,0.022705144986131184,0.06322396938708778
qualifying_event_rate,state,2,female,65-74,0.07332455112124549,0.042266962414849334,0.11302561298191059
qualifying_event_rate,state,2,female,75-84,0.07389281686324692,0.04038253790598247,0.11950676031223476
qualifying_event_rate,state,2,female,85+,0.0691945295938985,0.0,0.17619504083306015
person_years_exposure,state,3,male,0-17,1973.2076939293831,1772.9540418998045,2200.3264880308448
person_years_exposure,state,3,male,18-44,2477.204256939347,2243.181401937783,2754.7445510297093
person_years_exposure,state,3,male,45-64,1840.5819399264194,1658.659237624356,2052.9255366206953
person_years_exposure,state,3,male,65-74,490.45011462395405,399.91546146338055,574.6251788408308
person_years_exposure,state,3,male,75-84,93.42595751320334,56.31127724248307,126.99230075649615
person_years_exposure,state,3,male,85+,6.208870846064637,4.081616038729494,9.356998444475574
person_years_exposure,state,3,male,18-64,4317.786196865766,3904.2755289763386,4803.5625141017845
person_years_exposure,state,3,male,65+,590.084942983222,463.7299619866016,703.882793064747
mortality_rate,state,3,male,0-17,0.0027403230684410218,0.0004900379831802229,0.0062582293428982295
mortality_rate,state,3,male,18-44,0.0022488257743157906,0.00038952729165226145,0.005325019292125536
mortality_rate,state,3,male,45-64,0.014034708637330584,0.0046327350180722935,0.030320603826483907
mortality_rate,state,3,male,65-74,0.07086541462190644,0.024788695993038245,0.15946475300654
mortality_rate,state,3,male,75-84,0.17649439881269918,0.06069566762700044,0.4324005437681789
mortality_rate,state,3,male,85+,0.01659237483488801,0.0,0.23403738860671303
qualifying_event_rate,state,3,male,0-17,0.02918565321122805,0.015069495780193157,0.047615791940327654
qualifying_event_rate,state,3,male,18-44,0.04551193699893868,0.024841582451290676,0.07156477372966107
qualifying_event_rate,state,3,male,45-64,0.056747666704219386,0.03216460981504987,0.08922925536790213
qualifying_event_rate,state,3,male,65-74,0.08309184197964194,0.045745084306677786,0.13023687229930098
qualifying_event_rate,state,3,male,75-84,0.10744534720189532,0.04815776957230996,0.18480318311598976
qualifying_event_rate,state,3,male,85+,0.07580316642839134,0.0,0.21217039214183953
person_years_exposure,state,3,female,0-17,1709.702918941782,1544.8388190262885,1900.9346385151596
person_years_exposure,state,3,female,18-44,2385.399407966134,2157.36637615476,2654.831818862649
person_years_exposure,state,3,female,45-64,1777.8815565882364,1607.3639700038111,1985.2367498178755
person_years_exposure,state,3,female,65-74,484.67816838611094,399.2097101212589,562.8782829707818
person_years_exposure,state,3,female,75-84,151.77623738026517,89.12016763007146,208.26915439990177
person_years_exposure,state,3,female,85+,10.923638007084127,2.0426471596017657,27.674105935286782
person_years_exposure,state,3,female,18-64,4163.28096455437,3771.097380787883,4635.003243461314
person_years_exposure,state,3,female,65+,647.3780437734603,495.953116173189,781.9719014683408
mortality_rate,state,3,female,0-17,0.0008559258395345995,0.0,0.0024123594048854374
mortality_rate,state,3,female,18-44,0.0022117381636932573,0.00040937767025174033,0.005100250327658666
mortality_rate,state,3,female,45-64,0.0144931419915268,0.004830234678852724,0.030995179313316024
mortality_rate,state,3,female,65-74,0.06835299176161033,0.02403340749353621,0.1536341767479806
mortality_rate,state,3,female,75-84,0.17107762212769517,0.06493260982858862,0.4187480439357959
mortality_rate,state,3,female,85+,0.18908098845789578,0.0,0.7049302803903463
qualifying_event_rate,state,3,female,0-17,0.02385111463559978,0.012488904023667455,0.038956097808727
qualifying_event_rate,state,3,female,18-44,0.04222731152269996,0.023716235852320834,0.06720300593851913
qualifying_event_rate,state,3,female,45-64,0.06016668426805917,0.03504470364795917,0.0935402706545306
qualifying_event_rate,state,3,female,65-74,0.10324504825408878,0.06102433707374396,0.15728033165321226
qualifying_event_rate,state,3,female,75-84,0.09526037794312182,0.04953502464938736,0.15494563869431627
qualifying_event_rate,state,3,female,85+,0.05565536713825679,0.0,0.20268680321582247
person_years_exposure,state,4,male,0-17,5738.748608390885,5012.185870935103,6493.975169710916
person_years_exposure,state,4,male,18-44,7467.016089333238,6531.743890515582,8439.145022009565
person_years_exposure,state,4,male,45-64,6632.071488077259,5794.451970512295,7522.118501200106
person_years_exposure,state,4,male,65-74,1606.4499657600634,1323.5096327024858,1894.0121348132793
person_years_exposure,state,4,male,75-84,468.11880114728416,280.2246664154637,630.2072394837913
person_years_exposure,state,4,male,85+,28.52920598504491,10.458812746596855,48.4205884805804
person_years_exposure,state,4,male,18-64,14099.087577410497,12336.464075503874,15955.46149804292
person_years_exposure,state,4,male,65+,2103.0979728923926,1629.2670152661535,2554.9342053134023
mortality_rate,state,4,male,0-17,0.0010743679091875713,0.00017850632512186497,0.002478048706397576
mortality_rate,state,4,male,18-44,0.002792620079162306,0.000806039757205858,0.005927353121536295
mortality_rate,state,4,male,45-64,0.013557168305051989,0.004999400108935339,0.028508184294425545
mortality_rate,state,4,male,65-74,0.060613915668738375,0.022779010876634195,0.12937214820168863
mortality_rate,state,4,male,75-84,0.1906529636715359,0.0768930439600833,0.4533405893278019
mortality_rate,state,4,male,85+,0.18915171102567857,0.05292820694884086,0.5436200287795734
qualifying_event_rate,state,4,male,0-17,0.02355917718974789,0.012845016434129086,0.03838566863012811
qualifying_event_rate,state,4,male,18-44,0.037076141422372505,0.021003162363715074,0.05907217160962633
qualifying_event_rate,state,4,male,45-64,0.05753123593694368,0.033699893294465155,0.08968872303407063
qualifying_event_rate,state,4,male,65-74,0.09504960815007867,0.05864696334897342,0.14286289049436873
qualifying_event_rate,state,4,male,75-84,0.10026462411863975,0.058283009122730066,0.16155546004273022
qualifying_event_rate,state,4,male,85+,0.07628800733848942,0.0,0.17698623007001107
person_years_exposure,state,4,female,0-17,5504.8536192845795,4800.215017279544,6241.434228341072
person_years_exposure,state,4,female,18-44,7415.061092100602,6488.080702749199,8364.851919590476
person_years_exposure,state,4,female,45-64,6290.622438975181,5487.817190517449,7137.527185515739
person_years_exposure,state,4,female,65-74,1673.7194595718256,1360.393193126473,1975.3833967305295
person_years_exposure,state,4,female,75-84,384.0458089989517,233.59854246095577,512.5347312238198
person_years_exposure,state,4,female,85+,30.63877002203294,10.786820700831463,51.60062635473488
person_years_exposure,state,4,female,18-64,13705.683531075782,11984.365392351921,15505.992199304601
person_years_exposure,state,4,female,65+,2088.40403859281,1620.6853917283477,2514.1011323627777
mortality_rate,state,4,female,0-17,0.009611457747649653,0.0034082316197340877,0.02018511944126841
mortality_rate,state,4,female,18-44,0.0019953845630836862,0.0005379913018645644,0.004268562108119036
mortality_rate,state,4,female,45-64,0.013173906257518275,0.004953214927016803,0.027067166660382752
mortality_rate,state,4,female,65-74,0.0673433444774563,0.025735489623999755,0.14555504265311497
mortality_rate,state,4,female,75-84,0.1857443229786854,0.07417473085291358,0.4432783880059178
mortality_rate,state,4,female,85+,0.2454162385539172,0.09039974053403392,0.6859245906171986
qualifying_event_rate,state,4,female,0-17,0.023308887137207048,0.012674573646553168,0.03819489955574143
qualifying_event_rate,state,4,female,18-44,0.039641459996788656,0.022718727690049817,0.0626724296092342
qualifying_event_rate,state,4,female,45-64,0.05839491013723822,0.03417881633610904,0.090717726269605
qualifying_event_rate,state,4,female,65-74,0.09692397133752145,0.058230257382626965,0.14491237908533736
qualifying_event_rate,state,4,female,75-84,0.09558378611523684,0.05464804638902182,0.15516067082314905
qualifying_event_rate,state,4,female,85+,0.054631835081636285,0.0,0.14677087782846235
person_years_exposure,state,5,male,0-17,5157.95367007375,4580.026950791099,5642.560427300474
person_years_exposure,state,5,male,18-44,7354.368999930474,6552.7775784708965,7947.970278085374
person_years_exposure,state,5,male,45-64,6987.709972891915,6230.5305425960005,7596.688356693064
person_years_exposure,state,5,male,65-74,1710.6363717409124,1391.276495216631,1965.38994711167
person_years_exposure,state,5,male,75-84,440.3483345287212,264.2488135483964,588.0565843879042
person_years_exposure,state,5,male,85+,17.310699326195927,5.767871819635237,29.885472251646704
person_years_exposure,state,5,male,18-64,14342.07897282239,12810.57316476697,15529.914901955697
person_years_exposure,state,5,male,65+,2168.2954055958294,1670.0312632619189,2566.495675881705
mortality_rate,state,5,male,0-17,0.019628644265093975,0.006978857046114335,0.04091371206912395
mortality_rate,state,5,male,18-44,0.003090914837342151,0.000977652566184286,0.006529062735726373
mortality_rate,state,5,male,45-64,0.015301452496943101,0.005719434571934387,0.03187523733753953
mortality_rate,state,5,male,65-74,0.07132786566182962,0.02645699223965183,0.1555794975911782
mortality_rate,state,5,male,75-84,0.18500947364104164,0.0748747082198838,0.4402567317537415
mortality_rate,state,5,male,85+,0.2223832007089829,0.06750061167406513,0.6592314887453019
qualifying_event_rate,state,5,male,0-17,0.015768064770315383,0.008424105442014034,0.026190887111026823
qualifying_event_rate,state,5,male,18-44,0.023788164585095375,0.013262472271687312,0.03877432734668148
qualifying_event_rate,state,5,male,45-64,0.038472187024380745,0.02207232763383972,0.061480649045301095
qualifying_event_rate,state,5,male,65-74,0.06500334363785254,0.038003519342725486,0.10180394395543542
qualifying_event_rate,state,5,male,75-84,0.06560396641658332,0.03534073109237057,0.11020341763331183
qualifying_event_rate,state,5,male,85+,0.055502980749170344,0.0,0.1707359672861488
person_years_exposure,state,5,female,0-17,5291.3516896627225,4718.718246905949,5740.422866974711
person_years_exposure,state,5,female,18-44,7326.737531991602,6531.624032908908,7902.135854034222
person_years_exposure,state,5,female,45-64,7015.37001956572,6267.751502318843,7595.351578313448
person_years_exposure,state,5,female,65-74,1828.3364728963616,1511.1219564833443,2093.4638230383885
person_years_exposure,state,5,female,75-84,455.35098267766915,279.43023267420125,599.3815681525572
person_years_exposure,state,5,female,85+,18.882935325945763,6.406822010712767,33.17074031113923
person_years_exposure,state,5,female,18-64,14342.107551557321,12805.460127887183,15463.359977309223
person_years_exposure,state,5,female,65+,2302.5703908999762,1792.9116439072827,2712.3258081670365
mortality_rate,state,5,female,0-17,0.013186983003379215,0.004603902401368244,0.0274601738183666
mortality_rate,state,5,female,18-44,0.002358944813271192,0.0007195532404739897,0.00484875938773025
mortality_rate,state,5,female,45-64,0.013344259115821473,0.004807629813208083,0.027444290241557135
mortality_rate,state,5,female,65-74,0.06584512516735166,0.024931147166633527,0.14317536404945685
mortality_rate,state,5,female,75-84,0.17897684542489012,0.0704161451553317,0.41520931575087144
mortality_rate,state,5,female,85+,0.23977278611418953,0.07133871691452143,0.6823885126905022
qualifying_event_rate,state,5,female,0-17,0.01693700074075561,0.009065270941217176,0.027980202446258023
qualifying_event_rate,state,5,female,18-44,0.025635659463776387,0.014376667893759106,0.04158771536609868
qualifying_event_rate,state,5,female,45-64,0.03362801850664802,0.01907933606790056,0.05332006143494193
qualifying_event_rate,state,5,female,65-74,0.07101242092214066,0.04189078482925349,0.11122922898946
qualifying_event_rate,state,5,female,75-84,0.0737333177253506,0.0397297945474355,0.12243372823388257
qualifying_event_rate,state,5,female,85+,0.06302676102850371,0.0,0.17321977124722018
