estimand,level,unit,sex,age_band,estimate,lower,upper
children_under_16,county,0,,,1864.4869488044476,1019.4322900268099,2709.5416075820854
children_under_16,county,1,,,549.5440756770159,203.63892111144617,895.4492302425857
children_under_16,county,2,,,584.6440292930905,434.41299645011554,734.8750621360655
children_under_16,county,3,,,903.6889234418511,557.6582828360451,1249.719564047657
children_under_16,county,4,,,1032.903109948963,310.01682093055047,1755.7893989673755
children_under_16,county,5,,,1572.2914343424425,912.3962041636323,2232.1866645212526
children_under_16,county,6,,,1082.5980922926578,812.1225701674123,1353.0736144179034
children_under_16,county,7,,,665.2188169840211,412.954448666311,917.4831853017313
children_under_16,county,8,,,379.2794332133017,231.5942113129257,526.9646551136776
children_under_16,county,9,,,1296.3528878007353,580.338754627224,2012.3670209742465
children_under_16,county,10,,,769.7917653078736,414.68153287461183,1124.9019977411353
children_under_16,county,11,,,642.9250856274906,462.73854957416586,823.1116216808153
children_under_16,county,12,,,531.6484446582385,314.28640106770825,749.0104882487688
children_under_16,county,13,,,1025.9893318083675,557.3815699460222,1494.5970936707129
children_under_16,county,14,,,301.6078891912,172.33886839454559,430.87690998785445
children_under_16,county,15,,,277.83804522769833,136.51003747589942,419.16605297949724
children_under_16,county,16,,,794.0184160341731,589.5994872145843,998.4373448537619
children_under_16,county,17,,,239.47307170354082,158.87438509696915,320.0717583101125
children_under_16,nation,0,,,14514.299801357109,12378.499483952903,16650.100118761315
children_under_16,state,0,,,1864.4869488044476,1073.3315392237823,2655.642358385113
children_under_16,state,1,,,827.3821209047143,429.5780033940075,1225.186238415421
children_under_16,state,2,,,2461.2605376199217,1970.2988565108685,2952.222218728975
children_under_16,state,3,,,1568.9077404258724,1109.3010729618668,2028.514407889878
children_under_16,state,4,,,1866.1594437984015,1068.77634630214,2663.5425412946634
children_under_16,state,5,,,5926.103009803752,4323.207136215147,7528.998883392356
elders_65_plus,county,0,,,712.5661416693306,389.60472963531697,1035.5275537033442
elders_65_plus,county,1,,,346.469291443047,128.38757768571864,564.5510052003754
elders_65_plus,county,2,,,329.5181017532631,244.84462133355242,414.1915821729738
elders_65_plus,county,3,,,569.4432001645969,351.39826209996124,787.4881382292325
elders_65_plus,county,4,,,667.3053760859569,200.2858634961956,1134.3248886757183
elders_65_plus,county,5,,,688.1988573449936,399.35982060089475,977.0378940890924
elders_65_plus,county,6,,,677.4336804917479,508.18414112834387,846.6832198551518
elders_65_plus,county,7,,,353.8044754147013,219.63469515634705,487.97425567305555
elders_65_plus,county,8,,,213.06564041335398,130.10135701627485,296.0299238104331
elders_65_plus,county,9,,,663.0859547802913,296.84392330921287,1029.3279862513698
elders_65_plus,county,10,,,363.6718327411726,195.9075166309608,531.4361488513844
elders_65_plus,county,11,,,347.7774080983277,250.3091215378792,445.24569465877624
elders_65_plus,county,12,,,278.7225518392547,164.76810680839762,392.6769968701118
elders_65_plus,county,13,,,482.6822137337096,262.2231652269919,703.1412622404273
elders_65_plus,county,14,,,172.25791987126632,98.42824424195635,246.0875955005763
elders_65_plus,county,15,,,160.9896359283448,79.0989629076862,242.8803089490034
elders_65_plus,county,16,,,396.4530721453631,294.38678413661955,498.5193601541066
elders_65_plus,county,17,,,93.93522400644505,62.31974579356994,125.55070221932016
elders_65_plus,nation,0,,,7517.380577925166,6430.2442271572545,8604.516928693078
elders_65_plus,state,0,,,712.5661416693306,410.2038440800642,1014.928439258597
elders_65_plus,state,1,,,507.4589273713918,263.6725089977317,751.2453457450518
elders_65_plus,state,2,,,1403.404854390374,1123.9074475714096,1682.9022612093386
elders_65_plus,state,3,,,923.2476755792982,653.001328743449,1193.4940224151474
elders_65_plus,state,4,,,1118.285847796478,610.7958689021573,1625.7758266907988
elders_65_plus,state,5,,,2852.4171311182936,2101.399385619295,3603.434876617292
households,county,0,,,3281.1503760316264,1794.0112929753054,4768.289459087948
households,county,1,,,1189.234184959302,440.6823348529656,1937.7860350656383
households,county,2,,,1209.2657612489845,898.5309633348713,1520.0005591630977
households,county,3,,,2088.998395647028,1289.1020659264889,2888.894725367567
households,county,4,,,2289.976318995754,687.3163335294696,3892.6363044620384
households,county,5,,,2814.59643059169,1633.3022259313884,3995.8906352519916
households,county,6,,,2440.2554499026305,1830.583798317118,3049.9271014881433
households,county,7,,,1432.698552009631,889.3904164234887,1976.0066875957732
households,county,8,,,900.4137285543552,549.807316345049,1251.0201407636614
households,county,9,,,2922.8232999376287,1308.4613378374847,4537.185262037772
households,county,10,,,1827.2711446328424,984.3384060244422,2670.2038832412427
households,county,11,,,1339.7291836855416,964.25595009373,1715.202417277353
households,county,12,,,1110.6716421937808,656.5786032110711,1564.7646811764905
households,county,13,,,2100.7731824863104,1141.271374129089,3060.2749908435317
households,county,14,,,701.4279878716831,400.79623253301804,1002.0597432103481
households,county,15,,,755.3531027699767,371.12728849701386,1139.5789170429393
households,county,16,,,1793.0184385589318,1331.4083534998795,2254.6285236179842
households,county,17,,,427.43846289304656,283.57686513912256,571.3000606469706
households,nation,0,,,30625.095642970744,26137.515079864348,35112.67620607714
households,state,0,,,3281.1503760316264,1888.8639503692707,4673.4368016939825
households,state,1,,,1944.5872877292786,988.5826933692747,2900.5918820892825
households,state,2,,,5442.539649710547,4357.378014421667,6527.701284999426
households,state,3,,,3521.6969476566587,2491.7272104350805,4551.666684878237
households,state,4,,,4102.075949061218,2341.8980372453652,5862.253860877071
households,state,5,,,12333.045432781415,9001.458340130814,15664.632525432016
low_income_household_share,county,0,,,0.27074249549068513,0.1829424719744548,0.35854251900691547
low_income_household_share,county,1,,,0.2697835253168785,0.18183322833446364,0.35773382229929335
low_income_household_share,county,2,,,0.30278463235008346,0.21974856053911213,0.3858207041610548
low_income_household_share,county,3,,,0.37909507456641856,0.29506788793018807,0.46312226120264904
low_income_household_share,county,4,,,0.3094838394583836,0.22345008072222403,0.39551759819454313
low_income_household_share,county,5,,,0.36523405764990613,0.28071868371470693,0.44974943158510533
low_income_household_share,county,6,,,0.3924082236695252,0.30913749989645,0.4756789474426004
low_income_household_share,county,7,,,0.40160476244021465,0.3172187422355571,0.48599078264487217
low_income_household_share,county,8,,,0.3663817982115477,0.28143751225688796,0.45132608416620745
low_income_household_share,county,9,,,0.38823380519285494,0.3032328682568146,0.47323474212889527
low_income_household_share,county,10,,,0.3376644479436589,0.2542873811273919,0.4210415147599259
low_income_household_share,county,11,,,0.3742361199496353,0.29047900356128464,0.45799323633798594
low_income_household_share,county,12,,,0.3634280979632112,0.2755610720071353,0.45129512391928706
low_income_household_share,county,13,,,0.3606356248128856,0.27632934534027476,0.4449419042854964
low_income_household_share,county,14,,,0.4340551356759779,0.34276198780371575,0.5253482835482401
low_income_household_share,county,15,,,0.31500620616485514,0.22534270786021973,0.4046697044694906
low_income_household_share,county,16,,,0.36802160231778275,0.2846451349170216,0.4513980697185439
low_income_household_share,county,17,,,0.35694711646236144,0.27287720958719586,0.441017023337527
low_income_household_share,nation,0,,,0.3501843265700552,0.33713152099218535,0.3632371321479251
low_income_household_share,state,0,,,0.27074249549068513,0.2400214663827499,0.30146352459862036
low_income_household_share,state,1,,,0.285538601642841,0.2513543575731637,0.3197228457125183
low_income_household_share,state,2,,,0.3640605714908666,0.3526738969698509,0.37544724601188234
low_income_household_share,state,3,,,0.38843432767748903,0.37012361053331183,0.40674504482166624
low_income_household_share,state,4,,,0.3458602147902836,0.3152681725556865,0.3764522570248807
low_income_household_share,state,5,,,0.3663169097021752,0.34922638847134857,0.3834074309330018
mean_income_adults,county,0,,,38334.98806722829,30674.16595120781,45995.81018324877
mean_income_adults,county,1,,,27731.850173197487,22158.4967079472,33305.20363844777
mean_income_adults,county,2,,,38316.35611864262,31850.37038546496,44782.34185182029
mean_income_adults,county,3,,,26299.055501659223,21811.50337104717,30786.607632271276
mean_income_adults,county,4,,,36265.62844349193,29607.331182508933,42923.925704474925
mean_income_adults,county,5,,,26171.708022507246,21646.778253593307,30696.637791421184
mean_income_adults,county,6,,,35430.266910489794,29485.00409532245,41375.52972565714
mean_income_adults,county,7,,,26768.39092800485,22188.95220618178,31347.82964982792
mean_income_adults,county,8,,,26910.453199679214,22217.216171138283,31603.690228220144
mean_income_adults,county,9,,,28509.023916917326,23561.84173757543,33456.20609625922
mean_income_adults,county,10,,,32424.091809725178,26931.343252451432,37916.84036699892
mean_income_adults,county,11,,,29989.946503997347,24896.362318369716,35083.53068962498
mean_income_adults,county,12,,,32214.426591920303,26248.67531917923,38180.177864661375
mean_income_adults,county,13,,,27367.68622917604,22651.73407948248,32083.6383788696
mean_income_adults,county,14,,,27240.167174095594,22115.67684299292,32364.657505198265
mean_income_adults,county,15,,,29347.41810622133,23484.975347777225,35209.86086466543
mean_income_adults,county,16,,,40027.72868913295,33277.65041567992,46777.80696258598
mean_income_adults,county,17,,,31485.865015725867,26083.86703858831,36887.862992863425
mean_income_adults,nation,0,,,31458.087271979766,30225.70543975803,32690.469104201504
mean_income_adults,state,0,,,38334.98806722829,33985.13422499616,42684.84190946042
mean_income_adults,state,1,,,28287.11806363667,25068.54053767972,31505.69558959362
mean_income_adults,state,2,,,37547.836720838386,36329.63356737538,38766.039874301394
mean_income_adults,state,3,,,26496.4079694539,25334.37247329521,27658.44346561259
mean_income_adults,state,4,,,33589.80309161204,30629.371957530988,36550.23422569309
mean_income_adults,state,5,,,28417.009175684114,27170.054758892216,29663.96359247601
median_household_income,county,0,,,33671.58999999998,26942.696256738556,40400.48374326141
median_household_income,county,1,,,36609.46804889077,29251.9529773412,43966.98312044034
median_household_income,county,2,,,47362.36440739464,39369.841016090904,55354.88779869838
median_household_income,county,3,,,27384.38178074331,22711.634472463913,32057.12908902271
median_household_income,county,4,,,45416.70176345671,37078.2856396139,53755.117887299515
median_household_income,county,5,,,30277.277683028333,25042.51979134665,35512.03557471001
median_household_income,county,6,,,24706.823028926538,20560.973475890623,28852.67258196245
median_household_income,county,7,,,24738.681953519994,20506.478442688385,28970.885464351602
median_household_income,county,8,,,30046.282219635345,24806.150318591604,35286.41412067908
median_household_income,county,9,,,24554.52350333656,20293.56734251008,28815.479664163042
median_household_income,county,10,,,40069.9949727871,33282.0050926595,46857.9848529147
median_household_income,county,11,,,28984.602926883184,24061.769367463854,33907.43648630251
median_household_income,county,12,,,30026.645503834352,24466.046803760866,35587.24420390784
median_household_income,county,13,,,30478.476027170575,25226.477983343026,35730.47407099813
median_household_income,county,14,,,18739.549780027064,15214.21746311355,22264.88209694058
median_household_income,county,15,,,34151.88999999999,27329.705523906792,40974.07447609319
median_household_income,county,16,,,30726.3429968226,25544.804421494293,35907.88157215091
median_household_income,county,17,,,35975.51727960887,29803.234209924743,42147.800349292986
median_household_income,nation,0,,,31647.442687659204,30247.54107640691,33047.3442989115
median_household_income,state,0,,,33671.58999999998,29850.889837560757,37492.29016243921
median_household_income,state,1,,,35752.67223301497,31552.074882935856,39953.26958309409
median_household_income,state,2,,,31825.493763364255,30814.596086813355,32836.391439915154
median_household_income,state,3,,,26286.084524484595,24974.931153185204,27597.237895783986
median_household_income,state,4,,,36566.50218320023,32997.43897296379,40135.56539343667
median_household_income,state,5,,,30485.03035682506,28913.98381386252,32056.0768997876
persons,county,0,,,7414.321128215477,4053.875717165778,10774.766539265176
persons,county,1,,,2387.083309324378,884.5570195895527,3889.609599059204
persons,county,2,,,2334.3270532833294,1734.494767931711,2934.1593386349477
persons,county,3,,,4023.6473110730367,2482.9564599341265,5564.338162211947
persons,county,4,,,4350.794545316872,1305.852872809885,7395.73621782386
persons,county,5,,,6855.100705129804,3977.9952532372813,9732.206157022327
persons,county,6,,,4601.833572002502,3452.1148102735315,5751.552333731472
persons,county,7,,,2854.8464322334326,1772.2311882200713,3937.461676246794
persons,county,8,,,1878.979069060348,1147.3352822898732,2610.6228558308226
persons,county,9,,,5906.051548506604,2643.9641803392665,9168.138916673943
persons,county,10,,,3678.555195916498,1981.6123998110525,5375.497992021944
persons,county,11,,,2845.004143284662,2047.661726422058,3642.346560147266
persons,county,12,,,2077.118784207215,1227.89823583189,2926.33933258254
persons,county,13,,,4684.245558955562,2544.7751382184897,6823.715979692634
persons,county,14,,,1301.634965234611,743.7547392173836,1859.5151912518381
persons,county,15,,,1214.8064318904408,596.8702788972668,1832.7425848836147
persons,county,16,,,3208.5182043139785,2382.489687620499,4034.546721007458
persons,county,17,,,1048.065923044433,695.3217239845079,1400.810122104358
persons,nation,0,,,62664.93388099318,53439.75245216522,71890.11530982114
persons,state,0,,,7414.321128215477,4268.211538809535,10560.430717621419
persons,state,1,,,3601.889741214819,1868.698399718934,5335.081082710703
persons,state,2,,,10144.678829599809,8122.223633753142,12167.134025446474
persons,state,3,,,6878.49374330647,4864.962258217105,8892.025228395834
persons,state,4,,,7729.548294758698,4398.846533931495,11060.2500555859
persons,state,5,,,26896.00214389791,19621.59539113371,34170.408896662106
tertiary_share_25_plus,county,0,,,0.46206403342244556,0.4382253377367675,0.48590272910812365
tertiary_share_25_plus,county,1,,,0.4236090121319191,0.39249174738331183,0.45472627688052636
tertiary_share_25_plus,county,2,,,0.39675318918059416,0.36703132252911463,0.4264750558320737
tertiary_share_25_plus,county,3,,,0.3853353184065197,0.35955893213570356,0.4111117046773358
tertiary_share_25_plus,county,4,,,0.4002708772658707,0.37440799665959495,0.4261337578721464
tertiary_share_25_plus,county,5,,,0.43203174499740976,0.4074231877128225,0.45664030228199703
tertiary_share_25_plus,county,6,,,0.3788482216854039,0.3532290828843098,0.40446736048649795
tertiary_share_25_plus,county,7,,,0.3642802011258132,0.33606958733350584,0.3924908149181206
tertiary_share_25_plus,county,8,,,0.40869659743358283,0.3748792398237899,0.44251395504337576
tertiary_share_25_plus,county,9,,,0.3865144936694631,0.36120162896774877,0.41182735837117745
tertiary_share_25_plus,county,10,,,0.3775914771208954,0.34937043631725334,0.4058125179245375
tertiary_share_25_plus,county,11,,,0.39692627238763345,0.36763847917360964,0.42621406560165725
tertiary_share_25_plus,county,12,,,0.4123739433608952,0.3813651524730184,0.44338273424877206
tertiary_share_25_plus,county,13,,,0.4068935210083097,0.38030021979475115,0.4334868222218683
tertiary_share_25_plus,county,14,,,0.3835862400290152,0.34782844224575127,0.41934403781227914
tertiary_share_25_plus,county,15,,,0.41665803842250027,0.37832720545658793,0.4549888713884126
tertiary_share_25_plus,county,16,,,0.3764442407604043,0.3488422746627565,0.40404620685805204
tertiary_share_25_plus,county,17,,,0.39361990469340624,0.35125238742811804,0.43598742195869444
tertiary_share_25_plus,nation,0,,,0.4042358740470487,0.3834171459839364,0.425054602110161
tertiary_share_25_plus,state,0,,,0.46206403342244556,0.4382253377367675,0.48590272910812365
tertiary_share_25_plus,state,1,,,0.42119768013056336,0.3934143689699946,0.4489809912911321
tertiary_share_25_plus,state,2,,,0.38221186373778465,0.3595287484480743,0.404894979027495
tertiary_share_25_plus,state,3,,,0.3765740369220652,0.35285796741301945,0.40029010643111096
tertiary_share_25_plus,state,4,,,0.4007433149245574,0.37724563996575095,0.42424098988336384
tertiary_share_25_plus,state,5,,,0.40340992849458884,0.3818375347473515,0.4249823222418262
person_years_exposure,county,0,male,0-17,5071.7174906617165,3096.099081627931,7525.470661711227
person_years_exposure,county,0,male,18-44,6254.128931874777,3845.295162704772,9285.354831596125
person_years_exposure,county,0,male,45-64,4831.150582296848,2956.3759605836854,7290.3343700227115
person_years_exposure,county,0,male,65-74,1200.7225291022087,725.7618827230714,1828.8858211600698
person_years_exposure,county,0,male,75-84,533.2189994841,304.9090157777288,829.7015074318347
person_years_exposure,county,0,male,85+,57.61435982996052,23.957404422860034,97.0113720284824
person_years_exposure,county,0,male,18-64,11085.279514171625,6799.4041620984035,16565.79069990135
person_years_exposure,county,0,male,65+,1791.5558884162692,1066.2530392628526,2726.3249388796594
mortality_rate,county,0,male,0-17,0.0008856367151798827,0.0,0.0020985069968733534
mortality_rate,county,0,male,18-44,0.001342082131489396,0.0002670072186651672,0.0030274674602405274
mortality_rate,county,0,male,45-64,0.007778701467660216,0.002652785906095036,0.016051709153862937
mortality_rate,county,0,male,65-74,0.0455018004603449,0.016788300448994185,0.09631949962096453
mortality_rate,county,0,male,75-84,0.10875600071392419,0.03960506600170208,0.2452134945761197
mortality_rate,county,0,male,85+,0.15821685254168255,0.0447320343849235,0.4372472531035674
qualifying_event_rate,county,0,male,0-17,0.02467295892844053,0.01856739202950602,0.03259850303517928
qualifying_event_rate,county,0,male,18-44,0.028518035156102073,0.0217568899027717,0.03748090091890448
qualifying_event_rate,county,0,male,45-64,0.04415315632194327,0.0347244051732897,0.056597972419398714
qualifying_event_rate,county,0,male,65-74,0.0802606205858612,0.061094003373054956,0.10553077433786912
qualifying_event_rate,county,0,male,75-84,0.06863441689626819,0.0475264382202546,0.09611451433756892
qualifying_event_rate,county,0,male,85+,0.051588321489987904,0.0,0.11119817621074839
person_years_exposure,county,0,female,0-17,5057.031116297424,3094.825016263622,7506.878290774038
person_years_exposure,county,0,female,18-44,6571.820717995419,4017.9892068081863,9823.629397322204
person_years_exposure,county,0,female,45-64,5056.444434633902,3090.550399208178,7481.465709017508
person_years_exposure,county,0,female,65-74,1268.4281765592812,772.4014586888638,1912.186830913398
person_years_exposure,county,0,female,75-84,496.9233382806815,274.5635850443238,780.8761887228189
person_years_exposure,county,0,female,85+,54.460037450842265,22.69439365489265,92.73583696912539
person_years_exposure,county,0,female,18-64,11628.265152629321,7116.149857473785,17285.60260049016
person_years_exposure,county,0,female,65+,1819.811552290805,1080.5237840536545,2789.331666860083
mortality_rate,county,0,female,0-17,0.0006894021501597095,0.0,0.001677946731501242
mortality_rate,county,0,female,18-44,0.0012723743944129653,0.0002565253960820137,0.0028541173917262996
mortality_rate,county,0,female,45-64,0.007716695688672205,0.002510346457074963,0.015961495416328728
mortality_rate,county,0,female,65-74,0.03873288509387182,0.01352249151416692,0.08295957727431047
mortality_rate,county,0,female,75-84,0.12004286834959824,0.04547678888251973,0.28122484932416514
mortality_rate,county,0,female,85+,0.1967050694603234,0.06681989711727897,0.5186357452892869
qualifying_event_rate,county,0,female,0-17,0.019484300685081033,0.01415901988215938,0.026142091149720405
qualifying_event_rate,county,0,female,18-44,0.02854004493460388,0.021686559399038016,0.037308344071862294
qualifying_event_rate,county,0,female,45-64,0.04634498081446173,0.036076050175495804,0.06035997656085917
qualifying_event_rate,county,0,female,65-74,0.06690896912391839,0.0501486084103032,0.08808030367188191
qualifying_event_rate,county,0,female,75-84,0.07111672317397959,0.04832347315808273,0.09976172402834681
qualifying_event_rate,county,0,female,85+,0.07004463206459735,0.018889095074612238,0.13514859395747003
person_years_exposure,county,1,male,0-17,1519.842065406149,853.7748801330879,2715.6902761445926
person_years_exposure,county,1,male,18-44,1996.593323914027,1124.8125171582744,3559.462201433855
person_years_exposure,county,1,male,45-64,1965.5923437150443,1106.389788173643,3491.9094709163037
person_years_exposure,county,1,male,65-74,680.5576008213201,384.06026110627533,1203.4997811886444
person_years_exposure,county,1,male,75-84,237.37775578725567,126.86034653072046,427.66155643314113
person_years_exposure,county,1,male,85+,46.931509459499665,21.06958142080791,87.70714184783043
person_years_exposure,county,1,male,18-64,3962.1856676290713,2231.248001103465,7048.9186537258
person_years_exposure,county,1,male,65+,964.8668660680754,545.9060846451007,1689.3890749610086
mortality_rate,county,1,male,0-17,0.0008635765714572844,0.0,0.0026749398662274954
mortality_rate,county,1,male,18-44,0.0015612530917859693,0.0,0.00398809351809067
mortality_rate,county,1,male,45-64,0.008058063126947238,0.0022942684831531025,0.017252291244600357
mortality_rate,county,1,male,65-74,0.03495390551112032,0.011137229921384207,0.07804493652456454
mortality_rate,county,1,male,75-84,0.10686379549767175,0.0361311022338079,0.24720541976967647
mortality_rate,county,1,male,85+,0.16001092431853586,0.045067182543951256,0.4114322506985322
qualifying_event_rate,county,1,male,0-17,0.01959175092284528,0.012323710206418047,0.02823130544600065
qualifying_event_rate,county,1,male,18-44,0.02799257504124779,0.019919542036626152,0.03828612485493714
qualifying_event_rate,county,1,male,45-64,0.04010176917954928,0.029578379774772012,0.05333941882606569
qualifying_event_rate,county,1,male,65-74,0.06356913902886079,0.04404038147726022,0.087256103738219
qualifying_event_rate,county,1,male,75-84,0.07130731849389943,0.0417992227869765,0.10631906016323843
qualifying_event_rate,county,1,male,85+,0.04278241752138952,0.0,0.10020375762700574
person_years_exposure,county,1,female,0-17,1567.6154927585196,881.5185508409869,2794.972545773365
person_years_exposure,county,1,female,18-44,1767.6602212228731,993.9126970675592,3138.1752205116577
person_years_exposure,county,1,female,45-64,2082.594494457902,1172.369166203015,3712.22155042314
person_years_exposure,county,1,female,65-74,596.8764347370736,336.70216457000333,1065.4182971139282
person_years_exposure,county,1,female,75-84,281.89099071692664,147.956362798431,499.1348857301483
person_years_exposure,county,1,female,85+,22.62664123725559,9.305979441985572,42.468768752572856
person_years_exposure,county,1,female,18-64,3850.254715680775,2170.5298895636465,6854.5166072200545
person_years_exposure,county,1,female,65+,901.3940666912558,504.7573863317906,1593.2401360802498
mortality_rate,county,1,female,0-17,0.0007687332324583207,0.0,0.002426691565613847
mortality_rate,county,1,female,18-44,0.0015051787098593855,0.0,0.0038820543539090663
mortality_rate,county,1,female,45-64,0.008219164866492934,0.002271769050673882,0.017276400847124604
mortality_rate,county,1,female,65-74,0.0378243630435532,0.011218106672200256,0.08169232199300544
mortality_rate,county,1,female,75-84,0.10481584132464523,0.037931816685379746,0.2385319490777565
mortality_rate,county,1,female,85+,0.20794058547305808,0.05283231229475233,0.5717688674320853
qualifying_event_rate,county,1,female,0-17,0.022321919923376458,0.014662903644972712,0.031450883117078776
qualifying_event_rate,county,1,female,18-44,0.02412844946958886,0.016103989970761068,0.03342870893420753
qualifying_event_rate,county,1,female,45-64,0.04040370387702517,0.030341878461664376,0.05349491571114047
qualifying_event_rate,county,1,female,65-74,0.06016449965967531,0.040476990011832775,0.0844720811208352
qualifying_event_rate,county,1,female,75-84,0.07355923836485824,0.04538565552952538,0.10908175663970758
qualifying_event_rate,county,1,female,85+,0.05381589700403294,0.0,0.1552332053644092
person_years_exposure,county,2,male,0-17,1724.1504926331036,1364.683777391088,2056.294932005044
person_years_exposure,county,2,male,18-44,1859.155080934895,1469.7333790232847,2214.2980372539696
person_years_exposure,county,2,male,45-64,1906.2874291604282,1508.0063383343297,2269.9325958226336
person_years_exposure,county,2,male,65-74,625.7042935999522,488.90192414460523,757.2663851687867
person_years_exposure,county,2,male,75-84,222.06671834488617,154.8486047829256,286.56772376802695
person_years_exposure,county,2,male,85+,36.56988414427786,17.80934574067625,54.79598338902806
person_years_exposure,county,2,male,18-64,3765.442510095323,2974.4716238466203,4484.603083321108
person_years_exposure,county,2,male,65+,884.3408960891162,674.3368959836516,1091.2866540368607
mortality_rate,county,2,male,0-17,0.0008544176030714291,0.0,0.002393617876807476
mortality_rate,county,2,male,18-44,0.0015196125064937142,0.0,0.0038822303421377513
mortality_rate,county,2,male,45-64,0.008303115657102697,0.002390709724392093,0.017950870465597835
mortality_rate,county,2,male,65-74,0.03734199546161165,0.011920707402064343,0.0817466142838677
mortality_rate,county,2,male,75-84,0.10267933597393013,0.03576161495089039,0.24297748692746612
mortality_rate,county,2,male,85+,0.16153183014582786,0.04226645041814831,0.44511753159168505
qualifying_event_rate,county,2,male,0-17,0.022267816278390255,0.014903440910131288,0.03105599939701277
qualifying_event_rate,county,2,male,18-44,0.03224925325578778,0.023119466722705345,0.043162677276117965
qualifying_event_rate,county,2,male,45-64,0.049825353647918645,0.037626930738972164,0.06474342351341485
qualifying_event_rate,county,2,male,65-74,0.07383054032430114,0.05318556274845905,0.09884452056132986
qualifying_event_rate,county,2,male,75-84,0.07620033456128818,0.04622946078751684,0.11348333060705199
qualifying_event_rate,county,2,male,85+,0.04713374686871451,0.0,0.11415886295372245
person_years_exposure,county,2,female,0-17,1557.336163884535,1234.047205213485,1858.3282246825154
person_years_exposure,county,2,female,18-44,1772.533981844548,1405.2054355609876,2112.1073552718053
person_years_exposure,county,2,female,45-64,1946.8578350901184,1543.8970537082423,2319.860540638663
person_years_exposure,county,2,female,65-74,588.6149621355287,459.56882071774976,713.0006417401696
person_years_exposure,county,2,female,75-84,245.68141398979657,168.41297416095895,320.5352790749417
person_years_exposure,county,2,female,85+,35.83041968498478,17.608478315504833,55.286281239442076
person_years_exposure,county,2,female,18-64,3719.391816934666,2946.6011752143513,4430.86141202531
person_years_exposure,county,2,female,65+,870.12679581031,657.1110024377335,1079.8018832793841
mortality_rate,county,2,female,0-17,0.0007612658734147906,0.0,0.0023926043581116692
mortality_rate,county,2,female,18-44,0.001085354720815006,0.0,0.0029020867552119207
mortality_rate,county,2,female,45-64,0.008292358423799705,0.002445722330314259,0.01795896297587913
mortality_rate,county,2,female,65-74,0.03881042494991045,0.012525421873027366,0.08493799825914389
mortality_rate,county,2,female,75-84,0.10887636795949122,0.03810609145214968,0.2537762670954079
mortality_rate,county,2,female,85+,0.19511392929567833,0.061184047142244694,0.49677413682416316
qualifying_event_rate,county,2,female,0-17,0.023466929802966812,0.015877094789041632,0.03273249525001942
qualifying_event_rate,county,2,female,18-44,0.03129334128758969,0.022185675111418595,0.04209165816915255
qualifying_event_rate,county,2,female,45-64,0.04643449848166001,0.03464946791988851,0.05983606206028276
qualifying_event_rate,county,2,female,65-74,0.077066457685835,0.054892838507864014,0.10281243254856716
qualifying_event_rate,county,2,female,75-84,0.08096325369623637,0.05187492656283818,0.11725164559620059
qualifying_event_rate,county,2,female,85+,0.06308566459330388,0.0,0.135946173665267
person_years_exposure,county,3,male,0-17,2378.8061276242915,1672.240323377389,3486.927910781082
person_years_exposure,county,3,male,18-44,3004.211280473117,2112.8683640918407,4380.456075154832
person_years_exposure,county,3,male,45-64,3446.004012220895,2427.6839812414996,5107.496983280589
person_years_exposure,county,3,male,65-74,1022.0451488914832,712.4977806253484,1479.4220629664549
person_years_exposure,county,3,male,75-84,372.91021893879923,232.3500384551157,544.6764566659524
person_years_exposure,county,3,male,85+,87.95332394385642,41.19060241320362,146.48208199974098
person_years_exposure,county,3,male,18-64,6450.2152926940125,4538.258441094577,9504.550065595826
person_years_exposure,county,3,male,65+,1482.908691774139,1005.8742148756709,2158.765461089748
mortality_rate,county,3,male,0-17,0.000871342091387689,0.0,0.00237442179757447
mortality_rate,county,3,male,18-44,0.0014853823273865215,0.0002102548129853211,0.003636395870925655
mortality_rate,county,3,male,45-64,0.007830344463269974,0.0024672020217104077,0.01674276859215244
mortality_rate,county,3,male,65-74,0.04806510750552324,0.016377546274659552,0.10455189396064694
mortality_rate,county,3,male,75-84,0.10829859300251087,0.038595126722808556,0.25006586948234305
mortality_rate,county,3,male,85+,0.17230780455021183,0.059655309515521365,0.45036653419285666
qualifying_event_rate,county,3,male,0-17,0.02523238380871954,0.01777480540339914,0.0342206338837106
qualifying_event_rate,county,3,male,18-44,0.03160056786339904,0.023239602468855022,0.04165362990560063
qualifying_event_rate,county,3,male,45-64,0.049071783404865135,0.0379247114084676,0.06338047803127846
qualifying_event_rate,county,3,male,65-74,0.08207440613259138,0.06190907869216968,0.10858625820803858
qualifying_event_rate,county,3,male,75-84,0.0938072299537535,0.06571847356867719,0.13149530139173096
qualifying_event_rate,county,3,male,85+,0.05680293919581223,0.017650233688482925,0.1072313565674763
person_years_exposure,county,3,female,0-17,2593.634599623559,1829.2038667625363,3800.5577191632246
person_years_exposure,county,3,female,18-44,2943.9616712357374,2067.894964023654,4349.313678524984
person_years_exposure,county,3,female,45-64,2914.5315646076388,2053.725453493606,4323.100994516773
person_years_exposure,county,3,female,65-74,1028.1118672668163,725.4708677081545,1478.8536453831027
person_years_exposure,county,3,female,75-84,390.9932697799222,243.7483235858871,574.6997243379868
person_years_exposure,county,3,female,85+,33.012848112291294,15.023346245250732,56.019301234243954
person_years_exposure,county,3,female,18-64,5858.493235843376,4125.817844027807,8706.80540634354
person_years_exposure,county,3,female,65+,1452.1179851590298,999.6882419064964,2096.4503780909854
mortality_rate,county,3,female,0-17,0.000770742122961399,0.0,0.0021258602956438456
mortality_rate,county,3,female,18-44,0.0016152965373879742,0.0002743765456126673,0.003925846003306679
mortality_rate,county,3,female,45-64,0.008932710931972648,0.0027658500903355488,0.018868936855519894
mortality_rate,county,3,female,65-74,0.04027834504171041,0.013895759701858815,0.08736270115941155
mortality_rate,county,3,female,75-84,0.10596581734690784,0.0377780838786124,0.24194000147553896
mortality_rate,county,3,female,85+,0.20716684664644003,0.05438848088829751,0.5858656476628843
qualifying_event_rate,county,3,female,0-17,0.02530157751771377,0.018180442195795867,0.03399647453066502
qualifying_event_rate,county,3,female,18-44,0.03496314390186112,0.026293382346377688,0.04555414637220245
qualifying_event_rate,county,3,female,45-64,0.052636467003541444,0.04069881255703293,0.06829638083364092
qualifying_event_rate,county,3,female,65-74,0.07966085668114292,0.06032363102007505,0.10467304074765009
qualifying_event_rate,county,3,female,75-84,0.09056927580250482,0.06437654471540019,0.1237996076656529
qualifying_event_rate,county,3,female,85+,0.08027650696324866,0.0,0.17187964905572745
person_years_exposure,county,4,male,0-17,2900.380772291757,1793.7958776188573,6001.248945263581
person_years_exposure,county,4,male,18-44,3442.705670140963,2141.853193064884,7149.178867922923
person_years_exposure,county,4,male,45-64,3637.610652773137,2248.8827962225682,7438.587555040822
person_years_exposure,county,4,male,65-74,1201.180203881471,739.1392035754291,2458.609655341497
person_years_exposure,county,4,male,75-84,478.70420088175507,269.31307819973927,959.9242734712108
person_years_exposure,county,4,male,85+,79.78603134207627,36.033309005283535,153.44603880335134
person_years_exposure,county,4,male,18-64,7080.3163229141,4373.964759463515,14588.549054273693
person_years_exposure,county,4,male,65+,1759.6704361053023,1068.0247355187348,3621.676857242345
mortality_rate,county,4,male,0-17,0.0008870400503369493,0.0,0.002333421550362339
mortality_rate,county,4,male,18-44,0.0018019586556744453,0.00030906714656271563,0.004328919567291533
mortality_rate,county,4,male,45-64,0.007929580517505409,0.0025318629795109977,0.016601577665628964
mortality_rate,county,4,male,65-74,0.03914073197036347,0.013640590733300503,0.08389723634185788
mortality_rate,county,4,male,75-84,0.10551770492334599,0.03741592856395821,0.24525524536574292
mortality_rate,county,4,male,85+,0.1573031251896089,0.05340048102884192,0.4218391837982226
qualifying_event_rate,county,4,male,0-17,0.021479702596781367,0.01497608889029055,0.029383447024894052
qualifying_event_rate,county,4,male,18-44,0.02630051202468685,0.0193350528232347,0.03497204173573608
qualifying_event_rate,county,4,male,45-64,0.04054497044476523,0.03107192728457281,0.053091458496901056
qualifying_event_rate,county,4,male,65-74,0.0679279842744157,0.05113554059209296,0.08910641440369745
qualifying_event_rate,county,4,male,75-84,0.07165944450113734,0.04915164191045786,0.1008347482227642
qualifying_event_rate,county,4,male,85+,0.06397987484835778,0.02095089142643392,0.11636356752691145
person_years_exposure,county,4,female,0-17,2910.173126512416,1799.6977795172807,6032.077220260949
person_years_exposure,county,4,female,18-44,3258.744793940006,2026.3461683802986,6751.674901270978
person_years_exposure,county,4,female,45-64,3577.4376601502863,2213.427936668138,7315.8530507793985
person_years_exposure,county,4,female,65-74,1168.0720547498831,720.7193092236075,2384.180668196808
person_years_exposure,county,4,female,75-84,447.40761624039146,257.04771148611843,918.3754298187524
person_years_exposure,county,4,female,85+,52.18756543636528,21.868210109825853,101.86956415312908
person_years_exposure,county,4,female,18-64,6836.182454090293,4249.598725918053,14054.501436772836
person_years_exposure,county,4,female,65+,1667.6672364266399,1015.1271517734948,3401.1435909007955
mortality_rate,county,4,female,0-17,0.000802512124613297,0.0,0.0022206278147307093
mortality_rate,county,4,female,18-44,0.0010364240282119434,0.0,0.0026858718169650263
mortality_rate,county,4,female,45-64,0.008309592955982126,0.0027179866333256423,0.017369555031571914
mortality_rate,county,4,female,65-74,0.038876578158505544,0.013005940774147568,0.08289761577810413
mortality_rate,county,4,female,75-84,0.10306949111160685,0.03775698030144103,0.23803400787256007
mortality_rate,county,4,female,85+,0.20705218947042645,0.0686634707334635,0.5343439963141917
qualifying_event_rate,county,4,female,0-17,0.020822362468902234,0.014609589719749197,0.02822149125827144
qualifying_event_rate,county,4,female,18-44,0.024399941886094765,0.017842670907838688,0.032797136546109176
qualifying_event_rate,county,4,female,45-64,0.04029376643112333,0.030590535670923746,0.05261087785774888
qualifying_event_rate,county,4,female,65-74,0.07031706119405368,0.05249620974704999,0.0922580925131074
qualifying_event_rate,county,4,female,75-84,0.07301571213132374,0.049562011488322705,0.10257994840670435
qualifying_event_rate,county,4,female,85+,0.07800837676341636,0.022689404202513416,0.14766915552944654
person_years_exposure,county,5,male,0-17,4610.261693938662,3427.909903255544,7090.474610144218
person_years_exposure,county,5,male,18-44,5589.152237479292,4143.469812016856,8590.899211435044
person_years_exposure,county,5,male,45-64,4287.713215722242,3156.8185646772713,6610.032167647678
person_years_exposure,county,5,male,65-74,1259.0804768459027,919.522433591269,1951.2242453125957
person_years_exposure,county,5,male,75-84,474.78215069811745,308.65225370959496,740.6498407471123
person_years_exposure,county,5,male,85+,87.72101145934049,43.353771801208,145.01906694875623
person_years_exposure,county,5,male,18-64,9876.865453201535,7297.662307862406,15194.24677457511
person_years_exposure,county,5,male,65+,1821.5836390033605,1283.2888964791077,2815.8802794004882
mortality_rate,county,5,male,0-17,0.0008500483427334354,0.0,0.0020511443996541227
mortality_rate,county,5,male,18-44,0.0014006799150600173,0.0002351540836541487,0.003149763207071086
mortality_rate,county,5,male,45-64,0.007553491896914227,0.0025584819551886474,0.016102348360244913
mortality_rate,county,5,male,65-74,0.04351436381155598,0.015278179565941352,0.09411157464321751
mortality_rate,county,5,male,75-84,0.10810630550125187,0.03820594548323509,0.24716979930790328
mortality_rate,county,5,male,85+,0.1929874955076777,0.06873561803743765,0.48183969909986907
qualifying_event_rate,county,5,male,0-17,0.021504867399739645,0.016014917129668238,0.02825670071822005
qualifying_event_rate,county,5,male,18-44,0.02795532764047902,0.021283011850702555,0.03642451495063902
qualifying_event_rate,county,5,male,45-64,0.04120023338046256,0.03181842562527803,0.052890941555452244
qualifying_event_rate,county,5,male,65-74,0.07246646090161027,0.055982908746476316,0.09492959773581483
qualifying_event_rate,county,5,male,75-84,0.07561214051017845,0.05229287558684013,0.10511468043092302
qualifying_event_rate,county,5,male,85+,0.054766038785808296,0.01689178552722615,0.1023943581066821
person_years_exposure,county,5,female,0-17,4320.7268716107565,3211.4710332278923,6651.33517482777
person_years_exposure,county,5,female,18-44,5737.732996387864,4282.653174452483,8841.92869732449
person_years_exposure,county,5,female,45-64,4574.54453097197,3374.8625379659875,7063.465989005493
person_years_exposure,county,5,female,65-74,1184.0131261355023,865.1864548802845,1832.2737350879954
person_years_exposure,county,5,female,75-84,474.3852832061461,310.6380579557522,739.0266260458228
person_years_exposure,county,5,female,85+,61.25917576357002,27.2875889716075,104.96101508476083
person_years_exposure,county,5,female,18-64,10312.277527359834,7630.671125316939,15912.373367904553
person_years_exposure,county,5,female,65+,1719.6575851052185,1221.1709813500952,2654.7856079213448
mortality_rate,county,5,female,0-17,0.0007085667593607164,0.0,0.0017029912742710113
mortality_rate,county,5,female,18-44,0.001150807705396343,0.00020764645280236,0.002632151997400439
mortality_rate,county,5,female,45-64,0.008818970536707887,0.0029913936323547686,0.018735243016263912
mortality_rate,county,5,female,65-74,0.039586330885196606,0.013963787792480467,0.08461016534749903
mortality_rate,county,5,female,75-84,0.1094548371120948,0.03938434668199193,0.2523108445522396
mortality_rate,county,5,female,85+,0.19513435278791372,0.06711341927840721,0.520029013196545
qualifying_event_rate,county,5,female,0-17,0.02058358183679749,0.01521679708569804,0.027227396762427053
qualifying_event_rate,county,5,female,18-44,0.027504244588951607,0.021223542408472747,0.03582146312178717
qualifying_event_rate,county,5,female,45-64,0.04220344170449676,0.03266222766770731,0.054470760110924596
qualifying_event_rate,county,5,female,65-74,0.06706268054967297,0.04960623246975814,0.0878620283268214
qualifying_event_rate,county,5,female,75-84,0.07234291095593365,0.0493385815334096,0.10160679610609866
qualifying_event_rate,county,5,female,85+,0.06449507013070094,0.01693413577218522,0.12512455656489427
person_years_exposure,county,6,male,0-17,3125.4650389678486,2486.569618279338,3725.375971847839
person_years_exposure,county,6,male,18-44,3502.8193442483016,2787.0648503783905,4178.2858317455075
person_years_exposure,county,6,male,45-64,3925.0098939932836,3133.6451938400483,4675.6527688036
person_years_exposure,county,6,male,65-74,1138.5625380334313,894.1054580211553,1377.9606902237301
person_years_exposure,county,6,male,75-84,442.71911071520907,311.3078430973575,570.1442900310437
person_years_exposure,county,6,male,85+,87.844751790727,45.449562273549546,127.93068230534708
person_years_exposure,county,6,male,18-64,7427.829238241586,5921.45019322062,8854.262966819113
person_years_exposure,county,6,male,65+,1669.1264005393675,1265.1682585062251,2059.8503775843733
mortality_rate,county,6,male,0-17,0.0008614343078331571,0.0,0.002181121016931065
mortality_rate,county,6,male,18-44,0.0015121747596539836,0.0002561589996669046,0.0035834768038465387
mortality_rate,county,6,male,45-64,0.008162175882098508,0.002768868218612457,0.017334576703609845
mortality_rate,county,6,male,65-74,0.03663044591726385,0.0121871496478545,0.07993140751437218
mortality_rate,county,6,male,75-84,0.1067151301712146,0.03930361124270186,0.24386457746807474
mortality_rate,county,6,male,85+,0.1769631162962208,0.06372497734574131,0.4388788301658681
qualifying_event_rate,county,6,male,0-17,0.021112170745730355,0.015115583318253124,0.02850774697013924
qualifying_event_rate,county,6,male,18-44,0.03086436783130781,0.023145960001275605,0.040288741196044926
qualifying_event_rate,county,6,male,45-64,0.047060117240449964,0.03621454022575558,0.059630928959790885
qualifying_event_rate,county,6,male,65-74,0.06966535146325971,0.05298856970897288,0.09060653599744474
qualifying_event_rate,county,6,male,75-84,0.0737852315919457,0.05116862251882478,0.10268278661582395
qualifying_event_rate,county,6,male,85+,0.04752171082849438,0.013361473295546333,0.09107892949047837
person_years_exposure,county,6,female,0-17,3055.4578143754243,2438.575981458751,3640.2032553777426
person_years_exposure,county,6,female,18-44,3514.673795447056,2798.3600704767114,4191.157404908452
person_years_exposure,county,6,female,45-64,3938.347587125119,3142.2873683322964,4700.0148119746145
person_years_exposure,county,6,female,65-74,1402.8637072564604,1100.052037176744,1702.395476175728
person_years_exposure,county,6,female,75-84,480.31890256201376,336.22000749225845,620.017402924851
person_years_exposure,county,6,female,85+,72.48135808500189,35.3905856016672,110.10488504257312
person_years_exposure,county,6,female,18-64,7453.021382572175,5930.001013563145,8891.436390470464
person_years_exposure,county,6,female,65+,1955.663967903476,1487.0483862222334,2419.1993309569316
mortality_rate,county,6,female,0-17,0.0007772975914856416,0.0,0.002054590998199167
mortality_rate,county,6,female,18-44,0.0010996030694957898,0.0,0.002702341097955136
mortality_rate,county,6,female,45-64,0.008318893796881912,0.002855897663772317,0.017878131389681855
mortality_rate,county,6,female,65-74,0.039115547025888986,0.014233697404627559,0.0837857775718089
mortality_rate,county,6,female,75-84,0.10124955705540403,0.03776554645120421,0.23377287103653502
mortality_rate,county,6,female,85+,0.20579611188355018,0.07719054906743028,0.5312406890578699
qualifying_event_rate,county,6,female,0-17,0.022304477680681327,0.016273249609267054,0.029614376937171692
qualifying_event_rate,county,6,female,18-44,0.029858414619997966,0.02228770252605956,0.03914238658426304
qualifying_event_rate,county,6,female,45-64,0.04410198973080941,0.033976385148187425,0.056562426034697695
qualifying_event_rate,county,6,female,65-74,0.07433107482082507,0.05704373682021893,0.09603706819695403
qualifying_event_rate,county,6,female,75-84,0.07484347114229921,0.0529433224207474,0.1038922186831101
qualifying_event_rate,county,6,female,85+,0.06340041932892981,0.01991822532402024,0.11998767368523139
person_years_exposure,county,7,male,0-17,1799.378984606506,1286.6742296409943,2534.5602471816696
person_years_exposure,county,7,male,18-44,2188.0245411566866,1559.0485264551294,3102.972092495902
person_years_exposure,county,7,male,45-64,2167.2951825401847,1544.8840578675529,3073.586196762502
person_years_exposure,county,7,male,65-74,678.974928254535,474.7568640333979,978.1420046308523
person_years_exposure,county,7,male,75-84,190.36801356044558,118.03342347736971,285.3082576160349
person_years_exposure,county,7,male,85+,24.681717460977755,10.76420408531064,41.47795207830762
person_years_exposure,county,7,male,18-64,4355.319723696872,3103.93908704139,6151.4789641629
person_years_exposure,county,7,male,65+,894.0246592759584,616.3117462807929,1297.962465746343
mortality_rate,county,7,male,0-17,0.0008499025986648563,0.0,0.0023574706044842066
mortality_rate,county,7,male,18-44,0.0015404788224944446,0.0,0.003700499777799356
mortality_rate,county,7,male,45-64,0.007855593812119926,0.002314011559057137,0.017275413639356182
mortality_rate,county,7,male,65-74,0.04855809289206638,0.01632525143391118,0.10724280207735312
mortality_rate,county,7,male,75-84,0.10405489862439829,0.03347619577911931,0.24802940993102313
mortality_rate,county,7,male,85+,0.14934105977189494,0.028648912114031505,0.43695509473663546
qualifying_event_rate,county,7,male,0-17,0.032208106429798995,0.022888023155779143,0.042771507620743845
qualifying_event_rate,county,7,male,18-44,0.04034537347504034,0.029800593620275807,0.0533569447755421
qualifying_event_rate,county,7,male,45-64,0.06184781913815963,0.04751718680902392,0.07974912159615795
qualifying_event_rate,county,7,male,65-74,0.10051790738493598,0.07652399840875476,0.12898115258291434
qualifying_event_rate,county,7,male,75-84,0.11107005240033191,0.07383076086275478,0.15503387754959794
qualifying_event_rate,county,7,male,85+,0.060261944655237015,0.0,0.15651100383911315
person_years_exposure,county,7,female,0-17,1879.0781288937878,1346.7084062163258,2650.933730540372
person_years_exposure,county,7,female,18-44,2303.6668458928557,1642.979672172795,3244.032738362274
person_years_exposure,county,7,female,45-64,2231.727483678664,1592.458774746694,3158.5666098703664
person_years_exposure,county,7,female,65-74,712.5783636647609,500.55923195256645,1020.3230637522812
person_years_exposure,county,7,female,75-84,247.70662360704154,162.60501781077522,368.6243358793057
person_years_exposure,county,7,female,85+,19.48463209809047,7.996291765509673,33.51990583305406
person_years_exposure,county,7,female,18-64,4535.39432957152,3234.754024189457,6401.117346062884
person_years_exposure,county,7,female,65+,979.769619369893,683.875023049512,1413.9300681266225
mortality_rate,county,7,female,0-17,0.0007429154074460023,0.0,0.0022452005601462793
mortality_rate,county,7,female,18-44,0.001647339710499312,0.0,0.004096816129633405
mortality_rate,county,7,female,45-64,0.008510521200013476,0.002558030796111621,0.018270596272260343
mortality_rate,county,7,female,65-74,0.03962744539098527,0.012400973487050304,0.08944907731419202
mortality_rate,county,7,female,75-84,0.1025239826933959,0.033904797167656923,0.23444232814739757
mortality_rate,county,7,female,85+,0.18524185408338345,0.03910280883271563,0.5332772371222639
qualifying_event_rate,county,7,female,0-17,0.03241309520062679,0.023147359579168175,0.0441670211326201
qualifying_event_rate,county,7,female,18-44,0.04443790011129989,0.03329847068735099,0.058694041215970175
qualifying_event_rate,county,7,female,45-64,0.0653726962793261,0.050966963148018,0.08338975779034788
qualifying_event_rate,county,7,female,65-74,0.09709375406199923,0.07415193987254876,0.12478438527362225
qualifying_event_rate,county,7,female,75-84,0.10884053819550227,0.07619064332443959,0.15045015286581478
qualifying_event_rate,county,7,female,85+,0.08428259192572697,0.0,0.19683059610740208
person_years_exposure,county,8,male,0-17,1166.909350092842,851.324104183736,1704.2144599841515
person_years_exposure,county,8,male,18-44,1656.4383835017625,1211.0391582428954,2415.0178960444023
person_years_exposure,county,8,male,45-64,1355.319139131657,990.2129675565899,1966.422147895133
person_years_exposure,county,8,male,65-74,355.53049930131425,254.92343071736892,534.1603005385401
person_years_exposure,county,8,male,75-84,162.59621878282908,103.92082409681646,256.28254831933606
person_years_exposure,county,8,male,85+,26.682590139202343,11.970240789495108,45.12448673843491
person_years_exposure,county,8,male,18-64,3011.7575226334193,2200.398645629573,4360.563474089244
person_years_exposure,county,8,male,65+,544.8093082233457,380.8369101933906,831.9696507696611
mortality_rate,county,8,male,0-17,0.0008557092769635912,0.0,0.002906239194297556
mortality_rate,county,8,male,18-44,0.0014305566267068326,0.0,0.003651376915067552
mortality_rate,county,8,male,45-64,0.007571801161034972,0.0017460182456124006,0.01705296967041062
mortality_rate,county,8,male,65-74,0.0426380472299706,0.012714014678221428,0.09449265923046114
mortality_rate,county,8,male,75-84,0.10504043891330431,0.03369917666808009,0.25284050593428564
mortality_rate,county,8,male,85+,0.18625205406366752,0.04683277997359666,0.5346659530706027
qualifying_event_rate,county,8,male,0-17,0.025747434342358776,0.01681576468868825,0.03580155163556112
qualifying_event_rate,county,8,male,18-44,0.03376449714684822,0.024231581853417353,0.046232220274456476
qualifying_event_rate,county,8,male,45-64,0.049125739292782356,0.0359835941564191,0.06533013674727309
qualifying_event_rate,county,8,male,65-74,0.08415910816441986,0.05825783466121185,0.11454595342497197
qualifying_event_rate,county,8,male,75-84,0.08713801814074597,0.05151381912027835,0.12828701233526452
qualifying_event_rate,county,8,male,85+,0.06121023104618037,0.0,0.1465287048900852
person_years_exposure,county,8,female,0-17,1022.8073638095995,748.4948300706294,1499.314156401612
person_years_exposure,county,8,female,18-44,1502.257066513723,1096.2303042660099,2176.39481127718
person_years_exposure,county,8,female,45-64,1152.9373767471125,846.7192955743253,1681.969301261401
person_years_exposure,county,8,female,65-74,355.07361039811155,256.5856438476531,540.8875757753851
person_years_exposure,county,8,female,75-84,128.22080065503317,79.75969394498306,202.27500402653874
person_years_exposure,county,8,female,85+,32.85608886374953,14.747618892844077,55.08408911957919
person_years_exposure,county,8,female,18-64,2655.194443260835,1942.4836452970285,3854.3371732238206
person_years_exposure,county,8,female,65+,516.1504999168942,362.8966536597608,796.9112045359703
mortality_rate,county,8,female,0-17,0.000701290567148797,0.0,0.0024663805012245708
mortality_rate,county,8,female,18-44,0.00108552774589422,0.0,0.0031474593075424754
mortality_rate,county,8,female,45-64,0.009548470961675389,0.0022008384493427476,0.02116916296481081
mortality_rate,county,8,female,65-74,0.04000433335586809,0.011832334344325882,0.09219891483259761
mortality_rate,county,8,female,75-84,0.11057062731305543,0.03255108499435669,0.26841461080313833
mortality_rate,county,8,female,85+,0.19896831790804728,0.053048896218042214,0.558392044192563
qualifying_event_rate,county,8,female,0-17,0.024836571063223286,0.015551418481737288,0.035687241683515676
qualifying_event_rate,county,8,female,18-44,0.032766216186074636,0.02324101083962304,0.044340848804103515
qualifying_event_rate,county,8,female,45-64,0.051182317742801485,0.03736356275354566,0.06828029717674722
qualifying_event_rate,county,8,female,65-74,0.079434763854233,0.05413470092055204,0.10915048083462009
qualifying_event_rate,county,8,female,75-84,0.08573223758552569,0.047032505997139,0.13302811306093698
qualifying_event_rate,county,8,female,85+,0.07829093579893671,0.0,0.16170611076089536
person_years_exposure,county,9,male,0-17,3692.935445517366,2639.3313716006724,6933.509049282453
person_years_exposure,county,9,male,18-44,4236.167435771435,3026.3602371658517,7958.857185567836
person_years_exposure,county,9,male,45-64,4382.763797583839,3126.9780887987476,8150.128105864215
person_years_exposure,county,9,male,65-74,1321.6842444934389,911.4137143851182,2451.3464626972927
person_years_exposure,county,9,male,75-84,447.12934460827216,274.1629436029712,835.1509291674291
person_years_exposure,county,9,male,85+,46.30925724340569,21.563115523092048,85.44196243545876
person_years_exposure,county,9,male,18-64,8618.931233355273,6141.687154949453,16129.627730036727
person_years_exposure,county,9,male,65+,1815.1228463451166,1227.378761131968,3400.8790351423195
mortality_rate,county,9,male,0-17,0.0008549368406459335,0.0,0.0021384919399013527
mortality_rate,county,9,male,18-44,0.001409573983272596,0.00026494929079589236,0.0032355852943409414
mortality_rate,county,9,male,45-64,0.007706302211031694,0.002570330410773016,0.01636271546206671
mortality_rate,county,9,male,65-74,0.043363232197222885,0.015051975384699635,0.09512691255711017
mortality_rate,county,9,male,75-84,0.10632209076752719,0.03840605918345789,0.25131672945939587
mortality_rate,county,9,male,85+,0.17131378622623156,0.047174788697116145,0.4654200073210879
qualifying_event_rate,county,9,male,0-17,0.024157056232065263,0.01774702183064426,0.03204364777463504
qualifying_event_rate,county,9,male,18-44,0.03162360616197043,0.024021619329941776,0.041318574269427435
qualifying_event_rate,county,9,male,45-64,0.046226003865800266,0.03540156916988398,0.059628130750988516
qualifying_event_rate,county,9,male,65-74,0.08024946470149628,0.061635060705167506,0.10257378573715271
qualifying_event_rate,county,9,male,75-84,0.08231166852143634,0.05754277992782476,0.11441687345258564
qualifying_event_rate,county,9,male,85+,0.05622494270999367,0.0,0.11951908584279729
person_years_exposure,county,9,female,0-17,3656.9164813176785,2613.415767021653,6864.924754461769
person_years_exposure,county,9,female,18-44,4677.223204434958,3337.2251037802866,8779.335683875915
person_years_exposure,county,9,female,45-64,3933.158068767736,2808.959814189742,7291.004206901483
person_years_exposure,county,9,female,65-74,1229.5362935333842,852.0983183767917,2265.90031085798
person_years_exposure,county,9,female,75-84,371.6317099206349,230.5360871499746,688.1655692258793
person_years_exposure,county,9,female,85+,42.95664635204445,19.35023099202548,77.3209479667575
person_years_exposure,county,9,female,18-64,8610.381273202693,6146.681990527427,16126.580187579331
person_years_exposure,county,9,female,65+,1644.1246498060634,1111.526083523369,3046.5306336982603
mortality_rate,county,9,female,0-17,0.0007078036699698819,0.0,0.0018553981787928539
mortality_rate,county,9,female,18-44,0.0011059663685913227,0.0002032272647763329,0.002533181594362397
mortality_rate,county,9,female,45-64,0.00874910707683081,0.003002973970110118,0.018724189634637376
mortality_rate,county,9,female,65-74,0.04013114456953563,0.014452486173521992,0.08729263279062455
mortality_rate,county,9,female,75-84,0.10758236786041611,0.038720615989934086,0.24392314341052487
mortality_rate,county,9,female,85+,0.2012270806749038,0.06136779419541971,0.5442694426807482
qualifying_event_rate,county,9,female,0-17,0.023150828016926615,0.01691344478038333,0.030521790930973763
qualifying_event_rate,county,9,female,18-44,0.030716683577606967,0.02323249641030847,0.04013362475292621
qualifying_event_rate,county,9,female,45-64,0.04733419005985392,0.03684978038080458,0.061473371141123334
qualifying_event_rate,county,9,female,65-74,0.0743984430704536,0.056724307978956126,0.09673970910704659
qualifying_event_rate,county,9,female,75-84,0.08062500375299393,0.05325894057700317,0.11463969809213344
qualifying_event_rate,county,9,female,85+,0.07231111886562513,0.013357360343111696,0.14663375158574046
person_years_exposure,county,10,male,0-17,2222.260506177031,1606.733856413339,3571.579934909323
person_years_exposure,county,10,male,18-44,3035.1902353240107,2195.2824578588616,4863.655765528234
person_years_exposure,county,10,male,45-64,2725.4881725095433,1968.7162589677935,4355.373965390589
person_years_exposure,county,10,male,65-74,786.2890655407851,547.5175549618833,1263.7717843367543
person_years_exposure,county,10,male,75-84,199.59260433001182,120.10085537911196,330.5739603008792
person_years_exposure,county,10,male,85+,15.108510106198546,6.470852678274679,27.30787077450566
person_years_exposure,county,10,male,18-64,5760.678407833554,4167.787039693226,9204.163137981774
person_years_exposure,county,10,male,65+,1000.9901799769955,684.3330745042292,1612.2074584741686
mortality_rate,county,10,male,0-17,0.0008654880192506026,0.0,0.002349849519894288
mortality_rate,county,10,male,18-44,0.0014608909779840061,0.0,0.00359773253121899
mortality_rate,county,10,male,45-64,0.007993120817670223,0.002401783388421623,0.017019256199214638
mortality_rate,county,10,male,65-74,0.04186842571362057,0.014140591615680596,0.09044179870318621
mortality_rate,county,10,male,75-84,0.1028333723710803,0.03279977262938785,0.24113736582512987
mortality_rate,county,10,male,85+,0.14851432982883933,0.0,0.47686020669919593
qualifying_event_rate,county,10,male,0-17,0.024849108037854378,0.017194868026362428,0.0336294263934792
qualifying_event_rate,county,10,male,18-44,0.03243133974498829,0.02415242582027923,0.04289566307023537
qualifying_event_rate,county,10,male,45-64,0.04759970092093502,0.03607152240229382,0.061841324295232994
qualifying_event_rate,county,10,male,65-74,0.08117975059228472,0.06109401662245434,0.10586507493784063
qualifying_event_rate,county,10,male,75-84,0.0832063276906769,0.0495159778050622,0.12013519302203261
qualifying_event_rate,county,10,male,85+,0.051934826214007725,0.0,0.15883817289550645
person_years_exposure,county,10,female,0-17,2174.890587114347,1573.1260321786215,3488.8656568901406
person_years_exposure,county,10,female,18-44,2851.8170336444005,2057.6606606433056,4562.728895680016
person_years_exposure,county,10,female,45-64,2570.618908867012,1858.2285944233147,4112.265469959361
person_years_exposure,county,10,female,65-74,667.4251594417051,463.893300430706,1071.1789635433454
person_years_exposure,county,10,female,75-84,245.33753659550536,148.86390551018712,417.65656098559873
person_years_exposure,county,10,female,85+,26.075909972711624,11.491032232439093,46.542613108895964
person_years_exposure,county,10,female,18-64,5422.435942511413,3920.6734346854582,8685.83063487223
person_years_exposure,county,10,female,65+,938.838606009922,634.163816853624,1515.897138412732
mortality_rate,county,10,female,0-17,0.0006825055976583513,0.0,0.00205129792593054
mortality_rate,county,10,female,18-44,0.001127467854114419,0.0,0.0029011683386295805
mortality_rate,county,10,female,45-64,0.009180136632115954,0.002914960539257067,0.01975270331763408
mortality_rate,county,10,female,65-74,0.03932160227059083,0.011808951051338517,0.08872506918790898
mortality_rate,county,10,female,75-84,0.1076796663412511,0.03704214085841583,0.2502311475711397
mortality_rate,county,10,female,85+,0.20847334850121046,0.06034707930010588,0.5717363072704759
qualifying_event_rate,county,10,female,0-17,0.0237985660751902,0.016313997691045024,0.032277423404762265
qualifying_event_rate,county,10,female,18-44,0.03156053903552177,0.023480068691115075,0.041850905491864716
qualifying_event_rate,county,10,female,45-64,0.049061590540986175,0.037432346669449335,0.0632381509195149
qualifying_event_rate,county,10,female,65-74,0.07567845062685935,0.05492497411327582,0.10019057603820107
qualifying_event_rate,county,10,female,75-84,0.08308561210535606,0.05195615147615965,0.12081535406761093
qualifying_event_rate,county,10,female,85+,0.07475133826754833,0.0,0.17149685692534936
person_years_exposure,county,11,male,0-17,1878.1205290344428,1489.2474393822301,2366.6772687830935
person_years_exposure,county,11,male,18-44,2237.1226423885214,1779.9630549601152,2820.382114944626
person_years_exposure,county,11,male,45-64,1839.5491345564417,1457.142353875496,2320.55852560714
person_years_exposure,county,11,male,65-74,623.0454594314502,487.365458311984,798.6301667818186
person_years_exposure,county,11,male,75-84,235.31956520913428,161.53867555134102,315.57915641333125
person_years_exposure,county,11,male,85+,44.579704067727256,20.880362107420748,68.3169925716101
person_years_exposure,county,11,male,18-64,4076.6717769449633,3233.5914308337346,5134.28627943168
person_years_exposure,county,11,male,65+,902.9447287083118,686.1714275538137,1174.9561784496975
mortality_rate,county,11,male,0-17,0.00087172628483631,0.0,0.0025585795256439915
mortality_rate,county,11,male,18-44,0.0014435919275538466,0.0,0.003632918183303898
mortality_rate,county,11,male,45-64,0.008154702845769371,0.002207758063343643,0.017858224875355877
mortality_rate,county,11,male,65-74,0.04255874084475734,0.013792672399541836,0.09395232921044552
mortality_rate,county,11,male,75-84,0.11243704012793239,0.03749850821121162,0.2610508307239097
mortality_rate,county,11,male,85+,0.17290755877218567,0.051559202962807915,0.45403302293476927
qualifying_event_rate,county,11,male,0-17,0.018598213991067782,0.012381893819493483,0.02600354460401689
qualifying_event_rate,county,11,male,18-44,0.024427970942186756,0.017044135178978372,0.03256022462564083
qualifying_event_rate,county,11,male,45-64,0.03636702305175496,0.02641471546758706,0.048321859540703824
qualifying_event_rate,county,11,male,65-74,0.06339947153180496,0.04471138792147065,0.08596955128630017
qualifying_event_rate,county,11,male,75-84,0.06776426918497559,0.04119351577339986,0.10048926837721764
qualifying_event_rate,county,11,male,85+,0.043434196676390736,0.0,0.10148881196264274
person_years_exposure,county,11,female,0-17,1711.1297319451612,1356.1367229261966,2155.5855634930376
person_years_exposure,county,11,female,18-44,2144.666216383347,1705.9202891313723,2703.107018057477
person_years_exposure,county,11,female,45-64,1808.7557077782599,1431.4915762277667,2280.5393394967555
person_years_exposure,county,11,female,65-74,594.011178145038,465.3127418072511,757.5591313808723
person_years_exposure,county,11,female,75-84,266.84084139996446,183.82461995122105,357.3334914879743
person_years_exposure,county,11,female,85+,46.55200395073375,19.571935115631486,74.44527440910859
person_years_exposure,county,11,female,18-64,3953.421924161607,3147.875958022295,4977.549974865127
person_years_exposure,county,11,female,65+,907.4040234957362,681.3398657977393,1176.8557891035762
mortality_rate,county,11,female,0-17,0.0007085391137303057,0.0,0.002187519153509429
mortality_rate,county,11,female,18-44,0.0011019342925937044,0.0,0.002884311765436661
mortality_rate,county,11,female,45-64,0.009116084311630768,0.0027478217201905067,0.019714584202216594
mortality_rate,county,11,female,65-74,0.039213195544775946,0.013332954760953671,0.086714290756313
mortality_rate,county,11,female,75-84,0.11364418393772095,0.03824452602345898,0.2677127597910132
mortality_rate,county,11,female,85+,0.18503577590923692,0.054779160891629396,0.5100359510441344
qualifying_event_rate,county,11,female,0-17,0.01784417092182731,0.011711252509484611,0.025527291236011357
qualifying_event_rate,county,11,female,18-44,0.023929504922120103,0.01665705179710437,0.03253758892692044
qualifying_event_rate,county,11,female,45-64,0.03709549023063846,0.027267259232419943,0.04918686327322281
qualifying_event_rate,county,11,female,65-74,0.05846728417821295,0.0401181866851428,0.07945261228393428
qualifying_event_rate,county,11,female,75-84,0.06594331396054974,0.04014183751373525,0.09725351051588178
qualifying_event_rate,county,11,female,85+,0.05634431640945362,0.0,0.1217243079864049
person_years_exposure,county,12,male,0-17,1416.5080781467504,1014.588322661197,2098.6333349688152
person_years_exposure,county,12,male,18-44,1756.7199696376517,1263.2247941233763,2607.7299418148036
person_years_exposure,county,12,male,45-64,1451.9303490515308,1045.1311765772314,2151.1918503088236
person_years_exposure,county,12,male,65-74,481.53241026766534,334.6336157980859,710.676657692972
person_years_exposure,county,12,male,75-84,206.10693702884154,129.14998350065213,315.215606502914
person_years_exposure,county,12,male,85+,57.20991100817181,28.074479279591706,93.6462409077249
person_years_exposure,county,12,male,18-64,3208.6503186891823,2309.3167561780365,4748.229156496342
person_years_exposure,county,12,male,65+,744.8492583046788,498.1040942009522,1116.7125350840493
mortality_rate,county,12,male,0-17,0.0008886564657978528,0.0,0.0026732311948681215
mortality_rate,county,12,male,18-44,0.0017510906702538941,0.0,0.004445077454166585
mortality_rate,county,12,male,45-64,0.007728463981471432,0.0018881243978598476,0.017053429186860015
mortality_rate,county,12,male,65-74,0.039682391994403654,0.011954281122989801,0.09018800857467874
mortality_rate,county,12,male,75-84,0.10229248318082032,0.03421553677004752,0.24338903343152918
mortality_rate,county,12,male,85+,0.1690531116656815,0.05306525138834159,0.426400687812799
qualifying_event_rate,county,12,male,0-17,0.0286593433758337,0.0196867481754973,0.03910532636078237
qualifying_event_rate,county,12,male,18-44,0.03479017211799723,0.02541656514342031,0.04615426675640776
qualifying_event_rate,county,12,male,45-64,0.05269203622279236,0.03948590286755142,0.069025522025605
qualifying_event_rate,county,12,male,65-74,0.08812893816698962,0.06335225549054294,0.1167102901063632
qualifying_event_rate,county,12,male,75-84,0.0900794977066587,0.05759635282762732,0.12931150234194957
qualifying_event_rate,county,12,male,85+,0.08266222722607525,0.0282844007650873,0.15096648764790266
person_years_exposure,county,12,female,0-17,1585.4614390726651,1134.6550493136297,2348.80251414454
person_years_exposure,county,12,female,18-44,1639.6674432420107,1175.3015928465363,2432.987676667347
person_years_exposure,county,12,female,45-64,1782.3672178123695,1275.171614475994,2640.70504670222
person_years_exposure,county,12,female,65-74,514.3312032259515,361.09679715942,760.6822530090021
person_years_exposure,county,12,female,75-84,179.43926799521074,111.21770705318312,273.3909382900085
person_years_exposure,county,12,female,85+,33.03806892102999,14.42791443842632,56.25140009535869
person_years_exposure,county,12,female,18-64,3422.03466105438,2452.55060068933,5071.754616763624
person_years_exposure,county,12,female,65+,726.8085401421923,496.4828018910229,1080.5052509174038
mortality_rate,county,12,female,0-17,0.000808740301656263,0.0,0.002416072863105093
mortality_rate,county,12,female,18-44,0.0010547186036564433,0.0,0.002857944320127533
mortality_rate,county,12,female,45-64,0.008401528722784433,0.0023614328614390188,0.018527734758769756
mortality_rate,county,12,female,65-74,0.037627604381560514,0.011013212122807927,0.08218162550325207
mortality_rate,county,12,female,75-84,0.10031028146234547,0.03278767124068098,0.242890161562025
mortality_rate,county,12,female,85+,0.18470373395498482,0.05027460515028995,0.5009840622371666
qualifying_event_rate,county,12,female,0-17,0.027745089503393404,0.01911266048085338,0.037918836949007155
qualifying_event_rate,county,12,female,18-44,0.03266290165870865,0.022855133048061253,0.0443982371009616
qualifying_event_rate,county,12,female,45-64,0.05302513026594452,0.03992971506329599,0.0683576648697882
qualifying_event_rate,county,12,female,65-74,0.08917792648913205,0.0647788873628629,0.11817197607054625
qualifying_event_rate,county,12,female,75-84,0.09088851651767227,0.05636922386044675,0.13185347606213352
qualifying_event_rate,county,12,female,85+,0.09439222929159069,0.02131534643658428,0.1867588593132446
person_years_exposure,county,13,male,0-17,2783.9957087834564,1999.178913752637,4421.825089397479
person_years_exposure,county,13,male,18-44,4004.441402021552,2866.3334468630437,6339.759047831748
person_years_exposure,county,13,male,45-64,3054.219182900061,2198.029365531636,4824.493235632902
person_years_exposure,county,13,male,65-74,832.2139153408444,588.3343717234177,1319.8548752410536
person_years_exposure,county,13,male,75-84,377.7935470380171,235.63014057178515,604.728250468959
person_years_exposure,county,13,male,85+,63.824337469634635,28.371451662625365,110.3695293476315
person_years_exposure,county,13,male,18-64,7058.660584921613,5053.85272883938,11129.32736676179
person_years_exposure,county,13,male,65+,1273.831799848496,866.1271152882057,2027.9546482141345
mortality_rate,county,13,male,0-17,0.0008488810677918396,0.0,0.002264486384223627
mortality_rate,county,13,male,18-44,0.0014520010511490328,0.0002573292607186,0.003413894955580352
mortality_rate,county,13,male,45-64,0.007737279560208714,0.0022879487483299502,0.016826840264644666
mortality_rate,county,13,male,65-74,0.041861833570514165,0.014297992129309428,0.09211873848130735
mortality_rate,county,13,male,75-84,0.11533326098799063,0.04112012921142988,0.27819501185289297
mortality_rate,county,13,male,85+,0.18135459587893257,0.06060508311298211,0.4827016687143672
qualifying_event_rate,county,13,male,0-17,0.022327150580778714,0.01602078758730014,0.03014716566335797
qualifying_event_rate,county,13,male,18-44,0.029333074203265072,0.022176408185999336,0.03854234871183739
qualifying_event_rate,county,13,male,45-64,0.04287390040493527,0.03304081548996066,0.05569580597924374
qualifying_event_rate,county,13,male,65-74,0.07381991688485946,0.05420701535764233,0.09746712207062012
qualifying_event_rate,county,13,male,75-84,0.07949995101120719,0.054161701192351454,0.11418495191475504
qualifying_event_rate,county,13,male,85+,0.052642750909619514,0.0,0.10582036883076411
person_years_exposure,county,13,female,0-17,3023.2520939293195,2170.0329536554946,4798.785007383595
person_years_exposure,county,13,female,18-44,3729.3937196397164,2668.1987260362293,5921.948196587519
person_years_exposure,county,13,female,45-64,3117.667752339195,2241.368469281352,4954.907812615817
person_years_exposure,county,13,female,65-74,844.9480164241766,597.2139793125689,1351.567334858692
person_years_exposure,county,13,female,75-84,332.41783111677074,209.98216051880848,528.4651639317896
person_years_exposure,county,13,female,85+,55.447623571508174,23.934555886330287,93.19336439950116
person_years_exposure,county,13,female,18-64,6847.061471978912,4913.63423057594,10828.524163116032
person_years_exposure,county,13,female,65+,1232.8134711124553,849.2383069480204,1946.0645604899246
mortality_rate,county,13,female,0-17,0.0007154831520148351,0.0,0.00195614064355913
mortality_rate,county,13,female,18-44,0.001096520178927383,0.0,0.002693797114325682
mortality_rate,county,13,female,45-64,0.009022576093987064,0.002937665387321266,0.019415331431417486
mortality_rate,county,13,female,65-74,0.040263361524088576,0.013455900586051386,0.08832705540674038
mortality_rate,county,13,female,75-84,0.11245448417234288,0.0409268854988281,0.2572700020819485
mortality_rate,county,13,female,85+,0.1935507285423325,0.06376884218013505,0.5081722150248971
qualifying_event_rate,county,13,female,0-17,0.02140199072752638,0.015162068327634014,0.028939601383137975
qualifying_event_rate,county,13,female,18-44,0.02837362161381624,0.0214987822719423,0.03740875531784157
qualifying_event_rate,county,13,female,45-64,0.044166284453478546,0.03360769757386325,0.057202384613680914
qualifying_event_rate,county,13,female,65-74,0.06940504694847477,0.051161327940311294,0.09182279627743302
qualifying_event_rate,county,13,female,75-84,0.0758834442432652,0.048960405307764424,0.10988117097811245
qualifying_event_rate,county,13,female,85+,0.06686231369196051,0.015581063965602321,0.1320814034010767
person_years_exposure,county,14,male,0-17,899.7168838923261,583.3794492117214,1326.3773465629931
person_years_exposure,county,14,male,18-44,1250.8275121534234,820.1461141656297,1844.403448580252
person_years_exposure,county,14,male,45-64,1096.9424989094707,716.7814870474205,1622.8499773328056
person_years_exposure,county,14,male,65-74,258.6374024137351,165.65488777571952,389.6594956745001
person_years_exposure,county,14,male,75-84,117.10494772661914,69.91189710002759,182.4583366690003
person_years_exposure,county,14,male,85+,34.86031033385175,14.566393156356428,60.79269894624873
person_years_exposure,county,14,male,18-64,2347.770011062894,1537.0893705274304,3456.5530439023105
person_years_exposure,county,14,male,65+,410.602660474206,259.27526399337677,628.6559182987864
mortality_rate,county,14,male,0-17,0.0008753838794740858,0.0,0.003130742369762175
mortality_rate,county,14,male,18-44,0.0017530719708319042,0.0,0.004604249404554823
mortality_rate,county,14,male,45-64,0.008043486505693469,0.0018911660855590407,0.01774511434482842
mortality_rate,county,14,male,65-74,0.03921989246111439,0.009436146294886937,0.09211518837861996
mortality_rate,county,14,male,75-84,0.11003042941578521,0.0327739063882311,0.2699887531468585
mortality_rate,county,14,male,85+,0.13575190344184962,0.03041059501972588,0.39929628939213974
qualifying_event_rate,county,14,male,0-17,0.0214211265385751,0.012794028629196959,0.031518962669794565
qualifying_event_rate,county,14,male,18-44,0.02607019445052605,0.017236405579927262,0.036406821990289974
qualifying_event_rate,county,14,male,45-64,0.040525580797296956,0.028307631048686194,0.05575376051700418
qualifying_event_rate,county,14,male,65-74,0.06811099108348982,0.04118728843670537,0.10011163804514153
qualifying_event_rate,county,14,male,75-84,0.07155277248795441,0.03334379035834277,0.11351176571570262
qualifying_event_rate,county,14,male,85+,0.05807725867153184,0.0,0.13187138423967007
person_years_exposure,county,14,female,0-17,751.7579458418744,487.1892041307638,1101.2894565159033
person_years_exposure,county,14,female,18-44,1039.5729355960261,678.2300867521362,1530.5410187856335
person_years_exposure,county,14,female,45-64,1026.7467983136733,668.1298033156359,1517.9586094083854
person_years_exposure,county,14,female,65-74,299.46307512674923,190.32181721163067,449.9861781564311
person_years_exposure,county,14,female,75-84,159.3228411498933,93.97605329230107,246.08854887149866
person_years_exposure,county,14,female,85+,10.683011487071187,2.634403315254462,20.210870104957696
person_years_exposure,county,14,female,18-64,2066.3197339096996,1354.1371530441002,3053.5991590166277
person_years_exposure,county,14,female,65+,469.46892776371374,294.991045618542,709.4335279418576
mortality_rate,county,14,female,0-17,0.0007839697232464845,0.0,0.00316878834934034
mortality_rate,county,14,female,18-44,0.0010084331823711316,0.0,0.0031944718194965014
mortality_rate,county,14,female,45-64,0.009020450577699806,0.00226967706984277,0.020494354496937504
mortality_rate,county,14,female,65-74,0.03935483272216517,0.010619905247081902,0.08818812270927315
mortality_rate,county,14,female,75-84,0.10045140158167427,0.030378729493210042,0.23329246853661864
mortality_rate,county,14,female,85+,0.16157215995449997,0.0,0.6462986699531004
qualifying_event_rate,county,14,female,0-17,0.020833194125387686,0.011188795429244407,0.0319319221397482
qualifying_event_rate,county,14,female,18-44,0.02401322267310201,0.015089766355215741,0.03416053152148643
qualifying_event_rate,county,14,female,45-64,0.04126962119009226,0.02862545468948645,0.05638693837122062
qualifying_event_rate,county,14,female,65-74,0.06989152007064395,0.0449717450455503,0.09885896703399541
qualifying_event_rate,county,14,female,75-84,0.07111414321112518,0.03780819059321188,0.10964871094804361
qualifying_event_rate,county,14,female,85+,0.06749805334936998,0.0,0.23336464519197983
person_years_exposure,county,15,male,0-17,773.889817970195,471.2763176757126,1229.139796767465
person_years_exposure,county,15,male,18-44,1013.6808398215895,615.4625762421824,1600.0293614863372
person_years_exposure,county,15,male,45-64,1040.017090611725,632.8459977402356,1653.4402834302791
person_years_exposure,county,15,male,65-74,329.9218922142771,200.2539926887273,532.3264232255956
person_years_exposure,county,15,male,75-84,98.59710255450031,57.8075958522552,164.60877472795846
person_years_exposure,county,15,male,85+,18.51998549951939,7.8341706859938975,33.16708068616688
person_years_exposure,county,15,male,18-64,2053.6979304333145,1248.3368400976929,3250.377592158287
person_years_exposure,county,15,male,65+,447.03898026829677,272.62544685446295,727.674419628984
mortality_rate,county,15,male,0-17,0.0008587149821831536,0.0,0.0031557589042889396
mortality_rate,county,15,male,18-44,0.0016322979142427132,0.0,0.004654085985754406
mortality_rate,county,15,male,45-64,0.008315668634746278,0.0018363941539768023,0.018362213725503108
mortality_rate,county,15,male,65-74,0.03533778724498878,0.00893619402190584,0.0831946796602557
mortality_rate,county,15,male,75-84,0.10861003561806513,0.02970695770734071,0.2629651335137255
mortality_rate,county,15,male,85+,0.14450978614434504,0.0,0.47595959622305256
qualifying_event_rate,county,15,male,0-17,0.031027344643706194,0.019004518877313005,0.04477957415497516
qualifying_event_rate,county,15,male,18-44,0.04382254534834698,0.030256425176296464,0.05911244632161528
qualifying_event_rate,county,15,male,45-64,0.06230269899696642,0.04538347476894299,0.08253602984302898
qualifying_event_rate,county,15,male,65-74,0.09317565444469346,0.06577129878845718,0.12715532255143172
qualifying_event_rate,county,15,male,75-84,0.10333590186173848,0.05785852836153326,0.156363981391251
qualifying_event_rate,county,15,male,85+,0.06075725953329095,0.0,0.1610185851149144
person_years_exposure,county,15,female,0-17,822.1966109044855,500.90117247530037,1304.8411028980083
person_years_exposure,county,15,female,18-44,986.0486229600775,599.9683877327541,1563.293876369587
person_years_exposure,county,15,female,45-64,999.5553176421425,609.6345925126435,1586.2672592297847
person_years_exposure,county,15,female,65-74,289.2991311444833,175.52319886080355,469.2811336834215
person_years_exposure,county,15,female,75-84,121.13203490945759,70.44243357089094,200.10559771090655
person_years_exposure,county,15,female,85+,21.478293188157497,9.480426037740418,37.76871133913232
person_years_exposure,county,15,female,18-64,1985.60394060222,1207.742592612998,3144.4643856532302
person_years_exposure,county,15,female,65+,431.90945924209836,263.8169098945928,700.8230252926716
mortality_rate,county,15,female,0-17,0.0007755995391400135,0.0,0.0028115908631109743
mortality_rate,county,15,female,18-44,0.001485755512863559,0.0,0.004504511944479721
mortality_rate,county,15,female,45-64,0.008470563585187442,0.0018501271214977513,0.019153381271155585
mortality_rate,county,15,female,65-74,0.03822742885479001,0.009858786298410891,0.08831415446770968
mortality_rate,county,15,female,75-84,0.10463796788598674,0.03159874169263826,0.24979597854001395
mortality_rate,county,15,female,85+,0.16254652591637075,0.02984056755694293,0.4633330406345485
qualifying_event_rate,county,15,female,0-17,0.034853625938115786,0.022330567191453397,0.04968479007356349
qualifying_event_rate,county,15,female,18-44,0.03787061939514798,0.026023276148251312,0.05168768942571021
qualifying_event_rate,county,15,female,45-64,0.06197614662249483,0.04512184328705591,0.08156888703802484
qualifying_event_rate,county,15,female,65-74,0.08873682993669445,0.05838616227005425,0.12145633182977196
qualifying_event_rate,county,15,female,75-84,0.1058348116828006,0.06408329531944917,0.15769337503840528
qualifying_event_rate,county,15,female,85+,0.06867183167903332,0.0,0.1608612145925956
person_years_exposure,county,16,male,0-17,2262.079556889141,1773.3187279122324,2677.9639621049155
person_years_exposure,county,16,male,18-44,2694.9291531237227,2109.5956495883797,3196.1107654416783
person_years_exposure,county,16,male,45-64,2799.991126163074,2194.134761367603,3318.7941711938192
person_years_exposure,county,16,male,65-74,733.4882739791465,566.7052504825234,884.6483862965362
person_years_exposure,county,16,male,75-84,304.04412955178014,211.31948070075563,393.26025637583973
person_years_exposure,county,16,male,85+,36.21139479009749,16.799955671771592,55.36736766699095
person_years_exposure,county,16,male,18-64,5494.920279286796,4303.718855394233,6508.45092621909
person_years_exposure,county,16,male,65+,1073.743798321024,802.9971519213336,1321.7752462252965
mortality_rate,county,16,male,0-17,0.0008821995064994082,0.0,0.00239632222773154
mortality_rate,county,16,male,18-44,0.0014766592965486036,0.0,0.0034926173120734473
mortality_rate,county,16,male,45-64,0.007888208593277391,0.0025489156183893698,0.01678674961074226
mortality_rate,county,16,male,65-74,0.03707778691180433,0.012421281847489073,0.08073184374557535
mortality_rate,county,16,male,75-84,0.10585121907366365,0.03749965787918342,0.24494284351031992
mortality_rate,county,16,male,85+,0.16966349145660695,0.049359546073426255,0.47346416999568464
qualifying_event_rate,county,16,male,0-17,0.028247220900299866,0.020009175055009622,0.037743254671485725
qualifying_event_rate,county,16,male,18-44,0.04070800609786411,0.030531157902224798,0.05305632222216364
qualifying_event_rate,county,16,male,45-64,0.06135255911655521,0.048184537613040763,0.07819651495834694
qualifying_event_rate,county,16,male,65-74,0.09008015349715204,0.06799817830544692,0.11683859452256677
qualifying_event_rate,county,16,male,75-84,0.09355167950273374,0.06393164146402983,0.12841558707055845
qualifying_event_rate,county,16,male,85+,0.05703053596563518,0.0,0.1322164735379361
person_years_exposure,county,16,female,0-17,2279.455530067418,1787.7244928805765,2698.4305674495213
person_years_exposure,county,16,female,18-44,2513.1704331293504,1970.2769314764628,2974.110001951367
person_years_exposure,county,16,female,45-64,2598.4475495311276,2036.933519014028,3080.1514156991407
person_years_exposure,county,16,female,65-74,739.3763183105378,570.3262099598079,893.7343970856767
person_years_exposure,county,16,female,75-84,270.98118582898155,185.62486666782743,353.3008334382312
person_years_exposure,county,16,female,85+,49.02700235891116,22.20804151757571,76.1811421403319
person_years_exposure,county,16,female,18-64,5111.617982660478,4008.0291399776393,6059.451984908374
person_years_exposure,county,16,female,65+,1059.3845064984305,797.4990594142282,1308.6875708469474
mortality_rate,county,16,female,0-17,0.0007833644954666816,0.0,0.0021719065821034183
mortality_rate,county,16,female,18-44,0.0010806351517984054,0.0,0.0027390015598408924
mortality_rate,county,16,female,45-64,0.00801654295850949,0.00248536475715826,0.016917779514042226
mortality_rate,county,16,female,65-74,0.039518427497111056,0.013330143587438042,0.08720819336510965
mortality_rate,county,16,female,75-84,0.1011586303239297,0.03536684269503186,0.24039469871199737
mortality_rate,county,16,female,85+,0.18845810682439035,0.05887921615637821,0.5083035908664801
qualifying_event_rate,county,16,female,0-17,0.029805980135962796,0.021617011505200852,0.03972669752060522
qualifying_event_rate,county,16,female,18-44,0.03937756353292226,0.029276805807749134,0.05157971664568274
qualifying_event_rate,county,16,female,45-64,0.057112301666153845,0.04467869373086982,0.07324584946349301
qualifying_event_rate,county,16,female,65-74,0.09472791805627578,0.07128913629250244,0.12208793132293196
qualifying_event_rate,county,16,female,75-84,0.09503504509047057,0.06451505531124636,0.1315250891810935
qualifying_event_rate,county,16,female,85+,0.0777440578807781,0.021451504795587592,0.15379549199909448
person_years_exposure,county,17,male,0-17,747.8916239630396,546.0076214874717,997.9722141374276
person_years_exposure,county,17,male,18-44,852.6957191005145,624.5319899818827,1138.254887876243
person_years_exposure,county,17,male,45-64,723.1811733269916,530.5240630130838,964.2274671872627
person_years_exposure,county,17,male,65-74,205.30984454518426,142.01216753904882,282.3679119912439
person_years_exposure,county,17,male,75-84,59.73265232658239,37.22794893835657,87.46109273766515
person_years_exposure,county,17,male,85+,4.044707701817255,0.8886213123610914,8.106788602273816
person_years_exposure,county,17,male,18-64,1575.876892427506,1152.305982177281,2095.7600181036005
person_years_exposure,county,17,male,65+,269.0872045735839,184.11111331437357,372.99769267565415
mortality_rate,county,17,male,0-17,0.0008683264281779063,0.0,0.003318877405251931
mortality_rate,county,17,male,18-44,0.0013660776329519086,0.0,0.004400426590352078
mortality_rate,county,17,male,45-64,0.007492530545730904,0.001272253440179362,0.017845115448624223
mortality_rate,county,17,male,65-74,0.04315127463838193,0.010641207844175566,0.10128572239571129
mortality_rate,county,17,male,75-84,0.10075816539518928,0.02138868639873081,0.2546662131189657
mortality_rate,county,17,male,85+,0.22119297037597377,0.0,1.392423204432289
qualifying_event_rate,county,17,male,0-17,0.02721241439088868,0.01627359640269054,0.04023731268781542
qualifying_event_rate,county,17,male,18-44,0.03483771384688774,0.023108341283748203,0.04845488412949865
qualifying_event_rate,county,17,male,45-64,0.05111251522324972,0.03561896641788281,0.07021595174607947
qualifying_event_rate,county,17,male,65-74,0.08661553842199751,0.05475004803246938,0.12226168939209565
qualifying_event_rate,county,17,male,75-84,0.08526165983879799,0.03191104450288744,0.14461781165407372
qualifying_event_rate,county,17,male,85+,0.06081431233094855,0.0,0.34276776278814824
person_years_exposure,county,17,female,0-17,636.9411729766903,465.0233360144759,854.0093334775305
person_years_exposure,county,17,female,18-44,980.5986097563659,718.8749655353586,1306.7662175977234
person_years_exposure,county,17,female,45-64,594.0004566240702,434.91613616202324,793.4962403523234
person_years_exposure,county,17,female,65-74,115.25703633102202,80.85599746888691,158.08258543386384
person_years_exposure,county,17,female,75-84,102.69367802235908,64.16907840573624,150.6410937127573
person_years_exposure,county,17,female,85+,11.431038207015748,4.39364066181328,19.95710830083798
person_years_exposure,county,17,female,18-64,1574.5990663804362,1153.4511493051075,2096.4508265363193
person_years_exposure,county,17,female,65+,229.38175256039685,154.44769613554638,324.59803677645965
mortality_rate,county,17,female,0-17,0.0006569790884994555,0.0,0.002900277640363127
mortality_rate,county,17,female,18-44,0.0011122585612613322,0.0,0.0035347228819297225
mortality_rate,county,17,female,45-64,0.008383228142931883,0.0014941864809171529,0.020630752513334873
mortality_rate,county,17,female,65-74,0.03656697310523146,0.0,0.09370643931712415
mortality_rate,county,17,female,75-84,0.10847734096645908,0.0314706994963265,0.2625943347034862
mortality_rate,county,17,female,85+,0.19133526348542598,0.0,0.6667398610508248
qualifying_event_rate,county,17,female,0-17,0.025780862534082738,0.014883870354520021,0.038350102824692756
qualifying_event_rate,county,17,female,18-44,0.034019737336752565,0.02268675605752259,0.04722872545652857
qualifying_event_rate,county,17,female,45-64,0.0516510200964345,0.03445974563753294,0.07129045994811833
qualifying_event_rate,county,17,female,65-74,0.07878840449979527,0.04011655927965346,0.12012529090855147
qualifying_event_rate,county,17,female,75-84,0.08860142547142161,0.04653327129579782,0.13873973279333982
qualifying_event_rate,county,17,female,85+,0.0774539129145562,0.0,0.22823622636858917
person_years_exposure,state,0,male,0-17,5071.7174906617165,3096.099081627931,7525.470661711227
person_years_exposure,state,0,male,18-44,6254.128931874777,3845.295162704772,9285.354831596125
person_years_exposure,state,0,male,45-64,4831.150582296848,2956.3759605836854,7290.3343700227115
person_years_exposure,state,0,male,65-74,1200.7225291022087,725.7618827230714,1828.8858211600698
person_years_exposure,state,0,male,75-84,533.2189994841,304.9090157777288,829.7015074318347
person_years_exposure,state,0,male,85+,57.61435982996052,23.957404422860034,97.0113720284824
person_years_exposure,state,0,male,18-64,11085.279514171625,6799.4041620984035,16565.79069990135
person_years_exposure,state,0,male,65+,1791.5558884162692,1066.2530392628526,2726.3249388796594
mortality_rate,state,0,male,0-17,0.0008856367151798827,0.0,0.0020985069968733534
mortality_rate,state,0,male,18-44,0.001342082131489396,0.0002670072186651672,0.0030274674602405274
mortality_rate,state,0,male,45-64,0.007778701467660216,0.002652785906095036,0.016051709153862937
mortality_rate,state,0,male,65-74,0.0455018004603449,0.016788300448994185,0.09631949962096453
mortality_rate,state,0,male,75-84,0.10875600071392419,0.03960506600170208,0.2452134945761197
mortality_rate,state,0,male,85+,0.15821685254168255,0.0447320343849235,0.4372472531035674
qualifying_event_rate,state,0,male,0-17,0.02467295892844053,0.01856739202950602,0.03259850303517928
qualifying_event_rate,state,0,male,18-44,0.028518035156102073,0.0217568899027717,0.03748090091890448
qualifying_event_rate,state,0,male,45-64,0.04415315632194327,0.0347244051732897,0.056597972419398714
qualifying_event_rate,state,0,male,65-74,0.0802606205858612,0.061094003373054956,0.10553077433786912
qualifying_event_rate,state,0,male,75-84,0.06863441689626819,0.0475264382202546,0.09611451433756892
qualifying_event_rate,state,0,male,85+,0.051588321489987904,0.0,0.11119817621074839
person_years_exposure,state,0,female,0-17,5057.031116297424,3094.825016263622,7506.878290774038
person_years_exposure,state,0,female,18-44,6571.820717995419,4017.9892068081863,9823.629397322204
person_years_exposure,state,0,female,45-64,5056.444434633902,3090.550399208178,7481.465709017508
person_years_exposure,state,0,female,65-74,1268.4281765592812,772.4014586888638,1912.186830913398
person_years_exposure,state,0,female,75-84,496.9233382806815,274.5635850443238,780.8761887228189
person_years_exposure,state,0,female,85+,54.460037450842265,22.69439365489265,92.73583696912539
person_years_exposure,state,0,female,18-64,11628.265152629321,7116.149857473785,17285.60260049016
person_years_exposure,state,0,female,65+,1819.811552290805,1080.5237840536545,2789.331666860083
mortality_rate,state,0,female,0-17,0.0006894021501597095,0.0,0.001677946731501242
mortality_rate,state,0,female,18-44,0.0012723743944129653,0.0002565253960820137,0.0028541173917262996
mortality_rate,state,0,female,45-64,0.007716695688672205,0.002510346457074963,0.015961495416328728
mortality_rate,state,0,female,65-74,0.03873288509387182,0.01352249151416692,0.08295957727431047
mortality_rate,state,0,female,75-84,0.12004286834959824,0.04547678888251973,0.28122484932416514
mortality_rate,state,0,female,85+,0.1967050694603234,0.06681989711727897,0.5186357452892869
qualifying_event_rate,state,0,female,0-17,0.019484300685081033,0.01415901988215938,0.026142091149720405
qualifying_event_rate,state,0,female,18-44,0.02854004493460388,0.021686559399038016,0.037308344071862294
qualifying_event_rate,state,0,female,45-64,0.04634498081446173,0.036076050175495804,0.06035997656085917
qualifying_event_rate,state,0,female,65-74,0.06690896912391839,0.0501486084103032,0.08808030367188191
qualifying_event_rate,state,0,female,75-84,0.07111672317397959,0.04832347315808273,0.09976172402834681
qualifying_event_rate,state,0,female,85+,0.07004463206459735,0.018889095074612238,0.13514859395747003
person_years_exposure,state,1,male,0-17,2293.7318833763397,1334.6165122123173,3597.275299811123
person_years_exposure,state,1,male,18-44,3010.2741637356244,1747.6750142651242,4643.2696113247985
person_years_exposure,state,1,male,45-64,3005.6094343267655,1751.2262372471166,4719.51879257329
person_years_exposure,state,1,male,65-74,1010.4794930355959,593.5223330826129,1647.9578476736724
person_years_exposure,state,1,male,75-84,335.97485834175535,190.53172953061443,562.9111676717843
person_years_exposure,state,1,male,85+,65.45149495901903,31.130176513214753,115.63343861462018
person_years_exposure,state,1,male,18-64,6015.88359806239,3492.042716752449,9355.456826623229
person_years_exposure,state,1,male,65+,1411.9058463363704,829.5780567806221,2297.195731345962
mortality_rate,state,1,male,0-17,0.0008619363037059982,0.0,0.0023889528646631555
mortality_rate,state,1,male,18-44,0.0015851767516839588,5.65328179813335e-05,0.00369577322921021
mortality_rate,state,1,male,45-64,0.008147201165871034,0.0025450764754787855,0.016935251241552835
mortality_rate,state,1,male,65-74,0.03507924302553534,0.011694186170247619,0.07603378367602696
mortality_rate,state,1,male,75-84,0.10737625710591549,0.037564844865873546,0.24509758764943065
mortality_rate,state,1,male,85+,0.15562476240746254,0.05126438335253986,0.38631854158975487
qualifying_event_rate,state,1,male,0-17,0.02345004386769956,0.016515541254289886,0.032002653080514996
qualifying_event_rate,state,1,male,18-44,0.033323165121235,0.024781301121211487,0.04412644423330358
qualifying_event_rate,state,1,male,45-64,0.047783853942088395,0.03668969327445899,0.06284927567310988
qualifying_event_rate,state,1,male,65-74,0.07323567620767978,0.055162700807355934,0.09785930040464136
qualifying_event_rate,state,1,male,75-84,0.08070660966282961,0.05350735312460118,0.11372704161224102
qualifying_event_rate,state,1,male,85+,0.047868532263688396,0.0,0.09927996372112922
person_years_exposure,state,1,female,0-17,2389.8121036630005,1394.1538333633832,3729.505781776218
person_years_exposure,state,1,female,18-44,2753.7088441829505,1605.998441376618,4373.045704606671
person_years_exposure,state,1,female,45-64,3082.14981210005,1797.603752048746,4790.10753214932
person_years_exposure,state,1,female,65-74,886.1755658815579,519.2722241707756,1441.7409167394148
person_years_exposure,state,1,female,75-84,403.02302562638494,225.72709551414397,671.6187725925143
person_years_exposure,state,1,female,85+,44.10493442541315,20.672794055866724,77.84232311445197
person_years_exposure,state,1,female,18-64,5835.8586562830005,3396.2297174664814,9116.698976862692
person_years_exposure,state,1,female,65+,1333.303525933356,779.0073633078324,2176.76448147285
mortality_rate,state,1,female,0-17,0.0007710955328561089,0.0,0.0022218352491717285
mortality_rate,state,1,female,18-44,0.0014982236475289306,0.0,0.0036082814113963086
mortality_rate,state,1,female,45-64,0.008300694623785378,0.0026165618815358494,0.017386193977498153
mortality_rate,state,1,female,65-74,0.037955947115010664,0.01253385973437084,0.08277212255887731
mortality_rate,state,1,female,75-84,0.10476237993358045,0.0383849562591948,0.23558732263263266
mortality_rate,state,1,female,85+,0.18583451201753468,0.05765914247531828,0.4617600470446119
qualifying_event_rate,state,1,female,0-17,0.026633357713141327,0.018969771191333164,0.036289791843083286
qualifying_event_rate,state,1,female,18-44,0.02904924847134444,0.021339801254259334,0.03856058781159514
qualifying_event_rate,state,1,female,45-64,0.047399745982477724,0.03674619013510562,0.06203677638566684
qualifying_event_rate,state,1,female,65-74,0.06949216636835048,0.050786579655948065,0.09318115053689856
qualifying_event_rate,state,1,female,75-84,0.08325993938012981,0.058188608227281724,0.1154662562366561
qualifying_event_rate,state,1,female,85+,0.06105046439860357,0.0,0.12644881507316164
person_years_exposure,state,2,male,0-17,7111.695088490102,5618.854614871529,8486.466894911071
person_years_exposure,state,2,male,18-44,8056.903578306928,6381.437255693091,9606.340167621913
person_years_exposure,state,2,male,45-64,8631.288449316778,6833.250984745072,10307.780236370072
person_years_exposure,state,2,male,65-74,2497.7551056125244,1955.7209591221601,3033.6279163888335
person_years_exposure,state,2,male,75-84,968.8299586118752,683.6130517069497,1248.59902187736
person_years_exposure,state,2,male,85+,160.62603072510268,86.42400637455516,231.84837268873414
person_years_exposure,state,2,male,18-64,16688.192027623707,13232.792605951776,19901.765144704405
person_years_exposure,state,2,male,65+,3627.2110949495022,2752.079776682663,4485.088073645463
mortality_rate,state,2,male,0-17,0.000866338156492601,0.00014817847027686658,0.0019970192060395032
mortality_rate,state,2,male,18-44,0.0015020115832816028,0.0003970172274742483,0.003295830924002274
mortality_rate,state,2,male,45-64,0.00810442850647485,0.0029867151963943834,0.017100114953801693
mortality_rate,state,2,male,65-74,0.03694005952879671,0.013308180741644438,0.07899214559038265
mortality_rate,state,2,male,75-84,0.10551896291743591,0.03996188043549016,0.2394651421844661
mortality_rate,state,2,male,85+,0.1718042392458245,0.06706369538408295,0.4096319273683002
qualifying_event_rate,state,2,male,0-17,0.023661852316840117,0.01777759879505914,0.030879661177272092
qualifying_event_rate,state,2,male,18-44,0.03447650296832739,0.026973507351506904,0.04399116016191094
qualifying_event_rate,state,2,male,45-64,0.052307311340433475,0.04150070716792206,0.06597962861462799
qualifying_event_rate,state,2,male,65-74,0.0767037494318881,0.06016819250495693,0.09690700732955633
qualifying_event_rate,state,2,male,75-84,0.08054202764479725,0.060802976680770754,0.10676242061400842
qualifying_event_rate,state,2,male,85+,0.04957704409222106,0.022479272989868408,0.08350369241203283
person_years_exposure,state,2,female,0-17,6892.249508327377,5460.2339330872655,8216.287966885246
person_years_exposure,state,2,female,18-44,7800.378210420954,6169.85205764751,9302.225460806823
person_years_exposure,state,2,female,45-64,8483.652971746367,6721.697386532388,10137.943673876567
person_years_exposure,state,2,female,65-74,2730.8549877025284,2123.9506336134864,3318.305055235259
person_years_exposure,state,2,female,75-84,996.9815023807926,691.7032237632828,1289.1639281726593
person_years_exposure,state,2,female,85+,157.33878012889747,80.54969859875868,234.35075786122198
person_years_exposure,state,2,female,18-64,16284.03118216732,12909.347404204813,19429.02583738624
person_years_exposure,state,2,female,65+,3885.1752702122185,2938.7240700841035,4819.603861067118
mortality_rate,state,2,female,0-17,0.0007756816406298998,0.000142719313574246,0.0018324843884932908
mortality_rate,state,2,female,18-44,0.0010902541263817839,0.00024268653486329923,0.002373222624785339
mortality_rate,state,2,female,45-64,0.00822019770489793,0.0028975954155399885,0.01731743050276997
mortality_rate,state,2,female,65-74,0.03915885978356567,0.014546313155689595,0.08452161093274776
mortality_rate,state,2,female,75-84,0.10310428179123382,0.03940359592336844,0.2355151324502971
mortality_rate,state,2,female,85+,0.1979609329200466,0.08001819271210167,0.47185909421340455
qualifying_event_rate,state,2,female,0-17,0.02504809135303577,0.019077079865879896,0.03263363257384244
qualifying_event_rate,state,2,female,18-44,0.03325141674916649,0.02604181765681412,0.042749758793243005
qualifying_event_rate,state,2,female,45-64,0.048622174164537735,0.03856709016422113,0.06172237604430612
qualifying_event_rate,state,2,female,65-74,0.08044309109897274,0.06384520599383355,0.10194791534290751
qualifying_event_rate,state,2,female,75-84,0.08183964255243463,0.061882298066348436,0.10715191312853262
qualifying_event_rate,state,2,female,85+,0.06779824042729271,0.03523831653356676,0.10956518719022008
person_years_exposure,state,3,male,0-17,4178.185112230792,3151.566874339318,5697.11394278955
person_years_exposure,state,3,male,18-44,5192.235821629818,3901.011743587086,7086.846278519956
person_years_exposure,state,3,male,45-64,5613.299194761085,4237.625735288044,7642.3422036113125
person_years_exposure,state,3,male,65-74,1701.0200771460181,1247.5375864312578,2368.2821000197814
person_years_exposure,state,3,male,75-84,563.2782324992448,363.29956325861247,806.8648900203393
person_years_exposure,state,3,male,85+,112.63504140483427,55.87399917000673,178.6624167636415
person_years_exposure,state,3,male,18-64,10805.535016390902,8194.540368423539,14688.040684217834
person_years_exposure,state,3,male,65+,2376.9333510500974,1683.0206509818486,3368.4116855141547
mortality_rate,state,3,male,0-17,0.0008621089502965594,0.0,0.002104570978589861
mortality_rate,state,3,male,18-44,0.001508600164089091,0.00035016776385207396,0.0033932442766278262
mortality_rate,state,3,male,45-64,0.007840093238495745,0.0026753059832465486,0.016630927122748964
mortality_rate,state,3,male,65-74,0.048261886321926316,0.017713392463310097,0.1042173348769976
mortality_rate,state,3,male,75-84,0.10686437519981956,0.03943283501527795,0.24602755104032947
mortality_rate,state,3,male,85+,0.16727510159608044,0.05974648787975769,0.42309455054229667
qualifying_event_rate,state,3,male,0-17,0.028236551491494385,0.020988442144803873,0.03736456665883524
qualifying_event_rate,state,3,male,18-44,0.03528565651176274,0.026922248950725872,0.046097769549565085
qualifying_event_rate,state,3,male,45-64,0.054004611628697,0.04271763145917694,0.06875356417158952
qualifying_event_rate,state,3,male,65-74,0.08943626805757451,0.07014337578815268,0.11477118541933336
qualifying_event_rate,state,3,male,75-84,0.09964145010996414,0.07355900904005622,0.13437279265735128
qualifying_event_rate,state,3,male,85+,0.05756091108786884,0.024482699314428043,0.1008223630375547
person_years_exposure,state,3,female,0-17,4472.712728517336,3385.98762788218,6116.992679982141
person_years_exposure,state,3,female,18-44,5247.62851712858,3952.8374542798974,7150.938743562971
person_years_exposure,state,3,female,45-64,5146.259048286295,3880.2270846489623,6988.890780584224
person_years_exposure,state,3,female,65-74,1740.690230931579,1298.3656706337051,2403.9625033097564
person_years_exposure,state,3,female,75-84,638.6998933869631,415.6928675828416,914.1527965472776
person_years_exposure,state,3,female,85+,52.49748021038191,25.456618885370418,85.04155996026313
person_years_exposure,state,3,female,18-64,10393.887565414876,7840.823683972496,14129.576100893619
person_years_exposure,state,3,female,65+,2431.887604528924,1771.2933601068003,3399.883787505286
mortality_rate,state,3,female,0-17,0.000759051550439149,0.0,0.001859734663181864
mortality_rate,state,3,female,18-44,0.0016293632334760972,0.0003758912437183828,0.0036982391969188726
mortality_rate,state,3,female,45-64,0.008749624068427778,0.0028943909063836953,0.01839383425316986
mortality_rate,state,3,female,65-74,0.0400118892417169,0.01430183646421937,0.08652059895635994
mortality_rate,state,3,female,75-84,0.10463097253189774,0.03944190076311635,0.23915217469349545
mortality_rate,state,3,female,85+,0.1990293053371702,0.06383602859202743,0.5116164512994889
qualifying_event_rate,state,3,female,0-17,0.028289271597863944,0.0213673063762846,0.03776461729979054
qualifying_event_rate,state,3,female,18-44,0.039122485913468535,0.0302401546163129,0.05069994469981857
qualifying_event_rate,state,3,female,45-64,0.058159662133539215,0.046042020604147575,0.07441186564915472
qualifying_event_rate,state,3,female,65-74,0.08679728180081397,0.06875184669327979,0.11135202457695535
qualifying_event_rate,state,3,female,75-84,0.09765540931100955,0.07441678716775806,0.13115766474270552
qualifying_event_rate,state,3,female,85+,0.08176338007286763,0.023719165178298317,0.15332458240592853
person_years_exposure,state,4,male,0-17,5216.605734330838,3481.625771715819,7952.688006011845
person_years_exposure,state,4,male,18-44,6450.253151932044,4299.248684173221,9720.114498213621
person_years_exposure,state,4,male,45-64,6186.483500734136,4107.870044073764,9687.19331547168
person_years_exposure,state,4,male,65-74,1941.350016562874,1284.2881616234192,3109.8509417523333
person_years_exposure,state,4,male,75-84,801.916085637218,487.83144424740914,1277.0613319740653
person_years_exposure,state,4,male,85+,171.85625268410027,86.11294721803637,284.2805942453379
person_years_exposure,state,4,male,18-64,12636.736652666179,8404.798303086078,19380.6203565208
person_years_exposure,state,4,male,65+,2915.122354884192,1885.7611414442001,4596.540895833982
mortality_rate,state,4,male,0-17,0.0008854686093298409,0.0,0.0020651214319505617
mortality_rate,state,4,male,18-44,0.0017786247472777693,0.00043764353936981784,0.003948939082615841
mortality_rate,state,4,male,45-64,0.00790257666579866,0.0027483067134661263,0.016198231893694785
mortality_rate,state,4,male,65-74,0.03928563150842888,0.014292905684017074,0.0836146695638999
mortality_rate,state,4,male,75-84,0.10534776418859813,0.039881659829898164,0.2389497868627516
mortality_rate,state,4,male,85+,0.15684305116656702,0.060020882890878126,0.3799972344933973
qualifying_event_rate,state,4,male,0-17,0.023419147095447727,0.017391525533026995,0.03088031403575459
qualifying_event_rate,state,4,male,18-44,0.028567999442398576,0.02195114085674609,0.03706542661218516
qualifying_event_rate,state,4,male,45-64,0.04339237545677338,0.033938577510461795,0.05595153609852477
qualifying_event_rate,state,4,male,65-74,0.07296300956090467,0.05676242265016221,0.09453137570599549
qualifying_event_rate,state,4,male,75-84,0.0763781538441026,0.05625001533551608,0.10203297548065729
qualifying_event_rate,state,4,male,85+,0.06900179678467015,0.03868713261694233,0.10919456233635731
person_years_exposure,state,4,female,0-17,5247.392511426956,3517.2906327424434,8016.308507683933
person_years_exposure,state,4,female,18-44,5937.985172778033,3949.698056423793,9016.520372918287
person_years_exposure,state,4,female,45-64,6386.551676276332,4259.0149401684475,9815.256112534622
person_years_exposure,state,4,female,65-74,1981.866333102583,1309.467423430772,3108.220727374493
person_years_exposure,state,4,female,75-84,786.1697253854967,486.45933534129466,1240.7822794612443
person_years_exposure,state,4,female,85+,95.90864584446629,44.664984980519826,162.25067760798422
person_years_exposure,state,4,female,18-64,12324.536849054366,8227.573007443514,18805.74527983115
person_years_exposure,state,4,female,65+,2863.944704332546,1869.1007492994547,4439.616361417443
mortality_rate,state,4,female,0-17,0.0008017374802511116,0.0,0.001944442445459441
mortality_rate,state,4,female,18-44,0.0010365753411468192,0.00017699460371660254,0.0023652930559749734
mortality_rate,state,4,female,45-64,0.008449532962632076,0.0029395964289296544,0.017987592015175254
mortality_rate,state,4,female,65-74,0.038624711221351714,0.013742574237851645,0.08228791411287802
mortality_rate,state,4,female,75-84,0.10190914113558194,0.03883848534084499,0.234466513191888
mortality_rate,state,4,female,85+,0.19428781895336203,0.07116072234141178,0.4841227446052065
qualifying_event_rate,state,4,female,0-17,0.02291556581252904,0.01712374357638908,0.0302777137275445
qualifying_event_rate,state,4,female,18-44,0.026613905530992334,0.02048973677535324,0.034695962251626807
qualifying_event_rate,state,4,female,45-64,0.044003737396305025,0.0345721960797133,0.056580951531259006
qualifying_event_rate,state,4,female,65-74,0.07514750688445716,0.05861888565703553,0.0967768240452617
qualifying_event_rate,state,4,female,75-84,0.07670972308000978,0.0564623481782722,0.10289422507727493
qualifying_event_rate,state,4,female,85+,0.08248147654994088,0.04103615221970174,0.1374281417797108
person_years_exposure,state,5,male,0-17,17102.37485750685,13298.92872977838,22579.996987878298
person_years_exposure,state,5,male,18-44,21611.20805558709,16813.555329765913,28143.47315494403
person_years_exposure,state,5,male,45-64,18368.233815730768,14242.095512440035,24439.13957134038
person_years_exposure,state,5,male,65-74,5383.153505498919,4062.7159152442036,7269.39456489198
person_years_exposure,state,5,male,75-84,1956.9460829929628,1330.2437307656257,2666.584925022015
person_years_exposure,state,5,male,85+,288.2701181873261,151.2994148922367,433.3007413566929
person_years_exposure,state,5,male,18-64,39979.44187131786,31044.909906225264,52822.632015406016
person_years_exposure,state,5,male,65+,7628.369706679208,5591.3311396845675,10264.128258629315
mortality_rate,state,5,male,0-17,0.0008564862681816664,0.00022379385908430683,0.001860180452386312
mortality_rate,state,5,male,18-44,0.0014257559969726558,0.00046484121620395753,0.002994231686326093
mortality_rate,state,5,male,45-64,0.0077449065235883855,0.0028436829842253797,0.016265801570028642
mortality_rate,state,5,male,65-74,0.04279904152610651,0.016176352650007938,0.09216129557897175
mortality_rate,state,5,male,75-84,0.10859776937561763,0.04130441602801867,0.24782652000931962
mortality_rate,state,5,male,85+,0.18126629268603392,0.07263136936741721,0.4351042281196184
qualifying_event_rate,state,5,male,0-17,0.022865826989612884,0.017978378635481785,0.029626277862153612
qualifying_event_rate,state,5,male,18-44,0.02990996518708121,0.023603133269787625,0.03844727621776289
qualifying_event_rate,state,5,male,45-64,0.04411827232127943,0.03511865055947569,0.05610773191705543
qualifying_event_rate,state,5,male,65-74,0.07612177072267863,0.061513973564702354,0.0967871186340557
qualifying_event_rate,state,5,male,75-84,0.0789764573805262,0.06180077234919344,0.10440035147264422
qualifying_event_rate,state,5,male,85+,0.05331083760312665,0.031238801712806866,0.0836671818084766
person_years_exposure,state,5,female,0-17,16546.664302703553,12824.928178529084,21902.82163743528
person_years_exposure,state,5,female,18-44,21623.688846760317,16832.216084509346,28454.715129573375
person_years_exposure,state,5,female,45-64,17751.68280209535,13742.179586446175,23589.068817549047
person_years_exposure,state,5,female,65-74,4990.264420408931,3747.1362761184887,6699.275236783275
person_years_exposure,state,5,female,75-84,1921.5276809164147,1298.3494181845085,2618.027578090277
person_years_exposure,state,5,female,85+,276.57848668133346,138.01724359536894,418.61689177967304
person_years_exposure,state,5,female,18-64,39375.37164885567,30585.17812385992,52110.07633482133
person_years_exposure,state,5,female,65+,7188.370588006679,5289.786432206058,9658.99266361489
mortality_rate,state,5,female,0-17,0.000703797913552718,0.00017921865249031002,0.001515008683283879
mortality_rate,state,5,female,18-44,0.0011175368251702923,0.00035105355497744127,0.0023344595478088626
mortality_rate,state,5,female,45-64,0.008954622701734633,0.003299117669829202,0.01862649635917085
mortality_rate,state,5,female,65-74,0.03971538420889567,0.015033253843713302,0.08621666100421835
mortality_rate,state,5,female,75-84,0.10998895633228326,0.041964874841793114,0.251113517798443
mortality_rate,state,5,female,85+,0.19561947360130477,0.08204583368306509,0.46523057850210686
qualifying_event_rate,state,5,female,0-17,0.021902733728488676,0.017089344386875895,0.028234692936234346
qualifying_event_rate,state,5,female,18-44,0.029190480781204946,0.023065634158281664,0.037570759852970884
qualifying_event_rate,state,5,female,45-64,0.04505692521695429,0.03601846776662645,0.057482712396047936
qualifying_event_rate,state,5,female,65-74,0.07054703634893769,0.05650246042788799,0.0896609366895774
qualifying_event_rate,state,5,female,75-84,0.07680247488224824,0.05988799870745877,0.10249810311004326
qualifying_event_rate,state,5,female,85+,0.06795314130329205,0.042185716954135435,0.10171745712581208
