estimand,level,unit,sex,age_band,estimate,lower,upper
children_under_16,county,0,,,1827.689264442267,1267.8986628654768,2387.479866019057
children_under_16,county,1,,,1608.7408324003788,1212.9773480120764,2004.5043167886813
children_under_16,county,2,,,1186.1244070450373,683.5417828002957,1688.707031289779
children_under_16,county,3,,,2019.8355443027342,1334.2823685304375,2705.388720075031
children_under_16,county,4,,,1679.4041817371412,1146.7039919519907,2212.104371522292
children_under_16,county,5,,,1376.6945222119336,911.6050145996281,1841.784029824239
children_under_16,county,6,,,1099.5185812575724,749.7336049982791,1449.3035575168656
children_under_16,county,7,,,654.6364889381719,430.13103011295374,879.1419477633899
children_under_16,county,8,,,966.2509974542567,728.3853725800984,1204.116622328415
children_under_16,county,9,,,973.4793432077292,634.6259788211516,1312.3327075943068
children_under_16,county,10,,,535.3418575731266,403.7617607944732,666.92195435178
children_under_16,county,11,,,244.83412712820194,146.3282990380028,343.3399552184011
children_under_16,county,12,,,493.51074808124866,302.30358563774183,684.7179105247556
children_under_16,county,13,,,495.0448645193242,275.3955084506365,714.694220588012
children_under_16,county,14,,,185.53127020290148,124.07301091924113,246.98952948656182
children_under_16,county,15,,,734.2480324621768,510.25904236080135,958.2370225635522
children_under_16,county,16,,,461.011879479548,238.82075274406552,683.2030062150304
children_under_16,nation,0,,,16541.89694244375,14531.746849791429,18552.047035096068
children_under_16,state,0,,,2561.9372969044434,1887.579058419934,3236.295535388953
children_under_16,state,1,,,3110.333687427762,2527.0225825400516,3693.6447923154724
children_under_16,state,2,,,2635.691899125158,1886.6919899059426,3384.691808344374
children_under_16,state,3,,,3238.1490146386654,2245.59778554153,4230.700243735801
children_under_16,state,4,,,1864.9354519400426,1355.4334491448228,2374.4374547352627
children_under_16,state,5,,,3130.849592407678,2315.4633521998285,3946.235832615527
elders_65_plus,county,0,,,608.3780585278527,422.04205163920244,794.7140654165029
elders_65_plus,county,1,,,477.1545608016923,359.770611957128,594.5385096462567
elders_65_plus,county,2,,,439.6571137253764,253.3663463559984,625.9478810947544
elders_65_plus,county,3,,,651.2790042225239,430.22814148374505,872.3298669613027
elders_65_plus,county,4,,,525.8508208613432,359.05307490017526,692.6485668225112
elders_65_plus,county,5,,,363.04552637234286,240.39764597686178,485.69340676782394
elders_65_plus,county,6,,,261.6073128938764,178.3833371560749,344.83128863167786
elders_65_plus,county,7,,,155.14682916611895,101.9397277353477,208.3539305968902
elders_65_plus,county,8,,,310.58518380394884,234.12726653729263,387.0431010706051
elders_65_plus,county,9,,,329.97372372662784,215.11488545328677,444.8325619999689
elders_65_plus,county,10,,,168.73038698223266,127.25864264811972,210.2021313163456
elders_65_plus,county,11,,,73.61107547473183,43.99461623638505,103.22753471307863
elders_65_plus,county,12,,,155.6337043956086,95.3345536400173,215.93285515119987
elders_65_plus,county,13,,,176.59888326594947,98.24269017731082,254.95507635458813
elders_65_plus,county,14,,,56.582782581699874,37.83942293621243,75.32614222718732
elders_65_plus,county,15,,,263.97242787225497,183.4452559635439,344.49959978096604
elders_65_plus,county,16,,,182.3169230941587,94.44673065796884,270.1871155303486
elders_65_plus,nation,0,,,5200.12431776834,4596.726878117251,5803.521757419429
elders_65_plus,state,0,,,872.3504864001077,642.7189747135756,1101.9819980866398
elders_65_plus,state,1,,,956.4701315878738,777.0907023359495,1135.849560839798
elders_65_plus,state,2,,,954.2066244810932,680.6958980342963,1227.71735092789
elders_65_plus,state,3,,,1054.8638034238836,731.8381017333891,1377.8895051143782
elders_65_plus,state,4,,,582.4336034430431,423.2599896291408,741.6072172569454
elders_65_plus,state,5,,,779.7996684323382,580.4309454691115,979.1683913955649
households,county,0,,,3198.7091942847774,2218.9981575269494,4178.420231042605
households,county,1,,,2573.289123291961,1940.2388213033023,3206.3394252806197
households,county,2,,,1701.9014874177506,980.7746724967551,2423.028302338746
households,county,3,,,3489.0742315105863,2304.8461755858207,4673.302287435352
households,county,4,,,2885.4723347866134,1970.2122222562903,3800.7324473169365
households,county,5,,,1839.2812582913605,1217.9158057690015,2460.6467108137194
households,county,6,,,1560.8124337777822,1064.278087382523,2057.346780173041
households,county,7,,,882.4690416904126,579.8291484802003,1185.108934900625
households,county,8,,,1802.719109930176,1358.9369987749137,2246.5012210854384
households,county,9,,,1675.2903677891939,1092.1472519021836,2258.433483676204
households,county,10,,,1086.9425824156094,819.7861698095783,1354.0989950216406
households,county,11,,,371.34598232338703,221.93975400955588,520.7522106372182
households,county,12,,,771.9707927399048,472.8763042349437,1071.065281244866
households,county,13,,,776.7033879912674,432.08331159819045,1121.3234643843443
households,county,14,,,302.11029783521104,202.03459094054716,402.1860047298749
households,county,15,,,1432.805868318396,995.7155047531467,1869.8962318836454
households,county,16,,,917.7092012701846,475.40640925549843,1360.0119932848709
households,nation,0,,,27268.60669566457,24104.618236192196,30432.595155136944
households,state,0,,,4631.515062603174,3412.325339707808,5850.704785498539
households,state,1,,,5462.950815637747,4438.437949318512,6487.463681956981
households,state,2,,,4168.284869419107,3020.340539815832,5316.229199022382
households,state,3,,,5535.710581623167,3841.7844023732296,7229.636760873104
households,state,4,,,3187.5826326218244,2316.1559560870155,4059.009309156633
households,state,5,,,4282.562733759555,3151.3688472504155,5413.756620268695
low_income_household_share,county,0,,,0.34756661707348996,0.2631487991609055,0.4319844349860744
low_income_household_share,county,1,,,0.30519070771804324,0.21998278627611623,0.39039862915997026
low_income_household_share,county,2,,,0.4149753601023615,0.33111220319289014,0.4988385170118329
low_income_household_share,county,3,,,0.3163014323177347,0.23053753532501653,0.4020653293104529
low_income_household_share,county,4,,,0.34284038290972085,0.25929314617663607,0.42638761964280564
low_income_household_share,county,5,,,0.29720292701777334,0.21334297939145389,0.38106287464409283
low_income_household_share,county,6,,,0.31962480663688597,0.23536898860247218,0.40388062467129976
low_income_household_share,county,7,,,0.3069409496630993,0.22306336764770246,0.3908185316784962
low_income_household_share,county,8,,,0.298746473523157,0.21440849417032365,0.3830844528759903
low_income_household_share,county,9,,,0.35508074511182947,0.26875817968454907,0.44140331053910986
low_income_household_share,county,10,,,0.3882561020785754,0.30004761580096717,0.47646458835618366
low_income_household_share,county,11,,,0.3218488383796184,0.23512479425503807,0.40857288250419876
low_income_household_share,county,12,,,0.4241952498825583,0.34068731133380803,0.5077031884313086
low_income_household_share,county,13,,,0.4492149278578425,0.3654242938949275,0.5330055618207575
low_income_household_share,county,14,,,0.3089724827779662,0.2255968460291353,0.39234811952679705
low_income_household_share,county,15,,,0.3368117250131565,0.25294236352134153,0.42068108650497144
low_income_household_share,county,16,,,0.4409086643140466,0.35709634140761215,0.5247209872204811
low_income_household_share,nation,0,,,0.3421281602248877,0.3306811905714272,0.35357512987834816
low_income_household_share,state,0,,,0.34443062649167616,0.326790739427815,0.3620705135555373
low_income_household_share,state,1,,,0.3179292963994415,0.296884283531286,0.33897430926759703
low_income_household_share,state,2,,,0.4279513557952672,0.41423775538793095,0.4416649562026035
low_income_household_share,state,3,,,0.32818473404443776,0.30380762064469424,0.3525618474441813
low_income_household_share,state,4,,,0.33959469719786317,0.32574695897186157,0.3534424354238648
low_income_household_share,state,5,,,0.30723794041593333,0.29026900319014504,0.3242068776417216
mean_income_adults,county,0,,,35535.16708347329,29375.05324551043,41695.28092143615
mean_income_adults,county,1,,,28222.4154115364,23144.084696813872,33300.74612625893
mean_income_adults,county,2,,,23500.808813362317,19525.325923488057,27476.291703236577
mean_income_adults,county,3,,,33043.04961660171,27043.999044873828,39042.1001883296
mean_income_adults,county,4,,,26965.242528023427,22381.937501634835,31548.54755441202
mean_income_adults,county,5,,,30406.254253327148,25132.02944003262,35680.47906662167
mean_income_adults,county,6,,,27967.3692152943,23096.754210937466,32837.98421965113
mean_income_adults,county,7,,,29704.324017758485,24565.37258510234,34843.27545041463
mean_income_adults,county,8,,,32988.33380754287,27184.116014294377,38792.55160079136
mean_income_adults,county,9,,,35359.47756428231,28984.438760221663,41734.51636834295
mean_income_adults,county,10,,,23299.02833938886,19015.67778281371,27582.37889596401
mean_income_adults,county,11,,,30242.52662642616,24636.76123456964,35848.29201828268
mean_income_adults,county,12,,,25180.48454568224,20950.535385741434,29410.433705623047
mean_income_adults,county,13,,,24527.43871822308,20399.250150729327,28655.62728571683
mean_income_adults,county,14,,,35544.3791728614,29490.014393664438,41598.743952058365
mean_income_adults,county,15,,,37272.78314592945,30878.40203507222,43667.16425678667
mean_income_adults,county,16,,,25499.951561069345,21203.014498255558,29796.888623883133
mean_income_adults,nation,0,,,30274.251834893665,29187.946794332667,31360.556875454662
mean_income_adults,state,0,,,36041.57437382845,34197.72131787462,37885.427429782285
mean_income_adults,state,1,,,28862.12851430684,26985.572160351927,30738.684868261756
mean_income_adults,state,2,,,24374.826400392976,23601.069341805014,25148.58345898094
mean_income_adults,state,3,,,33535.27692766734,31007.085640159785,36063.4682151749
mean_income_adults,state,4,,,27789.116938146894,26683.028411055217,28895.20546523857
mean_income_adults,state,5,,,29388.46932461264,27783.24740334456,30993.69124588072
median_household_income,county,0,,,32009.91462289647,26460.912487706824,37558.91675808612
median_household_income,county,1,,,38616.250041525476,31667.656669424443,45564.84341362651
median_household_income,county,2,,,44982.836883320335,37373.375447849874,52592.298318790796
median_household_income,county,3,,,40514.63671104032,33159.1003018767,47870.173120203945
median_household_income,county,4,,,33066.20390731499,27445.913327154733,38686.494487475255
median_household_income,county,5,,,41846.49262982071,34587.86064119302,49105.12461844839
median_household_income,county,6,,,27861.329869623984,23009.181987580236,32713.47775166773
median_household_income,county,7,,,37314.90875830312,30859.29967902317,43770.51783758307
median_household_income,county,8,,,38362.55057712614,31612.752301372126,45112.34885288015
median_household_income,county,9,,,34916.9,28621.654488727043,41212.14551127296
median_household_income,county,10,,,32721.724999999995,26706.082761653954,38737.367238346036
median_household_income,county,11,,,40211.6399464814,32757.996196861313,47665.28369610149
median_household_income,county,12,,,24029.944817693085,19993.269323596836,28066.620311789335
median_household_income,county,13,,,31542.560000000023,26233.66341779222,36851.45658220783
median_household_income,county,14,,,37561.54479914283,31163.591052976662,43959.498545309
median_household_income,county,15,,,34072.06162565012,28226.784485651682,39917.338765648565
median_household_income,county,16,,,31542.559999999987,26227.397153692844,36857.72284630713
median_household_income,nation,0,,,35952.332293479245,34877.29994717204,37027.36463978645
median_household_income,state,0,,,32610.789285223163,30942.78743268805,34278.79113775828
median_household_income,state,1,,,37485.77076421259,35016.332862775394,39955.208665649785
median_household_income,state,2,,,36033.89026065986,34472.886487763026,37594.89403355669
median_household_income,state,3,,,38833.040152246846,35913.20641762195,41752.87388687174
median_household_income,state,4,,,33497.360490424915,32162.40198348976,34832.31899736007
median_household_income,state,5,,,35901.15620094044,33719.75485749805,38082.55754438283
persons,county,0,,,7118.9846703302355,4938.558933444263,9299.410407216208
persons,county,1,,,5742.856471254103,4330.066516756458,7155.646425751747
persons,county,2,,,4336.112955248285,2498.8225200068173,6173.403390489753
persons,county,3,,,7094.862599843223,4686.792496952901,9502.932702733544
persons,county,4,,,6012.405063424461,4105.294581516234,7919.515545332689
persons,county,5,,,4468.676126382989,2959.0206830250313,5978.331569740947
persons,county,6,,,3602.523524183215,2456.46867175978,4748.578376606651
persons,county,7,,,2097.0542522740448,1377.8763038345946,2816.232200713495
persons,county,8,,,3624.3436536181125,2732.125409913401,4516.561897322824
persons,county,9,,,3280.1689459641184,2138.391988033194,4421.945903895043
persons,county,10,,,2029.5298407122418,1530.6976850002181,2528.3619964242657
persons,county,11,,,764.0297318216424,456.6323019722704,1071.4271616710143
persons,county,12,,,1827.2995917489727,1119.3256089513832,2535.2735745465625
persons,county,13,,,1818.2688961339295,1011.5105176113477,2625.0272746565115
persons,county,14,,,639.4599314070351,427.63529277363557,851.2845700404347
persons,county,15,,,2919.905553861094,2029.1620076951265,3810.6491000270616
persons,county,16,,,1808.2178292618182,936.7219421700504,2679.7137163535863
persons,nation,0,,,59184.69963746953,52186.72320856359,66182.67606637547
persons,state,0,,,10038.89022419133,7396.4038825696725,12681.376565812985
persons,state,1,,,11396.729965584458,9259.382221122098,13534.077710046819
persons,state,2,,,9789.899272393006,7024.9813508523785,12554.817193933633
persons,state,3,,,11139.061277628984,7729.981200488757,14548.14135476921
persons,state,4,,,6651.864994831496,4833.713272517056,8470.016717145936
persons,state,5,,,10168.25390284025,7507.366067156419,12829.14173852408
tertiary_share_25_plus,county,0,,,0.5234992718180339,0.4994139933700599,0.5475845502660079
tertiary_share_25_plus,county,1,,,0.4871904225704,0.4617326628812712,0.5126481822595289
tertiary_share_25_plus,county,2,,,0.42670592154072035,0.39919133899802145,0.45422050408341924
tertiary_share_25_plus,county,3,,,0.5369960876645357,0.5127378527399006,0.5612543225891707
tertiary_share_25_plus,county,4,,,0.47262642776209307,0.4479995949021191,0.49725326062206704
tertiary_share_25_plus,county,5,,,0.4972069909335125,0.4703639674979912,0.5240500143690339
tertiary_share_25_plus,county,6,,,0.4888777978980303,0.4609821043298998,0.5167734914661608
tertiary_share_25_plus,county,7,,,0.4806968846358737,0.44868414001099804,0.5127096292607494
tertiary_share_25_plus,county,8,,,0.45482200317569726,0.42668426768993023,0.4829597386614643
tertiary_share_25_plus,county,9,,,0.4673184017543005,0.438678101968976,0.495958701539625
tertiary_share_25_plus,county,10,,,0.4330912279315987,0.4000665332417944,0.466115922621403
tertiary_share_25_plus,county,11,,,0.4678193350959372,0.42060727520294094,0.5150313949889335
tertiary_share_25_plus,county,12,,,0.4163990237514178,0.38135035976071385,0.45144768774212174
tertiary_share_25_plus,county,13,,,0.44616781698891367,0.4102259818842351,0.48210965209359224
tertiary_share_25_plus,county,14,,,0.4710711418623209,0.42121676491067417,0.5209255188139676
tertiary_share_25_plus,county,15,,,0.4444362199652867,0.4152229141646293,0.4736495257659441
tertiary_share_25_plus,county,16,,,0.39430368529603466,0.3590962037471571,0.4295111668449122
tertiary_share_25_plus,nation,0,,,0.4794858686763957,0.45852447357009385,0.5004472637826975
tertiary_share_25_plus,state,0,,,0.5004746411123245,0.47746247039985246,0.5234868118247966
tertiary_share_25_plus,state,1,,,0.4672554513571586,0.4443480279988716,0.4901628747154457
tertiary_share_25_plus,state,2,,,0.42245802290173534,0.3986523046280773,0.44626374117539336
tertiary_share_25_plus,state,3,,,0.5115789656143911,0.4886723822005708,0.5344855490282113
tertiary_share_25_plus,state,4,,,0.4724769295539161,0.44823071746202814,0.4967231416458041
tertiary_share_25_plus,state,5,,,0.49079133827521404,0.46763565005823343,0.5139470264921946
person_years_exposure,county,0,male,0-17,5845.021053514486,4326.613917726767,7444.936676733276
person_years_exposure,county,0,male,18-44,5753.356870377653,4267.3587697239,7314.077358374319
person_years_exposure,county,0,male,45-64,5252.839461713959,3898.049495878858,6702.606758564881
person_years_exposure,county,0,male,65-74,1316.21312022213,939.1781531047039,1728.5847625740016
person_years_exposure,county,0,male,75-84,340.77347403501415,193.62665249834978,503.33848956818224
person_years_exposure,county,0,male,85+,18.128633321762145,6.857095879782711,31.449395987327673
person_years_exposure,county,0,male,18-64,11006.196332091611,8158.925899953149,14014.985260188201
person_years_exposure,county,0,male,65+,1675.1152275789063,1159.0063760230912,2255.604354276172
mortality_rate,county,0,male,0-17,0.0006077388021749058,0.0,0.0014965234846475715
mortality_rate,county,0,male,18-44,0.0011979249678105923,0.000202492175426783,0.0026464966671609106
mortality_rate,county,0,male,45-64,0.012857629286458823,0.004533251656659576,0.02675147062528738
mortality_rate,county,0,male,65-74,0.06075300048550543,0.021649172611372364,0.1336805168520855
mortality_rate,county,0,male,75-84,0.17287743836977984,0.0636937361475262,0.4339070525037956
mortality_rate,county,0,male,85+,0.21994501548682266,0.06106505630442373,0.6681089997461988
qualifying_event_rate,county,0,male,0-17,0.025557943655340122,0.017897562432617746,0.03514104132411341
qualifying_event_rate,county,0,male,18-44,0.0330567882863689,0.023539599314661503,0.04503674667896826
qualifying_event_rate,county,0,male,45-64,0.041280779695291966,0.029391087032512597,0.056070625184557576
qualifying_event_rate,county,0,male,65-74,0.06258336557312114,0.04323296374920162,0.08571677019785878
qualifying_event_rate,county,0,male,75-84,0.0633749181314502,0.037813332744737034,0.09682863869379651
qualifying_event_rate,county,0,male,85+,0.04733354903631634,0.0,0.14813350025725475
person_years_exposure,county,0,female,0-17,5426.204346446745,4018.0391854404893,6910.0593876402945
person_years_exposure,county,0,female,18-44,5288.919511158079,3909.6903439016382,6732.935781574811
person_years_exposure,county,0,female,45-64,5062.660971726142,3746.0334258798357,6466.275385673056
person_years_exposure,county,0,female,65-74,1198.6841972972209,858.4206895538055,1583.087254086897
person_years_exposure,county,0,female,75-84,362.58628914696527,210.7325303652359,530.4115602325219
person_years_exposure,county,0,female,85+,25.141469904150817,7.560574641204283,47.39441646228789
person_years_exposure,county,0,female,18-64,10351.580482884221,7655.124683696485,13185.362167589848
person_years_exposure,county,0,female,65+,1586.411956348337,1090.8367362958136,2146.081315900691
mortality_rate,county,0,female,0-17,0.0016201940334235592,0.0003257796155518136,0.0036009714772661195
mortality_rate,county,0,female,18-44,0.0016483089635053129,0.00036148622492556765,0.0036083355204603314
mortality_rate,county,0,female,45-64,0.012029999427945994,0.00412607705577903,0.025303343977801374
mortality_rate,county,0,female,65-74,0.06484508207542099,0.02362575286176776,0.14398909942386012
mortality_rate,county,0,female,75-84,0.16677834275424042,0.06176127303481805,0.4175852841827186
mortality_rate,county,0,female,85+,0.20100677408775516,0.05859900692928416,0.6088825837984375
qualifying_event_rate,county,0,female,0-17,0.026191712098774134,0.018211495970749395,0.03602553795388959
qualifying_event_rate,county,0,female,18-44,0.03322948033227256,0.023648172493438296,0.04536173811847189
qualifying_event_rate,county,0,female,45-64,0.042163300542119884,0.03052543551904723,0.057516690405488125
qualifying_event_rate,county,0,female,65-74,0.0629190058049611,0.043497424547337175,0.08655229780026844
qualifying_event_rate,county,0,female,75-84,0.0628312100006897,0.038081199772544615,0.09582775038618656
qualifying_event_rate,county,0,female,85+,0.06451087249451702,0.0,0.16121361118911265
person_years_exposure,county,1,male,0-17,4585.60206941984,3819.1895618619474,5489.96524826773
person_years_exposure,county,1,male,18-44,4302.85047997052,3570.7013558731146,5157.040636666033
person_years_exposure,county,1,male,45-64,4243.508590482959,3536.307829143526,5093.058898772832
person_years_exposure,county,1,male,65-74,904.5853134705332,701.1232362931362,1116.2620345535415
person_years_exposure,county,1,male,75-84,218.7254266317761,130.1377209356026,303.49396164854244
person_years_exposure,county,1,male,85+,16.86763247526123,7.128016698821052,26.58415760824667
person_years_exposure,county,1,male,18-64,8546.35907045348,7117.574492054736,10236.369266571952
person_years_exposure,county,1,male,65+,1140.1783725775704,848.150954624776,1442.2104829872085
mortality_rate,county,1,male,0-17,0.0032826080735139846,0.0009232765225197516,0.006898144745220643
mortality_rate,county,1,male,18-44,0.001229767088324727,0.00022769203645823258,0.0027715827918893153
mortality_rate,county,1,male,45-64,0.013454028415140372,0.004785308406179495,0.028251915866723216
mortality_rate,county,1,male,65-74,0.060475588289598745,0.02190934029627343,0.1318630210359933
mortality_rate,county,1,male,75-84,0.1648852201422408,0.061193394811370184,0.40598398083826615
mortality_rate,county,1,male,85+,0.18105983073631943,0.03912168134642149,0.5791094272216141
qualifying_event_rate,county,1,male,0-17,0.030862457552199938,0.021756671059667505,0.0422217908817283
qualifying_event_rate,county,1,male,18-44,0.039786148380741064,0.028427550412918983,0.05377684516492895
qualifying_event_rate,county,1,male,45-64,0.04932269254754334,0.03513195035878552,0.06650757632683299
qualifying_event_rate,county,1,male,65-74,0.07783091333872359,0.054046470116379,0.10496197109061689
qualifying_event_rate,county,1,male,75-84,0.0754059564121869,0.04367587625976651,0.11750262660669651
qualifying_event_rate,county,1,male,85+,0.061845214571192325,0.0,0.17653142014972295
person_years_exposure,county,1,female,0-17,4766.647881230912,3950.465756206606,5706.441357419245
person_years_exposure,county,1,female,18-44,4615.027791851745,3831.8458003685805,5536.582167693934
person_years_exposure,county,1,female,45-64,3910.818883876558,3246.2279937311196,4683.2180208385
person_years_exposure,county,1,female,65-74,1063.0489259994986,821.1206371255798,1314.5962049751208
person_years_exposure,county,1,female,75-84,289.6503496299787,174.3955705716722,401.07349236056126
person_years_exposure,county,1,female,85+,16.955610854206316,4.099212281636205,31.541204363074552
person_years_exposure,county,1,female,18-64,8525.846675728302,7087.682554108131,10210.043211241595
person_years_exposure,county,1,female,65+,1369.6548864836834,1010.2232699679989,1740.9968172299868
mortality_rate,county,1,female,0-17,0.0017625315309278684,0.00042097106569684447,0.003750028201289508
mortality_rate,county,1,female,18-44,0.0017123068606330633,0.00038058515331481637,0.0038595184307559822
mortality_rate,county,1,female,45-64,0.012013823220618622,0.004176947434148256,0.025253980300245005
mortality_rate,county,1,female,65-74,0.06498849991262357,0.0228982709218907,0.1421196423036866
mortality_rate,county,1,female,75-84,0.16505564714793058,0.06316881923443655,0.40330260646728355
mortality_rate,county,1,female,85+,0.14169448821477157,0.0,0.4966663971458857
qualifying_event_rate,county,1,female,0-17,0.031385988803648866,0.021986140349072144,0.043137920698596864
qualifying_event_rate,county,1,female,18-44,0.04014123815561437,0.028666201923327826,0.05481121470469325
qualifying_event_rate,county,1,female,45-64,0.05196109951717318,0.037245952086664216,0.0696737125721461
qualifying_event_rate,county,1,female,65-74,0.07339873640137862,0.05187093516268336,0.10068594659214862
qualifying_event_rate,county,1,female,75-84,0.0737345197833797,0.04492852641128202,0.11084105667638697
qualifying_event_rate,county,1,female,85+,0.05256877732131169,0.0,0.16637051591518864
person_years_exposure,county,2,male,0-17,3333.812813206577,2437.7774028348886,5181.948155077948
person_years_exposure,county,2,male,18-44,3158.275726229055,2308.6340253130643,4902.86321745612
person_years_exposure,county,2,male,45-64,3029.3915149558447,2211.746725602461,4691.896624238012
person_years_exposure,county,2,male,65-74,812.5029714289248,556.2444035573178,1311.350069506025
person_years_exposure,county,2,male,75-84,163.46192004405094,87.2468653460198,270.7917002589881
person_years_exposure,county,2,male,85+,11.316982104889972,3.7174658637786693,20.817704989438663
person_years_exposure,county,2,male,18-64,6187.6672411848995,4529.022920299292,9587.6640539478
person_years_exposure,county,2,male,65+,987.2818735778657,663.9010478529509,1603.1869483963676
mortality_rate,county,2,male,0-17,0.0020475570337838947,0.00036099624308231565,0.004701227362870423
mortality_rate,county,2,male,18-44,0.001495791217504162,0.0002449570091450686,0.0034425751184305165
mortality_rate,county,2,male,45-64,0.012465439057998554,0.004297196606145736,0.02634973398896721
mortality_rate,county,2,male,65-74,0.06301623875015923,0.022393282340328245,0.13925011725358222
mortality_rate,county,2,male,75-84,0.1598849232868607,0.05708371202449133,0.40275926390432576
mortality_rate,county,2,male,85+,0.18895928585908162,0.0,0.6882583690350409
qualifying_event_rate,county,2,male,0-17,0.023731449655508184,0.01602528366474007,0.03310341718216355
qualifying_event_rate,county,2,male,18-44,0.03141269779379128,0.021497294916738036,0.0434869581809067
qualifying_event_rate,county,2,male,45-64,0.038615976039648704,0.026211890998331988,0.053138002842828685
qualifying_event_rate,county,2,male,65-74,0.0610775631575485,0.040461276686671606,0.0852985359801168
qualifying_event_rate,county,2,male,75-84,0.06724169896264928,0.033440139968789716,0.11054668053463207
qualifying_event_rate,county,2,male,85+,0.043083158231249245,0.0,0.17805774078747907
person_years_exposure,county,2,female,0-17,3064.689672357723,2214.47142645443,4770.11588980524
person_years_exposure,county,2,female,18-44,2987.4788488669624,2184.630730367606,4679.547242674592
person_years_exposure,county,2,female,45-64,3159.3541838160577,2295.452867738963,4958.293370686172
person_years_exposure,county,2,female,65-74,756.5502456686962,520.1797409053783,1213.9348311785404
person_years_exposure,county,2,female,75-84,206.0627415308497,110.01706636398542,340.64526008918654
person_years_exposure,county,2,female,85+,12.970243779817656,3.8498752773651583,24.614354441217404
person_years_exposure,county,2,female,18-64,6146.83303268302,4491.0827239259415,9635.603164786957
person_years_exposure,county,2,female,65+,975.5832309793636,652.1944716250067,1584.030002816226
mortality_rate,county,2,female,0-17,0.013498639355929943,0.004611342965472962,0.02822639639407276
mortality_rate,county,2,female,18-44,0.0014332279818060976,0.0,0.003452010716039103
mortality_rate,county,2,female,45-64,0.012909951528680737,0.004376656424307591,0.027800428792722966
mortality_rate,county,2,female,65-74,0.06242720114969685,0.022278380964530876,0.13804224031993004
mortality_rate,county,2,female,75-84,0.16539004994481946,0.061853006927399465,0.4067040875891925
mortality_rate,county,2,female,85+,0.21582814771093742,0.04771242655153316,0.8083659490940324
qualifying_event_rate,county,2,female,0-17,0.024522485676643658,0.01630916532399441,0.03462963435674477
qualifying_event_rate,county,2,female,18-44,0.031374110723176515,0.02136626206172577,0.04332618370160672
qualifying_event_rate,county,2,female,45-64,0.03928252885059427,0.027428996330846445,0.05396917935179466
qualifying_event_rate,county,2,female,65-74,0.05783021813098364,0.037237791406254314,0.08143413072510933
qualifying_event_rate,county,2,female,75-84,0.05522015511188475,0.027320992760556637,0.09111324773418178
qualifying_event_rate,county,2,female,85+,0.056303318565549376,0.0,0.1874727761311612
person_years_exposure,county,3,male,0-17,5610.631854208627,4193.108190461325,7615.338041864437
person_years_exposure,county,3,male,18-44,6356.6049297856,4733.070228594761,8643.326583436412
person_years_exposure,county,3,male,45-64,4957.455388185104,3699.178926619451,6744.143208255332
person_years_exposure,county,3,male,65-74,1238.2025315252085,882.4094218634366,1706.5466739087044
person_years_exposure,county,3,male,75-84,330.7067032522798,178.16429546294788,490.56110316207827
person_years_exposure,county,3,male,85+,20.15148903586275,6.321269943071541,36.50722320931388
person_years_exposure,county,3,male,18-64,11314.060317970703,8463.594331353816,15362.885112693799
person_years_exposure,county,3,male,65+,1589.0607238133512,1070.5184108828635,2197.0400089384125
mortality_rate,county,3,male,0-17,0.0008936020051358676,0.00015887151045541672,0.00213957914327416
mortality_rate,county,3,male,18-44,0.0012344904324602527,0.0002862921369431877,0.0027812461324038668
mortality_rate,county,3,male,45-64,0.01257289979700019,0.004445419822642059,0.02664566461468488
mortality_rate,county,3,male,65-74,0.06056156961035266,0.022300532717563718,0.14067103258705238
mortality_rate,county,3,male,75-84,0.1740468266570487,0.06588917636307368,0.44586988223256413
mortality_rate,county,3,male,85+,0.16193802558564038,0.03252746541354668,0.5264923179192803
qualifying_event_rate,county,3,male,0-17,0.027580258302846047,0.019111944097173476,0.03837910619741273
qualifying_event_rate,county,3,male,18-44,0.03607898340124393,0.02558432437488869,0.049032416580691636
qualifying_event_rate,county,3,male,45-64,0.044673778052862774,0.031792203618871036,0.061192278124104015
qualifying_event_rate,county,3,male,65-74,0.06661518645503543,0.04599455931868986,0.09227181896239994
qualifying_event_rate,county,3,male,75-84,0.059251851976798,0.03424748352334039,0.09335530034137482
qualifying_event_rate,county,3,male,85+,0.04952015428509366,0.0,0.14380583071635755
person_years_exposure,county,3,female,0-17,5958.557871740156,4453.206927557399,8088.9250421172355
person_years_exposure,county,3,female,18-44,5952.309717211235,4436.385074171543,8048.308527248285
person_years_exposure,county,3,female,45-64,4825.830054499045,3599.0403082529656,6564.878964916811
person_years_exposure,county,3,female,65-74,1292.0677449409743,918.362837533157,1784.7099119692145
person_years_exposure,county,3,female,75-84,257.076920661318,142.90483950474388,377.0154774889154
person_years_exposure,county,3,female,85+,23.86608369794089,8.70518581996326,41.12114754583581
person_years_exposure,county,3,female,18-64,10778.139771710281,8058.333621568478,14603.224894055322
person_years_exposure,county,3,female,65+,1573.010749300233,1084.3981124533184,2189.0700340715694
mortality_rate,county,3,female,0-17,0.001493797509035615,0.0003636232594303781,0.0034333532627845885
mortality_rate,county,3,female,18-44,0.0015902768441516696,0.0003540861971495507,0.0035987821081960177
mortality_rate,county,3,female,45-64,0.011718859142900467,0.00420956141156934,0.02474778973807542
mortality_rate,county,3,female,65-74,0.06332450455155371,0.02365717451904512,0.14468915234686242
mortality_rate,county,3,female,75-84,0.15841377747905072,0.059151703532834186,0.4006285272732865
mortality_rate,county,3,female,85+,0.17893615784490383,0.03528195729110891,0.5874303056087231
qualifying_event_rate,county,3,female,0-17,0.027770915872077327,0.019456976098708036,0.03829541196889874
qualifying_event_rate,county,3,female,18-44,0.03629401247390324,0.025847945359571006,0.049338927470447234
qualifying_event_rate,county,3,female,45-64,0.047227039782777556,0.03366109129704991,0.06436781646205346
qualifying_event_rate,county,3,female,65-74,0.06696584943110138,0.04693271939706742,0.09206234697199893
qualifying_event_rate,county,3,female,75-84,0.06767490253172763,0.03897955111287521,0.10555816546233965
qualifying_event_rate,county,3,female,85+,0.06348454058777946,0.0,0.17025979395186772
person_years_exposure,county,4,male,0-17,4874.959397829275,3661.783042881057,6373.58268640956
person_years_exposure,county,4,male,18-44,4847.716918896205,3625.6681492834005,6326.632846707195
person_years_exposure,county,4,male,45-64,4555.233944020582,3433.085308461702,5948.014841963378
person_years_exposure,county,4,male,65-74,1167.530820751485,830.5226350890932,1542.870902184268
person_years_exposure,county,4,male,75-84,263.5760958460403,148.41135759657485,378.6796667441795
person_years_exposure,county,4,male,85+,9.34341778199667,2.3293203820845454,17.935101097479638
person_years_exposure,county,4,male,18-64,9402.950862916787,7070.64176415857,12259.685469426095
person_years_exposure,county,4,male,65+,1440.450334379522,999.052867839273,1913.8286175960418
mortality_rate,county,4,male,0-17,0.0019967113414491844,0.00045262950901776193,0.004417481019023912
mortality_rate,county,4,male,18-44,0.0013304628011815835,0.00022617287117527693,0.003058394958343984
mortality_rate,county,4,male,45-64,0.01301537674378379,0.004437699680787264,0.028125160107079817
mortality_rate,county,4,male,65-74,0.06042377906458896,0.021764068281899026,0.13496942773002593
mortality_rate,county,4,male,75-84,0.16877574777733811,0.06453743859593002,0.42231568862274954
mortality_rate,county,4,male,85+,0.16199705104853315,0.0,0.6638280616761654
qualifying_event_rate,county,4,male,0-17,0.02478446122880536,0.016985164539675437,0.03421427400514565
qualifying_event_rate,county,4,male,18-44,0.03222864580922638,0.02278451310204083,0.044430311675144
qualifying_event_rate,county,4,male,45-64,0.040481742729329466,0.028808768813770435,0.05519978823635995
qualifying_event_rate,county,4,male,65-74,0.061490447114099185,0.04173717019393824,0.08351137658485759
qualifying_event_rate,county,4,male,75-84,0.056115788343570325,0.029411625008506644,0.09168227267269566
qualifying_event_rate,county,4,male,85+,0.04025569005607643,0.0,0.18850010871917663
person_years_exposure,county,4,female,0-17,4610.991899201022,3464.9856030700594,6034.319273961239
person_years_exposure,county,4,female,18-44,5025.307247037219,3778.5840008673918,6552.661510406652
person_years_exposure,county,4,female,45-64,4497.849873670372,3384.9608778742922,5882.610712066083
person_years_exposure,county,4,female,65-74,1108.8285573594333,786.2293442681698,1464.2915245245879
person_years_exposure,county,4,female,75-84,287.2182175022601,162.96630034535013,412.02706428047856
person_years_exposure,county,4,female,85+,17.191985014976137,4.8266712305036386,31.04036009120782
person_years_exposure,county,4,female,18-64,9523.15712070759,7156.983234135498,12424.619292764515
person_years_exposure,county,4,female,65+,1413.2387598766695,972.8747980353271,1891.2592750906358
mortality_rate,county,4,female,0-17,0.012427949784769663,0.0043676157362344415,0.026623531620789908
mortality_rate,county,4,female,18-44,0.0017545957648059196,0.00036008183340658907,0.003958873325813858
mortality_rate,county,4,female,45-64,0.01208639561026265,0.0042411299127157725,0.025800748192853447
mortality_rate,county,4,female,65-74,0.0646786673155104,0.02288906980771672,0.14352691570286522
mortality_rate,county,4,female,75-84,0.1681239155823248,0.06306868772926588,0.4186844129709296
mortality_rate,county,4,female,85+,0.21126854150269483,0.04683562424293593,0.674961007323777
qualifying_event_rate,county,4,female,0-17,0.025413013464424965,0.017554466960862214,0.03550823546431623
qualifying_event_rate,county,4,female,18-44,0.03197118726565896,0.02221705702631024,0.044097019795608275
qualifying_event_rate,county,4,female,45-64,0.042991244593209625,0.030559519577690986,0.05795059679600393
qualifying_event_rate,county,4,female,65-74,0.05936903201859076,0.04074009632664779,0.08357884120859756
qualifying_event_rate,county,4,female,75-84,0.059772867389071525,0.03269007608674563,0.09423552613097222
qualifying_event_rate,county,4,female,85+,0.05157087497747298,0.0,0.15913102931134437
person_years_exposure,county,5,male,0-17,3460.9333656192766,2505.2129808065833,4616.341076251578
person_years_exposure,county,5,male,18-44,3439.5355163433615,2495.8123272459,4579.088076056586
person_years_exposure,county,5,male,45-64,3088.339615455348,2229.454390045063,4126.8972752374275
person_years_exposure,county,5,male,65-74,734.3859260393901,509.110483103587,993.7431121481939
person_years_exposure,county,5,male,75-84,201.1566898388979,107.29103219812018,297.5077404313361
person_years_exposure,county,5,male,85+,8.094530781602149,0.841620662010439,15.982679546108146
person_years_exposure,county,5,male,18-64,6527.87513179871,4734.49343247555,8703.152614749517
person_years_exposure,county,5,male,65+,943.6371466598903,626.2250567949891,1299.3645073720027
mortality_rate,county,5,male,0-17,0.001622462434781736,0.00027971930582281043,0.00385228181820861
mortality_rate,county,5,male,18-44,0.0012627465825290874,0.0,0.0031561006933783753
mortality_rate,county,5,male,45-64,0.012932338440088068,0.004328385912757859,0.027803396570694416
mortality_rate,county,5,male,65-74,0.060406384872430254,0.020275982722171723,0.1370297695580829
mortality_rate,county,5,male,75-84,0.17062525057233588,0.06277957990926408,0.4282435226027708
mortality_rate,county,5,male,85+,0.1581498743867701,0.0,0.7415362109560151
qualifying_event_rate,county,5,male,0-17,0.029973512103847775,0.020666863472431917,0.04106450543633568
qualifying_event_rate,county,5,male,18-44,0.03720793890211257,0.025891404983935523,0.050667022296992145
qualifying_event_rate,county,5,male,45-64,0.046174974796359736,0.03241354007703705,0.06247698910018375
qualifying_event_rate,county,5,male,65-74,0.0711027079456362,0.048003239705207604,0.09808207653158402
qualifying_event_rate,county,5,male,75-84,0.06869932862724375,0.03583667110546942,0.10992758554978231
qualifying_event_rate,county,5,male,85+,0.05245639139969007,0.0,0.21113289149104575
person_years_exposure,county,5,female,0-17,3353.5079593405494,2419.082147615219,4486.30583579142
person_years_exposure,county,5,female,18-44,3450.480701520176,2507.232263723064,4582.127837157943
person_years_exposure,county,5,female,45-64,3083.482806070572,2222.642045401604,4119.173995810155
person_years_exposure,county,5,female,65-74,916.4751223822101,621.4361963109303,1245.5525067119536
person_years_exposure,county,5,female,75-84,186.74601966210895,104.06371144371246,273.50854513525746
person_years_exposure,county,5,female,85+,11.207611490194546,3.186191641324597,19.858108889763557
person_years_exposure,county,5,female,18-64,6533.963507590748,4736.921262243955,8716.694903116213
person_years_exposure,county,5,female,65+,1114.4287535345136,739.2287963794595,1527.0003829732127
mortality_rate,county,5,female,0-17,0.01722645172433406,0.006048020943026945,0.037281041302562455
mortality_rate,county,5,female,18-44,0.0016904913596329219,0.000292849119546353,0.003962569992766193
mortality_rate,county,5,female,45-64,0.011938293725856919,0.003906920438643126,0.025460678106083295
mortality_rate,county,5,female,65-74,0.0633673125909315,0.02222325897246984,0.13894394716200936
mortality_rate,county,5,female,75-84,0.15198878198348298,0.05363766725703815,0.37524201288726317
mortality_rate,county,5,female,85+,0.16073250949280574,0.0,0.6482904968500656
qualifying_event_rate,county,5,female,0-17,0.028491911371902337,0.01950609810983038,0.039346497320501175
qualifying_event_rate,county,5,female,18-44,0.037304584820106505,0.026584580889078592,0.05073731540807879
qualifying_event_rate,county,5,female,45-64,0.04831928977370143,0.03464336436770996,0.06482744096953744
qualifying_event_rate,county,5,female,65-74,0.07087012014642369,0.048603342493350056,0.09607060849085432
qualifying_event_rate,county,5,female,75-84,0.0639293229888305,0.031623835648994104,0.10313593215178646
qualifying_event_rate,county,5,female,85+,0.055738791647366843,0.0,0.18955074350040146
person_years_exposure,county,6,male,0-17,2809.5312794474457,2116.98289076881,3731.2103358250474
person_years_exposure,county,6,male,18-44,2747.166858675757,2081.348179950281,3669.5639448131737
person_years_exposure,county,6,male,45-64,2556.179401286704,1935.992541045282,3381.8596894256207
person_years_exposure,county,6,male,65-74,598.2794086899918,430.3402032116351,803.5860883294159
person_years_exposure,county,6,male,75-84,109.54625163759813,61.03588269707143,157.9310516289549
person_years_exposure,county,6,male,85+,0.34636945786531903,0.0016019609790906472,1.0731322122763054
person_years_exposure,county,6,male,18-64,5303.346259962461,4022.5648788279227,7042.249284485347
person_years_exposure,county,6,male,65+,708.1720297854553,498.77300386074927,948.8964517108785
mortality_rate,county,6,male,0-17,0.0016444441182404792,0.00029802649880362255,0.003879185404567106
mortality_rate,county,6,male,18-44,0.0012923470438418808,0.0,0.0032218710122253495
mortality_rate,county,6,male,45-64,0.012691747220938202,0.004183708053077903,0.026911944397528875
mortality_rate,county,6,male,65-74,0.05948358940393424,0.02010724623189799,0.1337106794245807
mortality_rate,county,6,male,75-84,0.1631045140548549,0.05812565320508041,0.39065592838916785
mortality_rate,county,6,male,85+,0.10728112054266163,0.0,0.10728112054266163
qualifying_event_rate,county,6,male,0-17,0.029852517622706496,0.020478634938625544,0.04142553330770812
qualifying_event_rate,county,6,male,18-44,0.03723775988367224,0.02567854540080535,0.05137406454674922
qualifying_event_rate,county,6,male,45-64,0.045781368305406474,0.03197445510706889,0.062007680976562396
qualifying_event_rate,county,6,male,65-74,0.0705049055008302,0.0473628380957341,0.09878127789218179
qualifying_event_rate,county,6,male,75-84,0.06738286680576282,0.02926584985303177,0.11892880417405897
qualifying_event_rate,county,6,male,85+,0.04377405330144157,0.0,0.04377405330144157
person_years_exposure,county,6,female,0-17,2724.846238340638,2042.1954932200026,3617.6352622717404
person_years_exposure,county,6,female,18-44,2904.9565366581587,2203.007864547032,3888.540274555559
person_years_exposure,county,6,female,45-64,2568.3115492847446,1932.0652931271939,3390.6044053780693
person_years_exposure,county,6,female,65-74,633.8297362963797,454.5205877508721,849.7969874417402
person_years_exposure,county,6,female,75-84,139.4275266573698,78.70814447140248,199.6125401998997
person_years_exposure,county,6,female,85+,9.064310253234916,2.846234985042685,16.180347984759237
person_years_exposure,county,6,female,18-64,5473.268085942904,4142.374576134589,7255.465196471839
person_years_exposure,county,6,female,65+,782.3215732069843,546.2661189934188,1063.226914344134
mortality_rate,county,6,female,0-17,0.01719975922285091,0.005742402280783979,0.03712529702626527
mortality_rate,county,6,female,18-44,0.0016716109070727297,0.00027288545843880374,0.0039718281593121105
mortality_rate,county,6,female,45-64,0.011681776463064014,0.0037150378291187346,0.02498223924016343
mortality_rate,county,6,female,65-74,0.06357836104499012,0.022517701171244364,0.14474549203704903
mortality_rate,county,6,female,75-84,0.15269865668232013,0.052276312008729064,0.3756045101900548
mortality_rate,county,6,female,85+,0.2131925726688329,0.04565417665647612,0.8411736360055688
qualifying_event_rate,county,6,female,0-17,0.02843193687772227,0.019295497545918847,0.03943000020360963
qualifying_event_rate,county,6,female,18-44,0.036886040254931765,0.02563065359187161,0.050787963095006876
qualifying_event_rate,county,6,female,45-64,0.048041959233630464,0.03397634541103457,0.06507801730442977
qualifying_event_rate,county,6,female,65-74,0.07024662739221099,0.046973050275463835,0.09788464077209832
qualifying_event_rate,county,6,female,75-84,0.0638233909490513,0.02859774102791145,0.10760395485019834
qualifying_event_rate,county,6,female,85+,0.06119889436990804,0.0,0.21515705042706182
person_years_exposure,county,7,male,0-17,1704.420750491624,1252.4631634428283,2304.332735665645
person_years_exposure,county,7,male,18-44,1612.521222036217,1195.206383410021,2182.8988366561166
person_years_exposure,county,7,male,45-64,1374.2933242905701,1013.1620312674696,1865.3593383959733
person_years_exposure,county,7,male,65-74,357.9808788950854,251.5945433622429,493.0290536404939
person_years_exposure,county,7,male,75-84,89.56179265649986,48.90070639301693,133.10602030230658
person_years_exposure,county,7,male,85+,2.4929957657663104,0.0019180850374110809,5.976039135949489
person_years_exposure,county,7,male,18-64,2986.8145463267874,2212.004025317276,4036.15991277185
person_years_exposure,county,7,male,65+,450.03566731735157,305.16272819270154,626.0430980786425
mortality_rate,county,7,male,0-17,0.0016151702487228834,0.0,0.004172622267046402
mortality_rate,county,7,male,18-44,0.0012329674439355044,0.0,0.0032829227035315327
mortality_rate,county,7,male,45-64,0.012817311837589681,0.003687646404388733,0.027637837785802744
mortality_rate,county,7,male,65-74,0.06228587546293999,0.01880110569301865,0.14138964230319162
mortality_rate,county,7,male,75-84,0.16655979174515015,0.054657380437910366,0.4137142217379062
mortality_rate,county,7,male,85+,0.14345159833649657,0.0,1.0602736623856355
qualifying_event_rate,county,7,male,0-17,0.027046796444160366,0.01744302610377199,0.03828798592511124
qualifying_event_rate,county,7,male,18-44,0.03357292143898817,0.022254710151831898,0.04694557451509239
qualifying_event_rate,county,7,male,45-64,0.04183328982346457,0.0287191385108337,0.0582173054667477
qualifying_event_rate,county,7,male,65-74,0.06469500820352884,0.039809964410948674,0.09501852081811017
qualifying_event_rate,county,7,male,75-84,0.0614098223206383,0.020917463130657808,0.11121990344627579
qualifying_event_rate,county,7,male,85+,0.043734554295822604,0.0,0.27917087872660556
person_years_exposure,county,7,female,0-17,1551.8474815826305,1135.413133739925,2108.0462925091374
person_years_exposure,county,7,female,18-44,1572.1486205200756,1163.929325714017,2131.691194754574
person_years_exposure,county,7,female,45-64,1633.5924081072337,1199.5167673472702,2219.4611676904533
person_years_exposure,county,7,female,65-74,355.6570902470058,248.5897629499179,490.1557203294229
person_years_exposure,county,7,female,75-84,64.76503337676401,35.41849337648346,95.34411258324668
person_years_exposure,county,7,female,85+,5.100234283289136,1.294176817040963,9.294783107376363
person_years_exposure,county,7,female,18-64,3205.7410286273093,2365.0063232336997,4339.168643302618
person_years_exposure,county,7,female,65+,425.5223579070589,291.6613716642827,587.1653243794261
mortality_rate,county,7,female,0-17,0.01728251296409501,0.005308168189887644,0.03781845838577252
mortality_rate,county,7,female,18-44,0.0016799386818634901,0.0,0.004355497979621079
mortality_rate,county,7,female,45-64,0.012132661807429855,0.0034380684709310254,0.0263632532315417
mortality_rate,county,7,female,65-74,0.06149500432540227,0.01828089255276183,0.1429221222634002
mortality_rate,county,7,female,75-84,0.15907170886661948,0.0491624953830457,0.3892143983675802
mortality_rate,county,7,female,85+,0.1734398365120244,0.0,0.9516974128143784
qualifying_event_rate,county,7,female,0-17,0.025608023059857637,0.01625994199777076,0.03715746676579397
qualifying_event_rate,county,7,female,18-44,0.03361495891443754,0.022068100694998205,0.04675142722280595
qualifying_event_rate,county,7,female,45-64,0.04367770206686482,0.03009859836874402,0.06075849530213739
qualifying_event_rate,county,7,female,65-74,0.06413944835982516,0.0387303336772392,0.09277218205408042
qualifying_event_rate,county,7,female,75-84,0.05804728935052187,0.014337364693538475,0.11611887207091484
qualifying_event_rate,county,7,female,85+,0.05310462087016624,0.0,0.26344382731732985
person_years_exposure,county,8,male,0-17,2918.7843114017433,2428.625120656298,3502.279124708412
person_years_exposure,county,8,male,18-44,2936.2879486841957,2440.5884165617244,3514.9707134017535
person_years_exposure,county,8,male,45-64,2771.157973710276,2294.7054542006617,3312.970075726195
person_years_exposure,county,8,male,65-74,657.1539953530529,513.7016308593094,805.7778171008396
person_years_exposure,county,8,male,75-84,151.93944545813943,90.2383569992477,209.5845283851174
person_years_exposure,county,8,male,85+,5.906975519091064,1.5317335322241545,10.89473742695236
person_years_exposure,county,8,male,18-64,5707.445922394472,4751.757089888562,6823.584357019762
person_years_exposure,county,8,male,65+,815.0004163302833,613.0976228725631,1020.8516987676063
mortality_rate,county,8,male,0-17,0.003319353377587232,0.0007289031416947828,0.007239714030672458
mortality_rate,county,8,male,18-44,0.0012257384686548988,0.0,0.002977333800490381
mortality_rate,county,8,male,45-64,0.01347269310941252,0.004418590474026413,0.02814141745038998
mortality_rate,county,8,male,65-74,0.06211148078220878,0.021872431093861458,0.13389878707112537
mortality_rate,county,8,male,75-84,0.1656481494423011,0.05920150611506774,0.3903583998925067
mortality_rate,county,8,male,85+,0.17383025377819294,0.0,0.8290651281163938
qualifying_event_rate,county,8,male,0-17,0.029628432484179876,0.020373481257949414,0.040915108021569495
qualifying_event_rate,county,8,male,18-44,0.03801385656208166,0.02651402174445642,0.0516634528726991
qualifying_event_rate,county,8,male,45-64,0.047393354656143104,0.03311429897832433,0.06426520693352288
qualifying_event_rate,county,8,male,65-74,0.07538828924996349,0.05086988912411486,0.10479813085142596
qualifying_event_rate,county,8,male,75-84,0.07297484482021158,0.037859647652188654,0.11550625214805325
qualifying_event_rate,county,8,male,85+,0.056190782036806844,0.0,0.24988233244338248
person_years_exposure,county,8,female,0-17,2680.1445912071795,2219.7082532806476,3210.411187641391
person_years_exposure,county,8,female,18-44,2738.7664516757372,2277.663635108494,3279.967981860419
person_years_exposure,county,8,female,45-64,2541.8307515329843,2108.3135897973225,3045.3583844083882
person_years_exposure,county,8,female,65-74,627.9626736984782,488.15542941688904,773.5020119132556
person_years_exposure,county,8,female,75-84,171.1275863890066,104.05306034832675,234.42047032653218
person_years_exposure,county,8,female,85+,10.365309785088725,2.6593822280183264,20.194138605549433
person_years_exposure,county,8,female,18-64,5280.597203208721,4391.2435982451125,6323.370372656298
person_years_exposure,county,8,female,65+,809.4555698725735,608.1011647367418,1013.8937511209593
mortality_rate,county,8,female,0-17,0.0017178192256322574,0.0003336692609027694,0.0038859991497505885
mortality_rate,county,8,female,18-44,0.0017792852953994619,0.00032422111444385145,0.004109091554340898
mortality_rate,county,8,female,45-64,0.011877627159299173,0.003782231021703672,0.025058357472073176
mortality_rate,county,8,female,65-74,0.06384631650802523,0.02202191506032319,0.13722403860532492
mortality_rate,county,8,female,75-84,0.15849781991061462,0.05722553797749915,0.3809950154946593
mortality_rate,county,8,female,85+,0.15506910704995688,0.0,0.6495740154543165
qualifying_event_rate,county,8,female,0-17,0.03010838463099626,0.02040189614512975,0.04217636613251338
qualifying_event_rate,county,8,female,18-44,0.03855142447701794,0.026845746085588457,0.05224839810212589
qualifying_event_rate,county,8,female,45-64,0.04982510050280448,0.03511827152396271,0.06764256951981584
qualifying_event_rate,county,8,female,65-74,0.07047566226052603,0.047664829991505106,0.097540661463522
qualifying_event_rate,county,8,female,75-84,0.07007205537754986,0.03740937196758817,0.11354435056376258
qualifying_event_rate,county,8,female,85+,0.05141196719766406,0.0,0.18993002835230172
person_years_exposure,county,9,male,0-17,2819.556930422795,2116.024595532124,3916.0287383588875
person_years_exposure,county,9,male,18-44,2641.2785762656927,1969.9592104275573,3693.7432063770825
person_years_exposure,county,9,male,45-64,2207.6323318477325,1651.5296926599883,3061.538504785244
person_years_exposure,county,9,male,65-74,563.3993568895229,395.5003688597066,774.6804161871289
person_years_exposure,county,9,male,75-84,192.86047918120695,104.55378623079423,286.61150751454386
person_years_exposure,county,9,male,85+,7.107090225240907,2.504141041979594,12.855692963205561
person_years_exposure,county,9,male,18-64,4848.910908113425,3625.698477858147,6762.733357174674
person_years_exposure,county,9,male,65+,763.3669262959708,511.1050280328001,1048.057123175668
mortality_rate,county,9,male,0-17,0.0009083112061390334,0.0,0.0023729474536747105
mortality_rate,county,9,male,18-44,0.0012123478629911426,0.0,0.003082279922806123
mortality_rate,county,9,male,45-64,0.012876802755446653,0.004166429487431289,0.02836967573762198
mortality_rate,county,9,male,65-74,0.06566206052156656,0.022680415947742935,0.15087668101408452
mortality_rate,county,9,male,75-84,0.16269028435982827,0.060035848971158975,0.4248085365455771
mortality_rate,county,9,male,85+,0.1337048313524418,0.0,0.5357454051421234
qualifying_event_rate,county,9,male,0-17,0.027715181206957276,0.01873017608536869,0.03941165061165136
qualifying_event_rate,county,9,male,18-44,0.036111624208095425,0.02492537324281958,0.04959025101674821
qualifying_event_rate,county,9,male,45-64,0.04518946262510205,0.03161615260754052,0.06315894406287173
qualifying_event_rate,county,9,male,65-74,0.0682945645905406,0.04364654767957444,0.09615094530807401
qualifying_event_rate,county,9,male,75-84,0.057647713084815554,0.0286375736072054,0.09711971446712865
qualifying_event_rate,county,9,male,85+,0.042368281868705185,0.0,0.17409305571034378
person_years_exposure,county,9,female,0-17,2737.488305509062,2053.384982752827,3792.539716445905
person_years_exposure,county,9,female,18-44,2728.4376228852525,2045.9820274295632,3749.943679402766
person_years_exposure,county,9,female,45-64,2341.3728923221497,1750.5100813395727,3260.201208601743
person_years_exposure,county,9,female,65-74,605.6994456378834,426.74571168237077,834.9798582481269
person_years_exposure,county,9,female,75-84,153.38757323172328,86.666324850505,227.17714467247424
person_years_exposure,county,9,female,85+,9.717348143086678,3.1113578294645423,17.372143336227232
person_years_exposure,county,9,female,18-64,5069.810515207402,3795.720301116874,7059.1616113543305
person_years_exposure,county,9,female,65+,768.8043670126934,525.2106313545745,1056.0753782157246
mortality_rate,county,9,female,0-17,0.0014631555085329081,0.0,0.00353489986075092
mortality_rate,county,9,female,18-44,0.0016063451343869422,8.371327743337124e-05,0.00383749730418864
mortality_rate,county,9,female,45-64,0.011440144634409033,0.0036016330322984065,0.024879224145224404
mortality_rate,county,9,female,65-74,0.06235804607063869,0.021427715423252832,0.14122939321573208
mortality_rate,county,9,female,75-84,0.15825047834352152,0.05596346358977372,0.3906121855597465
mortality_rate,county,9,female,85+,0.16285323306496738,0.0,0.6950825087500941
qualifying_event_rate,county,9,female,0-17,0.027765707940482158,0.01888603127238091,0.03891014511156084
qualifying_event_rate,county,9,female,18-44,0.03653665652646752,0.025201017046456938,0.05043285107618053
qualifying_event_rate,county,9,female,45-64,0.04734072283817968,0.03310069220462903,0.06562904646871105
qualifying_event_rate,county,9,female,65-74,0.06730279280137991,0.04438307791370557,0.0960893547565168
qualifying_event_rate,county,9,female,75-84,0.06852228942573625,0.03358586941768282,0.11202522270908272
qualifying_event_rate,county,9,female,85+,0.0641006750146672,0.0,0.23579233574671046
person_years_exposure,county,10,male,0-17,1622.0511842157166,1346.4947733715296,1937.0032589574755
person_years_exposure,county,10,male,18-44,1670.5915526792012,1381.4020257778413,2000.0247611437853
person_years_exposure,county,10,male,45-64,1429.668023481455,1182.2362143815424,1714.203825174841
person_years_exposure,county,10,male,65-74,396.67715101427154,306.0232619580458,491.2464294183493
person_years_exposure,county,10,male,75-84,65.68435493150355,37.54173061476089,92.53349179527495
person_years_exposure,county,10,male,85+,3.8487201732283607,0.14508217684296504,7.85502819768146
person_years_exposure,county,10,male,18-64,3100.2595761606563,2568.6619852423887,3716.4963536020855
person_years_exposure,county,10,male,65+,466.21022611900344,350.7208696250111,587.7745081817898
mortality_rate,county,10,male,0-17,0.0032971490562647685,0.0005895997222164535,0.007637509884018523
mortality_rate,county,10,male,18-44,0.0012272856075812516,0.0,0.003250969188921641
mortality_rate,county,10,male,45-64,0.01352682361909933,0.004224706710405294,0.028380520922828674
mortality_rate,county,10,male,65-74,0.06243342693031412,0.019927669077662163,0.13810122578499867
mortality_rate,county,10,male,75-84,0.17058431887593492,0.05452514382975479,0.4131127540974292
mortality_rate,county,10,male,85+,0.12951118063970127,0.0,0.9306462353968203
qualifying_event_rate,county,10,male,0-17,0.036335467619505055,0.02416510655552012,0.05131608704836839
qualifying_event_rate,county,10,male,18-44,0.0464857882079585,0.031780100301432496,0.0638686273238213
qualifying_event_rate,county,10,male,45-64,0.05758283581349423,0.04006655206829802,0.07876961554177395
qualifying_event_rate,county,10,male,65-74,0.08971322055840313,0.0591817604683122,0.1251298375048497
qualifying_event_rate,county,10,male,75-84,0.08341938115968117,0.028826638954877266,0.15094021673419356
qualifying_event_rate,county,10,male,85+,0.059438161404431006,0.0,0.26421666832238494
person_years_exposure,county,10,female,0-17,1513.761915756909,1251.055747709802,1808.0238114740957
person_years_exposure,county,10,female,18-44,1679.6454651770255,1392.6013187761696,2010.8960637167038
person_years_exposure,county,10,female,45-64,1408.0277437985485,1163.1732680644182,1681.9869393314143
person_years_exposure,county,10,female,65-74,327.7321541411595,250.70363208497724,405.20339688883126
person_years_exposure,county,10,female,75-84,101.60700710231824,62.30111424623115,141.4575261104195
person_years_exposure,county,10,female,85+,10.817542979074116,3.409339264857825,20.094578959708272
person_years_exposure,county,10,female,18-64,3087.673208975574,2557.8657289537778,3696.4198696024814
person_years_exposure,county,10,female,65+,440.15670422255187,327.8311738703895,557.8614196082988
mortality_rate,county,10,female,0-17,0.0017237684293935113,0.0,0.00432406743005659
mortality_rate,county,10,female,18-44,0.0017232989401694554,0.0,0.004427793501948538
mortality_rate,county,10,female,45-64,0.011872837896752269,0.003447850942293878,0.02529277396242123
mortality_rate,county,10,female,65-74,0.06412831280786614,0.020312856066323597,0.14411140857919066
mortality_rate,county,10,female,75-84,0.15897250059501383,0.0514411314680732,0.39457715692256357
mortality_rate,county,10,female,85+,0.18058631391638033,0.0,0.674565279222183
qualifying_event_rate,county,10,female,0-17,0.03703805801892209,0.02448546225333324,0.051810127461263254
qualifying_event_rate,county,10,female,18-44,0.04697574758177147,0.032334491222948875,0.06404197251980927
qualifying_event_rate,county,10,female,45-64,0.06039962562912321,0.04194220954696145,0.0819793128382015
qualifying_event_rate,county,10,female,65-74,0.08454181996814349,0.054117825390208665,0.11858601261862077
qualifying_event_rate,county,10,female,75-84,0.08271667434195307,0.039391006410292286,0.13878116540470511
qualifying_event_rate,county,10,female,85+,0.062223819447802316,0.0,0.20756473946905502
person_years_exposure,county,11,male,0-17,618.8673033968198,437.36187260991164,907.7519190997905
person_years_exposure,county,11,male,18-44,605.4915545733633,428.2182424786512,891.3873997333523
person_years_exposure,county,11,male,45-64,658.6650763844184,467.27928133276487,961.1073339682096
person_years_exposure,county,11,male,65-74,151.13151131098306,100.70539380953804,225.97206435268416
person_years_exposure,county,11,male,75-84,45.028719611756884,24.44435097853704,70.85568585770092
person_years_exposure,county,11,male,85+,1.4394032174129177,0.02548247838760608,3.6505689900706138
person_years_exposure,county,11,male,18-64,1264.1566309577815,897.9136546789068,1850.2170185181876
person_years_exposure,county,11,male,65+,197.59963414015286,129.21986813685305,301.86854885591487
mortality_rate,county,11,male,0-17,0.0008702545013404754,0.0,0.003612704635172195
mortality_rate,county,11,male,18-44,0.001338382944985846,0.0,0.004771894221201614
mortality_rate,county,11,male,45-64,0.01141150416609187,0.00205927069134605,0.026900891204875734
mortality_rate,county,11,male,65-74,0.060245498316415104,0.013970726799495388,0.14311863676523257
mortality_rate,county,11,male,75-84,0.1645568995192975,0.04630417175796564,0.41262845108405183
mortality_rate,county,11,male,85+,0.10950850751801385,0.0,1.0350210178358776
qualifying_event_rate,county,11,male,0-17,0.032794076673889255,0.018960107866671395,0.04894162072573791
qualifying_event_rate,county,11,male,18-44,0.042749378516487115,0.02625704751589799,0.06221571466297164
qualifying_event_rate,county,11,male,45-64,0.05150342842763133,0.03348301306855794,0.07391299445246843
qualifying_event_rate,county,11,male,65-74,0.07667187654101318,0.040369234459098804,0.11728227516756613
qualifying_event_rate,county,11,male,75-84,0.06436646280961315,0.0,0.13066643749071402
qualifying_event_rate,county,11,male,85+,0.04305532841691417,0.0,0.29592599108310724
person_years_exposure,county,11,female,0-17,726.8984536381669,514.8692464912714,1070.3662634191285
person_years_exposure,county,11,female,18-44,519.5273451324381,368.85121998823655,762.5733689241151
person_years_exposure,county,11,female,45-64,488.4148025701957,345.30197570093765,716.8358352115955
person_years_exposure,county,11,female,65-74,109.62054809561437,72.01941655514906,165.34729781000016
person_years_exposure,county,11,female,75-84,27.997059214331088,14.204970538347501,44.83809611070857
person_years_exposure,county,11,female,85+,0.4818767697359946,0.016159079324056053,1.2840355252682871
person_years_exposure,county,11,female,18-64,1007.9421477026337,714.2119301412748,1477.6587485840573
person_years_exposure,county,11,female,65+,138.09948407968147,89.36890174944898,211.31169358137913
mortality_rate,county,11,female,0-17,0.0014764678369149963,0.0,0.004961361031024755
mortality_rate,county,11,female,18-44,0.0017176167495975268,0.0,0.006109929695126052
mortality_rate,county,11,female,45-64,0.010253427504653762,0.0019229761869786984,0.02402666206295372
mortality_rate,county,11,female,65-74,0.06297989625983329,0.014122753908360479,0.15536409802703216
mortality_rate,county,11,female,75-84,0.15342911915721316,0.029018319114663908,0.42205806866341566
mortality_rate,county,11,female,85+,0.09497709695628553,0.0,0.8636438119921935
qualifying_event_rate,county,11,female,0-17,0.03247253914243075,0.01902316476880854,0.04834794947128323
qualifying_event_rate,county,11,female,18-44,0.04286771096794691,0.025239910422880495,0.06416565301450874
qualifying_event_rate,county,11,female,45-64,0.05443280178394134,0.03432622634377489,0.07851758904831341
qualifying_event_rate,county,11,female,65-74,0.07619411031062395,0.03555037558849275,0.12231821805563903
qualifying_event_rate,county,11,female,75-84,0.07499923076556897,0.0,0.16707902142920875
qualifying_event_rate,county,11,female,85+,0.056456992506164316,0.0,0.056456992506164316
person_years_exposure,county,12,male,0-17,1439.7558586629507,1079.2098900587353,2130.8692508280824
person_years_exposure,county,12,male,18-44,1178.5076935786562,887.4069507992546,1730.5358509818184
person_years_exposure,county,12,male,45-64,1330.3876225414092,1002.0410192260755,1965.2647472295891
person_years_exposure,county,12,male,65-74,298.2454471839677,212.55194083933293,453.72020918738696
person_years_exposure,county,12,male,75-84,58.56846233997505,32.463092196954726,92.99996049953141
person_years_exposure,county,12,male,85+,3.838668164506508,0.0029411798040606635,7.96790620824844
person_years_exposure,county,12,male,18-64,2508.895316120065,1889.357351071494,3691.627697620405
person_years_exposure,county,12,male,65+,360.65257768844924,253.94203617999855,553.91672370154
mortality_rate,county,12,male,0-17,0.002058250979441739,0.0,0.005311736283717213
mortality_rate,county,12,male,18-44,0.0014836858221437643,0.0,0.00408088785607311
mortality_rate,county,12,male,45-64,0.013702758624532062,0.004140096890203624,0.029646402287266463
mortality_rate,county,12,male,65-74,0.05961221084029843,0.01941030749646017,0.13447013617775297
mortality_rate,county,12,male,75-84,0.14864595691031193,0.042023819971475196,0.3748535155600179
mortality_rate,county,12,male,85+,0.1432083033887296,0.0,1.1295056556683556
qualifying_event_rate,county,12,male,0-17,0.026990253080885047,0.01727479788121644,0.03892834660672936
qualifying_event_rate,county,12,male,18-44,0.03512282441176786,0.022552839863604453,0.04998760803380457
qualifying_event_rate,county,12,male,45-64,0.043933609632579654,0.029322957940886032,0.061906221690114324
qualifying_event_rate,county,12,male,65-74,0.0679496975548192,0.03957210620599611,0.10109253723693329
qualifying_event_rate,county,12,male,75-84,0.07115727449245679,0.021733251770009378,0.13367894309548303
qualifying_event_rate,county,12,male,85+,0.0419555422354544,0.0,0.24925686996455715
person_years_exposure,county,12,female,0-17,1285.9398861720265,964.6008799225694,1909.7095330560205
person_years_exposure,county,12,female,18-44,1374.2881956999386,1033.4665381508207,2020.6535468671625
person_years_exposure,county,12,female,45-64,1430.23013847073,1070.694562023036,2112.7365240428485
person_years_exposure,county,12,female,65-74,321.7636587618768,229.33982840240694,489.4436402779637
person_years_exposure,county,12,female,75-84,69.13135590000508,38.07880378423076,112.00416954043226
person_years_exposure,county,12,female,85+,0.0036609831888998255,0.0014251703798537157,0.009943805283672657
person_years_exposure,county,12,female,18-64,2804.518334170669,2107.7229200746465,4123.851986394475
person_years_exposure,county,12,female,65+,390.8986756450708,271.7032974796402,599.9236833508778
mortality_rate,county,12,female,0-17,0.013392289851717198,0.003957281315180954,0.029381731742084315
mortality_rate,county,12,female,18-44,0.0015466103019006635,0.0,0.004198813335080216
mortality_rate,county,12,female,45-64,0.012228965048730821,0.003498334298044209,0.026570545408772114
mortality_rate,county,12,female,65-74,0.06119099619043798,0.0189650000318067,0.1433468469581465
mortality_rate,county,12,female,75-84,0.1538869234538948,0.047540581163250814,0.3901700664109301
mortality_rate,county,12,female,85+,7.459871625381782e-05,0.0,7.459871625381782e-05
qualifying_event_rate,county,12,female,0-17,0.02770271287217418,0.017483563989569798,0.04025767997567671
qualifying_event_rate,county,12,female,18-44,0.035401053962119094,0.023092265607188196,0.050489712182495664
qualifying_event_rate,county,12,female,45-64,0.04383880509213672,0.029560300426030778,0.062191748052837476
qualifying_event_rate,county,12,female,65-74,0.06491258264157643,0.039739865669684606,0.09615225385490295
qualifying_event_rate,county,12,female,75-84,0.05960245024189884,0.01631405349189628,0.11315079392978465
qualifying_event_rate,county,12,female,85+,0.0,0.0,0.0
person_years_exposure,county,13,male,0-17,1366.6704328025266,995.0116820913981,2126.6757584259867
person_years_exposure,county,13,male,18-44,1329.1252672279334,971.02096429917,2066.4503466565952
person_years_exposure,county,13,male,45-64,1352.476263086083,988.5717177937713,2107.041996128925
person_years_exposure,county,13,male,65-74,316.46623448191303,221.77122713080712,504.4873134653188
person_years_exposure,county,13,male,75-84,85.61467432297908,46.31478550067672,142.1795649780883
person_years_exposure,county,13,male,85+,4.760925929465223,0.290603092694716,9.536946196718791
person_years_exposure,county,13,male,18-64,2681.6015303140166,1958.1859776287592,4177.096867004718
person_years_exposure,county,13,male,65+,406.84183473435735,275.22998484620916,657.1031278940239
mortality_rate,county,13,male,0-17,0.002061493938024699,0.0,0.0053648143094142875
mortality_rate,county,13,male,18-44,0.001513565951684679,0.0,0.0040628748965975525
mortality_rate,county,13,male,45-64,0.012999159517508659,0.003777595574901648,0.028129434958856118
mortality_rate,county,13,male,65-74,0.06081824695435798,0.02009991453294414,0.13673879331109556
mortality_rate,county,13,male,75-84,0.1615355344718162,0.052720232700619686,0.3971674559431281
mortality_rate,county,13,male,85+,0.14528174798266436,0.0,0.9753160866189278
qualifying_event_rate,county,13,male,0-17,0.030293242549597258,0.01944679173161108,0.043105027154372005
qualifying_event_rate,county,13,male,18-44,0.03963885986731004,0.026303956098410998,0.05540767712484425
qualifying_event_rate,county,13,male,45-64,0.049065690003067,0.032993024633261425,0.06812944908948282
qualifying_event_rate,county,13,male,65-74,0.07549949967181539,0.04655295045467688,0.1086072158511118
qualifying_event_rate,county,13,male,75-84,0.08267085251811016,0.035521461007576534,0.14263172979401265
qualifying_event_rate,county,13,male,85+,0.0484781054270036,0.0,0.25366059419472564
person_years_exposure,county,13,female,0-17,1310.9620832499775,951.979229236296,2038.7517250179242
person_years_exposure,county,13,female,18-44,1255.8937973865627,914.2525519151122,1954.2792564853332
person_years_exposure,county,13,female,45-64,1250.2351508097336,909.3381444386146,1945.1812944588678
person_years_exposure,county,13,female,65-74,307.9610684736271,214.40612100790906,490.37676674520975
person_years_exposure,county,13,female,75-84,85.57737663492004,47.8469273047733,140.33784242843467
person_years_exposure,county,13,female,85+,4.644263022931006,0.005511804136617466,10.68996007244653
person_years_exposure,county,13,female,18-64,2506.1289481962963,1826.1496817473817,3904.74750067261
person_years_exposure,county,13,female,65+,398.18270813147814,271.5634742472079,636.9235216853205
mortality_rate,county,13,female,0-17,0.013602620364916879,0.0039783267819126136,0.03059961065902807
mortality_rate,county,13,female,18-44,0.0014816856708921508,0.0,0.004210782741634382
mortality_rate,county,13,female,45-64,0.012297686551239702,0.003580525514134301,0.026849588852458313
mortality_rate,county,13,female,65-74,0.06192650650852512,0.018034592785711852,0.143720064726099
mortality_rate,county,13,female,75-84,0.15500037463110775,0.04844661613748601,0.3955589290505455
mortality_rate,county,13,female,85+,0.16800059607502127,0.0,1.0220195686422544
qualifying_event_rate,county,13,female,0-17,0.03141478634370771,0.019821098630998606,0.04481248104157959
qualifying_event_rate,county,13,female,18-44,0.0396590346119528,0.025682452812930898,0.05488424703158337
qualifying_event_rate,county,13,female,45-64,0.04912169192128218,0.03308272864804685,0.06870736723610053
qualifying_event_rate,county,13,female,65-74,0.07208996562291466,0.04424221621518785,0.10422905922585597
qualifying_event_rate,county,13,female,75-84,0.06652296712251812,0.02352694272063942,0.11841057500664229
qualifying_event_rate,county,13,female,85+,0.06139501616434193,0.0,0.2811283542544303
person_years_exposure,county,14,male,0-17,604.1002950240729,442.5229667182252,805.7281346550841
person_years_exposure,county,14,male,18-44,557.4194628546174,409.8180771515676,748.0206515371101
person_years_exposure,county,14,male,45-64,426.83647946362225,314.3577421108482,569.7790028208867
person_years_exposure,county,14,male,65-74,119.87761523882591,80.70461091863126,162.5845525897222
person_years_exposure,county,14,male,75-84,36.44151002543948,19.550623610527435,55.12258758278197
person_years_exposure,county,14,male,85+,4.560150652855616,1.2614063464803968,8.91772563077343
person_years_exposure,county,14,male,18-64,984.2559423182397,728.3466869672984,1321.4386292110178
person_years_exposure,county,14,male,65+,160.879275917121,107.83112100832835,222.2146480043438
mortality_rate,county,14,male,0-17,0.0019218598082235265,0.0,0.006256121147058455
mortality_rate,county,14,male,18-44,0.0012068894839836588,0.0,0.0045040017549479155
mortality_rate,county,14,male,45-64,0.01245522289056084,0.0021472491457003007,0.029915125264831862
mortality_rate,county,14,male,65-74,0.062072150241666964,0.012798398969219455,0.15529635130054067
mortality_rate,county,14,male,75-84,0.16700770542048698,0.04142291452704841,0.44447557710816493
mortality_rate,county,14,male,85+,0.2790933396064671,0.0,1.1986683635286193
qualifying_event_rate,county,14,male,0-17,0.027560956868951603,0.01551245875155415,0.04232277829191384
qualifying_event_rate,county,14,male,18-44,0.03546260365734865,0.020687569343703787,0.05389614620004193
qualifying_event_rate,county,14,male,45-64,0.044537866284248516,0.02529239020941333,0.0671699667602517
qualifying_event_rate,county,14,male,65-74,0.06718127035188688,0.029921491216090182,0.11161839919109996
qualifying_event_rate,county,14,male,75-84,0.059694183012754844,0.0,0.13241149255923748
qualifying_event_rate,county,14,male,85+,0.04742900892914684,0.0,0.24450530490128225
person_years_exposure,county,14,female,0-17,447.63743598459797,325.816402254414,600.4530974190756
person_years_exposure,county,14,female,18-44,536.1298454572209,394.0938260190185,718.2602238242567
person_years_exposure,county,14,female,45-64,467.9270084964622,344.7280170367353,622.0172096672145
person_years_exposure,county,14,female,65-74,91.05014384213779,62.257384991074865,123.70188539800822
person_years_exposure,county,14,female,75-84,33.722652883121285,18.182944494218557,50.836793837446116
person_years_exposure,county,14,female,85+,1.7726481704559651,0.2393798013153597,2.9488753806338592
person_years_exposure,county,14,female,18-64,1004.056853953683,739.7411163547205,1342.11583944025
person_years_exposure,county,14,female,65+,126.54544489571504,84.30693351805526,174.9214202121087
mortality_rate,county,14,female,0-17,0.012281429231356576,0.002088299923271666,0.028817093423358236
mortality_rate,county,14,female,18-44,0.0016819539974365018,0.0,0.005699254287018788
mortality_rate,county,14,female,45-64,0.012759379774306894,0.002190634739341166,0.030475342287655683
mortality_rate,county,14,female,65-74,0.060633917339136714,0.010440693436335805,0.15138475099088378
mortality_rate,county,14,female,75-84,0.14316666791111027,0.027096910771836884,0.39899675696481046
mortality_rate,county,14,female,85+,0.13260003078726498,0.0,1.9800413282838505
qualifying_event_rate,county,14,female,0-17,0.02812232766999121,0.013806346598403954,0.04466845254796439
qualifying_event_rate,county,14,female,18-44,0.035145626655304504,0.019667173904209936,0.053052882517853485
qualifying_event_rate,county,14,female,45-64,0.047565775568491675,0.027917054449933688,0.06979760628002397
qualifying_event_rate,county,14,female,65-74,0.06310309403905454,0.02321715234191148,0.10790455143559868
qualifying_event_rate,county,14,female,75-84,0.06011005455150376,0.0,0.1359703848234478
qualifying_event_rate,county,14,female,85+,0.035667535196380926,0.0,0.20056065611713342
person_years_exposure,county,15,male,0-17,2335.6672684575383,1739.8386819509044,2971.6083843900738
person_years_exposure,county,15,male,18-44,2163.212756078372,1605.9903653509505,2749.8790469205082
person_years_exposure,county,15,male,45-64,2258.6395204551295,1679.0960738653635,2882.618025589903
person_years_exposure,county,15,male,65-74,541.1605608166552,389.760254373891,711.5749057108477
person_years_exposure,county,15,male,75-84,148.0427267226011,83.20485685313476,217.58985283246525
person_years_exposure,county,15,male,85+,2.229009567218607,0.002060837865901182,4.934705728958147
person_years_exposure,county,15,male,18-64,4421.852276533502,3286.102801382479,5638.0398350153255
person_years_exposure,county,15,male,65+,691.4322971064748,484.4995902757212,930.350542764728
mortality_rate,county,15,male,0-17,0.0005945503855594428,0.0,0.0017333103870755217
mortality_rate,county,15,male,18-44,0.0012349163119733458,0.0,0.0031713175644386216
mortality_rate,county,15,male,45-64,0.012798728872823814,0.00413862884262137,0.027645521262444777
mortality_rate,county,15,male,65-74,0.062085367460113915,0.021042483682460096,0.13902301786922888
mortality_rate,county,15,male,75-84,0.16798355475696788,0.058804849220135055,0.4250887769562115
mortality_rate,county,15,male,85+,0.17215663368693396,0.0,1.978604427074272
qualifying_event_rate,county,15,male,0-17,0.035629121733788974,0.024723193349666286,0.0488441986453228
qualifying_event_rate,county,15,male,18-44,0.045909136168918875,0.03199469787940124,0.06302093206633894
qualifying_event_rate,county,15,male,45-64,0.056837744757353516,0.04072656118740869,0.07651969845589718
qualifying_event_rate,county,15,male,65-74,0.08445228037634263,0.057196229348523336,0.1176469095584424
qualifying_event_rate,county,15,male,75-84,0.08360666203680912,0.045548162399133736,0.13528463833535723
qualifying_event_rate,county,15,male,85+,0.06250555537186035,0.0,0.2824963298106345
person_years_exposure,county,15,female,0-17,2222.1747900521136,1656.4134437285595,2825.4952869969884
person_years_exposure,county,15,female,18-44,2306.8186895996337,1719.3697511578541,2939.9944910304107
person_years_exposure,county,15,female,45-64,2037.6423540198198,1519.6473910435056,2605.597690750423
person_years_exposure,county,15,female,65-74,574.0720259731316,414.4676426468622,757.5743656647974
person_years_exposure,county,15,female,75-84,137.23805106521394,79.18170355233681,202.43733586589323
person_years_exposure,county,15,female,85+,9.581443309398754,3.032865612194529,18.272636009382307
person_years_exposure,county,15,female,18-64,4344.461043619453,3236.644791129868,5542.611172491115
person_years_exposure,county,15,female,65+,720.8915203477443,508.30382685500723,968.4607664033313
mortality_rate,county,15,female,0-17,0.001641392456537796,0.0,0.004046211053944609
mortality_rate,county,15,female,18-44,0.0016520739897904308,0.0,0.003971584510512055
mortality_rate,county,15,female,45-64,0.012188565599357591,0.003728384086840681,0.026201745799397252
mortality_rate,county,15,female,65-74,0.06559333947995415,0.022727507462629824,0.14857348900481449
mortality_rate,county,15,female,75-84,0.16600956978043138,0.05813587547224349,0.4061952284096493
mortality_rate,county,15,female,85+,0.15878001090613877,0.0,0.5588387604829457
qualifying_event_rate,county,15,female,0-17,0.036352777884140035,0.02500301833519334,0.050868957679241676
qualifying_event_rate,county,15,female,18-44,0.045725387030528454,0.031543893883913925,0.06250461697027072
qualifying_event_rate,county,15,female,45-64,0.057968000678742915,0.04084619908563147,0.07885542079920181
qualifying_event_rate,county,15,female,65-74,0.08451818871735042,0.05769995279839222,0.11721078686525259
qualifying_event_rate,county,15,female,75-84,0.08166356816910458,0.041656950753330306,0.13428990625427595
qualifying_event_rate,county,15,female,85+,0.06870960605969792,0.0,0.22229915027934313
person_years_exposure,county,16,male,0-17,1398.1205964379324,1014.5383739329712,2309.2351775332754
person_years_exposure,county,16,male,18-44,1261.8367628542878,917.066654031035,2086.7201634727253
person_years_exposure,county,16,male,45-64,1333.733347145303,968.3409691531234,2204.133602546785
person_years_exposure,county,16,male,65-74,338.27497278934965,232.66899212506667,556.3502503445344
person_years_exposure,county,16,male,75-84,90.01106160845879,46.974672350449495,151.0769513475946
person_years_exposure,county,16,male,85+,2.7858043634608882,0.002550189677184568,5.960656510775893
person_years_exposure,county,16,male,18-64,2595.570109999591,1886.6990169317091,4290.489675898665
person_years_exposure,county,16,male,65+,431.0718387612693,288.7887195023471,706.9681615774656
mortality_rate,county,16,male,0-17,0.002108718085558139,0.0,0.005579269358560957
mortality_rate,county,16,male,18-44,0.0015296556877007787,0.0,0.004288962342144836
mortality_rate,county,16,male,45-64,0.013031002673585064,0.0036903587824977215,0.028466374292238496
mortality_rate,county,16,male,65-74,0.05689329944178309,0.017383673058986707,0.12754810295103294
mortality_rate,county,16,male,75-84,0.16177364389713236,0.051499806473735324,0.40282340453766524
mortality_rate,county,16,male,85+,0.15291301347924038,0.0,1.4004326063179828
qualifying_event_rate,county,16,male,0-17,0.026677830878141993,0.016376267241912722,0.038518445598933276
qualifying_event_rate,county,16,male,18-44,0.03504111182749185,0.021958002276907272,0.05041323302478772
qualifying_event_rate,county,16,male,45-64,0.043490017795317006,0.028689822183572883,0.06127249517045045
qualifying_event_rate,county,16,male,65-74,0.06700935650290364,0.03987749970147698,0.09705021530432248
qualifying_event_rate,county,16,male,75-84,0.07449107256460753,0.029909482194099484,0.13073872254413332
qualifying_event_rate,county,16,male,85+,0.04218499066621859,0.0,0.2487035914693222
person_years_exposure,county,16,female,0-17,1134.6905574263349,818.0447258548668,1870.8936436494505
person_years_exposure,county,16,female,18-44,1229.9351565194283,892.6255393458314,2041.120234159281
person_years_exposure,county,16,female,45-64,1442.051965938384,1040.995916329619,2387.04125676443
person_years_exposure,county,16,female,65-74,343.82362637535243,234.90911130115703,564.6541060731897
person_years_exposure,county,16,female,75-84,68.64291458983249,37.386099351817755,117.43784602210071
person_years_exposure,county,16,female,85+,3.3130852381129827,0.0032517600725450353,7.082962381392205
person_years_exposure,county,16,female,18-64,2671.9871224578123,1934.7512706270975,4421.638376084385
person_years_exposure,county,16,female,65+,415.7796262032979,278.9564828087177,686.2573267073359
mortality_rate,county,16,female,0-17,0.013503475044115483,0.0038662016078425255,0.02982076154038034
mortality_rate,county,16,female,18-44,0.0014397108402359785,0.0,0.0042589553945256535
mortality_rate,county,16,female,45-64,0.012674877509948886,0.003852264617806396,0.026975269874873663
mortality_rate,county,16,female,65-74,0.061743030693291935,0.0184449797592465,0.13796221380486892
mortality_rate,county,16,female,75-84,0.15472398882319877,0.04534340455059764,0.3849044104007207
mortality_rate,county,16,female,85+,0.1746507432298472,0.0,1.6292531714593947
qualifying_event_rate,county,16,female,0-17,0.027545173234888656,0.016845586574926862,0.040404118564585256
qualifying_event_rate,county,16,female,18-44,0.03491781372354201,0.021938189148996094,0.05016271413248228
qualifying_event_rate,county,16,female,45-64,0.04372051718429929,0.029327659592554928,0.0606265176023834
qualifying_event_rate,county,16,female,65-74,0.06369118447210671,0.03835891660665265,0.09348200148967341
qualifying_event_rate,county,16,female,75-84,0.058820956969799706,0.014778963128450449,0.11282434037773142
qualifying_event_rate,county,16,female,85+,0.05779074053640561,0.0,0.28551403501249345
person_years_exposure,state,0,male,0-17,8180.688321972048,6051.003610337682,10467.027535658775
person_years_exposure,state,0,male,18-44,7916.56962645603,5874.735807742521,10113.111426237685
person_years_exposure,state,0,male,45-64,7511.478982169088,5579.587702048677,9615.512258399687
person_years_exposure,state,0,male,65-74,1857.3736810387857,1330.4278220740184,2449.638637319562
person_years_exposure,state,0,male,75-84,488.81620075761475,283.6998092760007,718.0777599310688
person_years_exposure,state,0,male,85+,20.357642888980756,7.822637991533321,35.39384286084207
person_years_exposure,state,0,male,18-64,15428.048608625119,11443.21246371757,19719.321834800365
person_years_exposure,state,0,male,65+,2366.5475246853807,1648.2255002474403,3202.221882427437
mortality_rate,state,0,male,0-17,0.0006039733790467812,0.00011165765082164987,0.0014220569215285994
mortality_rate,state,0,male,18-44,0.001208032899823207,0.0002756786183683644,0.0026049757225083876
mortality_rate,state,0,male,45-64,0.012839918419887408,0.004457765254401831,0.02690617025858216
mortality_rate,state,0,male,65-74,0.06114119617630979,0.02234319106399905,0.13422651881422376
mortality_rate,state,0,male,75-84,0.17139527825892273,0.06329464563371962,0.4223692737497075
mortality_rate,state,0,male,85+,0.21471254526348915,0.062011964463698714,0.6303488325992179
qualifying_event_rate,state,0,male,0-17,0.028433364410517973,0.020327190651926133,0.03885881548813517
qualifying_event_rate,state,0,male,18-44,0.03656870875153822,0.026295832781529926,0.04925008230507997
qualifying_event_rate,state,0,male,45-64,0.04595863024788251,0.03336204307928939,0.06186385660879
qualifying_event_rate,state,0,male,65-74,0.06895504743777647,0.049255118134291974,0.09364131113141101
qualifying_event_rate,state,0,male,75-84,0.06950229797168574,0.04572780139029717,0.10343307581453176
qualifying_event_rate,state,0,male,85+,0.048994770203239064,0.0,0.1451972912418149
person_years_exposure,state,0,female,0-17,7648.379136498859,5658.945237988727,9757.137453709582
person_years_exposure,state,0,female,18-44,7595.738200757722,5628.995049963725,9729.339249535178
person_years_exposure,state,0,female,45-64,7100.303325745954,5269.532127830008,9105.408610484963
person_years_exposure,state,0,female,65-74,1772.7562232703535,1271.0721020717338,2340.7471660541314
person_years_exposure,state,0,female,75-84,499.82434021217995,291.7007358780305,731.758669571472
person_years_exposure,state,0,female,85+,34.72291321354958,12.046380823809692,63.545720697366065
person_years_exposure,state,0,female,18-64,14696.041526503675,10884.17294445342,18826.8821812525
person_years_exposure,state,0,female,65+,2307.3034766960827,1600.5543544315897,3118.751553173908
mortality_rate,state,0,female,0-17,0.0016263530640616348,0.00040174072933419963,0.0035501508156175867
mortality_rate,state,0,female,18-44,0.0016494523985173914,0.00042055614345848304,0.0035632559889716944
mortality_rate,state,0,female,45-64,0.012075504687645473,0.004230908252360244,0.025582564797601976
mortality_rate,state,0,female,65-74,0.06508739043036064,0.02409851869588353,0.14524441406915092
mortality_rate,state,0,female,75-84,0.16656725878703604,0.06326847667261115,0.4099527202817145
mortality_rate,state,0,female,85+,0.18935471784824054,0.064342408687542,0.5097502668657272
qualifying_event_rate,state,0,female,0-17,0.029143927702280067,0.020833267722647136,0.04001159559109072
qualifying_event_rate,state,0,female,18-44,0.03702447567744574,0.02670466584731636,0.05029329894138352
qualifying_event_rate,state,0,female,45-64,0.046698927389805696,0.03411050129992937,0.06300303811343333
qualifying_event_rate,state,0,female,65-74,0.06991347381534842,0.04989457735733025,0.09461203024284941
qualifying_event_rate,state,0,female,75-84,0.06800205888511601,0.04419907137642037,0.10007690918497159
qualifying_event_rate,state,0,female,85+,0.06566947135339248,0.0,0.14469193651595
person_years_exposure,state,1,male,0-17,9126.437565037304,7622.551306359218,10949.581924442089
person_years_exposure,state,1,male,18-44,8909.72998133393,7388.284505127406,10678.907898276839
person_years_exposure,state,1,male,45-64,8444.334587674675,7009.203416411776,10123.484271262194
person_years_exposure,state,1,male,65-74,1958.416459837857,1530.555512808849,2418.9259088241097
person_years_exposure,state,1,male,75-84,436.34922702141836,266.62478924929735,601.5394491163162
person_years_exposure,state,1,male,85+,26.62332816758063,12.02780395227613,42.113987176974376
person_years_exposure,state,1,male,18-64,17354.064569008606,14436.433726956471,20790.117494947677
person_years_exposure,state,1,male,65+,2421.3890150268558,1829.5437666403034,3045.8480391389176
mortality_rate,state,1,male,0-17,0.003296944207893347,0.0010461530631694002,0.006831380302827921
mortality_rate,state,1,male,18-44,0.0012279741352062801,0.00031269799674186755,0.002714501425044875
mortality_rate,state,1,male,45-64,0.01347247815681092,0.004874835122213243,0.02784667239214747
mortality_rate,state,1,male,65-74,0.06142107827071579,0.023139442057125568,0.1316216377778155
mortality_rate,state,1,male,75-84,0.1660087712990408,0.06487422059446876,0.3939474040824509
mortality_rate,state,1,male,85+,0.17200381557108668,0.04321943894816737,0.48593329291342396
qualifying_event_rate,state,1,male,0-17,0.031440519848127305,0.02250634114611637,0.04286457639113501
qualifying_event_rate,state,1,male,18-44,0.04045826780581979,0.029181530647736285,0.054147883419523875
qualifying_event_rate,state,1,male,45-64,0.05008802965585787,0.036111635023961586,0.06692348236380595
qualifying_event_rate,state,1,male,65-74,0.07941804235854498,0.057004910610112536,0.10657543048562002
qualifying_event_rate,state,1,male,75-84,0.07576570241029788,0.049864959019352756,0.10941307676874515
qualifying_event_rate,state,1,male,85+,0.06024268507648151,0.0,0.1494001111418504
person_years_exposure,state,1,female,0-17,8960.554388195,7438.3102560874395,10738.016052102874
person_years_exposure,state,1,female,18-44,9033.43970870451,7501.2127316016185,10831.73433175123
person_years_exposure,state,1,female,45-64,7860.677379208086,6533.268738854193,9432.484247495988
person_years_exposure,state,1,female,65-74,2018.743753839134,1579.5761310324906,2492.667166617576
person_years_exposure,state,1,female,75-84,562.3849431213035,351.7839293838947,769.8896181386493
person_years_exposure,state,1,female,85+,38.138463618369194,14.971187131033211,65.73585726342475
person_years_exposure,state,1,female,18-64,16894.117087912597,14024.195157679293,20255.700187931903
person_years_exposure,state,1,female,65+,2619.267160578807,1961.64615520311,3309.5474670022995
mortality_rate,state,1,female,0-17,0.0017426093763039377,0.0005000453861779251,0.0036034411920046537
mortality_rate,state,1,female,18-44,0.0017346572712386244,0.0004901316610334192,0.003706219795432731
mortality_rate,state,1,female,45-64,0.011944529118075704,0.004290399171130229,0.025232134462422857
mortality_rate,state,1,female,65-74,0.06449355868221136,0.02377440062024907,0.13989721844294223
mortality_rate,state,1,female,75-84,0.16196112002132285,0.06286615878296202,0.38128847052172016
mortality_rate,state,1,female,85+,0.15636068109404055,0.0436236285763811,0.42425784701979186
qualifying_event_rate,state,1,female,0-17,0.03195869033392748,0.02274936478476339,0.04338291872301685
qualifying_event_rate,state,1,female,18-44,0.040930021235677794,0.029397083663246226,0.05496665526095181
qualifying_event_rate,state,1,female,45-64,0.05278193601651797,0.038357047206161995,0.07020688460554099
qualifying_event_rate,state,1,female,65-74,0.07429848671627026,0.05385120701782496,0.09922455629343066
qualifying_event_rate,state,1,female,75-84,0.07424289247635223,0.049772945589473316,0.10748440674873064
qualifying_event_rate,state,1,female,85+,0.05499292158677228,0.0,0.13108522559608943
person_years_exposure,state,2,male,0-17,7538.359701109995,5671.932779540726,10048.051619539143
person_years_exposure,state,2,male,18-44,6927.745449889926,5220.717855705839,9224.62914932081
person_years_exposure,state,2,male,45-64,7045.988747728663,5310.9167252134985,9392.826163529133
person_years_exposure,state,2,male,65-74,1765.4896258841538,1265.9311733671996,2427.79235415986
person_years_exposure,state,2,male,75-84,397.6561183154637,227.5131884258479,587.1099266632326
person_years_exposure,state,2,male,85+,22.702380562322563,9.058190595432764,38.91769162627514
person_years_exposure,state,2,male,18-64,13973.734197618589,10531.643672942337,18601.30075648629
person_years_exposure,state,2,male,65+,2185.84812476194,1536.183615064714,3029.675772027648
mortality_rate,state,2,male,0-17,0.002063469560753324,0.0005928070581136,0.004552130713418659
mortality_rate,state,2,male,18-44,0.0015033102553465608,0.000362005229130463,0.0033757354160784503
mortality_rate,state,2,male,45-64,0.012908566354235197,0.004784204095800784,0.027063424976212988
mortality_rate,state,2,male,65-74,0.06087402104141446,0.022882739064118765,0.13207339742011628
mortality_rate,state,2,male,75-84,0.15901249437972206,0.06300923860870598,0.3825693548186992
mortality_rate,state,2,male,85+,0.16764054247582774,0.0386335281978146,0.5104857365780522
qualifying_event_rate,state,2,male,0-17,0.026089931690817098,0.018315475304530447,0.03548229834949694
qualifying_event_rate,state,2,male,18-44,0.03428296475005744,0.024514758991006243,0.04662714379401441
qualifying_event_rate,state,2,male,45-64,0.04254845124245863,0.030244842070255164,0.05752258445233218
qualifying_event_rate,state,2,male,65-74,0.06596018373211275,0.046742166848366525,0.08998463953559172
qualifying_event_rate,state,2,male,75-84,0.07278119630001448,0.04566809035769345,0.10712451393228116
qualifying_event_rate,state,2,male,85+,0.04391365621334313,0.0,0.13381865454238961
person_years_exposure,state,2,female,0-17,6796.28219920606,5108.2086213002,9121.426749017428
person_years_exposure,state,2,female,18-44,6847.5959984728825,5178.617131736366,9096.276466250492
person_years_exposure,state,2,female,45-64,7281.871439034906,5478.598823683184,9755.513150499739
person_years_exposure,state,2,female,65-74,1730.098599279555,1239.0037367313266,2366.9663415499454
person_years_exposure,state,2,female,75-84,429.4143886556077,245.78431798747957,638.3317905740797
person_years_exposure,state,2,female,85+,20.931253024050523,6.671974870252085,37.92410052002746
person_years_exposure,state,2,female,18-64,14129.467437507788,10669.064841266898,18836.591133719307
person_years_exposure,state,2,female,65+,2180.444240959213,1527.08828867642,3036.4007549386615
mortality_rate,state,2,female,0-17,0.013499381394060962,0.004883167819352773,0.02827825840919447
mortality_rate,state,2,female,18-44,0.0014660352897742748,0.00032929050620304393,0.0032879087912441787
mortality_rate,state,2,female,45-64,0.01262452606461202,0.004584103957396016,0.026578216897663105
mortality_rate,state,2,female,65-74,0.061972201501091305,0.02304662638516771,0.13521059672975716
mortality_rate,state,2,female,75-84,0.15976262460634907,0.06221716921093815,0.37451444322370575
mortality_rate,state,2,female,85+,0.19866062075146498,0.052562479786087545,0.6524634880994659
qualifying_event_rate,state,2,female,0-17,0.02695836758734858,0.018681519174768443,0.03716689657350126
qualifying_event_rate,state,2,female,18-44,0.0343383174302758,0.02417549202279844,0.046561153802205775
qualifying_event_rate,state,2,female,45-64,0.04274559478603851,0.030506681903490394,0.05828700311220097
qualifying_event_rate,state,2,female,65-74,0.06285041368312053,0.04490408911142003,0.08641054095320289
qualifying_event_rate,state,2,female,75-84,0.058753778062661625,0.036181622217075535,0.08848297279507594
qualifying_event_rate,state,2,female,85+,0.05765866089126511,0.0,0.16501988942250836
person_years_exposure,state,3,male,0-17,9049.056088028245,6772.5708642693035,12475.24429249845
person_years_exposure,state,3,male,18-44,9603.375060624652,7176.850601806154,13260.012657548215
person_years_exposure,state,3,male,45-64,7823.752796417269,5840.389849036558,10764.247225974495
person_years_exposure,state,3,male,65-74,1952.7333997257147,1397.0682861941248,2718.2739441815083
person_years_exposure,state,3,male,75-84,568.5959020452441,317.3754543370787,837.4055212888187
person_years_exposure,state,3,male,85+,28.697982478516547,11.246159067295462,48.86883484204584
person_years_exposure,state,3,male,18-64,17427.12785704192,13027.478713089577,23996.849739206486
person_years_exposure,state,3,male,65+,2550.0272842494755,1740.1717777005715,3559.7168656116737
mortality_rate,state,3,male,0-17,0.0008965884406990538,0.0001982337789956361,0.002014564311708103
mortality_rate,state,3,male,18-44,0.0012349508273242992,0.00033341966871190286,0.0026827082146547152
mortality_rate,state,3,male,45-64,0.01256087682700331,0.004609097640848978,0.026683688717386668
mortality_rate,state,3,male,65-74,0.06200869238054795,0.023060672588054942,0.14207666476109934
mortality_rate,state,3,male,75-84,0.16944329812634681,0.06527885611214083,0.4334864742421626
mortality_rate,state,3,male,85+,0.1523163361180011,0.04231376562589717,0.43155509473236225
qualifying_event_rate,state,3,male,0-17,0.027978872753895802,0.01978132705456201,0.038543566546115376
qualifying_event_rate,state,3,male,18-44,0.036508528362859526,0.026184399163681767,0.049297027314860124
qualifying_event_rate,state,3,male,45-64,0.04539426274443776,0.03286606367348678,0.061853209383472
qualifying_event_rate,state,3,male,65-74,0.06787805384560924,0.048236968003629976,0.09261710387463093
qualifying_event_rate,state,3,male,75-84,0.0591127890359951,0.037271254098739263,0.0891064982598612
qualifying_event_rate,state,3,male,85+,0.04742472845708041,0.0,0.11916572829260805
person_years_exposure,state,3,female,0-17,9422.944630887381,7039.411694592255,12940.367139689766
person_years_exposure,state,3,female,18-44,9200.274685228911,6862.362293548149,12575.11054916348
person_years_exposure,state,3,female,45-64,7655.617749391414,5722.27173037115,10553.228302552443
person_years_exposure,state,3,female,65-74,2007.3877386744732,1439.9351038067368,2787.253941012277
person_years_exposure,state,3,female,75-84,438.46155310737157,247.46813519616862,643.9944681462471
person_years_exposure,state,3,female,85+,34.06530861076358,14.002894135983981,57.45271923951824
person_years_exposure,state,3,female,18-64,16855.892434620324,12599.09425453011,23240.07889735132
person_years_exposure,state,3,female,65+,2479.9146003926085,1721.774282155725,3469.810715341486
mortality_rate,state,3,female,0-17,0.0014835587743640937,0.00041584922900420653,0.003299860523656863
mortality_rate,state,3,female,18-44,0.0016022327796408225,0.00042229400271055274,0.0035590975406032915
mortality_rate,state,3,female,45-64,0.01154012593756741,0.00414085256929729,0.024915653744030555
mortality_rate,state,3,female,65-74,0.06301407149274141,0.02442180479585784,0.14244255222074123
mortality_rate,state,3,female,75-84,0.15803836524246423,0.06128590230228931,0.3925024527104293
mortality_rate,state,3,female,85+,0.1731607426697531,0.04778216366509555,0.5144330829007051
qualifying_event_rate,state,3,female,0-17,0.028132092358439748,0.01999818887180709,0.03856324907167541
qualifying_event_rate,state,3,female,18-44,0.03673717916487649,0.02616846864202989,0.04974903519269943
qualifying_event_rate,state,3,female,45-64,0.047721523098601545,0.03450501160834434,0.06416866660405354
qualifying_event_rate,state,3,female,65-74,0.0675714591021928,0.048497898149548406,0.09238176638748724
qualifying_event_rate,state,3,female,75-84,0.06843902487758452,0.04252541773830747,0.10091416683448455
qualifying_event_rate,state,3,female,85+,0.06356088748338497,0.0,0.14919605035174288
person_years_exposure,state,4,male,0-17,5479.059692853356,4096.257651136413,7128.6178723838075
person_years_exposure,state,4,male,18-44,5405.136381750846,4036.4144332222977,7025.852983507279
person_years_exposure,state,4,male,45-64,4982.070423484209,3748.5845065512694,6486.995400049005
person_years_exposure,state,4,male,65-74,1287.4084359903109,911.295582406847,1699.0800559368388
person_years_exposure,state,4,male,75-84,300.01760587147993,168.82789359276495,428.4571460634432
person_years_exposure,state,4,male,85+,13.903568434852266,4.997958470308143,24.87812800498037
person_years_exposure,state,4,male,18-64,10387.206805235055,7802.114462714246,13500.131731065281
person_years_exposure,state,4,male,65+,1601.329610296643,1109.2855301317752,2133.312464207182
mortality_rate,state,4,male,0-17,0.0019884584959173825,0.0004692063506307581,0.004337796271020735
mortality_rate,state,4,male,18-44,0.0013177189650911147,0.00022951426224231293,0.0030202231166544424
mortality_rate,state,4,male,45-64,0.012967385832707807,0.004420392013150957,0.02784638959411388
mortality_rate,state,4,male,65-74,0.06057726788772576,0.0218778133653892,0.13706409269854952
mortality_rate,state,4,male,75-84,0.1685609932695636,0.06449900526778954,0.4192183534096826
mortality_rate,state,4,male,85+,0.20040278258547503,0.039773208002134415,0.6129499312844062
qualifying_event_rate,state,4,male,0-17,0.02509058708422048,0.017220182654418714,0.03451072855779613
qualifying_event_rate,state,4,male,18-44,0.03256215655146784,0.022875653219777706,0.04483870877725922
qualifying_event_rate,state,4,male,45-64,0.04082924915763888,0.02905348493371611,0.055230182752812634
qualifying_event_rate,state,4,male,65-74,0.062020350678050055,0.04248940362752721,0.0845558759290332
qualifying_event_rate,state,4,male,75-84,0.0565504365197441,0.03158724503468862,0.0901056338304006
qualifying_event_rate,state,4,male,85+,0.042608425247437534,0.0,0.15360095423484055
person_years_exposure,state,4,female,0-17,5058.629335185621,3792.6274457294458,6596.100388753964
person_years_exposure,state,4,female,18-44,5561.437092494431,4169.072374288489,7216.712885251107
person_years_exposure,state,4,female,45-64,4965.776882166855,3729.3503025041473,6475.34982674265
person_years_exposure,state,4,female,65-74,1199.8787012015725,850.6325963996566,1586.4273595301922
person_years_exposure,state,4,female,75-84,320.940870385381,181.9874061326502,460.0910411925779
person_years_exposure,state,4,female,85+,18.964633185432085,6.1639939878662835,33.439703502034035
person_years_exposure,state,4,female,18-64,10527.213974661287,7900.597326730438,13689.883338459724
person_years_exposure,state,4,female,65+,1539.7842047723857,1063.531492530147,2059.239104622932
mortality_rate,state,4,female,0-17,0.012414984200516892,0.0043013452623265076,0.026736980007607564
mortality_rate,state,4,female,18-44,0.0017475930029539426,0.00039083312071851135,0.003944789154405917
mortality_rate,state,4,female,45-64,0.012149811159152363,0.004249512564341954,0.025953885092901734
mortality_rate,state,4,female,65-74,0.06437174040132683,0.022929366067916287,0.1440175720089477
mortality_rate,state,4,female,75-84,0.16550154904133618,0.06267071557523118,0.4128929323490513
mortality_rate,state,4,female,85+,0.20391529663744115,0.04595780251299293,0.6119037014264193
qualifying_event_rate,state,4,female,0-17,0.025652760317553862,0.017846086149629896,0.0357511028992192
qualifying_event_rate,state,4,female,18-44,0.032277207395182875,0.022635475106514286,0.044379254982646416
qualifying_event_rate,state,4,female,45-64,0.04342230435391382,0.030798541360751882,0.05828351286271836
qualifying_event_rate,state,4,female,65-74,0.05965238306377403,0.041568080177566545,0.08309201847422619
qualifying_event_rate,state,4,female,75-84,0.05980829711050812,0.03359606750865667,0.09330583109312728
qualifying_event_rate,state,4,female,85+,0.050084369760554436,0.0,0.14475515286936574
person_years_exposure,state,5,male,0-17,7974.885395558364,5922.388217865864,10106.688658662442
person_years_exposure,state,5,male,18-44,7799.223597055342,5804.277379578145,9884.756393760354
person_years_exposure,state,5,male,45-64,7018.812341032622,5224.195474910577,8948.302991032486
person_years_exposure,state,5,male,65-74,1690.6462136244681,1197.1236749311395,2211.6308880866477
person_years_exposure,state,5,male,75-84,400.264734132996,228.22591533834375,577.4487126180526
person_years_exposure,state,5,male,85+,10.933896005233754,1.8910805117750802,21.44306422330699
person_years_exposure,state,5,male,18-64,14818.035938087964,11018.46719392171,18829.473304618394
person_years_exposure,state,5,male,65+,2101.844843762698,1438.253474379101,2795.277671475797
mortality_rate,state,5,male,0-17,0.001628648012576314,0.0004371158849640878,0.0036420620470049713
mortality_rate,state,5,male,18-44,0.0012670159707508168,0.0003008372502263431,0.002891335362430116
mortality_rate,state,5,male,45-64,0.012822195217433257,0.0044526640027629195,0.0267743143313969
mortality_rate,state,5,male,65-74,0.060477796717947736,0.021544477223793764,0.13316492832788562
mortality_rate,state,5,male,75-84,0.16765726919833032,0.0660631998774924,0.40098895828283765
mortality_rate,state,5,male,85+,0.1531871307661351,0.0,0.658336608083761
qualifying_event_rate,state,5,male,0-17,0.029305378028399484,0.02089845481674892,0.0394890905612079
qualifying_event_rate,state,5,male,18-44,0.036466888268340665,0.0262155879871279,0.049014326660796755
qualifying_event_rate,state,5,male,45-64,0.04518151933124552,0.032759483452672156,0.0607978252012113
qualifying_event_rate,state,5,male,65-74,0.06953438048765014,0.050006940553033986,0.09410920769442979
qualifying_event_rate,state,5,male,75-84,0.06670795980956808,0.04123829876040246,0.09985998664428206
qualifying_event_rate,state,5,male,85+,0.050192715240900014,0.0,0.1873670553491288
person_years_exposure,state,5,female,0-17,7630.20167926384,5622.275054662813,9757.078163190099
person_years_exposure,state,5,female,18-44,7927.5858586984195,5909.78808115801,10123.235165027852
person_years_exposure,state,5,female,45-64,7285.386763462539,5389.286161981004,9278.135552491382
person_years_exposure,state,5,female,65-74,1905.9619489255997,1337.0012375340596,2493.812308074437
person_years_exposure,state,5,female,75-84,390.93857969624287,225.30754647702813,561.3382978324071
person_years_exposure,state,5,female,85+,25.372156026718585,10.605605193282743,40.931341694408935
person_years_exposure,state,5,female,18-64,15212.97262216096,11308.374060456275,19353.590688672488
person_years_exposure,state,5,female,65+,2322.272684648561,1584.6159765510042,3083.9190834449905
mortality_rate,state,5,female,0-17,0.01722832133828117,0.006073110931938224,0.036484995015679
mortality_rate,state,5,female,18-44,0.0016814801331194388,0.00045974977807253237,0.0036497168829695784
mortality_rate,state,5,female,45-64,0.011891446792774719,0.004225272007065214,0.025054216104625885
mortality_rate,state,5,female,65-74,0.06308811975390657,0.0233605478352791,0.13891014610066224
mortality_rate,state,5,female,75-84,0.1534153540806148,0.05921830619376171,0.36788621146100275
mortality_rate,state,5,female,85+,0.18202847791090962,0.04720019955791325,0.51825198605521
qualifying_event_rate,state,5,female,0-17,0.02788396203005437,0.019661072272874287,0.03805723105060339
qualifying_event_rate,state,5,female,18-44,0.03641951158679408,0.02618076815264301,0.049324398655082875
qualifying_event_rate,state,5,female,45-64,0.04718074573509462,0.03459026046237328,0.06310287591771868
qualifying_event_rate,state,5,female,65-74,0.06940681738081127,0.05004949531304924,0.09302604869158516
qualifying_event_rate,state,5,female,75-84,0.06291709250619057,0.038405766951150055,0.09454990918057568
qualifying_event_rate,state,5,female,85+,0.057159923416687484,0.0,0.1427648294577757
