estimand,level,unit,sex,age_band,estimate,lower,upper
children_under_16,county,0,,,2529.2976792333848,1766.35515644394,3292.2402020228296
children_under_16,county,1,,,1845.8046845837287,1378.4404478252773,2313.16892134218
children_under_16,county,2,,,2543.0185432020617,1888.920625432237,3197.116460971886
children_under_16,county,3,,,1635.3117752604173,1247.2171938875204,2023.4063566333143
children_under_16,county,4,,,1495.0771909729772,995.2491157887137,1994.9052661572407
children_under_16,county,5,,,840.1219400649819,540.9350474551295,1139.3088326748343
children_under_16,county,6,,,234.10956464916518,179.546080853214,288.67304844511636
children_under_16,county,7,,,343.67505230851253,256.74364157833605,430.606463038689
children_under_16,county,8,,,391.6468917013248,292.4665742704087,490.8272091322409
children_under_16,county,9,,,710.4775030434394,530.774274842835,890.1807312440437
children_under_16,county,10,,,273.33653948289395,204.26869338866229,342.4043855771256
children_under_16,county,11,,,553.5600698699376,415.03943683593445,692.0807029039407
children_under_16,county,12,,,335.23664044178065,257.1093662509263,413.363914632635
children_under_16,county,13,,,704.3258471460709,526.1140993189655,882.5375949731764
children_under_16,county,14,,,246.67710950777067,177.27389122265876,316.0803277928826
children_under_16,county,15,,,1020.7961942022978,778.30698035208,1263.2854080525155
children_under_16,county,16,,,631.7604879068331,469.3027341495229,794.2182416641433
children_under_16,nation,0,,,16334.23371357758,14428.755300452995,18239.712126702165
children_under_16,state,0,,,2529.2976792333848,1881.387883556806,3177.207474909964
children_under_16,state,1,,,4822.826588135908,3874.192414701124,5771.460761570693
children_under_16,state,2,,,2543.0185432020617,2029.4191835662787,3056.6179028378447
children_under_16,state,3,,,4103.891771968265,3408.440309151376,4799.343234785154
children_under_16,state,4,,,1495.0771909729772,1055.620782325526,1934.5335996204283
children_under_16,state,5,,,840.1219400649819,572.5266413680412,1107.7172387619225
elders_65_plus,county,0,,,1311.9955559550476,916.2425342497203,1707.7485776603748
elders_65_plus,county,1,,,823.3742981520603,614.8930305312947,1031.855565772826
elders_65_plus,county,2,,,1143.1186558060485,849.0934570809577,1437.1438545311394
elders_65_plus,county,3,,,858.3916062628014,654.6768552737921,1062.1063572518106
elders_65_plus,county,4,,,752.4274252938178,500.878974169559,1003.9758764180766
elders_65_plus,county,5,,,376.32525905447375,242.3071130001082,510.3434051088393
elders_65_plus,county,6,,,131.34259403148755,100.73081825079726,161.95436981217784
elders_65_plus,county,7,,,160.7125025113433,120.06083323409082,201.3641717885958
elders_65_plus,county,8,,,248.81986902803945,185.80894230749826,311.8307957485806
elders_65_plus,county,9,,,365.20095079878456,272.82956744133133,457.5723341562378
elders_65_plus,county,10,,,133.1432892444963,99.50007334875198,166.7865051402406
elders_65_plus,county,11,,,238.18877917458346,178.58538241836177,297.7921759308051
elders_65_plus,county,12,,,224.90907505918108,172.49376343929364,277.3243866790685
elders_65_plus,county,13,,,337.901393176902,252.404036924433,423.398749429371
elders_65_plus,county,14,,,189.7876111834431,136.3903947450872,243.18482762179897
elders_65_plus,county,15,,,594.5576181917013,453.3209930526075,735.7942433307951
elders_65_plus,county,16,,,358.2406251426752,266.11873974569494,450.36251053965543
elders_65_plus,nation,0,,,8248.437108066888,7296.21843905517,9200.655777078606
elders_65_plus,state,0,,,1311.9955559550476,975.9122314943775,1648.0788804157178
elders_65_plus,state,1,,,2307.3410820862096,1853.443418078678,2761.238746093741
elders_65_plus,state,2,,,1143.1186558060485,912.249317012142,1373.987994599955
elders_65_plus,state,3,,,2357.2291298712894,1946.1529915118372,2768.3052682307416
elders_65_plus,state,4,,,752.4274252938178,531.2622198556419,973.5926307319937
elders_65_plus,state,5,,,376.32525905447375,256.45829058071115,496.19222752823634
households,county,0,,,4200.93643194339,2933.757378334952,5468.115485551827
households,county,1,,,2965.4958084963555,2214.6218418605777,3716.3697751321333
households,county,2,,,3946.3935143125263,2931.3290401219983,4961.457988503054
households,county,3,,,2692.7628439259393,2053.7124289165386,3331.81325893534
households,county,4,,,2784.8919697865117,1853.8583072713138,3715.92563230171
households,county,5,,,1860.7829942097492,1198.1150464880047,2523.4509419314936
households,county,6,,,415.66955685336274,318.79022104396375,512.5488926627617
households,county,7,,,519.4948007305886,388.09039534488124,650.899206116296
households,county,8,,,766.7103255948165,572.5492711313842,960.8713800582487
households,county,9,,,1229.033530070692,918.1703542848371,1539.8967058565468
households,county,10,,,492.49214665756347,368.04712422363036,616.9371690914966
households,county,11,,,989.5917815569317,741.9603365021599,1237.2232266117035
households,county,12,,,735.3723327348747,563.9929876959981,906.7516777737513
households,county,13,,,1225.9981425392527,915.790484109542,1536.2058009689636
households,county,14,,,566.718290248622,407.27068976888836,726.1658907283556
households,county,15,,,1944.4031755833314,1482.5119575978251,2406.2943935688377
households,county,16,,,1164.3779393669176,864.9571490910764,1463.7987296427589
households,nation,0,,,28501.125584611425,25153.203420645106,31849.047748577745
households,state,0,,,4200.93643194339,3124.8164134820963,5277.056450404683
households,state,1,,,8188.8165356462005,6577.964529182298,9799.668542110103
households,state,2,,,3946.3935143125263,3149.3622904388785,4743.424738186174
households,state,3,,,7519.304138713047,6209.536793600389,8829.071483825704
households,state,4,,,2784.8919697865117,1966.3130824201355,3603.470857152888
households,state,5,,,1860.7829942097492,1268.087151619052,2453.4788368004465
low_income_household_share,county,0,,,0.23902044106307754,0.15504484393302767,0.3229960381931274
low_income_household_share,county,1,,,0.3453474031712909,0.2616183666024103,0.42907643974017157
low_income_household_share,county,2,,,0.3629932967080341,0.2722376972806787,0.4537488961353895
low_income_household_share,county,3,,,0.26452174176498483,0.180491872169305,0.34855161136066465
low_income_household_share,county,4,,,0.234400504558831,0.14959981092599223,0.31920119819166975
low_income_household_share,county,5,,,0.4508514422179627,0.36026289827485114,0.5414399861610742
low_income_household_share,county,6,,,0.3404835163816054,0.2560797208605171,0.4248873119026937
low_income_household_share,county,7,,,0.3250298609644402,0.24115794001346896,0.40890178191541143
low_income_household_share,county,8,,,0.31627090570339517,0.23226888220667402,0.4002729292001163
low_income_household_share,county,9,,,0.34720228647532136,0.26366165794546503,0.4307429150051777
low_income_household_share,county,10,,,0.4124528586283449,0.32851000724472185,0.49639571001196797
low_income_household_share,county,11,,,0.3165931252781712,0.23248218297079126,0.4007040675855511
low_income_household_share,county,12,,,0.3509361762251711,0.2661928860152094,0.4356794664351328
low_income_household_share,county,13,,,0.3283984845950805,0.24377032523875758,0.41302664395140337
low_income_household_share,county,14,,,0.30231576171719454,0.21715251117532874,0.38747901225906034
low_income_household_share,county,15,,,0.41432297360555476,0.3290025185359738,0.4996434286751357
low_income_household_share,county,16,,,0.36898026301893483,0.2841147485631508,0.4538457774747189
low_income_household_share,nation,0,,,0.32068699966853087,0.3078353292573571,0.3335386700797046
low_income_household_share,state,0,,,0.23902044106307754,0.22208413646766947,0.2559567456584856
low_income_household_share,state,1,,,0.3397042295967011,0.32530973404691044,0.35409872514649177
low_income_household_share,state,2,,,0.3629932967080341,0.32463294833346124,0.40135364508260696
low_income_household_share,state,3,,,0.33183491143448707,0.31416946575798843,0.3495003571109857
low_income_household_share,state,4,,,0.234400504558831,0.21375843245812903,0.25504257665953295
low_income_household_share,state,5,,,0.4508514422179627,0.41288801516332163,0.48881486927260376
mean_income_adults,county,0,,,19301.481137022034,15844.360950905237,22758.60132313883
mean_income_adults,county,1,,,16704.81040795212,13854.272536609116,19555.348279295125
mean_income_adults,county,2,,,24336.329248640966,19578.091027818857,29094.567469463076
mean_income_adults,county,3,,,22010.814900814225,18117.33214785774,25904.297653770707
mean_income_adults,county,4,,,21871.43176007891,17790.46713648244,25952.396383675383
mean_income_adults,county,5,,,17768.259499453445,14484.709263121571,21051.80973578532
mean_income_adults,county,6,,,18081.707458352645,14941.70875546944,21221.70616123585
mean_income_adults,county,7,,,17123.9360919939,14177.292248313446,20070.579935674352
mean_income_adults,county,8,,,17999.93216695704,14883.695764685432,21116.168569228652
mean_income_adults,county,9,,,15888.19942056396,13190.233417437908,18586.16542369001
mean_income_adults,county,10,,,14774.44305284915,12270.881165243261,17278.00494045504
mean_income_adults,county,11,,,17602.038430216795,14545.714744608724,20658.362115824868
mean_income_adults,county,12,,,19566.78791846585,16152.90097132043,22980.67486561127
mean_income_adults,county,13,,,18269.512086065628,15066.341492838583,21472.682679292673
mean_income_adults,county,14,,,23360.651845745706,19155.953730216308,27565.349961275104
mean_income_adults,county,15,,,16631.085792699974,13747.738258195654,19514.433327204293
mean_income_adults,county,16,,,17448.902071349494,14413.058232652058,20484.745910046928
mean_income_adults,nation,0,,,19783.864981176477,18993.026773930556,20574.703188422398
mean_income_adults,state,0,,,19301.481137022034,17933.833406873047,20669.12886717102
mean_income_adults,state,1,,,16943.687357295927,16220.67567664233,17666.699037949526
mean_income_adults,state,2,,,24336.329248640966,21764.518483531843,26908.14001375009
mean_income_adults,state,3,,,19645.88036394162,18572.459442678417,20719.30128520482
mean_income_adults,state,4,,,21871.431760078907,19945.362222870128,23797.501297287687
mean_income_adults,state,5,,,17768.259499453445,16272.103648033704,19264.415350873183
median_household_income,county,0,,,32587.960000000014,26751.076626098024,38424.843373902004
median_household_income,county,1,,,25287.944987118943,20972.766118647247,29603.12385559064
median_household_income,county,2,,,21589.740000000013,17368.514810447286,25810.96518955274
median_household_income,county,3,,,32452.272492352255,26711.80518968353,38192.73979502098
median_household_income,county,4,,,25334.62,20607.463172481606,30061.77682751839
median_household_income,county,5,,,17207.580000000005,14027.642574083997,20387.517425916012
median_household_income,county,6,,,21679.237549505677,17914.5058203957,25443.969278615652
median_household_income,county,7,,,27642.013322375497,22885.445209429057,32398.581435321936
median_household_income,county,8,,,29520.562781907458,24409.818391136996,34631.307172677916
median_household_income,county,9,,,25126.005687526827,20859.373116717055,29392.6382583366
median_household_income,county,10,,,19141.128249785328,15897.621946331288,22384.634553239368
median_household_income,county,11,,,29822.038055630106,24643.899079063573,35000.17703219664
median_household_income,county,12,,,20758.94533897792,17137.058454704966,24380.832223250873
median_household_income,county,13,,,27869.24249557215,22982.9632344299,32755.521756714403
median_household_income,county,14,,,27861.544831417832,22846.728214914263,32876.3614479214
median_household_income,county,15,,,16376.115345664868,13536.97228578077,19215.258405548968
median_household_income,county,16,,,19467.469482422995,16080.425584670555,22854.513380175435
median_household_income,nation,0,,,25552.7328956148,24617.711352079532,26487.75443915007
median_household_income,state,0,,,32587.960000000014,30278.87039139486,34897.04960860517
median_household_income,state,1,,,26347.946348670957,25216.498055109176,27479.39464223274
median_household_income,state,2,,,21589.740000000013,19308.182860440524,23871.2971395595
median_household_income,state,3,,,24568.504175722446,23158.297234619946,25978.711116824947
median_household_income,state,4,,,25334.619999999995,23103.570823428658,27565.669176571333
median_household_income,state,5,,,17207.580000000005,15758.635520853624,18656.524479146385
persons,county,0,,,10681.499457777529,7459.51012437455,13903.488791180507
persons,county,1,,,6641.68265067431,4959.985248587432,8323.38005276119
persons,county,2,,,8764.710229091874,6510.311130811548,11019.1093273722
persons,county,3,,,6745.320574586648,5144.511233992671,8346.129915180625
persons,county,4,,,5652.040806789691,3762.4737032462963,7541.607910333085
persons,county,5,,,3549.5130862627566,2285.4492165882903,4813.576955937223
persons,county,6,,,951.5862352857213,729.8017891556696,1173.3706814157729
persons,county,7,,,1239.794161153634,926.1925345002942,1553.3957878069737
persons,county,8,,,1565.1707153592254,1168.8082478606054,1961.5331828578453
persons,county,9,,,2754.4904315376316,2057.788818221771,3451.192044853492
persons,county,10,,,1022.0361134345794,763.7836561561265,1280.2885707130322
persons,county,11,,,2079.014913591274,1558.7706301019305,2599.259197080617
persons,county,12,,,1510.3114331120205,1158.3316635593033,1862.2912026647377
persons,county,13,,,2613.8730257663187,1952.4989154628915,3275.247136069746
persons,county,14,,,1167.0211147985801,838.6768215833679,1495.3654080137924
persons,county,15,,,4304.397165736797,3281.8915071667475,5326.902824306848
persons,county,16,,,2600.9610853920003,1932.1217014302836,3269.800469353717
persons,nation,0,,,63843.4232003506,56436.80658186345,71250.03981883774
persons,state,0,,,10681.499457777529,7945.305854300324,13417.693061254733
persons,state,1,,,17916.062011516973,14391.88253733902,21440.241485694925
persons,state,2,,,8764.710229091874,6994.550285473601,10534.870172710147
persons,state,3,,,17279.59760891177,14311.604269167126,20247.590948656412
persons,state,4,,,5652.040806789691,3990.704810576547,7313.376803002834
persons,state,5,,,3549.5130862627566,2418.92362150754,4680.102551017973
tertiary_share_25_plus,county,0,,,0.5266099166097933,0.5038064789216032,0.5494133542979833
tertiary_share_25_plus,county,1,,,0.44910028587960993,0.4248198633734426,0.4733807083857773
tertiary_share_25_plus,county,2,,,0.46413277992793556,0.44127911325426766,0.48698644660160345
tertiary_share_25_plus,county,3,,,0.47907808906665217,0.45491194832383725,0.5032442298094671
tertiary_share_25_plus,county,4,,,0.4828589526900134,0.458557722890794,0.5071601824892328
tertiary_share_25_plus,county,5,,,0.45727404686996215,0.42998217639787567,0.4845659173420486
tertiary_share_25_plus,county,6,,,0.3971033298402012,0.3569882388953179,0.4372184207850845
tertiary_share_25_plus,county,7,,,0.4108256397495721,0.37334670928983055,0.44830457020931364
tertiary_share_25_plus,county,8,,,0.3866868295232473,0.35290909906799206,0.4204645599785025
tertiary_share_25_plus,county,9,,,0.4214534693048871,0.39277512559316746,0.4501318130166067
tertiary_share_25_plus,county,10,,,0.3684266888363043,0.3292749972872633,0.40757838038534533
tertiary_share_25_plus,county,11,,,0.3933290652236512,0.36213252303773924,0.42452560740956313
tertiary_share_25_plus,county,12,,,0.36648002564418825,0.33311761364770454,0.39984243764067195
tertiary_share_25_plus,county,13,,,0.389689198483758,0.36006648710230144,0.41931190986521455
tertiary_share_25_plus,county,14,,,0.3920468661163231,0.354137285055949,0.42995644717669723
tertiary_share_25_plus,county,15,,,0.4190959655298721,0.3929002568096663,0.44529167425007793
tertiary_share_25_plus,county,16,,,0.3819915742560068,0.3526316803799729,0.41135146813204077
tertiary_share_25_plus,nation,0,,,0.4551603470785905,0.4343172496616095,0.47600344449557147
tertiary_share_25_plus,state,0,,,0.5266099166097933,0.5038064789216032,0.5494133542979833
tertiary_share_25_plus,state,1,,,0.41700703654704624,0.3953677566967217,0.4386463163973708
tertiary_share_25_plus,state,2,,,0.46413277992793556,0.44127911325426766,0.48698644660160345
tertiary_share_25_plus,state,3,,,0.4292944828302771,0.407598769691422,0.4509901959691322
tertiary_share_25_plus,state,4,,,0.4828589526900134,0.458557722890794,0.5071601824892328
tertiary_share_25_plus,state,5,,,0.4572740468699621,0.4299821763978756,0.48456591734204857
person_years_exposure,county,0,male,0-17,7218.006798404982,5669.4407928871815,9650.914033341704
person_years_exposure,county,0,male,18-44,7711.721022147204,6052.470405708889,10306.224746144444
person_years_exposure,county,0,male,45-64,6814.592605048669,5352.238771016974,9030.067287434498
person_years_exposure,county,0,male,65-74,2123.9037036622667,1668.220783356094,2827.664086818436
person_years_exposure,county,0,male,75-84,1037.5691130432488,789.135419498251,1385.645895492782
person_years_exposure,county,0,male,85+,241.90906595708682,153.13632281481839,341.33354938100894
person_years_exposure,county,0,male,18-64,14526.313627195872,11406.675757632294,19336.292033578942
person_years_exposure,county,0,male,65+,3403.3818826626025,2652.0672800150674,4517.665806112893
mortality_rate,county,0,male,0-17,0.0007774068772337507,0.00013854731973518864,0.001756098098405504
mortality_rate,county,0,male,18-44,0.0008752276825582971,0.0001451298394904017,0.002035159362038868
mortality_rate,county,0,male,45-64,0.004402174154222349,0.0013577724599813643,0.009080201175281934
mortality_rate,county,0,male,65-74,0.020768297171472962,0.006589817352482474,0.04297936557740712
mortality_rate,county,0,male,75-84,0.05397152486832541,0.0185693451958041,0.11782481752638627
mortality_rate,county,0,male,85+,0.1150827436086147,0.03737270919156071,0.2682981991301476
qualifying_event_rate,county,0,male,0-17,0.01572090966131746,0.010413494602043345,0.02201469326066759
qualifying_event_rate,county,0,male,18-44,0.01780543493218432,0.012176534775974222,0.025019814965452355
qualifying_event_rate,county,0,male,45-64,0.03345832921011008,0.023719552070322367,0.04613037924675451
qualifying_event_rate,county,0,male,65-74,0.057044824882990994,0.039396479458094866,0.07794777768928185
qualifying_event_rate,county,0,male,75-84,0.05188362743544196,0.03436412742093184,0.0723273774673534
qualifying_event_rate,county,0,male,85+,0.055729190861510784,0.028957916318430265,0.08999755285749492
person_years_exposure,county,0,female,0-17,7384.887127633963,5800.521072615915,9867.146248406938
person_years_exposure,county,0,female,18-44,7792.286098312877,6120.0842915964195,10426.466543997962
person_years_exposure,county,0,female,45-64,6822.880876721947,5361.2027820240655,9061.463575056103
person_years_exposure,county,0,female,65-74,2070.8635826884224,1626.807105179443,2751.1696592128023
person_years_exposure,county,0,female,75-84,1033.7560945838018,781.9626960881378,1383.3890166843596
person_years_exposure,county,0,female,85+,165.80057037322788,103.55549313584184,240.5404558484348
person_years_exposure,county,0,female,18-64,14615.166975034823,11490.357468408367,19515.210204148207
person_years_exposure,county,0,female,65+,3270.420247645452,2548.045365178829,4349.807229082167
mortality_rate,county,0,female,0-17,0.0006063772223401214,0.0,0.001427120290096168
mortality_rate,county,0,female,18-44,0.0006535033611448816,0.0001233824760160203,0.0015179723335028727
mortality_rate,county,0,female,45-64,0.004344226032125979,0.0013417382593669148,0.00897646778265111
mortality_rate,county,0,female,65-74,0.021314373638725136,0.007007605303745359,0.04503673880627282
mortality_rate,county,0,female,75-84,0.05737670761427899,0.020602229308115103,0.12447503907370239
mortality_rate,county,0,female,85+,0.1126325651594072,0.036058337953980286,0.27670159893611357
qualifying_event_rate,county,0,female,0-17,0.01482143030110442,0.010081621744460097,0.02107507827293663
qualifying_event_rate,county,0,female,18-44,0.018993205127991113,0.012889531442035694,0.02632452659174415
qualifying_event_rate,county,0,female,45-64,0.03177304357545866,0.021968832404318454,0.04340351616442944
qualifying_event_rate,county,0,female,65-74,0.05021564286660985,0.03455133619919828,0.06981150738929864
qualifying_event_rate,county,0,female,75-84,0.05825993312968742,0.03895414110009413,0.08211476008635851
qualifying_event_rate,county,0,female,85+,0.06654949509088535,0.033896917721333346,0.10716284706923228
person_years_exposure,county,1,male,0-17,5214.205418226277,4289.770904721057,6362.135245112358
person_years_exposure,county,1,male,18-44,5290.419953233602,4343.207874007196,6442.185347189493
person_years_exposure,county,1,male,45-64,4511.133501011815,3701.040395053598,5499.904079885863
person_years_exposure,county,1,male,65-74,1488.3454612697492,1211.082646429258,1837.6110321922577
person_years_exposure,county,1,male,75-84,647.6232063590865,499.9144634116554,826.248467405951
person_years_exposure,county,1,male,85+,126.42724884137657,80.92429776578567,175.26762854425309
person_years_exposure,county,1,male,18-64,9801.553454245417,8048.576574466579,11930.715343827274
person_years_exposure,county,1,male,65+,2262.3959164702123,1814.6235267594789,2826.5502512070475
mortality_rate,county,1,male,0-17,0.0015479422874838753,0.0003470545255755802,0.003522851085008149
mortality_rate,county,1,male,18-44,0.001143539594395006,0.000194689997690478,0.0026285782015343716
mortality_rate,county,1,male,45-64,0.005624647364250892,0.0018248032180950852,0.011772502430033423
mortality_rate,county,1,male,65-74,0.020753697766275316,0.006806566223731972,0.04383758422910042
mortality_rate,county,1,male,75-84,0.05539228626474073,0.01863452022277493,0.12292896321725127
mortality_rate,county,1,male,85+,0.11019015780716901,0.03531250180351411,0.2746713963159586
qualifying_event_rate,county,1,male,0-17,0.0139510522714495,0.009360023645689282,0.01983412302940281
qualifying_event_rate,county,1,male,18-44,0.020122697342047715,0.013843005360966021,0.02827704880581887
qualifying_event_rate,county,1,male,45-64,0.03395916700384496,0.023704675532715828,0.04698798395025418
qualifying_event_rate,county,1,male,65-74,0.0580726257145383,0.040489479335169117,0.07981970337167403
qualifying_event_rate,county,1,male,75-84,0.05202356362610677,0.03305329687394303,0.07535163280741258
qualifying_event_rate,county,1,male,85+,0.05378895886303354,0.021257289523944317,0.09241559451159168
person_years_exposure,county,1,female,0-17,4856.048255310828,4002.8020993391638,5927.959419728197
person_years_exposure,county,1,female,18-44,5034.326528773551,4129.678362211546,6121.191912371255
person_years_exposure,county,1,female,45-64,4829.726311204,3971.6077232545126,5886.372234434756
person_years_exposure,county,1,female,65-74,1473.8906695378869,1192.7267154483397,1816.3035305688663
person_years_exposure,county,1,female,75-84,610.6449422016237,473.77344924013244,779.7423504003647
person_years_exposure,county,1,female,85+,129.5852484846876,81.06217750751512,180.91963800754735
person_years_exposure,county,1,female,18-64,9864.05283997755,8127.235928366503,12000.346245313434
person_years_exposure,county,1,female,65+,2214.120860224198,1773.079920044637,2765.258427039107
mortality_rate,county,1,female,0-17,0.002560032349638229,0.0006933381485874292,0.005463469553825089
mortality_rate,county,1,female,18-44,0.0006214173734797724,0.0,0.0015258351179224963
mortality_rate,county,1,female,45-64,0.004702526105840179,0.0014642849570380588,0.009892203248509934
mortality_rate,county,1,female,65-74,0.020473554703661363,0.006385214027292338,0.044349728096182976
mortality_rate,county,1,female,75-84,0.05880942782420043,0.019913187026358876,0.12933742625958572
mortality_rate,county,1,female,85+,0.10961295287361959,0.03631573805796888,0.275289219816134
qualifying_event_rate,county,1,female,0-17,0.014803040160305985,0.009771857437008728,0.0212172553180563
qualifying_event_rate,county,1,female,18-44,0.022099646358180125,0.01525325317614873,0.030717824609862422
qualifying_event_rate,county,1,female,45-64,0.0335484403702904,0.023507013480604657,0.046198964221298384
qualifying_event_rate,county,1,female,65-74,0.05373513020208053,0.037504398539484264,0.07413961817675858
qualifying_event_rate,county,1,female,75-84,0.05990885546917557,0.038805845307641064,0.08566004305259772
qualifying_event_rate,county,1,female,85+,0.06449874515718369,0.02874776644057924,0.10811505789303891
person_years_exposure,county,2,male,0-17,7447.347540524663,5959.467493935662,9028.416131643871
person_years_exposure,county,2,male,18-44,6885.510088225107,5528.830349607515,8420.837330201346
person_years_exposure,county,2,male,45-64,6624.591403827409,5320.492890209893,8109.620329625892
person_years_exposure,county,2,male,65-74,1993.3503059470938,1586.9542648620477,2451.118317899438
person_years_exposure,county,2,male,75-84,947.1663313499141,717.3602580039292,1200.7010399278795
person_years_exposure,county,2,male,85+,223.1379462879001,140.39989502099297,306.4796341777635
person_years_exposure,county,2,male,18-64,13510.101492052516,10849.420524155443,16563.333928994824
person_years_exposure,county,2,male,65+,3163.654583584908,2472.772858575779,3951.8778075375485
mortality_rate,county,2,male,0-17,0.001070601914018947,0.000232342117304475,0.002445482003412024
mortality_rate,county,2,male,18-44,0.0008565031293157543,0.00014595530233109524,0.001963037293024683
mortality_rate,county,2,male,45-64,0.0042598440933573406,0.0013979557251322524,0.009210109466185716
mortality_rate,county,2,male,65-74,0.020500534187007372,0.0069572244286355825,0.043745937875002555
mortality_rate,county,2,male,75-84,0.053360752150906944,0.01862602240622466,0.11906298047832785
mortality_rate,county,2,male,85+,0.11274270060836324,0.03982802942822499,0.2733788270380668
qualifying_event_rate,county,2,male,0-17,0.024135913380992392,0.01662642298164748,0.03339160184553867
qualifying_event_rate,county,2,male,18-44,0.03119003161595962,0.021847142849836958,0.04241842079190418
qualifying_event_rate,county,2,male,45-64,0.050625690140675667,0.0365990399629697,0.06788499342666988
qualifying_event_rate,county,2,male,65-74,0.08207194894101674,0.0594162285365159,0.10851943250853273
qualifying_event_rate,county,2,male,75-84,0.09220774553369397,0.06571047829707355,0.12416856889586864
qualifying_event_rate,county,2,male,85+,0.08524368586080368,0.0526425120181484,0.12491838452032973
person_years_exposure,county,2,female,0-17,7074.324988275667,5662.901345217778,8593.918666016072
person_years_exposure,county,2,female,18-44,7126.222454544017,5720.185573667622,8675.508510718362
person_years_exposure,county,2,female,45-64,6833.567693911894,5486.612897911668,8339.192080434172
person_years_exposure,county,2,female,65-74,2201.2478211052003,1753.6598523102116,2696.4643858850172
person_years_exposure,county,2,female,75-84,948.6079107324356,713.8679332987981,1201.9945607262698
person_years_exposure,county,2,female,85+,199.6499130878566,124.48434539890198,275.3431591873337
person_years_exposure,county,2,female,18-64,13959.790148455912,11218.914603160001,17071.546505137398
person_years_exposure,county,2,female,65+,3349.5056449254926,2618.0634317539043,4164.997539706623
mortality_rate,county,2,female,0-17,0.0018493648276242,0.00048221013453097247,0.004048078160588745
mortality_rate,county,2,female,18-44,0.000577751750841666,0.0,0.0013883148601888068
mortality_rate,county,2,female,45-64,0.004633391966608977,0.001468219166245344,0.009667669381755497
mortality_rate,county,2,female,65-74,0.01867992337380484,0.0062573959572713046,0.03990426469064252
mortality_rate,county,2,female,75-84,0.0548313441396347,0.019507892643486728,0.12298769497390986
mortality_rate,county,2,female,85+,0.11853908817317643,0.03893817549141667,0.28450777506534664
qualifying_event_rate,county,2,female,0-17,0.02217208558024305,0.015144178401601309,0.030872741523986388
qualifying_event_rate,county,2,female,18-44,0.034956379089023194,0.02457916641874834,0.047699308013061235
qualifying_event_rate,county,2,female,45-64,0.05472532870559307,0.039572785846116246,0.07334271786348341
qualifying_event_rate,county,2,female,65-74,0.08090293179908115,0.05915055173988583,0.10805383502780166
qualifying_event_rate,county,2,female,75-84,0.08478524892833643,0.059315683234551074,0.11529906249588877
qualifying_event_rate,county,2,female,85+,0.09322381863959762,0.05740637547486228,0.1399093711212682
person_years_exposure,county,3,male,0-17,4624.80135848974,3829.892181426018,5432.941458248676
person_years_exposure,county,3,male,18-44,4871.454441399992,4033.6326470509944,5708.939714707738
person_years_exposure,county,3,male,45-64,4917.378541735167,4059.9823285620764,5781.811523107272
person_years_exposure,county,3,male,65-74,1465.4431456114073,1184.9286597765044,1756.311901635563
person_years_exposure,county,3,male,75-84,709.0625480890056,545.3851946001167,871.6623606853208
person_years_exposure,county,3,male,85+,134.57618214151248,86.35510179470997,179.68286745916885
person_years_exposure,county,3,male,18-64,9788.832983135158,8096.361907417543,11485.457130456854
person_years_exposure,county,3,male,65+,2309.0818758419255,1843.0116691921335,2785.9656916919575
mortality_rate,county,3,male,0-17,0.0010523044865086387,0.00019307811647703,0.0024374862290755255
mortality_rate,county,3,male,18-44,0.0010664807733492701,0.00019684973062228774,0.0024816048499097117
mortality_rate,county,3,male,45-64,0.004846590379198335,0.0015859978481779415,0.01016663106919032
mortality_rate,county,3,male,65-74,0.020445967101131845,0.006527601290503227,0.044013809218637595
mortality_rate,county,3,male,75-84,0.05447044762192069,0.018306246945585657,0.12032563021275086
mortality_rate,county,3,male,85+,0.10886089616457346,0.032697290093861464,0.2745771869812353
qualifying_event_rate,county,3,male,0-17,0.019315863390762363,0.012944511368318715,0.027344106832720688
qualifying_event_rate,county,3,male,18-44,0.029840813623769228,0.021030910386823497,0.04125960661706712
qualifying_event_rate,county,3,male,45-64,0.04244820384421641,0.030258965919853626,0.05860128965204726
qualifying_event_rate,county,3,male,65-74,0.06956253588652117,0.04869490987300575,0.09501489329557032
qualifying_event_rate,county,3,male,75-84,0.0733757144907131,0.05021938441547751,0.10236363329888788
qualifying_event_rate,county,3,male,85+,0.07196897592434184,0.03450693779477788,0.11655260410378288
person_years_exposure,county,3,female,0-17,4583.425906304919,3791.190808603822,5403.6625477748885
person_years_exposure,county,3,female,18-44,4765.3800635829375,3944.0134326825473,5589.112730164906
person_years_exposure,county,3,female,45-64,4738.209140480222,3918.2204799771807,5588.978744501631
person_years_exposure,county,3,female,65-74,1370.8698422219456,1107.494135113648,1637.396953258802
person_years_exposure,county,3,female,75-84,764.2550053889389,589.8531067687019,934.8487675277582
person_years_exposure,county,3,female,85+,168.58007867873957,105.5741721391323,226.381716882348
person_years_exposure,county,3,female,18-64,9503.589204063159,7861.515312124844,11161.330010884554
person_years_exposure,county,3,female,65+,2303.704926289624,1831.367896095934,2789.3930685314876
mortality_rate,county,3,female,0-17,0.0018378890151605283,0.0004290973839113492,0.003997444597439304
mortality_rate,county,3,female,18-44,0.000687637801188566,0.0,0.0017097631574145898
mortality_rate,county,3,female,45-64,0.004959473662050795,0.0014997259747265657,0.010296220740901077
mortality_rate,county,3,female,65-74,0.02246307006257303,0.007284325213028198,0.04838896418378816
mortality_rate,county,3,female,75-84,0.057310553754831295,0.019281399229927734,0.12696776971570276
mortality_rate,county,3,female,85+,0.11244064488255101,0.03689723254370005,0.28140283661149534
qualifying_event_rate,county,3,female,0-17,0.018657577704564936,0.012436340269430106,0.026396859665794095
qualifying_event_rate,county,3,female,18-44,0.029507049345772033,0.020306184973924137,0.04075579796856755
qualifying_event_rate,county,3,female,45-64,0.04717095694774407,0.0339647129633317,0.06443491810480592
qualifying_event_rate,county,3,female,65-74,0.07121390885787272,0.05026255156570736,0.09725059663954157
qualifying_event_rate,county,3,female,75-84,0.07103710807615712,0.04860087531469957,0.09861920444942877
qualifying_event_rate,county,3,female,85+,0.07776774735053454,0.04222288408464363,0.11967533876893953
person_years_exposure,county,4,male,0-17,4338.791295018666,3004.8922298393964,5657.750058067881
person_years_exposure,county,4,male,18-44,4360.717947201584,3022.860435328561,5669.8252094183545
person_years_exposure,county,4,male,45-64,4222.303767111271,2921.4012195390633,5518.43162309759
person_years_exposure,county,4,male,65-74,1331.7556992172367,921.8138486015166,1761.6584349065092
person_years_exposure,county,4,male,75-84,680.8760034500389,457.8972211385853,922.8422254814469
person_years_exposure,county,4,male,85+,157.51024555808988,87.8090757534615,231.28512714551883
person_years_exposure,county,4,male,18-64,8583.021714312854,5946.346702328752,11186.048312140098
person_years_exposure,county,4,male,65+,2170.1419482253655,1479.5659110763788,2915.012467701602
mortality_rate,county,4,male,0-17,0.0026877580184920674,0.0006486853993531879,0.005783176829377062
mortality_rate,county,4,male,18-44,0.0009719228120956193,0.0,0.002317007180637047
mortality_rate,county,4,male,45-64,0.004804055038744315,0.0013732852216136622,0.01026115888414461
mortality_rate,county,4,male,65-74,0.019014197303517166,0.005731141477879144,0.04233745217248571
mortality_rate,county,4,male,75-84,0.05838922294232865,0.01967024202564589,0.1313545401067614
mortality_rate,county,4,male,85+,0.10620151129617085,0.03663338245983287,0.25849027103705485
qualifying_event_rate,county,4,male,0-17,0.027178733325543075,0.01837906063180488,0.03797722517370226
qualifying_event_rate,county,4,male,18-44,0.03810519681320691,0.027074941415456293,0.05237030377395157
qualifying_event_rate,county,4,male,45-64,0.05577558551758832,0.040089311788843875,0.0764003114416702
qualifying_event_rate,county,4,male,65-74,0.08897331749801787,0.06392652326569886,0.1175528847818446
qualifying_event_rate,county,4,male,75-84,0.09430031407684582,0.06731171700373068,0.12860478772330997
qualifying_event_rate,county,4,male,85+,0.08902803846372279,0.05093498057131409,0.13686408360024532
person_years_exposure,county,4,female,0-17,4445.981444188992,3076.7161433810747,5836.573975808077
person_years_exposure,county,4,female,18-44,4498.045764207063,3124.181862028736,5931.228336993866
person_years_exposure,county,4,female,45-64,4356.949996824676,3027.4597742819537,5676.626557098711
person_years_exposure,county,4,female,65-74,1412.7174760925195,978.7215917016939,1864.2322578133594
person_years_exposure,county,4,female,75-84,574.8776769953407,384.814052881347,775.964313113487
person_years_exposure,county,4,female,85+,186.94274342195718,104.17574373022808,278.4628061813416
person_years_exposure,county,4,female,18-64,8854.99576103174,6137.756975076498,11622.143368529
person_years_exposure,county,4,female,65+,2174.537896509817,1489.980716314337,2887.9132454312426
mortality_rate,county,4,female,0-17,0.0033509895817205055,0.0009131091556049371,0.007432461206330321
mortality_rate,county,4,female,18-44,0.0007612898102324343,0.0,0.0018428140004636089
mortality_rate,county,4,female,45-64,0.00426099482890096,0.0012614028908044606,0.009248761598976462
mortality_rate,county,4,female,65-74,0.02002457177654914,0.006308990469681391,0.04343246342046199
mortality_rate,county,4,female,75-84,0.05814705024545338,0.019100071718090268,0.13146394527687738
mortality_rate,county,4,female,85+,0.11829015336700253,0.039349516363827934,0.29208958595713386
qualifying_event_rate,county,4,female,0-17,0.026094711149579036,0.018096133195060808,0.03684225086400455
qualifying_event_rate,county,4,female,18-44,0.041049293680329973,0.02916640807649107,0.056568783867321615
qualifying_event_rate,county,4,female,45-64,0.06053221635225545,0.043925436905459504,0.08151135015505356
qualifying_event_rate,county,4,female,65-74,0.0910562238571582,0.06640690586679264,0.11974218369714151
qualifying_event_rate,county,4,female,75-84,0.09190294583681237,0.06334046838938338,0.12591367452528665
qualifying_event_rate,county,4,female,85+,0.09720110716951005,0.059301739281082025,0.14332627511158502
person_years_exposure,county,5,male,0-17,2494.4021429307472,1788.4170458958508,3342.04821286952
person_years_exposure,county,5,male,18-44,2922.180271014568,2117.0341018088175,3935.435802799956
person_years_exposure,county,5,male,45-64,2399.8719055165607,1742.6455191932228,3250.698955454936
person_years_exposure,county,5,male,65-74,808.6343890111347,579.4177756569266,1100.111147734052
person_years_exposure,county,5,male,75-84,310.89028298536516,208.22003828331955,432.2727451593615
person_years_exposure,county,5,male,85+,52.03595390248578,28.909108479969223,79.89381226656533
person_years_exposure,county,5,male,18-64,5322.052176531129,3860.528154934102,7190.02247524942
person_years_exposure,county,5,male,65+,1171.5606258989856,823.5421065518283,1596.587264163984
mortality_rate,county,5,male,0-17,0.0010053761808645244,0.0,0.0026295011644971488
mortality_rate,county,5,male,18-44,0.0010034045248111876,0.0,0.0025441953527587085
mortality_rate,county,5,male,45-64,0.004777883589283459,0.0010882041449066598,0.010703634622334571
mortality_rate,county,5,male,65-74,0.021206663645569827,0.006060639315798171,0.046898384473112446
mortality_rate,county,5,male,75-84,0.05466058888012013,0.015549166703253825,0.12826822394490778
mortality_rate,county,5,male,85+,0.11054139346809169,0.023184203857676486,0.2974401506834862
qualifying_event_rate,county,5,male,0-17,0.020681465004030126,0.013420242237666701,0.029638938179340515
qualifying_event_rate,county,5,male,18-44,0.027939761397028123,0.01897753597442691,0.03991423532906935
qualifying_event_rate,county,5,male,45-64,0.04546181769606416,0.03197236287675769,0.06305692715440146
qualifying_event_rate,county,5,male,65-74,0.07505296632005562,0.05154810822995644,0.10322632253175072
qualifying_event_rate,county,5,male,75-84,0.08188660660375859,0.05101108188377563,0.1183859717921029
qualifying_event_rate,county,5,male,85+,0.05848128423305976,0.010506816604910839,0.12063728679663904
person_years_exposure,county,5,female,0-17,2472.549333144938,1784.8350884133454,3338.201469986335
person_years_exposure,county,5,female,18-44,2680.0619562783318,1940.1796869106684,3601.5798766759576
person_years_exposure,county,5,female,45-64,2464.753723344706,1791.6533610429685,3334.0851053159317
person_years_exposure,county,5,female,65-74,730.7103457875663,518.8640521736373,988.9584177772952
person_years_exposure,county,5,female,75-84,330.4487573232936,223.89496199134646,456.9323225964821
person_years_exposure,county,5,female,85+,61.468998189703676,34.42016071530158,92.00193700192943
person_years_exposure,county,5,female,18-64,5144.815679623038,3731.632965138785,6938.419815137078
person_years_exposure,county,5,female,65+,1122.6281013005635,786.238666284033,1532.530741689186
mortality_rate,county,5,female,0-17,0.007909899683426683,0.002357017151090927,0.016657201125161437
mortality_rate,county,5,female,18-44,0.0010455900421202722,0.0,0.0026086126972700717
mortality_rate,county,5,female,45-64,0.004475599284228055,0.0011062859912737647,0.009925105754818229
mortality_rate,county,5,female,65-74,0.023066568806526952,0.006590010445119931,0.051807078623839216
mortality_rate,county,5,female,75-84,0.058791151697082794,0.01753065876537126,0.13452729913115766
mortality_rate,county,5,female,85+,0.11192894334628717,0.026854150570264575,0.29077119044545957
qualifying_event_rate,county,5,female,0-17,0.01962051663122721,0.012564642695468708,0.028230436635114313
qualifying_event_rate,county,5,female,18-44,0.025929139084250742,0.017187685386655986,0.03714861691640204
qualifying_event_rate,county,5,female,45-64,0.04483781041064042,0.030991543752365937,0.06141894022952643
qualifying_event_rate,county,5,female,65-74,0.07037658818353722,0.0477512571733847,0.09766719125728326
qualifying_event_rate,county,5,female,75-84,0.07738102233010469,0.048435604397072445,0.11270505982802079
qualifying_event_rate,county,5,female,85+,0.0744418006047966,0.02355711800431231,0.1336708724941175
person_years_exposure,county,6,male,0-17,677.8471946234065,558.9077904225304,791.6551557727431
person_years_exposure,county,6,male,18-44,640.3567725687709,532.0440911125157,745.749103769998
person_years_exposure,county,6,male,45-64,721.4480373190936,596.481988031127,839.3988386240621
person_years_exposure,county,6,male,65-74,231.5261945183328,187.31062460595953,276.6130003631674
person_years_exposure,county,6,male,75-84,109.51444770708852,83.5937478481683,135.55453072719456
person_years_exposure,county,6,male,85+,21.07082737388286,11.701848228989302,29.805544526874446
person_years_exposure,county,6,male,18-64,1361.8048098878644,1130.4673461736309,1584.5051453861868
person_years_exposure,county,6,male,65+,362.1114695993042,289.73416351957377,435.18704333450523
mortality_rate,county,6,male,0-17,0.0010077573148761275,0.0,0.0036799295983092847
mortality_rate,county,6,male,18-44,0.0010685502290064138,0.0,0.003971191755458826
mortality_rate,county,6,male,45-64,0.004791515240918975,0.0,0.011519187365655293
mortality_rate,county,6,male,65-74,0.02103510318170057,0.0037700806104787052,0.04996137535928634
mortality_rate,county,6,male,75-84,0.05269596642452365,0.008582938501090024,0.1254271872918117
mortality_rate,county,6,male,85+,0.10818326830295882,0.0,0.3353500718756058
qualifying_event_rate,county,6,male,0-17,0.01643557613329256,0.00748248408285226,0.02715907486071094
qualifying_event_rate,county,6,male,18-44,0.025279541950654936,0.014007990196633804,0.038937576982797324
qualifying_event_rate,county,6,male,45-64,0.03596412622751939,0.02164567083066847,0.05322211999338106
qualifying_event_rate,county,6,male,65-74,0.06036413987900292,0.033414369852698245,0.09347769992138141
qualifying_event_rate,county,6,male,75-84,0.06227514995151342,0.025215465315378768,0.10462395547719694
qualifying_event_rate,county,6,male,85+,0.058211930415305556,0.0,0.15275693207951688
person_years_exposure,county,6,female,0-17,617.2909682756007,505.91229259449796,721.8141199552623
person_years_exposure,county,6,female,18-44,609.5212136474721,506.1648408245219,708.6679483893413
person_years_exposure,county,6,female,45-64,710.823181109381,588.227103670684,827.7448765507181
person_years_exposure,county,6,female,65-74,215.05711668928524,173.53197219823187,254.37755440625497
person_years_exposure,county,6,female,75-84,90.72166457339637,68.2905101065338,111.81716116254842
person_years_exposure,county,6,female,85+,21.539081879428736,12.018240780794004,30.440962066744564
person_years_exposure,county,6,female,18-64,1320.344394756853,1095.775055933828,1536.208098648121
person_years_exposure,county,6,female,65+,327.31786314211035,259.767350125914,391.0030766119322
mortality_rate,county,6,female,0-17,0.0018665427573982228,0.0,0.005875595592103579
mortality_rate,county,6,female,18-44,0.0007326872706533343,0.0,0.0032394931658395786
mortality_rate,county,6,female,45-64,0.005167726575851145,0.0,0.012868836119617923
mortality_rate,county,6,female,65-74,0.02251147081422905,0.0041496133558689835,0.05546962225302406
mortality_rate,county,6,female,75-84,0.05897477125691506,0.010184851584487672,0.14581211345455047
mortality_rate,county,6,female,85+,0.0923907875936671,0.0,0.2964476583158642
qualifying_event_rate,county,6,female,0-17,0.015651221091782835,0.007150052911199736,0.026047722311866174
qualifying_event_rate,county,6,female,18-44,0.025345501591548313,0.013450878643970595,0.039489271179775805
qualifying_event_rate,county,6,female,45-64,0.04016416676401763,0.02457293731165659,0.05887463248214274
qualifying_event_rate,county,6,female,65-74,0.06114686114993021,0.03292776642207191,0.09173444093657712
qualifying_event_rate,county,6,female,75-84,0.06014486709697977,0.02177644083572165,0.10428802324674574
qualifying_event_rate,county,6,female,85+,0.06246628794490023,0.0,0.1499304634264813
person_years_exposure,county,7,male,0-17,944.1859165675477,763.5121947441862,1151.0098053667627
person_years_exposure,county,7,male,18-44,929.8203378350223,753.7511309254688,1125.0906601158492
person_years_exposure,county,7,male,45-64,853.2969816312534,690.4297641807603,1036.7677879128505
person_years_exposure,county,7,male,65-74,274.0722950923449,219.01957841432457,337.47292938044296
person_years_exposure,county,7,male,75-84,159.0001599739882,118.314386122543,205.33057520631294
person_years_exposure,county,7,male,85+,22.889059438261135,13.155389035889154,33.274369412198425
person_years_exposure,county,7,male,18-64,1783.1173194662756,1446.2128416576727,2156.812755682674
person_years_exposure,county,7,male,65+,455.9615145045942,358.30129889109236,571.3406657750099
mortality_rate,county,7,male,0-17,0.0014971354623555984,0.0,0.004486305457197849
mortality_rate,county,7,male,18-44,0.0011507634594175341,0.0,0.0034920341781812343
mortality_rate,county,7,male,45-64,0.006038160055541543,0.001028665967149054,0.013734036811955567
mortality_rate,county,7,male,65-74,0.021387286242365508,0.0037769299573780775,0.05236751150817377
mortality_rate,county,7,male,75-84,0.05499493223593927,0.013093742775453093,0.13445081674893575
mortality_rate,county,7,male,85+,0.1156523752882022,0.0,0.3393996917961409
qualifying_event_rate,county,7,male,0-17,0.019500512612955063,0.010604409373509933,0.029702172045648127
qualifying_event_rate,county,7,male,18-44,0.027618734128228715,0.01652887481454735,0.04075830216832147
qualifying_event_rate,county,7,male,45-64,0.0473280402410151,0.03027368163310283,0.06767911057390387
qualifying_event_rate,county,7,male,65-74,0.07840602363915528,0.04758767895118017,0.11358717782177863
qualifying_event_rate,county,7,male,75-84,0.06949916523104704,0.03519513313698734,0.10806850364270476
qualifying_event_rate,county,7,male,85+,0.07037951690120081,0.0,0.15803369181437976
person_years_exposure,county,7,female,0-17,950.3213149666527,766.2382474486849,1159.2618291175932
person_years_exposure,county,7,female,18-44,981.814154018783,796.2954843837656,1185.9967103234906
person_years_exposure,county,7,female,45-64,846.983312411712,684.2562390449472,1027.9851105033915
person_years_exposure,county,7,female,65-74,263.7465354693201,210.93792441614332,325.78178651470824
person_years_exposure,county,7,female,75-84,136.45889528630016,101.42776023234823,174.67563361689702
person_years_exposure,county,7,female,85+,24.374918101822825,13.395820816521857,35.989806447431924
person_years_exposure,county,7,female,18-64,1828.797466430495,1482.3016186553516,2209.9843454431434
person_years_exposure,county,7,female,65+,424.5803488574431,334.08344887456786,530.7141970856733
mortality_rate,county,7,female,0-17,0.00261681640418353,0.0,0.006785818631432046
mortality_rate,county,7,female,18-44,0.0006254598461095274,0.0,0.0023934451792902126
mortality_rate,county,7,female,45-64,0.004905968484394595,0.0,0.011647185721896417
mortality_rate,county,7,female,65-74,0.02024997666518449,0.003680710413137711,0.048014587936391226
mortality_rate,county,7,female,75-84,0.05567245862429344,0.012992086789440513,0.1357372157568541
mortality_rate,county,7,female,85+,0.12872460421571852,0.026328169167695967,0.3804890324424735
qualifying_event_rate,county,7,female,0-17,0.020612374570318216,0.01141349602868196,0.031153943627660368
qualifying_event_rate,county,7,female,18-44,0.030885762851646553,0.019148762827943342,0.04498962154378995
qualifying_event_rate,county,7,female,45-64,0.04653552073480019,0.029789989152296435,0.06610436552409317
qualifying_event_rate,county,7,female,65-74,0.07164382144198826,0.04204303532187924,0.10557855907787922
qualifying_event_rate,county,7,female,75-84,0.07673326604903152,0.04024262767446808,0.11692896072964358
qualifying_event_rate,county,7,female,85+,0.08719301376928204,0.0,0.1767111364123786
person_years_exposure,county,8,male,0-17,1054.3003824960865,869.0416424900486,1289.5516510152186
person_years_exposure,county,8,male,18-44,1132.629631182844,930.0306860109587,1379.9057220495395
person_years_exposure,county,8,male,45-64,1165.7326140658358,959.9529061360586,1420.4838790001115
person_years_exposure,county,8,male,65-74,430.4291905517725,349.57387330912024,532.7443709239733
person_years_exposure,county,8,male,75-84,186.84340399057282,140.6158277396849,239.53550662941973
person_years_exposure,county,8,male,85+,38.87149729979393,23.68531520644,55.05346453458382
person_years_exposure,county,8,male,18-64,2298.3622452486798,1888.7608357343595,2798.400809585748
person_years_exposure,county,8,male,65+,656.1440918421392,524.1093077383198,821.1572822656877
mortality_rate,county,8,male,0-17,0.0015176866885523864,0.0,0.004251000019447454
mortality_rate,county,8,male,18-44,0.0011475990488987733,0.0,0.0035993519165344974
mortality_rate,county,8,male,45-64,0.0057911878599278275,0.0009041556584033517,0.013229292062096202
mortality_rate,county,8,male,65-74,0.021159239914332998,0.004944273417818913,0.04870266056277892
mortality_rate,county,8,male,75-84,0.06006254568403968,0.01589103372739878,0.13981616448506037
mortality_rate,county,8,male,85+,0.10423813606257841,0.018443209033306224,0.28241754278339654
qualifying_event_rate,county,8,male,0-17,0.020954450480180874,0.011963882962636061,0.03157404826702446
qualifying_event_rate,county,8,male,18-44,0.02981093620681816,0.018417343018455275,0.043574500255929884
qualifying_event_rate,county,8,male,45-64,0.049809828347970306,0.033576554935362976,0.06980702808947853
qualifying_event_rate,county,8,male,65-74,0.08247095146004929,0.05456573869375935,0.11412926127107383
qualifying_event_rate,county,8,male,75-84,0.07557382370056928,0.043671801570911314,0.11341253384282468
qualifying_event_rate,county,8,male,85+,0.06979880387606563,0.014147242874382968,0.14173761440021226
person_years_exposure,county,8,female,0-17,1106.468286147488,912.6931927745632,1349.7512355138888
person_years_exposure,county,8,female,18-44,1109.889721750816,912.1266078220075,1349.7136777400538
person_years_exposure,county,8,female,45-64,1136.649697706728,933.6557073897501,1384.951922055101
person_years_exposure,county,8,female,65-74,469.31305929000763,380.6063433213484,578.2503097298918
person_years_exposure,county,8,female,75-84,157.04842417149212,119.91022355645272,200.6689702494631
person_years_exposure,county,8,female,85+,28.521697118951437,16.015572936823357,41.56313713892647
person_years_exposure,county,8,female,18-64,2246.5394194575438,1848.3732139252988,2733.218741540269
person_years_exposure,county,8,female,65+,654.8831805804513,522.7913385561018,816.4733086995698
mortality_rate,county,8,female,0-17,0.00255378633904501,0.0,0.00647448032692198
mortality_rate,county,8,female,18-44,0.000611951985354531,0.0,0.0022358381248923777
mortality_rate,county,8,female,45-64,0.004819880422308911,0.0008977477153986353,0.010936888681619503
mortality_rate,county,8,female,65-74,0.021695435038359474,0.005058041140877124,0.04881281536153303
mortality_rate,county,8,female,75-84,0.053497216153067594,0.012516195882159076,0.12939872824822876
mortality_rate,county,8,female,85+,0.12470831618073557,0.024351835158625573,0.3490431877595267
qualifying_event_rate,county,8,female,0-17,0.02194570496642619,0.012670109418551834,0.03256192231946511
qualifying_event_rate,county,8,female,18-44,0.03264983316115092,0.02053904816374134,0.04756623739315421
qualifying_event_rate,county,8,female,45-64,0.04900611589612255,0.032944937265915984,0.06858280839590314
qualifying_event_rate,county,8,female,65-74,0.07785039875239198,0.051389650849570374,0.10999070987326034
qualifying_event_rate,county,8,female,75-84,0.07997708339415732,0.04282130486994466,0.12225570253965351
qualifying_event_rate,county,8,female,85+,0.09106966501849738,0.022478572434520463,0.17955039129255548
person_years_exposure,county,9,male,0-17,2093.8540675057143,1712.3981907995162,2545.6122880162957
person_years_exposure,county,9,male,18-44,2023.707259214873,1668.7884072678398,2460.606886312171
person_years_exposure,county,9,male,45-64,2058.1690600139887,1695.9055866462895,2509.5675928427863
person_years_exposure,county,9,male,65-74,645.6114432784694,526.3101616799023,794.2943959596014
person_years_exposure,county,9,male,75-84,287.3779775640486,222.4238867845527,364.8352976349239
person_years_exposure,county,9,male,85+,67.32131241206368,41.52595636571773,93.91271329129003
person_years_exposure,county,9,male,18-64,4081.8763192288616,3363.964967805266,4968.433253119392
person_years_exposure,county,9,male,65+,1000.3107332545817,801.1316749214868,1243.8662506887736
mortality_rate,county,9,male,0-17,0.0015379366182792546,0.0,0.003913910771888182
mortality_rate,county,9,male,18-44,0.0011726235917741672,0.0,0.003161750035984871
mortality_rate,county,9,male,45-64,0.005922711424962899,0.0015230923265754967,0.012899256638509618
mortality_rate,county,9,male,65-74,0.02102688149944185,0.005631340372711206,0.04657396790642518
mortality_rate,county,9,male,75-84,0.057204978991139036,0.016811653620141972,0.13161603621323112
mortality_rate,county,9,male,85+,0.10136793916461884,0.024814464207309,0.26259708755641126
qualifying_event_rate,county,9,male,0-17,0.022631337821192584,0.014788842122750579,0.03266311140907431
qualifying_event_rate,county,9,male,18-44,0.03218651919937443,0.02199048866195427,0.04506551789212587
qualifying_event_rate,county,9,male,45-64,0.05398385988539486,0.03807791417432419,0.07295882319738269
qualifying_event_rate,county,9,male,65-74,0.08838258532828319,0.06160045118265782,0.12016385548280703
qualifying_event_rate,county,9,male,75-84,0.07866266110819868,0.05000755952696736,0.11220222237579455
qualifying_event_rate,county,9,male,85+,0.07644931341264563,0.027665414689185857,0.13330410782123667
person_years_exposure,county,9,female,0-17,1898.4823515755631,1559.0080208202598,2310.257219153571
person_years_exposure,county,9,female,18-44,2068.3357224201222,1707.9064403821212,2516.542593030333
person_years_exposure,county,9,female,45-64,2035.875895608151,1674.9266017061898,2476.758876065139
person_years_exposure,county,9,female,65-74,668.3815615142189,542.449773029501,821.9181805002122
person_years_exposure,county,9,female,75-84,269.4792781833208,207.79342052574964,341.1721865113533
person_years_exposure,county,9,female,85+,56.83988897065836,33.984007652448156,80.48903859461528
person_years_exposure,county,9,female,18-64,4104.211618028274,3382.234953572305,4993.10184632437
person_years_exposure,county,9,female,65+,994.7007286681979,793.1218351995655,1235.2819415744777
mortality_rate,county,9,female,0-17,0.0025719556971112853,0.0004486051736935774,0.0061404894254703775
mortality_rate,county,9,female,18-44,0.0006449554395546236,0.0,0.0019658383275015056
mortality_rate,county,9,female,45-64,0.004691239417197883,0.001098695025505048,0.010247177557425893
mortality_rate,county,9,female,65-74,0.02042085923245451,0.005736151457041739,0.04724020352534408
mortality_rate,county,9,female,75-84,0.05861303174054517,0.017350249401404415,0.13548230778460574
mortality_rate,county,9,female,85+,0.09868668000975608,0.021782017941969073,0.26742110007245573
qualifying_event_rate,county,9,female,0-17,0.023857718241973996,0.015457023884295935,0.03434527874212865
qualifying_event_rate,county,9,female,18-44,0.03576914194290998,0.02453201059777153,0.04960273546358864
qualifying_event_rate,county,9,female,45-64,0.05249450196306032,0.03727495374324701,0.07195841936398821
qualifying_event_rate,county,9,female,65-74,0.08158068452108837,0.05631259725502055,0.11090514368588987
qualifying_event_rate,county,9,female,75-84,0.09030614343592029,0.05643404134315593,0.1293401434153588
qualifying_event_rate,county,9,female,85+,0.08878537006318413,0.03433426487961665,0.15093236133197793
person_years_exposure,county,10,male,0-17,724.5922768484505,589.5057650767914,889.9151804914418
person_years_exposure,county,10,male,18-44,803.3580920040341,654.0355156750925,979.9007495758287
person_years_exposure,county,10,male,45-64,768.5659744392033,626.8269631374225,940.1472600453752
person_years_exposure,county,10,male,65-74,259.6660659714744,207.68254897844227,322.33822819891407
person_years_exposure,county,10,male,75-84,93.97561277637533,70.42350459492519,121.50139334395703
person_years_exposure,county,10,male,85+,17.03034640668434,9.28628464732831,24.927467777112504
person_years_exposure,county,10,male,18-64,1571.9240664432373,1281.7900139205592,1915.6411438000735
person_years_exposure,county,10,male,65+,370.672025154534,294.7116354233688,462.34822700620776
mortality_rate,county,10,male,0-17,0.001506100228526516,0.0,0.004761123629737216
mortality_rate,county,10,male,18-44,0.0010815470287773043,0.0,0.003854913069490198
mortality_rate,county,10,male,45-64,0.006142364766299337,0.0010636413014888163,0.014373266253697795
mortality_rate,county,10,male,65-74,0.020295558800658933,0.003700250353007808,0.04950667476769119
mortality_rate,county,10,male,75-84,0.055014392143706355,0.009658048513369497,0.13675704904150038
mortality_rate,county,10,male,85+,0.09033789529232411,0.0,0.311909660852969
qualifying_event_rate,county,10,male,0-17,0.014361524863694457,0.006587791550567071,0.02344716999698539
qualifying_event_rate,county,10,male,18-44,0.020706445334584045,0.011026612952755697,0.03181611896090233
qualifying_event_rate,county,10,male,45-64,0.0361261260013338,0.02208922731958487,0.052987980853710794
qualifying_event_rate,county,10,male,65-74,0.05955441791187711,0.033210744078874616,0.09047809858180175
qualifying_event_rate,county,10,male,75-84,0.05145398780379902,0.014120020318592672,0.09333402517374699
qualifying_event_rate,county,10,male,85+,0.050349050243044174,0.0,0.14941676253690347
person_years_exposure,county,10,female,0-17,767.582954299188,623.9125899315378,938.4148914975642
person_years_exposure,county,10,female,18-44,734.3005898969111,600.788516878162,894.4762444398488
person_years_exposure,county,10,female,45-64,722.2203342760116,589.7047266257651,880.3837494631662
person_years_exposure,county,10,female,65-74,226.2924303365401,181.5251256596839,281.7387459793515
person_years_exposure,county,10,female,75-84,112.89277440942242,84.76343640342661,145.09070248486378
person_years_exposure,county,10,female,85+,18.765300685131525,10.322559552390677,27.579493473139145
person_years_exposure,county,10,female,18-64,1456.5209241729226,1190.4055229855912,1772.5200756456147
person_years_exposure,county,10,female,65+,357.95050543109403,285.3976537567611,449.5963736193237
mortality_rate,county,10,female,0-17,0.0025190681204813794,0.0,0.006825495269062106
mortality_rate,county,10,female,18-44,0.0005890668326270475,0.0,0.002646718193336461
mortality_rate,county,10,female,45-64,0.0050097787209591954,0.0,0.012029422303015456
mortality_rate,county,10,female,65-74,0.021497674003042967,0.0038257665730888593,0.05343895428093563
mortality_rate,county,10,female,75-84,0.055654365259462275,0.00942049993379292,0.14028491527593356
mortality_rate,county,10,female,85+,0.09958918241410666,0.0,0.31855371570996177
qualifying_event_rate,county,10,female,0-17,0.015285139836461605,0.007249173738434298,0.024856242406472658
qualifying_event_rate,county,10,female,18-44,0.022834788780115176,0.012122513306508381,0.03526161886270318
qualifying_event_rate,county,10,female,45-64,0.03549924171072894,0.021216568363784855,0.052181506200422494
qualifying_event_rate,county,10,female,65-74,0.05572161760130273,0.028458507727248273,0.08657377233661015
qualifying_event_rate,county,10,female,75-84,0.06016964428410291,0.02563298524961434,0.10253852068325446
qualifying_event_rate,county,10,female,85+,0.06110707703167109,0.0,0.15266899819137322
person_years_exposure,county,11,male,0-17,1529.8729730354873,1261.188392217255,1862.5339352791889
person_years_exposure,county,11,male,18-44,1531.6858102856957,1266.9032448193439,1860.1978250457908
person_years_exposure,county,11,male,45-64,1563.017597519572,1295.6229609568898,1901.2981539278458
person_years_exposure,county,11,male,65-74,415.6474025928546,335.4031040897606,511.3893341282085
person_years_exposure,county,11,male,75-84,205.2001618919496,156.76032957192552,262.13163878777095
person_years_exposure,county,11,male,85+,30.275307535412008,18.107040832829156,42.30892599135495
person_years_exposure,county,11,male,18-64,3094.7034078052675,2569.12779836121,3759.5805487987723
person_years_exposure,county,11,male,65+,651.1228720202162,520.0886439074828,809.1404670651397
mortality_rate,county,11,male,0-17,0.001493371024273271,0.0,0.003935108640207669
mortality_rate,county,11,male,18-44,0.0011846118262736675,0.0,0.003262730833318274
mortality_rate,county,11,male,45-64,0.005725915719344888,0.001300142300295229,0.012580755953196186
mortality_rate,county,11,male,65-74,0.019303316363325843,0.004262325264470157,0.04517169088730523
mortality_rate,county,11,male,75-84,0.05724167041179439,0.014989868923328596,0.13200089217090882
mortality_rate,county,11,male,85+,0.090527570304437,0.0,0.26839259467007676
qualifying_event_rate,county,11,male,0-17,0.014990521536240007,0.008541168690889039,0.022642098587233685
qualifying_event_rate,county,11,male,18-44,0.021744369906678676,0.013061872928938782,0.0320579436747064
qualifying_event_rate,county,11,male,45-64,0.036634114494851676,0.024027130259388622,0.051723211986946786
qualifying_event_rate,county,11,male,65-74,0.06070828275217666,0.03770146582743845,0.08749441893945434
qualifying_event_rate,county,11,male,75-84,0.056928539179128865,0.028351125733372635,0.09042218334470953
qualifying_event_rate,county,11,male,85+,0.051854614454805575,0.0,0.12280471480460994
person_years_exposure,county,11,female,0-17,1541.7641125001128,1272.7993665928493,1877.9838659942752
person_years_exposure,county,11,female,18-44,1733.4869026871913,1439.833588081114,2102.782391297558
person_years_exposure,county,11,female,45-64,1548.8744291604532,1284.563016399489,1880.1683097024159
person_years_exposure,county,11,female,65-74,464.5381386538338,376.34944443705325,572.0393368313702
person_years_exposure,county,11,female,75-84,166.55811601360278,125.93143908037626,213.55505129227677
person_years_exposure,county,11,female,85+,34.469966604599996,20.611461831970022,49.090551886984585
person_years_exposure,county,11,female,18-64,3282.3613318476446,2724.7358596071385,3977.721803733309
person_years_exposure,county,11,female,65+,665.5662212720366,532.0187760806155,829.2865123226679
mortality_rate,county,11,female,0-17,0.0025944306055442107,0.0,0.006342659486612719
mortality_rate,county,11,female,18-44,0.0005799704008097832,0.0,0.0018547787508469357
mortality_rate,county,11,female,45-64,0.004849791957680925,0.0009268778318291425,0.010705300006419323
mortality_rate,county,11,female,65-74,0.020658000486609634,0.004689937527696765,0.046354413089091585
mortality_rate,county,11,female,75-84,0.057678881667660636,0.013110835420273102,0.13929250635494556
mortality_rate,county,11,female,85+,0.10507317036673479,0.021031177845959856,0.30444648766839444
qualifying_event_rate,county,11,female,0-17,0.015819945997087942,0.009388610387133576,0.02399279143992653
qualifying_event_rate,county,11,female,18-44,0.02380960693728266,0.01510396823349167,0.034123908485965825
qualifying_event_rate,county,11,female,45-64,0.036069224313446634,0.02404119114596705,0.051139197223531316
qualifying_event_rate,county,11,female,65-74,0.05785196280966645,0.03539199465302107,0.082950361952456
qualifying_event_rate,county,11,female,75-84,0.06339832381645674,0.03183161202899908,0.10010716791087398
qualifying_event_rate,county,11,female,85+,0.06772552154344154,0.0,0.14646890762510834
person_years_exposure,county,12,male,0-17,954.8878486143439,784.0839088833092,1115.605078299377
person_years_exposure,county,12,male,18-44,963.257303189308,799.6024976569404,1120.6948996725973
person_years_exposure,county,12,male,45-64,1190.453896042551,985.8790273411555,1388.5190403561894
person_years_exposure,county,12,male,65-74,409.349135233916,334.96174273169567,481.9840346117466
person_years_exposure,county,12,male,75-84,178.14550526250406,136.31972500326876,218.11350531428295
person_years_exposure,county,12,male,85+,37.23511733619497,21.816571080374967,50.74267308987506
person_years_exposure,county,12,male,18-64,2153.7111992318587,1785.1312441466941,2507.510543370433
person_years_exposure,county,12,male,65+,624.7297578326151,500.6246752236824,743.9418680161875
mortality_rate,county,12,male,0-17,0.0010354823686203804,0.0,0.0033086815829091567
mortality_rate,county,12,male,18-44,0.0011074304051762616,0.0,0.0034080390463540095
mortality_rate,county,12,male,45-64,0.004751749143797005,0.0008324081231586431,0.011096481703174782
mortality_rate,county,12,male,65-74,0.022380761404487547,0.004883972793970473,0.0517620647530315
mortality_rate,county,12,male,75-84,0.05235254767621866,0.011960302011065502,0.12172017468305639
mortality_rate,county,12,male,85+,0.09632760356569786,0.018096640804489837,0.2876255315072535
qualifying_event_rate,county,12,male,0-17,0.01969226041032976,0.010632375553475326,0.030118974014164416
qualifying_event_rate,county,12,male,18-44,0.03084533686966236,0.018903088693069708,0.044761731017501145
qualifying_event_rate,county,12,male,45-64,0.043453995657367926,0.028812357682150035,0.06135687850020954
qualifying_event_rate,county,12,male,65-74,0.07230033850135702,0.04627702249455409,0.10319198733275241
qualifying_event_rate,county,12,male,75-84,0.07307429580225876,0.04007710071293027,0.10986633544791703
qualifying_event_rate,county,12,male,85+,0.06942040711251793,0.0,0.14238045695731152
person_years_exposure,county,12,female,0-17,966.7817663386393,794.3654902684129,1129.647548596684
person_years_exposure,county,12,female,18-44,1062.3017638669023,880.8327800438619,1238.2436556085243
person_years_exposure,county,12,female,45-64,1095.9997217275018,908.1260766052723,1278.180770813627
person_years_exposure,county,12,female,65-74,408.500468179305,330.79094323718095,484.9430366364167
person_years_exposure,county,12,female,75-84,132.95660961884766,99.94087304402161,163.9468794509392
person_years_exposure,county,12,female,85+,21.914231177459104,12.609740346632588,30.51239184784689
person_years_exposure,county,12,female,18-64,2158.301485594404,1790.662518951041,2516.350910349625
person_years_exposure,county,12,female,65+,563.3713089756118,454.1033686192455,674.5944989856952
mortality_rate,county,12,female,0-17,0.0018030584804072667,0.0,0.00499119789162024
mortality_rate,county,12,female,18-44,0.0006989720652059997,0.0,0.0025507599871947353
mortality_rate,county,12,female,45-64,0.005190217159484211,0.0009027945997198017,0.012049739169451717
mortality_rate,county,12,female,65-74,0.022445106469619364,0.004976835752966034,0.05227428731682746
mortality_rate,county,12,female,75-84,0.058612192371521044,0.013400449506001388,0.14266447084190698
mortality_rate,county,12,female,85+,0.08375114502511444,0.0,0.29445281025171016
qualifying_event_rate,county,12,female,0-17,0.01909165587716936,0.010743900677137798,0.029104241523302512
qualifying_event_rate,county,12,female,18-44,0.030186967846011353,0.018297705441824665,0.04429775884779004
qualifying_event_rate,county,12,female,45-64,0.04866502266811924,0.03280882495789557,0.06702466674932557
qualifying_event_rate,county,12,female,65-74,0.07210757956327836,0.045836382390597064,0.10267190782568221
qualifying_event_rate,county,12,female,75-84,0.07253270793194494,0.03479769615636297,0.11468469811186045
qualifying_event_rate,county,12,female,85+,0.06950818267119142,0.0,0.16415603153652653
person_years_exposure,county,13,male,0-17,2005.3935348189568,1647.2904185956083,2446.6530796792367
person_years_exposure,county,13,male,18-44,2074.8705373085,1713.4086429001882,2524.3711896161144
person_years_exposure,county,13,male,45-64,1849.8617174268693,1522.1237502556687,2255.9243599376687
person_years_exposure,county,13,male,65-74,548.3532187643568,449.3697118104757,675.7313664464668
person_years_exposure,county,13,male,75-84,234.5737960391041,180.560579429147,299.17332798419926
person_years_exposure,county,13,male,85+,46.01071769095762,28.350759763934047,64.5783929235839
person_years_exposure,county,13,male,18-64,3924.732254735369,3229.390755958477,4780.05257180019
person_years_exposure,county,13,male,65+,828.9377324944185,666.4475066927454,1031.6275259899019
mortality_rate,county,13,male,0-17,0.0014840350121197905,0.0,0.0037676331441951006
mortality_rate,county,13,male,18-44,0.0012067771000536932,0.0,0.0031944423678555134
mortality_rate,county,13,male,45-64,0.005506112580765198,0.0012720755381218699,0.01224971099225828
mortality_rate,county,13,male,65-74,0.020261055883397935,0.005157980915078781,0.04456614982982226
mortality_rate,county,13,male,75-84,0.061249156723541184,0.018753946572036405,0.14165932409663612
mortality_rate,county,13,male,85+,0.09488433579997957,0.016955016579522728,0.2554119190733367
qualifying_event_rate,county,13,male,0-17,0.023609183086986604,0.015060299685605993,0.0337735898513278
qualifying_event_rate,county,13,male,18-44,0.0338890267600336,0.022724755959887218,0.04769363847135647
qualifying_event_rate,county,13,male,45-64,0.05503657794235901,0.038960584166593724,0.07542251302614253
qualifying_event_rate,county,13,male,65-74,0.08994051276480709,0.06191265296354477,0.12206928052768146
qualifying_event_rate,county,13,male,75-84,0.08504839319493886,0.05197312836930531,0.12311396066186449
qualifying_event_rate,county,13,male,85+,0.07415120964202987,0.01936772568053014,0.13961423477907636
person_years_exposure,county,13,female,0-17,1910.6855388782317,1572.6744606104457,2332.4527416669753
person_years_exposure,county,13,female,18-44,2057.304112755804,1696.175011568618,2503.322214403535
person_years_exposure,county,13,female,45-64,1770.8201187397185,1457.8287900616835,2157.220877709605
person_years_exposure,county,13,female,65-74,656.8998176552925,534.2344667757194,808.9068212610864
person_years_exposure,county,13,female,75-84,257.3705800895727,198.28069216766121,327.87185013548265
person_years_exposure,county,13,female,85+,60.69857472857834,35.9118481472239,85.41618493445044
person_years_exposure,county,13,female,18-64,3828.1242314955225,3154.688042461315,4660.07529789557
person_years_exposure,county,13,female,65+,974.9689724734436,781.1238602499716,1217.3454499819309
mortality_rate,county,13,female,0-17,0.002536107081150007,0.000443788309085859,0.006151461740006382
mortality_rate,county,13,female,18-44,0.0005959615844580443,0.0,0.0018610908761157153
mortality_rate,county,13,female,45-64,0.005002978510491038,0.0011650946521601414,0.011060879258772454
mortality_rate,county,13,female,65-74,0.02127803766545525,0.006136592663040231,0.046625640734927254
mortality_rate,county,13,female,75-84,0.058198730633725056,0.017577224286977448,0.1372534468642886
mortality_rate,county,13,female,85+,0.11040742581668754,0.0291997234848399,0.2853238300672407
qualifying_event_rate,county,13,female,0-17,0.024997930126059303,0.01600539756556343,0.03609964536113707
qualifying_event_rate,county,13,female,18-44,0.03678229329930479,0.02491574991418651,0.05178783272466613
qualifying_event_rate,county,13,female,45-64,0.05570997455134531,0.03866809238055142,0.07612641422918386
qualifying_event_rate,county,13,female,65-74,0.08590255562555374,0.05981083947390025,0.11826149755575142
qualifying_event_rate,county,13,female,75-84,0.0920567276749726,0.058561116216436754,0.1310050702056081
qualifying_event_rate,county,13,female,85+,0.09427628094897197,0.041145700037557645,0.15684195549285165
person_years_exposure,county,14,male,0-17,779.5203204084321,631.5118337403742,993.6171158814102
person_years_exposure,county,14,male,18-44,871.3096893272067,707.0492986689944,1117.9007211332244
person_years_exposure,county,14,male,45-64,831.1247661540303,674.8321658741534,1063.478669542475
person_years_exposure,county,14,male,65-74,328.36999658386674,261.52848097378507,420.4691576469925
person_years_exposure,county,14,male,75-84,118.83017596227806,88.4416485965232,153.51060930028342
person_years_exposure,county,14,male,85+,28.464867629128403,16.549778603136065,40.37483660565247
person_years_exposure,county,14,male,18-64,1702.434455481237,1382.034930443346,2180.7245336727347
person_years_exposure,county,14,male,65+,475.6650401752732,376.1740221980503,616.917406145308
mortality_rate,county,14,male,0-17,0.00100660361020335,0.0,0.0035860215656028584
mortality_rate,county,14,male,18-44,0.0010613960786022018,0.0,0.0034635137060663288
mortality_rate,county,14,male,45-64,0.0047622306225037605,0.0,0.01130620547950987
mortality_rate,county,14,male,65-74,0.020966798198972104,0.0034406174746515056,0.04815494226832185
mortality_rate,county,14,male,75-84,0.051241872508324765,0.008864979893813104,0.1227641570504049
mortality_rate,county,14,male,85+,0.11031498348167283,0.024281743553352372,0.3172046278112443
qualifying_event_rate,county,14,male,0-17,0.015964094343274785,0.007803302678145019,0.025691028731216196
qualifying_event_rate,county,14,male,18-44,0.024571990450108806,0.014211770592039166,0.03706437786274062
qualifying_event_rate,county,14,male,45-64,0.03476944349436678,0.0213155501707055,0.051477809179996586
qualifying_event_rate,county,14,male,65-74,0.059081292874256904,0.03401902997698774,0.08814609084112301
qualifying_event_rate,county,14,male,75-84,0.06003386755440486,0.025424129409155886,0.10234764498964169
qualifying_event_rate,county,14,male,85+,0.05990697107360206,0.0,0.13913026489129623
person_years_exposure,county,14,female,0-17,633.2887739218813,509.44432413025174,809.7533148632436
person_years_exposure,county,14,female,18-44,783.2667233937154,637.5460612663132,1003.0599617430589
person_years_exposure,county,14,female,45-64,817.9599154634292,661.3756824676531,1052.2230388658147
person_years_exposure,county,14,female,65-74,339.1042539956461,270.58244024721836,433.5013684200157
person_years_exposure,county,14,female,75-84,161.8093503790245,121.89282124711097,213.39402451764155
person_years_exposure,county,14,female,85+,31.04994200485445,17.65044273528481,44.06745965546649
person_years_exposure,county,14,female,18-64,1601.2266388571447,1300.7199887432641,2053.093550540751
person_years_exposure,county,14,female,65+,531.963546379525,418.5665472011774,690.7700719547493
mortality_rate,county,14,female,0-17,0.0017949412147131739,0.0,0.005645983169686527
mortality_rate,county,14,female,18-44,0.0006559440639242768,0.0,0.0026364124371492698
mortality_rate,county,14,female,45-64,0.005506267684826872,0.0008754072188713612,0.013308015374673007
mortality_rate,county,14,female,65-74,0.023854623047301054,0.0054878763810444235,0.05676615840561139
mortality_rate,county,14,female,75-84,0.05627666631736787,0.012683698510426918,0.135421604734628
mortality_rate,county,14,female,85+,0.09400546984127568,0.0,0.2894078100309718
qualifying_event_rate,county,14,female,0-17,0.015434155013766649,0.006785855424412985,0.02557746247161891
qualifying_event_rate,county,14,female,18-44,0.024120687290617334,0.013848907203431871,0.037330001647012404
qualifying_event_rate,county,14,female,45-64,0.04023462014510247,0.024989764162612546,0.058115775689058534
qualifying_event_rate,county,14,female,65-74,0.05995350630488367,0.03541382847490707,0.08934838393323234
qualifying_event_rate,county,14,female,75-84,0.05918273740495297,0.02832887108877622,0.09534933757839129
qualifying_event_rate,county,14,female,85+,0.061302744340033515,0.0,0.13730707396611389
person_years_exposure,county,15,male,0-17,2894.8927410445854,2394.287277309575,3425.850352860309
person_years_exposure,county,15,male,18-44,3163.779842462493,2619.075541444153,3721.343031326476
person_years_exposure,county,15,male,45-64,2897.2998123074412,2398.5007604329962,3430.550614161655
person_years_exposure,county,15,male,65-74,1032.4182551310316,836.811267124826,1236.2006286849362
person_years_exposure,county,15,male,75-84,477.1291789341339,370.055430178925,587.1634642835244
person_years_exposure,county,15,male,85+,98.67778656780905,64.55915133711407,131.79637727355285
person_years_exposure,county,15,male,18-64,6061.079654769934,5018.8385163690555,7137.054574687205
person_years_exposure,county,15,male,65+,1608.2252206329747,1292.268305040208,1937.5704986946346
mortality_rate,county,15,male,0-17,0.001063295007914282,0.0,0.002720943646962726
mortality_rate,county,15,male,18-44,0.0010173748365166653,0.0,0.002464286233475144
mortality_rate,county,15,male,45-64,0.004948033834504239,0.0013469434102710745,0.01078604472937915
mortality_rate,county,15,male,65-74,0.020901511044824794,0.006611296354282931,0.044672149231838654
mortality_rate,county,15,male,75-84,0.05243122269825425,0.016829578532075732,0.11836377715690764
mortality_rate,county,15,male,85+,0.10062527699450687,0.029428581181354455,0.2532226678899207
qualifying_event_rate,county,15,male,0-17,0.02110785646818163,0.013913840092571657,0.030405079185433507
qualifying_event_rate,county,15,male,18-44,0.032326474199229585,0.022157878526515535,0.04522166521656975
qualifying_event_rate,county,15,male,45-64,0.04635444830545163,0.03286666519251142,0.06368950984565361
qualifying_event_rate,county,15,male,65-74,0.07525139891960714,0.05281392758375275,0.1025386099367409
qualifying_event_rate,county,15,male,75-84,0.07840566602663802,0.05273494645242321,0.10877379017182831
qualifying_event_rate,county,15,male,85+,0.07736127802478746,0.03555548852938142,0.12486814621641854
person_years_exposure,county,15,female,0-17,2900.407532686402,2401.252989367257,3436.8164049210263
person_years_exposure,county,15,female,18-44,3195.341040221989,2649.5328042935444,3756.6348095864328
person_years_exposure,county,15,female,45-64,2916.1633203501074,2414.3442021581436,3447.3283569087557
person_years_exposure,county,15,female,65-74,1081.0690512904207,877.1251652114744,1295.6058319487083
person_years_exposure,county,15,female,75-84,449.7918813577131,345.6964752236921,551.5536786042056
person_years_exposure,county,15,female,85+,73.21710589285627,43.881309672820876,98.23821892636823
person_years_exposure,county,15,female,18-64,6111.504360572097,5064.524413847717,7195.094106816399
person_years_exposure,county,15,female,65+,1604.07803854099,1281.5784027216196,1932.5454731954262
mortality_rate,county,15,female,0-17,0.0018525144533821428,0.00033686810353297477,0.004146275962369017
mortality_rate,county,15,female,18-44,0.000715610967645301,0.0,0.0018620527120750965
mortality_rate,county,15,female,45-64,0.00506504821229515,0.0014145486274938592,0.010696566521659819
mortality_rate,county,15,female,65-74,0.022127980605351337,0.0068809487334490094,0.047282341458534
mortality_rate,county,15,female,75-84,0.05708386706479299,0.018064559491444695,0.13105589558101866
mortality_rate,county,15,female,85+,0.10205915531622936,0.023066630281247315,0.262832008953374
qualifying_event_rate,county,15,female,0-17,0.02039062187460001,0.01322911761607606,0.029165836828951942
qualifying_event_rate,county,15,female,18-44,0.0320767306086612,0.02176732761777475,0.04439607624102295
qualifying_event_rate,county,15,female,45-64,0.05158680442388223,0.03681495242723923,0.07064850017209867
qualifying_event_rate,county,15,female,65-74,0.07588649591000945,0.0533459726503887,0.10304990251414851
qualifying_event_rate,county,15,female,75-84,0.07639545007752196,0.050501108944060506,0.1078377067381779
qualifying_event_rate,county,15,female,85+,0.07786192939533201,0.028683277339944985,0.1331559195563591
person_years_exposure,county,16,male,0-17,1735.0643770200436,1421.2149669765154,2144.725962689556
person_years_exposure,county,16,male,18-44,1791.0204627859414,1470.014292033379,2196.277944395999
person_years_exposure,county,16,male,45-64,1925.1963406833916,1581.3827264877589,2391.3886422724263
person_years_exposure,county,16,male,65-74,649.6741380204219,520.8603624646449,809.7319225163826
person_years_exposure,county,16,male,75-84,252.18295607151623,191.85877958711552,317.9733887244703
person_years_exposure,county,16,male,85+,44.354860102076096,27.70782750015992,60.27169611853289
person_years_exposure,county,16,male,18-64,3716.216803469333,3051.719423907092,4584.812262870421
person_years_exposure,county,16,male,65+,946.2119541940142,748.8781212779642,1173.2504891148299
mortality_rate,county,16,male,0-17,0.0010215534137956222,0.0,0.002798530691979761
mortality_rate,county,16,male,18-44,0.00104688921146296,0.0,0.0029272263842990334
mortality_rate,county,16,male,45-64,0.004717710780618852,0.0010444314552865797,0.010394158128563353
mortality_rate,county,16,male,65-74,0.02114792171713032,0.005422483238290587,0.047918712060428886
mortality_rate,county,16,male,75-84,0.049391076778849775,0.012686519208036824,0.11411981621729891
mortality_rate,county,16,male,85+,0.1074079814493997,0.01856854207698932,0.2878962723446999
qualifying_event_rate,county,16,male,0-17,0.011990729436640184,0.006691581506495793,0.018449625962545506
qualifying_event_rate,county,16,male,18-44,0.018636409925322877,0.011374688406245361,0.02720922115011265
qualifying_event_rate,county,16,male,45-64,0.026674430311233045,0.0172713988514227,0.03840567939295805
qualifying_event_rate,county,16,male,65-74,0.04539309929453123,0.02846843040525695,0.06602745939992025
qualifying_event_rate,county,16,male,75-84,0.04625238725159661,0.0229533925125694,0.0735353488485997
qualifying_event_rate,county,16,male,85+,0.046499193412730025,0.0,0.1036094348232469
person_years_exposure,county,16,female,0-17,1775.585479974904,1454.5491332020554,2219.3891982086175
person_years_exposure,county,16,female,18-44,1698.3109550782974,1393.192923036414,2084.39638932838
person_years_exposure,county,16,female,45-64,1917.024726117502,1573.0750637680537,2367.7466931636286
person_years_exposure,county,16,female,65-74,649.769748377404,519.920002903199,811.2342085423637
person_years_exposure,county,16,female,75-84,268.3374159246737,202.50571401697354,335.8769452142591
person_years_exposure,county,16,female,85+,45.692569820036,27.782731543666113,62.875724649331495
person_years_exposure,county,16,female,18-64,3615.335681195799,2968.1579438926283,4438.570818745134
person_years_exposure,county,16,female,65+,963.7997341221137,759.1570018952948,1195.4375826692833
mortality_rate,county,16,female,0-17,0.0018446820285139378,0.0,0.004695244104189947
mortality_rate,county,16,female,18-44,0.0006931864216207245,0.0,0.002129193927467563
mortality_rate,county,16,female,45-64,0.004937257000940666,0.0011403571412883233,0.010688235455757795
mortality_rate,county,16,female,65-74,0.023048278649703293,0.006084580952732483,0.051507474956086305
mortality_rate,county,16,female,75-84,0.054170810253891914,0.015507584358683555,0.12238094144571812
mortality_rate,county,16,female,85+,0.09768666161635685,0.017349616317936627,0.2639134387537632
qualifying_event_rate,county,16,female,0-17,0.011462163331915541,0.006384984758989255,0.017511594372303374
qualifying_event_rate,county,16,female,18-44,0.018342845505176526,0.010839841395296302,0.027117523342489184
qualifying_event_rate,county,16,female,45-64,0.029772546098996776,0.01954366241749306,0.04220919692550041
qualifying_event_rate,county,16,female,65-74,0.046447566393171595,0.02907198807463433,0.06777233581802625
qualifying_event_rate,county,16,female,75-84,0.045359924139611284,0.023960830406099465,0.07220431424356213
qualifying_event_rate,county,16,female,85+,0.04796304258135027,0.0,0.10304516851571656
person_years_exposure,state,0,male,0-17,7218.006798404982,5669.4407928871815,9650.914033341704
person_years_exposure,state,0,male,18-44,7711.721022147204,6052.470405708889,10306.224746144444
person_years_exposure,state,0,male,45-64,6814.592605048669,5352.238771016974,9030.067287434498
person_years_exposure,state,0,male,65-74,2123.9037036622667,1668.220783356094,2827.664086818436
person_years_exposure,state,0,male,75-84,1037.5691130432488,789.135419498251,1385.645895492782
person_years_exposure,state,0,male,85+,241.90906595708682,153.13632281481839,341.33354938100894
person_years_exposure,state,0,male,18-64,14526.313627195872,11406.675757632294,19336.292033578942
person_years_exposure,state,0,male,65+,3403.3818826626025,2652.0672800150674,4517.665806112893
mortality_rate,state,0,male,0-17,0.0007774068772337507,0.00013854731973518864,0.001756098098405504
mortality_rate,state,0,male,18-44,0.0008752276825582971,0.0001451298394904017,0.002035159362038868
mortality_rate,state,0,male,45-64,0.004402174154222349,0.0013577724599813643,0.009080201175281934
mortality_rate,state,0,male,65-74,0.020768297171472962,0.006589817352482474,0.04297936557740712
mortality_rate,state,0,male,75-84,0.05397152486832541,0.0185693451958041,0.11782481752638627
mortality_rate,state,0,male,85+,0.1150827436086147,0.03737270919156071,0.2682981991301476
qualifying_event_rate,state,0,male,0-17,0.01572090966131746,0.010413494602043345,0.02201469326066759
qualifying_event_rate,state,0,male,18-44,0.01780543493218432,0.012176534775974222,0.025019814965452355
qualifying_event_rate,state,0,male,45-64,0.03345832921011008,0.023719552070322367,0.04613037924675451
qualifying_event_rate,state,0,male,65-74,0.057044824882990994,0.039396479458094866,0.07794777768928185
qualifying_event_rate,state,0,male,75-84,0.05188362743544196,0.03436412742093184,0.0723273774673534
qualifying_event_rate,state,0,male,85+,0.055729190861510784,0.028957916318430265,0.08999755285749492
person_years_exposure,state,0,female,0-17,7384.887127633963,5800.521072615915,9867.146248406938
person_years_exposure,state,0,female,18-44,7792.286098312877,6120.0842915964195,10426.466543997962
person_years_exposure,state,0,female,45-64,6822.880876721947,5361.2027820240655,9061.463575056103
person_years_exposure,state,0,female,65-74,2070.8635826884224,1626.807105179443,2751.1696592128023
person_years_exposure,state,0,female,75-84,1033.7560945838018,781.9626960881378,1383.3890166843596
person_years_exposure,state,0,female,85+,165.80057037322788,103.55549313584184,240.5404558484348
person_years_exposure,state,0,female,18-64,14615.166975034823,11490.357468408367,19515.210204148207
person_years_exposure,state,0,female,65+,3270.420247645452,2548.045365178829,4349.807229082167
mortality_rate,state,0,female,0-17,0.0006063772223401214,0.0,0.001427120290096168
mortality_rate,state,0,female,18-44,0.0006535033611448816,0.0001233824760160203,0.0015179723335028727
mortality_rate,state,0,female,45-64,0.004344226032125979,0.0013417382593669148,0.00897646778265111
mortality_rate,state,0,female,65-74,0.021314373638725136,0.007007605303745359,0.04503673880627282
mortality_rate,state,0,female,75-84,0.05737670761427899,0.020602229308115103,0.12447503907370239
mortality_rate,state,0,female,85+,0.1126325651594072,0.036058337953980286,0.27670159893611357
qualifying_event_rate,state,0,female,0-17,0.01482143030110442,0.010081621744460097,0.02107507827293663
qualifying_event_rate,state,0,female,18-44,0.018993205127991113,0.012889531442035694,0.02632452659174415
qualifying_event_rate,state,0,female,45-64,0.03177304357545866,0.021968832404318454,0.04340351616442944
qualifying_event_rate,state,0,female,65-74,0.05021564286660985,0.03455133619919828,0.06981150738929864
qualifying_event_rate,state,0,female,75-84,0.05825993312968742,0.03895414110009413,0.08211476008635851
qualifying_event_rate,state,0,female,85+,0.06654949509088535,0.033896917721333346,0.10716284706923228
person_years_exposure,state,1,male,0-17,13566.404569498509,11185.763701918053,16532.667469038017
person_years_exposure,state,1,male,18-44,13786.4916210646,11345.465966729118,16773.38596779144
person_years_exposure,state,1,male,45-64,12769.77744610854,10514.668734470857,15558.72576180085
person_years_exposure,state,1,male,65-74,4062.125077521028,3311.780738392372,5005.718702992924
person_years_exposure,state,1,male,75-84,1814.5943185951278,1415.873275090382,2296.079750270848
person_years_exposure,state,1,male,85+,348.8254896245499,232.85000645950075,472.4455802688302
person_years_exposure,state,1,male,18-64,26556.26906717314,21871.619022066963,32322.93334971573
person_years_exposure,state,1,male,65+,6225.5448857407055,4995.650249754182,7731.38810975272
mortality_rate,state,1,male,0-17,0.0015226751094349537,0.00046500477506259086,0.0032012669137825955
mortality_rate,state,1,male,18-44,0.0011590975347664995,0.00029771531100067247,0.0024998500624151977
mortality_rate,state,1,male,45-64,0.005741906125824165,0.0020439506407188327,0.011879806216707815
mortality_rate,state,1,male,65-74,0.020638640896171498,0.007410429946035787,0.043513969393295444
mortality_rate,state,1,male,75-84,0.05707211364153394,0.02110024620692109,0.12359228788843497
mortality_rate,state,1,male,85+,0.10348802155251523,0.03900104037976284,0.23896270603782024
qualifying_event_rate,state,1,male,0-17,0.01778808167364867,0.012541866889039051,0.02474582961953567
qualifying_event_rate,state,1,male,18-44,0.02548105845465839,0.01842665996409685,0.03491104191710763
qualifying_event_rate,state,1,male,45-64,0.04303811864813199,0.03147647258226504,0.05810180064685074
qualifying_event_rate,state,1,male,65-74,0.07151341396187347,0.05307186689373232,0.0952112283406583
qualifying_event_rate,state,1,male,75-84,0.06499288635654266,0.04729482226638312,0.08782950959935586
qualifying_event_rate,state,1,male,85+,0.06338495998310564,0.03899993324891019,0.0933371634888466
person_years_exposure,state,1,female,0-17,13031.352813678051,10751.114348795074,15875.262359912478
person_years_exposure,state,1,female,18-44,13719.457732303177,11304.828635272623,16671.367372037676
person_years_exposure,state,1,female,45-64,12891.15009910679,10615.069983391568,15699.71463187282
person_years_exposure,state,1,female,65-74,4223.062212457113,3436.3622093626427,5198.321362333263
person_years_exposure,state,1,female,75-84,1710.4530103553313,1335.8868208182198,2162.8032400829493
person_years_exposure,state,1,female,85+,353.25559469443,229.7011984462671,483.71011229514886
person_years_exposure,state,1,female,18-64,26610.607831409965,21927.16220974011,32361.665759812855
person_years_exposure,state,1,female,65+,6286.770817506875,5038.558026433668,7806.638192564842
mortality_rate,state,1,female,0-17,0.002563528934995599,0.0008531839507143683,0.0052575071718578646
mortality_rate,state,1,female,18-44,0.0006137038716583458,0.00014626177577661028,0.001396210742446655
mortality_rate,state,1,female,45-64,0.004800637779540553,0.0016915735789638164,0.009826075552028041
mortality_rate,state,1,female,65-74,0.020787344312652486,0.0072814664697900214,0.04419544432811225
mortality_rate,state,1,female,75-84,0.05763025050656951,0.020469212080317097,0.12593488470997913
mortality_rate,state,1,female,85+,0.10955345017038777,0.04158851508339067,0.253420875117499
qualifying_event_rate,state,1,female,0-17,0.01879580460540961,0.013260244505677646,0.02599601511338458
qualifying_event_rate,state,1,female,18-44,0.028099858959807565,0.02014041505706459,0.03860107915056414
qualifying_event_rate,state,1,female,45-64,0.0422132226892615,0.030919832503119127,0.057776289350964224
qualifying_event_rate,state,1,female,65-74,0.06750361065375692,0.050224646460425654,0.09049044591572178
qualifying_event_rate,state,1,female,75-84,0.07307701624393362,0.05301653646673415,0.0991896985278749
qualifying_event_rate,state,1,female,85+,0.07736903789206603,0.05039188504312931,0.11130668140737968
person_years_exposure,state,2,male,0-17,7447.347540524663,5959.467493935662,9028.416131643871
person_years_exposure,state,2,male,18-44,6885.510088225107,5528.830349607515,8420.837330201346
person_years_exposure,state,2,male,45-64,6624.591403827409,5320.492890209893,8109.620329625892
person_years_exposure,state,2,male,65-74,1993.3503059470938,1586.9542648620477,2451.118317899438
person_years_exposure,state,2,male,75-84,947.1663313499141,717.3602580039292,1200.7010399278795
person_years_exposure,state,2,male,85+,223.1379462879001,140.39989502099297,306.4796341777635
person_years_exposure,state,2,male,18-64,13510.101492052516,10849.420524155443,16563.333928994824
person_years_exposure,state,2,male,65+,3163.654583584908,2472.772858575779,3951.8778075375485
mortality_rate,state,2,male,0-17,0.001070601914018947,0.000232342117304475,0.002445482003412024
mortality_rate,state,2,male,18-44,0.0008565031293157543,0.00014595530233109524,0.001963037293024683
mortality_rate,state,2,male,45-64,0.0042598440933573406,0.0013979557251322524,0.009210109466185716
mortality_rate,state,2,male,65-74,0.020500534187007372,0.0069572244286355825,0.043745937875002555
mortality_rate,state,2,male,75-84,0.053360752150906944,0.01862602240622466,0.11906298047832785
mortality_rate,state,2,male,85+,0.11274270060836324,0.03982802942822499,0.2733788270380668
qualifying_event_rate,state,2,male,0-17,0.024135913380992392,0.01662642298164748,0.03339160184553867
qualifying_event_rate,state,2,male,18-44,0.03119003161595962,0.021847142849836958,0.04241842079190418
qualifying_event_rate,state,2,male,45-64,0.050625690140675667,0.0365990399629697,0.06788499342666988
qualifying_event_rate,state,2,male,65-74,0.08207194894101674,0.0594162285365159,0.10851943250853273
qualifying_event_rate,state,2,male,75-84,0.09220774553369397,0.06571047829707355,0.12416856889586864
qualifying_event_rate,state,2,male,85+,0.08524368586080368,0.0526425120181484,0.12491838452032973
person_years_exposure,state,2,female,0-17,7074.324988275667,5662.901345217778,8593.918666016072
person_years_exposure,state,2,female,18-44,7126.222454544017,5720.185573667622,8675.508510718362
person_years_exposure,state,2,female,45-64,6833.567693911894,5486.612897911668,8339.192080434172
person_years_exposure,state,2,female,65-74,2201.2478211052003,1753.6598523102116,2696.4643858850172
person_years_exposure,state,2,female,75-84,948.6079107324356,713.8679332987981,1201.9945607262698
person_years_exposure,state,2,female,85+,199.6499130878566,124.48434539890198,275.3431591873337
person_years_exposure,state,2,female,18-64,13959.790148455912,11218.914603160001,17071.546505137398
person_years_exposure,state,2,female,65+,3349.5056449254926,2618.0634317539043,4164.997539706623
mortality_rate,state,2,female,0-17,0.0018493648276242,0.00048221013453097247,0.004048078160588745
mortality_rate,state,2,female,18-44,0.000577751750841666,0.0,0.0013883148601888068
mortality_rate,state,2,female,45-64,0.004633391966608977,0.001468219166245344,0.009667669381755497
mortality_rate,state,2,female,65-74,0.01867992337380484,0.0062573959572713046,0.03990426469064252
mortality_rate,state,2,female,75-84,0.0548313441396347,0.019507892643486728,0.12298769497390986
mortality_rate,state,2,female,85+,0.11853908817317643,0.03893817549141667,0.28450777506534664
qualifying_event_rate,state,2,female,0-17,0.02217208558024305,0.015144178401601309,0.030872741523986388
qualifying_event_rate,state,2,female,18-44,0.034956379089023194,0.02457916641874834,0.047699308013061235
qualifying_event_rate,state,2,female,45-64,0.05472532870559307,0.039572785846116246,0.07334271786348341
qualifying_event_rate,state,2,female,65-74,0.08090293179908115,0.05915055173988583,0.10805383502780166
qualifying_event_rate,state,2,female,75-84,0.08478524892833643,0.059315683234551074,0.11529906249588877
qualifying_event_rate,state,2,female,85+,0.09322381863959762,0.05740637547486228,0.1399093711212682
person_years_exposure,state,3,male,0-17,11667.013840200538,9643.954061368995,13566.943692673836
person_years_exposure,state,3,male,18-44,12301.178511733697,10159.16454812037,14314.261619925896
person_years_exposure,state,3,male,45-64,12482.901394241677,10287.731512694254,14539.886303616466
person_years_exposure,state,3,male,65-74,4116.780865098969,3342.9296884243167,4862.9839872655775
person_years_exposure,state,3,male,75-84,1844.8648120265261,1424.397549765476,2248.8901685857077
person_years_exposure,state,3,male,85+,364.3796411506033,245.92606012161713,475.5564362086126
person_years_exposure,state,3,male,18-64,24784.079905975374,20481.08652186518,28842.816641932444
person_years_exposure,state,3,male,65+,6326.025318276099,5070.806511342306,7568.663569058168
mortality_rate,state,3,male,0-17,0.0010434399317375586,0.00026298223562027853,0.00227020271977964
mortality_rate,state,3,male,18-44,0.0010539527555564969,0.0002553626194550671,0.0022369057027092024
mortality_rate,state,3,male,45-64,0.004832414357644619,0.0016840889184861717,0.009775473836970245
mortality_rate,state,3,male,65-74,0.020938047157244562,0.007552754841730635,0.04410594045684507
mortality_rate,state,3,male,75-84,0.052730925961667986,0.018779226784815695,0.11334312098729604
mortality_rate,state,3,male,85+,0.10524740422327565,0.03799905893664776,0.2450983643538558
qualifying_event_rate,state,3,male,0-17,0.018310661788340094,0.012770976913713797,0.0257148034423181
qualifying_event_rate,state,3,male,18-44,0.028316794035512644,0.02027669689898297,0.03907341053203248
qualifying_event_rate,state,3,male,45-64,0.04013202485546143,0.02880836073953391,0.05522308102317564
qualifying_event_rate,state,3,male,65-74,0.06609389120307395,0.04768554033857593,0.08889772212567659
qualifying_event_rate,state,3,male,75-84,0.06942155657838954,0.05000364524845481,0.0947299373913291
qualifying_event_rate,state,3,male,85+,0.06833068218918406,0.042538066964915175,0.09979975670961444
person_years_exposure,state,3,female,0-17,11476.780427502319,9484.488253223111,13316.355618470217
person_years_exposure,state,3,female,18-44,12114.121759791324,10010.521808377838,14063.557266422009
person_years_exposure,state,3,female,45-64,12196.180005248161,10071.13367220049,14181.434648693103
person_years_exposure,state,3,female,65-74,4064.370480754004,3289.0728986147637,4821.722495062478
person_years_exposure,state,3,female,75-84,1867.871927242593,1445.254601018222,2269.8663224996044
person_years_exposure,state,3,female,85+,361.99300945337416,235.88582161981753,478.504961783204
person_years_exposure,state,3,female,18-64,24310.301765039483,20097.67403982177,28246.967548654266
person_years_exposure,state,3,female,65+,6294.235417449971,5028.965937397275,7532.252752006078
mortality_rate,state,3,female,0-17,0.0018388733606941226,0.0005668911836469579,0.0038892660678912973
mortality_rate,state,3,female,18-44,0.0006970055009806732,0.00014899312032969625,0.0015501019099798301
mortality_rate,state,3,female,45-64,0.005050769800850984,0.0017435497016499496,0.010310034431111791
mortality_rate,state,3,female,65-74,0.022584355344973533,0.00795424945173496,0.04740296665064359
mortality_rate,state,3,female,75-84,0.05688883152955111,0.020770465797905487,0.1254506281799593
mortality_rate,state,3,female,85+,0.10396748402790511,0.03739113636068162,0.24187863048378577
qualifying_event_rate,state,3,female,0-17,0.017679338701572362,0.012360007517935775,0.024457915984092544
qualifying_event_rate,state,3,female,18-44,0.028121681657213293,0.01997921424264846,0.038630750511186765
qualifying_event_rate,state,3,female,45-64,0.044752774362702044,0.03270410019426119,0.060822901567199994
qualifying_event_rate,state,3,female,65-74,0.06711501907939696,0.048781559892654855,0.08979885648131351
qualifying_event_rate,state,3,female,75-84,0.06718916180370213,0.048567102677689725,0.09064237077652511
qualifying_event_rate,state,3,female,85+,0.0712019393370587,0.04449891181662915,0.10249829263007629
person_years_exposure,state,4,male,0-17,4338.791295018666,3004.8922298393964,5657.750058067881
person_years_exposure,state,4,male,18-44,4360.717947201584,3022.860435328561,5669.8252094183545
person_years_exposure,state,4,male,45-64,4222.303767111271,2921.4012195390633,5518.43162309759
person_years_exposure,state,4,male,65-74,1331.7556992172367,921.8138486015166,1761.6584349065092
person_years_exposure,state,4,male,75-84,680.8760034500389,457.8972211385853,922.8422254814469
person_years_exposure,state,4,male,85+,157.51024555808988,87.8090757534615,231.28512714551883
person_years_exposure,state,4,male,18-64,8583.021714312854,5946.346702328752,11186.048312140098
person_years_exposure,state,4,male,65+,2170.1419482253655,1479.5659110763788,2915.012467701602
mortality_rate,state,4,male,0-17,0.0026877580184920674,0.0006486853993531879,0.005783176829377062
mortality_rate,state,4,male,18-44,0.0009719228120956193,0.0,0.002317007180637047
mortality_rate,state,4,male,45-64,0.004804055038744315,0.0013732852216136622,0.01026115888414461
mortality_rate,state,4,male,65-74,0.019014197303517166,0.005731141477879144,0.04233745217248571
mortality_rate,state,4,male,75-84,0.05838922294232865,0.01967024202564589,0.1313545401067614
mortality_rate,state,4,male,85+,0.10620151129617085,0.03663338245983287,0.25849027103705485
qualifying_event_rate,state,4,male,0-17,0.027178733325543075,0.01837906063180488,0.03797722517370226
qualifying_event_rate,state,4,male,18-44,0.03810519681320691,0.027074941415456293,0.05237030377395157
qualifying_event_rate,state,4,male,45-64,0.05577558551758832,0.040089311788843875,0.0764003114416702
qualifying_event_rate,state,4,male,65-74,0.08897331749801787,0.06392652326569886,0.1175528847818446
qualifying_event_rate,state,4,male,75-84,0.09430031407684582,0.06731171700373068,0.12860478772330997
qualifying_event_rate,state,4,male,85+,0.08902803846372279,0.05093498057131409,0.13686408360024532
person_years_exposure,state,4,female,0-17,4445.981444188992,3076.7161433810747,5836.573975808077
person_years_exposure,state,4,female,18-44,4498.045764207063,3124.181862028736,5931.228336993866
person_years_exposure,state,4,female,45-64,4356.949996824676,3027.4597742819537,5676.626557098711
person_years_exposure,state,4,female,65-74,1412.7174760925195,978.7215917016939,1864.2322578133594
person_years_exposure,state,4,female,75-84,574.8776769953407,384.814052881347,775.964313113487
person_years_exposure,state,4,female,85+,186.94274342195718,104.17574373022808,278.4628061813416
person_years_exposure,state,4,female,18-64,8854.99576103174,6137.756975076498,11622.143368529
person_years_exposure,state,4,female,65+,2174.537896509817,1489.980716314337,2887.9132454312426
mortality_rate,state,4,female,0-17,0.0033509895817205055,0.0009131091556049371,0.007432461206330321
mortality_rate,state,4,female,18-44,0.0007612898102324343,0.0,0.0018428140004636089
mortality_rate,state,4,female,45-64,0.00426099482890096,0.0012614028908044606,0.009248761598976462
mortality_rate,state,4,female,65-74,0.02002457177654914,0.006308990469681391,0.04343246342046199
mortality_rate,state,4,female,75-84,0.05814705024545338,0.019100071718090268,0.13146394527687738
mortality_rate,state,4,female,85+,0.11829015336700253,0.039349516363827934,0.29208958595713386
qualifying_event_rate,state,4,female,0-17,0.026094711149579036,0.018096133195060808,0.03684225086400455
qualifying_event_rate,state,4,female,18-44,0.041049293680329973,0.02916640807649107,0.056568783867321615
qualifying_event_rate,state,4,female,45-64,0.06053221635225545,0.043925436905459504,0.08151135015505356
qualifying_event_rate,state,4,female,65-74,0.0910562238571582,0.06640690586679264,0.11974218369714151
qualifying_event_rate,state,4,female,75-84,0.09190294583681237,0.06334046838938338,0.12591367452528665
qualifying_event_rate,state,4,female,85+,0.09720110716951005,0.059301739281082025,0.14332627511158502
person_years_exposure,state,5,male,0-17,2494.4021429307472,1788.4170458958508,3342.04821286952
person_years_exposure,state,5,male,18-44,2922.180271014568,2117.0341018088175,3935.435802799956
person_years_exposure,state,5,male,45-64,2399.8719055165607,1742.6455191932228,3250.698955454936
person_years_exposure,state,5,male,65-74,808.6343890111347,579.4177756569266,1100.111147734052
person_years_exposure,state,5,male,75-84,310.89028298536516,208.22003828331955,432.2727451593615
person_years_exposure,state,5,male,85+,52.03595390248578,28.909108479969223,79.89381226656533
person_years_exposure,state,5,male,18-64,5322.052176531129,3860.528154934102,7190.02247524942
person_years_exposure,state,5,male,65+,1171.5606258989856,823.5421065518283,1596.587264163984
mortality_rate,state,5,male,0-17,0.0010053761808645244,0.0,0.0026295011644971488
mortality_rate,state,5,male,18-44,0.0010034045248111876,0.0,0.0025441953527587085
mortality_rate,state,5,male,45-64,0.004777883589283459,0.0010882041449066598,0.010703634622334571
mortality_rate,state,5,male,65-74,0.021206663645569827,0.006060639315798171,0.046898384473112446
mortality_rate,state,5,male,75-84,0.05466058888012013,0.015549166703253825,0.12826822394490778
mortality_rate,state,5,male,85+,0.11054139346809169,0.023184203857676486,0.2974401506834862
qualifying_event_rate,state,5,male,0-17,0.020681465004030126,0.013420242237666701,0.029638938179340515
qualifying_event_rate,state,5,male,18-44,0.027939761397028123,0.01897753597442691,0.03991423532906935
qualifying_event_rate,state,5,male,45-64,0.04546181769606416,0.03197236287675769,0.06305692715440146
qualifying_event_rate,state,5,male,65-74,0.07505296632005562,0.05154810822995644,0.10322632253175072
qualifying_event_rate,state,5,male,75-84,0.08188660660375859,0.05101108188377563,0.1183859717921029
qualifying_event_rate,state,5,male,85+,0.05848128423305976,0.010506816604910839,0.12063728679663904
person_years_exposure,state,5,female,0-17,2472.549333144938,1784.8350884133454,3338.201469986335
person_years_exposure,state,5,female,18-44,2680.0619562783318,1940.1796869106684,3601.5798766759576
person_years_exposure,state,5,female,45-64,2464.753723344706,1791.6533610429685,3334.0851053159317
person_years_exposure,state,5,female,65-74,730.7103457875663,518.8640521736373,988.9584177772952
person_years_exposure,state,5,female,75-84,330.4487573232936,223.89496199134646,456.9323225964821
person_years_exposure,state,5,female,85+,61.468998189703676,34.42016071530158,92.00193700192943
person_years_exposure,state,5,female,18-64,5144.815679623038,3731.632965138785,6938.419815137078
person_years_exposure,state,5,female,65+,1122.6281013005635,786.238666284033,1532.530741689186
mortality_rate,state,5,female,0-17,0.007909899683426683,0.002357017151090927,0.016657201125161437
mortality_rate,state,5,female,18-44,0.0010455900421202722,0.0,0.0026086126972700717
mortality_rate,state,5,female,45-64,0.004475599284228055,0.0011062859912737647,0.009925105754818229
mortality_rate,state,5,female,65-74,0.023066568806526952,0.006590010445119931,0.051807078623839216
mortality_rate,state,5,female,75-84,0.058791151697082794,0.01753065876537126,0.13452729913115766
mortality_rate,state,5,female,85+,0.11192894334628717,0.026854150570264575,0.29077119044545957
qualifying_event_rate,state,5,female,0-17,0.01962051663122721,0.012564642695468708,0.028230436635114313
qualifying_event_rate,state,5,female,18-44,0.025929139084250742,0.017187685386655986,0.03714861691640204
qualifying_event_rate,state,5,female,45-64,0.04483781041064042,0.030991543752365937,0.06141894022952643
qualifying_event_rate,state,5,female,65-74,0.07037658818353722,0.0477512571733847,0.09766719125728326
qualifying_event_rate,state,5,female,75-84,0.07738102233010469,0.048435604397072445,0.11270505982802079
qualifying_event_rate,state,5,female,85+,0.0744418006047966,0.02355711800431231,0.1336708724941175
