estimand,level,unit,sex,age_band,estimate,lower,upper
children_under_16,county,0,,,1435.3592644210428,1054.258746379097,1816.4597824629886
children_under_16,county,1,,,1395.8269261879911,1030.491886121756,1761.1619662542264
children_under_16,county,2,,,505.06669462597813,374.1133135597407,636.0200756922156
children_under_16,county,3,,,354.7663783876169,264.33700290326584,445.19575387196795
children_under_16,county,4,,,566.0459168354231,413.3463736479838,718.7454600228624
children_under_16,county,5,,,287.6141600614362,214.3000109591841,360.92830916368837
children_under_16,county,6,,,705.7112841889793,515.3348721121305,896.0876962658282
children_under_16,county,7,,,375.8502635076887,278.40003900334546,473.3004880120319
children_under_16,county,8,,,410.9168167909843,303.36601023346304,518.4676233485055
children_under_16,county,9,,,575.0318350610187,425.9379355360703,724.125734585967
children_under_16,county,10,,,405.62568342685796,297.9284943559072,513.3228724978087
children_under_16,county,11,,,1112.0270709108931,820.9720361613674,1403.0821056604188
children_under_16,county,12,,,661.1317521825863,485.5954530161257,836.6680513490469
children_under_16,county,13,,,425.12034618540025,314.8954050333133,535.3452873374872
children_under_16,county,14,,,359.49192080593133,266.2830773077574,452.70076430410523
children_under_16,county,15,,,1043.1438085951645,766.1799461657706,1320.1076710245584
children_under_16,county,16,,,1115.6102152049082,831.2429775217568,1399.9774528880596
children_under_16,nation,0,,,11734.340337379901,11021.291068266255,12447.389606493547
children_under_16,state,0,,,3545.2605086256513,3168.3836949289685,3922.137322322334
children_under_16,state,1,,,2918.7708138898684,2637.139403997937,3200.4022237818
children_under_16,state,2,,,2240.561060186017,2039.7650119957846,2441.35710837625
children_under_16,state,3,,,1470.3765935925248,1358.6000411212237,1582.153146063826
children_under_16,state,4,,,1271.7572010244023,1123.5605562433175,1419.9538458054872
children_under_16,state,5,,,287.6141600614362,265.74410171822086,309.4842184046516
elders_65_plus,county,0,,,581.7542351286138,427.293365382504,736.2151048747236
elders_65_plus,county,1,,,564.5386030200799,416.77978759406193,712.2974184460979
elders_65_plus,county,2,,,325.3797550240868,241.01549283003675,409.7440172181369
elders_65_plus,county,3,,,200.39226771799466,149.3126031116948,251.4719323242945
elders_65_plus,county,4,,,405.17198975120664,295.8706488047909,514.4733306976224
elders_65_plus,county,5,,,200.47425247063623,149.37245959070552,251.57604535056694
elders_65_plus,county,6,,,373.48882679194037,272.7345036169112,474.24314996696955
elders_65_plus,county,7,,,172.27541541600775,127.60795196343653,216.94287886857896
elders_65_plus,county,8,,,228.7544199843841,168.88166382645636,288.62717614231184
elders_65_plus,county,9,,,233.58030515851885,173.01774770530315,294.1428626117346
elders_65_plus,county,10,,,239.1676431968836,175.6665288901682,302.668757503599
elders_65_plus,county,11,,,627.028871523252,462.9142426944186,791.1435003520853
elders_65_plus,county,12,,,342.5333784534654,251.5877516609096,433.4790052460212
elders_65_plus,county,13,,,219.79428112369288,162.80615547924612,276.78240676813965
elders_65_plus,county,14,,,226.10760142822926,167.48256198916886,284.73264086728966
elders_65_plus,county,15,,,474.5843723176545,348.5780444051635,600.5907002301456
elders_65_plus,county,16,,,575.22226085958,428.5990378511284,721.8454838680317
elders_65_plus,nation,0,,,5990.248479366227,5627.445728427805,6353.051230304649
elders_65_plus,state,0,,,1638.0396290966175,1463.9087987610646,1812.1704594321704
elders_65_plus,state,1,,,1420.321894527716,1283.2754173762175,1557.3683716792145
elders_65_plus,state,2,,,1177.1373581505356,1071.6439021167623,1282.630814184309
elders_65_plus,state,3,,,775.6145285775749,716.6530907875226,834.5759663676272
elders_65_plus,state,4,,,778.660816543147,687.9242196980548,869.3974133882392
elders_65_plus,state,5,,,200.47425247063623,185.23027562016142,215.71822932111104
households,county,0,,,3024.950721646075,2232.196903195661,3817.7045400964894
households,county,1,,,3070.7703915146267,2242.7285917022573,3898.812191326996
households,county,2,,,1511.5199841291658,1108.8725703073596,1914.167397950972
households,county,3,,,949.0251772315054,701.8617899947014,1196.1885644683093
households,county,4,,,1838.4437456125759,1350.940758332505,2325.9467328926467
households,county,5,,,1030.2496438856142,761.9795322824275,1298.519755488801
households,county,6,,,1853.4900871865034,1361.9972381103175,2344.9829362626892
households,county,7,,,1005.3434892071618,737.5342903992002,1273.1526880151234
households,county,8,,,1151.077270880987,840.6860746726389,1461.4684670893353
households,county,9,,,1455.613132051688,1067.858508031059,1843.3677560723168
households,county,10,,,1222.4205489087499,902.0587820326524,1542.7823157848475
households,county,11,,,2839.3550298278046,2073.715027663638,3604.9950319919712
households,county,12,,,1765.2434902967398,1302.6232210098506,2227.863759583629
households,county,13,,,1175.4879567590162,862.3546930659236,1488.621220452109
households,county,14,,,1119.4304095149303,821.2300786709056,1417.6307403589549
households,county,15,,,2325.308238169777,1715.910877845116,2934.7055984944377
households,county,16,,,2444.2276371041357,1807.6548712194453,3080.800402988826
households,nation,0,,,29781.956953927052,27862.393119426026,31701.52078842808
households,state,0,,,8337.92299902134,7525.788265468011,9150.05773257467
households,state,1,,,7061.202692223418,6240.20829353025,7882.197090916587
households,state,2,,,6267.394971661964,5587.531918247534,6947.258025076393
households,state,3,,,3393.2528143356412,3077.948664245434,3708.5569644258485
households,state,4,,,3691.9338327990795,3302.5851996534625,4081.2824659446965
households,state,5,,,1030.2496438856142,934.6505963089002,1125.8486914623281
low_income_household_share,county,0,,,0.3725730413256305,0.17990692074181486,0.5652391619094461
low_income_household_share,county,1,,,0.34280601188049936,0.15986048351996748,0.5257515402410312
low_income_household_share,county,2,,,0.3512523412607802,0.2022123387355349,0.5002923437860255
low_income_household_share,county,3,,,0.4353780057827947,0.21976431602400018,0.6509916955415892
low_income_household_share,county,4,,,0.35809658811146017,0.19256260013918905,0.5236305760837313
low_income_household_share,county,5,,,0.4547752751406082,0.20080390263777337,0.7087466476434431
low_income_household_share,county,6,,,0.34608742418815247,0.1820965733859537,0.5100782749903512
low_income_household_share,county,7,,,0.34530215316010465,0.19683793517087764,0.49376637114933164
low_income_household_share,county,8,,,0.3569584461333769,0.17284680234647565,0.5410700899202782
low_income_household_share,county,9,,,0.3309755907135425,0.1838672315862674,0.4780839498408176
low_income_household_share,county,10,,,0.4487612739721147,0.25106855172489767,0.6464539962193316
low_income_household_share,county,11,,,0.31749521459165797,0.13654151260970426,0.4984489165736117
low_income_household_share,county,12,,,0.42607194928580905,0.2299525337941481,0.62219136477747
low_income_household_share,county,13,,,0.33697359721234166,0.18930289050021937,0.48464430392446395
low_income_household_share,county,14,,,0.3348080290563754,0.18734124462348467,0.48227481348926615
low_income_household_share,county,15,,,0.3852545559068366,0.19180356736019297,0.5787055444534802
low_income_household_share,county,16,,,0.3796386061111584,0.17321560827887,0.5860616039434468
low_income_household_share,nation,0,,,0.36666822790543757,0.2844572454272701,0.44887921038360507
low_income_household_share,state,0,,,0.39609833388930776,0.23505385527426215,0.5571428125043534
low_income_household_share,state,1,,,0.3351068723678626,0.1856215540476578,0.48459219068806736
low_income_household_share,state,2,,,0.3399146092255443,0.22366811842199485,0.4561611000290937
low_income_household_share,state,3,,,0.3941184000132472,0.2117379368741048,0.5764988631523896
low_income_household_share,state,4,,,0.3518056164574604,0.2164100562860426,0.4872011766288782
low_income_household_share,state,5,,,0.4547752751406082,0.21923758739685553,0.690312962884361
mean_income_adults,county,0,,,37001.18392298756,20950.773994405812,53051.59385156931
mean_income_adults,county,1,,,35068.39812298417,24575.224399467,45561.571846501334
mean_income_adults,county,2,,,29517.036274091446,19897.908231999667,39136.164316183225
mean_income_adults,county,3,,,27640.867894321058,10216.954096561767,45064.781692080345
mean_income_adults,county,4,,,32396.853856896512,20970.023659886534,43823.68405390649
mean_income_adults,county,5,,,32614.273463792986,12144.335296848833,53084.21163073714
mean_income_adults,county,6,,,34155.16286362467,22168.984913540095,46141.34081370924
mean_income_adults,county,7,,,30075.10395164611,20300.800508517852,39849.40739477437
mean_income_adults,county,8,,,34931.2485436566,24476.558377243906,45385.93871006929
mean_income_adults,county,9,,,36412.58166708923,24875.414987836426,47949.748346342036
mean_income_adults,county,10,,,33436.77782134514,18394.058928415736,48479.496714274545
mean_income_adults,county,11,,,35948.29476406891,25208.225987725185,46688.36354041263
mean_income_adults,county,12,,,36108.96664691262,20324.838415256898,51893.094878568336
mean_income_adults,county,13,,,31408.280874165855,21263.27639973783,41553.28534859388
mean_income_adults,county,14,,,32203.716697990203,21837.534617466845,42569.89877851356
mean_income_adults,county,15,,,36016.95243219526,20232.167804736637,51801.73705965389
mean_income_adults,county,16,,,35401.23900515944,15614.001185440851,55188.47682487803
mean_income_adults,nation,0,,,34360.04425845306,26207.00959994553,42513.07891696059
mean_income_adults,state,0,,,36092.51238650201,22244.56032250289,49940.464450501124
mean_income_adults,state,1,,,35388.84723015461,26691.177413017336,44086.51704729189
mean_income_adults,state,2,,,32082.94435946513,23478.21693054648,40687.671788383785
mean_income_adults,state,3,,,33385.2758812178,15764.034645875377,51006.51711656022
mean_income_adults,state,4,,,33317.939803506924,23125.18304162712,43510.69656538673
mean_income_adults,state,5,,,32614.273463792986,13218.350707625435,52010.19621996053
median_household_income,county,0,,,35063.53763439495,11782.978258218864,58344.09701057103
median_household_income,county,1,,,34071.26764749373,15782.496974224938,52360.03832076253
median_household_income,county,2,,,26877.37479658466,15228.011405038844,38526.738188130475
median_household_income,county,3,,,26074.455610888825,8381.318022559932,43767.59319921772
median_household_income,county,4,,,36169.5682700032,24309.72008063965,48029.416459366745
median_household_income,county,5,,,20695.340035371755,8516.407026270595,32874.27304447292
median_household_income,county,6,,,39664.32665377097,26673.826263771683,52654.82704377026
median_household_income,county,7,,,25659.547227117037,14475.297219799286,36843.79723443479
median_household_income,county,8,,,32714.290384598142,14887.642319924293,50540.93844927199
median_household_income,county,9,,,33135.95865039032,19517.469737133186,46754.44756364745
median_household_income,county,10,,,25567.657425771602,5771.972529848379,45363.34232169483
median_household_income,county,11,,,38875.183076197514,18950.424836972783,58799.94131542224
median_household_income,county,12,,,30111.657242809993,8659.79571103225,51563.518774587734
median_household_income,county,13,,,28244.380525578323,16135.91860232442,40352.84244883223
median_household_income,county,14,,,29153.191931505688,16740.319727844377,41566.064135167
median_household_income,county,15,,,34814.5368986945,11648.59092129107,57980.482876097936
median_household_income,county,16,,,36319.22844589119,14355.651297058692,58282.805594723686
median_household_income,nation,0,,,33031.345669138595,23598.381277145985,42464.310061131204
median_household_income,state,0,,,33728.504124136576,12281.689059421515,55175.31918885164
median_household_income,state,1,,,35491.53423936093,18222.685953312,52760.38252540986
median_household_income,state,2,,,28574.932933808046,17721.19541140892,39428.67045620717
median_household_income,state,3,,,33131.76741761865,13617.75671796002,52645.77811727728
median_household_income,state,4,,,37468.44963706227,26872.286864376216,48064.612409748326
median_household_income,state,5,,,20695.340035371755,9108.158419577216,32282.521651166295
persons,county,0,,,6067.752171019934,4456.710564193672,7678.7937778461965
persons,county,1,,,6186.734726425759,4567.457338411313,7806.012114440205
persons,county,2,,,2666.515065926023,1975.1426842930146,3357.8874475590314
persons,county,3,,,1814.8895157629436,1352.2771165005115,2277.5019150253756
persons,county,4,,,3076.613120278997,2246.649677282061,3906.576563275933
persons,county,5,,,1686.176075058866,1256.362173847918,2115.989976269814
persons,county,6,,,3384.791035076843,2471.6918862820844,4297.890183871601
persons,county,7,,,1750.6127707522278,1296.714971299215,2204.5105702052406
persons,county,8,,,1984.7145662041412,1465.2477455257044,2504.181386882578
persons,county,9,,,2660.847353703413,1970.9444929997362,3350.7502144070895
persons,county,10,,,1965.7604466981556,1443.8337464269123,2487.687146969399
persons,county,11,,,5167.126893430807,3814.715304843481,6519.538482018133
persons,county,12,,,2943.623504555758,2162.065555745544,3725.1814533659717
persons,county,13,,,2068.0046552183944,1531.813683722809,2604.19562671398
persons,county,14,,,1918.377052541487,1420.9814335802573,2415.7726715027165
persons,county,15,,,4519.468996078732,3319.5101994391725,5719.427792718291
persons,county,16,,,5171.456613402616,3853.2606952328833,6489.652531572349
persons,nation,0,,,55033.4645621351,51693.494320452795,58373.43480381741
persons,state,0,,,15496.60511835258,13849.247710931913,17143.962525773244
persons,state,1,,,13338.576186060707,12051.540561559304,14625.61181056211
persons,state,2,,,11064.356898141543,10072.78421557037,12055.929580712716
persons,state,3,,,6986.346129165559,6455.251110316426,7517.441148014693
persons,state,4,,,6461.404155355839,5708.46293699515,7214.345373716528
persons,state,5,,,1686.176075058866,1557.9599638263937,1814.3921862913382
tertiary_share_25_plus,county,0,,,0.545358890371591,0.5206098798883911,0.5701079008547909
tertiary_share_25_plus,county,1,,,0.49102501723397085,0.46631224761694295,0.5157377868509988
tertiary_share_25_plus,county,2,,,0.42834140274307914,0.3993450155711265,0.45733778991503177
tertiary_share_25_plus,county,3,,,0.43601347457662737,0.4032455945357599,0.4687813546174948
tertiary_share_25_plus,county,4,,,0.42869809373185574,0.4011777445442678,0.4562184429194437
tertiary_share_25_plus,county,5,,,0.40321957405983044,0.37123911551089694,0.43520003260876394
tertiary_share_25_plus,county,6,,,0.4435334892396534,0.4162054669166398,0.47086151156266703
tertiary_share_25_plus,county,7,,,0.45019201753204474,0.4171438962014892,0.4832401388626003
tertiary_share_25_plus,county,8,,,0.4411682239276566,0.4089796871926731,0.4733567606626401
tertiary_share_25_plus,county,9,,,0.47688046519429705,0.4472663363241935,0.5064945940644007
tertiary_share_25_plus,county,10,,,0.42308638930207015,0.39106088326949606,0.45511189533464425
tertiary_share_25_plus,county,11,,,0.44565996879411685,0.4206410981421384,0.4706788394460953
tertiary_share_25_plus,county,12,,,0.4489646899899126,0.420132996917438,0.47779638306238725
tertiary_share_25_plus,county,13,,,0.43649438234272686,0.4051674650339031,0.4678212996515506
tertiary_share_25_plus,county,14,,,0.4187428071306014,0.38712031508907185,0.450365299172131
tertiary_share_25_plus,county,15,,,0.47402890791841107,0.4479244895476284,0.5001333262891937
tertiary_share_25_plus,county,16,,,0.4677897938948203,0.4424311306990885,0.49314845709055205
tertiary_share_25_plus,nation,0,,,0.4624762854298548,0.4419070708403313,0.4830455000193783
tertiary_share_25_plus,state,0,,,0.4907352926228692,0.46876139903934977,0.5127091862063886
tertiary_share_25_plus,state,1,,,0.46603295953121515,0.44382247282618636,0.48824344623624394
tertiary_share_25_plus,state,2,,,0.44333130924249314,0.4207710657359813,0.465891552749005
tertiary_share_25_plus,state,3,,,0.45953504846510707,0.43547735667742615,0.483592740252788
tertiary_share_25_plus,state,4,,,0.43646958000779007,0.4124681302054826,0.4604710298100975
tertiary_share_25_plus,state,5,,,0.40321957405983044,0.37123911551089694,0.43520003260876394
person_years_exposure,county,0,male,0-17,3830.9955002333286,3433.4084067137483,4196.171306898439
person_years_exposure,county,0,male,18-44,5427.33757184142,4857.550452794687,5933.24845183163
person_years_exposure,county,0,male,45-64,4391.593113257569,3941.569209426673,4812.047726398379
person_years_exposure,county,0,male,65-74,1169.4221697761654,1014.7898613457762,1301.8311799045641
person_years_exposure,county,0,male,75-84,410.482387068003,301.69927111292867,493.5781185290784
person_years_exposure,county,0,male,85+,54.09215495581158,28.00189519290954,76.73179842613193
person_years_exposure,county,0,male,18-64,9818.930685098989,8794.865066417286,10734.179520048057
person_years_exposure,county,0,male,65+,1633.99671179998,1369.260432676612,1858.2681880307314
mortality_rate,county,0,male,0-17,0.0012986435656076832,0.00023840294570620519,0.0031913944542142727
mortality_rate,county,0,male,18-44,0.001609779434317685,0.00035931418670807886,0.003652356775250796
mortality_rate,county,0,male,45-64,0.00935236400197468,0.0030103363844035474,0.019580881992867408
mortality_rate,county,0,male,65-74,0.03808262671920629,0.012624533715907353,0.08496233955431713
mortality_rate,county,0,male,75-84,0.09852203976988064,0.03351637464906723,0.23841190305678175
mortality_rate,county,0,male,85+,0.1541202590590245,0.04313537882011108,0.44145618882546356
qualifying_event_rate,county,0,male,0-17,0.011500687491949954,0.006250860520277992,0.018390274785147438
qualifying_event_rate,county,0,male,18-44,0.014629532991359682,0.008398883215583663,0.022652862350004157
qualifying_event_rate,county,0,male,45-64,0.021181717426002406,0.012001298453839463,0.032779534098062175
qualifying_event_rate,county,0,male,65-74,0.031079635552579525,0.016591555040390404,0.049193573937931424
qualifying_event_rate,county,0,male,75-84,0.03536480662735133,0.016174914037502323,0.059671946251387276
qualifying_event_rate,county,0,male,85+,0.01794069466915896,0.0,0.053578595137599855
person_years_exposure,county,0,female,0-17,3692.0612919395758,3306.999409896353,4049.685075009729
person_years_exposure,county,0,female,18-44,5494.016841511206,4922.241156461978,6005.673304378232
person_years_exposure,county,0,female,45-64,4463.747551979337,4009.450992854717,4885.185353395391
person_years_exposure,county,0,female,65-74,1051.4951350640947,901.6390303958113,1181.5351285268523
person_years_exposure,county,0,female,75-84,291.914775425351,205.17438565207897,357.5681937039378
person_years_exposure,county,0,female,85+,52.56454813728284,26.854996423345742,75.35467609918688
person_years_exposure,county,0,female,18-64,9957.764393490543,8930.134256067582,10883.3969754739
person_years_exposure,county,0,female,65+,1395.9744586267286,1154.6879981859872,1599.9585940877218
mortality_rate,county,0,female,0-17,0.0024965146641451937,0.0005328053794566075,0.00557877740777079
mortality_rate,county,0,female,18-44,0.001977737413207716,0.0005020222747990257,0.004385598162105875
mortality_rate,county,0,female,45-64,0.009505724024409707,0.003119684780820358,0.01982988055712048
mortality_rate,county,0,female,65-74,0.042081973805505726,0.013443032162340782,0.09330243049058319
mortality_rate,county,0,female,75-84,0.10897513248607166,0.034440345059954365,0.267388029959974
mortality_rate,county,0,female,85+,0.14984827055382208,0.043631652225606526,0.41187434332376477
qualifying_event_rate,county,0,female,0-17,0.010287592450841041,0.005524587484463363,0.01651256964900694
qualifying_event_rate,county,0,female,18-44,0.014655858103968241,0.00807501824616297,0.022888475815430985
qualifying_event_rate,county,0,female,45-64,0.020183323691502313,0.01175089494572083,0.03136269002396976
qualifying_event_rate,county,0,female,65-74,0.03311133365146548,0.018188120675687938,0.051988068703538996
qualifying_event_rate,county,0,female,75-84,0.03805170544637602,0.0165654998886753,0.06748050564702841
qualifying_event_rate,county,0,female,85+,0.01619189286699502,0.0,0.05265970648326358
person_years_exposure,county,1,male,0-17,3845.7208125641137,3546.0429852711854,4237.543947222258
person_years_exposure,county,1,male,18-44,6040.244698336851,5582.602922445857,6639.786480792256
person_years_exposure,county,1,male,45-64,4599.028342271837,4242.11362677638,5061.385924552123
person_years_exposure,county,1,male,65-74,1023.0821874672099,878.1991596590668,1157.785123377695
person_years_exposure,county,1,male,75-84,314.17037511417846,227.24385100851381,383.6586032986528
person_years_exposure,county,1,male,85+,63.60161609645316,33.34955611910741,90.17996783971886
person_years_exposure,county,1,male,18-64,10639.273040608688,9823.72932772459,11696.808397472843
person_years_exposure,county,1,male,65+,1400.8541786778414,1142.2907725557102,1615.7734002278028
mortality_rate,county,1,male,0-17,0.0007752630671367268,0.0,0.0020223696405084054
mortality_rate,county,1,male,18-44,0.0017871663176116563,0.00045637054558849766,0.0039058083714361785
mortality_rate,county,1,male,45-64,0.009403098648036966,0.0031027512467707383,0.02027462649628715
mortality_rate,county,1,male,65-74,0.04815606235094998,0.01645714608267909,0.10987654884994687
mortality_rate,county,1,male,75-84,0.10379437694734639,0.03407401809826598,0.25600665754723934
mortality_rate,county,1,male,85+,0.15093789818994588,0.04551270006102179,0.4231060140734043
qualifying_event_rate,county,1,male,0-17,0.01920293351833606,0.010894577905627107,0.03007616848955051
qualifying_event_rate,county,1,male,18-44,0.02382740220497665,0.013912627525139214,0.03646282358731572
qualifying_event_rate,county,1,male,45-64,0.034918742222171284,0.02110760012280582,0.052556424587983847
qualifying_event_rate,county,1,male,65-74,0.054102012560392335,0.03179781060635778,0.08243373017308404
qualifying_event_rate,county,1,male,75-84,0.05370200515319182,0.02717075227691731,0.08963622132519015
qualifying_event_rate,county,1,male,85+,0.02413832087993798,0.0,0.06442105488923537
person_years_exposure,county,1,female,0-17,4012.322106815373,3701.2201844178553,4414.217913157982
person_years_exposure,county,1,female,18-44,5913.116392375702,5468.586504513061,6495.640467831227
person_years_exposure,county,1,female,45-64,4054.4299354549607,3745.3900698358075,4464.102552742787
person_years_exposure,county,1,female,65-74,1020.82303834039,885.448096118836,1149.8231377549394
person_years_exposure,county,1,female,75-84,320.280397426048,226.116185992412,393.22592274561924
person_years_exposure,county,1,female,85+,26.66403879393307,11.45043865207978,40.48608426532757
person_years_exposure,county,1,female,18-64,9967.546327830663,9215.66157374745,10949.346853679363
person_years_exposure,county,1,female,65+,1367.767474560371,1133.0384999450357,1572.3277869704493
mortality_rate,county,1,female,0-17,0.0010834543820312566,0.0,0.0026053226402979923
mortality_rate,county,1,female,18-44,0.0018695196858045573,0.0004777672463569809,0.00420479759077872
mortality_rate,county,1,female,45-64,0.009441110321765782,0.003022193617069782,0.019730262985169285
mortality_rate,county,1,female,65-74,0.04237542735156789,0.014429233507581147,0.09401026545411653
mortality_rate,county,1,female,75-84,0.11438576885416371,0.03895563783505697,0.28188128484825725
mortality_rate,county,1,female,85+,0.13123848138965993,0.023940394091867767,0.44490632936319363
qualifying_event_rate,county,1,female,0-17,0.019741918866745884,0.011344740850733686,0.030650637490681528
qualifying_event_rate,county,1,female,18-44,0.024695083379727256,0.014925971103258715,0.037569858613040255
qualifying_event_rate,county,1,female,45-64,0.034277707276351044,0.020387132272602453,0.05197708404097412
qualifying_event_rate,county,1,female,65-74,0.05172804080430862,0.029849051049533688,0.07917546554951092
qualifying_event_rate,county,1,female,75-84,0.056488073076718166,0.02927400440962382,0.09230322519626083
qualifying_event_rate,county,1,female,85+,0.027915051650412245,0.0,0.0919736303296592
person_years_exposure,county,2,male,0-17,1411.8856587704279,1286.3501235331914,1535.705578122252
person_years_exposure,county,2,male,18-44,2265.536259748807,2065.62228048479,2468.4003188758056
person_years_exposure,county,2,male,45-64,2035.132572253436,1852.6431721870777,2207.140242785202
person_years_exposure,county,2,male,65-74,627.0121301122693,534.1241353114184,707.087313945627
person_years_exposure,county,2,male,75-84,221.74789942014294,155.02176654578466,272.1842020325249
person_years_exposure,county,2,male,85+,39.514924297037396,22.286341787796392,55.946750068113374
person_years_exposure,county,2,male,18-64,4300.668832002243,3918.7192078207436,4668.862648180225
person_years_exposure,county,2,male,65+,888.2749538294497,721.6288857186539,1026.4596852549355
mortality_rate,county,2,male,0-17,0.0014130869416419261,0.0,0.003859564776997866
mortality_rate,county,2,male,18-44,0.0019888710037682606,0.00040205785851366054,0.004688747602721944
mortality_rate,county,2,male,45-64,0.010209811682927783,0.0030072110143230624,0.022259988190042962
mortality_rate,county,2,male,65-74,0.04729921287941345,0.015573521123356903,0.10742648552647174
mortality_rate,county,2,male,75-84,0.09260830245628274,0.03023272342278684,0.23419519767519809
mortality_rate,county,2,male,85+,0.15478763519093472,0.038190088349582284,0.4356968132385632
qualifying_event_rate,county,2,male,0-17,0.025388877055007027,0.013899064550504554,0.04021110301312485
qualifying_event_rate,county,2,male,18-44,0.0361044313837507,0.021118313552587722,0.05501078464146999
qualifying_event_rate,county,2,male,45-64,0.05012030480687905,0.030235845075659424,0.07444963122592835
qualifying_event_rate,county,2,male,65-74,0.06957830512859259,0.04128318453298482,0.10412578727429836
qualifying_event_rate,county,2,male,75-84,0.06352517208073805,0.030241365763432042,0.10341546731865874
qualifying_event_rate,county,2,male,85+,0.037688037801537934,0.0,0.09746525691182666
person_years_exposure,county,2,female,0-17,1412.130010974553,1285.9797185391992,1540.9314956967055
person_years_exposure,county,2,female,18-44,2082.3279929239357,1897.7763207286905,2264.1579201960335
person_years_exposure,county,2,female,45-64,1913.9727952967473,1740.6274772480313,2081.0217470485586
person_years_exposure,county,2,female,65-74,744.7727329692837,642.0835564369502,834.1244178384585
person_years_exposure,county,2,female,75-84,236.41156662890864,161.17974854098722,294.0026250774318
person_years_exposure,county,2,female,85+,12.159815815871124,5.105447455578875,18.968746266098123
person_years_exposure,county,2,female,18-64,3996.300788220683,3637.874863095638,4348.620492340733
person_years_exposure,county,2,female,65+,993.3441154140634,820.6736504701786,1137.4930315892843
mortality_rate,county,2,female,0-17,0.003233009462315202,0.0006176749707247123,0.007984977838557259
mortality_rate,county,2,female,18-44,0.0023153109768449124,0.00044010391204065726,0.0057391199106376556
mortality_rate,county,2,female,45-64,0.010109912587994705,0.0031138492464690823,0.022207705186362486
mortality_rate,county,2,female,65-74,0.04233587268543929,0.01322657189515902,0.09640182874713098
mortality_rate,county,2,female,75-84,0.10393865193816665,0.034333623976392225,0.2562565790590565
mortality_rate,county,2,female,85+,0.11419909080937192,0.0,0.4316867724527297
qualifying_event_rate,county,2,female,0-17,0.02870670359046742,0.015885815972510178,0.04437363161313525
qualifying_event_rate,county,2,female,18-44,0.03781497629585939,0.022435407494726726,0.057164917953771974
qualifying_event_rate,county,2,female,45-64,0.05184809318481678,0.03187530735739161,0.07674522605811136
qualifying_event_rate,county,2,female,65-74,0.07628858938740676,0.045597147698475005,0.1125152268882575
qualifying_event_rate,county,2,female,75-84,0.06774624968707654,0.0344909948868501,0.10708676036042832
qualifying_event_rate,county,2,female,85+,0.030400016821079935,0.0,0.12337117473349751
person_years_exposure,county,3,male,0-17,1054.6799107406443,986.8782110628235,1131.8247658555
person_years_exposure,county,3,male,18-44,1380.9206314557273,1293.174465456761,1481.2863555007016
person_years_exposure,county,3,male,45-64,1392.6058131227064,1301.2935843620874,1495.9661554406102
person_years_exposure,county,3,male,65-74,349.11527810962883,300.4697358467589,388.9446514757641
person_years_exposure,county,3,male,75-84,115.29841773751589,82.43031320997376,139.77783424957423
person_years_exposure,county,3,male,85+,21.737087315301004,9.912045520466172,33.790627611370596
person_years_exposure,county,3,male,18-64,2773.5264445784337,2599.903022383836,2973.1644700675556
person_years_exposure,county,3,male,65+,486.1507831624457,400.08425889616854,555.4530524395433
mortality_rate,county,3,male,0-17,0.0010365815330475592,0.0,0.0030083348726091673
mortality_rate,county,3,male,18-44,0.0019093919592036554,0.0,0.005069288774157078
mortality_rate,county,3,male,45-64,0.01126520378804974,0.0028918284701131653,0.025492137401903182
mortality_rate,county,3,male,65-74,0.04440116169824489,0.013292403562158786,0.10252407764691429
mortality_rate,county,3,male,75-84,0.09339210718715708,0.023633392310471662,0.24033691196544568
mortality_rate,county,3,male,85+,0.15205527545718037,0.028220749759404896,0.49674769627873566
qualifying_event_rate,county,3,male,0-17,0.025102495445900718,0.012569668582289174,0.040351976377572873
qualifying_event_rate,county,3,male,18-44,0.039853152250406414,0.022852932191465235,0.06208490325141017
qualifying_event_rate,county,3,male,45-64,0.05172154530155718,0.029602539764289604,0.07825335438685334
qualifying_event_rate,county,3,male,65-74,0.07148423600289051,0.03901222820084779,0.10893439580658833
qualifying_event_rate,county,3,male,75-84,0.056246531435242164,0.019259247878801213,0.1012593571523534
qualifying_event_rate,county,3,male,85+,0.028194813420160766,0.0,0.09753307126723698
person_years_exposure,county,3,female,0-17,1032.8508561832796,964.8534123964663,1110.2302670014576
person_years_exposure,county,3,female,18-44,1583.2713035802178,1485.7861298170285,1696.227032702472
person_years_exposure,county,3,female,45-64,1381.7500173285991,1293.5013237937221,1484.663875885681
person_years_exposure,county,3,female,65-74,322.2821446883351,279.6680860496299,357.6628492740079
person_years_exposure,county,3,female,75-84,154.98145480350794,109.1555592538456,190.76854784164763
person_years_exposure,county,3,female,85+,27.684327898197903,13.54949237326763,41.904412129153116
person_years_exposure,county,3,female,18-64,2965.021320908817,2784.3397835705264,3181.2792894405907
person_years_exposure,county,3,female,65+,504.94792739004095,408.405839423862,582.1539342054457
mortality_rate,county,3,female,0-17,0.001224897778005522,0.0,0.0038675870468518575
mortality_rate,county,3,female,18-44,0.002137181817616376,0.0,0.005529682916749017
mortality_rate,county,3,female,45-64,0.010844137167241754,0.002841099720284693,0.023820578345377902
mortality_rate,county,3,female,65-74,0.04407218426129788,0.011810876701136053,0.1020992645209696
mortality_rate,county,3,female,75-84,0.10260361360983851,0.03025196619540013,0.2615554449646648
mortality_rate,county,3,female,85+,0.1372185885066532,0.02667287847477764,0.41706901230159577
qualifying_event_rate,county,3,female,0-17,0.027060500219678273,0.014010307342635944,0.04311211262738283
qualifying_event_rate,county,3,female,18-44,0.04024248873266018,0.02304205661899736,0.06147322104275916
qualifying_event_rate,county,3,female,45-64,0.05296169038594499,0.030712764932638772,0.07885334856184144
qualifying_event_rate,county,3,female,65-74,0.07279844009119268,0.03901071859842507,0.1133538122164834
qualifying_event_rate,county,3,female,75-84,0.059181656571823546,0.025196385174259445,0.10255481262514027
qualifying_event_rate,county,3,female,85+,0.03686400973973865,0.0,0.10854924644044894
person_years_exposure,county,4,male,0-17,1687.0578806517033,1512.3958303227043,1875.5540979417367
person_years_exposure,county,4,male,18-44,2451.730539341332,2190.1213723410965,2734.7246772830335
person_years_exposure,county,4,male,45-64,2544.5411932880465,2281.451190792552,2843.2133131368755
person_years_exposure,county,4,male,65-74,781.3133454149123,659.6762395280673,900.9917880203441
person_years_exposure,county,4,male,75-84,309.852930001891,219.17745134569262,386.47725169350485
person_years_exposure,county,4,male,85+,35.467232175904044,16.27803912487325,55.65491360986487
person_years_exposure,county,4,male,18-64,4996.271732629379,4474.898332008664,5572.642539493376
person_years_exposure,county,4,male,65+,1126.6335075927072,900.9233078934922,1327.0094197609908
mortality_rate,county,4,male,0-17,0.001700098197811708,0.0,0.004464593469120335
mortality_rate,county,4,male,18-44,0.0024263394256809935,0.00040642893852429075,0.0058461970350115735
mortality_rate,county,4,male,45-64,0.010255179452913668,0.003153805682480814,0.022044485922234597
mortality_rate,county,4,male,65-74,0.04679178863599335,0.01487802752630858,0.1100991321887052
mortality_rate,county,4,male,75-84,0.09524182078606981,0.03161047037591365,0.24386741442559165
mortality_rate,county,4,male,85+,0.12370185152165004,0.024149664819848475,0.36663406095109047
qualifying_event_rate,county,4,male,0-17,0.017945384501007716,0.009408693665999434,0.029193500211905622
qualifying_event_rate,county,4,male,18-44,0.0257620348966566,0.014891747798383146,0.040393160122150475
qualifying_event_rate,county,4,male,45-64,0.03483003736686503,0.020502094102534694,0.053446814811034575
qualifying_event_rate,county,4,male,65-74,0.0497965873865738,0.027630663339571367,0.0773300811053253
qualifying_event_rate,county,4,male,75-84,0.048872072914858324,0.022855906526859884,0.08149735460045689
qualifying_event_rate,county,4,male,85+,0.021532788180083116,0.0,0.07100143156440346
person_years_exposure,county,4,female,0-17,1572.1831555224758,1406.8875369859359,1752.7751553281612
person_years_exposure,county,4,female,18-44,2308.5681136016,2062.2847489464607,2575.700148781768
person_years_exposure,county,4,female,45-64,2618.2770226557627,2346.1721397700553,2926.3160719283615
person_years_exposure,county,4,female,65-74,768.823734529506,655.9411799993137,877.6389247085546
person_years_exposure,county,4,female,75-84,204.16827690688018,141.98434091473314,256.23339791502974
person_years_exposure,county,4,female,85+,14.07066279915334,5.841574980417906,21.802772960670524
person_years_exposure,county,4,female,18-64,4926.845136257363,4405.598058130674,5493.264868621461
person_years_exposure,county,4,female,65+,987.0626742355396,816.4812064888534,1146.1422555450977
mortality_rate,county,4,female,0-17,0.0028305832541635958,0.0,0.006953134585210223
mortality_rate,county,4,female,18-44,0.0022684262055755575,0.00041242768526553365,0.00532829739233914
mortality_rate,county,4,female,45-64,0.010839517411420741,0.003350591830704366,0.023999634969506876
mortality_rate,county,4,female,65-74,0.042981324987852,0.013604233956499762,0.0961203774269291
mortality_rate,county,4,female,75-84,0.10162090840567965,0.032652657057315085,0.260987248777889
mortality_rate,county,4,female,85+,0.15239990939061682,0.0,0.536333730951891
qualifying_event_rate,county,4,female,0-17,0.018065543858699587,0.009025766172867824,0.02938468474999088
qualifying_event_rate,county,4,female,18-44,0.025218300162319966,0.014434020697971051,0.03969503347549247
qualifying_event_rate,county,4,female,45-64,0.031565590738626,0.01829798468471667,0.04891420886091636
qualifying_event_rate,county,4,female,65-74,0.046154109721541346,0.02519594369753346,0.07303599948875308
qualifying_event_rate,county,4,female,75-84,0.0507104875878976,0.02195166469931437,0.08938766348312803
qualifying_event_rate,county,4,female,85+,0.027012902931435736,0.0,0.11628424194843363
person_years_exposure,county,5,male,0-17,712.542348814068,622.1220553311581,801.1421460025796
person_years_exposure,county,5,male,18-44,1078.8593255841272,991.2855933541523,1158.2910007069843
person_years_exposure,county,5,male,45-64,1769.0196024761606,1608.5147401082831,1927.4620386327858
person_years_exposure,county,5,male,65-74,492.22283131143223,416.0732396180766,566.2678585093477
person_years_exposure,county,5,male,75-84,148.59681212430914,102.27942637084578,192.39075577751967
person_years_exposure,county,5,male,85+,36.23280707443157,5.264304070173019,107.26924978159612
person_years_exposure,county,5,male,18-64,2847.8789280602878,2606.8942180784347,3073.7186582033078
person_years_exposure,county,5,male,65+,677.0524505101729,535.9590246562362,845.6566447192754
mortality_rate,county,5,male,0-17,0.006934434701862063,0.0012686777110878737,0.016576908404215034
mortality_rate,county,5,male,18-44,0.0020556179200607837,0.0,0.0055436521074058226
mortality_rate,county,5,male,45-64,0.010292159128431908,0.0028541521634870815,0.022612427656063087
mortality_rate,county,5,male,65-74,0.04199435371076127,0.011937735212540457,0.09388375937349751
mortality_rate,county,5,male,75-84,0.09448650182665393,0.025297019636551746,0.23744783783250434
mortality_rate,county,5,male,85+,0.11101578181877904,0.0,0.45584513774328267
qualifying_event_rate,county,5,male,0-17,0.027265800620932177,0.01335873782305544,0.04486823587345387
qualifying_event_rate,county,5,male,18-44,0.03905723232575529,0.022006551938996064,0.060698383855871146
qualifying_event_rate,county,5,male,45-64,0.052297682213641124,0.031405518541301226,0.07862631982305247
qualifying_event_rate,county,5,male,65-74,0.05666376202144147,0.03148625876950616,0.08989385285989895
qualifying_event_rate,county,5,male,75-84,0.06041655698898815,0.025292642318388736,0.10203112683388567
qualifying_event_rate,county,5,male,85+,0.018429378787127828,0.0,0.0874327611336244
person_years_exposure,county,5,female,0-17,778.8805009698838,713.3996054940156,839.6040801628529
person_years_exposure,county,5,female,18-44,1046.0300679348445,960.8761388441824,1119.580777504581
person_years_exposure,county,5,female,45-64,1682.065477414776,1523.6889095616777,1833.0084922033373
person_years_exposure,county,5,female,65-74,420.6888173792926,358.0100831396073,477.8748865241943
person_years_exposure,county,5,female,75-84,137.64948154155678,94.15220951582417,173.38861816865557
person_years_exposure,county,5,female,85+,15.53343566586467,6.206176486595014,26.378214522834266
person_years_exposure,county,5,female,18-64,2728.095545349621,2492.3604404423304,2944.7312635646435
person_years_exposure,county,5,female,65+,573.8717345867141,467.9055923162385,668.463958061636
mortality_rate,county,5,female,0-17,0.0033274441361855695,0.0,0.008692070203062497
mortality_rate,county,5,female,18-44,0.0049559589061190425,0.0009050699317043593,0.011770567722671032
mortality_rate,county,5,female,45-64,0.011048892678104221,0.0029723169241494085,0.024250143006986198
mortality_rate,county,5,female,65-74,0.04192325903381106,0.01185340380432649,0.09718018426495376
mortality_rate,county,5,female,75-84,0.10286041646300247,0.02975284412108036,0.2613722713334591
mortality_rate,county,5,female,85+,0.1340120042783867,0.0,0.5194910478856211
qualifying_event_rate,county,5,female,0-17,0.02962015513760386,0.0148645017173616,0.04752288898344998
qualifying_event_rate,county,5,female,18-44,0.040763770806787634,0.022903678619090217,0.0633734462738821
qualifying_event_rate,county,5,female,45-64,0.04756202566454695,0.028602105300691936,0.07278110687690832
qualifying_event_rate,county,5,female,65-74,0.07094943356695992,0.04104467151188749,0.10883990641969928
qualifying_event_rate,county,5,female,75-84,0.05960449846837352,0.022038934716636215,0.10531423598676445
qualifying_event_rate,county,5,female,85+,0.030642057558425587,0.0,0.1250878197703926
person_years_exposure,county,6,male,0-17,2033.6273330366917,1823.870652966526,2271.483142763833
person_years_exposure,county,6,male,18-44,2807.445854662901,2510.9200200978357,3130.960116195304
person_years_exposure,county,6,male,45-64,2703.349072529332,2426.356310328614,3019.46432314959
person_years_exposure,county,6,male,65-74,730.4870444236894,620.5839087914201,843.5323666112856
person_years_exposure,county,6,male,75-84,213.90139715916047,150.9475769896563,265.83971211031235
person_years_exposure,county,6,male,85+,43.59546556939022,19.695290672594112,67.73273782925331
person_years_exposure,county,6,male,18-64,5510.794927192233,4936.34956815364,6144.368282286613
person_years_exposure,county,6,male,65+,987.9839071522401,801.7266528650777,1159.4935625258863
mortality_rate,county,6,male,0-17,0.0017383500863558748,0.0,0.004268184927468745
mortality_rate,county,6,male,18-44,0.0023658835067889624,0.0003657799288896166,0.005494453488065367
mortality_rate,county,6,male,45-64,0.010286538927335762,0.003260289953641864,0.022319417346142595
mortality_rate,county,6,male,65-74,0.044240917237143296,0.013859883426854052,0.10329447155729937
mortality_rate,county,6,male,75-84,0.09736047827456246,0.02936230775053471,0.2509327924352173
mortality_rate,county,6,male,85+,0.13530950633625874,0.03338784351631675,0.4176047827112039
qualifying_event_rate,county,6,male,0-17,0.022175968781191793,0.012388387054831845,0.03479477906094061
qualifying_event_rate,county,6,male,18-44,0.03125982065174598,0.01846566535552576,0.048188592717325084
qualifying_event_rate,county,6,male,45-64,0.042749707755784495,0.025585761860253835,0.06444793232565033
qualifying_event_rate,county,6,male,65-74,0.0597262529058678,0.03455152986140476,0.09168850805053837
qualifying_event_rate,county,6,male,75-84,0.06000433446656713,0.02849915054158863,0.09928719356329341
qualifying_event_rate,county,6,male,85+,0.027180165061954028,0.0,0.07700137588778927
person_years_exposure,county,6,female,0-17,2037.5794651485287,1823.0761417055385,2275.386600932263
person_years_exposure,county,6,female,18-44,2788.3347312962956,2491.273131421091,3113.243117799984
person_years_exposure,county,6,female,45-64,2483.9125265937428,2227.2867703876145,2776.858401514674
person_years_exposure,county,6,female,65-74,763.6352459796225,652.7665514565107,874.3742637213275
person_years_exposure,county,6,female,75-84,274.8655265261478,192.29251217285488,341.6386470323806
person_years_exposure,county,6,female,85+,31.860547905178095,14.945163987674357,46.46295934499443
person_years_exposure,county,6,female,18-64,5272.247257890038,4715.9469720573525,5886.035411819781
person_years_exposure,county,6,female,65+,1070.3613204109483,876.305656659478,1248.8553711517095
mortality_rate,county,6,female,0-17,0.0027936985574621774,0.0004773206399605961,0.006502498614934495
mortality_rate,county,6,female,18-44,0.0022533891123175664,0.0003637733793555526,0.005301552984763407
mortality_rate,county,6,female,45-64,0.010286899212002374,0.0030512796738631164,0.022436293157596997
mortality_rate,county,6,female,65-74,0.04176344832973414,0.013680415495548439,0.0947990709126293
mortality_rate,county,6,female,75-84,0.10807067385237369,0.035629381000102364,0.27321219351720993
mortality_rate,county,6,female,85+,0.1272592429950143,0.02237681298842426,0.3937441723219652
qualifying_event_rate,county,6,female,0-17,0.022530754706861722,0.012692814649217812,0.03578492331442362
qualifying_event_rate,county,6,female,18-44,0.031105280374077744,0.018286140153917933,0.04818867366227586
qualifying_event_rate,county,6,female,45-64,0.038337128702892014,0.022841563914710292,0.05886465645578461
qualifying_event_rate,county,6,female,65-74,0.05542716367474945,0.03090774228044636,0.08586248805728992
qualifying_event_rate,county,6,female,75-84,0.06262942690227752,0.02970204600632878,0.10302481902338073
qualifying_event_rate,county,6,female,85+,0.03460998416208483,0.0,0.09767242972481197
person_years_exposure,county,7,male,0-17,1043.5980277647166,951.9981752661512,1135.4450542666677
person_years_exposure,county,7,male,18-44,1448.6975057542977,1321.2438562039263,1577.1800007509141
person_years_exposure,county,7,male,45-64,1232.9640555806534,1121.5073134230606,1338.256647294025
person_years_exposure,county,7,male,65-74,428.9510844057337,367.0962789098384,485.7300406452914
person_years_exposure,county,7,male,75-84,104.8471912898683,73.52081135420889,130.17078694338474
person_years_exposure,county,7,male,85+,7.020584493659765,2.3200386855220523,11.37818784188944
person_years_exposure,county,7,male,18-64,2681.6615613349513,2442.971112312109,2912.762686114759
person_years_exposure,county,7,male,65+,540.8188601892617,446.354301671141,619.4245715749886
mortality_rate,county,7,male,0-17,0.0013727672431199625,0.0,0.003993721590219249
mortality_rate,county,7,male,18-44,0.002002741894685141,0.0,0.005019805861182162
mortality_rate,county,7,male,45-64,0.010480729931063828,0.0030096836634827305,0.02352058089318645
mortality_rate,county,7,male,65-74,0.043826649245024274,0.013447253137082385,0.10027468864835963
mortality_rate,county,7,male,75-84,0.08879298890693202,0.023559577712983698,0.2292801812487079
mortality_rate,county,7,male,85+,0.14353119741793022,0.0,0.8692140471399185
qualifying_event_rate,county,7,male,0-17,0.0190755693599185,0.009350373630948953,0.031700547036416324
qualifying_event_rate,county,7,male,18-44,0.027404588668668243,0.015102689172351243,0.042364344739120534
qualifying_event_rate,county,7,male,45-64,0.038621677906558426,0.022038744191986488,0.05960147177940787
qualifying_event_rate,county,7,male,65-74,0.05264672356073449,0.02769639664896058,0.08224110285472441
qualifying_event_rate,county,7,male,75-84,0.04849016535189742,0.01461089496840974,0.09051741639777591
qualifying_event_rate,county,7,male,85+,0.026889233417792664,0.0,0.16484469278688244
person_years_exposure,county,7,female,0-17,1063.2686919205848,968.8431647919481,1157.6619805588325
person_years_exposure,county,7,female,18-44,1414.4883759722209,1289.2332674155334,1536.7771175916985
person_years_exposure,county,7,female,45-64,1317.3513126521864,1198.910315457932,1436.2781925292159
person_years_exposure,county,7,female,65-74,395.122359890712,339.13806183043863,444.5954777997962
person_years_exposure,county,7,female,75-84,106.70858985061653,71.40328084669441,135.3518356295901
person_years_exposure,county,7,female,85+,11.088033737149859,4.208561330115624,17.911856663530912
person_years_exposure,county,7,female,18-64,2731.8396886244072,2487.224969343674,2969.8046091783513
person_years_exposure,county,7,female,65+,512.9189834784784,422.96190758337235,590.5269872960324
mortality_rate,county,7,female,0-17,0.0031884101775125043,0.0,0.007938441745545912
mortality_rate,county,7,female,18-44,0.0023694521333173695,0.0,0.005923449654172478
mortality_rate,county,7,female,45-64,0.010227820538906902,0.002341141552180533,0.02352934157161146
mortality_rate,county,7,female,65-74,0.04156921676026865,0.011408545079090188,0.0935003343839619
mortality_rate,county,7,female,75-84,0.11480048922535609,0.033567334415569736,0.29343602092248755
mortality_rate,county,7,female,85+,0.12215576551989464,0.0,0.49863207148357963
qualifying_event_rate,county,7,female,0-17,0.021764125528280297,0.011088190093532643,0.03499719697928047
qualifying_event_rate,county,7,female,18-44,0.02894945807693605,0.015710823826915975,0.04477528257147905
qualifying_event_rate,county,7,female,45-64,0.039552113735719714,0.022708894587532887,0.05985425758021902
qualifying_event_rate,county,7,female,65-74,0.05807317433129855,0.03083193005366927,0.09100869432955544
qualifying_event_rate,county,7,female,75-84,0.05553459616193975,0.017910189977074574,0.10085491953355386
qualifying_event_rate,county,7,female,85+,0.023958156753876195,0.0,0.1310751665168065
person_years_exposure,county,8,male,0-17,1062.6393918060412,976.2492001500299,1170.4045347028002
person_years_exposure,county,8,male,18-44,1919.8259722451585,1770.289762376242,2110.4830657201296
person_years_exposure,county,8,male,45-64,1452.7384592722276,1337.2771106397677,1599.1185385052381
person_years_exposure,county,8,male,65-74,373.346593939805,319.50127981838966,423.722893674813
person_years_exposure,county,8,male,75-84,144.88348220053018,102.82448742826648,177.80338531267716
person_years_exposure,county,8,male,85+,17.592698886486698,7.807459359293882,27.796366701449514
person_years_exposure,county,8,male,18-64,3372.564431517386,3111.478428756221,3708.0089076291333
person_years_exposure,county,8,male,65+,535.8227750268219,436.60647741440494,621.4269316793453
mortality_rate,county,8,male,0-17,0.0007581725924264007,0.0,0.0027797494804877717
mortality_rate,county,8,male,18-44,0.0017846380072569035,0.0,0.004384056297364801
mortality_rate,county,8,male,45-64,0.009626552661279401,0.0026371575409067805,0.020896105774568838
mortality_rate,county,8,male,65-74,0.04779829312437176,0.013603662731239372,0.108171768925412
mortality_rate,county,8,male,75-84,0.10066086917366247,0.029634580112181057,0.2488935064379619
mortality_rate,county,8,male,85+,0.2196126745730127,0.05843303354284594,0.6831435514160554
qualifying_event_rate,county,8,male,0-17,0.02400098728497466,0.012077561090226592,0.038163342072419795
qualifying_event_rate,county,8,male,18-44,0.029530976903046777,0.01673678258645809,0.04600279484487611
qualifying_event_rate,county,8,male,45-64,0.04305602803565586,0.02503202635370321,0.0662716027704262
qualifying_event_rate,county,8,male,65-74,0.06552122843959936,0.03547512528445204,0.1024175461436825
qualifying_event_rate,county,8,male,75-84,0.06504218879113773,0.027178706496501476,0.11065968277799507
qualifying_event_rate,county,8,male,85+,0.03396479882343016,0.0,0.12420319907062156
person_years_exposure,county,8,female,0-17,1234.535876468865,1133.3359351442039,1356.687374671613
person_years_exposure,county,8,female,18-44,1640.3844949392496,1517.1027427095707,1801.1697165601117
person_years_exposure,county,8,female,45-64,1543.9162589575144,1419.279777340169,1699.6571000923088
person_years_exposure,county,8,female,65-74,387.0456019427666,335.36039347792683,436.21690364843437
person_years_exposure,county,8,female,75-84,138.46862070149496,98.73537091207669,171.41099350273453
person_years_exposure,county,8,female,85+,22.900991848459753,11.156617991209696,34.30240680414422
person_years_exposure,county,8,female,18-64,3184.300753896764,2943.9282685847047,3499.464455265467
person_years_exposure,county,8,female,65+,548.4152144927212,453.33765504524666,632.5711217320547
mortality_rate,county,8,female,0-17,0.0011082416384798398,0.0,0.003264121612162658
mortality_rate,county,8,female,18-44,0.0018842047837171652,0.0,0.00476540012685989
mortality_rate,county,8,female,45-64,0.010335109094274453,0.0029421493379513395,0.02281429764554104
mortality_rate,county,8,female,65-74,0.041661321808692614,0.012137234840873931,0.09470365284133236
mortality_rate,county,8,female,75-84,0.10955817502390985,0.032954651963392916,0.2732528391311442
mortality_rate,county,8,female,85+,0.1609733594057276,0.03151884297925962,0.4890654047041095
qualifying_event_rate,county,8,female,0-17,0.02449400324663539,0.01288529988417083,0.03908599528373949
qualifying_event_rate,county,8,female,18-44,0.030626811121870906,0.017374479649100143,0.04818397160657815
qualifying_event_rate,county,8,female,45-64,0.04309189248542708,0.02558450002175458,0.06557178793175047
qualifying_event_rate,county,8,female,65-74,0.06216467283160491,0.03318426882152673,0.09846243656259701
qualifying_event_rate,county,8,female,75-84,0.06877614213235606,0.02919799057524245,0.11829752407112652
qualifying_event_rate,county,8,female,85+,0.03551320016931411,0.0,0.11402879279838515
person_years_exposure,county,9,male,0-17,1570.8377461454938,1430.208979787537,1707.8185408401146
person_years_exposure,county,9,male,18-44,2484.852005028056,2268.969993144998,2706.4492245851493
person_years_exposure,county,9,male,45-64,1921.1992486714007,1744.6263719070816,2087.7786947233317
person_years_exposure,county,9,male,65-74,489.45231834461373,419.1652646660696,552.7304659459769
person_years_exposure,county,9,male,75-84,176.66499604564044,125.16918509358298,216.84146469436138
person_years_exposure,county,9,male,85+,27.396494364780462,13.352365373206462,41.01365218457853
person_years_exposure,county,9,male,18-64,4406.0512536994565,4010.451562358759,4785.452323181685
person_years_exposure,county,9,male,65+,693.5138087550346,565.5389745545193,803.5633320938952
mortality_rate,county,9,male,0-17,0.0013994075409086808,0.0,0.003923428344766322
mortality_rate,county,9,male,18-44,0.002020052397423695,0.00038274495602797393,0.004778541563950881
mortality_rate,county,9,male,45-64,0.0102073491732112,0.0030435610841011377,0.02230915665148574
mortality_rate,county,9,male,65-74,0.04377698410956133,0.013587598249596128,0.09950832536835816
mortality_rate,county,9,male,75-84,0.0973726751439377,0.02947088274929074,0.24262107330304405
mortality_rate,county,9,male,85+,0.15512441030957191,0.02915004410927895,0.4666183642949721
qualifying_event_rate,county,9,male,0-17,0.02200476659894856,0.012139941618856655,0.03504668745739002
qualifying_event_rate,county,9,male,18-44,0.03107341720515392,0.017987557034545385,0.047721232204366804
qualifying_event_rate,county,9,male,45-64,0.04365406873883527,0.026191879669029524,0.06578569481949445
qualifying_event_rate,county,9,male,65-74,0.05830980533556476,0.03236972150036333,0.09000310340606232
qualifying_event_rate,county,9,male,75-84,0.057721298374144914,0.024706212245251224,0.09948907889142203
qualifying_event_rate,county,9,male,85+,0.029813973114342814,0.0,0.09295087579104784
person_years_exposure,county,9,female,0-17,1652.6743151648457,1504.2644392995576,1800.2028175947557
person_years_exposure,county,9,female,18-44,2207.165820510578,2013.984409498979,2400.882434156488
person_years_exposure,county,9,female,45-64,1835.4053236632872,1669.7307279201982,1998.308627232336
person_years_exposure,county,9,female,65-74,512.7423985282443,439.1341192451921,577.9594754434784
person_years_exposure,county,9,female,75-84,157.94128042308677,106.18675939681877,197.85469510070448
person_years_exposure,county,9,female,85+,10.242770825582314,4.170078569199995,16.09811421111263
person_years_exposure,county,9,female,18-64,4042.5711441738654,3683.3124209117595,4395.718147118619
person_years_exposure,county,9,female,65+,680.9264497769134,559.2264429918669,783.878563598689
mortality_rate,county,9,female,0-17,0.0032047371161702315,0.0005826448185337163,0.0076942895270767685
mortality_rate,county,9,female,18-44,0.00230251447479573,0.00043064779221323364,0.005434100348771107
mortality_rate,county,9,female,45-64,0.009420549848487865,0.0027043179909708452,0.020954496634308113
mortality_rate,county,9,female,65-74,0.043479390105695674,0.012619847354188734,0.09748180218951419
mortality_rate,county,9,female,75-84,0.11153144196993403,0.03612706213442052,0.28336031514015264
mortality_rate,county,9,female,85+,0.1245993502785971,0.0,0.5172199748706525
qualifying_event_rate,county,9,female,0-17,0.024754799368724552,0.013829613135642254,0.03897383192182254
qualifying_event_rate,county,9,female,18-44,0.032782061114171805,0.018853336739695886,0.05051575008742916
qualifying_event_rate,county,9,female,45-64,0.044050002652074795,0.0263095014079117,0.0668074392887014
qualifying_event_rate,county,9,female,65-74,0.0669113179474468,0.038539488963713724,0.10203090364045271
qualifying_event_rate,county,9,female,75-84,0.0605890186574496,0.025967080554649496,0.10265593456052143
qualifying_event_rate,county,9,female,85+,0.028002429281754646,0.0,0.12916242738967518
person_years_exposure,county,10,male,0-17,1057.4341559390064,947.9913238967423,1161.1607337695953
person_years_exposure,county,10,male,18-44,1745.7048699806373,1563.5183359282007,1907.0431656836683
person_years_exposure,county,10,male,45-64,1554.772084295359,1391.6246863614024,1703.6459573143904
person_years_exposure,county,10,male,65-74,402.75366433291794,348.4250689665165,451.6830241722651
person_years_exposure,county,10,male,75-84,123.45326377295852,89.46580176224383,150.0960338116889
person_years_exposure,county,10,male,85+,8.791480464121191,3.19718561979522,14.311932183625009
person_years_exposure,county,10,male,18-64,3300.4769542759964,2957.509961119624,3608.811453671998
person_years_exposure,county,10,male,65+,534.9984085699977,449.4308688968687,609.8815283689697
mortality_rate,county,10,male,0-17,0.001263838295504317,0.0,0.0037725869011145763
mortality_rate,county,10,male,18-44,0.0016421442524713792,0.0,0.0043051168102759005
mortality_rate,county,10,male,45-64,0.009414374736399871,0.0025042861793639396,0.020891179421408744
mortality_rate,county,10,male,65-74,0.039317057231598875,0.010151406819573614,0.09144727096547055
mortality_rate,county,10,male,75-84,0.09013214551375401,0.02321418400970467,0.219802944001463
mortality_rate,county,10,male,85+,0.1361793504203977,0.0,0.5564247436136649
qualifying_event_rate,county,10,male,0-17,0.022843288446692936,0.01191934505491303,0.03716392004181335
qualifying_event_rate,county,10,male,18-44,0.029107433424192485,0.016167438977422316,0.04602958743345477
qualifying_event_rate,county,10,male,45-64,0.041224515933824785,0.02389903611701055,0.06330458139438831
qualifying_event_rate,county,10,male,65-74,0.05980488333588123,0.03226303818205075,0.09364169996631863
qualifying_event_rate,county,10,male,75-84,0.06257295101754935,0.024065789116099464,0.10752944864646856
qualifying_event_rate,county,10,male,85+,0.02968041304887763,0.0,0.16104625541110573
person_years_exposure,county,10,female,0-17,1111.2188389591165,995.3152839763869,1218.9149564799575
person_years_exposure,county,10,female,18-44,1517.4643634873987,1357.2845268804147,1660.3133578802408
person_years_exposure,county,10,female,45-64,1509.6065344531196,1357.1552550220779,1650.688994267007
person_years_exposure,county,10,female,65-74,514.3236154820946,439.353384620582,579.5943118955066
person_years_exposure,county,10,female,75-84,175.94914436173653,125.08973772149419,214.4532885352956
person_years_exposure,county,10,female,85+,20.043022810955385,9.64857944542612,29.482685041657895
person_years_exposure,county,10,female,18-64,3027.070897940518,2714.063782632858,3307.470998596785
person_years_exposure,county,10,female,65+,710.3157826547865,585.9589947903283,816.7262445977423
mortality_rate,county,10,female,0-17,0.002503761153929071,0.0,0.006346605069042206
mortality_rate,county,10,female,18-44,0.0019557450632181816,0.0,0.00510920282463801
mortality_rate,county,10,female,45-64,0.010104557645894123,0.002526900580975284,0.02251523124739917
mortality_rate,county,10,female,65-74,0.0433916460622898,0.013815845090691265,0.09769489779750631
mortality_rate,county,10,female,75-84,0.10473327640675008,0.0326419893162228,0.2571503232045253
mortality_rate,county,10,female,85+,0.13794583919819964,0.02879355611718042,0.4325520400837525
qualifying_event_rate,county,10,female,0-17,0.020781481223924442,0.010456213958167959,0.03330652309442628
qualifying_event_rate,county,10,female,18-44,0.02888715728420236,0.01603096350763926,0.046088496502767716
qualifying_event_rate,county,10,female,45-64,0.03977683052558008,0.022837603714938298,0.060552170020877774
qualifying_event_rate,county,10,female,65-74,0.06314903583388713,0.03522199320267428,0.0984303857708924
qualifying_event_rate,county,10,female,75-84,0.07029024362665906,0.03342241600136462,0.11716002612953855
qualifying_event_rate,county,10,female,85+,0.030658112690484983,0.0,0.10619382627992904
person_years_exposure,county,11,male,0-17,2978.9222706207597,2743.450934266195,3280.660807101473
person_years_exposure,county,11,male,18-44,4048.3971510813076,3736.8958146853397,4449.28116225338
person_years_exposure,county,11,male,45-64,4182.630729493001,3851.9746126593363,4608.623249961252
person_years_exposure,county,11,male,65-74,1165.3351390961554,1001.6397517071529,1318.9723960467077
person_years_exposure,county,11,male,75-84,353.6736212233515,253.52703071389803,429.168426437985
person_years_exposure,county,11,male,85+,40.82830273508586,20.3426869933583,58.34598428221271
person_years_exposure,county,11,male,18-64,8231.02788057431,7596.228773950358,9054.316288740862
person_years_exposure,county,11,male,65+,1559.8370630545928,1289.5953232522377,1794.5228580729963
mortality_rate,county,11,male,0-17,0.0007821882927191816,0.0,0.0020880814776939017
mortality_rate,county,11,male,18-44,0.0018603041448115927,0.0002651620934989602,0.004251830284840665
mortality_rate,county,11,male,45-64,0.009880775854137987,0.0032731534580239044,0.02089603730773285
mortality_rate,county,11,male,65-74,0.04763191233324075,0.015619132586217032,0.10398414840926601
mortality_rate,county,11,male,75-84,0.09874582288772864,0.034012382943656584,0.24200030992709873
mortality_rate,county,11,male,85+,0.14533672318078728,0.03405091267848148,0.43510848357916176
qualifying_event_rate,county,11,male,0-17,0.02298391127271089,0.013393041973597216,0.03598962841122715
qualifying_event_rate,county,11,male,18-44,0.028737561155524595,0.01705215477772037,0.0439285272538481
qualifying_event_rate,county,11,male,45-64,0.0417084804175735,0.02594312976190934,0.06255536942892212
qualifying_event_rate,county,11,male,65-74,0.0630979879543249,0.03731006751012441,0.09520154220120673
qualifying_event_rate,county,11,male,75-84,0.06155444886682168,0.03234589836818167,0.09798643905734286
qualifying_event_rate,county,11,male,85+,0.02798680011855918,0.0,0.0794317201960482
person_years_exposure,county,11,female,0-17,3120.8085517248223,2876.745578998947,3435.679592413417
person_years_exposure,county,11,female,18-44,4137.846580309086,3822.5525340321274,4545.881467583214
person_years_exposure,county,11,female,45-64,4215.0470916698605,3888.6458052304984,4640.019116576522
person_years_exposure,county,11,female,65-74,1208.600658709682,1049.9045180316125,1359.4141374883102
person_years_exposure,county,11,female,75-84,326.24075148951977,229.97134687354327,401.24886770826106
person_years_exposure,county,11,female,85+,43.220964711297746,22.160979499139,62.02494529658254
person_years_exposure,county,11,female,18-64,8352.893671978945,7721.669971260487,9180.957958435773
person_years_exposure,county,11,female,65+,1578.0623749104993,1312.343901453747,1809.9574430966852
mortality_rate,county,11,female,0-17,0.0010978787946977248,0.0,0.002754698926433204
mortality_rate,county,11,female,18-44,0.0019154362290077864,0.0004667098561142416,0.004336406579499061
mortality_rate,county,11,female,45-64,0.01011223225488662,0.0032973818664140233,0.021506670613323606
mortality_rate,county,11,female,65-74,0.04198222607947312,0.014036736873873351,0.09292887984607534
mortality_rate,county,11,female,75-84,0.10881737306700881,0.036845440096491315,0.2671328146091874
mortality_rate,county,11,female,85+,0.13993813259016502,0.03432699692068937,0.4098970867217457
qualifying_event_rate,county,11,female,0-17,0.023556282680932027,0.013645578442441303,0.035886592227039465
qualifying_event_rate,county,11,female,18-44,0.029477680896675216,0.01755734848730201,0.045241992320887964
qualifying_event_rate,county,11,female,45-64,0.04122206132189733,0.024884438591450748,0.06188855319229299
qualifying_event_rate,county,11,female,65-74,0.06052567211538455,0.03640734839469229,0.09072125971574278
qualifying_event_rate,county,11,female,75-84,0.06515244230508703,0.034591461830477045,0.10484271540591115
qualifying_event_rate,county,11,female,85+,0.034150480065086204,0.0,0.08890784302145918
person_years_exposure,county,12,male,0-17,1745.452994459156,1564.552821901824,1912.9183660810197
person_years_exposure,county,12,male,18-44,2534.869669045411,2269.524001341292,2770.649942694709
person_years_exposure,county,12,male,45-64,2305.6728828377704,2067.543873237937,2523.563889556295
person_years_exposure,county,12,male,65-74,684.4118676868612,592.2545531845741,762.8565226317457
person_years_exposure,county,12,male,75-84,218.50438416477652,161.5329487729191,263.8157984304042
person_years_exposure,county,12,male,85+,15.468222742340403,6.095244630789015,23.565862925897964
person_years_exposure,county,12,male,18-64,4840.542551883182,4335.38180778483,5285.0158656843805
person_years_exposure,county,12,male,65+,918.3844745939782,771.7291545520469,1041.1286092200871
mortality_rate,county,12,male,0-17,0.001264446110554738,0.0,0.003369548546354582
mortality_rate,county,12,male,18-44,0.00159108895192976,0.0,0.0038330429741327884
mortality_rate,county,12,male,45-64,0.009332662307137883,0.0027745524541231983,0.02038480070896253
mortality_rate,county,12,male,65-74,0.03976780272500525,0.01263745809684667,0.08722858982133264
mortality_rate,county,12,male,75-84,0.09092719737417704,0.027528629899561674,0.2202709162349264
mortality_rate,county,12,male,85+,0.12395867553279498,0.0,0.4662509435226192
qualifying_event_rate,county,12,male,0-17,0.020705305060333832,0.011153533346335913,0.03298002430896109
qualifying_event_rate,county,12,male,18-44,0.02593340153598735,0.01480200059676134,0.04052598711459393
qualifying_event_rate,county,12,male,45-64,0.03749413864971177,0.02193556184111998,0.057434463443763295
qualifying_event_rate,county,12,male,65-74,0.05478942859799546,0.0305534426629873,0.08429838018881734
qualifying_event_rate,county,12,male,75-84,0.05844242944129016,0.02788982051165258,0.09958298799080971
qualifying_event_rate,county,12,male,85+,0.025477258043416457,0.0,0.11005608675882847
person_years_exposure,county,12,female,0-17,1712.1912741007945,1531.9723931730955,1875.316467350725
person_years_exposure,county,12,female,18-44,2379.6931440004614,2131.2649905697754,2603.4613954091287
person_years_exposure,county,12,female,45-64,2224.9376416541213,1995.8657820741093,2440.3467682296823
person_years_exposure,county,12,female,65-74,579.754618528357,496.24352463581704,649.2861320005909
person_years_exposure,county,12,female,75-84,199.20801382744745,142.41581316593187,244.1083668768459
person_years_exposure,county,12,female,85+,26.722219706598295,14.453112426701173,38.7091059045311
person_years_exposure,county,12,female,18-64,4604.630785654583,4128.379642344051,5039.122866947502
person_years_exposure,county,12,female,65+,805.6848520624027,666.0274783078679,921.2667189283956
mortality_rate,county,12,female,0-17,0.002471932861135959,0.0005012567548732661,0.005921194465390403
mortality_rate,county,12,female,18-44,0.001946810878402523,0.0003663151832678295,0.004826228270963367
mortality_rate,county,12,female,45-64,0.010059753495882225,0.003069678325309175,0.021639573825788055
mortality_rate,county,12,female,65-74,0.04443233691629851,0.014098613479768391,0.09802961197675585
mortality_rate,county,12,female,75-84,0.0988658705843235,0.030373351161036448,0.23304845147301012
mortality_rate,county,12,female,85+,0.15941444861032583,0.030336104545371497,0.440015104364025
qualifying_event_rate,county,12,female,0-17,0.01853293733809905,0.009660428683274557,0.029805319575507926
qualifying_event_rate,county,12,female,18-44,0.026013892987368524,0.014839885861451919,0.03983563122544672
qualifying_event_rate,county,12,female,45-64,0.036099589684584106,0.021374772203395436,0.05541115125037811
qualifying_event_rate,county,12,female,65-74,0.057780990725644764,0.03293734136597274,0.09028688363819333
qualifying_event_rate,county,12,female,75-84,0.06193168762444444,0.02955791626446386,0.10211030304973695
qualifying_event_rate,county,12,female,85+,0.027915057769846055,0.0,0.09051299423135914
person_years_exposure,county,13,male,0-17,1128.483056829088,1028.0540510790845,1228.5644172830532
person_years_exposure,county,13,male,18-44,1780.374946239464,1624.9655555103584,1937.672455138042
person_years_exposure,county,13,male,45-64,1443.4891463563401,1313.4229113700715,1565.8731302671683
person_years_exposure,county,13,male,65-74,456.4769707615245,389.13739379240906,515.5958624707738
person_years_exposure,county,13,male,75-84,173.3445871856012,121.8767606252182,214.29270763588897
person_years_exposure,county,13,male,85+,26.489493040650846,12.38334389722449,39.91261820608546
person_years_exposure,county,13,male,18-64,3223.8640925958043,2932.520321511023,3499.582206310765
person_years_exposure,county,13,male,65+,656.3110509877765,532.171619114589,761.2391462081412
mortality_rate,county,13,male,0-17,0.0014200825194513392,0.0,0.004172610305438463
mortality_rate,county,13,male,18-44,0.002045412720613626,0.0,0.005021524310919337
mortality_rate,county,13,male,45-64,0.010003836692468786,0.0027091130088190093,0.02238882101994222
mortality_rate,county,13,male,65-74,0.04481338509446913,0.013673273213190902,0.10143060782791405
mortality_rate,county,13,male,75-84,0.10318733831992484,0.03156447058051042,0.2593776584002219
mortality_rate,county,13,male,85+,0.13718257880653859,0.025133195889812887,0.452663542280665
qualifying_event_rate,county,13,male,0-17,0.019547120017895703,0.009790121085725254,0.031599707329373075
qualifying_event_rate,county,13,male,18-44,0.0275653509166204,0.015783960740094912,0.042942121553785996
qualifying_event_rate,county,13,male,45-64,0.03866531458133891,0.022011470223152904,0.058927813338210615
qualifying_event_rate,county,13,male,65-74,0.05354078005727862,0.028649905707457814,0.08421252389208825
qualifying_event_rate,county,13,male,75-84,0.05270621490729226,0.021841475602215495,0.09087399976606848
qualifying_event_rate,county,13,male,85+,0.026573848860774595,0.0,0.0900459127040218
person_years_exposure,county,13,female,0-17,1210.7297706970105,1102.6718547412086,1322.1843778565155
person_years_exposure,county,13,female,18-44,1655.9493099726797,1510.2674537110574,1797.7032461989277
person_years_exposure,county,13,female,45-64,1568.7881817310858,1425.8610570271073,1703.1623216633384
person_years_exposure,county,13,female,65-74,483.57711235714095,416.96404418942546,545.2769757860939
person_years_exposure,county,13,female,75-84,149.2078866381251,100.21708025250699,189.63254461057915
person_years_exposure,county,13,female,85+,14.80246798353789,6.32695539931444,23.049158546007128
person_years_exposure,county,13,female,18-64,3224.7374917037655,2938.3332482123246,3501.0809707161
person_years_exposure,county,13,female,65+,647.587466978804,531.201801870375,749.8925708107215
mortality_rate,county,13,female,0-17,0.003210631410353572,0.0,0.007684129774331684
mortality_rate,county,13,female,18-44,0.002376020986152598,0.0,0.005850569395249936
mortality_rate,county,13,female,45-64,0.00979837954559816,0.002590214805977543,0.021783243929695176
mortality_rate,county,13,female,65-74,0.040048426341722516,0.011600639442577982,0.09313819828293096
mortality_rate,county,13,female,75-84,0.12247833120294382,0.03879276518076596,0.3081342094504558
mortality_rate,county,13,female,85+,0.12138907003965482,0.0,0.4260736154402929
qualifying_event_rate,county,13,female,0-17,0.021861814783625984,0.011677116032279547,0.03470712364485819
qualifying_event_rate,county,13,female,18-44,0.029016765597458263,0.015933137067214147,0.04536435398915301
qualifying_event_rate,county,13,female,45-64,0.039636423239201066,0.022991267317648393,0.06026267045588599
qualifying_event_rate,county,13,female,65-74,0.05804231916974878,0.03187240598345461,0.09139336581936176
qualifying_event_rate,county,13,female,75-84,0.057531518786495366,0.023419173545272124,0.098869124235588
qualifying_event_rate,county,13,female,85+,0.022811820973809883,0.0,0.10613566076707402
person_years_exposure,county,14,male,0-17,1066.4384218587302,971.6807980668873,1158.0041211685111
person_years_exposure,county,14,male,18-44,1416.7283356881312,1294.1227791359058,1541.118317093744
person_years_exposure,county,14,male,45-64,1482.8440806561014,1348.7615928192486,1610.0193315222446
person_years_exposure,county,14,male,65-74,365.07376399109944,310.26983486860314,412.8379035839245
person_years_exposure,county,14,male,75-84,135.37973764144115,96.49993758754329,166.8629741524598
person_years_exposure,county,14,male,85+,23.258541952082638,11.818457133793169,33.98959130007831
person_years_exposure,county,14,male,18-64,2899.572416344233,2639.33878961017,3144.2039481418446
person_years_exposure,county,14,male,65+,523.7120435846232,424.4753050568935,607.092612923463
mortality_rate,county,14,male,0-17,0.0014102138662434845,0.0,0.00396411507169019
mortality_rate,county,14,male,18-44,0.0020010617886900717,0.0,0.005081727776309589
mortality_rate,county,14,male,45-64,0.010340527864245047,0.002748522410974603,0.02238799719842188
mortality_rate,county,14,male,65-74,0.04566020891349168,0.012864721406357572,0.10494589007206183
mortality_rate,county,14,male,75-84,0.09010610349178824,0.025823152145317323,0.22167127872926837
mortality_rate,county,14,male,85+,0.14480846803287714,0.029268755380378493,0.45904721325368164
qualifying_event_rate,county,14,male,0-17,0.021137141468203394,0.010701204487629446,0.0343323813201469
qualifying_event_rate,county,14,male,18-44,0.029999728086970358,0.016568858096348296,0.04679107688640005
qualifying_event_rate,county,14,male,45-64,0.04224942107470792,0.024385584129093803,0.06404331396760757
qualifying_event_rate,county,14,male,65-74,0.05779528934816308,0.030315392348968868,0.09100181084786468
qualifying_event_rate,county,14,male,75-84,0.05366329802015702,0.020598687157783537,0.0957882825131838
qualifying_event_rate,county,14,male,85+,0.0296083511783091,0.0,0.09628277665337849
person_years_exposure,county,14,female,0-17,942.7281605657681,857.6323752612641,1026.9372980153064
person_years_exposure,county,14,female,18-44,1563.462713929856,1428.1871193332634,1698.8974456926035
person_years_exposure,county,14,female,45-64,1630.2392695570702,1480.5874101203701,1772.192992716892
person_years_exposure,county,14,female,65-74,525.4552392453483,453.33880198183084,591.0451468906072
person_years_exposure,county,14,female,75-84,185.56575394981672,129.5657869760105,230.843303841433
person_years_exposure,county,14,female,85+,21.06354171439933,9.45842651910378,32.0350619836541
person_years_exposure,county,14,female,18-64,3193.701983486926,2908.2895443524644,3467.284945966434
person_years_exposure,county,14,female,65+,732.0845349095642,600.7633402722869,844.2341385107621
mortality_rate,county,14,female,0-17,0.0032345659478549846,0.0,0.008244052360962716
mortality_rate,county,14,female,18-44,0.002237683780418546,0.0,0.005712623878041242
mortality_rate,county,14,female,45-64,0.010240720200100395,0.0029146471493203285,0.02274145596462893
mortality_rate,county,14,female,65-74,0.04310732110728029,0.01343317544860043,0.09920187503018303
mortality_rate,county,14,female,75-84,0.11073985637601172,0.03333335290685405,0.2810557219217594
mortality_rate,county,14,female,85+,0.13220754911840055,0.024628474560012176,0.43758100885870077
qualifying_event_rate,county,14,female,0-17,0.02351677058389235,0.011666274702942354,0.0380666787959788
qualifying_event_rate,county,14,female,18-44,0.03151622700340097,0.01787098806586266,0.048613874411668416
qualifying_event_rate,county,14,female,45-64,0.04346712640869146,0.025288480039561335,0.06547683691712199
qualifying_event_rate,county,14,female,65-74,0.06444541997990982,0.03631350930007564,0.09871991611832204
qualifying_event_rate,county,14,female,75-84,0.059347868289841545,0.0263848010778704,0.09955965562267548
qualifying_event_rate,county,14,female,85+,0.026936450735198333,0.0,0.0966259677294215
person_years_exposure,county,15,male,0-17,2683.773903684986,2402.145984244118,2940.1605335554045
person_years_exposure,county,15,male,18-44,3829.772908899992,3429.202412599198,4183.363495264468
person_years_exposure,county,15,male,45-64,3317.0776797885314,2975.4891346550535,3626.93007819288
person_years_exposure,county,15,male,65-74,858.5423858847748,745.382475976574,958.4945249652101
person_years_exposure,county,15,male,75-84,350.06205687268204,258.40261529430654,422.2677123280758
person_years_exposure,county,15,male,85+,49.237241012235295,24.954139756603748,71.1702131825097
person_years_exposure,county,15,male,18-64,7146.850588688523,6409.503810927625,7810.591403883286
person_years_exposure,county,15,male,65+,1257.841683769692,1045.7557270516954,1435.5399407168447
mortality_rate,county,15,male,0-17,0.0012833927376559983,0.0,0.0031290196967719407
mortality_rate,county,15,male,18-44,0.0015650150769570118,0.00025602349303675517,0.0036327328867725084
mortality_rate,county,15,male,45-64,0.009580510299362653,0.0031186736252129866,0.020586803468541477
mortality_rate,county,15,male,65-74,0.0386798614985485,0.012268167971793741,0.08589650926217232
mortality_rate,county,15,male,75-84,0.1003479385977286,0.03310723759522007,0.24220081416251651
mortality_rate,county,15,male,85+,0.15479537391717438,0.041487810658663464,0.4406944577488686
qualifying_event_rate,county,15,male,0-17,0.016620973000930496,0.008962424367944224,0.02628400903809759
qualifying_event_rate,county,15,male,18-44,0.02079857226224638,0.012086514706809453,0.0320940811933153
qualifying_event_rate,county,15,male,45-64,0.030221502174435328,0.017806432068353615,0.04673959563243384
qualifying_event_rate,county,15,male,65-74,0.044013665810229995,0.02408707981670436,0.06876059493865845
qualifying_event_rate,county,15,male,75-84,0.04997414097796638,0.02463723646385924,0.08185755548445836
qualifying_event_rate,county,15,male,85+,0.02458672152244982,0.0,0.07283528062248394
person_years_exposure,county,15,female,0-17,2821.443132700497,2528.108434187483,3087.997325209092
person_years_exposure,county,15,female,18-44,3857.719703166118,3453.871319878794,4207.500781061116
person_years_exposure,county,15,female,45-64,3554.28515243082,3189.5676671472056,3892.4729105197703
person_years_exposure,county,15,female,65-74,846.6710926471632,732.2806027458427,948.4537295476575
person_years_exposure,county,15,female,75-84,298.3204108728524,211.03321435709162,363.4089754362331
person_years_exposure,county,15,female,85+,36.02856835369969,17.32870295911173,52.679313173061225
person_years_exposure,county,15,female,18-64,7412.004855596938,6639.314098958533,8095.614250123622
person_years_exposure,county,15,female,65+,1181.0200718737153,978.5984833983475,1350.370134723949
mortality_rate,county,15,female,0-17,0.0024865377999963843,0.0003738512132490175,0.0057700047117944095
mortality_rate,county,15,female,18-44,0.0019973141435538377,0.00035602546374458494,0.004520547555675275
mortality_rate,county,15,female,45-64,0.009691069439150867,0.003033412892972295,0.02047633491295309
mortality_rate,county,15,female,65-74,0.042163634472432474,0.014005637899456518,0.0928171207833433
mortality_rate,county,15,female,75-84,0.10723221845859668,0.03693873439906428,0.25678278553677875
mortality_rate,county,15,female,85+,0.15731442988324437,0.039078054723409264,0.455415974230767
qualifying_event_rate,county,15,female,0-17,0.014730244389232478,0.007885410648324301,0.023523234227415715
qualifying_event_rate,county,15,female,18-44,0.021026351257370537,0.012002952412440482,0.03238267075650685
qualifying_event_rate,county,15,female,45-64,0.028727152664627786,0.01700966334897766,0.043902820941412235
qualifying_event_rate,county,15,female,65-74,0.04636431940778165,0.025683679921766487,0.07290273059490393
qualifying_event_rate,county,15,female,75-84,0.05275691703073351,0.02557343726136605,0.08811835195038811
qualifying_event_rate,county,15,female,85+,0.02264764492294468,0.0,0.07573034851877304
person_years_exposure,county,16,male,0-17,3380.7784623242837,3171.6798014563337,3619.724949045446
person_years_exposure,county,16,male,18-44,4173.974282420709,3912.1766544494735,4477.692378343448
person_years_exposure,county,16,male,45-64,3619.598186552993,3390.3888184531856,3890.483868281231
person_years_exposure,county,16,male,65-74,1001.8549546305103,871.0284486288439,1114.4114600471617
person_years_exposure,county,16,male,75-84,363.2556371823694,267.4872256326229,435.14968867711565
person_years_exposure,county,16,male,85+,44.854642391021585,21.698786179405587,66.3442309260578
person_years_exposure,county,16,male,18-64,7793.572468973702,7318.4202296744925,8360.031159175354
person_years_exposure,county,16,male,65+,1409.9652342039012,1169.229612441462,1605.0098511968483
mortality_rate,county,16,male,0-17,0.0010544735320512852,0.0,0.0026082500731787516
mortality_rate,county,16,male,18-44,0.0018840004751273607,0.00045875274260963626,0.004334485407879112
mortality_rate,county,16,male,45-64,0.010143482822941365,0.003281110854980658,0.022159803270389574
mortality_rate,county,16,male,65-74,0.044973704724420235,0.01492224868489685,0.10014543439848464
mortality_rate,county,16,male,75-84,0.09617452491624585,0.032158815247519616,0.2386137120512816
mortality_rate,county,16,male,85+,0.15109687939649552,0.04372403382269222,0.42758361664192884
qualifying_event_rate,county,16,male,0-17,0.026134218757861663,0.015348922409813582,0.03988972644280665
qualifying_event_rate,county,16,male,18-44,0.04151960364068011,0.02521310275205818,0.06273786741332664
qualifying_event_rate,county,16,male,45-64,0.052984801495021466,0.03285691236027997,0.07893291614419093
qualifying_event_rate,county,16,male,65-74,0.07501332850408794,0.04558181544808166,0.11097028959967943
qualifying_event_rate,county,16,male,75-84,0.05988466781069897,0.03158558606174644,0.09527642559487116
qualifying_event_rate,county,16,male,85+,0.028259556727559296,0.0,0.07855115031717551
person_years_exposure,county,16,female,0-17,3041.73490942848,2851.5601639890424,3260.963596431302
person_years_exposure,county,16,female,18-44,4295.379779093438,4034.2947568046857,4604.311932238802
person_years_exposure,county,16,female,45-64,3859.43574094282,3613.048399209838,4137.901965787695
person_years_exposure,county,16,female,65-74,1018.907941289473,891.8820760504319,1123.6353720917202
person_years_exposure,county,16,female,75-84,338.7595689840359,241.82792245349043,412.1946928246094
person_years_exposure,county,16,female,85+,34.297424506438354,14.397559031344814,52.26566428732821
person_years_exposure,county,16,female,18-64,8154.815520036258,7656.476093412885,8743.128431848876
person_years_exposure,county,16,female,65+,1391.9649347799473,1159.0379686992335,1580.3030086690192
mortality_rate,county,16,female,0-17,0.0011864566854802227,0.0,0.0029025826823677243
mortality_rate,county,16,female,18-44,0.002214065902283776,0.00047066420571984695,0.004958602990151188
mortality_rate,county,16,female,45-64,0.010799045625790999,0.0034609817237601795,0.02294072276092035
mortality_rate,county,16,female,65-74,0.041411373697952523,0.013688052629935062,0.09536635849405913
mortality_rate,county,16,female,75-84,0.10571290720295752,0.033124563708245826,0.2614565279217794
mortality_rate,county,16,female,85+,0.13394546356430945,0.025596658458874152,0.4221307465383133
qualifying_event_rate,county,16,female,0-17,0.028118268967945715,0.01621527955746876,0.04288907729189358
qualifying_event_rate,county,16,female,18-44,0.042140914139832675,0.025513325728999343,0.06381349825366019
qualifying_event_rate,county,16,female,45-64,0.054901843414806396,0.033542816438932026,0.08102073657477192
qualifying_event_rate,county,16,female,65-74,0.07439214334108475,0.045513569542436356,0.10873808976066994
qualifying_event_rate,county,16,female,75-84,0.06297702188965713,0.032538675922612545,0.10054975805842047
qualifying_event_rate,county,16,female,85+,0.036885676091248654,0.0,0.1012222127655336
person_years_exposure,state,0,male,0-17,9317.656554316474,8341.234563561444,10192.526994981581
person_years_exposure,state,0,male,18-44,13537.685019767468,12111.591719183143,14801.954148682371
person_years_exposure,state,0,male,45-64,11569.115760179253,10372.581820214426,12663.11906182354
person_years_exposure,state,0,male,65-74,3115.1300876807218,2705.123778676949,3468.811682111735
person_years_exposure,state,0,male,75-84,1102.5020918784217,830.8987323885895,1318.6489731108854
person_years_exposure,state,0,male,85+,127.58909917450848,69.57755189013075,176.62141208481626
person_years_exposure,state,0,male,18-64,25106.800779946723,22502.40260293815,27450.71779553684
person_years_exposure,state,0,male,65+,4345.221278733651,3655.713178170248,4925.831435822345
mortality_rate,state,0,male,0-17,0.0012838947814038178,0.00031618701962884553,0.0028354477130572613
mortality_rate,state,0,male,18-44,0.0015977895084843343,0.00044093664944116947,0.0034229134536106556
mortality_rate,state,0,male,45-64,0.009422184885680585,0.0032001692741809597,0.019486415124334668
mortality_rate,state,0,male,65-74,0.03877706874289102,0.013569941163968752,0.08420757534720094
mortality_rate,state,0,male,75-84,0.09665711061921595,0.033552583377191886,0.22511252891102831
mortality_rate,state,0,male,85+,0.1494879475928196,0.051175940117618814,0.3862168900863355
qualifying_event_rate,state,0,male,0-17,0.01598700541417171,0.009376552866591416,0.02465920421465098
qualifying_event_rate,state,0,male,18-44,0.020358281604559297,0.012106384408485531,0.031040699158547763
qualifying_event_rate,state,0,male,45-64,0.029718131197493777,0.01792526639084613,0.04561194895711857
qualifying_event_rate,state,0,male,65-74,0.04356735665759103,0.02607396796875633,0.06574944250535639
qualifying_event_rate,state,0,male,75-84,0.04762389413294672,0.02769911405111181,0.0742299373423372
qualifying_event_rate,state,0,male,85+,0.022228041905426005,0.0,0.05129757704939577
person_years_exposure,state,0,female,0-17,9336.914537699986,8353.64194606685,10231.551947933669
person_years_exposure,state,0,female,18-44,13248.894052165158,11865.229896657322,14475.074409835865
person_years_exposure,state,0,female,45-64,11752.576880517394,10546.148196709226,12863.60364120886
person_years_exposure,state,0,female,65-74,2992.244461721711,2578.8174450082697,3343.585579283241
person_years_exposure,state,0,female,75-84,965.3923444873888,700.0981012954717,1171.2364592313122
person_years_exposure,state,0,female,85+,135.3583590085365,72.95133516919049,186.99147896288918
person_years_exposure,state,0,female,18-64,25001.470932682554,22409.547938136715,27321.54364401366
person_years_exposure,state,0,female,65+,4092.995165217636,3399.5900741869646,4664.97672454347
mortality_rate,state,0,female,0-17,0.002489854490997269,0.000778413681712882,0.005446900661737069
mortality_rate,state,0,female,18-44,0.001975363876841707,0.0005777919523261735,0.004228401262139803
mortality_rate,state,0,female,45-64,0.009743582892112825,0.0033809520901996347,0.020671119055548373
mortality_rate,state,0,female,65-74,0.04278558241500693,0.01500761187620596,0.09252990462512588
mortality_rate,state,0,female,75-84,0.10557740121143093,0.038267606604273655,0.2442079671972136
mortality_rate,state,0,female,85+,0.1519616519692497,0.05499126288394267,0.3764704502221543
qualifying_event_rate,state,0,female,0-17,0.014391014851716693,0.00840423848691171,0.022325636927893168
qualifying_event_rate,state,0,female,18-44,0.02018082522666036,0.012029542636839377,0.03065954086832013
qualifying_event_rate,state,0,female,45-64,0.02829715189324158,0.017216027032120353,0.04273566206590157
qualifying_event_rate,state,0,female,65-74,0.046804187851307834,0.02832875438368683,0.07104264833244253
qualifying_event_rate,state,0,female,75-84,0.05339913581978217,0.03114035520069668,0.08229247342386795
qualifying_event_rate,state,0,female,85+,0.02236666679633008,0.0,0.049461610345096094
person_years_exposure,state,1,male,0-17,7887.2824749909205,7279.8707645959,8685.377924486585
person_years_exposure,state,1,male,18-44,12008.46782166332,11087.000767584335,13194.094578715181
person_years_exposure,state,1,male,45-64,10234.397531037077,9440.81189515603,11270.211588722561
person_years_exposure,state,1,male,65-74,2561.763920503175,2208.6525077755214,2891.761257976182
person_years_exposure,state,1,male,75-84,812.7274785380621,587.8137872036876,984.7348200937524
person_years_exposure,state,1,male,85+,122.02261771802559,66.23478778769598,170.56286562503385
person_years_exposure,state,1,male,18-64,22242.8653527004,20541.797651207486,24445.740273608022
person_years_exposure,state,1,male,65+,3496.5140167592626,2888.4404375574404,4022.5726101536334
mortality_rate,state,1,male,0-17,0.0007755760643030655,0.0001246887171883334,0.0017710039693807059
mortality_rate,state,1,male,18-44,0.0018114189583075951,0.0005259412675263207,0.003881688231008555
mortality_rate,state,1,male,45-64,0.009630036051327088,0.0034094998955333964,0.02030721916273068
mortality_rate,state,1,male,65-74,0.04786548820787754,0.01704220397824236,0.10435649418233221
mortality_rate,state,1,male,75-84,0.10103879900381564,0.036132319142809996,0.24262903636056024
mortality_rate,state,1,male,85+,0.15896500178250636,0.055710767508581255,0.42241087022058244
qualifying_event_rate,state,1,male,0-17,0.021277391967813756,0.012707360070221168,0.032787581594815686
qualifying_event_rate,state,1,male,18-44,0.02639460268421979,0.015924520818758493,0.040160262631325015
qualifying_event_rate,state,1,male,45-64,0.03884865754495091,0.024223059488750354,0.058252360813724924
qualifying_event_rate,state,1,male,65-74,0.05985845696689429,0.036859213489568575,0.08909379641119419
qualifying_event_rate,state,1,male,75-84,0.059140737833748014,0.0340150112669068,0.09190970014650769
qualifying_event_rate,state,1,male,85+,0.026842746904966082,0.0057943965379160575,0.05689695557846084
person_years_exposure,state,1,female,0-17,8367.666535009042,7715.52249382015,9200.058279822524
person_years_exposure,state,1,female,18-44,11691.347467624038,10816.942574027904,12848.629042035534
person_years_exposure,state,1,female,45-64,9813.393286082322,9053.687948421457,10802.08747661958
person_years_exposure,state,1,female,65-74,2616.4692989928412,2269.703170706191,2943.1326172318422
person_years_exposure,state,1,female,75-84,784.9897696170632,563.1579915171636,959.9159056199737
person_years_exposure,state,1,female,85+,92.78599535369062,51.45904768604852,130.54461982535153
person_years_exposure,state,1,female,18-64,21504.740753706363,19882.735068165453,23617.326707335946
person_years_exposure,state,1,female,65+,3494.2450639635954,2907.7080378070796,4007.7467273257116
mortality_rate,state,1,female,0-17,0.0010924911412581908,0.00023688046364826146,0.0024418994710382028
mortality_rate,state,1,female,18-44,0.001887831075384625,0.0005667057541724272,0.004051068423148628
mortality_rate,state,1,female,45-64,0.009870021063444768,0.0034211011518941654,0.020791841182023492
mortality_rate,state,1,female,65-74,0.04208816438752643,0.01469883318415214,0.09251840276332174
mortality_rate,state,1,female,75-84,0.11121998506772388,0.040175393167765576,0.26564879385507556
mortality_rate,state,1,female,85+,0.1426299151137849,0.04739538440598624,0.3716782183947318
qualifying_event_rate,state,1,female,0-17,0.02186563134875433,0.0130089539991701,0.0334979818885869
qualifying_event_rate,state,1,female,18-44,0.027220024929763185,0.01648402444039359,0.04170364275699253
qualifying_event_rate,state,1,female,45-64,0.03864715848725626,0.02387054372546338,0.05818726806505022
qualifying_event_rate,state,1,female,65-74,0.05733570282753932,0.03515096815378059,0.0858079421559539
qualifying_event_rate,state,1,female,75-84,0.06225653335063174,0.03706501490131766,0.09646879539920881
qualifying_event_rate,state,1,female,85+,0.03269493644956327,0.0,0.06999915260252357
person_years_exposure,state,2,male,0-17,6221.242911368469,5668.837813364937,6756.808677441265
person_years_exposure,state,2,male,18-44,9396.189052458749,8574.335672951061,10220.65259336744
person_years_exposure,state,2,male,45-64,8115.629103517941,7378.8301124269765,8797.697477315234
person_years_exposure,state,2,male,65-74,2366.9662676152398,2036.3771516362733,2657.3954822155665
person_years_exposure,state,2,male,75-84,811.984411582694,586.3309205150522,983.778584677314
person_years_exposure,state,2,male,85+,123.68003814821118,71.35532485834834,169.36748185995904
person_years_exposure,state,2,male,18-64,17511.81815597669,15943.317470061702,19023.681676366305
person_years_exposure,state,2,male,65+,3302.630717346145,2716.740698311347,3795.854212223014
mortality_rate,state,2,male,0-17,0.001403645862958139,0.0003157122489406812,0.003166049932574696
mortality_rate,state,2,male,18-44,0.0020118071493626954,0.0006068650959190036,0.004292203633648172
mortality_rate,state,2,male,45-64,0.010237635840466126,0.0036040785767966037,0.021608646825105708
mortality_rate,state,2,male,65-74,0.04520936330039569,0.016162977425900445,0.09874041517502612
mortality_rate,state,2,male,75-84,0.09499350161789552,0.035371449320862274,0.22603008487193918
mortality_rate,state,2,male,85+,0.14857604096026594,0.051681563628969515,0.37186278402646944
qualifying_event_rate,state,2,male,0-17,0.021686886591569806,0.012922627316684606,0.033201139578659104
qualifying_event_rate,state,2,male,18-44,0.030894208717241706,0.018588055138606837,0.04644111449876934
qualifying_event_rate,state,2,male,45-64,0.043367067535045586,0.026763497999006555,0.06398477141190669
qualifying_event_rate,state,2,male,65-74,0.05926947870328935,0.036408191262115926,0.08719972894151835
qualifying_event_rate,state,2,male,75-84,0.05636712192972231,0.03256178407621562,0.0853949805120818
qualifying_event_rate,state,2,male,85+,0.031431032549043045,0.007407637782141014,0.06274646503824947
person_years_exposure,state,2,female,0-17,6281.530949322755,5733.375434454771,6842.478031460487
person_years_exposure,state,2,female,18-44,8923.394213309266,8136.844589614933,9711.141493645539
person_years_exposure,state,2,female,45-64,8265.756882900378,7518.4045740859765,8988.28273865516
person_years_exposure,state,2,female,65-74,2661.669842990729,2303.723051403777,2974.291469586242
person_years_exposure,state,2,female,75-84,835.8350774905535,581.4265635743994,1032.162212807234
person_years_exposure,state,2,female,85+,69.35663007654045,38.26383348560707,99.3126928015306
person_years_exposure,state,2,female,18-64,17189.151096209644,15654.02426389584,18688.566359733286
person_years_exposure,state,2,female,65+,3566.861550557823,2946.4430856220138,4085.5710654024174
mortality_rate,state,2,female,0-17,0.003213942066890019,0.0009471609497227714,0.006917369271675272
mortality_rate,state,2,female,18-44,0.0023183931566423586,0.0007070760602406399,0.004999955305774174
mortality_rate,state,2,female,45-64,0.009942303557525341,0.0034228593095697825,0.021259670359996378
mortality_rate,state,2,female,65-74,0.04217905830173268,0.014400380290113216,0.09082497366015636
mortality_rate,state,2,female,75-84,0.11157963696382521,0.041257918940847176,0.2660929731699531
mortality_rate,state,2,female,85+,0.12401073680929288,0.03668714343454057,0.31917941858081217
qualifying_event_rate,state,2,female,0-17,0.024393576206572766,0.014553602363444561,0.036702756201297024
qualifying_event_rate,state,2,female,18-44,0.03242847198109333,0.019811261287336256,0.04822213683872571
qualifying_event_rate,state,2,female,45-64,0.044186207275492995,0.027617913494329214,0.06499688428255787
qualifying_event_rate,state,2,female,65-74,0.06612505367242867,0.04130705532027822,0.09690872044952102
qualifying_event_rate,state,2,female,75-84,0.06114676481828553,0.036154577331646696,0.09194201551584644
qualifying_event_rate,state,2,female,85+,0.026344679992331033,0.0,0.06274280693029023
person_years_exposure,state,3,male,0-17,4435.458373064936,4163.3655692599905,4751.005984239221
person_years_exposure,state,3,male,18-44,5554.894913876434,5206.097484162409,5961.890261390451
person_years_exposure,state,3,male,45-64,5012.203999675697,4698.308981765378,5383.252765699261
person_years_exposure,state,3,male,65-74,1350.9702327401392,1176.0596211648574,1496.3281930181947
person_years_exposure,state,3,male,75-84,478.5540549198851,349.9739631763843,570.7159482990346
person_years_exposure,state,3,male,85+,66.59172970632275,34.311012464599685,96.66793552487397
person_years_exposure,state,3,male,18-64,10567.09891355213,9915.572471293613,11335.955260810853
person_years_exposure,state,3,male,65+,1896.116017366347,1571.4008880001293,2155.1812612836543
mortality_rate,state,3,male,0-17,0.0010502191054903636,7.116103217525652e-05,0.0025333437414667417
mortality_rate,state,3,male,18-44,0.0018903126781065114,0.00037998549309639987,0.004182698566895636
mortality_rate,state,3,male,45-64,0.010455145144908435,0.0034780355072212767,0.022688975291702395
mortality_rate,state,3,male,65-74,0.044825749193669925,0.015225425528342896,0.10078093479099093
mortality_rate,state,3,male,75-84,0.09550415474938469,0.03326484602802144,0.23075944314313726
mortality_rate,state,3,male,85+,0.15140972213155585,0.04753806328332508,0.41307335129683076
qualifying_event_rate,state,3,male,0-17,0.02588889172307849,0.015260053604622077,0.03984906316212331
qualifying_event_rate,state,3,male,18-44,0.041105331698217555,0.024957828510964526,0.061979731443674795
qualifying_event_rate,state,3,male,45-64,0.05263381460011549,0.032260872424998976,0.07853389742408982
qualifying_event_rate,state,3,male,65-74,0.07410134681850247,0.045435848900137424,0.10914397210939056
qualifying_event_rate,state,3,male,75-84,0.05900812865427352,0.03233093199933337,0.09326515386937143
qualifying_event_rate,state,3,male,85+,0.028238423008218858,0.0,0.06827133991843119
person_years_exposure,state,3,female,0-17,4074.5857656117582,3818.5540441136695,4368.69726190346
person_years_exposure,state,3,female,18-44,5878.651082673641,5523.711738534667,6298.089441943281
person_years_exposure,state,3,female,45-64,5241.18575827142,4910.177247217376,5625.192372815223
person_years_exposure,state,3,female,65-74,1341.190085977808,1175.7024049512904,1479.5282511562732
person_years_exposure,state,3,female,75-84,493.74102378754486,354.84075946506977,599.2022038481039
person_years_exposure,state,3,female,85+,61.98175240463623,31.19814184239411,90.51853226581423
person_years_exposure,state,3,female,18-64,11119.836840945061,10442.522797160134,11923.351554378733
person_years_exposure,state,3,female,65+,1896.912862169989,1573.3616788685972,2158.4595486610365
mortality_rate,state,3,female,0-17,0.0011962009681168691,0.00022632086940200488,0.0028097410426766315
mortality_rate,state,3,female,18-44,0.0021933590490883777,0.000529144898647375,0.0048782985938017566
mortality_rate,state,3,female,45-64,0.01081093324837385,0.003618455973082039,0.02321095873969007
mortality_rate,state,3,female,65-74,0.042050754904188574,0.013890222347583414,0.09425951177082616
mortality_rate,state,3,female,75-84,0.10473692420527925,0.035533509048047654,0.2537842472215796
mortality_rate,state,3,female,85+,0.13540741422946742,0.04036085237439524,0.384564059450396
qualifying_event_rate,state,3,female,0-17,0.027850139292896925,0.01616525950498988,0.04253826031051492
qualifying_event_rate,state,3,female,18-44,0.041629619554239376,0.025420440475693216,0.06248156002574365
qualifying_event_rate,state,3,female,45-64,0.054390354869104936,0.03344021120818677,0.08032025689040402
qualifying_event_rate,state,3,female,65-74,0.07400918338131326,0.04541427055523366,0.10861820789908679
qualifying_event_rate,state,3,female,75-84,0.061785686330872794,0.03407271427536401,0.09595609921929896
qualifying_event_rate,state,3,female,85+,0.03687599875305976,0.0,0.08553545416310203
person_years_exposure,state,4,male,0-17,3720.685213688401,3339.408419189613,4150.946467909504
person_years_exposure,state,4,male,18-44,5259.176394004226,4699.117772049902,5871.378696290481
person_years_exposure,state,4,male,45-64,5247.890265817377,4708.603692715669,5861.328052722207
person_years_exposure,state,4,male,65-74,1511.8003898386032,1281.0748673609714,1738.9573413675148
person_years_exposure,state,4,male,75-84,523.7543271610513,374.03835330898573,646.8965179905146
person_years_exposure,state,4,male,85+,79.06269774529413,38.76840792974029,119.54910708268024
person_years_exposure,state,4,male,18-64,10507.066659821603,9409.845928621684,11727.552784764986
person_years_exposure,state,4,male,65+,2114.6174147449483,1708.351687262957,2487.5308269348066
mortality_rate,state,4,male,0-17,0.001721005660178449,0.0002662234962431718,0.0039833238416491475
mortality_rate,state,4,male,18-44,0.002394066935433899,0.0005927254237828282,0.0053404589287466275
mortality_rate,state,4,male,45-64,0.01027133367905025,0.0034406923429968574,0.022124477484502893
mortality_rate,state,4,male,65-74,0.04555923272360211,0.01550913083024699,0.10526759620439202
mortality_rate,state,4,male,75-84,0.09610708103002184,0.03307867039865402,0.24288949981032165
mortality_rate,state,4,male,85+,0.130102355555068,0.039612931639304,0.35459321050779935
qualifying_event_rate,state,4,male,0-17,0.020257709068333532,0.01150882308310114,0.031760384803713126
qualifying_event_rate,state,4,male,18-44,0.028696854851649394,0.01701932254437468,0.044042092731828006
qualifying_event_rate,state,4,male,45-64,0.03890970224478314,0.02357254890131512,0.05866103372439381
qualifying_event_rate,state,4,male,65-74,0.0545945038747943,0.03220834078771988,0.08250114756097361
qualifying_event_rate,state,4,male,75-84,0.05341849129455702,0.0286839995197904,0.08491976895780265
qualifying_event_rate,state,4,male,85+,0.024646772795231545,0.0,0.06033508402871717
person_years_exposure,state,4,female,0-17,3609.762620671002,3232.0947578753944,4028.266581205081
person_years_exposure,state,4,female,18-44,5096.902844897901,4551.824334915151,5687.911615960255
person_years_exposure,state,4,female,45-64,5102.189549249503,4572.408908186768,5697.793286932401
person_years_exposure,state,4,female,65-74,1532.4589805091307,1313.7305446079874,1750.6129862734242
person_years_exposure,state,4,female,75-84,479.0338034330287,341.36667367087045,593.6313266400022
person_years_exposure,state,4,female,85+,45.9312107043314,22.57324076513806,65.77370948053446
person_years_exposure,state,4,female,18-64,10199.092394147403,9120.778315301164,11374.351832405213
person_years_exposure,state,4,female,65+,2057.423994646491,1697.262450429512,2388.868833623143
mortality_rate,state,4,female,0-17,0.002809763186897493,0.0006157333799592965,0.006523882629930424
mortality_rate,state,4,female,18-44,0.002260199945302423,0.0005954179197235682,0.005072784878510445
mortality_rate,state,4,female,45-64,0.010570484821645467,0.003448042306015895,0.02295673577715599
mortality_rate,state,4,female,65-74,0.04237444835805419,0.014600259800767363,0.09610304991162179
mortality_rate,state,4,female,75-84,0.10532172902161659,0.036226599641066504,0.2584433808179017
mortality_rate,state,4,female,85+,0.13496088712705487,0.034300613715192926,0.38072706354551666
qualifying_event_rate,state,4,female,0-17,0.020585992677043887,0.011811543988322211,0.03215482229494373
qualifying_event_rate,state,4,female,18-44,0.028438858192640224,0.016967542088888496,0.04374350893145001
qualifying_event_rate,state,4,female,45-64,0.034862196599970294,0.021048082337742784,0.053292007072801864
qualifying_event_rate,state,4,female,65-74,0.05077493868114434,0.029292744045271303,0.07780415629331666
qualifying_event_rate,state,4,female,75-84,0.05754947370286854,0.030822797429283434,0.09284271011595796
qualifying_event_rate,state,4,female,85+,0.032282678467002016,0.0,0.08240394568598582
person_years_exposure,state,5,male,0-17,712.542348814068,622.1220553311581,801.1421460025796
person_years_exposure,state,5,male,18-44,1078.8593255841272,991.2855933541523,1158.2910007069843
person_years_exposure,state,5,male,45-64,1769.0196024761606,1608.5147401082831,1927.4620386327858
person_years_exposure,state,5,male,65-74,492.22283131143223,416.0732396180766,566.2678585093477
person_years_exposure,state,5,male,75-84,148.59681212430914,102.27942637084578,192.39075577751967
person_years_exposure,state,5,male,85+,36.23280707443157,5.264304070173019,107.26924978159612
person_years_exposure,state,5,male,18-64,2847.8789280602878,2606.8942180784347,3073.7186582033078
person_years_exposure,state,5,male,65+,677.0524505101729,535.9590246562362,845.6566447192754
mortality_rate,state,5,male,0-17,0.006934434701862063,0.0012686777110878737,0.016576908404215034
mortality_rate,state,5,male,18-44,0.0020556179200607837,0.0,0.0055436521074058226
mortality_rate,state,5,male,45-64,0.010292159128431908,0.0028541521634870815,0.022612427656063087
mortality_rate,state,5,male,65-74,0.04199435371076127,0.011937735212540457,0.09388375937349751
mortality_rate,state,5,male,75-84,0.09448650182665393,0.025297019636551746,0.23744783783250434
mortality_rate,state,5,male,85+,0.11101578181877904,0.0,0.45584513774328267
qualifying_event_rate,state,5,male,0-17,0.027265800620932177,0.01335873782305544,0.04486823587345387
qualifying_event_rate,state,5,male,18-44,0.03905723232575529,0.022006551938996064,0.060698383855871146
qualifying_event_rate,state,5,male,45-64,0.052297682213641124,0.031405518541301226,0.07862631982305247
qualifying_event_rate,state,5,male,65-74,0.05666376202144147,0.03148625876950616,0.08989385285989895
qualifying_event_rate,state,5,male,75-84,0.06041655698898815,0.025292642318388736,0.10203112683388567
qualifying_event_rate,state,5,male,85+,0.018429378787127828,0.0,0.0874327611336244
person_years_exposure,state,5,female,0-17,778.8805009698838,713.3996054940156,839.6040801628529
person_years_exposure,state,5,female,18-44,1046.0300679348445,960.8761388441824,1119.580777504581
person_years_exposure,state,5,female,45-64,1682.065477414776,1523.6889095616777,1833.0084922033373
person_years_exposure,state,5,female,65-74,420.6888173792926,358.0100831396073,477.8748865241943
person_years_exposure,state,5,female,75-84,137.64948154155678,94.15220951582417,173.38861816865557
person_years_exposure,state,5,female,85+,15.53343566586467,6.206176486595014,26.378214522834266
person_years_exposure,state,5,female,18-64,2728.095545349621,2492.3604404423304,2944.7312635646435
person_years_exposure,state,5,female,65+,573.8717345867141,467.9055923162385,668.463958061636
mortality_rate,state,5,female,0-17,0.0033274441361855695,0.0,0.008692070203062497
mortality_rate,state,5,female,18-44,0.0049559589061190425,0.0009050699317043593,0.011770567722671032
mortality_rate,state,5,female,45-64,0.011048892678104221,0.0029723169241494085,0.024250143006986198
mortality_rate,state,5,female,65-74,0.04192325903381106,0.01185340380432649,0.09718018426495376
mortality_rate,state,5,female,75-84,0.10286041646300247,0.02975284412108036,0.2613722713334591
mortality_rate,state,5,female,85+,0.1340120042783867,0.0,0.5194910478856211
qualifying_event_rate,state,5,female,0-17,0.02962015513760386,0.0148645017173616,0.04752288898344998
qualifying_event_rate,state,5,female,18-44,0.040763770806787634,0.022903678619090217,0.0633734462738821
qualifying_event_rate,state,5,female,45-64,0.04756202566454695,0.028602105300691936,0.07278110687690832
qualifying_event_rate,state,5,female,65-74,0.07094943356695992,0.04104467151188749,0.10883990641969928
qualifying_event_rate,state,5,female,75-84,0.05960449846837352,0.022038934716636215,0.10531423598676445
qualifying_event_rate,state,5,female,85+,0.030642057558425587,0.0,0.1250878197703926
