estimand,level,unit,sex,age_band,estimate,lower,upper
children_under_16,county,0,,,1023.3331356032817,617.4192638202251,1429.2470073863383
children_under_16,county,1,,,1133.5427885594547,754.9094471450869,1512.1761299738225
children_under_16,county,2,,,2614.148533479831,1761.5641140493663,3466.7329529102954
children_under_16,county,3,,,1612.5280759174088,1021.834055760008,2203.2220960748095
children_under_16,county,4,,,1145.9594730255474,779.8211553744411,1512.0977906766536
children_under_16,county,5,,,1271.6608274992518,780.8576921209262,1762.4639628775774
children_under_16,county,6,,,291.03573503027525,156.9691459178177,425.10232414273275
children_under_16,county,7,,,622.6233456092973,418.137567900172,827.1091233184227
children_under_16,county,8,,,731.4296102292066,462.86015958654997,999.9990608718631
children_under_16,county,9,,,395.429111792027,263.498358138144,527.35986544591
children_under_16,county,10,,,661.806420934356,376.93468996370086,946.6781519050111
children_under_16,county,11,,,999.7353076860902,618.5646323965063,1380.905982975674
children_under_16,county,12,,,317.9346259705677,189.78004537976335,446.08920656137207
children_under_16,county,13,,,424.77535666501007,222.2853070306868,627.2654062993333
children_under_16,county,14,,,380.58382577344815,243.48286302279104,517.6847885241052
children_under_16,county,15,,,572.6634674799327,398.5980922249695,746.7288427348959
children_under_16,county,16,,,410.65026843229896,240.906295148762,580.394241715836
children_under_16,county,17,,,283.8436715060689,188.32030304650928,379.3670399656286
children_under_16,nation,0,,,14893.683581193356,13339.646446149976,16447.720716236738
children_under_16,state,0,,,1023.3331356032817,651.5813376825217,1395.0849335240416
children_under_16,state,1,,,1133.5427885594547,800.7273580795049,1466.3582190394045
children_under_16,state,2,,,3613.883841165921,2672.059400561709,4555.708281770132
children_under_16,state,3,,,2343.9576861466153,1570.037279228426,3117.8780930648045
children_under_16,state,4,,,3401.102895186322,2455.926933516515,4346.278856856129
children_under_16,state,5,,,3377.8632345317596,2423.535323696646,4332.191145366873
elders_65_plus,county,0,,,611.634007043877,369.0241283292554,854.2438857584985
elders_65_plus,county,1,,,817.5913364820103,544.4941558832688,1090.6885170807518
elders_65_plus,county,2,,,1847.7727385118558,1245.1358847419226,2450.4095922817887
elders_65_plus,county,3,,,906.8147907643665,574.6344819098676,1238.9950996188654
elders_65_plus,county,4,,,855.3438185706846,582.0582843816742,1128.629352759695
elders_65_plus,county,5,,,904.4090365605853,555.3483584225798,1253.4697146985907
elders_65_plus,county,6,,,173.12417841163813,93.37394399410032,252.87441282917592
elders_65_plus,county,7,,,651.5277990161435,437.5490434483545,865.5065545839325
elders_65_plus,county,8,,,417.2034621526068,264.0129116614561,570.3940126437575
elders_65_plus,county,9,,,318.11938434634726,211.9822060831633,424.2565626095312
elders_65_plus,county,10,,,354.7398168396499,202.0435865361549,507.43604714314495
elders_65_plus,county,11,,,707.76281685366,437.9129588253624,977.6126748819574
elders_65_plus,county,12,,,236.97564901753773,141.4543926669079,332.4969053681676
elders_65_plus,county,13,,,386.4510268483765,202.23015249695996,570.6719011997931
elders_65_plus,county,14,,,455.4433978194415,291.3751319319523,619.5116637069307
elders_65_plus,county,15,,,468.5452892963103,326.12741870259106,610.9631598900295
elders_65_plus,county,16,,,293.10019899769435,171.9460292025606,414.25436879282813
elders_65_plus,county,17,,,279.3801768599001,185.35893117602524,373.4014225437749
elders_65_plus,nation,0,,,10685.938924392685,9512.995164391714,11858.882684393657
elders_65_plus,state,0,,,611.634007043877,389.4423923318252,833.8256217559288
elders_65_plus,state,1,,,817.5913364820103,577.5412780684759,1057.6413948955446
elders_65_plus,state,2,,,2555.535555365516,1889.7441604348828,3221.326950296149
elders_65_plus,state,3,,,1324.0182529169733,886.8542650985532,1761.1822407353934
elders_65_plus,state,4,,,3028.359865908827,2170.1533119776036,3886.5664198400505
elders_65_plus,state,5,,,2348.799906675482,1690.4305778438572,3007.1692355071064
households,county,0,,,1766.8715034550414,1066.0267560719917,2467.716250838091
households,county,1,,,2066.709337790169,1376.3736308388443,2757.0450447414933
households,county,2,,,4853.754631252614,3270.739924419634,6436.7693380855935
households,county,3,,,2670.07207259416,1691.9832999237428,3648.1608452645773
households,county,4,,,2317.077661344559,1576.7627228486986,3057.3925998404197
households,county,5,,,2113.9369347464412,1298.0536008185427,2929.82026867434
households,county,6,,,501.31221641755485,270.3810597040461,732.2433731310637
households,county,7,,,1680.985065767048,1128.9056409995433,2233.0644905345525
households,county,8,,,1434.276071861261,907.6324532511586,1960.9196904713635
households,county,9,,,1055.1008935221557,703.0776056250454,1407.124181419266
households,county,10,,,1102.9609622829073,628.1961540554626,1577.725770510352
households,county,11,,,1948.1756139294748,1205.3915903633444,2690.9596374956054
households,county,12,,,729.1765431284496,435.2566412743818,1023.0964449825174
households,county,13,,,1002.5421003442386,524.6311375872847,1480.4530631011926
households,county,14,,,1238.5240431844843,792.359946837656,1684.6881395313126
households,county,15,,,1390.1881159666061,967.629964762038,1812.7462671711742
households,county,16,,,836.5504471335684,490.75888758907035,1182.3420066780664
households,county,17,,,753.0021788363623,499.5904885274623,1006.4138691452623
households,nation,0,,,29461.216393557093,26253.578333679296,32668.85445343489
households,state,0,,,1766.8715034550414,1125.0104757486095,2408.732531161473
households,state,1,,,2066.709337790169,1459.9102254181616,2673.508450162176
households,state,2,,,6801.930245182089,5046.905380228196,8556.955110135981
households,state,3,,,4104.348144455421,2749.0396154715168,5459.6566734393255
households,state,4,,,8434.877958621215,6054.145860921708,10815.610056320722
households,state,5,,,6286.479204053159,4555.471059822093,8017.487348284226
low_income_household_share,county,0,,,0.3176584756836359,0.21577069427059462,0.41954625709667726
low_income_household_share,county,1,,,0.23089289318728753,0.14341573942237612,0.31837004695219895
low_income_household_share,county,2,,,0.2659967022554746,0.16566194240883406,0.3663314621021152
low_income_household_share,county,3,,,0.40394753112684334,0.3094689322520249,0.4984261300016618
low_income_household_share,county,4,,,0.32459477735507547,0.23487191998526377,0.41431763472488714
low_income_household_share,county,5,,,0.2776386444193881,0.18397641244837293,0.3713008763904033
low_income_household_share,county,6,,,0.3174027469449272,0.23328985473231797,0.4015156391575364
low_income_household_share,county,7,,,0.30658176346507593,0.21718507283341054,0.3959784540967413
low_income_household_share,county,8,,,0.43032127480644733,0.32529525050892133,0.5353472991039734
low_income_household_share,county,9,,,0.38349311912553347,0.2883335276839849,0.47865271056708203
low_income_household_share,county,10,,,0.36873433113574255,0.2611392205886697,0.47632944168281544
low_income_household_share,county,11,,,0.3341601649758412,0.24598502300677683,0.4223353069449056
low_income_household_share,county,12,,,0.3178882032380503,0.22722683566227403,0.40854957081382653
low_income_household_share,county,13,,,0.41253665466752887,0.3071720893535731,0.5179012199814846
low_income_household_share,county,14,,,0.3707396056731335,0.28065582635717445,0.4608233849890926
low_income_household_share,county,15,,,0.32253151132409547,0.22408484582064067,0.42097817682755023
low_income_household_share,county,16,,,0.395260205175393,0.28586924756022714,0.5046511627905589
low_income_household_share,county,17,,,0.38101398385480467,0.25934405932228344,0.5026839083873259
low_income_household_share,nation,0,,,0.3236195514904205,0.30277494230797536,0.3444641606728656
low_income_household_share,state,0,,,0.3176584756836359,0.25752481205608296,0.3777921393111889
low_income_household_share,state,1,,,0.23089289318728753,0.20110715950805857,0.2606786268665165
low_income_household_share,state,2,,,0.28431109400591226,0.23242873583896262,0.3361934521728619
low_income_household_share,state,3,,,0.4125850884709953,0.3695557796265312,0.4556143973154594
low_income_household_share,state,4,,,0.33795636685902947,0.3084095454268489,0.36750318829121004
low_income_household_share,state,5,,,0.3345001127800672,0.3005113229629206,0.3684889025972138
mean_income_adults,county,0,,,25325.604065212687,18974.185447142332,31677.02268328304
mean_income_adults,county,1,,,28751.057880890377,22740.65180355003,34761.46395823072
mean_income_adults,county,2,,,27358.342164499132,19929.715982611422,34786.96834638684
mean_income_adults,county,3,,,26193.943658550692,20935.24016269304,31452.647154408343
mean_income_adults,county,4,,,22328.42197972416,17904.376301251807,26752.467658196514
mean_income_adults,county,5,,,23670.69677808161,18215.93907427325,29125.454481889967
mean_income_adults,county,6,,,18817.523183862468,15550.825629428678,22084.220738296255
mean_income_adults,county,7,,,25854.042563122377,20676.040645310688,31032.044480934066
mean_income_adults,county,8,,,27946.94792655087,21691.916475343467,34201.979377758274
mean_income_adults,county,9,,,25204.24306215092,20000.11142026198,30408.37470403986
mean_income_adults,county,10,,,22242.410390713347,16684.072506356402,27800.74827507029
mean_income_adults,county,11,,,26005.16685252838,21063.94772294617,30946.385982110587
mean_income_adults,county,12,,,22391.596634186742,17832.669819967152,26950.523448406333
mean_income_adults,county,13,,,24869.147290957888,19168.637491012603,30569.657090903173
mean_income_adults,county,14,,,25807.790538526977,20851.462517202315,30764.11855985164
mean_income_adults,county,15,,,24584.70059338126,18808.904763075665,30360.496423686858
mean_income_adults,county,16,,,23701.876234522824,17879.0811314172,29524.67133762845
mean_income_adults,county,17,,,24442.144924116903,17424.538024573074,31459.751823660732
mean_income_adults,nation,0,,,25473.8122915879,23843.571455713485,27104.053127462314
mean_income_adults,state,0,,,25325.604065212687,20531.394331804524,30119.81379862085
mean_income_adults,state,1,,,28751.057880890377,25042.102870561605,32460.01289121915
mean_income_adults,state,2,,,27003.309768655294,21972.50954004679,32034.109997263797
mean_income_adults,state,3,,,26764.36381188477,23972.095308565706,29556.632315203835
mean_income_adults,state,4,,,24345.79770368218,22376.1269221662,26315.46848519816
mean_income_adults,state,5,,,23050.928473649044,20865.277645278016,25236.579302020073
median_household_income,county,0,,,29403.3,22029.23434802876,36777.36565197124
median_household_income,county,1,,,45299.44000000002,35829.59612141774,54769.2838785823
median_household_income,county,2,,,40269.46399964084,29335.07357497187,51203.8544243098
median_household_income,county,3,,,33135.38313770465,26483.114299753306,39787.651975656
median_household_income,county,4,,,32828.60220798302,26324.10153792226,39333.102878043785
median_household_income,county,5,,,41299.96849870536,31782.660096362106,50817.27690104862
median_household_income,county,6,,,35672.12885907127,29479.49367713038,41864.76404101216
median_household_income,county,7,,,37068.58200112546,29644.551959256187,44492.61204299473
median_household_income,county,8,,,31822.477830981592,24700.03282513417,38944.92283682901
median_household_income,county,9,,,27665.96752152181,21953.542965577362,33378.392077466255
median_household_income,county,10,,,29438.601419628645,22081.9484913325,36795.25434792479
median_household_income,county,11,,,31263.680568742384,25323.295822762648,37204.065314722124
median_household_income,county,12,,,35338.01357920131,28143.19758195753,42532.82957644509
median_household_income,county,13,,,25568.18086047323,19707.438477283657,31428.9232436628
median_household_income,county,14,,,29773.67950762231,24055.71144595224,35491.64756929238
median_household_income,county,15,,,34962.39721264911,26748.521787512866,43176.27263778536
median_household_income,county,16,,,27046.914322101497,20402.350039065503,33691.47860513749
median_household_income,county,17,,,28138.5817515256,20059.68744597526,36217.47605707593
median_household_income,nation,0,,,35137.56099311072,32578.108334904624,37697.01365131681
median_household_income,state,0,,,29403.3,23837.170691046973,34969.429308953026
median_household_income,state,1,,,45299.44000000002,39455.7042442886,51143.17575571143
median_household_income,state,2,,,37854.87409876143,30502.33522488088,45207.41297264198
median_household_income,state,3,,,32704.8688146298,29343.059192217304,36066.6784370423
median_household_income,state,4,,,32652.785476166388,29811.726601525937,35493.84435080684
median_household_income,state,5,,,34168.8489804252,30484.885381658663,37852.81257919174
persons,county,0,,,3968.8503027954757,2394.571764472435,5543.128841118516
persons,county,1,,,4653.031647221369,3098.7957259349964,6207.267568507741
persons,county,2,,,9860.926743444763,6644.86139943968,13076.992087449846
persons,county,3,,,6596.7689025727595,4180.270237336737,9013.267567808782
persons,county,4,,,5691.922652157554,3873.332175690739,7510.513128624369
persons,county,5,,,5443.794413240092,3342.7378196926884,7544.851006787495
persons,county,6,,,1195.569541286301,644.8264154281451,1746.312667144457
persons,county,7,,,3539.6896404053923,2377.1630598145107,4702.2162209962735
persons,county,8,,,3194.5101935655393,2021.5362863574214,4367.484100773658
persons,county,9,,,2041.1184579222934,1360.1208064591183,2722.1161093854685
persons,county,10,,,2662.8886935333426,1516.6596943676298,3809.1176926990556
persons,county,11,,,3619.8171748003056,2239.6837071357786,4999.9506424648325
persons,county,12,,,1489.5803458654834,889.1533118551388,2090.007379875828
persons,county,13,,,1964.6677572520548,1028.1123157963025,2901.223198707807
persons,county,14,,,2333.620840135363,1492.9606696004,3174.2810106703255
persons,county,15,,,3061.5226958627145,2130.9498076496134,3992.0955840758156
persons,county,16,,,1827.2492126442269,1071.9482537101642,2582.5501715782893
persons,county,17,,,1567.0162231387885,1039.6602061074432,2094.372240170134
persons,nation,0,,,64712.54543784382,57785.09067861078,71640.00019707686
persons,state,0,,,3968.8503027954757,2527.0644518245035,5410.636153766448
persons,state,1,,,4653.031647221369,3286.8717224823786,6019.191571960359
persons,state,2,,,13480.743918245069,9938.441272432121,17023.046564058015
persons,state,3,,,9791.2790961383,6558.291860326462,13024.266331950137
persons,state,4,,,18234.890509622106,13169.557869693996,23300.223149550216
persons,state,5,,,14583.7499638215,10554.11611709738,18613.38381054562
tertiary_share_25_plus,county,0,,,0.40535716967790536,0.3796920763117884,0.4310222630440223
tertiary_share_25_plus,county,1,,,0.39299399815852476,0.3681250500342499,0.41786294628279963
tertiary_share_25_plus,county,2,,,0.41121256682937335,0.38874918988774626,0.43367594377100044
tertiary_share_25_plus,county,3,,,0.38970287078681637,0.3656091897428153,0.4137965518308174
tertiary_share_25_plus,county,4,,,0.3861687769731713,0.3612662342474252,0.4110713196989174
tertiary_share_25_plus,county,5,,,0.38579285999607515,0.36081621198872355,0.41076950800342676
tertiary_share_25_plus,county,6,,,0.3599993327092057,0.32274944788885757,0.39724921752955383
tertiary_share_25_plus,county,7,,,0.33971649068234877,0.31294207949921593,0.3664909018654816
tertiary_share_25_plus,county,8,,,0.36186689329679994,0.33434648748262763,0.38938729911097225
tertiary_share_25_plus,county,9,,,0.3635356264796089,0.3320144325435657,0.3950568204156521
tertiary_share_25_plus,county,10,,,0.34004536700180665,0.31042483168958696,0.36966590231402635
tertiary_share_25_plus,county,11,,,0.3777892140917789,0.3516729117766262,0.4039055164069316
tertiary_share_25_plus,county,12,,,0.37549575519497297,0.341213738500932,0.40977777188901393
tertiary_share_25_plus,county,13,,,0.31578275836466485,0.2851883596874981,0.3463771570418316
tertiary_share_25_plus,county,14,,,0.3477980725909627,0.31784717857809014,0.3777489666038352
tertiary_share_25_plus,county,15,,,0.3804702734012792,0.35203121645678337,0.40890933034577504
tertiary_share_25_plus,county,16,,,0.3730392321742939,0.34093715912925343,0.4051413052193344
tertiary_share_25_plus,county,17,,,0.34750992231677336,0.31382975091505977,0.38119009371848694
tertiary_share_25_plus,nation,0,,,0.38095330902650026,0.36036066259736066,0.40154595545563987
tertiary_share_25_plus,state,0,,,0.40535716967790536,0.3796920763117884,0.4310222630440223
tertiary_share_25_plus,state,1,,,0.39299399815852465,0.3681250500342498,0.4178629462827995
tertiary_share_25_plus,state,2,,,0.40219069503896643,0.380220783522586,0.4241606065553469
tertiary_share_25_plus,state,3,,,0.3806161181283511,0.3578115358429298,0.4034207004137724
tertiary_share_25_plus,state,4,,,0.36550622682356315,0.34382569938535074,0.38718675426177557
tertiary_share_25_plus,state,5,,,0.3632291795672304,0.34094553232827235,0.3855128268061884
person_years_exposure,county,0,male,0-17,2837.382822740186,1884.418498090471,3952.3497594906926
person_years_exposure,county,0,male,18-44,3053.1075812910162,2031.3239415865203,4250.736285369207
person_years_exposure,county,0,male,45-64,3096.1389965971025,2054.9982714776725,4321.47078632421
person_years_exposure,county,0,male,65-74,892.061534378494,588.8908685031083,1258.4118147798456
person_years_exposure,county,0,male,75-84,536.4587481690254,349.3207186114804,773.6084207838112
person_years_exposure,county,0,male,85+,208.01720973559924,120.88271286421809,321.5764811159107
person_years_exposure,county,0,male,18-64,6149.246577888119,4086.520085748164,8552.016455673282
person_years_exposure,county,0,male,65+,1636.5374922831186,1074.7240283336778,2340.026943507147
mortality_rate,county,0,male,0-17,0.005415972556413529,0.0014375278781066185,0.011706830156891982
mortality_rate,county,0,male,18-44,0.0011203044980169577,0.0,0.002874131713106759
mortality_rate,county,0,male,45-64,0.005107325058283786,0.001410400204537601,0.01115196837072826
mortality_rate,county,0,male,65-74,0.022250295576670832,0.006446801938007968,0.04836132962449261
mortality_rate,county,0,male,75-84,0.055160602113232,0.01753553702318762,0.12200641248716486
mortality_rate,county,0,male,85+,0.1583206563953287,0.05960702341816353,0.36318947524457884
qualifying_event_rate,county,0,male,0-17,0.028574280222328673,0.018902907284460004,0.040640312617895955
qualifying_event_rate,county,0,male,18-44,0.03900210966964932,0.02679902380941153,0.054279862571411645
qualifying_event_rate,county,0,male,45-64,0.05084631092685916,0.035996219475597814,0.06973481381183555
qualifying_event_rate,county,0,male,65-74,0.08087253642808759,0.05652438855365693,0.1107622384122163
qualifying_event_rate,county,0,male,75-84,0.09557706260979237,0.06555512101569388,0.13109270080027177
qualifying_event_rate,county,0,male,85+,0.07475920854672148,0.042418744743700484,0.11264581449422914
person_years_exposure,county,0,female,0-17,2650.933133382239,1758.5135970506433,3695.8873388830534
person_years_exposure,county,0,female,18-44,3131.930121245543,2079.7642364592043,4342.353414711457
person_years_exposure,county,0,female,45-64,2796.864559255997,1861.6792379436358,3898.3500268661483
person_years_exposure,county,0,female,65-74,876.824505964624,582.6688501514853,1232.8344322591447
person_years_exposure,county,0,female,75-84,506.25883592614593,326.7411014765266,733.5097683472991
person_years_exposure,county,0,female,85+,224.78597281088275,128.6128460932189,346.69774133677066
person_years_exposure,county,0,female,18-64,5928.79468050154,3938.6445671795077,8233.785417699439
person_years_exposure,county,0,female,65+,1607.869314701653,1048.2433694932427,2303.0204527311844
mortality_rate,county,0,female,0-17,0.0025313536332726575,0.00040723334407623317,0.005622917985747272
mortality_rate,county,0,female,18-44,0.0010751157815299204,0.0,0.0026557120457564426
mortality_rate,county,0,female,45-64,0.0074452093572379705,0.002205273489290168,0.015983593118111216
mortality_rate,county,0,female,65-74,0.023403209733428586,0.006730563812612212,0.05214005252822416
mortality_rate,county,0,female,75-84,0.06833998058173307,0.022072060036440667,0.15048242532946277
mortality_rate,county,0,female,85+,0.16201566586011953,0.060457584661631855,0.36510342774139454
qualifying_event_rate,county,0,female,0-17,0.026501760322266112,0.017543781676253763,0.038110920916459824
qualifying_event_rate,county,0,female,18-44,0.038111731944558906,0.026399006310419512,0.05302124102145456
qualifying_event_rate,county,0,female,45-64,0.052145271474120375,0.03723813386136619,0.07111581813303476
qualifying_event_rate,county,0,female,65-74,0.08003145677746604,0.055240407664288414,0.10896891363744639
qualifying_event_rate,county,0,female,75-84,0.0841787577562709,0.05547036986160258,0.11795506482337656
qualifying_event_rate,county,0,female,85+,0.09453653956353787,0.05822048095421541,0.14124372646204195
person_years_exposure,county,1,male,0-17,3103.467150892463,2283.3415470496557,4467.107221790329
person_years_exposure,county,1,male,18-44,3516.878320495842,2595.122525989749,5098.546079976451
person_years_exposure,county,1,male,45-64,3284.5602445863933,2423.747394186586,4752.1898926936055
person_years_exposure,county,1,male,65-74,1145.8744103944953,847.1640636971495,1646.810408568924
person_years_exposure,county,1,male,75-84,654.41137509073,476.596043428204,914.600812144942
person_years_exposure,county,1,male,85+,280.6851833837981,169.49435880485612,413.63704202775887
person_years_exposure,county,1,male,18-64,6801.438565082235,5015.338473469897,9857.268404736995
person_years_exposure,county,1,male,65+,2080.970968869023,1520.540466988156,2903.087529732322
mortality_rate,county,1,male,0-17,0.00340738487539945,0.0007705265062067112,0.007602162556857947
mortality_rate,county,1,male,18-44,0.0011026624563323685,0.0,0.0027071713012585983
mortality_rate,county,1,male,45-64,0.0060305233311359965,0.0017528989914169868,0.012967188419543214
mortality_rate,county,1,male,65-74,0.022143808437753987,0.006717390486906597,0.04831184028466247
mortality_rate,county,1,male,75-84,0.053960132275792556,0.0176002872550324,0.12137826675909671
mortality_rate,county,1,male,85+,0.15905251773208734,0.06097267643026059,0.3571036288335374
qualifying_event_rate,county,1,male,0-17,0.030145530631956657,0.0207006118870225,0.04206349198617541
qualifying_event_rate,county,1,male,18-44,0.04402018830848809,0.0313483904002929,0.060952944108161655
qualifying_event_rate,county,1,male,45-64,0.0573082567705203,0.041147218480085616,0.07724654537750178
qualifying_event_rate,county,1,male,65-74,0.08740108149137397,0.06259257413242798,0.1170853118046482
qualifying_event_rate,county,1,male,75-84,0.08953894957210176,0.06278148128626772,0.12358983591491067
qualifying_event_rate,county,1,male,85+,0.10936611428946233,0.07297362970969741,0.1560943046480179
person_years_exposure,county,1,female,0-17,3090.39176231866,2277.21548303791,4455.072032333835
person_years_exposure,county,1,female,18-44,3627.2166126232823,2668.6707679288597,5273.824262921607
person_years_exposure,county,1,female,45-64,3422.131274928236,2519.9180541463393,4954.53174436074
person_years_exposure,county,1,female,65-74,1137.361504954068,843.6943747458083,1634.4494529545864
person_years_exposure,county,1,female,75-84,636.1487506444831,460.37151781085555,887.7594448726298
person_years_exposure,county,1,female,85+,254.93710754918445,156.2828552019844,374.23960612997286
person_years_exposure,county,1,female,18-64,7049.347887551518,5189.476143777096,10213.359072942738
person_years_exposure,county,1,female,65+,2028.4473631477358,1485.6486513273812,2858.733927368505
mortality_rate,county,1,female,0-17,0.0017007097414266444,0.0002983839188230626,0.004038862377307445
mortality_rate,county,1,female,18-44,0.001203735923105585,0.0,0.002964714511745444
mortality_rate,county,1,female,45-64,0.0063603969376383575,0.0018868056044266917,0.013968410793358749
mortality_rate,county,1,female,65-74,0.019787350807744165,0.005852972064840551,0.04338302754922453
mortality_rate,county,1,female,75-84,0.06368917147087431,0.021336466207367517,0.1397145294432239
mortality_rate,county,1,female,85+,0.1408958937335043,0.05221410205634877,0.3105560186140379
qualifying_event_rate,county,1,female,0-17,0.03045177355949289,0.020995324229540396,0.042743076948001335
qualifying_event_rate,county,1,female,18-44,0.045405792971644716,0.03215448904908827,0.06272172274399468
qualifying_event_rate,county,1,female,45-64,0.055931028045238806,0.04036572645173312,0.07635506671126571
qualifying_event_rate,county,1,female,65-74,0.08639175657456125,0.06275388571463819,0.11608858860130702
qualifying_event_rate,county,1,female,75-84,0.0938119547546125,0.06567882976502754,0.1286041048351392
qualifying_event_rate,county,1,female,85+,0.10751178112690815,0.06971104359424375,0.15268991705071935
person_years_exposure,county,2,male,0-17,7162.280498618875,5422.526150101076,9606.926625114173
person_years_exposure,county,2,male,18-44,8367.705380959706,6371.311461600285,11191.29119504873
person_years_exposure,county,2,male,45-64,7019.753202676206,5337.305006730275,9432.607762788013
person_years_exposure,county,2,male,65-74,2415.915385690351,1835.6699201958272,3304.018393683751
person_years_exposure,county,2,male,75-84,1331.3367470967266,1001.0015690626271,1842.7240542254651
person_years_exposure,county,2,male,85+,500.2272444587535,302.4569177035938,749.0508466795578
person_years_exposure,county,2,male,18-64,15387.458583635911,11702.736429198803,20618.64429004323
person_years_exposure,county,2,male,65+,4247.479377245831,3205.11071012171,5861.533871129269
mortality_rate,county,2,male,0-17,0.002024835722232123,0.0005021804301593991,0.004454770025191666
mortality_rate,county,2,male,18-44,0.001104681859949738,0.00025050174957830945,0.002472819110007031
mortality_rate,county,2,male,45-64,0.004816277874037032,0.0015378295525203974,0.010333013261496871
mortality_rate,county,2,male,65-74,0.024577818428244615,0.008322417167287788,0.05283708100184015
mortality_rate,county,2,male,75-84,0.050850752974154895,0.017631065704489475,0.11207104515620696
mortality_rate,county,2,male,85+,0.18353567774162166,0.0736933570785236,0.4101645470106548
qualifying_event_rate,county,2,male,0-17,0.026543270903612276,0.018447298152699944,0.03717497245168824
qualifying_event_rate,county,2,male,18-44,0.0383409392404963,0.027354276355658295,0.05241276780695027
qualifying_event_rate,county,2,male,45-64,0.04976449492883453,0.0354621975027603,0.06747207474232679
qualifying_event_rate,county,2,male,65-74,0.07767096707378258,0.056724628720159466,0.1053875879058874
qualifying_event_rate,county,2,male,75-84,0.09133195611642132,0.06569500000614677,0.12053517393609195
qualifying_event_rate,county,2,male,85+,0.10934496275404584,0.07750848903686312,0.15678744725328522
person_years_exposure,county,2,female,0-17,6878.740513661875,5224.148386970197,9245.528131486442
person_years_exposure,county,2,female,18-44,7776.26315507686,5906.569178738048,10410.345932146882
person_years_exposure,county,2,female,45-64,7430.2108277621,5639.472104774647,9987.013250233516
person_years_exposure,county,2,female,65-74,2540.9175122616834,1925.8662601699955,3463.0762468639027
person_years_exposure,county,2,female,75-84,1470.089957144712,1102.9254481291503,2036.1342648551035
person_years_exposure,county,2,female,85+,618.1564389391183,391.8010973815231,911.7764123046919
person_years_exposure,county,2,female,18-64,15206.473982838961,11544.420773928092,20397.359182380394
person_years_exposure,county,2,female,65+,4629.163908345514,3493.636819031048,6418.696339590068
mortality_rate,county,2,female,0-17,0.0021558583020099293,0.0005914375227238297,0.0047040776401627285
mortality_rate,county,2,female,18-44,0.0010512510346519003,0.00016110171851111917,0.0025450422324623874
mortality_rate,county,2,female,45-64,0.0059868285663299175,0.0019874615161648173,0.01298917540844552
mortality_rate,county,2,female,65-74,0.020771363122890893,0.007211880244869906,0.045156505253940646
mortality_rate,county,2,female,75-84,0.05848414183645746,0.021355013094313334,0.12722428230193802
mortality_rate,county,2,female,85+,0.1555506462187337,0.06123196100067486,0.34610870347684397
qualifying_event_rate,county,2,female,0-17,0.028222854885559773,0.019509406899327588,0.03930450302936601
qualifying_event_rate,county,2,female,18-44,0.038318420448414575,0.02755445598449202,0.05248770495201456
qualifying_event_rate,county,2,female,45-64,0.05402130003333893,0.038819277916242234,0.07353911290518693
qualifying_event_rate,county,2,female,65-74,0.0784471104460717,0.05713398716355565,0.10466037772549346
qualifying_event_rate,county,2,female,75-84,0.08173261526687127,0.058387422324400785,0.11039261909486743
qualifying_event_rate,county,2,female,85+,0.09733674329292243,0.06917151029951259,0.137530930858628
person_years_exposure,county,3,male,0-17,4074.400019400026,2771.9821662029,5496.62023756695
person_years_exposure,county,3,male,18-44,4201.637371468137,2830.1562771051454,5659.007605002457
person_years_exposure,county,3,male,45-64,4350.59829587336,2926.1741083427737,5861.649368308553
person_years_exposure,county,3,male,65-74,1242.4835236539052,841.4834361676651,1689.30728679675
person_years_exposure,county,3,male,75-84,738.5145868773582,494.8422275034555,1025.320710630112
person_years_exposure,county,3,male,85+,329.77949270627727,187.96128655301695,495.40422062557144
person_years_exposure,county,3,male,18-64,8552.235667341498,5735.794158251294,11531.400886901758
person_years_exposure,county,3,male,65+,2310.7776032375405,1562.331875434403,3183.3297950054553
mortality_rate,county,3,male,0-17,0.006558672718133119,0.0019772894871241354,0.014282994972235945
mortality_rate,county,3,male,18-44,0.0011248172559686213,0.0001846244046741233,0.0026936383929833875
mortality_rate,county,3,male,45-64,0.0050286052442491055,0.0015498161574001037,0.010842833967165275
mortality_rate,county,3,male,65-74,0.024514205230003708,0.007840890060290755,0.05396566920670571
mortality_rate,county,3,male,75-84,0.05814067014433055,0.019664787191109846,0.13026116828990172
mortality_rate,county,3,male,85+,0.16219568688118627,0.06306227396121804,0.38070538033657136
qualifying_event_rate,county,3,male,0-17,0.018439256305781943,0.012467104688177973,0.02616347001684301
qualifying_event_rate,county,3,male,18-44,0.026249183599276825,0.018240995006474785,0.036354139546185035
qualifying_event_rate,county,3,male,45-64,0.03487981113285876,0.02434162210959928,0.04829858174192034
qualifying_event_rate,county,3,male,65-74,0.056443703082283185,0.03854210937586399,0.07735662435294638
qualifying_event_rate,county,3,male,75-84,0.054950601973117005,0.03546779658984219,0.07817111985013249
qualifying_event_rate,county,3,male,85+,0.061446608216643224,0.035916504638493885,0.09412991479885369
person_years_exposure,county,3,female,0-17,4349.015957654934,2953.6476557580363,5866.127969204085
person_years_exposure,county,3,female,18-44,4558.037226973046,3080.6001352833478,6140.400636608854
person_years_exposure,county,3,female,45-64,4228.08170821605,2839.5527410829195,5702.393698135832
person_years_exposure,county,3,female,65-74,1431.070826747357,967.1284538549025,1945.2822815888385
person_years_exposure,county,3,female,75-84,770.6442283398907,515.1437274912194,1064.2776277232638
person_years_exposure,county,3,female,85+,348.00026484566234,203.29235960928233,522.0531054898585
person_years_exposure,county,3,female,18-64,8786.118935189097,5908.400448509231,11846.602827704794
person_years_exposure,county,3,female,65+,2549.71531993291,1727.088239439064,3496.4098968411035
mortality_rate,county,3,female,0-17,0.00252492911917737,0.0005941389544884544,0.005605896386146997
mortality_rate,county,3,female,18-44,0.0010598980321861616,0.0,0.0024643407953127017
mortality_rate,county,3,female,45-64,0.00604045818973207,0.0018121819254807818,0.013236395390876501
mortality_rate,county,3,female,65-74,0.022382714678631933,0.007242628574123231,0.048812885985429696
mortality_rate,county,3,female,75-84,0.06405419329528898,0.02137887429662168,0.14337284846201115
mortality_rate,county,3,female,85+,0.14431134446451227,0.05564978106212437,0.32855471141811976
qualifying_event_rate,county,3,female,0-17,0.018271576761263036,0.01222837278542649,0.02627929906036253
qualifying_event_rate,county,3,female,18-44,0.02455558991629356,0.01723968166737819,0.03438621494081353
qualifying_event_rate,county,3,female,45-64,0.03302544439300009,0.023219782823377652,0.04580511570222829
qualifying_event_rate,county,3,female,65-74,0.054110212735592696,0.03728075912719938,0.07464484416456224
qualifying_event_rate,county,3,female,75-84,0.05603697899494115,0.036817265305650125,0.07907514320555231
qualifying_event_rate,county,3,female,85+,0.0702452619210191,0.04395160043328855,0.10478101921475995
person_years_exposure,county,4,male,0-17,3625.489473180982,2666.7131854812387,4683.89802030361
person_years_exposure,county,4,male,18-44,4334.077561095905,3195.517287005607,5574.843847043422
person_years_exposure,county,4,male,45-64,3938.697378057165,2900.3550082978804,5080.91752538559
person_years_exposure,county,4,male,65-74,1203.1347725977787,891.8069998112668,1563.6532710823458
person_years_exposure,county,4,male,75-84,608.5171456351585,440.9842979413901,807.1239957437722
person_years_exposure,county,4,male,85+,321.4316856741964,192.37659962281515,458.18583757625385
person_years_exposure,county,4,male,18-64,8272.77493915307,6099.266328315156,10647.608803949579
person_years_exposure,county,4,male,65+,2133.0836039071337,1563.4566000217062,2815.681286870627
mortality_rate,county,4,male,0-17,0.0037730627326157855,0.0009449120544723105,0.00829222951806706
mortality_rate,county,4,male,18-44,0.001116469910676092,0.00012659997341300152,0.0025823032058736226
mortality_rate,county,4,male,45-64,0.0051509633744716565,0.0014338577041404193,0.011235070018199374
mortality_rate,county,4,male,65-74,0.023794449582474692,0.007455146726112177,0.053127625974885836
mortality_rate,county,4,male,75-84,0.06815708594756893,0.023563270720820834,0.15493782977079562
mortality_rate,county,4,male,85+,0.16954543579398246,0.06776256506465718,0.3843183040359307
qualifying_event_rate,county,4,male,0-17,0.037677563370539416,0.026149307968094525,0.05228995128833626
qualifying_event_rate,county,4,male,18-44,0.05514369942472089,0.039915957615124904,0.07386498807936079
qualifying_event_rate,county,4,male,45-64,0.07053720567084851,0.05191647440149019,0.09294202999395841
qualifying_event_rate,county,4,male,65-74,0.10653631133024669,0.0785043944031098,0.1392517597812963
qualifying_event_rate,county,4,male,75-84,0.12865236103512806,0.09566835351189987,0.1669247516359213
qualifying_event_rate,county,4,male,85+,0.13398200849516448,0.09621698307777576,0.18616724858666558
person_years_exposure,county,4,female,0-17,3749.666431408068,2757.1462607224767,4839.60923777977
person_years_exposure,county,4,female,18-44,4229.217289129309,3111.0562694410464,5444.801761216501
person_years_exposure,county,4,female,45-64,3592.2936574079713,2640.4519366715263,4631.222245848488
person_years_exposure,county,4,female,65-74,1206.118699437415,895.1211523575417,1564.9359556109407
person_years_exposure,county,4,female,75-84,639.0093975190119,465.06950006526523,845.1051754944783
person_years_exposure,county,4,female,85+,284.8580797038697,174.4242461994933,402.06533962060564
person_years_exposure,county,4,female,18-64,7821.510946537281,5743.869310486744,10078.433035724875
person_years_exposure,county,4,female,65+,2129.9861766602967,1560.4384019308206,2815.2251791322333
mortality_rate,county,4,female,0-17,0.00369954783078952,0.0010462416538055443,0.00822382458016378
mortality_rate,county,4,female,18-44,0.0011441519450744993,0.000206570156299504,0.0027498555633459353
mortality_rate,county,4,female,45-64,0.006611646715886133,0.0019645461495887326,0.014592251472709324
mortality_rate,county,4,female,65-74,0.021440967273422065,0.006322629756916037,0.04754229455826529
mortality_rate,county,4,female,75-84,0.0669818076333007,0.022705553056076865,0.15251592214393775
mortality_rate,county,4,female,85+,0.15681792109321363,0.05890213331716987,0.3572254362464821
qualifying_event_rate,county,4,female,0-17,0.0334294058916273,0.023361528796987868,0.04617648510508091
qualifying_event_rate,county,4,female,18-44,0.057282642537710676,0.04149115905798594,0.07739503695239923
qualifying_event_rate,county,4,female,45-64,0.06922261720925872,0.05072743467914245,0.09257949448775753
qualifying_event_rate,county,4,female,65-74,0.1026318174784196,0.07516232022564548,0.1337042906354936
qualifying_event_rate,county,4,female,75-84,0.11158116819841231,0.08098209222540245,0.14668341130012405
qualifying_event_rate,county,4,female,85+,0.12177733948864565,0.08311791433525718,0.16765746851567404
person_years_exposure,county,5,male,0-17,3398.3413324862363,2453.4901107135433,4921.6010169860465
person_years_exposure,county,5,male,18-44,3819.692992074269,2750.9420222837225,5432.527705193942
person_years_exposure,county,5,male,45-64,3991.0987122797737,2879.2158848566814,5697.336227473221
person_years_exposure,county,5,male,65-74,1433.5470123199327,1024.8634194566557,2094.598879499465
person_years_exposure,county,5,male,75-84,713.1880694952783,489.41115663154295,1079.4781970907184
person_years_exposure,county,5,male,85+,245.75868927020798,136.7706554008639,391.1479325350584
person_years_exposure,county,5,male,18-64,7810.791704354043,5625.510033331116,11129.863932667164
person_years_exposure,county,5,male,65+,2392.4937710854188,1672.5321470864699,3613.416905930855
mortality_rate,county,5,male,0-17,0.017069592223336483,0.0057311230522244395,0.03697185517850818
mortality_rate,county,5,male,18-44,0.0011481923276557208,0.0,0.0027595715649262643
mortality_rate,county,5,male,45-64,0.005560714223057347,0.0016327449931268926,0.01183100826206503
mortality_rate,county,5,male,65-74,0.024379200799415635,0.007229872739702086,0.05426526497996736
mortality_rate,county,5,male,75-84,0.07082918722539969,0.023655279431268654,0.16071301554281864
mortality_rate,county,5,male,85+,0.16002509644169505,0.061719331369515525,0.3624847122028837
qualifying_event_rate,county,5,male,0-17,0.024560465116356303,0.016424614489422344,0.0347346453906855
qualifying_event_rate,county,5,male,18-44,0.03527386935077536,0.02479611505884161,0.048049058720595915
qualifying_event_rate,county,5,male,45-64,0.04661068178015276,0.03301029592717627,0.06301404942773942
qualifying_event_rate,county,5,male,65-74,0.07463526702856518,0.05210779975094452,0.10028218946674952
qualifying_event_rate,county,5,male,75-84,0.07923809642410595,0.054907232438854175,0.10896423883218406
qualifying_event_rate,county,5,male,85+,0.07432194904598283,0.04399461254877272,0.11444218285334455
person_years_exposure,county,5,female,0-17,3280.205483606527,2363.6613320034826,4703.172286936941
person_years_exposure,county,5,female,18-44,3858.2169156131217,2771.1373075011707,5490.854207711742
person_years_exposure,county,5,female,45-64,3650.730938327074,2629.7767770071405,5224.166173072777
person_years_exposure,county,5,female,65-74,1305.179393840157,939.7139407542874,1917.7570529773595
person_years_exposure,county,5,female,75-84,754.2397810821045,516.9471305277141,1127.4111729887793
person_years_exposure,county,5,female,85+,320.7712744965474,180.06516399628978,515.4764269590819
person_years_exposure,county,5,female,18-64,7508.947853940195,5402.849695847658,10709.673421640915
person_years_exposure,county,5,female,65+,2380.190449418809,1660.412370046171,3570.662465057823
mortality_rate,county,5,female,0-17,0.003305367669933013,0.0006830166216729836,0.007436375438820963
mortality_rate,county,5,female,18-44,0.0011482443517683832,0.0,0.0027290056557665466
mortality_rate,county,5,female,45-64,0.006490165409754236,0.0019375531138618224,0.014030688792712258
mortality_rate,county,5,female,65-74,0.024503112125570877,0.007621507631776245,0.054148911456320836
mortality_rate,county,5,female,75-84,0.06359902487751237,0.021792803594963283,0.14331745011399674
mortality_rate,county,5,female,85+,0.16704452727999916,0.06439266472992167,0.39094996555206235
qualifying_event_rate,county,5,female,0-17,0.028921855469231927,0.019933844400537318,0.03975107635562438
qualifying_event_rate,county,5,female,18-44,0.03417093182448739,0.023747843630219992,0.047045358443131256
qualifying_event_rate,county,5,female,45-64,0.043002679077039925,0.030588397768415272,0.05776626748927764
qualifying_event_rate,county,5,female,65-74,0.07215318599646324,0.05048228110448554,0.09684452111472568
qualifying_event_rate,county,5,female,75-84,0.07931733960828358,0.05498330202454218,0.10784995525626892
qualifying_event_rate,county,5,female,85+,0.09331096894181165,0.06004934470986939,0.13438049296796636
person_years_exposure,county,6,male,0-17,725.178728752791,517.3228197183624,1174.288745634966
person_years_exposure,county,6,male,18-44,799.1524679123117,575.9206214324512,1330.5686624367906
person_years_exposure,county,6,male,45-64,1001.4876227915045,719.2853397379945,1655.0577428543274
person_years_exposure,county,6,male,65-74,267.87491953986006,191.31173495838158,436.6920537780162
person_years_exposure,county,6,male,75-84,110.22110632527419,74.56919483185617,179.3081802264657
person_years_exposure,county,6,male,85+,65.62608731764452,37.712757898015056,107.30111829916426
person_years_exposure,county,6,male,18-64,1800.6400907038162,1295.4912720464422,2990.5650631966687
person_years_exposure,county,6,male,65+,443.7221131827788,310.66341029578734,725.5438788973395
mortality_rate,county,6,male,0-17,0.017348480110255634,0.0043348387489633485,0.03935141398913451
mortality_rate,county,6,male,18-44,0.0010897442841414629,0.0,0.0035982978635218195
mortality_rate,county,6,male,45-64,0.005444921223149315,0.0009898490582238917,0.013054501844409382
mortality_rate,county,6,male,65-74,0.023685340973016875,0.0039566451700481465,0.05579540235317646
mortality_rate,county,6,male,75-84,0.07220300845979326,0.017015825278759562,0.17482896585662897
mortality_rate,county,6,male,85+,0.1545623369485208,0.04929792725646523,0.3552576093753466
qualifying_event_rate,county,6,male,0-17,0.024869233487633643,0.01320907625842241,0.0384774532703873
qualifying_event_rate,county,6,male,18-44,0.035353838506247806,0.02159841753870089,0.05126073524995956
qualifying_event_rate,county,6,male,45-64,0.046966325740314126,0.031090923260101138,0.06551000628384003
qualifying_event_rate,county,6,male,65-74,0.07479774136827357,0.04584977469385253,0.10868736943277897
qualifying_event_rate,county,6,male,75-84,0.07855558643620733,0.03662538792854897,0.12515869255094295
qualifying_event_rate,county,6,male,85+,0.07260844931958801,0.021883881908627157,0.12898496671340298
person_years_exposure,county,6,female,0-17,786.9867462948035,566.6437393534358,1295.5320610909455
person_years_exposure,county,6,female,18-44,790.6793829549133,570.2857505308082,1312.7434354899292
person_years_exposure,county,6,female,45-64,848.020906271442,610.2239417059828,1407.1321300982595
person_years_exposure,county,6,female,65-74,270.5557820358125,192.81194869702384,440.8491614773216
person_years_exposure,county,6,female,75-84,177.51099197284273,121.47597187777237,289.38160967178584
person_years_exposure,county,6,female,85+,64.08255973961963,38.362548017752054,105.36835094482346
person_years_exposure,county,6,female,18-64,1638.7002892263554,1180.2177139493945,2720.4069675099136
person_years_exposure,county,6,female,65+,512.1493337482748,357.9713882668484,833.7257757846445
mortality_rate,county,6,female,0-17,0.003262427805987053,0.0,0.008551821537554983
mortality_rate,county,6,female,18-44,0.0011482341808065279,0.0,0.0037165475356926887
mortality_rate,county,6,female,45-64,0.006310649254544469,0.0010345093769234097,0.015829020097246044
mortality_rate,county,6,female,65-74,0.025017957776897137,0.004241494708875848,0.05907547672372375
mortality_rate,county,6,female,75-84,0.06418892711211682,0.016372655391843932,0.15246842712924155
mortality_rate,county,6,female,85+,0.13224653328893388,0.03720513770969568,0.3145983332646642
qualifying_event_rate,county,6,female,0-17,0.029112697430576786,0.016685489420359634,0.044039395153027065
qualifying_event_rate,county,6,female,18-44,0.0345111260543958,0.020850471997254608,0.050785557165944344
qualifying_event_rate,county,6,female,45-64,0.04332306468144333,0.027390618830505958,0.06253769604995109
qualifying_event_rate,county,6,female,65-74,0.07278186753244506,0.04419971303572687,0.10647998156352396
qualifying_event_rate,county,6,female,75-84,0.0801073713245068,0.04306336787527159,0.12220009310954838
qualifying_event_rate,county,6,female,85+,0.0853944649490461,0.03170147134930301,0.14707209242730265
person_years_exposure,county,7,male,0-17,1904.9115571333573,1353.3767805216949,2445.582310568148
person_years_exposure,county,7,male,18-44,2354.432164651078,1673.698668503877,3018.0954372205
person_years_exposure,county,7,male,45-64,2468.960611384756,1754.0150852919562,3167.2027369121465
person_years_exposure,county,7,male,65-74,998.3286099615389,717.3448451566067,1295.0778831443056
person_years_exposure,county,7,male,75-84,496.37289450248943,348.2297694947848,658.88352077724
person_years_exposure,county,7,male,85+,154.96229957876878,89.4135010323078,225.8528220361398
person_years_exposure,county,7,male,18-64,4823.392776035834,3427.5395056126713,6183.68094302562
person_years_exposure,county,7,male,65+,1649.6638040427972,1175.433015101036,2174.0275927855
mortality_rate,county,7,male,0-17,0.0037346919261732167,0.0006314441033006291,0.008775815009283833
mortality_rate,county,7,male,18-44,0.0011145037333827263,0.0,0.002957685707079302
mortality_rate,county,7,male,45-64,0.005086195838684061,0.0012407922179293318,0.011369112616832995
mortality_rate,county,7,male,65-74,0.02358972059275882,0.0068137571971865415,0.05288601910970575
mortality_rate,county,7,male,75-84,0.06658521748958166,0.021817022651633447,0.14981047868927402
mortality_rate,county,7,male,85+,0.161163063553805,0.06106129142456442,0.37272358014497975
qualifying_event_rate,county,7,male,0-17,0.02820140977415947,0.01837869970319072,0.04059530965092215
qualifying_event_rate,county,7,male,18-44,0.04189535137239463,0.02840655991587784,0.05767511919218238
qualifying_event_rate,county,7,male,45-64,0.054310042392107606,0.03877571452357001,0.0736776894239721
qualifying_event_rate,county,7,male,65-74,0.08412732223275189,0.05969314526676885,0.11444313064733287
qualifying_event_rate,county,7,male,75-84,0.10210168828151293,0.07154419065368126,0.1383791102094345
qualifying_event_rate,county,7,male,85+,0.10339926738411923,0.060606160055091736,0.15664742804965537
person_years_exposure,county,7,female,0-17,2111.405555985825,1503.6985468480539,2719.236998047433
person_years_exposure,county,7,female,18-44,2255.8239111658795,1599.4614510046229,2890.436529132471
person_years_exposure,county,7,female,45-64,2780.7511379218004,1976.4205575858466,3573.529333284511
person_years_exposure,county,7,female,65-74,1020.7892479690369,730.6637776649883,1325.472668226102
person_years_exposure,county,7,female,75-84,446.6298507003699,312.6381813439098,600.3956216678911
person_years_exposure,county,7,female,85+,142.86413360040112,81.3559468626432,208.06463659681617
person_years_exposure,county,7,female,18-64,5036.57504908768,3572.803238936106,6461.982088094743
person_years_exposure,county,7,female,65+,1610.283232269808,1146.0666582836127,2122.323617706505
mortality_rate,county,7,female,0-17,0.0036476460594772188,0.0006717922137949023,0.00853375228784932
mortality_rate,county,7,female,18-44,0.0010978527569202136,0.0,0.002872899338678413
mortality_rate,county,7,female,45-64,0.0067306665233400455,0.0019504627330613324,0.014865956026590164
mortality_rate,county,7,female,65-74,0.02169593057559495,0.006149175025697834,0.04951535008862358
mortality_rate,county,7,female,75-84,0.06788468237648097,0.02232362224088933,0.15478768236146173
mortality_rate,county,7,female,85+,0.1616291523785314,0.05766952313464291,0.3723671693973398
qualifying_event_rate,county,7,female,0-17,0.02496046295172476,0.016374911422286368,0.035588951092712304
qualifying_event_rate,county,7,female,18-44,0.04341625866890172,0.03002510948940602,0.0598201703285
qualifying_event_rate,county,7,female,45-64,0.05362513819699225,0.03852437145583069,0.07299044285856406
qualifying_event_rate,county,7,female,65-74,0.08119713293772467,0.05732207435818207,0.10908474592507572
qualifying_event_rate,county,7,female,75-84,0.0891103777867499,0.05969634046008257,0.12329774358009878
qualifying_event_rate,county,7,female,85+,0.09701900580523026,0.05494758436008358,0.14807968392425472
person_years_exposure,county,8,male,0-17,1852.4829049437917,1259.2898176300437,2514.7525844421643
person_years_exposure,county,8,male,18-44,2036.0191108388576,1379.5854859701706,2754.643604286894
person_years_exposure,county,8,male,45-64,2155.8461303995423,1449.3897144353969,2919.6378933039696
person_years_exposure,county,8,male,65-74,682.3014178231266,463.8851714364139,930.9734290788659
person_years_exposure,county,8,male,75-84,318.3598675616256,214.14378683507164,440.4635525425904
person_years_exposure,county,8,male,85+,137.66095757622566,80.07883395653623,206.8971334965127
person_years_exposure,county,8,male,18-64,4191.8652412384,2826.607207159345,5674.379595457452
person_years_exposure,county,8,male,65+,1138.3222429609777,772.8840850119807,1565.4522916761807
mortality_rate,county,8,male,0-17,0.006655446875972165,0.0016712260197611778,0.014942623414770763
mortality_rate,county,8,male,18-44,0.0011197267963318422,0.0,0.0030053513960546095
mortality_rate,county,8,male,45-64,0.004994141933730971,0.0012348419361047894,0.011382223873549587
mortality_rate,county,8,male,65-74,0.024017547968071297,0.006490563105634974,0.0549570305522528
mortality_rate,county,8,male,75-84,0.05667147758934635,0.016880834800180957,0.12879681397195106
mortality_rate,county,8,male,85+,0.1541747212780026,0.05586049368965353,0.355332258921353
qualifying_event_rate,county,8,male,0-17,0.032690808478955106,0.021691438810656372,0.04699882724226443
qualifying_event_rate,county,8,male,18-44,0.04612334374409836,0.03186100455354571,0.06398274847291367
qualifying_event_rate,county,8,male,45-64,0.06049502648216813,0.04297800288358702,0.08185340086639532
qualifying_event_rate,county,8,male,65-74,0.0931993517510063,0.06627324433278696,0.12519322237005598
qualifying_event_rate,county,8,male,75-84,0.0906411822886504,0.05899141963498765,0.12772898947441486
qualifying_event_rate,county,8,male,85+,0.09621856755909605,0.0540367325594467,0.14723769621414853
person_years_exposure,county,8,female,0-17,2018.3069391135477,1370.3458991264113,2732.9774099956326
person_years_exposure,county,8,female,18-44,2199.3801588618635,1487.6501089711844,2975.5483933941473
person_years_exposure,county,8,female,45-64,2190.8229017475173,1481.0689832850646,2967.802981620272
person_years_exposure,county,8,female,65-74,694.6825259384276,474.14427457901127,948.4104551752814
person_years_exposure,county,8,female,75-84,403.4188937283119,273.8402726565613,559.6668984503168
person_years_exposure,county,8,female,85+,154.66821518191966,90.33151069078366,229.2486454032053
person_years_exposure,county,8,female,18-64,4390.203060609381,2963.610233725359,5937.2197074109545
person_years_exposure,county,8,female,65+,1252.7696348486593,853.3305107512678,1730.1135328483956
mortality_rate,county,8,female,0-17,0.0025073227351745725,0.0003494282206264699,0.006022612033295445
mortality_rate,county,8,female,18-44,0.0010716353806563697,0.0,0.0028141954813813495
mortality_rate,county,8,female,45-64,0.006558786935054589,0.0018322704768021195,0.014856210926667206
mortality_rate,county,8,female,65-74,0.021921546974897944,0.005827181639774505,0.04831538955128533
mortality_rate,county,8,female,75-84,0.06438134657741412,0.02132677909541473,0.14828974741528358
mortality_rate,county,8,female,85+,0.14250564579746158,0.04968720359308485,0.31790096749513147
qualifying_event_rate,county,8,female,0-17,0.032646967755776524,0.0216587572769355,0.046345139666147776
qualifying_event_rate,county,8,female,18-44,0.04310797325411854,0.02980252239056014,0.05940169101567495
qualifying_event_rate,county,8,female,45-64,0.057997613544503376,0.04122862897299018,0.07946852599307803
qualifying_event_rate,county,8,female,65-74,0.08921793127359492,0.06236305506477686,0.12195102019724567
qualifying_event_rate,county,8,female,75-84,0.09301404942567419,0.06341542883580845,0.12763372291355032
qualifying_event_rate,county,8,female,85+,0.11052987860704114,0.06760907915980531,0.16135793422265687
person_years_exposure,county,9,male,0-17,1310.0463508928153,969.2472108478021,1743.9925460999682
person_years_exposure,county,9,male,18-44,1536.2445751582586,1140.2032088234616,2043.9647439533037
person_years_exposure,county,9,male,45-64,1485.006457062619,1098.56107679255,1982.2385140440977
person_years_exposure,county,9,male,65-74,422.7066972366316,315.58279769196685,570.0985543005346
person_years_exposure,county,9,male,75-84,249.2226879559899,177.42836955094128,349.99437843646706
person_years_exposure,county,9,male,85+,125.18221591176523,75.2552779420344,184.2568660944411
person_years_exposure,county,9,male,18-64,3021.2510322208773,2246.5486634598483,4028.3008352321217
person_years_exposure,county,9,male,65+,797.1116011043868,580.6170467411589,1104.762061714581
mortality_rate,county,9,male,0-17,0.0037402511295960227,0.0005723786939387068,0.00927303538105732
mortality_rate,county,9,male,18-44,0.001098140065735438,0.0,0.0031666376293698387
mortality_rate,county,9,male,45-64,0.005151426990345688,0.0009481852994273267,0.011940002722458513
mortality_rate,county,9,male,65-74,0.02274948823949811,0.005170980475758885,0.052942313027423756
mortality_rate,county,9,male,75-84,0.06960429675089944,0.020119355164921537,0.16374815039428722
mortality_rate,county,9,male,85+,0.16350279910035434,0.06111076645224403,0.3790454456214755
qualifying_event_rate,county,9,male,0-17,0.03597458072038821,0.023881651684258844,0.05168642851186105
qualifying_event_rate,county,9,male,18-44,0.0528798711326681,0.036648789777611795,0.07315105733531684
qualifying_event_rate,county,9,male,45-64,0.06796308509240576,0.049228708447568874,0.09223086401537604
qualifying_event_rate,county,9,male,65-74,0.10181854641736368,0.07089549312263063,0.13695795402390704
qualifying_event_rate,county,9,male,75-84,0.12342614455712078,0.085134899332978,0.1670252484533014
qualifying_event_rate,county,9,male,85+,0.124946354987474,0.07709128288591764,0.1801895431865369
person_years_exposure,county,9,female,0-17,1220.939969642124,904.6656656268896,1625.2484151326387
person_years_exposure,county,9,female,18-44,1531.3549990337506,1132.3314343656664,2041.759185537172
person_years_exposure,county,9,female,45-64,1254.2787365761312,926.6293266583757,1674.1466757980663
person_years_exposure,county,9,female,65-74,456.333556418069,337.52478223861266,615.9855952017682
person_years_exposure,county,9,female,75-84,216.0155523649085,155.91599898303554,301.5712769408278
person_years_exposure,county,9,female,85+,112.14971959722787,66.0301282770197,166.83053174413251
person_years_exposure,county,9,female,18-64,2785.633735609882,2057.563526110765,3715.249829556535
person_years_exposure,county,9,female,65+,784.4988283802054,577.9521188139207,1078.0578845963391
mortality_rate,county,9,female,0-17,0.003632095289500466,0.0,0.00903166342957375
mortality_rate,county,9,female,18-44,0.0010964947517157371,0.0,0.0030877797532311386
mortality_rate,county,9,female,45-64,0.0064692620355264125,0.0014327351490454126,0.014975209690599366
mortality_rate,county,9,female,65-74,0.021745501191143834,0.005306655914736129,0.04965778475726045
mortality_rate,county,9,female,75-84,0.06690947376871129,0.018824660405615434,0.1587063405558658
mortality_rate,county,9,female,85+,0.17090916217707497,0.0615566712578257,0.3765223460919903
qualifying_event_rate,county,9,female,0-17,0.03165025911763448,0.02030256697582908,0.04565512748989336
qualifying_event_rate,county,9,female,18-44,0.05486890681602749,0.038088566381722824,0.07529524358510592
qualifying_event_rate,county,9,female,45-64,0.06638205411936296,0.046848282251773246,0.09055936360676718
qualifying_event_rate,county,9,female,65-74,0.09976401361406548,0.06905325674822343,0.13482104045509646
qualifying_event_rate,county,9,female,75-84,0.10813460961757806,0.07211277995027102,0.1498237803105377
qualifying_event_rate,county,9,female,85+,0.11590829560028547,0.0688767240235686,0.17212945352585968
person_years_exposure,county,10,male,0-17,1731.9844116136885,1185.0972081397695,2774.981140192675
person_years_exposure,county,10,male,18-44,2132.1262856890426,1465.4657022771437,3488.1412899094435
person_years_exposure,county,10,male,45-64,1903.6930904999526,1304.164572694075,3060.1240996986407
person_years_exposure,county,10,male,65-74,565.817866191712,383.610895460448,895.1490671296723
person_years_exposure,county,10,male,75-84,235.91457312223227,151.69243619166753,376.702062592467
person_years_exposure,county,10,male,85+,148.9490492724825,82.87901350654137,249.09535716245895
person_years_exposure,county,10,male,18-64,4035.819376188995,2770.7633564094035,6552.378535751689
person_years_exposure,county,10,male,65+,950.6814885864268,629.1470011491884,1518.3442513186792
mortality_rate,county,10,male,0-17,0.017159349912861024,0.0052266577313635,0.036526484488169794
mortality_rate,county,10,male,18-44,0.0010971936720877613,0.0,0.0028797287281049334
mortality_rate,county,10,male,45-64,0.005438903969300433,0.0012014187895117608,0.01262614912354167
mortality_rate,county,10,male,65-74,0.023717295889644163,0.006217361855067471,0.054808148441333256
mortality_rate,county,10,male,75-84,0.07138877452447993,0.021603038941969153,0.1740897665711777
mortality_rate,county,10,male,85+,0.16744551010416223,0.062129434068980555,0.3761694864340275
qualifying_event_rate,county,10,male,0-17,0.023328889779010445,0.014851713623492125,0.033689708786267175
qualifying_event_rate,county,10,male,18-44,0.033415186541069127,0.022355793919179752,0.046416030828498545
qualifying_event_rate,county,10,male,45-64,0.044375864873031697,0.030429163667371858,0.06091952839285068
qualifying_event_rate,county,10,male,65-74,0.07093479356720746,0.04669083282333436,0.10013895842302716
qualifying_event_rate,county,10,male,75-84,0.07676882786525792,0.04374926541081221,0.11386178026412135
qualifying_event_rate,county,10,male,85+,0.07134085520836117,0.03698719235070599,0.1135109925061046
person_years_exposure,county,10,female,0-17,1776.7324819812088,1218.9443872645604,2901.769697609521
person_years_exposure,county,10,female,18-44,2170.901055753728,1495.0902139402851,3538.6500361203152
person_years_exposure,county,10,female,45-64,1622.6178884649657,1114.806098245464,2625.581691002741
person_years_exposure,county,10,female,65-74,592.7255206970696,402.73193183865624,954.6276195581531
person_years_exposure,county,10,female,75-84,272.04618968195814,178.7623857549473,434.1001516407826
person_years_exposure,county,10,female,85+,91.25750341122074,52.07566647090374,150.35182488955562
person_years_exposure,county,10,female,18-64,3793.518944218694,2606.7623212663566,6163.588136489095
person_years_exposure,county,10,female,65+,956.0292137902484,640.0087401498789,1521.5582335299907
mortality_rate,county,10,female,0-17,0.003279424570294778,0.0005657681328214331,0.007872041579077232
mortality_rate,county,10,female,18-44,0.0011158331121677793,0.0,0.002940031299705482
mortality_rate,county,10,female,45-64,0.006099987735321771,0.0013973041337470545,0.014296858418623545
mortality_rate,county,10,female,65-74,0.024118094559920433,0.006781026023836289,0.053476923006915894
mortality_rate,county,10,female,75-84,0.05968316783440011,0.016811214863284338,0.13667996880099315
mortality_rate,county,10,female,85+,0.1507422471126996,0.050091815970691275,0.34195171898659976
qualifying_event_rate,county,10,female,0-17,0.027503964719274396,0.017495866611275578,0.03916609847914317
qualifying_event_rate,county,10,female,18-44,0.03252039116158953,0.022190477897885804,0.04506405726967453
qualifying_event_rate,county,10,female,45-64,0.04029314083034136,0.027053749157059607,0.05595237946924439
qualifying_event_rate,county,10,female,65-74,0.06852085975954653,0.04483473141914828,0.09723543679189928
qualifying_event_rate,county,10,female,75-84,0.07413305252911719,0.04395478470071526,0.10825552832418041
qualifying_event_rate,county,10,female,85+,0.0840601308171039,0.039576288115477115,0.13765011024889875
person_years_exposure,county,11,male,0-17,2671.9979510354824,1978.395259994438,3828.9734496270394
person_years_exposure,county,11,male,18-44,2799.419808805102,2069.905617826258,4011.963333825633
person_years_exposure,county,11,male,45-64,2517.8893174734108,1862.3361557881317,3613.036823402192
person_years_exposure,county,11,male,65-74,961.3276212583132,709.5338313124906,1387.9996558953678
person_years_exposure,county,11,male,75-84,591.4667830054154,427.2684412013893,851.941694169917
person_years_exposure,county,11,male,85+,209.81710150999677,125.70316621671871,319.2716598917189
person_years_exposure,county,11,male,18-64,5317.309126278513,3932.1757853030763,7623.875344499427
person_years_exposure,county,11,male,65+,1762.6115057737254,1283.5875147165734,2543.9590539527053
mortality_rate,county,11,male,0-17,0.002060943173764759,0.00036184336142486767,0.004893812685223139
mortality_rate,county,11,male,18-44,0.0010951976402777007,0.0,0.0027701371029790344
mortality_rate,county,11,male,45-64,0.004961178846131673,0.0012933282962139796,0.011155345810265997
mortality_rate,county,11,male,65-74,0.024487009986967474,0.0073143185877662924,0.0534706447112838
mortality_rate,county,11,male,75-84,0.050993593353533914,0.017210455234153606,0.11438166482370697
mortality_rate,county,11,male,85+,0.16037671893385202,0.05868726329103118,0.36331414295770537
qualifying_event_rate,county,11,male,0-17,0.028646342606788756,0.019435433986405754,0.04068739286074159
qualifying_event_rate,county,11,male,18-44,0.04129168946862577,0.02870098652517364,0.057650940144678704
qualifying_event_rate,county,11,male,45-64,0.05371019575264873,0.03757213307172284,0.07297342217269004
qualifying_event_rate,county,11,male,65-74,0.08320504156824496,0.058852666005207145,0.11162208076236287
qualifying_event_rate,county,11,male,75-84,0.09702060040986392,0.06859794570319935,0.13093848180797513
qualifying_event_rate,county,11,male,85+,0.1103315280797249,0.07164329977774085,0.15895467956754333
person_years_exposure,county,11,female,0-17,2705.902572201762,2006.5282363773701,3872.929466654211
person_years_exposure,county,11,female,18-44,3011.8943397673834,2224.850809515494,4316.715332656622
person_years_exposure,county,11,female,45-64,2551.4069367465395,1883.1881493503477,3658.7295780740883
person_years_exposure,county,11,female,65-74,924.7777517834702,682.0872936023079,1330.1945642980743
person_years_exposure,county,11,female,75-84,507.18645996153344,364.3853868898333,727.7436442322339
person_years_exposure,county,11,female,85+,242.76643587494596,147.73404361204945,367.55661769659963
person_years_exposure,county,11,female,18-64,5563.301276513923,4108.552988305631,7968.833918081807
person_years_exposure,county,11,female,65+,1674.7306476199497,1227.139592187922,2414.844282492435
mortality_rate,county,11,female,0-17,0.00214230736152601,0.0003893315589760994,0.005086959522665902
mortality_rate,county,11,female,18-44,0.0010380393503417072,0.0,0.0026518091386460332
mortality_rate,county,11,female,45-64,0.006144358074251545,0.0016910561781582401,0.01369990889933465
mortality_rate,county,11,female,65-74,0.02045730122158001,0.005930841813850688,0.04625794626394268
mortality_rate,county,11,female,75-84,0.0588804863846721,0.01872715669125326,0.13522533940126708
mortality_rate,county,11,female,85+,0.1447954716694881,0.055282987289547045,0.3244385942008414
qualifying_event_rate,county,11,female,0-17,0.03025702382445028,0.020360553486466367,0.04269604890090784
qualifying_event_rate,county,11,female,18-44,0.041164590935509233,0.028652781105272068,0.056782649108529586
qualifying_event_rate,county,11,female,45-64,0.058335422781887546,0.041285391353158146,0.08012078173847295
qualifying_event_rate,county,11,female,65-74,0.0833707518381393,0.05926025589421032,0.11335606844761918
qualifying_event_rate,county,11,female,75-84,0.08717325972898435,0.05766228731121519,0.11952865418181347
qualifying_event_rate,county,11,female,85+,0.10065368797688685,0.06472413748029757,0.14348032897887417
person_years_exposure,county,12,male,0-17,832.4895716788034,588.3162123694938,1231.0899442510843
person_years_exposure,county,12,male,18-44,1019.6030932897581,728.1231155126619,1492.6454462627937
person_years_exposure,county,12,male,45-64,1298.0847719666692,921.4126331817201,1903.436468338695
person_years_exposure,county,12,male,65-74,421.2979211881508,296.6509420416552,620.2044628359236
person_years_exposure,county,12,male,75-84,183.38738683880192,123.06270321120128,271.82756299802054
person_years_exposure,county,12,male,85+,66.72564408912503,38.31153066699204,103.42085517728601
person_years_exposure,county,12,male,18-64,2317.6878652564274,1651.202351460032,3412.9941205649952
person_years_exposure,county,12,male,65+,671.4109521160777,466.34925871573273,993.3274539351095
mortality_rate,county,12,male,0-17,0.017104604084531187,0.0046732143628851605,0.03765977531883629
mortality_rate,county,12,male,18-44,0.0011073226842001735,0.0,0.003428817390343771
mortality_rate,county,12,male,45-64,0.005628785409700201,0.000903948724102694,0.0134582591657495
mortality_rate,county,12,male,65-74,0.024952697731242195,0.006065801409366909,0.05730274346572155
mortality_rate,county,12,male,75-84,0.06887141335773249,0.018472228385254273,0.16043770608567928
mortality_rate,county,12,male,85+,0.1350533631309715,0.03908472159627743,0.327195257109162
qualifying_event_rate,county,12,male,0-17,0.019443232435541326,0.01021710039956621,0.02997305967198309
qualifying_event_rate,county,12,male,18-44,0.027871833816870764,0.016743395082866742,0.040397200246775344
qualifying_event_rate,county,12,male,45-64,0.0372668174883205,0.024371358938000954,0.05285945582564153
qualifying_event_rate,county,12,male,65-74,0.06097736948222484,0.038624159728370105,0.08887472220795888
qualifying_event_rate,county,12,male,75-84,0.06295250407568531,0.030646858603971976,0.09802688907537163
qualifying_event_rate,county,12,male,85+,0.056881965116550665,0.014809897324219053,0.10762644217146172
person_years_exposure,county,12,female,0-17,840.5288560690307,597.3122028249842,1241.647349933107
person_years_exposure,county,12,female,18-44,922.2210772797142,656.0471781915006,1364.6977220174442
person_years_exposure,county,12,female,45-64,1151.0659181342066,819.1035744667498,1700.737755703895
person_years_exposure,county,12,female,65-74,378.3344593999088,266.02111924939993,552.8790171568187
person_years_exposure,county,12,female,75-84,155.45150365212615,105.47599166873951,229.8516896950565
person_years_exposure,county,12,female,85+,72.57257476035169,41.33639210360825,112.87261935872591
person_years_exposure,county,12,female,18-64,2073.286995413921,1473.8281733295066,3060.3011516152537
person_years_exposure,county,12,female,65+,606.3585378123867,421.12386892930766,888.1505614537563
mortality_rate,county,12,female,0-17,0.0033042812628575635,0.0,0.008451000856290422
mortality_rate,county,12,female,18-44,0.0011062244858094494,0.0,0.0037129527581362004
mortality_rate,county,12,female,45-64,0.006931415046961505,0.0013853248258654971,0.0162016796164272
mortality_rate,county,12,female,65-74,0.023906094739980475,0.0053089869877969405,0.055445620451665185
mortality_rate,county,12,female,75-84,0.05975133010370429,0.013719942534170727,0.14346497797664146
mortality_rate,county,12,female,85+,0.16297679773049661,0.055611383488985006,0.38767538242697724
qualifying_event_rate,county,12,female,0-17,0.022978774421171314,0.012901933579587634,0.03558839731619089
qualifying_event_rate,county,12,female,18-44,0.02692203473303851,0.015980966642225765,0.04036224035173846
qualifying_event_rate,county,12,female,45-64,0.03479111947406417,0.02209568472741994,0.05004374342212875
qualifying_event_rate,county,12,female,65-74,0.05804619539110201,0.03413176872795233,0.08543389048566637
qualifying_event_rate,county,12,female,75-84,0.06337446183493249,0.030452966441239154,0.10188564145648146
qualifying_event_rate,county,12,female,85+,0.07485620846310094,0.027898203773426593,0.13362623855571046
person_years_exposure,county,13,male,0-17,1028.3758056989118,701.9225543933406,1651.971195781765
person_years_exposure,county,13,male,18-44,1256.5121853185815,862.4997245056385,2017.6737639211783
person_years_exposure,county,13,male,45-64,1523.3536280658052,1045.8080080840687,2455.5718465800237
person_years_exposure,county,13,male,65-74,665.5085464102692,458.4078714189712,1076.2591363707531
person_years_exposure,county,13,male,75-84,245.8365434163381,160.93412944423216,396.561306631245
person_years_exposure,county,13,male,85+,117.65406507184157,66.28846216775324,194.4276289733078
person_years_exposure,county,13,male,18-64,2779.8658133843865,1905.0468105864652,4478.982988928119
person_years_exposure,county,13,male,65+,1028.999154898449,701.6870942007242,1647.9571995748397
mortality_rate,county,13,male,0-17,0.017106864104308454,0.004724320896334198,0.038596693936324894
mortality_rate,county,13,male,18-44,0.0010981849827028448,0.0,0.0033323988609820377
mortality_rate,county,13,male,45-64,0.005763778859835894,0.0012051846438583898,0.01340388118833299
mortality_rate,county,13,male,65-74,0.02383192770107943,0.006414710946109626,0.05406505624324262
mortality_rate,county,13,male,75-84,0.07285845253141436,0.021836746818454416,0.16652071522207862
mortality_rate,county,13,male,85+,0.15322831710458498,0.05290658156210792,0.35153449872277853
qualifying_event_rate,county,13,male,0-17,0.023661785044736854,0.01336028229111776,0.03561431439244174
qualifying_event_rate,county,13,male,18-44,0.03412096911792006,0.021959925637892022,0.048432094652340336
qualifying_event_rate,county,13,male,45-64,0.0456730273215291,0.03113101827085145,0.06306883810617893
qualifying_event_rate,county,13,male,65-74,0.07211821693788224,0.047127347381836354,0.09958135238536402
qualifying_event_rate,county,13,male,75-84,0.07804743595546818,0.04624107961954996,0.11512720693833893
qualifying_event_rate,county,13,male,85+,0.07122187030810574,0.03129847751190501,0.11710025092121559
person_years_exposure,county,13,female,0-17,1144.2575045325857,785.6753382794524,1848.2990833469262
person_years_exposure,county,13,female,18-44,1047.1635378244937,720.6104760779843,1678.949706265789
person_years_exposure,county,13,female,45-64,1554.0339418881206,1068.2050073851374,2512.8690037728506
person_years_exposure,county,13,female,65-74,586.5862812629393,399.78905161496414,947.6822981682182
person_years_exposure,county,13,female,75-84,306.0027512037174,204.00209216103704,490.5642487526905
person_years_exposure,county,13,female,85+,116.3459279210428,66.53821183560714,191.52484991568753
person_years_exposure,county,13,female,18-64,2601.197479712614,1788.6596986694833,4187.814913167275
person_years_exposure,county,13,female,65+,1008.9349603876997,689.3590629779055,1618.0363141992163
mortality_rate,county,13,female,0-17,0.003298997235147694,0.0,0.008088791326191887
mortality_rate,county,13,female,18-44,0.0011358809603618516,0.0,0.003462325607318204
mortality_rate,county,13,female,45-64,0.006618988514499594,0.0014696810967861963,0.015272883674395573
mortality_rate,county,13,female,65-74,0.024535333170021233,0.006540186197464383,0.05537548694514501
mortality_rate,county,13,female,75-84,0.06533275859190221,0.02012869616033094,0.14867421435296985
mortality_rate,county,13,female,85+,0.14199112024502256,0.048204670101324704,0.3302091023328818
qualifying_event_rate,county,13,female,0-17,0.028126723490993308,0.017145078800264304,0.04122268015807155
qualifying_event_rate,county,13,female,18-44,0.03316033194423584,0.020821911809638726,0.04759260003660622
qualifying_event_rate,county,13,female,45-64,0.04219738714028745,0.028189880573100443,0.05837747658356042
qualifying_event_rate,county,13,female,65-74,0.06999899725978152,0.04663993243691316,0.09756367456833465
qualifying_event_rate,county,13,female,75-84,0.07737433467739749,0.04711940112035471,0.11168966972158308
qualifying_event_rate,county,13,female,85+,0.08592423353378348,0.043592873044896605,0.1402856848520949
person_years_exposure,county,14,male,0-17,1220.6097121055473,856.0520388033214,1733.4158353808411
person_years_exposure,county,14,male,18-44,1649.4543050655914,1151.8252616075024,2387.513041288018
person_years_exposure,county,14,male,45-64,1752.0352631230403,1225.1977072262396,2527.3200453024983
person_years_exposure,county,14,male,65-74,617.0759803188126,434.7100091396402,857.3737737539948
person_years_exposure,county,14,male,75-84,304.8205434891013,208.67037801488198,430.21677502866163
person_years_exposure,county,14,male,85+,177.3397451221283,100.27345585432408,266.9203639159131
person_years_exposure,county,14,male,18-64,3401.489568188632,2378.7457326539025,4947.753110997551
person_years_exposure,county,14,male,65+,1099.2362689300421,762.7409921986748,1550.8142137063476
mortality_rate,county,14,male,0-17,0.003735485853733507,0.0,0.00908383966847865
mortality_rate,county,14,male,18-44,0.0010787185007403073,0.0,0.003113098316579826
mortality_rate,county,14,male,45-64,0.005428675249261838,0.0012426019358039448,0.0124004441412609
mortality_rate,county,14,male,65-74,0.02328743565755982,0.006104976056586641,0.054025327363397616
mortality_rate,county,14,male,75-84,0.06798933542204938,0.021134895106409538,0.15657425591787008
mortality_rate,county,14,male,85+,0.17648192757789513,0.06908134995910302,0.39418175349061074
qualifying_event_rate,county,14,male,0-17,0.040027976074690226,0.025706475767234296,0.057766388597416
qualifying_event_rate,county,14,male,18-44,0.05833707409417984,0.04050699248790655,0.0794861137066418
qualifying_event_rate,county,14,male,45-64,0.07558386558384522,0.054579156048545595,0.10010952510646741
qualifying_event_rate,county,14,male,65-74,0.11106135288409828,0.07946957990729407,0.14580117467160586
qualifying_event_rate,county,14,male,75-84,0.13202305593884356,0.0969199596410463,0.1723135410922661
qualifying_event_rate,county,14,male,85+,0.1405941339224633,0.09550677924083267,0.19763995612250795
person_years_exposure,county,14,female,0-17,1258.9285620530754,885.3468218023348,1794.336743378082
person_years_exposure,county,14,female,18-44,1558.6425935760822,1089.1299026544505,2278.3548184583674
person_years_exposure,county,14,female,45-64,1544.6903221492662,1083.2616172205446,2232.002550706226
person_years_exposure,county,14,female,65-74,648.1458526806268,456.11304381456625,907.6163664048064
person_years_exposure,county,14,female,75-84,373.70387268536786,254.10699775763493,532.4102535800206
person_years_exposure,county,14,female,85+,157.41483204244813,90.40950855970081,233.6833430612657
person_years_exposure,county,14,female,18-64,3103.3329157253484,2168.3007984403457,4522.945905060785
person_years_exposure,county,14,female,65+,1179.264557408443,817.0537411005521,1671.2344583322993
mortality_rate,county,14,female,0-17,0.003691600204797059,0.0,0.009077100379526058
mortality_rate,county,14,female,18-44,0.001165063739586146,0.0,0.0032305507671635163
mortality_rate,county,14,female,45-64,0.006609713799005335,0.0014269113436293727,0.015028589027170048
mortality_rate,county,14,female,65-74,0.02176280028895048,0.005733841783882932,0.049382674985192124
mortality_rate,county,14,female,75-84,0.06739421030289018,0.019802087670233524,0.15474287126536473
mortality_rate,county,14,female,85+,0.16873702582307595,0.06624584932531759,0.3790379827480929
qualifying_event_rate,county,14,female,0-17,0.0354254767709129,0.02304174487315631,0.05096721232538348
qualifying_event_rate,county,14,female,18-44,0.060748022014745585,0.042943656858513306,0.08351746419288335
qualifying_event_rate,county,14,female,45-64,0.07339131882010978,0.052804579949893356,0.09898806162903634
qualifying_event_rate,county,14,female,65-74,0.10893033636409373,0.07884642542963478,0.14282948020419883
qualifying_event_rate,county,14,female,75-84,0.11644553443907815,0.08214192873954913,0.15512349412898266
qualifying_event_rate,county,14,female,85+,0.12926269695630857,0.08505819911404465,0.18307272496786386
person_years_exposure,county,15,male,0-17,1790.406041857313,1341.4001350957055,2310.4649817351465
person_years_exposure,county,15,male,18-44,2387.334360722851,1782.17022502686,3076.171487321233
person_years_exposure,county,15,male,45-64,2064.063174509142,1531.9483812812707,2661.3154737786663
person_years_exposure,county,15,male,65-74,763.6702832828387,568.7183283392319,999.5023343644924
person_years_exposure,county,15,male,75-84,320.35700916603474,232.76959259184608,418.22049684205257
person_years_exposure,county,15,male,85+,136.78974365039338,83.1992516467638,190.31429901214867
person_years_exposure,county,15,male,18-64,4451.397535231993,3311.790921875235,5761.3269265194585
person_years_exposure,county,15,male,65+,1220.8170360992667,900.3099845783972,1610.0844973099747
mortality_rate,county,15,male,0-17,0.0037504586071627774,0.0005939800192359659,0.008588951885335526
mortality_rate,county,15,male,18-44,0.001073577427367134,0.0,0.002770699091097721
mortality_rate,county,15,male,45-64,0.005046364740011918,0.0012415911906478113,0.011460124396914404
mortality_rate,county,15,male,65-74,0.02410646714622229,0.006702913361882181,0.054681686039827516
mortality_rate,county,15,male,75-84,0.0653591320445908,0.01935745080707338,0.1536184653619299
mortality_rate,county,15,male,85+,0.15841758450625273,0.05989618548443452,0.3613200186901656
qualifying_event_rate,county,15,male,0-17,0.032405795050720616,0.021364583349398766,0.04559613077577633
qualifying_event_rate,county,15,male,18-44,0.04761333275414452,0.033196453658108534,0.06549365490540338
qualifying_event_rate,county,15,male,45-64,0.061562229388224136,0.0441477497459027,0.0828648703913887
qualifying_event_rate,county,15,male,65-74,0.09447958688557871,0.06682447783478185,0.12644073551769922
qualifying_event_rate,county,15,male,75-84,0.11196312674248009,0.07873530026256956,0.15015331255943842
qualifying_event_rate,county,15,male,85+,0.1179235492558409,0.07263561664442092,0.16975927089878273
person_years_exposure,county,15,female,0-17,1904.8518799259034,1427.91559620849,2452.8246596144895
person_years_exposure,county,15,female,18-44,2078.2774758871283,1552.1535929143977,2685.022177532164
person_years_exposure,county,15,female,45-64,2231.490793332241,1652.422277341337,2877.9333911807953
person_years_exposure,county,15,female,65-74,736.5166675876555,548.2650681413403,957.5210439853926
person_years_exposure,county,15,female,75-84,356.965010786681,259.6589682138729,465.1429262162523
person_years_exposure,county,15,female,85+,132.1158095555423,80.82532583032078,184.97388552958398
person_years_exposure,county,15,female,18-64,4309.768269219369,3208.868769872935,5564.296299026625
person_years_exposure,county,15,female,65+,1225.5974879298788,904.0125829492976,1603.3491781016035
mortality_rate,county,15,female,0-17,0.0036117678676242373,0.0005950594544468667,0.008215031825007619
mortality_rate,county,15,female,18-44,0.0011460625278072148,0.0,0.003002481605332519
mortality_rate,county,15,female,45-64,0.006753472855469773,0.0018157130717640737,0.015183971994082338
mortality_rate,county,15,female,65-74,0.021344004196455036,0.005553625907736852,0.0477068744690046
mortality_rate,county,15,female,75-84,0.06669207552653875,0.020935142451226314,0.1575452194543028
mortality_rate,county,15,female,85+,0.14884634281970063,0.052459602185035474,0.3517179646960278
qualifying_event_rate,county,15,female,0-17,0.02869548289149718,0.018866504558636386,0.04079418835153435
qualifying_event_rate,county,15,female,18-44,0.049957203791899066,0.03560874111594045,0.06852009979082285
qualifying_event_rate,county,15,female,45-64,0.06080592022457031,0.04314831093408376,0.08255537722825523
qualifying_event_rate,county,15,female,65-74,0.09071976120672512,0.06360381891072266,0.12227993635228646
qualifying_event_rate,county,15,female,75-84,0.09960448956310046,0.06704726284765447,0.13702592759882049
qualifying_event_rate,county,15,female,85+,0.1058629063095464,0.06195713185943592,0.15688792980224428
person_years_exposure,county,16,male,0-17,1113.4958309246674,770.0797792033735,1635.3984294752477
person_years_exposure,county,16,male,18-44,1306.5622673810842,901.4773825622697,1942.0075672851558
person_years_exposure,county,16,male,45-64,1328.7580262802508,917.0211753199156,1970.0032153385405
person_years_exposure,county,16,male,65-74,459.7788710544305,319.0402773193462,679.9066067700343
person_years_exposure,county,16,male,75-84,229.82112496291933,154.32796426993627,338.4547226537668
person_years_exposure,county,16,male,85+,84.66544031320582,46.70637207146845,131.67597308216202
person_years_exposure,county,16,male,18-64,2635.320293661335,1815.7400747342472,3907.998033383151
person_years_exposure,county,16,male,65+,774.2654363305558,528.5604741446243,1143.1730947518658
mortality_rate,county,16,male,0-17,0.01711249110306649,0.004794894441300559,0.037790682521219025
mortality_rate,county,16,male,18-44,0.001154006130905342,0.0,0.003329389904017876
mortality_rate,county,16,male,45-64,0.005182456348374759,0.0008471432220615137,0.011848232641276607
mortality_rate,county,16,male,65-74,0.025249909751998225,0.005825812797144811,0.05826162770181866
mortality_rate,county,16,male,75-84,0.07138143276497534,0.020698627407260792,0.16975080870769627
mortality_rate,county,16,male,85+,0.1804438712254035,0.06377691523664973,0.42798706811319315
qualifying_event_rate,county,16,male,0-17,0.027322365292096244,0.0166871018949462,0.03965481053091107
qualifying_event_rate,county,16,male,18-44,0.03912646592394445,0.025712057910161852,0.055313701495213766
qualifying_event_rate,county,16,male,45-64,0.05091662886738296,0.0346773022590013,0.07015935744544882
qualifying_event_rate,county,16,male,65-74,0.08251119703662563,0.05450483513194572,0.11400650788546367
qualifying_event_rate,county,16,male,75-84,0.08567255411013865,0.05088018441177438,0.12394048238500326
qualifying_event_rate,county,16,male,85+,0.08136900155624306,0.03347140226723851,0.13468580142914854
person_years_exposure,county,16,female,0-17,1056.3125303158445,733.915862507145,1562.7123362757552
person_years_exposure,county,16,female,18-44,1302.7504160971737,897.9989555278678,1928.7208642859791
person_years_exposure,county,16,female,45-64,1376.2648699640974,951.5823381434561,2030.364478148983
person_years_exposure,county,16,female,65-74,396.20057418688356,273.7022072461191,582.9396913860662
person_years_exposure,county,16,female,75-84,246.5740094748775,165.54145172888096,361.1455483993569
person_years_exposure,county,16,female,85+,103.88376032469995,60.1157984952411,160.25056338098787
person_years_exposure,county,16,female,18-64,2679.015286061271,1850.8567004944225,3958.945106018932
person_years_exposure,county,16,female,65+,746.658343986461,512.2844529171489,1099.5433233018014
mortality_rate,county,16,female,0-17,0.003242688949004339,0.0,0.007913779230154423
mortality_rate,county,16,female,18-44,0.0011023102648872111,0.0,0.0034093411920995353
mortality_rate,county,16,female,45-64,0.006669645806616758,0.0015358532814618766,0.015202062989614313
mortality_rate,county,16,female,65-74,0.024554176274709114,0.005765026567359691,0.05797546790876534
mortality_rate,county,16,female,75-84,0.0641110223967294,0.018514632111988023,0.14868976600069045
mortality_rate,county,16,female,85+,0.1537273104840509,0.05062819703955022,0.3590469691285027
qualifying_event_rate,county,16,female,0-17,0.03221357910658722,0.020046509668081153,0.04657055364812177
qualifying_event_rate,county,16,female,18-44,0.03779028699451155,0.0247382774366962,0.05380324474394027
qualifying_event_rate,county,16,female,45-64,0.04784873936673098,0.0324901631409757,0.06668705535305333
qualifying_event_rate,county,16,female,65-74,0.07927024860478557,0.050872869980766025,0.11268062211790295
qualifying_event_rate,county,16,female,75-84,0.08676150708229009,0.053124068557067784,0.1263168416032598
qualifying_event_rate,county,16,female,85+,0.09614920198021198,0.048448409857384314,0.14946948101914204
person_years_exposure,county,17,male,0-17,979.5473076831576,752.2041400189279,1340.395781943971
person_years_exposure,county,17,male,18-44,1143.4119381765836,884.3885467648372,1564.9617067729814
person_years_exposure,county,17,male,45-64,1158.9765396432565,899.9258549263203,1588.9520956583508
person_years_exposure,county,17,male,65-74,454.0539194981753,342.5698501096174,627.7624931957926
person_years_exposure,county,17,male,75-84,237.62831536776883,172.45447169632948,329.9741510783328
person_years_exposure,county,17,male,85+,47.44042298693898,26.205377782653493,72.50898697162158
person_years_exposure,county,17,male,18-64,2302.38847781984,1784.318204978081,3157.0898863307643
person_years_exposure,county,17,male,65+,739.1226578528831,549.9628755413254,1028.114885578471
mortality_rate,county,17,male,0-17,0.0037363347787828004,0.0,0.009592185965294894
mortality_rate,county,17,male,18-44,0.001151723615331559,0.0,0.003348489939281788
mortality_rate,county,17,male,45-64,0.005027839855406952,0.0008505352801207675,0.01167613250828603
mortality_rate,county,17,male,65-74,0.02400940791011363,0.005958153002604725,0.05477260860065626
mortality_rate,county,17,male,75-84,0.06591306730401453,0.017806443244983636,0.1529842767813119
mortality_rate,county,17,male,85+,0.16956765923632983,0.050454753883470135,0.41766585439581316
qualifying_event_rate,county,17,male,0-17,0.033968869646827174,0.020936876377991798,0.0490553608791678
qualifying_event_rate,county,17,male,18-44,0.05015871749609826,0.033946066819622235,0.06980788486202709
qualifying_event_rate,county,17,male,45-64,0.06416088527028169,0.04461663882782392,0.08786210765340119
qualifying_event_rate,county,17,male,65-74,0.09839733192025744,0.06810747106733993,0.13291963646995147
qualifying_event_rate,county,17,male,75-84,0.11534193772592338,0.07734929030028372,0.1577210344509966
qualifying_event_rate,county,17,male,85+,0.11546086557417955,0.04909238232522104,0.19442577973714759
person_years_exposure,county,17,female,0-17,844.6060798656003,647.9932383721073,1153.1132984741275
person_years_exposure,county,17,female,18-44,1053.5517066039652,814.7143858833225,1442.3156429048954
person_years_exposure,county,17,female,45-64,1014.9624205929222,783.4522022145676,1391.1370534988002
person_years_exposure,county,17,female,65-74,397.01961349511754,297.7784370227672,544.8071195681689
person_years_exposure,county,17,female,75-84,192.5053760579372,140.32705810820187,270.1544805289517
person_years_exposure,county,17,female,85+,77.32165870938951,46.77636292240359,113.52575375014743
person_years_exposure,county,17,female,18-64,2068.5141271968873,1597.627360813693,2833.462786392039
person_years_exposure,county,17,female,65+,666.8466482624442,495.1061560357247,922.6144449117998
mortality_rate,county,17,female,0-17,0.0037322345456648055,0.0,0.009589292175203887
mortality_rate,county,17,female,18-44,0.00112018781219025,0.0,0.0034641458120714054
mortality_rate,county,17,female,45-64,0.007170543345829913,0.0011111389031481173,0.016670547532682364
mortality_rate,county,17,female,65-74,0.02159769124694755,0.004797622760448411,0.05026685314953276
mortality_rate,county,17,female,75-84,0.06695497854154603,0.017417783437114597,0.15976389353865844
mortality_rate,county,17,female,85+,0.16176803778926296,0.055259543762044276,0.38178103890806137
qualifying_event_rate,county,17,female,0-17,0.030187659079372646,0.018230363345839964,0.04410683903708472
qualifying_event_rate,county,17,female,18-44,0.051560336807134614,0.034560295393221974,0.07148315498591445
qualifying_event_rate,county,17,female,45-64,0.06390349769322731,0.04391810520994644,0.08758596028936579
qualifying_event_rate,county,17,female,65-74,0.09517052089051771,0.06494484724489694,0.1301856671948735
qualifying_event_rate,county,17,female,75-84,0.10103929534132794,0.06231222367574127,0.14511197435870116
qualifying_event_rate,county,17,female,85+,0.11119343017907116,0.05706366093552748,0.1742107440276746
person_years_exposure,state,0,male,0-17,2837.382822740186,1884.418498090471,3952.3497594906926
person_years_exposure,state,0,male,18-44,3053.1075812910162,2031.3239415865203,4250.736285369207
person_years_exposure,state,0,male,45-64,3096.1389965971025,2054.9982714776725,4321.47078632421
person_years_exposure,state,0,male,65-74,892.061534378494,588.8908685031083,1258.4118147798456
person_years_exposure,state,0,male,75-84,536.4587481690254,349.3207186114804,773.6084207838112
person_years_exposure,state,0,male,85+,208.01720973559924,120.88271286421809,321.5764811159107
person_years_exposure,state,0,male,18-64,6149.246577888119,4086.520085748164,8552.016455673282
person_years_exposure,state,0,male,65+,1636.5374922831186,1074.7240283336778,2340.026943507147
mortality_rate,state,0,male,0-17,0.005415972556413529,0.0014375278781066185,0.011706830156891982
mortality_rate,state,0,male,18-44,0.0011203044980169577,0.0,0.002874131713106759
mortality_rate,state,0,male,45-64,0.005107325058283786,0.001410400204537601,0.01115196837072826
mortality_rate,state,0,male,65-74,0.022250295576670832,0.006446801938007968,0.04836132962449261
mortality_rate,state,0,male,75-84,0.055160602113232,0.01753553702318762,0.12200641248716486
mortality_rate,state,0,male,85+,0.1583206563953287,0.05960702341816353,0.36318947524457884
qualifying_event_rate,state,0,male,0-17,0.028574280222328673,0.018902907284460004,0.040640312617895955
qualifying_event_rate,state,0,male,18-44,0.03900210966964932,0.02679902380941153,0.054279862571411645
qualifying_event_rate,state,0,male,45-64,0.05084631092685916,0.035996219475597814,0.06973481381183555
qualifying_event_rate,state,0,male,65-74,0.08087253642808759,0.05652438855365693,0.1107622384122163
qualifying_event_rate,state,0,male,75-84,0.09557706260979237,0.06555512101569388,0.13109270080027177
qualifying_event_rate,state,0,male,85+,0.07475920854672148,0.042418744743700484,0.11264581449422914
person_years_exposure,state,0,female,0-17,2650.933133382239,1758.5135970506433,3695.8873388830534
person_years_exposure,state,0,female,18-44,3131.930121245543,2079.7642364592043,4342.353414711457
person_years_exposure,state,0,female,45-64,2796.864559255997,1861.6792379436358,3898.3500268661483
person_years_exposure,state,0,female,65-74,876.824505964624,582.6688501514853,1232.8344322591447
person_years_exposure,state,0,female,75-84,506.25883592614593,326.7411014765266,733.5097683472991
person_years_exposure,state,0,female,85+,224.78597281088275,128.6128460932189,346.69774133677066
person_years_exposure,state,0,female,18-64,5928.79468050154,3938.6445671795077,8233.785417699439
person_years_exposure,state,0,female,65+,1607.869314701653,1048.2433694932427,2303.0204527311844
mortality_rate,state,0,female,0-17,0.0025313536332726575,0.00040723334407623317,0.005622917985747272
mortality_rate,state,0,female,18-44,0.0010751157815299204,0.0,0.0026557120457564426
mortality_rate,state,0,female,45-64,0.0074452093572379705,0.002205273489290168,0.015983593118111216
mortality_rate,state,0,female,65-74,0.023403209733428586,0.006730563812612212,0.05214005252822416
mortality_rate,state,0,female,75-84,0.06833998058173307,0.022072060036440667,0.15048242532946277
mortality_rate,state,0,female,85+,0.16201566586011953,0.060457584661631855,0.36510342774139454
qualifying_event_rate,state,0,female,0-17,0.026501760322266112,0.017543781676253763,0.038110920916459824
qualifying_event_rate,state,0,female,18-44,0.038111731944558906,0.026399006310419512,0.05302124102145456
qualifying_event_rate,state,0,female,45-64,0.052145271474120375,0.03723813386136619,0.07111581813303476
qualifying_event_rate,state,0,female,65-74,0.08003145677746604,0.055240407664288414,0.10896891363744639
qualifying_event_rate,state,0,female,75-84,0.0841787577562709,0.05547036986160258,0.11795506482337656
qualifying_event_rate,state,0,female,85+,0.09453653956353787,0.05822048095421541,0.14124372646204195
person_years_exposure,state,1,male,0-17,3103.467150892463,2283.3415470496557,4467.107221790329
person_years_exposure,state,1,male,18-44,3516.878320495842,2595.122525989749,5098.546079976451
person_years_exposure,state,1,male,45-64,3284.5602445863933,2423.747394186586,4752.1898926936055
person_years_exposure,state,1,male,65-74,1145.8744103944953,847.1640636971495,1646.810408568924
person_years_exposure,state,1,male,75-84,654.41137509073,476.596043428204,914.600812144942
person_years_exposure,state,1,male,85+,280.6851833837981,169.49435880485612,413.63704202775887
person_years_exposure,state,1,male,18-64,6801.438565082235,5015.338473469897,9857.268404736995
person_years_exposure,state,1,male,65+,2080.970968869023,1520.540466988156,2903.087529732322
mortality_rate,state,1,male,0-17,0.00340738487539945,0.0007705265062067112,0.007602162556857947
mortality_rate,state,1,male,18-44,0.0011026624563323685,0.0,0.0027071713012585983
mortality_rate,state,1,male,45-64,0.0060305233311359965,0.0017528989914169868,0.012967188419543214
mortality_rate,state,1,male,65-74,0.022143808437753987,0.006717390486906597,0.04831184028466247
mortality_rate,state,1,male,75-84,0.053960132275792556,0.0176002872550324,0.12137826675909671
mortality_rate,state,1,male,85+,0.15905251773208734,0.06097267643026059,0.3571036288335374
qualifying_event_rate,state,1,male,0-17,0.030145530631956657,0.0207006118870225,0.04206349198617541
qualifying_event_rate,state,1,male,18-44,0.04402018830848809,0.0313483904002929,0.060952944108161655
qualifying_event_rate,state,1,male,45-64,0.0573082567705203,0.041147218480085616,0.07724654537750178
qualifying_event_rate,state,1,male,65-74,0.08740108149137397,0.06259257413242798,0.1170853118046482
qualifying_event_rate,state,1,male,75-84,0.08953894957210176,0.06278148128626772,0.12358983591491067
qualifying_event_rate,state,1,male,85+,0.10936611428946233,0.07297362970969741,0.1560943046480179
person_years_exposure,state,1,female,0-17,3090.39176231866,2277.21548303791,4455.072032333835
person_years_exposure,state,1,female,18-44,3627.2166126232823,2668.6707679288597,5273.824262921607
person_years_exposure,state,1,female,45-64,3422.131274928236,2519.9180541463393,4954.53174436074
person_years_exposure,state,1,female,65-74,1137.361504954068,843.6943747458083,1634.4494529545864
person_years_exposure,state,1,female,75-84,636.1487506444831,460.37151781085555,887.7594448726298
person_years_exposure,state,1,female,85+,254.93710754918445,156.2828552019844,374.23960612997286
person_years_exposure,state,1,female,18-64,7049.347887551518,5189.476143777096,10213.359072942738
person_years_exposure,state,1,female,65+,2028.4473631477358,1485.6486513273812,2858.733927368505
mortality_rate,state,1,female,0-17,0.0017007097414266444,0.0002983839188230626,0.004038862377307445
mortality_rate,state,1,female,18-44,0.001203735923105585,0.0,0.002964714511745444
mortality_rate,state,1,female,45-64,0.0063603969376383575,0.0018868056044266917,0.013968410793358749
mortality_rate,state,1,female,65-74,0.019787350807744165,0.005852972064840551,0.04338302754922453
mortality_rate,state,1,female,75-84,0.06368917147087431,0.021336466207367517,0.1397145294432239
mortality_rate,state,1,female,85+,0.1408958937335043,0.05221410205634877,0.3105560186140379
qualifying_event_rate,state,1,female,0-17,0.03045177355949289,0.020995324229540396,0.042743076948001335
qualifying_event_rate,state,1,female,18-44,0.045405792971644716,0.03215448904908827,0.06272172274399468
qualifying_event_rate,state,1,female,45-64,0.055931028045238806,0.04036572645173312,0.07635506671126571
qualifying_event_rate,state,1,female,65-74,0.08639175657456125,0.06275388571463819,0.11608858860130702
qualifying_event_rate,state,1,female,75-84,0.0938119547546125,0.06567882976502754,0.1286041048351392
qualifying_event_rate,state,1,female,85+,0.10751178112690815,0.06971104359424375,0.15268991705071935
person_years_exposure,state,2,male,0-17,9834.278449654332,7454.795325855578,12797.31739742845
person_years_exposure,state,2,male,18-44,11167.125189764824,8465.759049121263,14634.256678560198
person_years_exposure,state,2,male,45-64,9537.642520149622,7207.6310370217125,12422.50274483579
person_years_exposure,state,2,male,65-74,3377.243006948667,2570.8161237133586,4388.182713922822
person_years_exposure,state,2,male,75-84,1922.803530102142,1454.3380597176374,2484.6610791215626
person_years_exposure,state,2,male,85+,710.0443459687507,441.17136031388037,1011.1105199682265
person_years_exposure,state,2,male,18-64,20704.767709914446,15678.771392055529,27049.243546210564
person_years_exposure,state,2,male,65+,6010.090883019559,4583.636204993102,7797.831030132981
mortality_rate,state,2,male,0-17,0.0020346462067538174,0.0005918213210158813,0.004473487125046962
mortality_rate,state,2,male,18-44,0.0011023043176575363,0.0002793047791012381,0.0024769858612782468
mortality_rate,state,2,male,45-64,0.00485453099675135,0.0016174335643795018,0.010355902512642373
mortality_rate,state,2,male,65-74,0.0245519699291394,0.008343158763016025,0.0524309232428053
mortality_rate,state,2,male,75-84,0.05089469159729135,0.018002709966504455,0.11254716377397704
mortality_rate,state,2,male,85+,0.1766922381189793,0.07124901678865384,0.39353745113460026
qualifying_event_rate,state,2,male,0-17,0.027114680723919576,0.019029548464612054,0.03743649362274158
qualifying_event_rate,state,2,male,18-44,0.03908064516293301,0.02785638752937453,0.0534888854490356
qualifying_event_rate,state,2,male,45-64,0.05080613996147638,0.03655072741753009,0.06881960542619701
qualifying_event_rate,state,2,male,65-74,0.07924623383980493,0.057586495468834625,0.10593437108487376
qualifying_event_rate,state,2,male,75-84,0.09308181983740475,0.06778528407889305,0.12285774441171658
qualifying_event_rate,state,2,male,85+,0.1096364914145576,0.07877446797202041,0.1547825375159018
person_years_exposure,state,2,female,0-17,9584.643085863641,7251.470044976554,12427.117722360337
person_years_exposure,state,2,female,18-44,10788.157494844218,8171.704300696748,13980.736024207148
person_years_exposure,state,2,female,45-64,9981.617764508635,7545.791075932557,13044.301740073699
person_years_exposure,state,2,female,65-74,3465.6952640451545,2628.5688394524577,4523.813224413653
person_years_exposure,state,2,female,75-84,1977.2764171062468,1492.9937083887737,2601.4847002801357
person_years_exposure,state,2,female,85+,860.9228748140658,551.6525257284726,1203.478705448556
person_years_exposure,state,2,female,18-64,20769.775259352853,15727.40430350851,27030.659656896674
person_years_exposure,state,2,female,65+,6303.894555965467,4803.39357047297,8231.37081997439
mortality_rate,state,2,female,0-17,0.002152032648369756,0.0006376573251078726,0.0045414949847219065
mortality_rate,state,2,female,18-44,0.0010475625273964535,0.0002519142169223932,0.0024366789912581305
mortality_rate,state,2,female,45-64,0.006027094772543767,0.0020704142582366604,0.012984040938248875
mortality_rate,state,2,female,65-74,0.020687559603860158,0.007081108683970142,0.045277283554909946
mortality_rate,state,2,female,75-84,0.05858580723164188,0.021505088257429722,0.1282846606090421
mortality_rate,state,2,female,85+,0.15251785957905076,0.060778700182751666,0.33801150530095553
qualifying_event_rate,state,2,female,0-17,0.028797134273402067,0.02038724752179426,0.04018025923213788
qualifying_event_rate,state,2,female,18-44,0.03911302923904367,0.028051093494384713,0.053811904638965326
qualifying_event_rate,state,2,female,45-64,0.055124035378080416,0.03994686897391012,0.07495607292923545
qualifying_event_rate,state,2,female,65-74,0.07976092302053032,0.058472262936521496,0.10597934000949161
qualifying_event_rate,state,2,female,75-84,0.0831281820074521,0.06060173720943303,0.11207866436347888
qualifying_event_rate,state,2,female,85+,0.098272068468356,0.07001198367925036,0.1370384318198203
person_years_exposure,state,3,male,0-17,5926.882924343823,4026.7229762261304,8010.369167088429
person_years_exposure,state,3,male,18-44,6237.656482306997,4208.893207908368,8421.204138949797
person_years_exposure,state,3,male,45-64,6506.444426272898,4376.590396059056,8785.09325005793
person_years_exposure,state,3,male,65-74,1924.78494147703,1308.4388549841299,2622.737495030788
person_years_exposure,state,3,male,75-84,1056.8744544389842,713.7781737534779,1465.3251037435007
person_years_exposure,state,3,male,85+,467.4404502825031,271.9194855622094,703.2470055620877
person_years_exposure,state,3,male,18-64,12744.100908579894,8557.517036062076,17213.590960448753
person_years_exposure,state,3,male,65+,3449.0998461985178,2343.495811981453,4744.509026250801
mortality_rate,state,3,male,0-17,0.006588920063209026,0.002105840442249739,0.014060266175763192
mortality_rate,state,3,male,18-44,0.0011231556907425084,0.0002290966094462755,0.0025816094805331843
mortality_rate,state,3,male,45-64,0.005017186166523451,0.0016322446368097778,0.010805387479314109
mortality_rate,state,3,male,65-74,0.02433814922151865,0.007961684503970565,0.054164808920040906
mortality_rate,state,3,male,75-84,0.0576981086411522,0.019760760841737435,0.13064006349995702
mortality_rate,state,3,male,85+,0.15983351688722672,0.06335318300447428,0.36814391403352276
qualifying_event_rate,state,3,male,0-17,0.02289366465275306,0.01593565527553412,0.03207300065469524
qualifying_event_rate,state,3,male,18-44,0.03273626251769826,0.023365058567190546,0.04488006937316678
qualifying_event_rate,state,3,male,45-64,0.043367159870853426,0.03120358937378152,0.05907608006045929
qualifying_event_rate,state,3,male,65-74,0.06947291515645602,0.05049677491006568,0.09353055564084081
qualifying_event_rate,state,3,male,75-84,0.06570159361145897,0.04488845104826967,0.0902944902512648
qualifying_event_rate,state,3,male,85+,0.07168693127167772,0.04649925303226986,0.10400531930089955
person_years_exposure,state,3,female,0-17,6367.322896768481,4328.330147103862,8602.65991891514
person_years_exposure,state,3,female,18-44,6757.417385834927,4559.629814735219,9110.384315496625
person_years_exposure,state,3,female,45-64,6418.904609963558,4319.220825519525,8666.7579228711
person_years_exposure,state,3,female,65-74,2125.7533526857815,1442.903343817211,2894.839156436893
person_years_exposure,state,3,female,75-84,1174.063122068203,791.4092032013524,1620.4219746277638
person_years_exposure,state,3,female,85+,502.6684800275822,298.8916010424976,748.4620028410257
person_years_exposure,state,3,female,18-64,13176.321995798484,8872.166827476958,17777.843628831437
person_years_exposure,state,3,female,65+,3802.4849547815666,2589.8156073338937,5217.730131593278
mortality_rate,state,3,female,0-17,0.0025193482671330087,0.000668691233009901,0.005520242238970266
mortality_rate,state,3,female,18-44,0.0010637182625891435,0.00018120474800449457,0.002415726836176648
mortality_rate,state,3,female,45-64,0.006217367889266167,0.0019817321065944845,0.01344402176286157
mortality_rate,state,3,female,65-74,0.022232008038604142,0.007377404386419273,0.048022475649661105
mortality_rate,state,3,female,75-84,0.06416660617384187,0.022472977509974807,0.14346600230988732
mortality_rate,state,3,female,85+,0.14375574131634233,0.05545670853441555,0.32156111098560586
qualifying_event_rate,state,3,female,0-17,0.02282827223078635,0.01584528622347791,0.031921402677300495
qualifying_event_rate,state,3,female,18-44,0.030593953611030716,0.02180933675219098,0.04211942812828954
qualifying_event_rate,state,3,female,45-64,0.04154864319525448,0.02988397535551742,0.05707373875406508
qualifying_event_rate,state,3,female,65-74,0.06558318939259808,0.04735521756821092,0.08822568032569716
qualifying_event_rate,state,3,female,75-84,0.06874264069752685,0.04880614384546083,0.09408298599789658
qualifying_event_rate,state,3,female,85+,0.08264060797847014,0.05656341891319998,0.11637971763194391
person_years_exposure,state,4,male,0-17,10831.010442853172,8153.200971248558,14316.721770600543
person_years_exposure,state,4,male,18-44,13404.954904870274,10054.456124944196,18015.167374453784
person_years_exposure,state,4,male,45-64,12867.739423779985,9663.395332782447,16888.11145323645
person_years_exposure,state,4,male,65-74,4458.97026289577,3338.198849077377,5925.4435097475925
person_years_exposure,state,4,male,75-84,2216.91859611654,1613.3617204604361,3016.546887449626
person_years_exposure,state,4,male,85+,963.1461129241924,590.1251750967839,1374.6094096172785
person_years_exposure,state,4,male,18-64,26272.694328650257,19728.84703153775,34810.8193362316
person_years_exposure,state,4,male,65+,7639.034971936502,5650.308128601988,10292.741850621944
mortality_rate,state,4,male,0-17,0.0037510526210846533,0.0012127337988107687,0.00813897379276076
mortality_rate,state,4,male,18-44,0.0011047468742971735,0.0002974832889424652,0.0024216832618626487
mortality_rate,state,4,male,45-64,0.005148534471996528,0.0016807622937330283,0.010855384602475015
mortality_rate,state,4,male,65-74,0.023654712416430166,0.008210117801369406,0.0513886436700511
mortality_rate,state,4,male,75-84,0.06729991624653633,0.024756018368090504,0.15011415613923396
mortality_rate,state,4,male,85+,0.1671092651563625,0.06963300823896196,0.3715498249572307
qualifying_event_rate,state,4,male,0-17,0.03486298470318053,0.02492334783789609,0.047819719645005074
qualifying_event_rate,state,4,male,18-44,0.05118395495363543,0.0371619089406893,0.06903800729307645
qualifying_event_rate,state,4,male,45-64,0.06579979156069686,0.04861331085470244,0.08698077018007298
qualifying_event_rate,state,4,male,65-74,0.09880439859043501,0.07475766364975414,0.12818962090116034
qualifying_event_rate,state,4,male,75-84,0.11874513411157807,0.09197099052660455,0.15104522330294118
qualifying_event_rate,state,4,male,85+,0.12591161745777363,0.09467327438475977,0.1657428293929438
person_years_exposure,state,4,female,0-17,11090.398478880585,8281.996333996723,14617.681923347915
person_years_exposure,state,4,female,18-44,12706.867975396128,9537.384868068866,16805.38788514169
person_years_exposure,state,4,female,45-64,12418.467067980324,9286.88305839486,16508.58090333978
person_years_exposure,state,4,female,65-74,4464.9236375879245,3317.5953802563517,5948.059804367885
person_years_exposure,state,4,female,75-84,2224.829060114272,1611.6135191486976,3032.376852288132
person_years_exposure,state,4,female,85+,906.7242332088804,558.6506027736623,1288.6710583457073
person_years_exposure,state,4,female,18-64,25125.33504337645,18841.946600077765,33384.05310893227
person_years_exposure,state,4,female,65+,7596.476930911078,5625.87104918268,10229.835252853081
mortality_rate,state,4,female,0-17,0.003668751181256905,0.0012296373732378595,0.007966442951003211
mortality_rate,state,4,female,18-44,0.0011310798319682795,0.00030886330727801286,0.0024298355723787806
mortality_rate,state,4,female,45-64,0.006694839868913177,0.0023559499362596427,0.01425076575338157
mortality_rate,state,4,female,65-74,0.021575042387609263,0.007468124646892148,0.046318506300589986
mortality_rate,state,4,female,75-84,0.0671764981313339,0.023866574168695916,0.15042717062870753
mortality_rate,state,4,female,85+,0.16064874923708908,0.06485793372985961,0.35318760595085436
qualifying_event_rate,state,4,female,0-17,0.03078783127263814,0.021976921309248193,0.04255227953231886
qualifying_event_rate,state,4,female,18-44,0.05328258855795849,0.03932807923048311,0.07127724956734736
qualifying_event_rate,state,4,female,45-64,0.06401451058398964,0.04740707382994542,0.085516242308183
qualifying_event_rate,state,4,female,65-74,0.09572412468549023,0.07184474500383442,0.12466953383467258
qualifying_event_rate,state,4,female,75-84,0.10471887652367741,0.0796882653380314,0.1364348506151904
qualifying_event_rate,state,4,female,85+,0.11522860431873543,0.08540713312356123,0.1550378902831532
person_years_exposure,state,5,male,0-17,8829.865681155079,6712.875251347814,11807.378961168843
person_years_exposure,state,5,male,18-44,10333.649291665015,7886.221848635985,13866.751732434783
person_years_exposure,state,5,male,45-64,11046.47585188396,8466.72431262732,14653.395741819004
person_years_exposure,state,5,male,65-74,3813.8251367043495,2916.5208524341697,5061.362808346916
person_years_exposure,state,5,male,75-84,1718.3688041608398,1264.8258097455487,2329.157512125157
person_years_exposure,state,5,male,85+,729.3789753345071,444.99045597473685,1026.7549433384027
person_years_exposure,state,5,male,18-64,21380.125143548976,16354.964767060732,28442.124124529735
person_years_exposure,state,5,male,65+,6261.572916199696,4709.74403240063,8337.793248278793
mortality_rate,state,5,male,0-17,0.017123154387602934,0.0059430868097947835,0.03663882623807566
mortality_rate,state,5,male,18-44,0.0011237717166605776,0.0002651633882726275,0.0024832267993068293
mortality_rate,state,5,male,45-64,0.005519726819858106,0.001795473375924337,0.011644670705655799
mortality_rate,state,5,male,65-74,0.02430508792364211,0.008062100026730261,0.05274441752554756
mortality_rate,state,5,male,75-84,0.07114937059922305,0.025183170583210904,0.15846393619507235
mortality_rate,state,5,male,85+,0.16003826501276058,0.0628893783746084,0.34621350121645583
qualifying_event_rate,state,5,male,0-17,0.024105416701083474,0.016850234189563714,0.033146120124465085
qualifying_event_rate,state,5,male,18-44,0.034513135856769066,0.02472731507637425,0.046552233295119885
qualifying_event_rate,state,5,male,45-64,0.045548426436927844,0.03300892075492504,0.060668584955806876
qualifying_event_rate,state,5,male,65-74,0.07309921150145046,0.05294975592008562,0.09682533820851931
qualifying_event_rate,state,5,male,75-84,0.07780751341309158,0.05608765583329158,0.10458926569002812
qualifying_event_rate,state,5,male,85+,0.0722814863395492,0.04950423847193206,0.10218496371506995
person_years_exposure,state,5,female,0-17,8885.023602799996,6766.251133860126,11840.634224631152
person_years_exposure,state,5,female,18-44,10091.93238552315,7658.677939647522,13454.70720999173
person_years_exposure,state,5,female,45-64,10202.734463049916,7845.9157625738935,13559.159721435175
person_years_exposure,state,5,female,65-74,3529.582011422769,2699.3518843410525,4691.13589160348
person_years_exposure,state,5,female,75-84,1911.825227067621,1417.863112883007,2572.237795355411
person_years_exposure,state,5,female,85+,768.9136006534834,478.7084502621259,1090.5523937872342
person_years_exposure,state,5,female,18-64,20294.666848573066,15496.508354443966,27135.042006186908
person_years_exposure,state,5,female,65+,6210.320839143874,4667.661322497331,8308.001412645912
mortality_rate,state,5,female,0-17,0.003288001599663624,0.0009839372936679516,0.006922499429829001
mortality_rate,state,5,female,18-44,0.0011302192225045274,0.00027770788026714995,0.002544021936700035
mortality_rate,state,5,female,45-64,0.0065068053345578095,0.00217066069143433,0.014106823137419684
mortality_rate,state,5,female,65-74,0.02442501351493046,0.007926117088258739,0.05223549612748385
mortality_rate,state,5,female,75-84,0.06312725726251976,0.02241053819538279,0.13961651822240898
mortality_rate,state,5,female,85+,0.15623556257526178,0.06111319057935811,0.3462956738674844
qualifying_event_rate,state,5,female,0-17,0.028381946900030923,0.020019716315903487,0.0385769970238861
qualifying_event_rate,state,5,female,18-44,0.03354246858885359,0.024005030066679145,0.045799508938886034
qualifying_event_rate,state,5,female,45-64,0.042203002634450495,0.030536041550455976,0.05655613804648807
qualifying_event_rate,state,5,female,65-74,0.07052016742669164,0.05172899139409059,0.09396263351756468
qualifying_event_rate,state,5,female,75-84,0.07800576721528393,0.05667295518390466,0.10370541822156461
qualifying_event_rate,state,5,female,85+,0.08907720590501016,0.0626148358209544,0.12412306512522497
