estimand,level,unit,sex,age_band,estimate,lower,upper
children_under_16,county,0,,,367.3865085852879,360.0387784135822,374.73423875699365
children_under_16,county,1,,,1389.3442192607943,1361.5573348755784,1417.1311036460102
children_under_16,county,2,,,822.1932756402706,805.7494101274652,838.637141153076
children_under_16,county,3,,,595.4273486744428,583.5188017009539,607.3358956479317
children_under_16,county,4,,,656.4287555391348,643.3001804283522,669.5573306499175
children_under_16,county,5,,,626.0082642350164,613.4880989503162,638.5284295197167
children_under_16,county,6,,,1540.8299837681484,1510.0133840927854,1571.6465834435114
children_under_16,county,7,,,781.9150747331157,766.2767732384534,797.553376227778
children_under_16,county,8,,,595.8607054666863,583.9434913573526,607.77791957602
children_under_16,county,9,,,1186.4761127417123,1162.7465904868782,1210.2056349965465
children_under_16,county,10,,,576.5379676745798,565.0072083210882,588.0687270280714
children_under_16,county,11,,,666.7786930497315,653.4431191887369,680.1142669107261
children_under_16,county,12,,,299.75814630839426,293.76298338222637,305.75330923456215
children_under_16,county,13,,,456.99955358841385,447.85956251664555,466.13954466018214
children_under_16,county,14,,,191.99389529454064,188.15401738864983,195.83377320043144
children_under_16,county,15,,,507.02613193980795,496.8856093010118,517.1666545786042
children_under_16,county,16,,,195.20613441733298,191.30201172898632,199.11025710567964
children_under_16,nation,0,,,11456.17077091741,11227.047355499062,11685.294186335757
children_under_16,state,0,,,2803.835344128517,2747.758637245947,2859.9120510110874
children_under_16,state,1,,,2366.465428411243,2319.136119843018,2413.794736979468
children_under_16,state,2,,,2065.509936364582,2024.1997376372901,2106.8201350918735
children_under_16,state,3,,,595.4273486744428,583.5188017009539,607.3358956479317
children_under_16,state,4,,,1842.904868280847,1806.0467709152301,1879.762965646464
children_under_16,state,5,,,1782.027845057779,1746.3872881566233,1817.6684019589345
elders_65_plus,county,0,,,190.2045170138423,186.40042667356545,194.00860735411914
elders_65_plus,county,1,,,798.6293663182568,782.6567789918917,814.6019536446219
elders_65_plus,county,2,,,470.30650700644713,460.9003768663182,479.71263714657607
elders_65_plus,county,3,,,270.9238966798732,265.5054187462758,276.34237461347067
elders_65_plus,county,4,,,329.79499788524873,323.19909792754373,336.39089784295373
elders_65_plus,county,5,,,353.98615595068145,346.9064328316678,361.0658790696951
elders_65_plus,county,6,,,797.7234221028306,781.768953660774,813.6778905448872
elders_65_plus,county,7,,,449.4640939169461,440.4748120386072,458.45337579528507
elders_65_plus,county,8,,,308.4909081916044,302.3210900277723,314.66072635543645
elders_65_plus,county,9,,,596.0949818098314,584.1730821736348,608.016881446028
elders_65_plus,county,10,,,329.78809942525317,323.1923374367481,336.3838614137582
elders_65_plus,county,11,,,381.4071062918141,373.7789641659778,389.0352484176504
elders_65_plus,county,12,,,155.19174522522422,152.08791032071974,158.2955801297287
elders_65_plus,county,13,,,258.4175393333267,253.24918854666018,263.5858901199932
elders_65_plus,county,14,,,108.56594847731476,106.39462950776847,110.73726744686105
elders_65_plus,county,15,,,286.7058498520639,280.97173285502265,292.4399668491052
elders_65_plus,county,16,,,112.20930657061847,109.9651204392061,114.45349270203083
elders_65_plus,nation,0,,,6197.904442051177,6073.946353210154,6321.862530892201
elders_65_plus,state,0,,,1451.6105925335014,1422.5783806828313,1480.6428043841715
elders_65_plus,state,1,,,1360.3027668058214,1333.096711469705,1387.5088221419378
elders_65_plus,state,2,,,1181.5017127235144,1157.8716784690441,1205.1317469779847
elders_65_plus,state,3,,,270.9238966798732,265.5054187462758,276.34237461347067
elders_65_plus,state,4,,,925.8899796950802,907.3721801011786,944.4077792889818
elders_65_plus,state,5,,,1007.6754936133868,987.5219837411191,1027.8290034856545
households,county,0,,,0.0,0.0,0.0
households,county,1,,,0.0,0.0,0.0
households,county,2,,,0.0,0.0,0.0
households,county,3,,,0.0,0.0,0.0
households,county,4,,,0.0,0.0,0.0
households,county,5,,,0.0,0.0,0.0
households,county,6,,,0.0,0.0,0.0
households,county,7,,,0.0,0.0,0.0
households,county,8,,,0.0,0.0,0.0
households,county,9,,,0.0,0.0,0.0
households,county,10,,,0.0,0.0,0.0
households,county,11,,,0.0,0.0,0.0
households,county,12,,,0.0,0.0,0.0
households,county,13,,,0.0,0.0,0.0
households,county,14,,,0.0,0.0,0.0
households,county,15,,,0.0,0.0,0.0
households,county,16,,,0.0,0.0,0.0
households,nation,0,,,0.0,0.0,0.0
households,state,0,,,0.0,0.0,0.0
households,state,1,,,0.0,0.0,0.0
households,state,2,,,0.0,0.0,0.0
households,state,3,,,0.0,0.0,0.0
households,state,4,,,0.0,0.0,0.0
households,state,5,,,0.0,0.0,0.0
low_income_household_share,county,0,,,0.0,0.0,0.02
low_income_household_share,county,1,,,0.0,0.0,0.02
low_income_household_share,county,2,,,0.0,0.0,0.02
low_income_household_share,county,3,,,0.0,0.0,0.02
low_income_household_share,county,4,,,0.0,0.0,0.02
low_income_household_share,county,5,,,0.0,0.0,0.02
low_income_household_share,county,6,,,0.0,0.0,0.02
low_income_household_share,county,7,,,0.0,0.0,0.02
low_income_household_share,county,8,,,0.0,0.0,0.02
low_income_household_share,county,9,,,0.0,0.0,0.02
low_income_household_share,county,10,,,0.0,0.0,0.02
low_income_household_share,county,11,,,0.0,0.0,0.02
low_income_household_share,county,12,,,0.0,0.0,0.02
low_income_household_share,county,13,,,0.0,0.0,0.02
low_income_household_share,county,14,,,0.0,0.0,0.02
low_income_household_share,county,15,,,0.0,0.0,0.02
low_income_household_share,county,16,,,0.0,0.0,0.02
low_income_household_share,nation,0,,,0.0,0.0,0.02
low_income_household_share,state,0,,,0.0,0.0,0.02
low_income_household_share,state,1,,,0.0,0.0,0.02
low_income_household_share,state,2,,,0.0,0.0,0.02
low_income_household_share,state,3,,,0.0,0.0,0.02
low_income_household_share,state,4,,,0.0,0.0,0.02
low_income_household_share,state,5,,,0.0,0.0,0.02
mean_income_adults,county,0,,,0.0,0.0,0.0
mean_income_adults,county,1,,,0.0,0.0,0.0
mean_income_adults,county,2,,,0.0,0.0,0.0
mean_income_adults,county,3,,,0.0,0.0,0.0
mean_income_adults,county,4,,,0.0,0.0,0.0
mean_income_adults,county,5,,,0.0,0.0,0.0
mean_income_adults,county,6,,,0.0,0.0,0.0
mean_income_adults,county,7,,,0.0,0.0,0.0
mean_income_adults,county,8,,,0.0,0.0,0.0
mean_income_adults,county,9,,,0.0,0.0,0.0
mean_income_adults,county,10,,,0.0,0.0,0.0
mean_income_adults,county,11,,,0.0,0.0,0.0
mean_income_adults,county,12,,,0.0,0.0,0.0
mean_income_adults,county,13,,,0.0,0.0,0.0
mean_income_adults,county,14,,,0.0,0.0,0.0
mean_income_adults,county,15,,,0.0,0.0,0.0
mean_income_adults,county,16,,,0.0,0.0,0.0
mean_income_adults,nation,0,,,0.0,0.0,0.0
mean_income_adults,state,0,,,0.0,0.0,0.0
mean_income_adults,state,1,,,0.0,0.0,0.0
mean_income_adults,state,2,,,0.0,0.0,0.0
mean_income_adults,state,3,,,0.0,0.0,0.0
mean_income_adults,state,4,,,0.0,0.0,0.0
mean_income_adults,state,5,,,0.0,0.0,0.0
median_household_income,county,0,,,0.0,0.0,0.0
median_household_income,county,1,,,0.0,0.0,0.0
median_household_income,county,2,,,0.0,0.0,0.0
median_household_income,county,3,,,0.0,0.0,0.0
median_household_income,county,4,,,0.0,0.0,0.0
median_household_income,county,5,,,0.0,0.0,0.0
median_household_income,county,6,,,0.0,0.0,0.0
median_household_income,county,7,,,0.0,0.0,0.0
median_household_income,county,8,,,0.0,0.0,0.0
median_household_income,county,9,,,0.0,0.0,0.0
median_household_income,county,10,,,0.0,0.0,0.0
median_household_income,county,11,,,0.0,0.0,0.0
median_household_income,county,12,,,0.0,0.0,0.0
median_household_income,county,13,,,0.0,0.0,0.0
median_household_income,county,14,,,0.0,0.0,0.0
median_household_income,county,15,,,0.0,0.0,0.0
median_household_income,county,16,,,0.0,0.0,0.0
median_household_income,nation,0,,,0.0,0.0,0.0
median_household_income,state,0,,,0.0,0.0,0.0
median_household_income,state,1,,,0.0,0.0,0.0
median_household_income,state,2,,,0.0,0.0,0.0
median_household_income,state,3,,,0.0,0.0,0.0
median_household_income,state,4,,,0.0,0.0,0.0
median_household_income,state,5,,,0.0,0.0,0.0
persons,county,0,,,1782.594763678495,1746.942868404925,1818.2466589520648
persons,county,1,,,6853.205863731942,6716.141746457303,6990.2699810065815
persons,county,2,,,4104.716062034437,4022.621740793748,4186.810383275126
persons,county,3,,,2688.259152782237,2634.4939697265922,2742.0243358378816
persons,county,4,,,3140.7861588795936,3077.970435702002,3203.6018820571853
persons,county,5,,,3155.376152034609,3092.2686289939165,3218.483675075301
persons,county,6,,,7476.255650651613,7326.730537638581,7625.780763664645
persons,county,7,,,3856.945529274572,3779.8066186890806,3934.0844398600634
persons,county,8,,,2891.1735968118933,2833.3501248756556,2948.997068748131
persons,county,9,,,5676.880729699033,5563.343115105052,5790.418344293013
persons,county,10,,,2878.3069947192607,2820.7408548248754,2935.873134613646
persons,county,11,,,3328.824611284027,3262.2481190583467,3395.4011035097074
persons,county,12,,,1454.4554290710144,1425.366320489594,1483.5445376524347
persons,county,13,,,2303.492741658094,2257.422886824932,2349.562596491256
persons,county,14,,,967.7395541877191,948.3847631039647,987.0943452714736
persons,county,15,,,2555.650231129542,2504.5372265069514,2606.763235752133
persons,county,16,,,962.891561701741,943.6337304677062,982.1493929357758
persons,nation,0,,,56077.554783329826,54956.00368766323,57199.10587899642
persons,state,0,,,13604.479440213016,13332.389851408756,13876.569029017275
persons,state,1,,,11673.042954708255,11439.58209561409,11906.50381380242
persons,state,2,,,10311.847668037724,10105.61071467697,10518.084621398479
persons,state,3,,,2688.259152782237,2634.4939697265922,2742.0243358378816
persons,state,4,,,8817.666888578626,8641.313550807054,8994.020226350198
persons,state,5,,,8982.258679009965,8802.613505429767,9161.903852590163
tertiary_share_25_plus,county,0,,,0.0,0.0,0.02
tertiary_share_25_plus,county,1,,,0.0,0.0,0.02
tertiary_share_25_plus,county,2,,,0.0,0.0,0.02
tertiary_share_25_plus,county,3,,,0.0,0.0,0.02
tertiary_share_25_plus,county,4,,,0.0,0.0,0.02
tertiary_share_25_plus,county,5,,,0.0,0.0,0.02
tertiary_share_25_plus,county,6,,,0.0,0.0,0.02
tertiary_share_25_plus,county,7,,,0.0,0.0,0.02
tertiary_share_25_plus,county,8,,,0.0,0.0,0.02
tertiary_share_25_plus,county,9,,,0.0,0.0,0.02
tertiary_share_25_plus,county,10,,,0.0,0.0,0.02
tertiary_share_25_plus,county,11,,,0.0,0.0,0.02
tertiary_share_25_plus,county,12,,,0.0,0.0,0.02
tertiary_share_25_plus,county,13,,,0.0,0.0,0.02
tertiary_share_25_plus,county,14,,,0.0,0.0,0.02
tertiary_share_25_plus,county,15,,,0.0,0.0,0.02
tertiary_share_25_plus,county,16,,,0.0,0.0,0.02
tertiary_share_25_plus,nation,0,,,0.0,0.0,0.02
tertiary_share_25_plus,state,0,,,0.0,0.0,0.02
tertiary_share_25_plus,state,1,,,0.0,0.0,0.02
tertiary_share_25_plus,state,2,,,0.0,0.0,0.02
tertiary_share_25_plus,state,3,,,0.0,0.0,0.02
tertiary_share_25_plus,state,4,,,0.0,0.0,0.02
tertiary_share_25_plus,state,5,,,0.0,0.0,0.02
person_years_exposure,county,0,male,0-17,1043.5599588424848,1011.9951148115069,1073.917026166504
person_years_exposure,county,0,male,18-44,1702.7889773075576,1676.6519564746045,1727.1266723863373
person_years_exposure,county,0,male,45-64,1199.9560266393844,1168.9709471326612,1228.2150662042177
person_years_exposure,county,0,male,65-74,360.7897529147799,332.32682346091565,384.3235742425115
person_years_exposure,county,0,male,75-84,100.27490687042426,79.93171559739365,117.83678238441404
person_years_exposure,county,0,male,85+,16.811402213076164,10.257668650717081,23.65667535500588
person_years_exposure,county,0,male,18-64,2902.7450039469422,2856.449543042339,2945.039259840511
person_years_exposure,county,0,male,65+,477.87606199828036,431.8937951881808,512.1557609045866
mortality_rate,county,0,male,0-17,0.0005114142237135754,0.0,0.0019307039304098403
mortality_rate,county,0,male,18-44,0.0018079828576984857,0.0005706587096629646,0.0035608248136235103
mortality_rate,county,0,male,45-64,0.01359668964969762,0.007460232093160495,0.020753651957590002
mortality_rate,county,0,male,65-74,0.06842472724227681,0.04281749838106713,0.10406571609104957
mortality_rate,county,0,male,75-84,0.1818283772474848,0.11037173786384936,0.284657972126063
mortality_rate,county,0,male,85+,0.20884865681041054,0.07429386477463028,0.4234771061279258
qualifying_event_rate,county,0,male,0-17,0.007525228691660963,0.0029734876274714354,0.012519673755225492
qualifying_event_rate,county,0,male,18-44,0.008206607677156695,0.004694373916097973,0.012333380478737124
qualifying_event_rate,county,0,male,45-64,0.015636152405556974,0.009801408428683685,0.02242064633587134
qualifying_event_rate,county,0,male,65-74,0.027289188792947894,0.013735876735421442,0.04329766940123026
qualifying_event_rate,county,0,male,75-84,0.02971855157703337,0.0,0.06022626675268512
qualifying_event_rate,county,0,male,85+,0.016297455797314033,0.0,0.07730420433096766
person_years_exposure,county,0,female,0-17,1045.854963000441,1011.1095620133044,1078.4485750560161
person_years_exposure,county,0,female,18-44,1656.0424625397245,1632.0099835420826,1677.0779924695385
person_years_exposure,county,0,female,45-64,1175.0699234014735,1146.3909982662724,1202.283581762707
person_years_exposure,county,0,female,65-74,352.06232052851306,325.4019385748966,374.59511715180616
person_years_exposure,county,0,female,75-84,92.3166771349719,71.9031971420244,110.1957143774508
person_years_exposure,county,0,female,85+,15.717162999837248,8.835361229166587,22.871108517914077
person_years_exposure,county,0,female,18-64,2831.112385941198,2786.4149385085984,2872.087104521049
person_years_exposure,county,0,female,65+,460.09616066332217,417.2867290222482,493.55584042066425
mortality_rate,county,0,female,0-17,0.0005214969336525202,0.0,0.0019256052763398433
mortality_rate,county,0,female,18-44,0.001504610706013361,0.0,0.0035946661492129188
mortality_rate,county,0,female,45-64,0.01016894272590231,0.005158184603501276,0.01577490208718391
mortality_rate,county,0,female,65-74,0.06875866667861624,0.04306108748347738,0.10210742023993719
mortality_rate,county,0,female,75-84,0.18964661802864446,0.11494216573059453,0.3055251639657329
mortality_rate,county,0,female,85+,0.2858109012980501,0.133418912718792,0.5667778389523694
qualifying_event_rate,county,0,female,0-17,0.007639439861554331,0.003775335928341866,0.012554720518762932
qualifying_event_rate,county,0,female,18-44,0.009180100790069763,0.0053961015268587965,0.013396897802741104
qualifying_event_rate,county,0,female,45-64,0.015372256750655039,0.009452038666154744,0.02212187711309945
qualifying_event_rate,county,0,female,65-74,0.031212768299051962,0.016582581280403352,0.04838607295753013
qualifying_event_rate,county,0,female,75-84,0.028322234843405934,0.0,0.0592940560925213
qualifying_event_rate,county,0,female,85+,0.0378987641258859,0.0,0.12739395323635153
person_years_exposure,county,1,male,0-17,3920.0372408404937,3843.778511813289,3986.7302932284892
person_years_exposure,county,1,male,18-44,5757.3984609215895,5694.641793947361,5815.416396310458
person_years_exposure,county,1,male,45-64,5079.815387205794,5004.590771361104,5148.642494158528
person_years_exposure,county,1,male,65-74,1507.0384901109587,1410.1756808157506,1577.4354863048247
person_years_exposure,county,1,male,75-84,392.2375105210344,320.0538650386529,442.1763131371021
person_years_exposure,county,1,male,85+,46.92373770191849,28.705800453425052,67.65706416237107
person_years_exposure,county,1,male,18-64,10837.213848127383,10718.235991510535,10949.306271294941
person_years_exposure,county,1,male,65+,1946.1997383339117,1768.4776862073084,2058.798697949661
mortality_rate,county,1,male,0-17,0.000481052110386502,0.0,0.0012493870367867002
mortality_rate,county,1,male,18-44,0.002128036335883347,0.0010414866070646096,0.003330527023186419
mortality_rate,county,1,male,45-64,0.014041960380274002,0.010428120272283676,0.019205985239819742
mortality_rate,county,1,male,65-74,0.07335112505445103,0.056134637006381646,0.10096318266301302
mortality_rate,county,1,male,75-84,0.20712104816917323,0.1537485303360565,0.2963571699140964
mortality_rate,county,1,male,85+,0.29129917615973816,0.17970243299023209,0.4725093673515173
qualifying_event_rate,county,1,male,0-17,0.00919591769899127,0.006432464199915648,0.012267681976316447
qualifying_event_rate,county,1,male,18-44,0.015682013025340898,0.012394995618791883,0.019951577151497528
qualifying_event_rate,county,1,male,45-64,0.02265745787039509,0.01810301724310639,0.028836099702577656
qualifying_event_rate,county,1,male,65-74,0.036092685597064744,0.02695472257171666,0.04801329970494913
qualifying_event_rate,county,1,male,75-84,0.048562022245913626,0.031022253067202007,0.07123263754323123
qualifying_event_rate,county,1,male,85+,0.031953872321563395,0.0,0.08285833365466644
person_years_exposure,county,1,female,0-17,3990.062884437148,3916.444508472252,4054.2452113103213
person_years_exposure,county,1,female,18-44,6000.1517732766215,5902.232885898065,6091.919278573574
person_years_exposure,county,1,female,45-64,5066.016108260379,4972.2278656145545,5158.400940044914
person_years_exposure,county,1,female,65-74,1628.3529389127364,1531.5242244359163,1703.4559102082249
person_years_exposure,county,1,female,75-84,435.06250431308814,362.3479360328212,485.5809007243742
person_years_exposure,county,1,female,85+,35.50585056809779,21.192734177285928,49.746867177131854
person_years_exposure,county,1,female,18-64,11066.167881537,10900.453036857589,11233.320572340996
person_years_exposure,county,1,female,65+,2098.9212937939224,1926.1971692801633,2214.513653119081
mortality_rate,county,1,female,0-17,0.0003470535841430328,0.0,0.0009866860746288674
mortality_rate,county,1,female,18-44,0.0015016709987870178,0.0006669482599312476,0.002513112423129959
mortality_rate,county,1,female,45-64,0.016888154761884284,0.012764652019723382,0.022991840930995072
mortality_rate,county,1,female,65-74,0.06775562931625144,0.051721979200509235,0.09274793918049444
mortality_rate,county,1,female,75-84,0.1954973060368259,0.14592162616227403,0.2764772712198084
mortality_rate,county,1,female,85+,0.34565828185676245,0.20278414761187608,0.5914785832190252
qualifying_event_rate,county,1,female,0-17,0.009578727872077485,0.0067094295670402,0.01293216777583683
qualifying_event_rate,county,1,female,18-44,0.016088785733712054,0.012805115990273147,0.020560829790498503
qualifying_event_rate,county,1,female,45-64,0.023984210064616915,0.019500657930059097,0.030285031331368575
qualifying_event_rate,county,1,female,65-74,0.04165923484947592,0.031903497115127126,0.054369751602142406
qualifying_event_rate,county,1,female,75-84,0.047081308934677164,0.030166223995000917,0.06873271773213917
qualifying_event_rate,county,1,female,85+,0.04526207284568932,0.0,0.11183418234143669
person_years_exposure,county,2,male,0-17,2245.588038031928,2180.4284833748816,2313.833866288947
person_years_exposure,county,2,male,18-44,3662.9737555388606,3595.548319264674,3732.9222244460752
person_years_exposure,county,2,male,45-64,2959.3496475642687,2909.774517750627,3002.3508422115037
person_years_exposure,county,2,male,65-74,957.2191907642992,902.1341916967344,999.5028288056922
person_years_exposure,county,2,male,75-84,236.21706726884747,193.8321724397181,268.93775784089587
person_years_exposure,county,2,male,85+,43.9213804898739,29.865205224155297,58.91284031968105
person_years_exposure,county,2,male,18-64,6622.32340310313,6523.90266531918,6724.1013691228845
person_years_exposure,county,2,male,65+,1237.3576385230206,1141.1121305816005,1306.3402811746357
mortality_rate,county,2,male,0-17,0.0003639949975937565,0.0,0.001298844704051287
mortality_rate,county,2,male,18-44,0.0020620466212264315,0.0008174955370988619,0.003553775315944509
mortality_rate,county,2,male,45-64,0.015789799999117952,0.01107905783269158,0.022271031772922306
mortality_rate,county,2,male,65-74,0.06389051447419115,0.046543959126519874,0.0886549173797389
mortality_rate,county,2,male,75-84,0.20527868359945642,0.14441830925959445,0.29969374606241544
mortality_rate,county,2,male,85+,0.23203977624811267,0.13127046286193433,0.3794466511770978
qualifying_event_rate,county,2,male,0-17,0.008534747700449543,0.005350611695792314,0.012369376796978767
qualifying_event_rate,county,2,male,18-44,0.012706867420116901,0.009282285937732823,0.016840327454143898
qualifying_event_rate,county,2,male,45-64,0.020655205988522017,0.015544179914932286,0.0269112565327697
qualifying_event_rate,county,2,male,65-74,0.036682592230483306,0.02606325798012039,0.05093172346375085
qualifying_event_rate,county,2,male,75-84,0.03790730792874147,0.018082977982005262,0.062241962764905005
qualifying_event_rate,county,2,male,85+,0.03554754582168752,0.0,0.08639235080498192
person_years_exposure,county,2,female,0-17,2426.0446747506153,2360.0450307908936,2493.256237124867
person_years_exposure,county,2,female,18-44,3778.575090431193,3714.179442128443,3853.7097910387274
person_years_exposure,county,2,female,45-64,2833.410795105762,2766.9461887648486,2897.489903306666
person_years_exposure,county,2,female,65-74,871.0900837305091,813.2459222972449,916.9673194997472
person_years_exposure,county,2,female,75-84,245.29010019534348,200.84372559305805,281.35893961150845
person_years_exposure,county,2,female,85+,22.957328693278917,13.350941370314283,33.13304517460232
person_years_exposure,county,2,female,18-64,6611.985885536955,6490.867531313262,6737.444109922491
person_years_exposure,county,2,female,65+,1139.3375126191315,1039.8467955016624,1211.3674520241748
mortality_rate,county,2,female,0-17,0.00014712572998545087,0.0,0.00042870975207707904
mortality_rate,county,2,female,18-44,0.0015120458822476428,0.0005284369800620378,0.0026786490240460464
mortality_rate,county,2,female,45-64,0.016176602777356584,0.011594273588048034,0.022543262474745404
mortality_rate,county,2,female,65-74,0.06850813587147012,0.049583670799371336,0.09710112612385287
mortality_rate,county,2,female,75-84,0.1972723419719037,0.14146040003154808,0.2830293783817116
mortality_rate,county,2,female,85+,0.3019542014218402,0.1551458464275778,0.5457315181995519
qualifying_event_rate,county,2,female,0-17,0.007070890760395157,0.004205179835020667,0.010514435833252959
qualifying_event_rate,county,2,female,18-44,0.013345701267841,0.009996299125813634,0.01747433000691483
qualifying_event_rate,county,2,female,45-64,0.018615931767592894,0.01390372226755631,0.024539494916349745
qualifying_event_rate,county,2,female,65-74,0.035835913158446024,0.025035563149128814,0.04942298684010168
qualifying_event_rate,county,2,female,75-84,0.03907067726726542,0.01866123844646296,0.06364610517337643
qualifying_event_rate,county,2,female,85+,0.04060799578110352,0.0,0.12334882901942983
person_years_exposure,county,3,male,0-17,1836.9146497895065,1759.8346808620104,1918.7149628614188
person_years_exposure,county,3,male,18-44,2683.636986667178,2609.1117672267724,2770.7919153861817
person_years_exposure,county,3,male,45-64,1784.4317108147711,1731.395606087422,1844.35734745364
person_years_exposure,county,3,male,65-74,533.4048047414328,489.88853098821767,572.097812518096
person_years_exposure,county,3,male,75-84,110.72337888026635,85.74698640014483,132.68117932630648
person_years_exposure,county,3,male,85+,15.096600614938264,9.468539330888696,21.692917852355794
person_years_exposure,county,3,male,18-64,4468.068697481949,4345.558761695654,4610.259531694693
person_years_exposure,county,3,male,65+,659.2247842366374,593.9491931095191,713.8074344082772
mortality_rate,county,3,male,0-17,0.0003952683478425094,0.0,0.00112383042333505
mortality_rate,county,3,male,18-44,0.0019128148876890654,0.0007265346203274912,0.003656649201757103
mortality_rate,county,3,male,45-64,0.0143110600535897,0.008980457901041973,0.021153205557505782
mortality_rate,county,3,male,65-74,0.07288869330128027,0.04891933967686221,0.10561053491743864
mortality_rate,county,3,male,75-84,0.1891310839558438,0.11887032575539408,0.29395665012391237
mortality_rate,county,3,male,85+,0.20301151879994203,0.07615937382989788,0.3878687170291399
qualifying_event_rate,county,3,male,0-17,0.012364961490645601,0.007822570812239086,0.01746459247814303
qualifying_event_rate,county,3,male,18-44,0.020220198240146602,0.014994628754177702,0.026526205526006943
qualifying_event_rate,county,3,male,45-64,0.025855953642901424,0.018968878640363597,0.03436952787089791
qualifying_event_rate,county,3,male,65-74,0.041164584271610176,0.026765172650211583,0.0585525224145817
qualifying_event_rate,county,3,male,75-84,0.05241160935360989,0.0201781807634381,0.0932979912489621
qualifying_event_rate,county,3,male,85+,0.04759331066406746,0.0,0.1429168024179656
person_years_exposure,county,3,female,0-17,1571.5296943700494,1521.668735944666,1624.7369176406391
person_years_exposure,county,3,female,18-44,2587.363765313707,2507.8272928581678,2673.7827520137403
person_years_exposure,county,3,female,45-64,1738.4810633579912,1691.1860887822513,1785.7386155428862
person_years_exposure,county,3,female,65-74,526.4851837960659,487.5274504771572,559.9827637553999
person_years_exposure,county,3,female,75-84,142.35813849385812,111.86775790971716,170.16299379823312
person_years_exposure,county,3,female,85+,30.314899902226486,12.20476663589489,61.21397509732319
person_years_exposure,county,3,female,18-64,4325.844828671698,4204.320379552571,4452.359999691049
person_years_exposure,county,3,female,65+,699.1582221921506,622.7150367424621,775.1395070956787
mortality_rate,county,3,female,0-17,0.00024110664364626293,0.0,0.0012436359727670601
mortality_rate,county,3,female,18-44,0.0015103074782668628,0.00038354277683794435,0.0028193020592459065
mortality_rate,county,3,female,45-64,0.014734823103577899,0.009233203203464142,0.021261726895682793
mortality_rate,county,3,female,65-74,0.0681173614539843,0.04467894373870018,0.10039830624379549
mortality_rate,county,3,female,75-84,0.1989314503640704,0.12959780702799223,0.3042892033334424
mortality_rate,county,3,female,85+,0.30600994987743546,0.15576949699390455,0.5247133685748127
qualifying_event_rate,county,3,female,0-17,0.00975425511679224,0.005699698087067934,0.014385260861148795
qualifying_event_rate,county,3,female,18-44,0.0186096377282736,0.013714055310654267,0.024536007268416486
qualifying_event_rate,county,3,female,45-64,0.02683567931558945,0.01984296295690059,0.035545564515855395
qualifying_event_rate,county,3,female,65-74,0.050982895291341854,0.034611066309517,0.07043383149864028
qualifying_event_rate,county,3,female,75-84,0.05403422288558534,0.024379708875160246,0.08937225986435826
qualifying_event_rate,county,3,female,85+,0.03785270360544854,0.0,0.10678279297513804
person_years_exposure,county,4,male,0-17,1899.4516771537806,1838.6826212628464,1963.31414960055
person_years_exposure,county,4,male,18-44,2870.5605212141777,2827.416294724534,2914.284104835483
person_years_exposure,county,4,male,45-64,2281.0310965516046,2229.178852142423,2328.48946422451
person_years_exposure,county,4,male,65-74,649.7804676641146,605.0347756889482,686.3458567027653
person_years_exposure,county,4,male,75-84,185.33840005010865,150.52036458460807,215.59795334329007
person_years_exposure,county,4,male,85+,23.638592231689476,14.447938257406301,33.948057895173605
person_years_exposure,county,4,male,18-64,5151.591617765782,5063.983234806609,5238.110911231906
person_years_exposure,county,4,male,65+,858.7574599459126,779.5393465338769,920.2017139852737
mortality_rate,county,4,male,0-17,0.0004858515610583156,0.0,0.0015635725672166177
mortality_rate,county,4,male,18-44,0.0017964220726720036,0.0006889067659242977,0.003453095790192983
mortality_rate,county,4,male,45-64,0.014398641934190293,0.00956522388284537,0.02066036556508748
mortality_rate,county,4,male,65-74,0.060965008703011914,0.04197359883576363,0.08781096266198991
mortality_rate,county,4,male,75-84,0.2007844275039716,0.13707245082251812,0.294965584455447
mortality_rate,county,4,male,85+,0.23794134150182578,0.10687282813439777,0.4408476451996863
qualifying_event_rate,county,4,male,0-17,0.009936821213073646,0.006199617322503975,0.014288272049100464
qualifying_event_rate,county,4,male,18-44,0.016049069120223105,0.01170691928238147,0.021269464430314296
qualifying_event_rate,county,4,male,45-64,0.026010843542837128,0.01983282706329633,0.033761276067978116
qualifying_event_rate,county,4,male,65-74,0.04574409442359252,0.031550695970542574,0.06300781103711874
qualifying_event_rate,county,4,male,75-84,0.049101045089241825,0.02382342741472312,0.0795014268635978
qualifying_event_rate,county,4,male,85+,0.042108440277450844,0.0,0.12230898745743604
person_years_exposure,county,4,female,0-17,1831.0864471338234,1788.1440095766197,1872.8881113298673
person_years_exposure,county,4,female,18-44,2872.0229482199343,2838.6601352520106,2910.672507965427
person_years_exposure,county,4,female,45-64,2151.8623571552343,2106.5213307005297,2193.637849757311
person_years_exposure,county,4,female,65-74,639.4652535598939,599.2778564459727,675.5924164055904
person_years_exposure,county,4,female,75-84,170.2425630233142,137.64284152125362,197.71047849716462
person_years_exposure,county,4,female,85+,25.539108163155962,16.773381259164392,34.58219263580972
person_years_exposure,county,4,female,18-64,5023.885305375168,4952.16966490298,5095.4072804567895
person_years_exposure,county,4,female,65+,835.2469247463641,763.2217848113154,889.2890169450184
mortality_rate,county,4,female,0-17,0.00015813059055908048,0.0,0.0005580696944692149
mortality_rate,county,4,female,18-44,0.001471632565686706,0.0003478545809559515,0.0027996110732864082
mortality_rate,county,4,female,45-64,0.013984298324746037,0.009219641250118524,0.01999678795064347
mortality_rate,county,4,female,65-74,0.06874974762194316,0.048041819723261,0.09797079237392692
mortality_rate,county,4,female,75-84,0.197053253141386,0.13346304781054802,0.2922723623925146
mortality_rate,county,4,female,85+,0.2855636783316254,0.16585021431577576,0.4792698848769608
qualifying_event_rate,county,4,female,0-17,0.009736097794102172,0.005898070804957317,0.014301505747881851
qualifying_event_rate,county,4,female,18-44,0.01710687851108619,0.012516219823600858,0.022715826877678126
qualifying_event_rate,county,4,female,45-64,0.0263647896664272,0.01980658341067646,0.03419395298169728
qualifying_event_rate,county,4,female,65-74,0.04708161042239053,0.03277232361668745,0.06350119197491277
qualifying_event_rate,county,4,female,75-84,0.04643720830590694,0.020954002219641776,0.07683629672902292
qualifying_event_rate,county,4,female,85+,0.03679017084224038,0.0,0.10446753529065259
person_years_exposure,county,5,male,0-17,1770.672764001753,1721.111601230634,1825.2151920411102
person_years_exposure,county,5,male,18-44,2821.168929674695,2793.3530779366397,2855.863088410214
person_years_exposure,county,5,male,45-64,2336.5886416608796,2285.314210062738,2392.296723663143
person_years_exposure,county,5,male,65-74,685.0070123551658,639.0958616438571,726.5180903758558
person_years_exposure,county,5,male,75-84,164.3218622525386,131.8359822765869,192.5379130065983
person_years_exposure,county,5,male,85+,15.979460208144744,8.5373331118096,23.86213557621619
person_years_exposure,county,5,male,18-64,5157.7575713355745,5086.085144555744,5236.418199200169
person_years_exposure,county,5,male,65+,865.3083348158491,787.7757060654936,927.6029964757765
mortality_rate,county,5,male,0-17,0.00031960618599622835,0.0,0.001137290399001549
mortality_rate,county,5,male,18-44,0.0019220271513039969,0.0007052370701642071,0.0035458798337306696
mortality_rate,county,5,male,45-64,0.016477012390436713,0.01135961902154208,0.023188465962973463
mortality_rate,county,5,male,65-74,0.07207230034351783,0.05068310464541169,0.10251304006450286
mortality_rate,county,5,male,75-84,0.20894618608596788,0.14204347211784327,0.31415033014568716
mortality_rate,county,5,male,85+,0.2510032890668212,0.10076056369896287,0.5016119628211401
qualifying_event_rate,county,5,male,0-17,0.006264170941406664,0.0033216510380248833,0.009668425906143951
qualifying_event_rate,county,5,male,18-44,0.009617751172517947,0.0064101056503799705,0.01333186881671132
qualifying_event_rate,county,5,male,45-64,0.016398438975019653,0.011708226471657396,0.022155655001424236
qualifying_event_rate,county,5,male,65-74,0.028455291005220627,0.018156087955990618,0.04067202163341522
qualifying_event_rate,county,5,male,75-84,0.029558612605819257,0.010780722553823213,0.05511222472276753
qualifying_event_rate,county,5,male,85+,0.030583444330953495,0.0,0.11473310187460228
person_years_exposure,county,5,female,0-17,1800.9709515528402,1759.1312766789974,1839.7598332600128
person_years_exposure,county,5,female,18-44,2743.8885449197696,2713.123211901465,2777.640360881037
person_years_exposure,county,5,female,45-64,2361.815444193361,2317.332724308762,2408.3808364082083
person_years_exposure,county,5,female,65-74,701.9388647900289,654.9167188414615,743.8075739547875
person_years_exposure,county,5,female,75-84,185.7354161753902,150.4499516408168,213.69999009631488
person_years_exposure,county,5,female,85+,15.675181616359627,8.385028801288781,23.557824740159294
person_years_exposure,county,5,female,18-64,5105.703989113131,5041.660135954671,5172.823703019961
person_years_exposure,county,5,female,65+,903.3494625817788,825.6528407927826,961.5345599777636
mortality_rate,county,5,female,0-17,0.00023939994333514936,0.0,0.0011085199438055624
mortality_rate,county,5,female,18-44,0.001521314126981807,0.00036368777921832763,0.0029364781648068394
mortality_rate,county,5,female,45-64,0.014232174496907071,0.009450671312297695,0.020211168021985425
mortality_rate,county,5,female,65-74,0.06665931910988956,0.046362140253723434,0.09473813490617654
mortality_rate,county,5,female,75-84,0.1991349878656816,0.13770467853952872,0.293679167820662
mortality_rate,county,5,female,85+,0.2967383294221816,0.13658050445975156,0.5746102972962265
qualifying_event_rate,county,5,female,0-17,0.00653673004961546,0.003348965566262469,0.010132564831188231
qualifying_event_rate,county,5,female,18-44,0.009688612427596735,0.006525040099423534,0.01344875254779412
qualifying_event_rate,county,5,female,45-64,0.013977884544245202,0.009772093835972284,0.019207104881085253
qualifying_event_rate,county,5,female,65-74,0.031944861537845606,0.02061341976710509,0.045498400692442986
qualifying_event_rate,county,5,female,75-84,0.033002808079040845,0.012226392044363233,0.058284478353832936
qualifying_event_rate,county,5,female,85+,0.03894637429243104,0.0,0.13271843895337554
person_years_exposure,county,6,male,0-17,4376.3823728368,4282.062145525742,4452.770394523184
person_years_exposure,county,6,male,18-44,7141.799804312986,7041.805973144182,7235.147031613365
person_years_exposure,county,6,male,45-64,5033.867589767772,4939.237924943683,5106.015385696878
person_years_exposure,county,6,male,65-74,1515.573699836948,1428.8801064205745,1577.4582860626724
person_years_exposure,county,6,male,75-84,413.9102341968626,347.8319012954121,461.8854811491095
person_years_exposure,county,6,male,85+,61.8703839335667,41.527130323405494,80.90255812337698
person_years_exposure,county,6,male,18-64,12175.66739408076,12005.328370771118,12320.138244201475
person_years_exposure,county,6,male,65+,1991.3543179673773,1829.657043651826,2095.2982444445215
mortality_rate,county,6,male,0-17,0.0005199250045249306,0.0,0.001148128226353692
mortality_rate,county,6,male,18-44,0.001806527181139756,0.0009719167055266812,0.002847909404520954
mortality_rate,county,6,male,45-64,0.013603656171935414,0.009928133104744632,0.0187869350375499
mortality_rate,county,6,male,65-74,0.06778128907459391,0.051509446139502695,0.09304734613483542
mortality_rate,county,6,male,75-84,0.19201084390277506,0.14258972501918013,0.27346576756595703
mortality_rate,county,6,male,85+,0.2614729837369016,0.16043571678946514,0.4259629302347574
qualifying_event_rate,county,6,male,0-17,0.0073852780739310595,0.005060337282265413,0.009976327940745378
qualifying_event_rate,county,6,male,18-44,0.008297663828445918,0.0062321227338273735,0.01091504890891223
qualifying_event_rate,county,6,male,45-64,0.015547811618861162,0.012005902409453371,0.02007782549816691
qualifying_event_rate,county,6,male,65-74,0.027528315786120167,0.01993172229522218,0.036701351533110535
qualifying_event_rate,county,6,male,75-84,0.03049760353018937,0.01660265619851645,0.04728549831166495
qualifying_event_rate,county,6,male,85+,0.019834822191281142,0.0,0.05348057585731291
person_years_exposure,county,6,female,0-17,4385.306472720383,4274.595902360404,4481.089765899658
person_years_exposure,county,6,female,18-44,6945.382805244723,6862.870170006222,7017.931736164893
person_years_exposure,county,6,female,45-64,4929.967355850174,4836.699047517322,5015.7735913489
person_years_exposure,county,6,female,65-74,1475.2429898815797,1392.816322374426,1537.190101699321
person_years_exposure,county,6,female,75-84,380.00954550936757,318.5515832607068,425.81528580385555
person_years_exposure,county,6,female,85+,57.11670767359594,38.268469586874296,75.31007100092522
person_years_exposure,county,6,female,18-64,11875.350161094897,11712.037546345258,12019.542289838795
person_years_exposure,county,6,female,65+,1912.3692430645433,1759.1817259043041,2013.3978371512173
mortality_rate,county,6,female,0-17,0.0005117408872014066,0.0,0.0011457262283034318
mortality_rate,county,6,female,18-44,0.001507507237159562,0.0007170558570208067,0.0024467987199272277
mortality_rate,county,6,female,45-64,0.010207027525301383,0.00727386488642242,0.014085176173347756
mortality_rate,county,6,female,65-74,0.0685940362284812,0.052151437864648285,0.09297125350991663
mortality_rate,county,6,female,75-84,0.2024411168444327,0.14934785650144575,0.2877347244954578
mortality_rate,county,6,female,85+,0.35534233823263156,0.23871546694119802,0.5556199339689186
qualifying_event_rate,county,6,female,0-17,0.00758458784908299,0.005257873956579412,0.010221917416519687
qualifying_event_rate,county,6,female,18-44,0.009143045805487821,0.006876064914370269,0.01187680085627126
qualifying_event_rate,county,6,female,45-64,0.015358874518742587,0.0116749311394591,0.019682458209842102
qualifying_event_rate,county,6,female,65-74,0.03123823308504536,0.023143037238806844,0.04134387357175894
qualifying_event_rate,county,6,female,75-84,0.029205990473682886,0.014982692600479889,0.04586316859909526
qualifying_event_rate,county,6,female,85+,0.04275147459220108,0.0,0.09296558622882328
person_years_exposure,county,7,male,0-17,2205.2126861076035,2155.4491424509124,2251.3760038254104
person_years_exposure,county,7,male,18-44,3240.69908627367,3200.538481510987,3275.753401774297
person_years_exposure,county,7,male,45-64,2857.966817657726,2810.702848141919,2902.494466221707
person_years_exposure,county,7,male,65-74,847.2538233783291,788.4325670950749,894.2744801005624
person_years_exposure,county,7,male,75-84,221.39934922708468,180.71846361722916,254.53389656033096
person_years_exposure,county,7,male,85+,28.15196037931313,16.426977003245327,42.543944803909284
person_years_exposure,county,7,male,18-64,6098.665903931396,6026.485181980269,6166.465233348736
person_years_exposure,county,7,male,65+,1096.805132984727,997.4395720709848,1168.414804238154
mortality_rate,county,7,male,0-17,0.000482920043476494,0.0,0.001367061685404383
mortality_rate,county,7,male,18-44,0.0021026218918662586,0.0007235581039097643,0.0037089235462674885
mortality_rate,county,7,male,45-64,0.014118291761018033,0.009808364190618193,0.02004801353060959
mortality_rate,county,7,male,65-74,0.07375945912966043,0.05314858546531503,0.10394489159800353
mortality_rate,county,7,male,75-84,0.20492127253204895,0.1460777721033345,0.29363512510453044
mortality_rate,county,7,male,85+,0.26871872133959324,0.14050893300978856,0.4776584962221776
qualifying_event_rate,county,7,male,0-17,0.009123889643050167,0.0058411293749427926,0.013166091612872839
qualifying_event_rate,county,7,male,18-44,0.015572510427226462,0.01144722079781341,0.020764306062295464
qualifying_event_rate,county,7,male,45-64,0.022621967348185255,0.017481600252719227,0.02918534900248862
qualifying_event_rate,county,7,male,65-74,0.03594390776523103,0.025139677955226328,0.04912236823135308
qualifying_event_rate,county,7,male,75-84,0.04769172963572607,0.02519478062104664,0.07508905817489382
qualifying_event_rate,county,7,male,85+,0.029927746934605814,0.0,0.0886009622572581
person_years_exposure,county,7,female,0-17,2245.1551583636556,2196.364987897445,2288.4372444982646
person_years_exposure,county,7,female,18-44,3377.471911302554,3318.687030853578,3428.3617327970455
person_years_exposure,county,7,female,45-64,2850.669154095857,2793.8613083169253,2905.746208216599
person_years_exposure,county,7,female,65-74,914.2052929949846,854.2340980759533,965.2195906640843
person_years_exposure,county,7,female,75-84,244.52534652079467,199.6948355729057,279.68272722641115
person_years_exposure,county,7,female,85+,21.183979714155196,11.769676652015896,30.383414628225864
person_years_exposure,county,7,female,18-64,6228.141065398411,6128.475835644522,6326.375661542874
person_years_exposure,county,7,female,65+,1179.9146192299345,1077.6243571659077,1254.0952260490287
mortality_rate,county,7,female,0-17,0.0003623253205773489,0.0,0.000914760119416184
mortality_rate,county,7,female,18-44,0.0015036729881467421,0.0005834527416932685,0.002691521751272025
mortality_rate,county,7,female,45-64,0.016927563390920733,0.011974920209600493,0.023591182926872893
mortality_rate,county,7,female,65-74,0.06856941642958077,0.04938500185354931,0.09505160700742182
mortality_rate,county,7,female,75-84,0.19449767944789578,0.14040497225776413,0.2839267822345646
mortality_rate,county,7,female,85+,0.31296929180057026,0.16348054005470616,0.5740982107949736
qualifying_event_rate,county,7,female,0-17,0.00952506726610213,0.005904711383476087,0.013602449036706012
qualifying_event_rate,county,7,female,18-44,0.015990892146804266,0.011858966728320684,0.02079681370612179
qualifying_event_rate,county,7,female,45-64,0.023909545247321994,0.01862836891724047,0.030515171517170394
qualifying_event_rate,county,7,female,65-74,0.041774991089402407,0.03012149054994033,0.056128295258843136
qualifying_event_rate,county,7,female,75-84,0.04716622298098493,0.02575892621758295,0.07347352622782083
qualifying_event_rate,county,7,female,85+,0.041806054605665735,0.0,0.12484495902503348
person_years_exposure,county,8,male,0-17,1692.0171573723137,1647.5723870958745,1731.5012665609602
person_years_exposure,county,8,male,18-44,2762.241175093964,2722.9674694452856,2800.503508732548
person_years_exposure,county,8,male,45-64,1946.5193510792546,1900.0082203799973,1984.293524052459
person_years_exposure,county,8,male,65-74,586.6493177245507,548.4744924444182,619.4027557825151
person_years_exposure,county,8,male,75-84,161.06216593406714,132.73232446709946,185.20540306225186
person_years_exposure,county,8,male,85+,25.87251727144268,16.13288728061362,35.790424039181595
person_years_exposure,county,8,male,18-64,4708.760526173219,4638.434387963838,4770.373139243684
person_years_exposure,county,8,male,65+,773.5840009300605,708.209352778777,823.7252263902542
mortality_rate,county,8,male,0-17,0.0005182885535049182,0.0,0.0017458366807754997
mortality_rate,county,8,male,18-44,0.00176239645777288,0.000709549473808999,0.003275742595287289
mortality_rate,county,8,male,45-64,0.013654932240469559,0.008652020132830491,0.019817429119503373
mortality_rate,county,8,male,65-74,0.06704384694610752,0.045836178678538175,0.09625364866552125
mortality_rate,county,8,male,75-84,0.18749707537947496,0.12421631639461118,0.2790816162719501
mortality_rate,county,8,male,85+,0.2287041009507157,0.10757956068874884,0.43340418316482626
qualifying_event_rate,county,8,male,0-17,0.007417355618450396,0.004092098775147444,0.011235665057133484
qualifying_event_rate,county,8,male,18-44,0.008267354055524557,0.0053840812771344445,0.011694180401512471
qualifying_event_rate,county,8,male,45-64,0.015617820911024797,0.01071173498196952,0.021560380297730792
qualifying_event_rate,county,8,male,65-74,0.027570672832256362,0.01657289968814507,0.04099673409738795
qualifying_event_rate,county,8,male,75-84,0.03103683100059779,0.011139709576017969,0.056706822136004906
qualifying_event_rate,county,8,male,85+,0.01874512956011626,0.0,0.0738181424238776
person_years_exposure,county,8,female,0-17,1695.7705495581636,1648.2201365490887,1740.376023845466
person_years_exposure,county,8,female,18-44,2686.1023055414726,2649.8256108135283,2717.4661735679438
person_years_exposure,county,8,female,45-64,1906.3864525291672,1863.4971435516452,1944.4977908718827
person_years_exposure,county,8,female,65-74,570.4887543543786,531.8855030063594,602.7699192559904
person_years_exposure,county,8,female,75-84,147.50957234303377,120.23898887296326,171.62874063888034
person_years_exposure,county,8,female,85+,23.795495203890187,14.50860229715958,33.492927766898084
person_years_exposure,county,8,female,18-64,4592.48875807064,4522.5226019007205,4654.115848104633
person_years_exposure,county,8,female,65+,741.7938219013024,676.8121209374196,790.6566977723699
mortality_rate,county,8,female,0-17,0.0005108066876887873,0.0,0.0017478247343783965
mortality_rate,county,8,female,18-44,0.0015100513243230134,0.00037113244113488056,0.0029922473452198076
mortality_rate,county,8,female,45-64,0.010189588235364781,0.006178221431504866,0.015242070291506303
mortality_rate,county,8,female,65-74,0.06868412585594341,0.04705527223240632,0.09872288648922509
mortality_rate,county,8,female,75-84,0.19799168416819463,0.13385552253352867,0.296389656042005
mortality_rate,county,8,female,85+,0.31665957177401394,0.17167758152303758,0.5669739250438848
qualifying_event_rate,county,8,female,0-17,0.0075518190518679956,0.004140348394504325,0.01148391971628662
qualifying_event_rate,county,8,female,18-44,0.009125930737328546,0.006059296434130181,0.012662301816562797
qualifying_event_rate,county,8,female,45-64,0.015404122757240747,0.010673306076249568,0.020962584894830043
qualifying_event_rate,county,8,female,65-74,0.03114255864305118,0.018801005804587375,0.04515672908794951
qualifying_event_rate,county,8,female,75-84,0.02898890405690201,0.007119927081516128,0.05476313677920899
qualifying_event_rate,county,8,female,85+,0.03868528144290803,0.0,0.11560699182108482
person_years_exposure,county,9,male,0-17,3435.1926205548293,3333.344134297668,3547.1649053052784
person_years_exposure,county,9,male,18-44,5189.501942274782,5115.7970059850895,5270.874263012798
person_years_exposure,county,9,male,45-64,4124.011218935328,4034.2502409915946,4203.600035367242
person_years_exposure,county,9,male,65-74,1175.5254561808215,1103.3223371075442,1234.5017406940729
person_years_exposure,county,9,male,75-84,334.06832869656705,276.1980384634491,378.8972994272529
person_years_exposure,county,9,male,85+,39.967366109908895,25.434142541975348,55.35792759514109
person_years_exposure,county,9,male,18-64,9313.51316121011,9165.478596127332,9465.216268747941
person_years_exposure,county,9,male,65+,1549.5611509872974,1418.524271648578,1648.7643217742423
mortality_rate,county,9,male,0-17,0.000524641932148455,0.0,0.001191464364675254
mortality_rate,county,9,male,18-44,0.0017998513412552518,0.0007758637550692101,0.0029110841652033328
mortality_rate,county,9,male,45-64,0.014452919922375388,0.010532727506949457,0.01968252351037067
mortality_rate,county,9,male,65-74,0.06084546297906613,0.044390467756448865,0.08370731140026944
mortality_rate,county,9,male,75-84,0.20284958504557232,0.1498615999298448,0.2875429904687865
mortality_rate,county,9,male,85+,0.2659365923093787,0.1465590439935455,0.44946037463231103
qualifying_event_rate,county,9,male,0-17,0.009967628147361258,0.006825722526855559,0.013790000788619706
qualifying_event_rate,county,9,male,18-44,0.015971246069843247,0.012485871496259631,0.02063026915622649
qualifying_event_rate,county,9,male,45-64,0.02587386306627148,0.0208185483998096,0.032840757596185446
qualifying_event_rate,county,9,male,65-74,0.045792354254827604,0.034505159746271954,0.05993598002107233
qualifying_event_rate,county,9,male,75-84,0.049722258335541954,0.029733846586479262,0.07485151601496495
qualifying_event_rate,county,9,male,85+,0.04392062364355609,0.0,0.10106701798950397
person_years_exposure,county,9,female,0-17,3311.9114346066144,3244.0145527225272,3374.586284334135
person_years_exposure,county,9,female,18-44,5191.4838955042405,5133.835373530628,5257.897212630654
person_years_exposure,county,9,female,45-64,3888.8040063187345,3812.552028917222,3957.4696543408495
person_years_exposure,county,9,female,65-74,1156.9425403316172,1083.0593260111127,1208.0405516780584
person_years_exposure,county,9,female,75-84,305.92667322361945,251.82490643457916,347.2034598409309
person_years_exposure,county,9,female,85+,42.30155782984295,28.402086256945008,55.98345099731531
person_years_exposure,county,9,female,18-64,9080.287901822976,8960.051612786792,9200.679671196174
person_years_exposure,county,9,female,65+,1505.1707713850797,1374.5757087386569,1590.5269606841443
mortality_rate,county,9,female,0-17,0.00015627776745228013,0.0,0.0006042440312199974
mortality_rate,county,9,female,18-44,0.0014863396957529283,0.0005783613519378316,0.002523483617238711
mortality_rate,county,9,female,45-64,0.01396185608397305,0.009926820827183887,0.019314190501172918
mortality_rate,county,9,female,65-74,0.06870673635266766,0.051217245081995696,0.09533846670482114
mortality_rate,county,9,female,75-84,0.2011456147828399,0.14638307569286355,0.28736234165503133
mortality_rate,county,9,female,85+,0.33112513492601375,0.21371690301218216,0.523212310303381
qualifying_event_rate,county,9,female,0-17,0.009688779286473107,0.00661451887932405,0.013212898717670276
qualifying_event_rate,county,9,female,18-44,0.017099067056121138,0.013469306444071327,0.022164422940858765
qualifying_event_rate,county,9,female,45-64,0.0265004807683289,0.02105474311265217,0.03357461803032825
qualifying_event_rate,county,9,female,65-74,0.04710523208817189,0.03565730467922308,0.061418457427933726
qualifying_event_rate,county,9,female,75-84,0.04747479804149217,0.027873054721958862,0.07148568666588509
qualifying_event_rate,county,9,female,85+,0.04009416300337576,0.0,0.09373579204188669
person_years_exposure,county,10,male,0-17,1575.6204510678895,1526.0715726426074,1627.551273829098
person_years_exposure,county,10,male,18-44,2568.8188381917553,2520.288270270986,2618.219177096048
person_years_exposure,county,10,male,45-64,2074.9861981785575,2035.9575394852247,2109.6945776909097
person_years_exposure,county,10,male,65-74,672.3313404080793,629.7442977677863,707.3268235941209
person_years_exposure,county,10,male,75-84,166.2322869928008,134.51972646673335,192.14214310476603
person_years_exposure,county,10,male,85+,32.16514430909099,21.132426900757455,43.7689530876947
person_years_exposure,county,10,male,18-64,4643.805036370313,4572.212394121118,4720.146377500849
person_years_exposure,county,10,male,65+,870.7287717099712,797.9145519858915,924.9531247349985
mortality_rate,county,10,male,0-17,0.0003399578438366693,0.0,0.0012776143429288286
mortality_rate,county,10,male,18-44,0.0020395590901957188,0.0007688781606296281,0.0035779337285749436
mortality_rate,county,10,male,45-64,0.015767706535214532,0.01043335040096541,0.022462261458854778
mortality_rate,county,10,male,65-74,0.06304272074678606,0.0434976767944176,0.09024815212083805
mortality_rate,county,10,male,75-84,0.2032703997328797,0.14011025672613106,0.30068626209917887
mortality_rate,county,10,male,85+,0.215958211662389,0.11478908177210653,0.3655043024509732
qualifying_event_rate,county,10,male,0-17,0.008428599304165662,0.004504462331179161,0.012887181487389453
qualifying_event_rate,county,10,male,18-44,0.012720347984621407,0.008866751768946428,0.017397810177216838
qualifying_event_rate,county,10,male,45-64,0.02073314807178681,0.015065239470584272,0.02754801319626616
qualifying_event_rate,county,10,male,65-74,0.03645919235324182,0.02422268374514428,0.05067342293842377
qualifying_event_rate,county,10,male,75-84,0.037454946311788244,0.015398673233695662,0.06516353125332466
qualifying_event_rate,county,10,male,85+,0.03316040851997008,0.0,0.089720153286807
person_years_exposure,county,10,female,0-17,1702.0534340556562,1651.3841424756163,1754.1004491229
person_years_exposure,county,10,female,18-44,2650.0181794179334,2602.7232324487836,2703.63386118664
person_years_exposure,county,10,female,45-64,1986.1649093190065,1938.2344626717127,2034.712768342035
person_years_exposure,county,10,female,65-74,611.6027913570821,568.086319421642,648.8522188586569
person_years_exposure,county,10,female,75-84,172.41783791475638,139.5975432240451,199.79623942428753
person_years_exposure,county,10,female,85+,17.111805842616157,9.747673826597975,25.039423618179548
person_years_exposure,county,10,female,18-64,4636.18308873694,4549.465814218242,4734.611606261919
person_years_exposure,county,10,female,65+,801.1324351144547,728.4358449812237,857.157289707917
mortality_rate,county,10,female,0-17,0.0001382750727979226,0.0,0.0005998310807909697
mortality_rate,county,10,female,18-44,0.0014731252125249408,0.0003748270507503118,0.002705817551615638
mortality_rate,county,10,female,45-64,0.0162628899032734,0.010808026595554944,0.022756632199547697
mortality_rate,county,10,female,65-74,0.06813136508990034,0.04730636858963611,0.0966926508920022
mortality_rate,county,10,female,75-84,0.19400122413554846,0.13097178275987006,0.2896299761876675
mortality_rate,county,10,female,85+,0.2795208885754713,0.1333863643057183,0.5115875652378029
qualifying_event_rate,county,10,female,0-17,0.007122600637814984,0.0035915666630848275,0.010754134517166223
qualifying_event_rate,county,10,female,18-44,0.013389685562098177,0.009470598410486303,0.018044954974606193
qualifying_event_rate,county,10,female,45-64,0.018628374342886667,0.01316626311703047,0.024978867796983342
qualifying_event_rate,county,10,female,65-74,0.035901601237837026,0.022892849227109224,0.051030505377253566
qualifying_event_rate,county,10,female,75-84,0.03905539017353205,0.016494494100712367,0.06716833659646859
qualifying_event_rate,county,10,female,85+,0.03765286372851396,0.0,0.12446282103914133
person_years_exposure,county,11,male,0-17,1820.5417744145084,1767.1837739452026,1875.9760725904014
person_years_exposure,county,11,male,18-44,2970.742356672623,2916.3088986194857,3027.2829974636315
person_years_exposure,county,11,male,45-64,2400.592725543582,2359.523983956408,2438.2150371282396
person_years_exposure,county,11,male,65-74,777.0068276985315,727.3885552300742,816.0384964961177
person_years_exposure,county,11,male,75-84,191.3365234442478,155.60115935293,220.91332192915448
person_years_exposure,county,11,male,85+,36.27363283740379,23.5455555003668,49.08243150309466
person_years_exposure,county,11,male,18-64,5371.335082216205,5288.796403404309,5453.020117702609
person_years_exposure,county,11,male,65+,1004.616983980183,917.4090202485578,1065.8720590086127
mortality_rate,county,11,male,0-17,0.00036824760940495633,0.0,0.0011201732712219142
mortality_rate,county,11,male,18-44,0.0020420506128288663,0.0006737206788983198,0.003664430461208335
mortality_rate,county,11,male,45-64,0.01572487620904218,0.01068625504756646,0.022184878768381492
mortality_rate,county,11,male,65-74,0.0632541749045211,0.04483574546793599,0.0894598164364343
mortality_rate,county,11,male,75-84,0.20580386133198403,0.14171421862132447,0.30076445330617063
mortality_rate,county,11,male,85+,0.22622094553724492,0.12383902969850934,0.3854386411347052
qualifying_event_rate,county,11,male,0-17,0.00854962057174202,0.004958835578587008,0.012617562771624112
qualifying_event_rate,county,11,male,18-44,0.012765774870991016,0.009093783305079598,0.017146476068437673
qualifying_event_rate,county,11,male,45-64,0.02059733009065653,0.015051171202886071,0.027150034245115157
qualifying_event_rate,county,11,male,65-74,0.03653656460180376,0.025179138627156837,0.05071289521632891
qualifying_event_rate,county,11,male,75-84,0.03804886395893304,0.015664511736695103,0.06432097138826781
qualifying_event_rate,county,11,male,85+,0.03517995629660392,0.0,0.08766953130053551
person_years_exposure,county,11,female,0-17,1967.238030239792,1913.773844300503,2024.5374332134686
person_years_exposure,county,11,female,18-44,3064.5884947726813,3012.008815047319,3126.6226044287455
person_years_exposure,county,11,female,45-64,2297.588698792848,2244.4494114335366,2351.461483748497
person_years_exposure,county,11,female,65-74,706.7286286880939,658.8177886193517,748.1325721759899
person_years_exposure,county,11,female,75-84,198.92783583506076,160.12617029629112,228.76942802585987
person_years_exposure,county,11,female,85+,19.451948554832658,11.240816355640002,28.27487457148096
person_years_exposure,county,11,female,18-64,5362.177193565529,5264.042802738019,5471.297412756483
person_years_exposure,county,11,female,65+,925.1084130779874,844.6527202910113,989.0514749433264
mortality_rate,county,11,female,0-17,0.00013949204838549758,0.0,0.0005209456121446256
mortality_rate,county,11,female,18-44,0.001475556233394207,0.0003271221273249736,0.0026446134303131537
mortality_rate,county,11,female,45-64,0.016251965397840178,0.011044270346739805,0.022946874896591193
mortality_rate,county,11,female,65-74,0.06808063331109666,0.048325186264218764,0.09689478416602919
mortality_rate,county,11,female,75-84,0.19637091583537267,0.13607741838580428,0.2923424184441677
mortality_rate,county,11,female,85+,0.28002292312507965,0.13535738913951426,0.5234658925548872
qualifying_event_rate,county,11,female,0-17,0.007057503387532452,0.004042155688567066,0.01064188974799607
qualifying_event_rate,county,11,female,18-44,0.013282396052335025,0.009509360885463608,0.01798726746269772
qualifying_event_rate,county,11,female,45-64,0.018678932364525606,0.01346146242029878,0.024907545739414925
qualifying_event_rate,county,11,female,65-74,0.035653898764977904,0.023567565767671605,0.05024725246250966
qualifying_event_rate,county,11,female,75-84,0.03840944725613829,0.017971777607540127,0.06406434892222734
qualifying_event_rate,county,11,female,85+,0.03754610384723228,0.0,0.11518137458106494
person_years_exposure,county,12,male,0-17,851.6394047459912,823.9133454683916,879.1084977531858
person_years_exposure,county,12,male,18-44,1389.2039298617703,1367.134733436643,1409.8151813781483
person_years_exposure,county,12,male,45-64,979.1820709949054,951.505346460484,1003.9696169655925
person_years_exposure,county,12,male,65-74,295.1035921234851,272.78920211817035,315.6165147378222
person_years_exposure,county,12,male,75-84,81.88097821735433,65.30668183479646,97.31412213429778
person_years_exposure,county,12,male,85+,13.945458841803893,8.028821014398094,20.3511354913243
person_years_exposure,county,12,male,18-64,2368.3860008566758,2327.784242222963,2404.4621488226776
person_years_exposure,county,12,male,65+,390.9300291826433,354.4734698987875,420.56816564558096
mortality_rate,county,12,male,0-17,0.0005291953275511251,0.0,0.00234923391970621
mortality_rate,county,12,male,18-44,0.0018723487335720495,0.0,0.00430322387876719
mortality_rate,county,12,male,45-64,0.013666340851097573,0.007162535897921976,0.02104539182752994
mortality_rate,county,12,male,65-74,0.06728440899895378,0.04087412699714561,0.10095920975290751
mortality_rate,county,12,male,75-84,0.18088134701771993,0.10675903069173918,0.2853590700531709
mortality_rate,county,12,male,85+,0.20321521569043005,0.06293297802919401,0.4284364282224768
qualifying_event_rate,county,12,male,0-17,0.007431668294385355,0.003414627537240596,0.01278354452967663
qualifying_event_rate,county,12,male,18-44,0.008213449447364681,0.004300714018414997,0.012817207327086385
qualifying_event_rate,county,12,male,45-64,0.015422629710382607,0.009149096614512943,0.0223906584974757
qualifying_event_rate,county,12,male,65-74,0.027880128761791675,0.01336358566160119,0.04538623495652397
qualifying_event_rate,county,12,male,75-84,0.029840294295034923,0.0,0.06469891301245176
qualifying_event_rate,county,12,male,85+,0.01716052859860286,0.0,0.0903101296896553
person_years_exposure,county,12,female,0-17,853.2425044717638,824.8567566446962,881.0540598152438
person_years_exposure,county,12,female,18-44,1351.543562654241,1329.6952836586654,1369.7422682484773
person_years_exposure,county,12,female,45-64,958.9690332600579,931.7476294772671,982.3202727417843
person_years_exposure,county,12,female,65-74,286.9485307124415,264.8302877737923,306.20503064956586
person_years_exposure,county,12,female,75-84,75.26296773671541,59.5472006670903,90.23878663718446
person_years_exposure,county,12,female,85+,13.386070451840045,7.566132947261617,19.813742550394018
person_years_exposure,county,12,female,18-64,2310.512595914299,2271.3679701835495,2345.7255753690747
person_years_exposure,county,12,female,65+,375.597568900997,343.23332729995457,405.3926041552846
mortality_rate,county,12,female,0-17,0.0004990155175914472,0.0,0.0023435869333918147
mortality_rate,county,12,female,18-44,0.00144510695324118,0.0,0.0036777593723337724
mortality_rate,county,12,female,45-64,0.010197719150278341,0.005090351705386602,0.016283891582315087
mortality_rate,county,12,female,65-74,0.0686341860563892,0.042070701710169724,0.10210537685370615
mortality_rate,county,12,female,75-84,0.18890725752785892,0.10883392106163706,0.3030407233041889
mortality_rate,county,12,female,85+,0.2673286652086862,0.11300216483201217,0.5541523025432354
qualifying_event_rate,county,12,female,0-17,0.007583662430185619,0.0034189723035530427,0.012976192491818545
qualifying_event_rate,county,12,female,18-44,0.009089722735887021,0.005114459456753789,0.013882905776013735
qualifying_event_rate,county,12,female,45-64,0.015293014513611442,0.008467104384641221,0.02269158214468583
qualifying_event_rate,county,12,female,65-74,0.030888336984895404,0.014312938405084706,0.04933757173005418
qualifying_event_rate,county,12,female,75-84,0.029030010428230255,0.0,0.06499141801595584
qualifying_event_rate,county,12,female,85+,0.036151909464841835,0.0,0.13674549680369316
person_years_exposure,county,13,male,0-17,1291.7444690474726,1253.1835352104888,1332.22249002994
person_years_exposure,county,13,male,18-44,2059.4655603462256,2037.4918510031873,2085.405955335023
person_years_exposure,county,13,male,45-64,1706.204094338454,1664.3765080613168,1750.455299802153
person_years_exposure,county,13,male,65-74,500.0813620047236,463.08776032419934,532.9775259617522
person_years_exposure,county,13,male,75-84,121.01635192923747,95.80730100357553,144.41877395005488
person_years_exposure,county,13,male,85+,11.958616041972162,5.944489492951444,18.358526518798428
person_years_exposure,county,13,male,18-64,3765.6696546846797,3709.0279438399148,3826.6772775375634
person_years_exposure,county,13,male,65+,633.0563299759332,573.906529382142,682.1738062120722
mortality_rate,county,13,male,0-17,0.0003492733166743825,0.0,0.0015533838848426926
mortality_rate,county,13,male,18-44,0.00191569724493802,0.0004833410286751688,0.0038768935877528657
mortality_rate,county,13,male,45-64,0.016527745493533037,0.01051478811012473,0.023737574799390534
mortality_rate,county,13,male,65-74,0.07234988560439556,0.04926239673417716,0.10415942738401926
mortality_rate,county,13,male,75-84,0.20408013209291556,0.13220866743954218,0.3080317655574238
mortality_rate,county,13,male,85+,0.2477971076246735,0.07899004986766836,0.5754273995838737
qualifying_event_rate,county,13,male,0-17,0.006124757088825779,0.002374334130575695,0.01014905157832505
qualifying_event_rate,county,13,male,18-44,0.009565446206314903,0.0058783832760506095,0.013727760647677419
qualifying_event_rate,county,13,male,45-64,0.016330853749388998,0.011089458293161627,0.022564044352295164
qualifying_event_rate,county,13,male,65-74,0.028305866261533703,0.016246209821571378,0.041760533664683616
qualifying_event_rate,county,13,male,75-84,0.029362884663880245,0.007608898383670893,0.05732630138274689
qualifying_event_rate,county,13,male,85+,0.030345603162912203,0.0,0.13260356273140186
person_years_exposure,county,13,female,0-17,1313.8077053071988,1281.5128923270274,1347.015433378734
person_years_exposure,county,13,female,18-44,2002.9446639075775,1978.3373331999692,2028.5760887439894
person_years_exposure,county,13,female,45-64,1724.1774087859433,1688.5720800300442,1760.415745123719
person_years_exposure,county,13,female,65-74,512.6638637974338,475.1621487273827,546.3630838327956
person_years_exposure,county,13,female,75-84,136.99555593713598,109.43917335333924,160.4736435234418
person_years_exposure,county,13,female,85+,11.71349586111499,5.374938628928208,18.463410431327375
person_years_exposure,county,13,female,18-64,3727.1220726935207,3678.0253120362613,3777.746549152739
person_years_exposure,county,13,female,65+,661.3729155956848,602.7330410836953,708.8559533646692
mortality_rate,county,13,female,0-17,0.0002605291131018034,0.0,0.0007890923742092022
mortality_rate,county,13,female,18-44,0.0015311928414770807,0.0004892210403113686,0.0030286916211046773
mortality_rate,county,13,female,45-64,0.01417314227307792,0.009108033544872635,0.020649066361899802
mortality_rate,county,13,female,65-74,0.06663147925722367,0.044974188964817564,0.0960055018721064
mortality_rate,county,13,female,75-84,0.19429438197281151,0.12819872800177545,0.29413224026032053
mortality_rate,county,13,female,85+,0.2983766603839255,0.11093846990393172,0.7028562601683679
qualifying_event_rate,county,13,female,0-17,0.006486097121045182,0.0030058886420994695,0.010666296489951783
qualifying_event_rate,county,13,female,18-44,0.009683496584803788,0.006000733320542587,0.013920522945133448
qualifying_event_rate,county,13,female,45-64,0.013902972677927034,0.009190717402974466,0.019580653324257947
qualifying_event_rate,county,13,female,65-74,0.03174157060001729,0.019149025771201048,0.046296895131203615
qualifying_event_rate,county,13,female,75-84,0.0329746452303107,0.00929228880900904,0.06101280730375996
qualifying_event_rate,county,13,female,85+,0.04110328615636997,0.0,0.16343431325376703
person_years_exposure,county,14,male,0-17,543.336876651349,522.0026575290193,566.6570841681606
person_years_exposure,county,14,male,18-44,865.2299676173876,853.8339601845134,879.1056810691397
person_years_exposure,county,14,male,45-64,716.9313634661058,693.3057543728221,739.9521123114995
person_years_exposure,county,14,male,65-74,209.9059283021442,190.37830593008584,227.46845247734447
person_years_exposure,county,14,male,75-84,52.62288858857122,39.29992152006349,64.6921861056798
person_years_exposure,county,14,male,85+,6.744858191424333,3.5723352508212396,10.103016986553921
person_years_exposure,county,14,male,18-64,1582.1613310834935,1552.8312235962987,1612.9554025721793
person_years_exposure,county,14,male,65+,269.27367508213973,240.45390892227516,293.70026091436114
mortality_rate,county,14,male,0-17,0.0003082442513053824,0.0,0.001876618848869585
mortality_rate,county,14,male,18-44,0.0019401904699657155,0.0,0.004660037954805939
mortality_rate,county,14,male,45-64,0.01645399729999076,0.00824229645268308,0.026132404028924812
mortality_rate,county,14,male,65-74,0.07223858841836062,0.04080048806761823,0.11375677993515024
mortality_rate,county,14,male,75-84,0.18288777541579976,0.09350846197980212,0.3098975296581151
mortality_rate,county,14,male,85+,0.1514674754946894,0.0,0.43072321765375987
qualifying_event_rate,county,14,male,0-17,0.006201730548858438,0.001783821978607854,0.01268543147390051
qualifying_event_rate,county,14,male,18-44,0.009703209697670306,0.004617133229288338,0.01616207345777492
qualifying_event_rate,county,14,male,45-64,0.016278280949835636,0.00850192027852242,0.025019104730601458
qualifying_event_rate,county,14,male,65-74,0.027948087850333505,0.010030934876660185,0.04709540571230633
qualifying_event_rate,county,14,male,75-84,0.026430679093998127,0.0,0.06612030673645138
qualifying_event_rate,county,14,male,85+,0.017479088849733863,0.0,0.1059289488834302
person_years_exposure,county,14,female,0-17,552.5291982799376,533.9234778595951,571.9967745768407
person_years_exposure,county,14,female,18-44,841.500708255808,829.3111370342089,854.1031571779139
person_years_exposure,county,14,female,45-64,724.5285732112011,703.5230794757996,744.5032178160421
person_years_exposure,county,14,female,65-74,215.01744453723938,195.0309973855982,234.22228348930258
person_years_exposure,county,14,female,75-84,59.25618207478542,45.40233715863657,71.99404201666674
person_years_exposure,county,14,female,85+,6.612148229666687,3.2888513428089845,9.911802953842443
person_years_exposure,county,14,female,18-64,1566.0292814670092,1540.2248249322377,1592.332329637121
person_years_exposure,county,14,female,65+,280.8857748416915,251.88477202322517,306.79116569652507
mortality_rate,county,14,female,0-17,0.00025186027577043054,0.0,0.00183511918734311
mortality_rate,county,14,female,18-44,0.0014999476754644647,0.0,0.00362266471217128
mortality_rate,county,14,female,45-64,0.01409793325814426,0.006788005174345671,0.022638375394899064
mortality_rate,county,14,female,65-74,0.06705662472004478,0.036024912165274744,0.10563395314652817
mortality_rate,county,14,female,75-84,0.17672131338257935,0.09423483862432049,0.2987009031945583
mortality_rate,county,14,female,85+,0.19038498109318963,0.0,0.5103972085649139
qualifying_event_rate,county,14,female,0-17,0.006563390414550834,0.001781737419827508,0.01269621116838203
qualifying_event_rate,county,14,female,18-44,0.009654788925359084,0.004719580124447165,0.015529682066479604
qualifying_event_rate,county,14,female,45-64,0.014033236016747355,0.0068767261080220805,0.02196694941677469
qualifying_event_rate,county,14,female,65-74,0.031607302666609056,0.013522212709969006,0.05425023982805708
qualifying_event_rate,county,14,female,75-84,0.030905339655660922,0.0,0.0689049143583513
qualifying_event_rate,county,14,female,85+,0.024411229381947,0.0,0.13640916581370321
person_years_exposure,county,15,male,0-17,1433.793920304621,1389.8553693703036,1478.1377187324156
person_years_exposure,county,15,male,18-44,2285.073505128493,2261.5831895621054,2314.536951503949
person_years_exposure,county,15,male,45-64,1892.497537876553,1847.458688475667,1937.7615163726978
person_years_exposure,county,15,male,65-74,554.2923968357345,512.0254249416632,589.6381645144638
person_years_exposure,county,15,male,75-84,133.93918352672276,106.3034723827486,158.99884364548927
person_years_exposure,county,15,male,85+,12.936621464839593,6.294857454639814,19.87744452550863
person_years_exposure,county,15,male,18-64,4177.571043005046,4116.546065460085,4243.607771909618
person_years_exposure,county,15,male,65+,701.1682018272969,633.7928389457425,754.6089600219223
mortality_rate,county,15,male,0-17,0.0003265892762681781,0.0,0.0013925827725509347
mortality_rate,county,15,male,18-44,0.0019331896583788884,0.0004376410011773556,0.003538515179059562
mortality_rate,county,15,male,45-64,0.01654430611776698,0.011059503290404324,0.02356554912400502
mortality_rate,county,15,male,65-74,0.07252216623035149,0.049944115395316124,0.10440014957937963
mortality_rate,county,15,male,75-84,0.2057702372795861,0.13519605384059993,0.3119069846682205
mortality_rate,county,15,male,85+,0.25783614914761194,0.09372136197987674,0.5929476813339633
qualifying_event_rate,county,15,male,0-17,0.006142194146791304,0.002788599563586643,0.009947511923121441
qualifying_event_rate,county,15,male,18-44,0.009562098377671812,0.00604202820392949,0.013616657614108142
qualifying_event_rate,county,15,male,45-64,0.01640291722840534,0.011453831423262263,0.022201168835505693
qualifying_event_rate,county,15,male,65-74,0.02839389182283041,0.016769338904347418,0.041765205504218306
qualifying_event_rate,county,15,male,75-84,0.03028886941784955,0.007815273955254649,0.057276277129205466
qualifying_event_rate,county,15,male,85+,0.03139515099601377,0.0,0.13281711096562895
person_years_exposure,county,15,female,0-17,1458.5154823836085,1422.6729376622745,1492.9984448324226
person_years_exposure,county,15,female,18-44,2222.668687439801,2195.367868065686,2250.1350655882648
person_years_exposure,county,15,female,45-64,1913.7560759383925,1875.3155152066172,1951.9553277972702
person_years_exposure,county,15,female,65-74,568.6671009424914,528.5419852659876,604.7273920712639
person_years_exposure,county,15,female,75-84,151.19337941909941,122.57540817269656,175.17822564597952
person_years_exposure,county,15,female,85+,12.593639068423084,5.824449441327336,19.776798373382587
person_years_exposure,county,15,female,18-64,4136.424763378193,4081.0114937001445,4191.498376734947
person_years_exposure,county,15,female,65+,732.4541194300139,668.3173630920487,785.0081401945598
mortality_rate,county,15,female,0-17,0.00024438911811719134,0.0,0.000722327748862237
mortality_rate,county,15,female,18-44,0.0014883484378233934,0.0004403534518763821,0.0031524081972555532
mortality_rate,county,15,female,45-64,0.014228043086890532,0.009270497007570168,0.020374852255172018
mortality_rate,county,15,female,65-74,0.06671839462251325,0.045573682702000344,0.09500856885280329
mortality_rate,county,15,female,75-84,0.19742177086042934,0.13270354476329388,0.29346179451645704
mortality_rate,county,15,female,85+,0.30521390035420476,0.1271451419033164,0.6623354817341494
qualifying_event_rate,county,15,female,0-17,0.006530211147936896,0.0033779493150006908,0.010352865175275273
qualifying_event_rate,county,15,female,18-44,0.00960495504037113,0.006144622015747605,0.013739561605577627
qualifying_event_rate,county,15,female,45-64,0.0138570653293663,0.009186925229078232,0.01906126129250113
qualifying_event_rate,county,15,female,65-74,0.03162444495882616,0.019518559410319478,0.045433828304479305
qualifying_event_rate,county,15,female,75-84,0.03354998717688997,0.012211366225834063,0.0604249168537645
qualifying_event_rate,county,15,female,85+,0.044142172040616295,0.0,0.1604882580256859
person_years_exposure,county,16,male,0-17,550.589325076101,531.9890107642523,570.1780657444539
person_years_exposure,county,16,male,18-44,808.8181512390615,795.4558771090908,820.2560459540302
person_years_exposure,county,16,male,45-64,713.5841597444679,694.8210344014991,731.543424011557
person_years_exposure,county,16,male,65-74,211.54509275630213,191.10242596122418,230.32174646041022
person_years_exposure,county,16,male,75-84,57.77289367521325,43.213472487466426,70.78071531213416
person_years_exposure,county,16,male,85+,9.873613257975446,4.99909473591447,15.711252512194424
person_years_exposure,county,16,male,18-64,1522.4023109835293,1497.406969849255,1546.5099102826587
person_years_exposure,county,16,male,65+,279.1915996894908,249.04779635720593,306.40386824500945
mortality_rate,county,16,male,0-17,0.0004647009365185854,0.0,0.0018758718804381689
mortality_rate,county,16,male,18-44,0.0021352769823529062,0.0,0.00499721466526606
mortality_rate,county,16,male,45-64,0.014180724847681079,0.006866192752162246,0.02312593779490916
mortality_rate,county,16,male,65-74,0.07363357400995678,0.0432307329662586,0.1144329993140675
mortality_rate,county,16,male,75-84,0.1804215822897697,0.09527128627656198,0.309386189840481
mortality_rate,county,16,male,85+,0.18648597425873928,0.041293416982749166,0.42922369079289185
qualifying_event_rate,county,16,male,0-17,0.009074083935988866,0.003532316926696975,0.01649744411355814
qualifying_event_rate,county,16,male,18-44,0.015709408435054376,0.008675682045838323,0.023632619922654828
qualifying_event_rate,county,16,male,45-64,0.02274020598644013,0.013926927701732556,0.033095648123884734
qualifying_event_rate,county,16,male,65-74,0.03601599286146517,0.015126611810912871,0.060108274827290385
qualifying_event_rate,county,16,male,75-84,0.042740404360570174,0.0,0.08864311540701127
qualifying_event_rate,county,16,male,85+,0.02097255127474042,0.0,0.11118400244078953
person_years_exposure,county,16,female,0-17,560.4918723204698,542.4693373606892,579.2920952029602
person_years_exposure,county,16,female,18-44,843.0079025150766,825.5702862861532,857.491209715957
person_years_exposure,county,16,female,45-64,711.7067185342058,690.7278108311206,732.1532078697663
person_years_exposure,county,16,female,65-74,228.30574076392975,206.64724481437148,248.12873194201114
person_years_exposure,county,16,female,75-84,63.68997727234433,48.827071843209524,77.99082943872455
person_years_exposure,county,16,female,85+,7.395605686313859,3.7746426120949668,11.034727178331549
person_years_exposure,county,16,female,18-64,1554.7146210492824,1524.584103625337,1584.2188389612284
person_years_exposure,county,16,female,65+,299.3913237225879,268.33746467982184,326.40320428255586
mortality_rate,county,16,female,0-17,0.0003353987640743429,0.0,0.0018162495403085985
mortality_rate,county,16,female,18-44,0.0014827856254617312,0.0,0.0036338487780370903
mortality_rate,county,16,female,45-64,0.016904786320942618,0.008361423244159113,0.0271254567215129
mortality_rate,county,16,female,65-74,0.06834838636769906,0.03860966027774421,0.10787655072656548
mortality_rate,county,16,female,75-84,0.17050319320674603,0.09261502332715917,0.28467599472209304
mortality_rate,county,16,female,85+,0.2013141036378509,0.05383878238017683,0.5348841238167008
qualifying_event_rate,county,16,female,0-17,0.009650772749131353,0.003539240598177936,0.01753240221215504
qualifying_event_rate,county,16,female,18-44,0.016076060560425917,0.00940441587003424,0.023885373800890907
qualifying_event_rate,county,16,female,45-64,0.023707179030851143,0.014128613496724294,0.035068896932057086
qualifying_event_rate,county,16,female,65-74,0.04165176655275392,0.02122952690787758,0.06414239898473566
qualifying_event_rate,county,16,female,75-84,0.04320651198967537,0.008798932261032287,0.0862714167285442
qualifying_event_rate,county,16,female,85+,0.026496590016838448,0.0,0.13089738849130764
person_years_exposure,state,0,male,0-17,7963.598893797578,7806.626514371037,8085.34663131085
person_years_exposure,state,0,male,18-44,12996.033886576259,12824.772089473803,13161.492973288481
person_years_exposure,state,0,male,45-64,9159.525038481315,8989.866974752682,9280.345711597887
person_years_exposure,state,0,male,65-74,2758.116362599765,2605.3363830687526,2856.846480977576
person_years_exposure,state,0,male,75-84,757.1282852187074,640.6456233575847,828.4095294942566
person_years_exposure,state,0,male,85+,118.49976225988945,88.01023661066661,144.11559909933172
person_years_exposure,state,0,male,18-64,22155.558925057572,21865.891980401848,22412.996239725715
person_years_exposure,state,0,male,65+,3633.744410078362,3348.462786153177,3800.0643663495343
mortality_rate,state,0,male,0-17,0.0005194534286780653,0.00012537793193649814,0.0010029657886954193
mortality_rate,state,0,male,18-44,0.0018043741064319209,0.0011513685924536474,0.002626828226513645
mortality_rate,state,0,male,45-64,0.013620341540731789,0.010588573632784044,0.018134316804146008
mortality_rate,state,0,male,65-74,0.06765544046142932,0.05356028577447304,0.09155594313427427
mortality_rate,state,0,male,75-84,0.1884984439906451,0.14682910683862074,0.262070913198714
mortality_rate,state,0,male,85+,0.2399967084264828,0.1661579530096857,0.35511047513887506
qualifying_event_rate,state,0,male,0-17,0.007415393899640451,0.005595608921634411,0.00962645046933127
qualifying_event_rate,state,0,male,18-44,0.008270289071981277,0.006544363943745142,0.010610680989249187
qualifying_event_rate,state,0,male,45-64,0.015560880377388222,0.012673580814050437,0.019555056655664677
qualifying_event_rate,state,0,male,65-74,0.027543686941915443,0.021339760989682398,0.03545172191871276
qualifying_event_rate,state,0,male,75-84,0.030438047782793794,0.019563136599224977,0.04355759939235655
qualifying_event_rate,state,0,male,85+,0.018780343857409683,0.0,0.041288863678027594
person_years_exposure,state,0,female,0-17,7980.174489750743,7794.435951902258,8144.905581759413
person_years_exposure,state,0,female,18-44,12639.071135980128,12497.354028129268,12762.983231543996
person_years_exposure,state,0,female,45-64,8970.39276504086,8804.447570010456,9112.830337145104
person_years_exposure,state,0,female,65-74,2684.742595476912,2538.953146298602,2785.9812831590934
person_years_exposure,state,0,female,75-84,695.0987627240892,583.2584050678788,763.5901218253371
person_years_exposure,state,0,female,85+,110.01543632916349,79.05310015271084,135.2881975414855
person_years_exposure,state,0,female,18-64,21609.463901020987,21318.538482035783,21868.464064003296
person_years_exposure,state,0,female,65+,3489.8567945301647,3221.4427019486234,3654.185398328467
mortality_rate,state,0,female,0-17,0.0005114603664358578,0.0001245574063735153,0.0010007980878495482
mortality_rate,state,0,female,18-44,0.0015009956983503307,0.0008714201419627031,0.0022602172807940197
mortality_rate,state,0,female,45-64,0.01019733733959121,0.007731375490933181,0.01372762639001021
mortality_rate,state,0,female,65-74,0.06863905962550468,0.05426247476403639,0.09145949064965513
mortality_rate,state,0,female,75-84,0.19833223606693628,0.1536994159168862,0.27429080338776557
mortality_rate,state,0,female,85+,0.32633304784607214,0.2378909415345743,0.4716028804733672
qualifying_event_rate,state,0,female,0-17,0.007584714322692779,0.0057198394784614024,0.00982955611440184
qualifying_event_rate,state,0,female,18-44,0.009138561563965994,0.007291394125638491,0.011731020973186469
qualifying_event_rate,state,0,female,45-64,0.015363202978227927,0.012447777051144405,0.019297234103313667
qualifying_event_rate,state,0,female,65-74,0.031177166315738823,0.02427526386719363,0.04084062355666532
qualifying_event_rate,state,0,female,75-84,0.029023494841445806,0.01833717034098526,0.04258157661410176
qualifying_event_rate,state,0,female,85+,0.04037571557656156,0.013758782844970084,0.07521322122695578
person_years_exposure,state,1,male,0-17,6675.839252024202,6551.196649921078,6777.506212701233
person_years_exposure,state,1,male,18-44,9806.915698434314,9704.943634192574,9904.289432402278
person_years_exposure,state,1,male,45-64,8651.366364608004,8530.186854716054,8764.5665632557
person_years_exposure,state,1,male,65-74,2565.8374062455887,2403.2993291949706,2673.7104517941902
person_years_exposure,state,1,male,75-84,671.4097534233315,556.7177853412771,743.447312302387
person_years_exposure,state,1,male,85+,84.94931133920716,57.88734953442536,113.47204546329661
person_years_exposure,state,1,male,18-64,18458.282063042316,18259.880871435253,18644.31622049986
person_years_exposure,state,1,male,65+,3322.1964710081274,3033.921597349827,3500.982021612833
mortality_rate,state,1,male,0-17,0.00048032057808727706,0.0001476804265765343,0.0009160285121314151
mortality_rate,state,1,male,18-44,0.0021202352900127025,0.0013151213900440054,0.0031881825326312506
mortality_rate,state,1,male,45-64,0.01407862195092333,0.01093420360764402,0.01914439688269102
mortality_rate,state,1,male,65-74,0.07350924625727578,0.05799158035620427,0.10008536881722714
mortality_rate,state,1,male,75-84,0.20409825279333538,0.15760534012610128,0.28183437673548395
mortality_rate,state,1,male,85+,0.27163369490970773,0.18298583374804434,0.39634336553726046
qualifying_event_rate,state,1,male,0-17,0.00916207662769952,0.006935007807796637,0.011970311164558347
qualifying_event_rate,state,1,male,18-44,0.015648087265678238,0.012777173542277222,0.0198808249491345
qualifying_event_rate,state,1,male,45-64,0.022652558876620838,0.018847506549864213,0.02853157799756447
qualifying_event_rate,state,1,male,65-74,0.03603723525622287,0.028600478269451324,0.046523570541806315
qualifying_event_rate,state,1,male,75-84,0.047774107077950996,0.033422798526226795,0.06721832739673426
qualifying_event_rate,state,1,male,85+,0.030006067023478758,0.001160376621593596,0.06545961193780234
person_years_exposure,state,1,female,0-17,6795.709915121266,6675.964119951909,6890.273174413265
person_years_exposure,state,1,female,18-44,10220.631587094233,10062.180572113974,10372.654924077238
person_years_exposure,state,1,female,45-64,8628.391980890425,8477.614855672035,8776.703503142038
person_years_exposure,state,1,female,65-74,2770.863972671651,2610.65938099021,2894.796770716
person_years_exposure,state,1,female,75-84,743.2778281062295,623.6408353889425,820.887681066811
person_years_exposure,state,1,female,85+,64.08543596856693,42.48951291512237,82.4162666424841
person_years_exposure,state,1,female,18-64,18849.02356798466,18573.345883763996,19122.126518479916
person_years_exposure,state,1,female,65+,3578.2272367464475,3286.6623998751134,3759.8844278650176
mortality_rate,state,1,female,0-17,0.00035113777641396265,0.0,0.0007416106527825452
mortality_rate,state,1,female,18-44,0.0015007748842907763,0.0008603474118008923,0.0022604457469012408
mortality_rate,state,1,female,45-64,0.016902546522921127,0.013121400526966543,0.022653310731029306
mortality_rate,state,1,female,65-74,0.06807296655574528,0.053480476707591214,0.09112731591569743
mortality_rate,state,1,female,75-84,0.19302675135767067,0.15090316547260263,0.2685241537621204
mortality_rate,state,1,female,85+,0.31819501347372514,0.2148512195437165,0.4861772124906607
qualifying_event_rate,state,1,female,0-17,0.009566941639398958,0.007251014466300907,0.01240682421680301
qualifying_event_rate,state,1,female,18-44,0.01605538659797278,0.01328835959600007,0.02023647550098912
qualifying_event_rate,state,1,female,45-64,0.023936691414509215,0.02002331624583467,0.029813852018957636
qualifying_event_rate,state,1,female,65-74,0.041696811545138185,0.03378408375538954,0.05328505638634719
qualifying_event_rate,state,1,female,75-84,0.04677722063254094,0.032946024496389954,0.06526131689651356
qualifying_event_rate,state,1,female,85+,0.04195407737683009,0.0012268169557353248,0.08683461119618496
person_years_exposure,state,2,male,0-17,5641.750263514335,5491.42760706469,5791.453056604882
person_years_exposure,state,2,male,18-44,9202.534950403226,9041.503363091748,9374.783540880708
person_years_exposure,state,2,male,45-64,7434.928571286413,7323.999091437662,7530.5135343396205
person_years_exposure,state,2,male,65-74,2406.557358870911,2277.742354804016,2498.2566961536727
person_years_exposure,state,2,male,75-84,593.7858777058957,494.7549514663666,656.6804339810329
person_years_exposure,state,2,male,85+,112.36015763636865,85.66844182970623,139.05330741895918
person_years_exposure,state,2,male,18-64,16637.46352168964,16393.80663793626,16881.732665032152
person_years_exposure,state,2,male,65+,3112.703394213175,2877.1130294808418,3261.6182481203014
mortality_rate,state,2,male,0-17,0.00035865421287534433,0.0,0.0008691446556476498
mortality_rate,state,2,male,18-44,0.0020493143270185203,0.0012029346351714592,0.003071482047344585
mortality_rate,state,2,male,45-64,0.015762671398095583,0.012089772186644305,0.021468125872341967
mortality_rate,state,2,male,65-74,0.06344820692661471,0.04941796870145462,0.08563812287473259
mortality_rate,state,2,male,75-84,0.20488568681845998,0.15819211184060744,0.28641674171364023
mortality_rate,state,2,male,85+,0.2255576210991149,0.15972955998845578,0.3178445760034429
qualifying_event_rate,state,2,male,0-17,0.00850990205964795,0.006346571103042147,0.01116807734081731
qualifying_event_rate,state,2,male,18-44,0.012729646794345191,0.010229245308215626,0.016194688178439363
qualifying_event_rate,state,2,male,45-64,0.020658271557668095,0.016893927306191766,0.02618600699404322
qualifying_event_rate,state,2,male,65-74,0.03657303190670481,0.02889631795453786,0.04762291253102309
qualifying_event_rate,state,2,male,75-84,0.037826281637529664,0.024600496251535032,0.055432748460554626
qualifying_event_rate,state,2,male,85+,0.034745513987994685,0.010833223780839646,0.06458895971464394
person_years_exposure,state,2,female,0-17,6095.336139046057,5943.864370668169,6247.411578133037
person_years_exposure,state,2,female,18-44,9493.18176462182,9337.347037578309,9673.19303715729
person_years_exposure,state,2,female,45-64,7117.164403217609,6964.714906286642,7268.1967036569495
person_years_exposure,state,2,female,65-74,2189.421503775684,2054.7193778929663,2290.337488158708
person_years_exposure,state,2,female,75-84,616.6357739451596,515.6112682946393,686.7612528101762
person_years_exposure,state,2,female,85+,59.521083090727785,41.53574477720157,76.20886460254846
person_years_exposure,state,2,female,18-64,16610.34616783943,16315.576546977065,16918.817127173545
person_years_exposure,state,2,female,65+,2865.578360811571,2622.7452738348766,3026.2392727402307
mortality_rate,state,2,female,0-17,0.00014219055339672237,0.0,0.0004894211912985296
mortality_rate,state,2,female,18-44,0.0014894016049436993,0.0008366700710346701,0.0023308781091457144
mortality_rate,state,2,female,45-64,0.016225011490045706,0.012572506789454995,0.02181962572929916
mortality_rate,state,2,female,65-74,0.068264892458064,0.053290998660296976,0.09329053398018908
mortality_rate,state,2,female,75-84,0.19606690134257043,0.15134461104154678,0.275636571039019
mortality_rate,state,2,female,85+,0.2883375037927221,0.18959051872384067,0.4337900067643972
qualifying_event_rate,state,2,female,0-17,0.007081009451802748,0.005121800839491906,0.009461394678173564
qualifying_event_rate,state,2,female,18-44,0.0133375432806004,0.010814031072715322,0.016919290226914258
qualifying_event_rate,state,2,female,45-64,0.018639742158411375,0.015180071233337858,0.023510696377645662
qualifying_event_rate,state,2,female,65-74,0.03579550989674872,0.028034372498936318,0.0470057853624245
qualifying_event_rate,state,2,female,75-84,0.03885308881647905,0.025629942988361167,0.05632023107934898
qualifying_event_rate,state,2,female,85+,0.038757770540184096,0.0,0.08305149987182456
person_years_exposure,state,3,male,0-17,1836.9146497895065,1759.8346808620104,1918.7149628614188
person_years_exposure,state,3,male,18-44,2683.636986667178,2609.1117672267724,2770.7919153861817
person_years_exposure,state,3,male,45-64,1784.4317108147711,1731.395606087422,1844.35734745364
person_years_exposure,state,3,male,65-74,533.4048047414328,489.88853098821767,572.097812518096
person_years_exposure,state,3,male,75-84,110.72337888026635,85.74698640014483,132.68117932630648
person_years_exposure,state,3,male,85+,15.096600614938264,9.468539330888696,21.692917852355794
person_years_exposure,state,3,male,18-64,4468.068697481949,4345.558761695654,4610.259531694693
person_years_exposure,state,3,male,65+,659.2247842366374,593.9491931095191,713.8074344082772
mortality_rate,state,3,male,0-17,0.0003952683478425094,0.0,0.00112383042333505
mortality_rate,state,3,male,18-44,0.0019128148876890654,0.0007265346203274912,0.003656649201757103
mortality_rate,state,3,male,45-64,0.0143110600535897,0.008980457901041973,0.021153205557505782
mortality_rate,state,3,male,65-74,0.07288869330128027,0.04891933967686221,0.10561053491743864
mortality_rate,state,3,male,75-84,0.1891310839558438,0.11887032575539408,0.29395665012391237
mortality_rate,state,3,male,85+,0.20301151879994203,0.07615937382989788,0.3878687170291399
qualifying_event_rate,state,3,male,0-17,0.012364961490645601,0.007822570812239086,0.01746459247814303
qualifying_event_rate,state,3,male,18-44,0.020220198240146602,0.014994628754177702,0.026526205526006943
qualifying_event_rate,state,3,male,45-64,0.025855953642901424,0.018968878640363597,0.03436952787089791
qualifying_event_rate,state,3,male,65-74,0.041164584271610176,0.026765172650211583,0.0585525224145817
qualifying_event_rate,state,3,male,75-84,0.05241160935360989,0.0201781807634381,0.0932979912489621
qualifying_event_rate,state,3,male,85+,0.04759331066406746,0.0,0.1429168024179656
person_years_exposure,state,3,female,0-17,1571.5296943700494,1521.668735944666,1624.7369176406391
person_years_exposure,state,3,female,18-44,2587.363765313707,2507.8272928581678,2673.7827520137403
person_years_exposure,state,3,female,45-64,1738.4810633579912,1691.1860887822513,1785.7386155428862
person_years_exposure,state,3,female,65-74,526.4851837960659,487.5274504771572,559.9827637553999
person_years_exposure,state,3,female,75-84,142.35813849385812,111.86775790971716,170.16299379823312
person_years_exposure,state,3,female,85+,30.314899902226486,12.20476663589489,61.21397509732319
person_years_exposure,state,3,female,18-64,4325.844828671698,4204.320379552571,4452.359999691049
person_years_exposure,state,3,female,65+,699.1582221921506,622.7150367424621,775.1395070956787
mortality_rate,state,3,female,0-17,0.00024110664364626293,0.0,0.0012436359727670601
mortality_rate,state,3,female,18-44,0.0015103074782668628,0.00038354277683794435,0.0028193020592459065
mortality_rate,state,3,female,45-64,0.014734823103577899,0.009233203203464142,0.021261726895682793
mortality_rate,state,3,female,65-74,0.0681173614539843,0.04467894373870018,0.10039830624379549
mortality_rate,state,3,female,75-84,0.1989314503640704,0.12959780702799223,0.3042892033334424
mortality_rate,state,3,female,85+,0.30600994987743546,0.15576949699390455,0.5247133685748127
qualifying_event_rate,state,3,female,0-17,0.00975425511679224,0.005699698087067934,0.014385260861148795
qualifying_event_rate,state,3,female,18-44,0.0186096377282736,0.013714055310654267,0.024536007268416486
qualifying_event_rate,state,3,female,45-64,0.02683567931558945,0.01984296295690059,0.035545564515855395
qualifying_event_rate,state,3,female,65-74,0.050982895291341854,0.034611066309517,0.07043383149864028
qualifying_event_rate,state,3,female,75-84,0.05403422288558534,0.024379708875160246,0.08937225986435826
qualifying_event_rate,state,3,female,85+,0.03785270360544854,0.0,0.10678279297513804
person_years_exposure,state,4,male,0-17,5334.644297708619,5182.400209979845,5502.857347440537
person_years_exposure,state,4,male,18-44,8060.062463488984,7947.300206534762,8180.963958212783
person_years_exposure,state,4,male,45-64,6405.04231548693,6270.354162432833,6525.640834978811
person_years_exposure,state,4,male,65-74,1825.3059238449298,1713.5778078886378,1909.9200591251938
person_years_exposure,state,4,male,75-84,519.4067287466759,433.7609448596066,582.9841070820247
person_years_exposure,state,4,male,85+,63.605958341598324,43.835122823079026,83.84817413770764
person_years_exposure,state,4,male,18-64,14465.104778975914,14234.564972304655,14697.013944807313
person_years_exposure,state,4,male,65+,2408.3186109332037,2208.9751774595084,2554.5135266086886
mortality_rate,state,4,male,0-17,0.0005108302454993123,0.0,0.0011188063441917718
mortality_rate,state,4,male,18-44,0.001798630020321779,0.0009861837958996035,0.002750863206075739
mortality_rate,state,4,male,45-64,0.014433589873827687,0.010934207470106547,0.019214631601311902
mortality_rate,state,4,male,65-74,0.060888019394074906,0.046276936476878375,0.08284357560944967
mortality_rate,state,4,male,75-84,0.20211268085579545,0.15495269023702785,0.28304317989412114
mortality_rate,state,4,male,85+,0.255532404784846,0.15878877778861503,0.3982708586233218
qualifying_event_rate,state,4,male,0-17,0.009956659040568928,0.007392195033958638,0.013324254682440036
qualifying_event_rate,state,4,male,18-44,0.015998962452572593,0.012956015309798565,0.020326940211711785
qualifying_event_rate,state,4,male,45-64,0.025922645995606897,0.021468676651929582,0.03265373417589816
qualifying_event_rate,state,4,male,65-74,0.04577517450687446,0.03579556766911921,0.05965901939050311
qualifying_event_rate,state,4,male,75-84,0.049500592610423166,0.03302921895335907,0.0711388652504631
qualifying_event_rate,state,4,male,85+,0.043247141712659774,0.00410560262533424,0.08853193711308475
person_years_exposure,state,4,female,0-17,5142.997881740439,5043.164871024384,5233.189510381027
person_years_exposure,state,4,female,18-44,8063.506843724183,7975.001468870972,8160.072553828453
person_years_exposure,state,4,female,45-64,6040.666363473976,5927.629238296162,6142.673188153494
person_years_exposure,state,4,female,65-74,1796.407793891512,1687.8734583331093,1870.7592828553666
person_years_exposure,state,4,female,75-84,476.1692362469344,392.8401703560442,532.3826920848751
person_years_exposure,state,4,female,85+,67.84066599299884,48.15602015829908,84.55756680194709
person_years_exposure,state,4,female,18-64,14104.17320719816,13916.703196623863,14287.051908411118
person_years_exposure,state,4,female,65+,2340.417696131445,2139.885706364627,2459.3664637493916
mortality_rate,state,4,female,0-17,0.00015693743703757077,0.0,0.00039707658792159466
mortality_rate,state,4,female,18-44,0.0014811013775036504,0.0007457985015784082,0.002354185526867933
mortality_rate,state,4,female,45-64,0.013969850667719889,0.010458588165909203,0.019162865269896048
mortality_rate,state,4,female,65-74,0.06872204702561545,0.052973318274056665,0.09491484287926928
mortality_rate,state,4,female,75-84,0.1996824918390925,0.15087493413410705,0.2839466680106365
mortality_rate,state,4,female,85+,0.3139731958787898,0.21955225172949583,0.45820707199954713
qualifying_event_rate,state,4,female,0-17,0.009705626323942399,0.007158870717155033,0.01279558890060194
qualifying_event_rate,state,4,female,18-44,0.017101849304385235,0.013871661476453865,0.021842330127460764
qualifying_event_rate,state,4,female,45-64,0.026452143621925824,0.02174337164164207,0.03307341770199202
qualifying_event_rate,state,4,female,65-74,0.04709682351048158,0.03698576198976102,0.06030920500600247
qualifying_event_rate,state,4,female,75-84,0.04710383342952982,0.030677741961628764,0.06730880096416599
qualifying_event_rate,state,4,female,85+,0.03885035131700226,0.004075684838070728,0.07915254716301073
person_years_exposure,state,5,male,0-17,5039.54803000518,4911.166302664555,5167.494316955286
person_years_exposure,state,5,male,18-44,8030.9379627668095,7955.657348736916,8116.091326491523
person_years_exposure,state,5,male,45-64,6652.221637342005,6520.296000944743,6786.081569908972
person_years_exposure,state,5,male,65-74,1949.286699497766,1822.427173077345,2040.949550970123
person_years_exposure,state,5,male,75-84,471.9002862970699,391.3922437265292,535.6404857215979
person_years_exposure,state,5,male,85+,47.61955590638088,32.693636885311975,60.98753231906231
person_years_exposure,state,5,male,18-64,14683.159600108815,14490.644517621347,14890.26656489591
person_years_exposure,state,5,male,65+,2468.8065417012167,2252.8380340033546,2615.836001622355
mortality_rate,state,5,male,0-17,0.0003279722747772484,0.0,0.000798291338406237
mortality_rate,state,5,male,18-44,0.0019255368749197018,0.0011127528877173526,0.00289242161982769
mortality_rate,state,5,male,45-64,0.016506688792110764,0.012704842851558635,0.022180495669358542
mortality_rate,state,5,male,65-74,0.07228934245888466,0.05557217017767216,0.0989902285840497
mortality_rate,state,5,male,75-84,0.2038910398965268,0.15619040347865554,0.28638237041455894
mortality_rate,state,5,male,85+,0.23795607969818078,0.14174456874678534,0.38702506533534
qualifying_event_rate,state,5,male,0-17,0.00618700076164726,0.004238732876044992,0.008534477045845819
qualifying_event_rate,state,5,male,18-44,0.009597709960978825,0.007362116575305885,0.012477415774885316
qualifying_event_rate,state,5,male,45-64,0.016369428492127008,0.01299277937566694,0.020791466109919016
qualifying_event_rate,state,5,male,65-74,0.02834488006442329,0.021356065599287075,0.03757517189480325
qualifying_event_rate,state,5,male,75-84,0.029366883167062423,0.016634374821324512,0.04540281594939939
qualifying_event_rate,state,5,male,85+,0.028888121323095872,0.0,0.07229614954934936
person_years_exposure,state,5,female,0-17,5125.823337523582,5026.18272206833,5209.396108591303
person_years_exposure,state,5,female,18-44,7811.002604522942,7726.2810157322665,7902.524320412487
person_years_exposure,state,5,female,45-64,6724.277502128906,6618.717229008598,6828.462694391826
person_years_exposure,state,5,female,65-74,1998.2872740671935,1874.6052872191358,2093.047959075922
person_years_exposure,state,5,female,75-84,533.1805336064102,444.3549609831132,591.6714065125492
person_years_exposure,state,5,female,85+,46.59446477556434,31.69921923370098,60.485515291174984
person_years_exposure,state,5,female,18-64,14535.280106651848,14371.254753234107,14700.976943624986
person_years_exposure,state,5,female,65+,2578.0622724491677,2365.1372256614227,2718.3272579138097
mortality_rate,state,5,female,0-17,0.000247578366476264,0.0,0.0005929348815953554
mortality_rate,state,5,female,18-44,0.001512164831523749,0.0007664701155818148,0.00242573890778249
mortality_rate,state,5,female,45-64,0.01420139793379535,0.010675026611212862,0.0192230795572515
mortality_rate,state,5,female,65-74,0.06671173872563771,0.05129241636059942,0.09066842443284623
mortality_rate,state,5,female,75-84,0.19491443366618158,0.14905047190499954,0.2708539018720831
mortality_rate,state,5,female,85+,0.28434854787844843,0.18285015409298583,0.4284730850327303
qualifying_event_rate,state,5,female,0-17,0.006524771147284225,0.004493320954094716,0.009019879309752617
qualifying_event_rate,state,5,female,18-44,0.009659851471091439,0.00753594684452766,0.012604949864935577
qualifying_event_rate,state,5,female,45-64,0.013930254723699876,0.01102985939878134,0.017832490262486494
qualifying_event_rate,state,5,female,65-74,0.03176520201877635,0.024186660025878225,0.04207401103193349
qualifying_event_rate,state,5,female,75-84,0.03291762811447621,0.020259854094675584,0.049499137860734475
qualifying_event_rate,state,5,female,85+,0.03883027567407258,0.0,0.0882091043423674
