estimand,level,unit,sex,age_band,estimate,lower,upper
children_under_16,county,0,,,785.9999999999999,778.1399999999999,793.8599999999999
children_under_16,county,1,,,1442.0,1427.58,1456.42
children_under_16,county,2,,,1161.0,1149.39,1172.61
children_under_16,county,3,,,578.0,572.22,583.78
children_under_16,county,4,,,860.0,851.4,868.6
children_under_16,county,5,,,617.0,610.83,623.17
children_under_16,county,6,,,911.0,901.89,920.11
children_under_16,county,7,,,689.0000000000001,682.1100000000001,695.8900000000001
children_under_16,county,8,,,715.0000000000001,707.8500000000001,722.1500000000001
children_under_16,county,9,,,820.0,811.8,828.2
children_under_16,county,10,,,240.0,237.6,242.4
children_under_16,county,11,,,481.0,476.19,485.81
children_under_16,county,12,,,132.0,130.68,133.32
children_under_16,county,13,,,269.0,266.31,271.69
children_under_16,county,14,,,107.99999999999999,106.91999999999999,109.07999999999998
children_under_16,county,15,,,578.0,572.22,583.78
children_under_16,county,16,,,204.0,201.96,206.04
children_under_16,nation,0,,,10591.0,10485.09,10696.91
children_under_16,state,0,,,2544.0,2518.56,2569.44
children_under_16,state,1,,,2335.0,2311.65,2358.35
children_under_16,state,2,,,1882.0,1863.18,1900.82
children_under_16,state,3,,,578.0,572.22,583.78
children_under_16,state,4,,,1680.0,1663.2,1696.8
children_under_16,state,5,,,1572.0,1556.28,1587.72
elders_65_plus,county,0,,,285.0,282.15,287.85
elders_65_plus,county,1,,,587.0,581.13,592.87
elders_65_plus,county,2,,,488.99999999999994,484.10999999999996,493.88999999999993
elders_65_plus,county,3,,,220.0,217.8,222.2
elders_65_plus,county,4,,,345.0,341.55,348.45
elders_65_plus,county,5,,,304.0,300.96,307.04
elders_65_plus,county,6,,,392.0,388.08,395.92
elders_65_plus,county,7,,,346.00000000000006,342.5400000000001,349.46000000000004
elders_65_plus,county,8,,,341.0,337.59,344.41
elders_65_plus,county,9,,,365.0,361.35,368.65
elders_65_plus,county,10,,,137.0,135.63,138.37
elders_65_plus,county,11,,,226.0,223.74,228.26
elders_65_plus,county,12,,,52.00000000000001,51.480000000000004,52.52000000000001
elders_65_plus,county,13,,,144.0,142.56,145.44
elders_65_plus,county,14,,,69.0,68.31,69.69
elders_65_plus,county,15,,,219.0,216.81,221.19
elders_65_plus,county,16,,,99.0,98.01,99.99
elders_65_plus,nation,0,,,4620.0,4573.8,4666.2
elders_65_plus,state,0,,,1070.0,1059.3,1080.7
elders_65_plus,state,1,,,1032.0,1021.68,1042.32
elders_65_plus,state,2,,,852.0,843.48,860.52
elders_65_plus,state,3,,,220.0,217.8,222.2
elders_65_plus,state,4,,,710.0,702.9,717.1
elders_65_plus,state,5,,,736.0,728.64,743.36
households,county,0,,,1827.0,1808.73,1845.27
households,county,1,,,3452.0000000000005,3417.4800000000005,3486.5200000000004
households,county,2,,,2675.0,2648.25,2701.75
households,county,3,,,1354.0,1340.46,1367.54
households,county,4,,,2022.0000000000002,2001.7800000000002,2042.2200000000003
households,county,5,,,1635.0,1618.65,1651.35
households,county,6,,,2218.0,2195.82,2240.18
households,county,7,,,1871.9999999999998,1853.2799999999997,1890.7199999999998
households,county,8,,,1967.9999999999998,1948.3199999999997,1987.6799999999998
households,county,9,,,2245.0,2222.55,2267.45
households,county,10,,,777.0,769.23,784.77
households,county,11,,,1408.0,1393.92,1422.08
households,county,12,,,418.0,413.82,422.18
households,county,13,,,899.0,890.01,907.99
households,county,14,,,347.0,343.53,350.47
households,county,15,,,1528.0,1512.72,1543.28
households,county,16,,,586.0,580.14,591.86
households,nation,0,,,27231.0,26958.69,27503.31
households,state,0,,,6431.0,6366.69,6495.31
households,state,1,,,5910.0,5850.9,5969.1
households,state,2,,,4860.0,4811.4,4908.6
households,state,3,,,1354.0,1340.46,1367.54
households,state,4,,,4267.0,4224.33,4309.67
households,state,5,,,4409.0,4364.91,4453.09
low_income_household_share,county,0,,,0.0029090971075514654,0.0,0.012909097107551466
low_income_household_share,county,1,,,0.003380345497673343,0.0,0.013380345497673344
low_income_household_share,county,2,,,0.003604927100842419,0.0,0.013604927100842419
low_income_household_share,county,3,,,0.0027287663342579244,0.0,0.012728766334257924
low_income_household_share,county,4,,,0.0028610897416570034,0.0,0.012861089741657004
low_income_household_share,county,5,,,0.0020543671468199166,0.0,0.012054367146819917
low_income_household_share,county,6,,,0.0029090971075514654,0.0,0.012909097107551466
low_income_household_share,county,7,,,0.003380345497673343,0.0,0.013380345497673344
low_income_household_share,county,8,,,0.0029090971075514654,0.0,0.012909097107551466
low_income_household_share,county,9,,,0.0028610897416570034,0.0,0.012861089741657004
low_income_household_share,county,10,,,0.003604927100842419,0.0,0.013604927100842419
low_income_household_share,county,11,,,0.003604927100842419,0.0,0.013604927100842419
low_income_household_share,county,12,,,0.0029090971075514654,0.0,0.012909097107551466
low_income_household_share,county,13,,,0.0020543671468199166,0.0,0.012054367146819917
low_income_household_share,county,14,,,0.0020543671468199166,0.0,0.012054367146819917
low_income_household_share,county,15,,,0.0020543671468199166,0.0,0.012054367146819917
low_income_household_share,county,16,,,0.003380345497673343,0.0,0.013380345497673344
low_income_household_share,nation,0,,,0.0029850455094765703,0.0,0.012985045509476571
low_income_household_share,state,0,,,0.002909097107551465,0.0,0.012909097107551466
low_income_household_share,state,1,,,0.0033803454976733434,0.0,0.013380345497673344
low_income_household_share,state,2,,,0.003604927100842419,0.0,0.013604927100842419
low_income_household_share,state,3,,,0.0027287663342579244,0.0,0.012728766334257924
low_income_household_share,state,4,,,0.002861089741657004,0.0,0.012861089741657004
low_income_household_share,state,5,,,0.0020543671468199166,0.0,0.012054367146819917
mean_income_adults,county,0,,,235.97826232002708,233.61847969682682,238.33804494322735
mean_income_adults,county,1,,,191.96355428218666,190.04391873936478,193.88318982500854
mean_income_adults,county,2,,,207.20739213815455,205.135318216773,209.2794660595361
mean_income_adults,county,3,,,246.90867430902875,244.43958756593847,249.37776105211904
mean_income_adults,county,4,,,217.43496851329346,215.26061882816052,219.6093181984264
mean_income_adults,county,5,,,221.11639200087464,218.9052280808659,223.32755592088338
mean_income_adults,county,6,,,235.97826232002708,233.61847969682682,238.33804494322735
mean_income_adults,county,7,,,191.96355428218666,190.04391873936478,193.88318982500854
mean_income_adults,county,8,,,235.97826232002708,233.61847969682682,238.33804494322735
mean_income_adults,county,9,,,217.43496851329346,215.26061882816052,219.6093181984264
mean_income_adults,county,10,,,207.20739213815455,205.135318216773,209.2794660595361
mean_income_adults,county,11,,,207.20739213815455,205.135318216773,209.2794660595361
mean_income_adults,county,12,,,235.97826232002708,233.61847969682682,238.33804494322735
mean_income_adults,county,13,,,221.11639200087464,218.9052280808659,223.32755592088338
mean_income_adults,county,14,,,221.11639200087464,218.9052280808659,223.32755592088338
mean_income_adults,county,15,,,221.11639200087464,218.9052280808659,223.32755592088338
mean_income_adults,county,16,,,191.96355428218666,190.04391873936478,193.88318982500854
mean_income_adults,nation,0,,,216.53736934719,214.3719956537181,218.70274304066191
mean_income_adults,state,0,,,235.97826232002708,233.61847969682682,238.33804494322735
mean_income_adults,state,1,,,191.96355428218666,190.04391873936478,193.88318982500854
mean_income_adults,state,2,,,207.20739213815455,205.135318216773,209.2794660595361
mean_income_adults,state,3,,,246.90867430902875,244.43958756593847,249.37776105211904
mean_income_adults,state,4,,,217.43496851329346,215.26061882816052,219.6093181984264
mean_income_adults,state,5,,,221.11639200087467,218.90522808086592,223.3275559208834
median_household_income,county,0,,,269.41912059400863,266.7249293880685,272.11331179994875
median_household_income,county,1,,,207.24710958094565,205.1746384851362,209.3195806767551
median_household_income,county,2,,,182.398861265859,180.57487265320043,184.2228498785176
median_household_income,county,3,,,269.9704016263611,267.27069761009744,272.6701056426247
median_household_income,county,4,,,229.29584403478492,227.00288559443706,231.58880247513278
median_household_income,county,5,,,233.01232425142882,230.68220100891455,235.3424474939431
median_household_income,county,6,,,269.41912059400863,266.7249293880685,272.11331179994875
median_household_income,county,7,,,207.24710958094565,205.1746384851362,209.3195806767551
median_household_income,county,8,,,269.41912059400863,266.7249293880685,272.11331179994875
median_household_income,county,9,,,229.29584403478492,227.00288559443706,231.58880247513278
median_household_income,county,10,,,182.398861265859,180.57487265320043,184.2228498785176
median_household_income,county,11,,,182.398861265859,180.57487265320043,184.2228498785176
median_household_income,county,12,,,269.41912059400863,266.7249293880685,272.11331179994875
median_household_income,county,13,,,233.01232425142882,230.68220100891455,235.3424474939431
median_household_income,county,14,,,233.01232425142882,230.68220100891455,235.3424474939431
median_household_income,county,15,,,233.01232425142882,230.68220100891455,235.3424474939431
median_household_income,county,16,,,207.24710958094565,205.1746384851362,209.3195806767551
median_household_income,nation,0,,,24757.79,24510.2121,25005.3679
median_household_income,state,0,,,30092.605000000003,29791.67895,30393.531050000005
median_household_income,state,1,,,23148.34,22916.8566,23379.8234
median_household_income,state,2,,,20372.93,20169.2007,20576.6593
median_household_income,state,3,,,30154.18,29852.6382,30455.7218
median_household_income,state,4,,,25611.059999999998,25354.949399999998,25867.170599999998
median_household_income,state,5,,,26026.17,25765.9083,26286.431699999997
persons,county,0,,,3358.0,3324.42,3391.58
persons,county,1,,,6111.0,6049.89,6172.11
persons,county,2,,,4966.0,4916.34,5015.66
persons,county,3,,,2434.0,2409.66,2458.34
persons,county,4,,,3715.0,3677.85,3752.15
persons,county,5,,,2961.9999999999995,2932.3799999999997,2991.6199999999994
persons,county,6,,,3922.0,3882.78,3961.22
persons,county,7,,,3185.0000000000005,3153.1500000000005,3216.8500000000004
persons,county,8,,,3155.0,3123.45,3186.55
persons,county,9,,,3682.9999999999995,3646.1699999999996,3719.8299999999995
persons,county,10,,,1148.0,1136.52,1159.48
persons,county,11,,,2241.0,2218.59,2263.41
persons,county,12,,,585.0,579.15,590.85
persons,county,13,,,1353.0,1339.47,1366.53
persons,county,14,,,480.0,475.2,484.8
persons,county,15,,,2544.0,2518.56,2569.44
persons,county,16,,,896.0,887.04,904.96
persons,nation,0,,,46738.0,46270.62,47205.38
persons,state,0,,,11020.0,10909.8,11130.2
persons,state,1,,,10192.0,10090.08,10293.92
persons,state,2,,,8355.0,8271.45,8438.55
persons,state,3,,,2434.0,2409.66,2458.34
persons,state,4,,,7398.0,7324.02,7471.98
persons,state,5,,,7339.0,7265.61,7412.39
tertiary_share_25_plus,county,0,,,0.5417775412453433,0.5317775412453433,0.5517775412453433
tertiary_share_25_plus,county,1,,,0.4235201676270299,0.41352016762702987,0.4335201676270299
tertiary_share_25_plus,county,2,,,0.4382905982905983,0.4282905982905983,0.4482905982905983
tertiary_share_25_plus,county,3,,,0.45020188425302826,0.44020188425302825,0.46020188425302827
tertiary_share_25_plus,county,4,,,0.46794300979519143,0.4579430097951914,0.47794300979519144
tertiary_share_25_plus,county,5,,,0.4480728051391863,0.4380728051391863,0.4580728051391863
tertiary_share_25_plus,county,6,,,0.4893253629376601,0.4793253629376601,0.4993253629376601
tertiary_share_25_plus,county,7,,,0.41625857002938293,0.4062585700293829,0.42625857002938294
tertiary_share_25_plus,county,8,,,0.49533678756476685,0.48533678756476684,0.5053367875647669
tertiary_share_25_plus,county,9,,,0.4577620521892968,0.44776205218929677,0.4677620521892968
tertiary_share_25_plus,county,10,,,0.405777166437414,0.395777166437414,0.415777166437414
tertiary_share_25_plus,county,11,,,0.43902439024390244,0.42902439024390243,0.44902439024390245
tertiary_share_25_plus,county,12,,,0.4677871148459384,0.45778711484593837,0.4777871148459384
tertiary_share_25_plus,county,13,,,0.3981797497155859,0.3881797497155859,0.4081797497155859
tertiary_share_25_plus,county,14,,,0.42718446601941745,0.41718446601941744,0.43718446601941746
tertiary_share_25_plus,county,15,,,0.4189622037155669,0.4089622037155669,0.4289622037155669
tertiary_share_25_plus,county,16,,,0.4230769230769231,0.41307692307692306,0.4330769230769231
tertiary_share_25_plus,nation,0,,,0.45254503401098856,0.44254503401098855,0.46254503401098856
tertiary_share_25_plus,state,0,,,0.5058862145095352,0.4958862145095352,0.5158862145095352
tertiary_share_25_plus,state,1,,,0.4212119518239097,0.4112119518239097,0.4312119518239097
tertiary_share_25_plus,state,2,,,0.43401998285072985,0.42401998285072984,0.44401998285072986
tertiary_share_25_plus,state,3,,,0.45020188425302826,0.44020188425302825,0.46020188425302827
tertiary_share_25_plus,state,4,,,0.46287454982458986,0.45287454982458986,0.4728745498245899
tertiary_share_25_plus,state,5,,,0.42741752829120855,0.41741752829120854,0.43741752829120856
person_years_exposure,county,0,male,0-17,2090.312291713029,2034.0535821546143,2141.048268449302
person_years_exposure,county,0,male,18-44,3283.463776895474,3217.3106377239747,3342.1615310436637
person_years_exposure,county,0,male,45-64,2077.966604508737,2008.5629452042915,2131.911946339044
person_years_exposure,county,0,male,65-74,651.9064693059347,615.7673780215613,684.3347260243995
person_years_exposure,county,0,male,75-84,175.77112837569535,152.5453585976148,196.64672546574607
person_years_exposure,county,0,male,85+,16.122432878203437,10.414380223125269,21.703640916083913
person_years_exposure,county,0,male,18-64,5361.4303814042105,5242.400363651233,5457.632367103614
person_years_exposure,county,0,male,65+,843.8000305598334,789.6989394945169,888.515975969825
mortality_rate,county,0,male,0-17,0.016679438050104772,0.011125207422664665,0.024143459818100538
mortality_rate,county,0,male,18-44,0.015264552580549312,0.010801030080953863,0.021338531169830147
mortality_rate,county,0,male,45-64,0.03152190449145141,0.022605606086355843,0.04380282221529248
mortality_rate,county,0,male,65-74,0.03963510123432177,0.024583839751246905,0.05819625111846518
mortality_rate,county,0,male,75-84,0.11117621615651249,0.06573830367980538,0.17115426161804376
mortality_rate,county,0,male,85+,0.0333325393149424,0.0,0.1360862259716515
qualifying_event_rate,county,0,male,0-17,0.01324119021161544,0.008794483240157042,0.018190719099366752
qualifying_event_rate,county,0,male,18-44,0.014783329630529755,0.010717154593058179,0.019626656358228273
qualifying_event_rate,county,0,male,45-64,0.01910930426292279,0.01355586797598959,0.02568567817391117
qualifying_event_rate,county,0,male,65-74,0.037232192109949463,0.024952172710078546,0.0511821215423004
qualifying_event_rate,county,0,male,75-84,0.04558938853075293,0.021702174549442618,0.07311975789452488
qualifying_event_rate,county,0,male,85+,0.02205938533853665,0.0,0.09131248083820388
person_years_exposure,county,0,female,0-17,2141.515138107501,2082.127265474936,2198.1228281896365
person_years_exposure,county,0,female,18-44,3451.6195881361914,3396.2112376472364,3499.9247662061157
person_years_exposure,county,0,female,45-64,2070.286960915337,2011.1399077336903,2120.4538122165222
person_years_exposure,county,0,female,65-74,507.49663274210405,471.028124165008,538.5172491095403
person_years_exposure,county,0,female,75-84,124.33560254244028,104.3461453499514,142.14292586079426
person_years_exposure,county,0,female,85+,13.240089932681215,8.101216822889974,17.537334521409782
person_years_exposure,county,0,female,18-64,5521.906549051529,5418.362234371579,5608.371924543298
person_years_exposure,county,0,female,65+,645.0723252172256,593.9833225698795,684.6296329023967
mortality_rate,county,0,female,0-17,0.011624728122164845,0.007313807620137235,0.01681670692044414
mortality_rate,county,0,female,18-44,0.010072971692985464,0.006631711932005978,0.014322108751424693
mortality_rate,county,0,female,45-64,0.0241859115615604,0.017156899428475092,0.033665925594891184
mortality_rate,county,0,female,65-74,0.060597297458458405,0.03963832856708646,0.08768414221137857
mortality_rate,county,0,female,75-84,0.10634223712150516,0.059228099037059515,0.173179000030745
mortality_rate,county,0,female,85+,0.03997289528005163,0.0,0.18410760325710615
qualifying_event_rate,county,0,female,0-17,0.013756597099535025,0.009364611813290643,0.01883521242114512
qualifying_event_rate,county,0,female,18-44,0.016114349814193768,0.011877233517854623,0.021232149309648746
qualifying_event_rate,county,0,female,45-64,0.029297767073523308,0.021947589278869264,0.03843936283711237
qualifying_event_rate,county,0,female,65-74,0.03551529262999785,0.021789806511337453,0.05124036697044828
qualifying_event_rate,county,0,female,75-84,0.046087988880519584,0.018143682053032628,0.08114138088877051
qualifying_event_rate,county,0,female,85+,0.02039912065203122,0.0,0.09743657326184928
person_years_exposure,county,1,male,0-17,3494.8329113509826,3404.541659536547,3572.035012256476
person_years_exposure,county,1,male,18-44,4427.888323262062,4295.568404443344,4517.917388944265
person_years_exposure,county,1,male,45-64,4167.466521858193,3986.5603219647583,4276.879849537583
person_years_exposure,county,1,male,65-74,1025.7154204272915,932.4124318880291,1088.3495836903173
person_years_exposure,county,1,male,75-84,311.8236004666416,267.0515394382205,349.1438150443703
person_years_exposure,county,1,male,85+,32.05983816157932,19.798222982030858,45.51196253362238
person_years_exposure,county,1,male,18-64,8595.354845120255,8283.844681693987,8774.194107268278
person_years_exposure,county,1,male,65+,1369.5988590555125,1234.2206191922496,1461.9705817098315
mortality_rate,county,1,male,0-17,0.02255338509718073,0.016683909633207244,0.03104557624279747
mortality_rate,county,1,male,18-44,0.029425752367781347,0.022584624231350627,0.04005419141965579
mortality_rate,county,1,male,45-64,0.04686705784121379,0.03667452038803925,0.06315993674206433
mortality_rate,county,1,male,65-74,0.07661406257865294,0.05542239836519293,0.10748853668510266
mortality_rate,county,1,male,75-84,0.13110175789313863,0.09114088496856874,0.19100493263186172
mortality_rate,county,1,male,85+,0.05634835829434899,0.0,0.14893086904383804
qualifying_event_rate,county,1,male,0-17,0.01778099358074266,0.013419649983487172,0.023431455961517956
qualifying_event_rate,county,1,male,18-44,0.02843505015721424,0.022946395429298334,0.03640321786708344
qualifying_event_rate,county,1,male,45-64,0.037988059175376614,0.031197159405056473,0.04785867511174443
qualifying_event_rate,county,1,male,65-74,0.05579705035064704,0.042449134105828505,0.07353427531988978
qualifying_event_rate,county,1,male,75-84,0.05816775666493935,0.036742148047428105,0.0840997782170651
qualifying_event_rate,county,1,male,85+,0.02429192808750519,0.0,0.0752120738923806
person_years_exposure,county,1,female,0-17,3374.335996382333,3250.422036170461,3457.0851898079263
person_years_exposure,county,1,female,18-44,4518.822341449251,4369.077869976234,4628.457702029291
person_years_exposure,county,1,female,45-64,4072.0646548634713,3883.5327130319088,4195.9231955319765
person_years_exposure,county,1,female,65-74,1139.1101252111716,1026.916857708793,1215.1388338056727
person_years_exposure,county,1,female,75-84,305.8058842700685,249.10692251791684,349.20935293270054
person_years_exposure,county,1,female,85+,18.811125580876862,13.365859231769898,23.651923145321057
person_years_exposure,county,1,female,18-64,8590.886996312722,8264.467362472831,8808.597605960382
person_years_exposure,county,1,female,65+,1463.727135062117,1294.0933377965257,1568.563183599495
mortality_rate,county,1,female,0-17,0.03444065901953594,0.02575127682309686,0.04744262603948216
mortality_rate,county,1,female,18-44,0.03417335937890052,0.026556333552291388,0.04613133780096863
mortality_rate,county,1,female,45-64,0.04865479924161292,0.03830111822420114,0.06563337286049153
mortality_rate,county,1,female,65-74,0.08841483356227683,0.06680917216102915,0.12514047927496175
mortality_rate,county,1,female,75-84,0.17574293818857922,0.12460457333349972,0.2581263290225672
mortality_rate,county,1,female,85+,0.014960201783344198,0.0,0.07465499440301848
qualifying_event_rate,county,1,female,0-17,0.024004867437057723,0.01868983368042164,0.03114287738190628
qualifying_event_rate,county,1,female,18-44,0.02051186041876414,0.016137833302093625,0.0264099106627749
qualifying_event_rate,county,1,female,45-64,0.03425576729292548,0.027710402696207056,0.043872739385144
qualifying_event_rate,county,1,female,65-74,0.06161179295503965,0.048116186869754725,0.08059842099176495
qualifying_event_rate,county,1,female,75-84,0.07320844821390332,0.04977696337207764,0.10437145704984524
qualifying_event_rate,county,1,female,85+,0.025866066497075648,0.0,0.08861112158176734
person_years_exposure,county,2,male,0-17,2951.5329589789976,2869.1002900274116,3036.001336258289
person_years_exposure,county,2,male,18-44,4197.112196823898,4090.113421073048,4295.8559845228265
person_years_exposure,county,2,male,45-64,3613.8712883298253,3514.9563184459585,3685.188945090252
person_years_exposure,county,2,male,65-74,1059.9822580389698,976.7577228795029,1115.6397220539966
person_years_exposure,county,2,male,75-84,347.1107470678432,314.0045713293391,375.7596736900279
person_years_exposure,county,2,male,85+,41.05733679051656,31.698228195007193,50.87997217927507
person_years_exposure,county,2,male,18-64,7810.983485153723,7615.665660828593,7963.678047894073
person_years_exposure,county,2,male,65+,1448.1503418973296,1338.1978749772547,1525.827749729467
mortality_rate,county,2,male,0-17,0.01136541946929643,0.0074399333871316255,0.016436321657995367
mortality_rate,county,2,male,18-44,0.02005994686536196,0.014958968220781469,0.02744736985859054
mortality_rate,county,2,male,45-64,0.02703531494135025,0.020293628887282235,0.03685812289916121
mortality_rate,county,2,male,65-74,0.07612967142601557,0.05654091756175176,0.1064270209917846
mortality_rate,county,2,male,75-84,0.05700902464040906,0.03409666286772164,0.0877462882090072
mortality_rate,county,2,male,85+,0.0282542976223777,0.0,0.0835341668396331
qualifying_event_rate,county,2,male,0-17,0.017135395164702916,0.012446361233914831,0.02278615997674986
qualifying_event_rate,county,2,male,18-44,0.02216867913708859,0.017262608838157594,0.02818688269063729
qualifying_event_rate,county,2,male,45-64,0.028895416597559676,0.023002315545901427,0.03726103694606783
qualifying_event_rate,county,2,male,65-74,0.04519441063676632,0.03383285296485881,0.06067262005438998
qualifying_event_rate,county,2,male,75-84,0.05670388940943132,0.03583648081537286,0.08141955628291216
qualifying_event_rate,county,2,male,85+,0.022227539993742773,0.0,0.06424498781005851
person_years_exposure,county,2,female,0-17,3185.654501930963,3094.210672001914,3275.2329136703725
person_years_exposure,county,2,female,18-44,4380.607688805314,4294.752406268269,4475.162529205876
person_years_exposure,county,2,female,45-64,3504.3363143220986,3413.599589406424,3590.169481430747
person_years_exposure,county,2,female,65-74,896.0641284277774,845.6391978314078,939.6236181716087
person_years_exposure,county,2,female,75-84,386.84445499068,348.2978119408195,421.91454522356986
person_years_exposure,county,2,female,85+,30.447911642703676,23.45778062958796,36.491757469200145
person_years_exposure,county,2,female,18-64,7884.9440031274125,7719.3087541492,8052.377885295212
person_years_exposure,county,2,female,65+,1313.3564950611612,1229.6646770968214,1384.5878871772877
mortality_rate,county,2,female,0-17,0.017752925643920194,0.01256041830811297,0.02477322580255558
mortality_rate,county,2,female,18-44,0.01021659230678692,0.007124559260521213,0.014552569425718491
mortality_rate,county,2,female,45-64,0.021630706282799655,0.01595642578689613,0.029689797722840004
mortality_rate,county,2,female,65-74,0.04660736019756437,0.031585806673686365,0.06533849387535323
mortality_rate,county,2,female,75-84,0.06990669383994415,0.04434614202620532,0.1056782159263532
mortality_rate,county,2,female,85+,0.026468784475630357,0.0,0.08576390284610896
qualifying_event_rate,county,2,female,0-17,0.014100688523432813,0.010124100622049144,0.01899209653961659
qualifying_event_rate,county,2,female,18-44,0.016321044665266186,0.012474167003977688,0.021565216546558335
qualifying_event_rate,county,2,female,45-64,0.032125655606282194,0.025565467436529883,0.0412645788519444
qualifying_event_rate,county,2,female,65-74,0.060084810943684015,0.04559991055781691,0.07873419324120734
qualifying_event_rate,county,2,female,75-84,0.05993993963498029,0.03979093304477014,0.08386140839575558
qualifying_event_rate,county,2,female,85+,0.020282404704156487,0.0,0.06630277549766277
person_years_exposure,county,3,male,0-17,1575.5142626528534,1508.904218328706,1646.752668347215
person_years_exposure,county,3,male,18-44,2029.9474043924536,1961.2757287484285,2106.062348234512
person_years_exposure,county,3,male,45-64,1509.0723166802588,1450.3601976838972,1568.7535366845266
person_years_exposure,county,3,male,65-74,423.63850952135,391.387912596739,454.0420370169475
person_years_exposure,county,3,male,75-84,100.47523046782062,82.19145381380591,118.08276036234322
person_years_exposure,county,3,male,85+,6.35380468377184,4.088917873522193,8.812556643025754
person_years_exposure,county,3,male,18-64,3539.0197210727124,3419.3634255470024,3666.208137132139
person_years_exposure,county,3,male,65+,530.4675446729425,486.52694655843385,574.0404447044161
mortality_rate,county,3,male,0-17,0.010253348546524339,0.005688886321183526,0.016022132796630898
mortality_rate,county,3,male,18-44,0.017486935137796894,0.011328776256850004,0.025301018540508764
mortality_rate,county,3,male,45-64,0.028194059707885293,0.018998815554142706,0.040629663125663816
mortality_rate,county,3,male,65-74,0.044557641270691506,0.026314933263717172,0.06845831846385247
mortality_rate,county,3,male,75-84,0.05182401066668305,0.017850018239381427,0.09691371133757681
mortality_rate,county,3,male,85+,0.014393377215836386,0.0,0.1688610511942804
qualifying_event_rate,county,3,male,0-17,0.023543280004995403,0.016280007807709496,0.03201920382387379
qualifying_event_rate,county,3,male,18-44,0.02600656375973781,0.01937401133783078,0.03424966734414201
qualifying_event_rate,county,3,male,45-64,0.039925190684394304,0.030126994837908146,0.05186714977772316
qualifying_event_rate,county,3,male,65-74,0.055543302203182716,0.03755946455948805,0.07713550959453921
qualifying_event_rate,county,3,male,75-84,0.02318018196590057,0.0,0.050276989273112124
qualifying_event_rate,county,3,male,85+,0.019512822051527334,0.0,0.1385752535734705
person_years_exposure,county,3,female,0-17,1344.5998594038335,1300.4073693302835,1389.1345699611618
person_years_exposure,county,3,female,18-44,1971.9553684433677,1901.4232755259823,2044.0165408130138
person_years_exposure,county,3,female,45-64,1385.7962261281466,1313.0119220227098,1442.6229161389062
person_years_exposure,county,3,female,65-74,401.7073798591623,366.616732339672,429.48336633360606
person_years_exposure,county,3,female,75-84,132.1500609320652,105.41371948496358,157.98426582623955
person_years_exposure,county,3,female,85+,14.481222954997177,3.415878326462799,36.43738813310444
person_years_exposure,county,3,female,18-64,3357.751594571514,3234.6549282232395,3472.556487807621
person_years_exposure,county,3,female,65+,548.3386637462247,487.0951781414626,607.5449964000611
mortality_rate,county,3,female,0-17,0.011993141639662159,0.00667945410603274,0.018493476499217554
mortality_rate,county,3,female,18-44,0.013372820648352992,0.00839825554462055,0.019793586260695765
mortality_rate,county,3,female,45-64,0.05424892310713583,0.038968088032003925,0.07591352295409134
mortality_rate,county,3,female,65-74,0.0466867841564328,0.027524708034088893,0.07211846665571553
mortality_rate,county,3,female,75-84,0.16632113304991114,0.10284174793463151,0.26042158982548924
mortality_rate,county,3,female,85+,0.033285372283486714,0.0,0.16854530950915575
qualifying_event_rate,county,3,female,0-17,0.026889243803379887,0.019021818613402432,0.03650839194593677
qualifying_event_rate,county,3,female,18-44,0.02799385988693051,0.02099095399532224,0.03651323693873835
qualifying_event_rate,county,3,female,45-64,0.0609847136787957,0.04808449426361254,0.07836456765604331
qualifying_event_rate,county,3,female,65-74,0.06552804704836115,0.0455856411126836,0.08933901799307589
qualifying_event_rate,county,3,female,75-84,0.05546285492396501,0.024782634576257206,0.09185306130724037
qualifying_event_rate,county,3,female,85+,0.01870163816808592,0.0,0.09212581893037443
person_years_exposure,county,4,male,0-17,2321.759281107474,2247.669337812572,2400.6819834293183
person_years_exposure,county,4,male,18-44,3254.275354003612,3202.2657872273176,3309.474849803117
person_years_exposure,county,4,male,45-64,2486.671870921579,2391.606004480584,2561.0697632110237
person_years_exposure,county,4,male,65-74,643.1066967478512,578.8848345846075,691.8856203208784
person_years_exposure,county,4,male,75-84,193.2898978067345,157.8552152205584,224.70270781067097
person_years_exposure,county,4,male,85+,13.203427193609315,7.124816997345722,19.767585692085174
person_years_exposure,county,4,male,18-64,5740.94722492519,5610.31773484092,5856.795700546869
person_years_exposure,county,4,male,65+,849.600021748195,752.9615843581805,922.8058698711153
mortality_rate,county,4,male,0-17,0.011941207514749514,0.007737254181669111,0.01727301570805066
mortality_rate,county,4,male,18-44,0.0050803060728743885,0.0030234309121720242,0.007852730709565148
mortality_rate,county,4,male,45-64,0.04338088378243531,0.03257187556974178,0.05960921794451499
mortality_rate,county,4,male,65-74,0.09358320489015189,0.06721925035680482,0.13314148108515217
mortality_rate,county,4,male,75-84,0.16676691730186952,0.11289618171733119,0.2546488005186144
mortality_rate,county,4,male,85+,0.061878727616075054,0.0,0.2308979968976296
qualifying_event_rate,county,4,male,0-17,0.015886138310129427,0.011365663783859059,0.021599532764120483
qualifying_event_rate,county,4,male,18-44,0.02778751421418583,0.021890746554965777,0.03580867519495308
qualifying_event_rate,county,4,male,45-64,0.046644965108831586,0.03747181759640826,0.05949201484005518
qualifying_event_rate,county,4,male,65-74,0.05822302425712509,0.04218773690354728,0.07754945688397819
qualifying_event_rate,county,4,male,75-84,0.0876275792401195,0.05553457100031841,0.12633941761000697
qualifying_event_rate,county,4,male,85+,0.021894336335828615,0.0,0.10786725209073754
person_years_exposure,county,4,female,0-17,2259.724276772853,2209.829777538675,2308.823387473524
person_years_exposure,county,4,female,18-44,3183.081443870604,3128.0630354628447,3238.3617300536002
person_years_exposure,county,4,female,45-64,2533.133757101672,2456.714056136261,2597.4917270075985
person_years_exposure,county,4,female,65-74,669.9239081088712,623.5384613093789,707.3595916256228
person_years_exposure,county,4,female,75-84,157.23880513944303,130.97516166005298,180.379576769764
person_years_exposure,county,4,female,85+,21.751390793237725,14.198863675909992,28.551505068011057
person_years_exposure,county,4,female,18-64,5716.215200972276,5593.423037056641,5821.471166861213
person_years_exposure,county,4,female,65+,848.9141040415519,779.2846075928417,901.9153491429757
mortality_rate,county,4,female,0-17,0.012174596144994826,0.007873198826677889,0.017628145061260647
mortality_rate,county,4,female,18-44,0.012749904484269233,0.008747434822010335,0.018184143755797782
mortality_rate,county,4,female,45-64,0.029032406419053622,0.021101879140373675,0.04019468322996928
mortality_rate,county,4,female,65-74,0.05972903918774954,0.04049203769403237,0.08533654229663043
mortality_rate,county,4,female,75-84,0.15603788934015975,0.10062117710488895,0.23936205907318583
mortality_rate,county,4,female,85+,0.0429239651450099,0.0,0.14379651633009374
qualifying_event_rate,county,4,female,0-17,0.016432452791554704,0.011601930344317337,0.022147473024126903
qualifying_event_rate,county,4,female,18-44,0.03126177913358637,0.02454407785566782,0.04008370657530173
qualifying_event_rate,county,4,female,45-64,0.04612713050728973,0.03716568360472702,0.05839905221926926
qualifying_event_rate,county,4,female,65-74,0.06210842451619453,0.0452780203543486,0.08245164252961314
qualifying_event_rate,county,4,female,75-84,0.0706375947253289,0.038584916571026175,0.10897137356532
qualifying_event_rate,county,4,female,85+,0.02234650768645059,0.0,0.0822524748702537
person_years_exposure,county,5,male,0-17,1674.31409187623,1618.4000945191283,1728.6587228116261
person_years_exposure,county,5,male,18-44,2450.917341385852,2404.6856945143613,2492.0720187784777
person_years_exposure,county,5,male,45-64,2267.8799063041415,2184.8237031161098,2338.056946646683
person_years_exposure,county,5,male,65-74,601.8455414641974,559.0104766762361,638.7817188390408
person_years_exposure,county,5,male,75-84,203.2922830681789,180.037111051522,227.80322109647904
person_years_exposure,county,5,male,85+,16.78563508106343,12.42211218020507,19.409161032148894
person_years_exposure,county,5,male,18-64,4718.797247689994,4600.3663962963365,4818.086420266373
person_years_exposure,county,5,male,65+,821.9234596134397,761.0489367350721,874.5459936791968
mortality_rate,county,5,male,0-17,0.017420263216452764,0.011148444109861617,0.025311114260221177
mortality_rate,county,5,male,18-44,0.013626713824573696,0.008916597110106754,0.019561527871397588
mortality_rate,county,5,male,45-64,0.03688010472027315,0.026987459271751998,0.05156830660409247
mortality_rate,county,5,male,65-74,0.05181058471055642,0.03410989097269692,0.07567689579557703
mortality_rate,county,5,male,75-84,0.06257527955421179,0.033210542457365884,0.10011322107627099
mortality_rate,county,5,male,85+,0.013062052813026121,0.0,0.07014899936706535
qualifying_event_rate,county,5,male,0-17,0.012355222677674988,0.00767917278336916,0.018081735108990228
qualifying_event_rate,county,5,male,18-44,0.013394418786350141,0.009169285243253146,0.01835468691044138
qualifying_event_rate,county,5,male,45-64,0.028440444107934205,0.021407126734433735,0.037196992271919894
qualifying_event_rate,county,5,male,65-74,0.05315804906404032,0.03710582649257423,0.07281569945049991
qualifying_event_rate,county,5,male,75-84,0.02404372349493644,0.007632625748090607,0.04361220749624509
qualifying_event_rate,county,5,male,85+,0.02044419576419012,0.0,0.08495739914637139
person_years_exposure,county,5,female,0-17,1660.365324369748,1614.2820486428507,1702.314563874301
person_years_exposure,county,5,female,18-44,2410.0581998177886,2359.308313180539,2455.099672727429
person_years_exposure,county,5,female,45-64,2418.3767785331693,2359.3958396077837,2468.2138744898934
person_years_exposure,county,5,female,65-74,647.2263930059833,598.2809352490482,689.5856451721404
person_years_exposure,county,5,female,75-84,173.01305893815672,154.46085527353065,189.5590667628141
person_years_exposure,county,5,female,85+,19.5024841893088,15.136457875192956,22.91397138111293
person_years_exposure,county,5,female,18-64,4828.434978350958,4730.090185927189,4908.153402443973
person_years_exposure,county,5,female,65+,839.7419361334488,778.0056533430701,893.0086469872307
mortality_rate,county,5,female,0-17,0.01731634865035721,0.011306104977986047,0.02542850335555775
mortality_rate,county,5,female,18-44,0.015395885656020798,0.010347262619076422,0.022165493774989206
mortality_rate,county,5,female,45-64,0.019580500343900624,0.013794245453061472,0.0278876958092955
mortality_rate,county,5,female,65-74,0.06913440716100873,0.04804880165212149,0.09903803936688874
mortality_rate,county,5,female,75-84,0.047721590987331926,0.021330757149570043,0.08337847666804366
mortality_rate,county,5,female,85+,0.010913798867996835,0.0,0.06178616178402798
qualifying_event_rate,county,5,female,0-17,0.01664172772744365,0.010907321628357584,0.023435865670796387
qualifying_event_rate,county,5,female,18-44,0.030129467220642196,0.02319772227630968,0.039244645542965896
qualifying_event_rate,county,5,female,45-64,0.028321351671385393,0.021451112227435613,0.037101839895131425
qualifying_event_rate,county,5,female,65-74,0.04864904586907523,0.03467696069403771,0.06698643562255972
qualifying_event_rate,county,5,female,75-84,0.06646442219166657,0.03776359518834877,0.10107914621252675
qualifying_event_rate,county,5,female,85+,0.021808820802336593,0.0,0.09180453164333335
person_years_exposure,county,6,male,0-17,2295.8513085064933,2222.439659520012,2356.779031982258
person_years_exposure,county,6,male,18-44,3350.18247309523,3258.9726196456595,3421.957669038709
person_years_exposure,county,6,male,45-64,2739.864355892638,2604.3037969705097,2828.5713739754783
person_years_exposure,county,6,male,65-74,670.5959525121658,614.172848123753,712.8082956219794
person_years_exposure,county,6,male,75-84,218.8508121631505,180.2457462482035,249.8665195166068
person_years_exposure,county,6,male,85+,13.292414347176617,6.641819665742038,20.317906426576634
person_years_exposure,county,6,male,18-64,6090.046828987868,5871.070893989312,6230.032981476614
person_years_exposure,county,6,male,65+,902.739179022493,811.3802310763837,964.4906508385994
mortality_rate,county,6,male,0-17,0.027825539286691712,0.019998858189772508,0.03877664879919845
mortality_rate,county,6,male,18-44,0.025740348167238098,0.019136804470447976,0.0353453821038389
mortality_rate,county,6,male,45-64,0.05361504444656757,0.04112629168350836,0.07303077905990414
mortality_rate,county,6,male,65-74,0.06995041838769503,0.04837377394621022,0.10080809917907316
mortality_rate,county,6,male,75-84,0.19187454230948645,0.13192651428463772,0.28446568093981245
mortality_rate,county,6,male,85+,0.039452821172830034,0.0,0.1813847457569689
qualifying_event_rate,county,6,male,0-17,0.014311650651441597,0.009944764073649772,0.019658301967481164
qualifying_event_rate,county,6,male,18-44,0.015883142547781292,0.011677574857088603,0.020849378844327533
qualifying_event_rate,county,6,male,45-64,0.020690249296677718,0.015362860968416608,0.027244825224202986
qualifying_event_rate,county,6,male,65-74,0.041033784562323004,0.027519680389977708,0.0567586346961892
qualifying_event_rate,county,6,male,75-84,0.0519330474348173,0.027819707281059286,0.08075258574117235
qualifying_event_rate,county,6,male,85+,0.02144962597485883,0.0,0.11021891519977492
person_years_exposure,county,6,female,0-17,2425.6231451796816,2355.0688567117522,2489.481186785394
person_years_exposure,county,6,female,18-44,3176.9824640090997,3111.319655371185,3229.684453858637
person_years_exposure,county,6,female,45-64,2658.850228383942,2551.758673459445,2736.381465014321
person_years_exposure,county,6,female,65-74,680.8220338034555,611.7396832570294,731.0316465334524
person_years_exposure,county,6,female,75-84,224.05394652876942,183.50282850221953,257.9196049271936
person_years_exposure,county,6,female,85+,6.90675629467217,1.4283175979079226,12.747709531690331
person_years_exposure,county,6,female,18-64,5835.832692393042,5677.3731642795265,5954.669714087132
person_years_exposure,county,6,female,65+,911.7827366268971,802.6170446689472,986.6069489448956
mortality_rate,county,6,female,0-17,0.019410886718869192,0.013299377038024952,0.027313573601811716
mortality_rate,county,6,female,18-44,0.017205669214182807,0.012058726012121724,0.024077911576191297
mortality_rate,county,6,female,45-64,0.04371400941108833,0.03306652107904013,0.05935068674814856
mortality_rate,county,6,female,65-74,0.10351472390023725,0.07559032786881129,0.14716165666326766
mortality_rate,county,6,female,75-84,0.1784401832051581,0.12198159917567024,0.26588717038693066
mortality_rate,county,6,female,85+,0.0521634278877413,0.0,0.3058810981925686
qualifying_event_rate,county,6,female,0-17,0.014921664978926004,0.010365293404648177,0.020509557516247987
qualifying_event_rate,county,6,female,18-44,0.017558702963646644,0.012841176868235544,0.023320019393944288
qualifying_event_rate,county,6,female,45-64,0.0323909025316163,0.025304273991658282,0.041779321375943076
qualifying_event_rate,county,6,female,65-74,0.03867108244560808,0.025978586764673437,0.054251679921603777
qualifying_event_rate,county,6,female,75-84,0.051391822052035345,0.02789119131999799,0.07982549077496777
qualifying_event_rate,county,6,female,85+,0.018380747568520085,0.0,0.13051723007674132
person_years_exposure,county,7,male,0-17,1683.9182873172883,1639.803185999462,1725.5998951980432
person_years_exposure,county,7,male,18-44,2055.8333723413525,2003.2802571545606,2098.0119163442055
person_years_exposure,county,7,male,45-64,2360.2308822470154,2281.0178334922357,2419.7139242145176
person_years_exposure,county,7,male,65-74,649.0494985366975,602.0453292255281,687.261342466542
person_years_exposure,county,7,male,75-84,249.13504622117384,219.0144430399088,276.7742193784075
person_years_exposure,county,7,male,85+,11.85830922148742,6.165330019152948,18.052363273727142
person_years_exposure,county,7,male,18-64,4416.0642545883675,4297.679247756401,4504.496669267752
person_years_exposure,county,7,male,65+,910.0428539793587,839.912098894792,967.2545320441387
mortality_rate,county,7,male,0-17,0.016521467217730814,0.010446033383652693,0.02394676074407263
mortality_rate,county,7,male,18-44,0.021708663324412507,0.014983412364962216,0.03041433970162769
mortality_rate,county,7,male,45-64,0.033987256942053956,0.02503996917632214,0.04735703396726396
mortality_rate,county,7,male,65-74,0.05388589142178581,0.03538619644634116,0.07810716172736032
mortality_rate,county,7,male,75-84,0.09455665551864773,0.05822006901162728,0.14304260031036733
mortality_rate,county,7,male,85+,0.03596007877722461,0.0,0.17064087357317326
qualifying_event_rate,county,7,male,0-17,0.014052105636282237,0.009014102393010292,0.020125368614096903
qualifying_event_rate,county,7,male,18-44,0.022417631060250968,0.016546517032298362,0.029463705077993736
qualifying_event_rate,county,7,male,45-64,0.03000236143532883,0.022890217720947455,0.0388354862648823
qualifying_event_rate,county,7,male,65-74,0.043883802330389944,0.02968857109174495,0.059227069158202784
qualifying_event_rate,county,7,male,75-84,0.04612300072432811,0.025570523227962716,0.0702620794034045
qualifying_event_rate,county,7,male,85+,0.017561654584074608,0.0,0.09415167722029563
person_years_exposure,county,7,female,0-17,1703.4297587881983,1648.1749432803765,1748.7150696636786
person_years_exposure,county,7,female,18-44,2267.333480775483,2197.9754337647023,2321.521550696382
person_years_exposure,county,7,female,45-64,2498.107046311288,2405.390783872048,2570.827102559282
person_years_exposure,county,7,female,65-74,672.6919066019022,624.0170162370475,715.25286999273
person_years_exposure,county,7,female,75-84,211.71712040341464,178.5175425424654,239.67385450000683
person_years_exposure,county,7,female,85+,7.558017347320204,4.997136209671203,10.524831793055442
person_years_exposure,county,7,female,18-64,4765.440527086771,4615.317943219452,4876.579711250066
person_years_exposure,county,7,female,65+,891.967044352637,814.7177740612505,953.1021048193662
mortality_rate,county,7,female,0-17,0.02516378845244756,0.017439679033636944,0.0357825114560603
mortality_rate,county,7,female,18-44,0.025028540069716956,0.01786291203063392,0.03531804354499198
mortality_rate,county,7,female,45-64,0.03541157861634597,0.026313131717990334,0.04871118829554396
mortality_rate,county,7,female,65-74,0.06437812050357963,0.044502303937095464,0.09234792144095608
mortality_rate,county,7,female,75-84,0.12655749186058657,0.08152919512241118,0.19339729596251337
mortality_rate,county,7,female,85+,0.012155888000575828,0.0,0.15289868778131185
qualifying_event_rate,county,7,female,0-17,0.0188839488700923,0.013164882241513886,0.02563211060976007
qualifying_event_rate,county,7,female,18-44,0.016184562655820328,0.011244168238103902,0.022203197519017184
qualifying_event_rate,county,7,female,45-64,0.027011663668852083,0.020574915387813107,0.03536090762111415
qualifying_event_rate,county,7,female,65-74,0.04890347621755819,0.034472385499082006,0.06645088905324484
qualifying_event_rate,county,7,female,75-84,0.057731191277163495,0.032271594036686814,0.08625197987734293
qualifying_event_rate,county,7,female,85+,0.026177742376634318,0.0,0.15268566891044777
person_years_exposure,county,8,male,0-17,1845.3878276504618,1793.0493660807851,1893.4073287180822
person_years_exposure,county,8,male,18-44,2709.2477904544485,2642.8903270118544,2763.7597984780577
person_years_exposure,county,8,male,45-64,2236.35057253486,2150.7405506845616,2298.9674363385143
person_years_exposure,county,8,male,65-74,610.2931692075972,570.0961063500893,643.5966912322283
person_years_exposure,county,8,male,75-84,220.0553766096866,189.12277211983616,246.8531068055896
person_years_exposure,county,8,male,85+,14.286975479647648,9.410818360066731,18.763514172354775
person_years_exposure,county,8,male,18-64,4945.598362989309,4808.060517147911,5043.38842656595
person_years_exposure,county,8,male,65+,844.6355212969314,778.8583924617352,895.992027995498
mortality_rate,county,8,male,0-17,0.02039263706787493,0.013806830863750947,0.029051727364763108
mortality_rate,county,8,male,18-44,0.018498922187583734,0.012912203490931407,0.02604319568604397
mortality_rate,county,8,male,45-64,0.040028419168437246,0.030072385508237473,0.05412275043718788
mortality_rate,county,8,male,65-74,0.050163999268581186,0.03320886572676962,0.0726073169496159
mortality_rate,county,8,male,75-84,0.1323010804329521,0.08454032759271167,0.20118834162993635
mortality_rate,county,8,male,85+,0.029643744474603412,0.0,0.13556451756856608
qualifying_event_rate,county,8,male,0-17,0.014641390044904818,0.009634139897817676,0.02040161522464504
qualifying_event_rate,county,8,male,18-44,0.016251483910083596,0.011754209145729685,0.02183352890322753
qualifying_event_rate,county,8,male,45-64,0.021221402706981096,0.015490833989114442,0.027981583788002196
qualifying_event_rate,county,8,male,65-74,0.04150703883046891,0.027829732500455215,0.05710334120443028
qualifying_event_rate,county,8,male,75-84,0.05072417892691574,0.027493889665003143,0.07741856024899153
qualifying_event_rate,county,8,male,85+,0.023440344975102438,0.0,0.09533493889960426
person_years_exposure,county,8,female,0-17,1907.8201252477675,1851.701086885752,1958.3328841013415
person_years_exposure,county,8,female,18-44,2482.962348777674,2435.4883810089495,2522.9984899551373
person_years_exposure,county,8,female,45-64,2360.5240804240825,2282.551137824883,2421.6327076618513
person_years_exposure,county,8,female,65-74,648.5447158496604,595.5950502075317,688.8508318574225
person_years_exposure,county,8,female,75-84,155.82158737710796,131.04445677593813,177.68878238838062
person_years_exposure,county,8,female,85+,24.711706260968388,17.24561760008468,31.299337681761703
person_years_exposure,county,8,female,18-64,4843.486429201756,4727.994706038713,4931.215936434003
person_years_exposure,county,8,female,65+,829.0780094877368,753.332855977183,882.9388441139762
mortality_rate,county,8,female,0-17,0.014159955689738634,0.008882891587058952,0.020459474761158242
mortality_rate,county,8,female,18-44,0.012664630535670551,0.008358708515518077,0.017879852954103954
mortality_rate,county,8,female,45-64,0.030416891436498596,0.02228565013610045,0.042084464084184564
mortality_rate,county,8,female,65-74,0.07635707010497572,0.05238922978288168,0.10958537865193485
mortality_rate,county,8,female,75-84,0.12473506483099939,0.07558450051797463,0.19196912623958817
mortality_rate,county,8,female,85+,0.049603737042685565,0.0,0.14463288951139827
qualifying_event_rate,county,8,female,0-17,0.015186261989052735,0.010388213264587057,0.020915522343795723
qualifying_event_rate,county,8,female,18-44,0.0179284333578052,0.012955953545545087,0.023819559998114463
qualifying_event_rate,county,8,female,45-64,0.03256629991355106,0.024911968351240092,0.041955909620260634
qualifying_event_rate,county,8,female,65-74,0.039676421632760535,0.026682463328888156,0.0550843529121744
qualifying_event_rate,county,8,female,75-84,0.05052825418482625,0.024513179110083966,0.08133961685536734
qualifying_event_rate,county,8,female,85+,0.02333311099259493,0.0,0.07929127963746464
person_years_exposure,county,9,male,0-17,2225.590423273687,2156.3341650264288,2299.878404528807
person_years_exposure,county,9,male,18-44,3048.181396105465,3000.577332340137,3097.35326194195
person_years_exposure,county,9,male,45-64,2871.864840834501,2779.067287963283,2947.478596190314
person_years_exposure,county,9,male,65-74,605.9736278597261,556.7361132971188,647.5514353557116
person_years_exposure,county,9,male,75-84,230.97470522241375,197.30549764469464,262.7534372767462
person_years_exposure,county,9,male,85+,20.11885806072885,11.1918726078807,28.95926853570904
person_years_exposure,county,9,male,18-64,5920.046236939967,5794.086700092556,6033.664901239214
person_years_exposure,county,9,male,65+,857.0671911428686,778.8181689288413,922.3495321580889
mortality_rate,county,9,male,0-17,0.00901248731976746,0.005328183211390245,0.013672538326202362
mortality_rate,county,9,male,18-44,0.003878945814660732,0.001965297359720653,0.0061955364473876146
mortality_rate,county,9,male,45-64,0.03155751098079714,0.023270183417009968,0.04357026329697971
mortality_rate,county,9,male,65-74,0.0729929797914882,0.049580671887588725,0.10456372443501716
mortality_rate,county,9,male,75-84,0.12412823165360715,0.07950365967911753,0.18725201196214145
mortality_rate,county,9,male,85+,0.04903695532251743,0.0,0.15884719127637076
qualifying_event_rate,county,9,male,0-17,0.01673954502327071,0.012068898956466591,0.02283207135803163
qualifying_event_rate,county,9,male,18-44,0.029330533041924206,0.02316084761477673,0.037209127586262616
qualifying_event_rate,county,9,male,45-64,0.048567738455344636,0.03959004538019737,0.061308895125485055
qualifying_event_rate,county,9,male,65-74,0.062014417517191035,0.045222147102063556,0.08317473975455913
qualifying_event_rate,county,9,male,75-84,0.09001672463468019,0.06000024781360903,0.12555281335659088
qualifying_event_rate,county,9,male,85+,0.022379850225531447,0.0,0.08490024785980432
person_years_exposure,county,9,female,0-17,2183.4522617268003,2136.329832970865,2231.9516759136322
person_years_exposure,county,9,female,18-44,2981.618280620309,2934.835674994329,3029.2323414712723
person_years_exposure,county,9,female,45-64,2653.7830224909667,2580.4992597554815,2713.970444553299
person_years_exposure,county,9,female,65-74,754.3356545525813,712.1618195512818,789.0362186462094
person_years_exposure,county,9,female,75-84,202.0692132118771,174.32132501162212,225.98146772947945
person_years_exposure,county,9,female,85+,19.916559891450444,13.349556937420443,25.600074348147484
person_years_exposure,county,9,female,18-64,5635.401303111275,5527.369047291177,5731.782937374051
person_years_exposure,county,9,female,65+,976.3214276559089,910.0854441806324,1027.2402416358798
mortality_rate,county,9,female,0-17,0.009175013109357649,0.00546249021274173,0.01388261568914844
mortality_rate,county,9,female,18-44,0.009652568078403525,0.006318424374719302,0.013960913798837366
mortality_rate,county,9,female,45-64,0.022799851706868757,0.016256887345094357,0.0315410044337178
mortality_rate,county,9,female,65-74,0.0431905985074069,0.028014622691100832,0.06321726377584942
mortality_rate,county,9,female,75-84,0.1176128233006834,0.07301896139127001,0.17594562567493754
mortality_rate,county,9,female,85+,0.029961524043284376,0.0,0.12277153504457962
qualifying_event_rate,county,9,female,0-17,0.017363602731697247,0.012182661288224665,0.023514908526987205
qualifying_event_rate,county,9,female,18-44,0.03291538488314885,0.02602116089410985,0.04210451325417512
qualifying_event_rate,county,9,female,45-64,0.04900746394073093,0.040027514537059036,0.061304526960334914
qualifying_event_rate,county,9,female,65-74,0.06435012114349783,0.04856129194569884,0.08358952645554633
qualifying_event_rate,county,9,female,75-84,0.0728143955388948,0.04401786302341889,0.10747075400528365
qualifying_event_rate,county,9,female,85+,0.022865465067450824,0.0,0.09236372848423897
person_years_exposure,county,10,male,0-17,557.2821967672863,527.253149967553,587.9228494764471
person_years_exposure,county,10,male,18-44,741.8748624399885,701.7845861241456,777.0682973582996
person_years_exposure,county,10,male,45-64,841.431114314032,787.129546643716,884.3338162264786
person_years_exposure,county,10,male,65-74,176.45343662218508,140.7349468516721,203.51223422287288
person_years_exposure,county,10,male,75-84,84.10508452312679,63.015285029615164,103.18028807063057
person_years_exposure,county,10,male,85+,8.408403133335872,3.3089222284541546,13.076020731728173
person_years_exposure,county,10,male,18-64,1583.3059767540205,1491.52058249597,1649.850410466084
person_years_exposure,county,10,male,65+,268.96692427864775,215.94991845765435,306.8130972322874
mortality_rate,county,10,male,0-17,0.02923597728060036,0.01701199003588469,0.0447122768544329
mortality_rate,county,10,male,18-44,0.051408345536723646,0.03502304190732678,0.07377712222371474
mortality_rate,county,10,male,45-64,0.06859241985703773,0.049613389935070404,0.09582372700782801
mortality_rate,county,10,male,65-74,0.2138036562242644,0.14796962283191908,0.32119760118589674
mortality_rate,county,10,male,75-84,0.14392236702768482,0.07898428821881148,0.24616301776657237
mortality_rate,county,10,male,85+,0.05526973266002786,0.0,0.3491923807808927
qualifying_event_rate,county,10,male,0-17,0.017823316885265096,0.008903874534123474,0.027757753821463078
qualifying_event_rate,county,10,male,18-44,0.023185476625919934,0.013734335648181635,0.03392440591563271
qualifying_event_rate,county,10,male,45-64,0.030601025950649237,0.020528706458543145,0.042801031129484135
qualifying_event_rate,county,10,male,65-74,0.05040182116460346,0.024560709442886082,0.08206824874479988
qualifying_event_rate,county,10,male,75-84,0.061004912002621745,0.02322994116941355,0.10527639580807069
qualifying_event_rate,county,10,male,85+,0.02272817247141057,0.0,0.13764560147839086
person_years_exposure,county,10,female,0-17,645.9732827740299,605.1459333536077,681.9423009792882
person_years_exposure,county,10,female,18-44,930.5906739190227,895.8194386555007,964.9224633544177
person_years_exposure,county,10,female,45-64,912.455145137189,861.7180772821248,953.4264495726809
person_years_exposure,county,10,female,65-74,243.33124987472715,211.6926789232182,269.73365321560317
person_years_exposure,county,10,female,75-84,65.25345165620838,47.74990873339249,81.62911582847403
person_years_exposure,county,10,female,85+,2.9707374533923034,0.002246667853769239,5.301489536896551
person_years_exposure,county,10,female,18-64,1843.0458190562117,1767.3324737199785,1906.620845717598
person_years_exposure,county,10,female,65+,311.55543898432785,266.57559960544455,347.47962465372035
mortality_rate,county,10,female,0-17,0.04521247379180694,0.02916417314068971,0.0671356511048
mortality_rate,county,10,female,18-44,0.027161058162856074,0.01735854018784127,0.0401404218014903
mortality_rate,county,10,female,45-64,0.053877511860734945,0.038099350885188364,0.07681118195085473
mortality_rate,county,10,female,65-74,0.1268908880178682,0.08272040354884871,0.18843436516559947
mortality_rate,county,10,female,75-84,0.1592655188930714,0.08222357510676166,0.27462219688449735
mortality_rate,county,10,female,85+,0.060056135313028045,0.0,0.6535545969833036
qualifying_event_rate,county,10,female,0-17,0.014602194006815523,0.0072656468001791675,0.023501153278798998
qualifying_event_rate,county,10,female,18-44,0.01686591823077875,0.00969047342851744,0.024970692186615795
qualifying_event_rate,county,10,female,45-64,0.03332465212159283,0.02279879994817426,0.045159089679268384
qualifying_event_rate,county,10,female,65-74,0.06475603882191891,0.038788172437311336,0.09521504668899886
qualifying_event_rate,county,10,female,75-84,0.05811497773967548,0.016334331483081076,0.10759596435197463
qualifying_event_rate,county,10,female,85+,0.021014210861164093,0.0,0.2056782591335814
person_years_exposure,county,11,male,0-17,1254.9280380296843,1212.0997164712826,1297.849423557833
person_years_exposure,county,11,male,18-44,1863.4220278416897,1804.3607557147707,1914.7895958238767
person_years_exposure,county,11,male,45-64,1721.9089399840175,1662.6878847226365,1768.8844824690386
person_years_exposure,county,11,male,65-74,456.3790631364065,407.28267792852694,493.19621273015304
person_years_exposure,county,11,male,75-84,121.9943737037216,100.49959067140654,139.6552350672262
person_years_exposure,county,11,male,85+,1.8117205964680985,0.1038411310063175,3.371048418946148
person_years_exposure,county,11,male,18-64,3585.3309678257074,3476.297310054188,3669.4829241139855
person_years_exposure,county,11,male,65+,580.1851574365962,517.6229930613716,627.5800007433953
mortality_rate,county,11,male,0-17,0.01454147753673441,0.008287895026179997,0.02246720043723762
mortality_rate,county,11,male,18-44,0.025383040287998784,0.017807158566445474,0.03578820404337237
mortality_rate,county,11,male,45-64,0.03500866792747445,0.025378589144513988,0.04855479676334743
mortality_rate,county,11,male,65-74,0.10046506869838066,0.06931889418952596,0.14431470942978566
mortality_rate,county,11,male,75-84,0.0755097054038722,0.0366341039681589,0.12987692034922213
mortality_rate,county,11,male,85+,0.027328150328352327,0.0,0.19303339845080988
qualifying_event_rate,county,11,male,0-17,0.017386909530637987,0.011128302605391197,0.024619709296141833
qualifying_event_rate,county,11,male,18-44,0.02286803114488579,0.016424592772819862,0.03058717878067606
qualifying_event_rate,county,11,male,45-64,0.030085897446894518,0.022496421721736166,0.03949524970266429
qualifying_event_rate,county,11,male,65-74,0.04726289022361137,0.03003271009510871,0.06701958871486566
qualifying_event_rate,county,11,male,75-84,0.05833151493538211,0.02468634857642549,0.09551024089677548
qualifying_event_rate,county,11,male,85+,0.015886308417897115,0.0,0.015886308417897115
person_years_exposure,county,11,female,0-17,1305.6578369648569,1256.6832513251886,1352.5022267762472
person_years_exposure,county,11,female,18-44,1865.5688207564422,1820.3014844971383,1912.8510826256538
person_years_exposure,county,11,female,45-64,1661.0925067178541,1607.1304942485008,1707.676212930633
person_years_exposure,county,11,female,65-74,533.8554781547266,493.88237292610285,568.422971625546
person_years_exposure,county,11,female,75-84,134.2255785802184,113.56497460842995,153.76945386826765
person_years_exposure,county,11,female,85+,2.8188182772529062,0.006692922677055836,4.811863458538588
person_years_exposure,county,11,female,18-64,3526.6613274742963,3438.2844326495037,3611.44172950932
person_years_exposure,county,11,female,65+,670.899875012198,618.2558681600204,715.9016800123737
mortality_rate,county,11,female,0-17,0.02258986088944517,0.014515628741369599,0.033619505706280806
mortality_rate,county,11,female,18-44,0.01307662771333946,0.008366758776714067,0.019083102232288304
mortality_rate,county,11,female,45-64,0.02745892611145071,0.01902475901139664,0.03892749658608423
mortality_rate,county,11,female,65-74,0.05978946947676853,0.038858877837244656,0.08662102293829572
mortality_rate,county,11,female,75-84,0.08421116356069604,0.04411808384693489,0.1405108110815694
mortality_rate,county,11,female,85+,0.026906388385775706,0.0,0.33909575797381025
qualifying_event_rate,county,11,female,0-17,0.014661999603204823,0.009144932871364047,0.02149019744518654
qualifying_event_rate,county,11,female,18-44,0.01672328157729812,0.01134102708891004,0.02257709002444235
qualifying_event_rate,county,11,female,45-64,0.033186266026189626,0.02497488552022053,0.044020566965653304
qualifying_event_rate,county,11,female,65-74,0.061532960286371154,0.04395990588965647,0.08186835663898016
qualifying_event_rate,county,11,female,75-84,0.05999307336151225,0.029471358777846204,0.09485499352588363
qualifying_event_rate,county,11,female,85+,0.016048416577111334,0.0,0.016048416577111334
person_years_exposure,county,12,male,0-17,360.203905510868,336.6895354793279,382.11798830500413
person_years_exposure,county,12,male,18-44,435.08116801749924,410.26694769438745,456.4164616706608
person_years_exposure,county,12,male,45-64,386.014961089422,352.5467043140065,414.7058742191883
person_years_exposure,county,12,male,65-74,99.18899980123855,79.77958100417554,115.7101617822423
person_years_exposure,county,12,male,75-84,6.233015378989205,2.4336641622537467,10.523635584685275
person_years_exposure,county,12,male,85+,0.05438545047784427,0.007235686360196601,0.15161298013668015
person_years_exposure,county,12,male,18-64,821.0961291069212,770.846531150301,861.3956054081277
person_years_exposure,county,12,male,65+,105.4764006307056,85.10516418999742,122.62830136886635
mortality_rate,county,12,male,0-17,0.04773440339716599,0.028315381403264693,0.07332827909457608
mortality_rate,county,12,male,18-44,0.04422955136596329,0.026426124385620427,0.06715360419386848
mortality_rate,county,12,male,45-64,0.09152350721234723,0.06150717298818508,0.12895437974064006
mortality_rate,county,12,male,65-74,0.11119265056248878,0.0577578491875172,0.18601898945801953
mortality_rate,county,12,male,75-84,0.2678548310463034,0.08457905817077109,0.847585530379794
mortality_rate,county,12,male,85+,0.003604693313132001,0.0,0.003604693313132001
qualifying_event_rate,county,12,male,0-17,0.014708105070654695,0.005411573637166305,0.026665106036308013
qualifying_event_rate,county,12,male,18-44,0.01598258811053632,0.006780313038168587,0.026182321229655275
qualifying_event_rate,county,12,male,45-64,0.021585918596159017,0.010052630422862358,0.03497952739372705
qualifying_event_rate,county,12,male,65-74,0.04138367074421198,0.011009392707180814,0.07482960636423987
qualifying_event_rate,county,12,male,75-84,0.04695701414397622,0.0,0.22562807765769657
qualifying_event_rate,county,12,male,85+,0.0,0.0,0.0
person_years_exposure,county,12,female,0-17,292.06039090227273,272.4839396749021,310.80742164837227
person_years_exposure,county,12,female,18-44,501.3519690192173,478.388485545206,520.628432361765
person_years_exposure,county,12,female,45-64,398.1838731464621,368.30208272320687,424.7807235222528
person_years_exposure,county,12,female,65-74,103.62980676696351,81.02251683670283,123.08947326335613
person_years_exposure,county,12,female,75-84,18.18678526113625,10.722070924631032,26.246860688668207
person_years_exposure,county,12,female,85+,1.2394511862941062,0.015172672757412674,3.744632550562257
person_years_exposure,county,12,female,18-64,899.5358421656794,853.750085862457,936.0504187634659
person_years_exposure,county,12,female,65+,123.05604321439387,97.45715700497009,145.88569838209304
mortality_rate,county,12,female,0-17,0.033262834909255974,0.01622577176835943,0.05563658654420922
mortality_rate,county,12,female,18-44,0.029349705285323425,0.01579291037355063,0.046166906554524066
mortality_rate,county,12,female,45-64,0.07895523758275871,0.052395312469902935,0.1122125532428112
mortality_rate,county,12,female,65-74,0.16778399830777438,0.10163944396767972,0.2661675973894269
mortality_rate,county,12,female,75-84,0.2828541558375545,0.12694940285359319,0.5907463623698549
mortality_rate,county,12,female,85+,0.07899720253288882,0.0,0.6262208270796242
qualifying_event_rate,county,12,female,0-17,0.01547665714780194,0.0035443835715587694,0.028831170212185897
qualifying_event_rate,county,12,female,18-44,0.017836910161582613,0.008048846113060245,0.028364556804556944
qualifying_event_rate,county,12,female,45-64,0.03433344933005213,0.01999484397413523,0.05127599337280733
qualifying_event_rate,county,12,female,65-74,0.04017456332422064,0.009746286917441888,0.07499845099981962
qualifying_event_rate,county,12,female,75-84,0.052612550957206114,0.0,0.14972705313769236
qualifying_event_rate,county,12,female,85+,0.019627704501476814,0.0,0.019627704501476814
person_years_exposure,county,13,male,0-17,697.2069726340279,664.1262611783064,729.0483007033425
person_years_exposure,county,13,male,18-44,1076.6163813230016,1048.6223763565142,1102.230032359564
person_years_exposure,county,13,male,45-64,1130.9290421876965,1067.1471945398484,1179.5620787561172
person_years_exposure,county,13,male,65-74,258.40556659475936,229.96362521031878,283.4466350817806
person_years_exposure,county,13,male,75-84,100.37668836203805,83.09968128274478,116.45325024114584
person_years_exposure,county,13,male,85+,6.1831761415587305,2.1204999836972322,9.659206506128275
person_years_exposure,county,13,male,18-64,2207.545423510698,2125.087338085014,2272.0242473961057
person_years_exposure,county,13,male,65+,364.96543109835613,322.83289250565724,400.4135106936052
mortality_rate,county,13,male,0-17,0.025288976259649647,0.014212425266004164,0.03949366865192428
mortality_rate,county,13,male,18-44,0.018955960547738186,0.011067965397553751,0.028521926032802212
mortality_rate,county,13,male,45-64,0.05641147566173962,0.041221663455244424,0.07911276063471437
mortality_rate,county,13,male,65-74,0.07356340969224066,0.04315558713888313,0.11377051452195157
mortality_rate,county,13,male,75-84,0.09055753549165635,0.043302269577444125,0.1591530645613468
mortality_rate,county,13,male,85+,0.015514473025618975,0.0,0.15159690702560857
qualifying_event_rate,county,13,male,0-17,0.013384179067366034,0.006900939235148784,0.02099079454923244
qualifying_event_rate,county,13,male,18-44,0.014446511703422555,0.008352704872981224,0.021523650726039536
qualifying_event_rate,county,13,male,45-64,0.031515413674000195,0.022055042884865976,0.04283323152029385
qualifying_event_rate,county,13,male,65-74,0.05688944281844375,0.03413289047772113,0.08439693998923521
qualifying_event_rate,county,13,male,75-84,0.026290253266704935,0.0,0.05362365518176144
qualifying_event_rate,county,13,male,85+,0.021155865086099047,0.0,0.15894159006347405
person_years_exposure,county,13,female,0-17,723.7362352277974,694.1909279728651,752.5291036265447
person_years_exposure,county,13,female,18-44,1099.7227620395217,1065.534612755564,1128.797488786573
person_years_exposure,county,13,female,45-64,998.0937324058694,961.4185862954131,1031.343542481923
person_years_exposure,county,13,female,65-74,251.54374590571913,222.2053962507378,276.6817590458026
person_years_exposure,county,13,female,75-84,114.04105683088198,97.69684110176475,128.95930481866617
person_years_exposure,county,13,female,85+,0.8049895007723445,0.003134418976991282,1.5387959445221442
person_years_exposure,county,13,female,18-64,2097.816494445391,2038.3249549776037,2150.71808258899
person_years_exposure,county,13,female,65+,366.38979223737346,327.4369506554051,398.99028607844224
mortality_rate,county,13,female,0-17,0.0254022918716404,0.014780238505466451,0.03882710418620656
mortality_rate,county,13,female,18-44,0.021802455504641025,0.013376629538009902,0.03243169623539585
mortality_rate,county,13,female,45-64,0.0300763765907939,0.01992648476662423,0.043793437752817764
mortality_rate,county,13,female,65-74,0.1026839179416306,0.06574035890293366,0.15508359291314572
mortality_rate,county,13,female,75-84,0.06134642633986938,0.024593466347088484,0.10896611934397255
mortality_rate,county,13,female,85+,0.017454309127481513,0.0,0.017454309127481513
qualifying_event_rate,county,13,female,0-17,0.017996322882733645,0.009711166222879968,0.027235078011776288
qualifying_event_rate,county,13,female,18-44,0.03265396685202197,0.023257424639618968,0.04404685298099846
qualifying_event_rate,county,13,female,45-64,0.030758194331834347,0.021319180194273153,0.04187729805618762
qualifying_event_rate,county,13,female,65-74,0.05327959035704607,0.030940274143399168,0.08017836057361934
qualifying_event_rate,county,13,female,75-84,0.07063780123292704,0.036053414260169225,0.11123027628245875
qualifying_event_rate,county,13,female,85+,0.02002273612117335,0.0,0.02002273612117335
person_years_exposure,county,14,male,0-17,276.4656300897695,254.8827791558626,296.40501846712334
person_years_exposure,county,14,male,18-44,319.5006867925329,300.8762231259413,335.09198871186885
person_years_exposure,county,14,male,45-64,344.2247918468772,309.9237444908831,373.68717441335724
person_years_exposure,county,14,male,65-74,96.32479560426486,76.44680936976003,114.30471396736382
person_years_exposure,county,14,male,75-84,35.809690841723246,24.59505186332578,46.50742938344016
person_years_exposure,county,14,male,85+,0.707216763331508,0.0017921353745077822,2.065937889331695
person_years_exposure,county,14,male,18-64,663.7254786394101,616.963834214409,701.943708759399
person_years_exposure,county,14,male,65+,132.8417032093196,105.8796727780322,156.79455654052862
mortality_rate,county,14,male,0-17,0.04672483456406808,0.0243915998327683,0.0744999977792909
mortality_rate,county,14,male,18-44,0.037887671581505404,0.02062436330219444,0.06177847933418336
mortality_rate,county,14,male,45-64,0.09840086851389637,0.06597655537999801,0.1426296451229677
mortality_rate,county,14,male,65-74,0.1531682885252984,0.08715697496099227,0.2509582999144511
mortality_rate,county,14,male,75-84,0.16581384433826296,0.07013512415080003,0.31862646274712064
mortality_rate,county,14,male,85+,0.02228166503494452,0.0,0.02228166503494452
qualifying_event_rate,county,14,male,0-17,0.013115267287880055,0.003475889086139712,0.02585988618488329
qualifying_event_rate,county,14,male,18-44,0.014403504129973018,0.0032845523338702392,0.0259050699649537
qualifying_event_rate,county,14,male,45-64,0.031012647104557256,0.016788858708790638,0.04815086770618716
qualifying_event_rate,county,14,male,65-74,0.06106648220273301,0.02401878479577511,0.10561624690615026
qualifying_event_rate,county,14,male,75-84,0.025874280356043826,0.0,0.07706691923915643
qualifying_event_rate,county,14,male,85+,0.02464246287464328,0.0,0.02464246287464328
person_years_exposure,county,14,female,0-17,243.94722538433908,224.56457151881924,260.8477456555482
person_years_exposure,county,14,female,18-44,286.43429749308933,267.8731971120498,302.57631422317024
person_years_exposure,county,14,female,45-64,337.5500078601818,311.4901740427554,358.5506420783615
person_years_exposure,county,14,female,65-74,107.78109769038852,86.667185216093,127.17378323425727
person_years_exposure,county,14,female,75-84,46.00149359851401,33.2650359003071,57.68924962868233
person_years_exposure,county,14,female,85+,3.64975323570774,2.2995307255630344,4.616481001950166
person_years_exposure,county,14,female,18-64,623.9843053532711,587.2161323085842,653.936059501862
person_years_exposure,county,14,female,65+,157.43234452461027,129.26759555991893,182.32500553253422
mortality_rate,county,14,female,0-17,0.04687563127674297,0.023743559834899036,0.07677544836695749
mortality_rate,county,14,female,18-44,0.04277538780665794,0.02306587965161763,0.06913232575183569
mortality_rate,county,14,female,45-64,0.058925487150397665,0.034854295815914864,0.09008841020409333
mortality_rate,county,14,female,65-74,0.17609445187585898,0.10494541518887744,0.28040446738763675
mortality_rate,county,14,female,75-84,0.11510580082383087,0.04157043353026266,0.22701821709006836
mortality_rate,county,14,female,85+,0.020944012148421367,0.0,0.2822694559704042
qualifying_event_rate,county,14,female,0-17,0.017749011036299913,0.004225543531183962,0.033000946320710586
qualifying_event_rate,county,14,female,18-44,0.032393739829778535,0.016656081574350272,0.05217772843311008
qualifying_event_rate,county,14,female,45-64,0.0310442143853354,0.016665080570210315,0.04795154618783795
qualifying_event_rate,county,14,female,65-74,0.05365799022341491,0.021253452177450918,0.09401117919499162
qualifying_event_rate,county,14,female,75-84,0.06831592839866578,0.01948364386208447,0.13002323223252474
qualifying_event_rate,county,14,female,85+,0.018252745890005608,0.0,0.18513887110639782
person_years_exposure,county,15,male,0-17,1503.3457611532244,1449.5955562545428,1555.8810856618686
person_years_exposure,county,15,male,18-44,2183.3404848568352,2135.360854091104,2226.943778826389
person_years_exposure,county,15,male,45-64,1755.5354751470368,1667.3684641115194,1824.1036819908181
person_years_exposure,county,15,male,65-74,426.3551613772469,385.02705953864586,460.6173768646908
person_years_exposure,county,15,male,75-84,113.28586084361817,94.13456593570679,130.75425424429412
person_years_exposure,county,15,male,85+,2.3335127608008017,0.0021289849306340507,3.83996739651144
person_years_exposure,county,15,male,18-64,3938.875960003872,3812.354670482292,4038.9007018385555
person_years_exposure,county,15,male,65+,541.9745349816658,490.5018408577481,585.3869144746279
mortality_rate,county,15,male,0-17,0.02293906861189811,0.015129990377201776,0.03317099300802058
mortality_rate,county,15,male,18-44,0.017584552969422674,0.011805169763806979,0.025219201593084772
mortality_rate,county,15,male,45-64,0.04887998453452662,0.03547648217000191,0.06795831197442961
mortality_rate,county,15,male,65-74,0.06899628560017072,0.0444510232267078,0.10194873822733501
mortality_rate,county,15,male,75-84,0.07777190198078587,0.03706904498058665,0.13671987804466712
mortality_rate,county,15,male,85+,0.010465379267616105,0.0,0.010465379267616105
qualifying_event_rate,county,15,male,0-17,0.013407269464935605,0.008411742254317827,0.01999139915373783
qualifying_event_rate,county,15,male,18-44,0.014645468519029821,0.010060716138583658,0.02012530831555922
qualifying_event_rate,county,15,male,45-64,0.031297764536998646,0.023305219879467168,0.04153400162596852
qualifying_event_rate,county,15,male,65-74,0.057916968206958845,0.038940117012214115,0.07986430285566504
qualifying_event_rate,county,15,male,75-84,0.025242507520603974,0.0,0.050971834032529396
qualifying_event_rate,county,15,male,85+,0.021535384454284774,0.0,0.24704255014938695
person_years_exposure,county,15,female,0-17,1575.7878727892057,1527.7515741021423,1619.4634942905095
person_years_exposure,county,15,female,18-44,2164.9595784789417,2110.5890146512406,2210.299881845236
person_years_exposure,county,15,female,45-64,2018.853634362802,1958.8493997807473,2070.0072354599515
person_years_exposure,county,15,female,65-74,431.41322568232783,387.96857464845687,466.6318628660681
person_years_exposure,county,15,female,75-84,135.65757624927136,118.50627009653579,150.74838805225906
person_years_exposure,county,15,female,85+,8.03250496189488,3.855949343254048,11.33718937073816
person_years_exposure,county,15,female,18-64,4183.813212841744,4079.5719734190607,4266.436655605522
person_years_exposure,county,15,female,65+,575.103306893494,520.8695805366641,620.1685013448572
mortality_rate,county,15,female,0-17,0.02307780335425558,0.01540458618898809,0.03323014801820022
mortality_rate,county,15,female,18-44,0.019649394662823397,0.013573711414623024,0.027908863294604024
mortality_rate,county,15,female,45-64,0.02507973998557392,0.017566347524533246,0.035393650101133385
mortality_rate,county,15,female,65-74,0.09427973299246424,0.0645912719107792,0.1368185914255681
mortality_rate,county,15,female,75-84,0.06017839157808412,0.027081441654073675,0.10563051166724814
mortality_rate,county,15,female,85+,0.013711137874992122,0.0,0.13479122222621054
qualifying_event_rate,county,15,female,0-17,0.018436028118320347,0.012443430110011694,0.0253849575442307
qualifying_event_rate,county,15,female,18-44,0.032883614076385036,0.02532863323026064,0.04309603470397388
qualifying_event_rate,county,15,female,45-64,0.030935670016247686,0.023358221824448012,0.04060775642387049
qualifying_event_rate,county,15,female,65-74,0.053947953913660494,0.035006041647070434,0.07684997509257499
qualifying_event_rate,county,15,female,75-84,0.07205213677811291,0.03703271767412301,0.1105524762221231
qualifying_event_rate,county,15,female,85+,0.020505280880375544,0.0,0.1327466420335549
person_years_exposure,county,16,male,0-17,484.55804190665543,462.04669031314523,504.97281390032765
person_years_exposure,county,16,male,18-44,536.3951869413535,513.806028317978,555.1309906041843
person_years_exposure,county,16,male,45-64,692.3241497807307,653.0220347248102,723.3063101002202
person_years_exposure,county,16,male,65-74,170.9539892458107,150.6132508965856,190.84892578846421
person_years_exposure,county,16,male,75-84,47.66626886878574,36.38940305449937,57.852095485851784
person_years_exposure,county,16,male,85+,1.8176298499896146,0.041616123774129064,3.975444242978143
person_years_exposure,county,16,male,18-64,1228.7193367220843,1177.737432086265,1269.1310093594616
person_years_exposure,county,16,male,65+,220.43788796458605,192.98929884737194,244.48630168376326
mortality_rate,county,16,male,0-17,0.022562070266778745,0.012017574062919052,0.036885619170856004
mortality_rate,county,16,male,18-44,0.030250916774790273,0.016461741803361372,0.0463963653109985
mortality_rate,county,16,male,45-64,0.048649815399569564,0.03211214475318236,0.07081964499757225
mortality_rate,county,16,male,65-74,0.07778973753096449,0.0428408745693443,0.1267140771377983
mortality_rate,county,16,male,75-84,0.12692355167479075,0.055536717719211225,0.2313383693629156
mortality_rate,county,16,male,85+,0.04236673904791806,0.0,0.4250016787734351
qualifying_event_rate,county,16,male,0-17,0.01688588256645143,0.008049088981962809,0.027660310935548573
qualifying_event_rate,county,16,male,18-44,0.027239841462210153,0.015954088968649322,0.04052548645759612
qualifying_event_rate,county,16,male,45-64,0.03650137923958764,0.02454799004020498,0.050572763142574355
qualifying_event_rate,county,16,male,65-74,0.0530489337523356,0.02689858741770837,0.08476434343887962
qualifying_event_rate,county,16,male,75-84,0.05254244980163919,0.0,0.10697242137123666
qualifying_event_rate,county,16,male,85+,0.015917155142814648,0.0,0.015917155142814648
person_years_exposure,county,16,female,0-17,491.4135664208829,465.5679679586425,515.6916721961468
person_years_exposure,county,16,female,18-44,612.2193030601144,585.1972144583495,635.167553590412
person_years_exposure,county,16,female,45-64,639.2484584188063,605.6351476954931,667.919644618927
person_years_exposure,county,16,female,65-74,174.26357617029808,152.1144066985655,193.8391208895791
person_years_exposure,county,16,female,75-84,69.41063258054652,53.118304805656244,85.005266124599
person_years_exposure,county,16,female,85+,1.3768622800562773,0.0020208207602884286,3.4674160390539224
person_years_exposure,county,16,female,18-64,1251.4677614789207,1198.3924565317684,1293.929561204823
person_years_exposure,county,16,female,65+,245.05107103090089,212.87344431935182,273.00741603994487
mortality_rate,county,16,female,0-17,0.034547220316461284,0.019785253089541436,0.05369507204489217
mortality_rate,county,16,female,18-44,0.03310725238346476,0.02025137278043549,0.049030222962352904
mortality_rate,county,16,female,45-64,0.04766581226582095,0.031675916852504565,0.06928815501371093
mortality_rate,county,16,female,65-74,0.08893198654438174,0.049839926870968256,0.14096568147248673
mortality_rate,county,16,female,75-84,0.16570563941010996,0.08888621101866144,0.277067382457223
mortality_rate,county,16,female,85+,0.01649715552190276,0.0,0.01649715552190276
qualifying_event_rate,county,16,female,0-17,0.022590650070640386,0.011833164567816743,0.03483910791550229
qualifying_event_rate,county,16,female,18-44,0.019342747851080196,0.010029718708876458,0.029625641269373792
qualifying_event_rate,county,16,female,45-64,0.032454195896847844,0.020620375601082958,0.045710642977783496
qualifying_event_rate,county,16,female,65-74,0.059344979660219635,0.03254684480510468,0.09137318704603092
qualifying_event_rate,county,16,female,75-84,0.0679402713897867,0.02474945237012568,0.11738966798339859
qualifying_event_rate,county,16,female,85+,0.021600149336438633,0.0,0.021600149336438633
person_years_exposure,state,0,male,0-17,6591.755333380837,6426.338145365017,6718.397560573874
person_years_exposure,state,0,male,18-44,9777.97520846265,9552.028354120748,9950.670866219712
person_years_exposure,state,0,male,45-64,7440.196494025646,7145.641460426877,7618.510894458157
person_years_exposure,state,0,male,65-74,2031.984590826935,1901.0194728719118,2117.898240710749
person_years_exposure,state,0,male,75-84,620.91033252752,544.2029874970377,680.3597081981305
person_years_exposure,state,0,male,85+,43.75620815550549,33.077434536883004,54.426958532795055
person_years_exposure,state,0,male,18-64,17218.171702488296,16710.532424164878,17537.906795500257
person_years_exposure,state,0,male,65+,2696.6511315099606,2496.5543211235013,2827.7851334163106
mortality_rate,state,0,male,0-17,0.02329803976919203,0.017966094794827372,0.03152646555601249
mortality_rate,state,0,male,18-44,0.021038821769935465,0.016493023800954833,0.02842862528162879
mortality_rate,state,0,male,45-64,0.045327624819269885,0.03606326116070835,0.060254976852181986
mortality_rate,state,0,male,65-74,0.056295053002990744,0.04206358899650258,0.07738866219268156
mortality_rate,state,0,male,75-84,0.14867940007735742,0.11153205418266396,0.20814975257245188
mortality_rate,state,0,male,85+,0.0339503908104503,0.0,0.0896010042216011
qualifying_event_rate,state,0,male,0-17,0.014086172755670373,0.01094946854167028,0.018158076228733305
qualifying_event_rate,state,0,male,18-44,0.015620306847463218,0.012595157466892768,0.019810556840303997
qualifying_event_rate,state,0,male,45-64,0.020454830245300665,0.01646520240771401,0.025940856462877533
qualifying_event_rate,state,0,male,65-74,0.03997336608497799,0.03134398654690806,0.05144475585721058
qualifying_event_rate,state,0,male,75-84,0.049658861104794685,0.034936135510982014,0.0680115528767381
qualifying_event_rate,state,0,male,85+,0.02229763387931453,0.0,0.0638405768070914
person_years_exposure,state,0,female,0-17,6767.018799437233,6598.121840917876,6912.482799452306
person_years_exposure,state,0,female,18-44,9612.916369942173,9459.535811970949,9737.14659794394
person_years_exposure,state,0,female,45-64,7487.845142869829,7240.951575792485,7661.027283125745
person_years_exposure,state,0,female,65-74,1940.4931891621866,1781.5302461814504,2042.215894339121
person_years_exposure,state,0,female,75-84,522.3979217094532,445.64804154228176,576.634297418726
person_years_exposure,state,0,female,85+,46.09800367461594,34.70430752323495,57.447073815969006
person_years_exposure,state,0,female,18-64,17100.761512812,16709.540950466522,17385.43427006731
person_years_exposure,state,0,female,65+,2508.9891145462557,2264.5040085371834,2655.3867438321117
mortality_rate,state,0,female,0-17,0.016064301809890866,0.012135368160205929,0.021802631402849725
mortality_rate,state,0,female,18-44,0.014105033673381086,0.010665171508623464,0.019087398968044043
mortality_rate,state,0,female,45-64,0.03599691007232783,0.028533448060590796,0.04802377854400256
mortality_rate,state,0,female,65-74,0.08664623399062928,0.06739867087559977,0.12015225556816207
mortality_rate,state,0,female,75-84,0.14889603070415228,0.11086656659582571,0.20939075498335408
mortality_rate,state,0,female,85+,0.04801142764345041,0.0,0.11447363351352614
qualifying_event_rate,state,0,female,0-17,0.014651514145297317,0.011500584194847919,0.018924413878472806
qualifying_event_rate,state,0,female,18-44,0.017150101546833704,0.0138762624428788,0.02177436315255297
qualifying_event_rate,state,0,female,45-64,0.03169428590079132,0.026316834207355724,0.0398994503907754
qualifying_event_rate,state,0,female,65-74,0.03826204217733789,0.029406420570198804,0.04995670123813587
qualifying_event_rate,state,0,female,75-84,0.0499143723101694,0.033774855447214806,0.06992171007233071
qualifying_event_rate,state,0,female,85+,0.021648792204245988,0.0,0.06080048109338107
person_years_exposure,state,1,male,0-17,5663.309240574919,5529.92800082783,5769.017612176747
person_years_exposure,state,1,male,18-44,7020.116882544771,6833.729225532328,7145.523391260405
person_years_exposure,state,1,male,45-64,7220.021553885949,6935.236884582914,7385.818428333509
person_years_exposure,state,1,male,65-74,1845.7189082098023,1700.1462291245462,1941.8801216879638
person_years_exposure,state,1,male,75-84,608.6249155566014,536.2118408059923,666.2293907420094
person_years_exposure,state,1,male,85+,45.735777233056346,31.073793554625887,61.82378011248072
person_years_exposure,state,1,male,18-64,14240.13843643072,13770.4470053072,14510.287333467744
person_years_exposure,state,1,male,65+,2500.07960099946,2277.2824881359893,2644.930961963388
mortality_rate,state,1,male,0-17,0.020760608484650753,0.015855703434301954,0.028216787465500312
mortality_rate,state,1,male,18-44,0.0272288608865754,0.021270602603279752,0.036767585927695336
mortality_rate,state,1,male,45-64,0.04282758822040091,0.034151234912675694,0.05783569605440508
mortality_rate,state,1,male,65-74,0.06873056433623638,0.051795650148887845,0.09556844851993496
mortality_rate,state,1,male,75-84,0.11581512563012848,0.08470066691043265,0.161989136189134
mortality_rate,state,1,male,85+,0.05050645622848514,0.0,0.11883652716474623
qualifying_event_rate,state,1,male,0-17,0.0165956661412108,0.01299283241355975,0.02159613101591733
qualifying_event_rate,state,1,male,18-44,0.026581531846337454,0.021953197394784973,0.03346720161277496
qualifying_event_rate,state,1,male,45-64,0.035234971155273104,0.029439441889673876,0.04420963646324967
qualifying_event_rate,state,1,male,65-74,0.05135320513001123,0.04090075772277438,0.06629873487099287
qualifying_event_rate,state,1,male,75-84,0.052796783288976,0.03739221270542969,0.07300618990500651
qualifying_event_rate,state,1,male,85+,0.02221408209057892,0.0,0.0629680405140425
person_years_exposure,state,1,female,0-17,5569.179321591421,5387.946489124725,5690.416099130227
person_years_exposure,state,1,female,18-44,7398.375125284872,7168.317184449848,7564.092503929381
person_years_exposure,state,1,female,45-64,7209.420159593569,6916.827434432487,7403.518847050598
person_years_exposure,state,1,female,65-74,1986.065607983373,1813.7022842997826,2095.4755473862265
person_years_exposure,state,1,female,75-84,586.9336372540299,493.92695065396447,650.9202363754164
person_years_exposure,state,1,female,85+,27.746005208253408,21.55272383619781,33.98866975124082
person_years_exposure,state,1,female,18-64,14607.79528487844,14098.132930798381,14940.506867824182
person_years_exposure,state,1,female,65+,2600.745250445656,2333.3370532392532,2761.424456729994
mortality_rate,state,1,female,0-17,0.03161257056772798,0.024482406386091938,0.04323503200772738
mortality_rate,state,1,female,18-44,0.03128258324023257,0.024583146149995332,0.042423727075767206
mortality_rate,state,1,female,45-64,0.04397825238858466,0.035100757624775575,0.0591714812053358
mortality_rate,state,1,female,65-74,0.08031883645967566,0.06288448704106123,0.11132795707264044
mortality_rate,state,1,female,75-84,0.1568138879267618,0.11603844165972198,0.22231166672481215
mortality_rate,state,1,female,85+,0.014272575638770223,0.0,0.06091383353821973
qualifying_event_rate,state,1,female,0-17,0.022313758184656366,0.017948483385164294,0.028410650795601625
qualifying_event_rate,state,1,female,18-44,0.019088956037420165,0.015420298324645334,0.02441845588856172
qualifying_event_rate,state,1,female,45-64,0.031585899589408786,0.02610224864419322,0.03990915947043038
qualifying_event_rate,state,1,female,65-74,0.05710851533361984,0.04604045108395251,0.07356388167683665
qualifying_event_rate,state,1,female,75-84,0.06700252044779376,0.049365165976224715,0.09035108359218572
qualifying_event_rate,state,1,female,85+,0.025739276038504136,0.0,0.07939057179622093
person_years_exposure,state,2,male,0-17,4763.7431937759775,4635.538964901417,4898.802569632221
person_years_exposure,state,2,male,18-44,6802.409087105568,6612.068261930888,6962.464282274748
person_years_exposure,state,2,male,45-64,6177.211342627861,5976.26118639106,6306.189209412901
person_years_exposure,state,2,male,65-74,1692.8147577975608,1540.8909446287616,1786.3573686161683
person_years_exposure,state,2,male,75-84,553.2102052946899,491.86267726741664,600.2068795179433
person_years_exposure,state,2,male,85+,51.27746052032031,40.87756939121854,62.91579170485597
person_years_exposure,state,2,male,18-64,12979.62042973343,12604.182605562006,13240.989978346308
person_years_exposure,state,2,male,65+,2297.302423612571,2087.104034895866,2430.0971606252133
mortality_rate,state,2,male,0-17,0.014292669630891557,0.010363101671531863,0.01984690913130382
mortality_rate,state,2,male,18-44,0.02493700704613205,0.019433834601072043,0.03363124635802377
mortality_rate,state,2,male,45-64,0.03491861796989965,0.02767553148911904,0.04717381814687871
mortality_rate,state,2,male,65-74,0.09704112283927709,0.07589761969399642,0.13299796678300985
mortality_rate,state,2,male,75-84,0.07430232993184778,0.05162221042487535,0.10624352361855334
mortality_rate,state,2,male,85+,0.032651526857271525,0.0,0.08289333823718988
qualifying_event_rate,state,2,male,0-17,0.017282128296398826,0.013390512945354495,0.022410103026214063
qualifying_event_rate,state,2,male,18-44,0.022471149101384192,0.018148220656965714,0.02835471957821659
qualifying_event_rate,state,2,male,45-64,0.029459595513028323,0.02416530256354039,0.03744747846415739
qualifying_event_rate,state,2,male,65-74,0.04629487142311028,0.03624010302366364,0.06063041134783537
qualifying_event_rate,state,2,male,75-84,0.05771670338147355,0.04040077016791059,0.07764596337245137
qualifying_event_rate,state,2,male,85+,0.022085586392975583,0.0,0.05956029440987965
person_years_exposure,state,2,female,0-17,5137.285621669847,4980.01177993867,5275.7612157615595
person_years_exposure,state,2,female,18-44,7176.767183480791,7030.107752976723,7331.141513576817
person_years_exposure,state,2,female,45-64,6077.883966177134,5901.1149098802625,6229.097192646054
person_years_exposure,state,2,female,65-74,1673.2508564572272,1562.0158658290263,1756.0898253559756
person_years_exposure,state,2,female,75-84,586.3234852271066,524.6681748492775,639.577300328276
person_years_exposure,state,2,female,85+,36.23746737334887,28.0040290559079,43.63872630005596
person_years_exposure,state,2,female,18-64,13254.651149657926,12945.85680777703,13537.89640081213
person_years_exposure,state,2,female,65+,2295.8118090576827,2126.0919346727696,2419.639049407403
mortality_rate,state,2,female,0-17,0.022435070777009902,0.017206306345315284,0.031079214828698614
mortality_rate,state,2,female,18-44,0.013157185785909013,0.009872478477825198,0.018041614438776
mortality_rate,state,2,female,45-64,0.02806468497773988,0.021681625917749494,0.03797441197867912
mortality_rate,state,2,female,65-74,0.062488321691567233,0.04706028355723854,0.08599186982318106
mortality_rate,state,2,female,75-84,0.08312635447183696,0.05887807738421992,0.11951747681766706
mortality_rate,state,2,female,85+,0.029256306184923177,0.0,0.08867375151374654
qualifying_event_rate,state,2,female,0-17,0.01430640793082795,0.010818142295256822,0.018607922876466766
qualifying_event_rate,state,2,female,18-44,0.016496256549395474,0.01311076355977788,0.021382422703264223
qualifying_event_rate,state,2,female,45-64,0.03259552350378474,0.026893282080879752,0.04091239696616664
qualifying_event_rate,state,2,female,65-74,0.06122615694716614,0.049081417530446834,0.07771917745728756
qualifying_event_rate,state,2,female,75-84,0.05974899869462132,0.04303720474535948,0.08043292609865052
qualifying_event_rate,state,2,female,85+,0.02001304705125055,0.0,0.06196248658621052
person_years_exposure,state,3,male,0-17,1575.5142626528534,1508.904218328706,1646.752668347215
person_years_exposure,state,3,male,18-44,2029.9474043924536,1961.2757287484285,2106.062348234512
person_years_exposure,state,3,male,45-64,1509.0723166802588,1450.3601976838972,1568.7535366845266
person_years_exposure,state,3,male,65-74,423.63850952135,391.387912596739,454.0420370169475
person_years_exposure,state,3,male,75-84,100.47523046782062,82.19145381380591,118.08276036234322
person_years_exposure,state,3,male,85+,6.35380468377184,4.088917873522193,8.812556643025754
person_years_exposure,state,3,male,18-64,3539.0197210727124,3419.3634255470024,3666.208137132139
person_years_exposure,state,3,male,65+,530.4675446729425,486.52694655843385,574.0404447044161
mortality_rate,state,3,male,0-17,0.010253348546524339,0.005688886321183526,0.016022132796630898
mortality_rate,state,3,male,18-44,0.017486935137796894,0.011328776256850004,0.025301018540508764
mortality_rate,state,3,male,45-64,0.028194059707885293,0.018998815554142706,0.040629663125663816
mortality_rate,state,3,male,65-74,0.044557641270691506,0.026314933263717172,0.06845831846385247
mortality_rate,state,3,male,75-84,0.05182401066668305,0.017850018239381427,0.09691371133757681
mortality_rate,state,3,male,85+,0.014393377215836386,0.0,0.1688610511942804
qualifying_event_rate,state,3,male,0-17,0.023543280004995403,0.016280007807709496,0.03201920382387379
qualifying_event_rate,state,3,male,18-44,0.02600656375973781,0.01937401133783078,0.03424966734414201
qualifying_event_rate,state,3,male,45-64,0.039925190684394304,0.030126994837908146,0.05186714977772316
qualifying_event_rate,state,3,male,65-74,0.055543302203182716,0.03755946455948805,0.07713550959453921
qualifying_event_rate,state,3,male,75-84,0.02318018196590057,0.0,0.050276989273112124
qualifying_event_rate,state,3,male,85+,0.019512822051527334,0.0,0.1385752535734705
person_years_exposure,state,3,female,0-17,1344.5998594038335,1300.4073693302835,1389.1345699611618
person_years_exposure,state,3,female,18-44,1971.9553684433677,1901.4232755259823,2044.0165408130138
person_years_exposure,state,3,female,45-64,1385.7962261281466,1313.0119220227098,1442.6229161389062
person_years_exposure,state,3,female,65-74,401.7073798591623,366.616732339672,429.48336633360606
person_years_exposure,state,3,female,75-84,132.1500609320652,105.41371948496358,157.98426582623955
person_years_exposure,state,3,female,85+,14.481222954997177,3.415878326462799,36.43738813310444
person_years_exposure,state,3,female,18-64,3357.751594571514,3234.6549282232395,3472.556487807621
person_years_exposure,state,3,female,65+,548.3386637462247,487.0951781414626,607.5449964000611
mortality_rate,state,3,female,0-17,0.011993141639662159,0.00667945410603274,0.018493476499217554
mortality_rate,state,3,female,18-44,0.013372820648352992,0.00839825554462055,0.019793586260695765
mortality_rate,state,3,female,45-64,0.05424892310713583,0.038968088032003925,0.07591352295409134
mortality_rate,state,3,female,65-74,0.0466867841564328,0.027524708034088893,0.07211846665571553
mortality_rate,state,3,female,75-84,0.16632113304991114,0.10284174793463151,0.26042158982548924
mortality_rate,state,3,female,85+,0.033285372283486714,0.0,0.16854530950915575
qualifying_event_rate,state,3,female,0-17,0.026889243803379887,0.019021818613402432,0.03650839194593677
qualifying_event_rate,state,3,female,18-44,0.02799385988693051,0.02099095399532224,0.03651323693873835
qualifying_event_rate,state,3,female,45-64,0.0609847136787957,0.04808449426361254,0.07836456765604331
qualifying_event_rate,state,3,female,65-74,0.06552804704836115,0.0455856411126836,0.08933901799307589
qualifying_event_rate,state,3,female,75-84,0.05546285492396501,0.024782634576257206,0.09185306130724037
qualifying_event_rate,state,3,female,85+,0.01870163816808592,0.0,0.09212581893037443
person_years_exposure,state,4,male,0-17,4547.3497043811585,4409.624376511668,4691.660086450269
person_years_exposure,state,4,male,18-44,6302.456750109085,6203.969411950198,6401.614813027383
person_years_exposure,state,4,male,45-64,5358.5367117560645,5173.408599437018,5494.135464342791
person_years_exposure,state,4,male,65-74,1249.0803246075773,1143.9424016023117,1326.0282098745217
person_years_exposure,state,4,male,75-84,424.264603029149,361.56522575740024,476.37901022270296
person_years_exposure,state,4,male,85+,33.32228525433807,21.312418407112123,45.045210628499596
person_years_exposure,state,4,male,18-64,11660.99346186515,11409.526736492868,11874.671050392983
person_years_exposure,state,4,male,65+,1706.6672128910643,1535.6991578896161,1831.6297631668258
mortality_rate,state,4,male,0-17,0.01050781618966177,0.007280376701262806,0.01456928308623805
mortality_rate,state,4,male,18-44,0.004499268529214294,0.0028544821015724425,0.006561979994282071
mortality_rate,state,4,male,45-64,0.03704424180803045,0.028891205578059076,0.05021614178297497
mortality_rate,state,4,male,65-74,0.08359414881771271,0.062295090547138235,0.11662478250747413
mortality_rate,state,4,male,75-84,0.14355390877284535,0.10297069898116101,0.2074522181347107
mortality_rate,state,4,male,85+,0.054125303982302954,0.0,0.13841648522413147
qualifying_event_rate,state,4,male,0-17,0.01630381760277209,0.012562448717599173,0.02132274072735633
qualifying_event_rate,state,4,male,18-44,0.02853379482681692,0.023513283153637113,0.03593797512068648
qualifying_event_rate,state,4,male,45-64,0.04767546008680396,0.040036383436270584,0.05955136610835234
qualifying_event_rate,state,4,male,65-74,0.060062364997014554,0.04714487415190769,0.07754156454500118
qualifying_event_rate,state,4,male,75-84,0.08892825846082783,0.06563286349828708,0.11900140355495158
qualifying_event_rate,state,4,male,85+,0.02218747304475749,0.0,0.06887494368384066
person_years_exposure,state,4,female,0-17,4443.176538499656,4357.5134754899445,4524.135146407422
person_years_exposure,state,4,female,18-44,6164.699724490914,6071.295040156874,6258.864843247399
person_years_exposure,state,4,female,45-64,5186.9167795926605,5043.775862778675,5299.355930748436
person_years_exposure,state,4,female,65-74,1424.2595626614523,1343.7943549669785,1486.3398629268831
person_years_exposure,state,4,female,75-84,359.3080183513207,312.5854090578563,397.8987618079863
person_years_exposure,state,4,female,85+,41.667950684688165,31.685928357491125,50.97117460447954
person_years_exposure,state,4,female,18-64,11351.616504083575,11129.852318162893,11538.79377906458
person_years_exposure,state,4,female,65+,1825.235531697461,1699.9492685702603,1916.1211980815037
mortality_rate,state,4,female,0-17,0.010700550199115992,0.007506962707859984,0.01493137511737972
mortality_rate,state,4,female,18-44,0.011251846953215253,0.008302539896921809,0.015614809331360453
mortality_rate,state,4,female,45-64,0.025843643501742692,0.019915903577259107,0.03521268181837471
mortality_rate,state,4,female,65-74,0.05096972606607893,0.037030828089245106,0.07130261943135727
mortality_rate,state,4,female,75-84,0.13442823281805125,0.09519729833733977,0.1911622558225156
mortality_rate,state,4,female,85+,0.036728142449155926,0.0,0.09898435620481348
qualifying_event_rate,state,4,female,0-17,0.016890035654894518,0.012891923623724958,0.021996532434790446
qualifying_event_rate,state,4,female,18-44,0.03206156198630941,0.02626299979948302,0.04042587959912159
qualifying_event_rate,state,4,female,45-64,0.04760079594083823,0.03979554180910066,0.05954070257378544
qualifying_event_rate,state,4,female,65-74,0.0632957022687871,0.050063227443071054,0.08104996111372699
qualifying_event_rate,state,4,female,75-84,0.07186179347751513,0.049689748683233274,0.0995905023335389
qualifying_event_rate,state,4,female,85+,0.022594560340587946,0.0,0.06401754099281516
person_years_exposure,state,5,male,0-17,4151.332455753253,4018.9839008324707,4273.149207968731
person_years_exposure,state,5,male,18-44,6030.374894358211,5918.132386890216,6126.122068120401
person_years_exposure,state,5,male,45-64,5498.569215485767,5256.658636252702,5668.240623490293
person_years_exposure,state,5,male,65-74,1382.9310650404686,1275.0073963779166,1462.8957603715435
person_years_exposure,state,5,male,75-84,452.764523115559,400.73766024911134,502.1832124856798
person_years_exposure,state,5,male,85+,26.009540746754496,19.505306547933156,31.54365624881533
person_years_exposure,state,5,male,18-64,11528.944109843978,11183.563874579624,11782.516410731034
person_years_exposure,state,5,male,65+,1861.705128902782,1705.1982071298255,1980.92797713637
mortality_rate,state,5,male,0-17,0.02269194437247418,0.01687136492134107,0.03130019692194738
mortality_rate,state,5,male,18-44,0.017296511774624764,0.012921301639974396,0.02388945637373021
mortality_rate,state,5,male,45-64,0.048579835856294704,0.037992106796295895,0.0661498931428635
mortality_rate,state,5,male,65-74,0.06823332913911503,0.051570767492000326,0.09540642669099733
mortality_rate,state,5,male,75-84,0.08074646856137202,0.055125118427989714,0.11383313118161988
mortality_rate,state,5,male,85+,0.013662780052334966,0.0,0.061258873816076184
qualifying_event_rate,state,5,male,0-17,0.01295963388453253,0.009679510025940577,0.017721929770009276
qualifying_event_rate,state,5,male,18-44,0.01408866608154893,0.010874353300670714,0.018232635013013955
qualifying_event_rate,state,5,male,45-64,0.03014618162559202,0.024556330178069408,0.0386895654308647
qualifying_event_rate,state,5,male,65-74,0.05587328264076219,0.043165145646883334,0.07239167892040355
qualifying_event_rate,state,5,male,75-84,0.024986500926872424,0.013171959404724216,0.038469009492093115
qualifying_event_rate,state,5,male,85+,0.02082543142223904,0.0,0.0753140034378373
person_years_exposure,state,5,female,0-17,4203.83665777109,4094.6377386149015,4293.62260151687
person_years_exposure,state,5,female,18-44,5961.174837829348,5828.161061020173,6065.55513641168
person_years_exposure,state,5,female,45-64,5772.8741531620035,5628.93878271563,5889.190735012208
person_years_exposure,state,5,female,65-74,1437.964462284422,1314.4204502188295,1524.808514724384
person_years_exposure,state,5,female,75-84,468.71318561682347,427.2176089454464,504.3092335358674
person_years_exposure,state,5,female,85+,31.989731887683696,25.65315374368255,37.34039441863582
person_years_exposure,state,5,female,18-64,11734.048990991352,11474.643004711384,11929.200914692623
person_years_exposure,state,5,female,65+,1938.6673797889293,1778.128127286233,2052.7098385450313
mortality_rate,state,5,female,0-17,0.022583400474883306,0.01678184275300314,0.031214382026184633
mortality_rate,state,5,female,18-44,0.01943813485610465,0.014748266628003267,0.02670514832810051
mortality_rate,state,5,female,45-64,0.02561890130603743,0.019649794737838858,0.03508180159289669
mortality_rate,state,5,female,65-74,0.09056432951268333,0.06914792918126186,0.124909386146265
mortality_rate,state,5,female,75-84,0.06125529238683239,0.040008328795509765,0.0901783264088835
mortality_rate,state,5,female,85+,0.01292514692003262,0.0,0.05824731573763907
qualifying_event_rate,state,5,female,0-17,0.01761177614200404,0.01344221058819058,0.022970103584431262
qualifying_event_rate,state,5,female,18-44,0.03170422922859829,0.025962316617791886,0.04015178086656558
qualifying_event_rate,state,5,female,45-64,0.02981614015623916,0.024147218594154685,0.03788984745394822
qualifying_event_rate,state,5,female,65-74,0.05142426955759163,0.04010645331410285,0.06786237596286472
qualifying_event_rate,state,5,female,75-84,0.06927877533000248,0.04989500796736453,0.09245072875517345
qualifying_event_rate,state,5,female,85+,0.02103084409680858,0.0,0.06528062952010381
