estimand,level,unit,sex,age_band,estimate,lower,upper
children_under_16,county,0,,,1434.5478740186225,1065.2207164440908,1803.875031593154
children_under_16,county,1,,,1396.1397120050312,1029.6320237119783,1762.6474002980842
children_under_16,county,2,,,505.22083496201515,374.0252604607758,636.4164094632545
children_under_16,county,3,,,354.8328517521996,264.07919217260866,445.5865113317905
children_under_16,county,4,,,566.1521735963564,412.8978259165151,719.4065212761977
children_under_16,county,5,,,287.76616265670214,214.2773130321021,361.2550122813022
children_under_16,county,6,,,705.8437585925246,514.7756503490541,896.9118668359952
children_under_16,county,7,,,375.964968528893,278.3345134385027,473.5954236192833
children_under_16,county,8,,,411.00889765707456,303.11287575262236,518.9049195615268
children_under_16,county,9,,,575.2073279241026,425.83768474618574,724.5769711020196
children_under_16,county,10,,,405.39638836835536,301.02629482268543,509.7664819140253
children_under_16,county,11,,,1112.2762610428642,820.2870011767345,1404.265520908994
children_under_16,county,12,,,660.7580227813464,490.6445767136453,830.8714688490476
children_under_16,county,13,,,425.2500878486586,314.8212897445545,535.6788859527627
children_under_16,county,14,,,359.6016334558946,266.22040364897805,452.9828632628112
children_under_16,county,15,,,1042.5541326195269,774.1465308994656,1310.961734339588
children_under_16,county,16,,,1115.819249569733,830.432257278148,1401.2062418613182
children_under_16,nation,0,,,11734.340337379901,11028.133932476981,12440.54674228282
children_under_16,state,0,,,3543.2564177878508,3244.965291546423,3841.5475440292785
children_under_16,state,1,,,2919.4248707049696,2631.600738197713,3207.2490032122264
children_under_16,state,2,,,2241.244852719564,2037.8066143255494,2444.6830911135785
children_under_16,state,3,,,1470.6521013219326,1354.6550207364403,1586.649181907425
children_under_16,state,4,,,1271.995932188881,1121.05507956792,1422.9367848098418
children_under_16,state,5,,,287.76616265670214,265.43302761950747,310.0992976938968
elders_65_plus,county,0,,,581.5131296076526,431.8014363696781,731.224822845627
elders_65_plus,county,1,,,564.6900669400591,416.4504249782776,712.9297089018405
elders_65_plus,county,2,,,325.3948813566916,240.89644929467374,409.89331341870945
elders_65_plus,county,3,,,200.44909608688735,149.18132609469322,251.71686607908148
elders_65_plus,county,4,,,405.2157763005761,295.52604558375856,514.9055070173937
elders_65_plus,county,5,,,200.4132377110063,149.23231305693685,251.59416236507576
elders_65_plus,county,6,,,373.5291893721951,272.4168472734628,474.6415314709274
elders_65_plus,county,7,,,172.28342419711032,127.54492322796483,217.0219251662558
elders_65_plus,county,8,,,228.8157940710773,168.74820412372713,288.8833840184275
elders_65_plus,county,9,,,233.59116389613604,172.93228994437027,294.2500378479018
elders_65_plus,county,10,,,239.0685212039044,177.51986256315524,300.61717984465355
elders_65_plus,county,11,,,627.1971013844395,462.54842206108674,791.8457807077923
elders_65_plus,county,12,,,342.3914169795788,254.24207661860146,430.5407573405562
elders_65_plus,county,13,,,219.8044989732965,162.7257414772268,276.8832564693662
elders_65_plus,county,14,,,226.11811277299137,167.39983819387777,284.83638735210496
elders_65_plus,county,15,,,474.3876828817755,352.25564554774644,596.5197202158046
elders_65_plus,county,16,,,575.3853856308483,428.2222096262749,722.5485616354217
elders_65_plus,nation,0,,,5990.248479366227,5635.641024845483,6344.855933886971
elders_65_plus,state,0,,,1637.3607506729115,1499.5185725201206,1775.2029288257024
elders_65_plus,state,1,,,1420.7029623955762,1280.6368138177388,1560.7691109734135
elders_65_plus,state,2,,,1177.192081196226,1070.3381232454255,1284.0460391470262
elders_65_plus,state,3,,,775.8344817177358,714.6408555597055,837.0281078757661
elders_65_plus,state,4,,,778.7449656727713,686.3355277819945,871.154403563548
elders_65_plus,state,5,,,200.4132377110063,184.85944271398685,215.96703270802576
households,county,0,,,3025.9862915084864,2235.95381560419,3816.018767412783
households,county,1,,,3070.860543499465,2249.992613085727,3891.7284739132033
households,county,2,,,1511.3549933996649,1113.5498400363897,1909.16014676294
households,county,3,,,948.3635050810885,701.0169897842786,1195.7100203778984
households,county,4,,,1838.4636153280019,1337.6226971058227,2339.304533550181
households,county,5,,,1030.1979498029564,759.3356537791692,1301.0602458267435
households,county,6,,,1853.5101195212785,1348.5701781183493,2358.4500609242077
households,county,7,,,1005.2337504293589,740.645240117841,1269.8222607408768
households,county,8,,,1151.1110643228408,843.4089906981451,1458.8131379475365
households,county,9,,,1455.4542438629444,1072.3627787725716,1838.5457089533172
households,county,10,,,1222.8390356862644,903.5769974851466,1542.1010738873822
households,county,11,,,2839.438387897267,2080.431627416235,3598.445148378299
households,county,12,,,1765.8478085572945,1304.8156088478788,2226.8800082667103
households,county,13,,,1175.3596457756742,865.99214033405,1484.7271512172983
households,county,14,,,1119.3082175215525,824.694060638168,1413.9223744049368
households,county,15,,,2326.104290520327,1718.798851956933,2933.4097290837212
households,county,16,,,2442.5234912125916,1805.4790764442523,3079.567905980931
households,nation,0,,,29781.956953927052,27910.544862208193,31653.36904564591
households,state,0,,,8340.77742627237,7550.828491660758,9130.726360883982
households,state,1,,,7061.409995719573,6279.546477556784,7843.273513882362
households,state,2,,,6266.710850989196,5637.360309048757,6896.061392929635
households,state,3,,,3390.88699629368,3072.257890959997,3709.5161016273632
households,state,4,,,3691.9737348492804,3239.4947767512954,4144.452692947266
households,state,5,,,1030.1979498029564,927.518772340609,1132.877127265304
low_income_household_share,county,0,,,0.3725730413256305,0.18042894414985267,0.5647171385014084
low_income_household_share,county,1,,,0.34280601188049936,0.15420844504969577,0.531403578711303
low_income_household_share,county,2,,,0.3512523412607802,0.2051030351564333,0.4974016473651271
low_income_household_share,county,3,,,0.4353780057827947,0.2237143339006608,0.6470416776649286
low_income_household_share,county,4,,,0.35809658811146017,0.19579968831164432,0.520393487911276
low_income_household_share,county,5,,,0.4547752751406082,0.1934181556060619,0.7161323946751545
low_income_household_share,county,6,,,0.34608742418815247,0.18515073100451399,0.507024117371791
low_income_household_share,county,7,,,0.34530215316010465,0.19964197994349878,0.49096232637671056
low_income_household_share,county,8,,,0.3569584461333769,0.16677724353302917,0.5471396487337247
low_income_household_share,county,9,,,0.3309755907135425,0.18646603884626217,0.4754851425808228
low_income_household_share,county,10,,,0.4487612739721147,0.2517995986139221,0.6457229493303073
low_income_household_share,county,11,,,0.31749521459165797,0.13161338273332523,0.5033770464499907
low_income_household_share,county,12,,,0.42607194928580905,0.23061894543147096,0.6215249531401471
low_income_household_share,county,13,,,0.33697359721234166,0.19198702551502128,0.48196016890966203
low_income_household_share,county,14,,,0.3348080290563754,0.18999447128188535,0.4796215868308655
low_income_household_share,county,15,,,0.3852545559068366,0.19235872183612907,0.5781503899775442
low_income_household_share,county,16,,,0.3796386061111584,0.1763974085157357,0.5828798037065811
low_income_household_share,nation,0,,,0.36666822790543757,0.28391277421295197,0.4494236815979232
low_income_household_share,state,0,,,0.39609833388930776,0.23586539166945533,0.5563312761091602
low_income_household_share,state,1,,,0.3351068723678626,0.17827512860206307,0.4919386161336621
low_income_household_share,state,2,,,0.3399146092255443,0.22738079012334234,0.45244842832774623
low_income_household_share,state,3,,,0.3941184000132472,0.21591676453403114,0.5723200354924634
low_income_household_share,state,4,,,0.3518056164574604,0.22049993548727376,0.483111297427647
low_income_household_share,state,5,,,0.4547752751406082,0.21110394745780867,0.6984466028234078
mean_income_adults,county,0,,,37001.18392298756,20950.773994405812,53051.59385156931
mean_income_adults,county,1,,,35068.39812298417,24637.791282512502,45499.00496345583
mean_income_adults,county,2,,,29517.036274091446,19897.361566475607,39136.710981707285
mean_income_adults,county,3,,,27640.867894321058,10436.170021836035,44845.56576680608
mean_income_adults,county,4,,,32396.853856896512,21202.730643171213,43590.97707062181
mean_income_adults,county,5,,,32614.273463792986,12576.825672682797,52651.721254903176
mean_income_adults,county,6,,,34155.16286362467,22414.321851154462,45896.003876094874
mean_income_adults,county,7,,,30075.10395164611,20318.923294811633,39831.284608480586
mean_income_adults,county,8,,,34931.2485436566,24544.927233920513,45317.569853392684
mean_income_adults,county,9,,,36412.58166708923,24885.908711976364,47939.2546222021
mean_income_adults,county,10,,,33436.77782134514,18407.223511527147,48466.33213116313
mean_income_adults,county,11,,,35948.29476406891,25271.451838894005,46625.13768924381
mean_income_adults,county,12,,,36108.96664691262,20348.295278661077,51869.63801516416
mean_income_adults,county,13,,,31408.280874165855,21282.202537551115,41534.359210780596
mean_income_adults,county,14,,,32203.716697990203,21856.94007244122,42550.49332353919
mean_income_adults,county,15,,,36016.95243219526,20256.188431661183,51777.71643272934
mean_income_adults,county,16,,,35401.23900515944,15807.563596547487,54994.914413771396
mean_income_adults,nation,0,,,34360.04425845306,26231.5745291583,42488.51398774782
mean_income_adults,state,0,,,36092.51238650201,22274.1101991524,49910.91457385161
mean_income_adults,state,1,,,35388.84723015461,26776.83345529722,44000.861005012004
mean_income_adults,state,2,,,32082.94435946513,23489.687876715278,40676.20084221498
mean_income_adults,state,3,,,33385.2758812178,15977.60062737553,50792.951135060066
mean_income_adults,state,4,,,33317.939803506924,23405.98069484316,43229.89891217068
mean_income_adults,state,5,,,32614.273463792986,13688.265107048548,51540.28182053742
median_household_income,county,0,,,35063.53763439495,12215.155750806807,57911.919517983086
median_household_income,county,1,,,34071.26764749373,15828.89058721696,52313.64470777051
median_household_income,county,2,,,26877.37479658466,15013.274304956114,38741.4752882132
median_household_income,county,3,,,26074.455610888825,8387.775904842765,43761.13531693489
median_household_income,county,4,,,36169.5682700032,24937.55984230981,47401.57669769658
median_household_income,county,5,,,20695.340035371755,7270.062059200831,34120.61801154268
median_household_income,county,6,,,39664.32665377097,27362.328852666666,51966.32445487528
median_household_income,county,7,,,25659.547227117037,14179.437927585674,37139.656526648396
median_household_income,county,8,,,32714.290384598142,14932.188186051564,50496.39258314472
median_household_income,county,9,,,33135.95865039032,19298.474458872643,46973.44284190799
median_household_income,county,10,,,25567.657425771602,5772.659987372797,45362.65486417041
median_household_income,county,11,,,38875.183076197514,19003.35976787383,58747.0063845212
median_household_income,county,12,,,30111.657242809993,8660.60534661988,51562.70913900011
median_household_income,county,13,,,28244.380525578323,15949.25172366984,40539.509327486805
median_household_income,county,14,,,29153.191931505688,16571.50731175994,41734.87655125144
median_household_income,county,15,,,34814.5368986945,11854.455598166285,57774.61819922272
median_household_income,county,16,,,36319.22844589119,14364.64651081913,58273.810380963245
median_household_income,nation,0,,,33031.345669138595,23600.39679453155,42462.29454374564
median_household_income,state,0,,,33728.504124136576,12282.7053508756,55174.30289739755
median_household_income,state,1,,,35491.53423936093,18277.913373214193,52705.15510550767
median_household_income,state,2,,,28574.932933808046,17498.93685308336,39650.92901453273
median_household_income,state,3,,,33131.76741761865,13626.68780599651,52636.84702924079
median_household_income,state,4,,,37468.44963706227,27635.213477857687,47301.68579626686
median_household_income,state,5,,,20695.340035371755,7793.381423459929,33597.298647283584
persons,county,0,,,6067.505374751103,4505.414241920824,7629.596507581382
persons,county,1,,,6186.478723888915,4562.434943549464,7810.5225042283655
persons,county,2,,,2666.9186025989065,1974.3740874022753,3359.463117795538
persons,county,3,,,1814.817838918319,1350.651796966875,2278.983880869763
persons,county,4,,,3076.467640003037,2243.684400239387,3909.2508797666874
persons,county,5,,,1686.2653429204665,1255.6320152595895,2116.8986705813436
persons,county,6,,,3384.6309823452843,2468.4295836271267,4300.832381063442
persons,county,7,,,1750.8776994833813,1296.2103742880518,2205.545024678711
persons,county,8,,,1984.6324401737995,1463.636553082466,2505.628327265133
persons,county,9,,,2661.250032653885,1970.177529771618,3352.3225355361515
persons,county,10,,,1965.6804924861199,1459.6122028612456,2471.7487821109944
persons,county,11,,,5166.913081516865,3810.52062821556,6523.30553481817
persons,county,12,,,2943.5037773030135,2185.692969403056,3701.314585202971
persons,county,13,,,2068.317616404603,1531.217601604862,2605.417631204344
persons,county,14,,,1918.6673698560269,1420.4284801555084,2416.9062595565456
persons,county,15,,,4519.285173791021,3355.786361562958,5682.783986019085
persons,county,16,,,5171.252373040355,3848.629410860961,6493.87533521975
persons,nation,0,,,55033.4645621351,51745.717529053734,58321.21159521647
persons,state,0,,,15495.974818331259,14191.437061039993,16800.512575622524
persons,state,1,,,13338.02424557958,12023.0374149996,14653.011076159559
persons,state,2,,,11066.0313209968,10061.565470143925,12070.497171849676
persons,state,3,,,6986.070211958674,6435.046792739362,7537.093631177986
persons,state,4,,,6461.0986223483205,5694.395120987944,7227.802123708697
persons,state,5,,,1686.2653429204665,1555.396615116249,1817.134070724684
tertiary_share_25_plus,county,0,,,0.545358890371591,0.5206098798883911,0.5701079008547909
tertiary_share_25_plus,county,1,,,0.49102501723397085,0.46631224761694295,0.5157377868509988
tertiary_share_25_plus,county,2,,,0.42834140274307914,0.3993450155711265,0.45733778991503177
tertiary_share_25_plus,county,3,,,0.43601347457662737,0.4032455945357599,0.4687813546174948
tertiary_share_25_plus,county,4,,,0.42869809373185574,0.4011777445442678,0.4562184429194437
tertiary_share_25_plus,county,5,,,0.40321957405983044,0.37123911551089694,0.43520003260876394
tertiary_share_25_plus,county,6,,,0.4435334892396534,0.4162054669166398,0.47086151156266703
tertiary_share_25_plus,county,7,,,0.45019201753204474,0.4171438962014892,0.4832401388626003
tertiary_share_25_plus,county,8,,,0.4411682239276566,0.4089796871926731,0.4733567606626401
tertiary_share_25_plus,county,9,,,0.47688046519429705,0.4472663363241935,0.5064945940644007
tertiary_share_25_plus,county,10,,,0.42308638930207015,0.39106088326949606,0.45511189533464425
tertiary_share_25_plus,county,11,,,0.44565996879411685,0.4206410981421384,0.4706788394460953
tertiary_share_25_plus,county,12,,,0.4489646899899126,0.420132996917438,0.47779638306238725
tertiary_share_25_plus,county,13,,,0.43649438234272686,0.4051674650339031,0.4678212996515506
tertiary_share_25_plus,county,14,,,0.4187428071306014,0.38712031508907185,0.450365299172131
tertiary_share_25_plus,county,15,,,0.47402890791841107,0.4479244895476284,0.5001333262891937
tertiary_share_25_plus,county,16,,,0.4677897938948203,0.4424311306990885,0.49314845709055205
tertiary_share_25_plus,nation,0,,,0.4624762854298548,0.4419068928618366,0.483045677997873
tertiary_share_25_plus,state,0,,,0.4907352926228692,0.46876139903934977,0.5127091862063886
tertiary_share_25_plus,state,1,,,0.46603295953121515,0.44382247282618636,0.48824344623624394
tertiary_share_25_plus,state,2,,,0.44333130924249314,0.4207710657359813,0.465891552749005
tertiary_share_25_plus,state,3,,,0.45953504846510707,0.43547735667742615,0.483592740252788
tertiary_share_25_plus,state,4,,,0.43646958000779007,0.4124681302054826,0.4604710298100975
tertiary_share_25_plus,state,5,,,0.40321957405983044,0.37123911551089694,0.43520003260876394
person_years_exposure,county,0,male,0-17,3835.013962110883,3505.5663820780505,4137.503534765862
person_years_exposure,county,0,male,18-44,5431.217651812719,4972.217844772297,5884.531329148023
person_years_exposure,county,0,male,45-64,4393.896193280177,3990.5209201868547,4759.562833085153
person_years_exposure,county,0,male,65-74,1170.3635294143724,1014.4532192083338,1299.5413896336074
person_years_exposure,county,0,male,75-84,410.295106623909,305.2082404307582,490.78863643510294
person_years_exposure,county,0,male,85+,54.28316409978903,28.13256421704195,76.94928589444153
person_years_exposure,county,0,male,18-64,9825.113845092896,9003.793065315966,10641.335205143017
person_years_exposure,county,0,male,65+,1634.9418001380704,1361.4191158671463,1858.0004282042469
mortality_rate,county,0,male,0-17,0.001284677933685591,0.0002471518015874357,0.0030388484065096634
mortality_rate,county,0,male,18-44,0.0015786018934241088,0.0003583004079487128,0.00352129984901932
mortality_rate,county,0,male,45-64,0.009418027672294008,0.003005149602026841,0.020022611995053858
mortality_rate,county,0,male,65-74,0.03786582158678816,0.012562449237781095,0.08353265913733629
mortality_rate,county,0,male,75-84,0.09872603682813233,0.03441680070945395,0.2300168508506858
mortality_rate,county,0,male,85+,0.15559647458197676,0.044504273515097996,0.45074607074355955
qualifying_event_rate,county,0,male,0-17,0.014508584727387558,0.008355556846297638,0.022179047391611955
qualifying_event_rate,county,0,male,18-44,0.018357866098953398,0.011189373278453651,0.02790537717551046
qualifying_event_rate,county,0,male,45-64,0.026765423445223608,0.016699382407173027,0.040508539706878066
qualifying_event_rate,county,0,male,65-74,0.03964780393765247,0.023680581099435157,0.06136285425580302
qualifying_event_rate,county,0,male,75-84,0.04597086879997064,0.022731923184865447,0.07561367813160379
qualifying_event_rate,county,0,male,85+,0.0217773268326172,0.0,0.06430964827385954
person_years_exposure,county,0,female,0-17,3695.4664422411774,3372.96745211971,3999.1833893168473
person_years_exposure,county,0,female,18-44,5498.970397204867,5037.769642322306,5962.302166369777
person_years_exposure,county,0,female,45-64,4468.700624666934,4068.554185212908,4840.148778060908
person_years_exposure,county,0,female,65-74,1052.971693005509,901.4722763298406,1176.3406450174732
person_years_exposure,county,0,female,75-84,292.0972899102612,209.41535274631576,356.3462893411815
person_years_exposure,county,0,female,85+,52.77281894412192,27.074925133266984,74.74341079891242
person_years_exposure,county,0,female,18-64,9967.671021871802,9112.967117179793,10790.883909107983
person_years_exposure,county,0,female,65+,1397.8418018598923,1155.369023773838,1593.6163521043368
mortality_rate,county,0,female,0-17,0.0025142980058060036,0.0005443890861219012,0.005648923132413927
mortality_rate,county,0,female,18-44,0.0019474526323042926,0.0005111541734672902,0.004229065243083755
mortality_rate,county,0,female,45-64,0.009472569697629944,0.0031813566869174784,0.01997542772735937
mortality_rate,county,0,female,65-74,0.04198371083522742,0.01421900313045725,0.09132968627546323
mortality_rate,county,0,female,75-84,0.10874032493624772,0.035681351962067,0.26249153122795466
mortality_rate,county,0,female,85+,0.1501157718327492,0.04273212241254298,0.40477215909878167
qualifying_event_rate,county,0,female,0-17,0.01301280356833277,0.007438316267716694,0.020394803297385203
qualifying_event_rate,county,0,female,18-44,0.018507193249163528,0.011244978885356978,0.0281077838201204
qualifying_event_rate,county,0,female,45-64,0.025493070135122527,0.015694473084230266,0.03905269309611099
qualifying_event_rate,county,0,female,65-74,0.04245796116550125,0.024535092615138067,0.06535226956839853
qualifying_event_rate,county,0,female,75-84,0.04785746490681451,0.02308350180221421,0.08028005438659569
qualifying_event_rate,county,0,female,85+,0.020740867524584528,0.0,0.059658416511808886
person_years_exposure,county,1,male,0-17,3850.736879188638,3499.736085918489,4222.012377665888
person_years_exposure,county,1,male,18-44,6044.495453515809,5497.239125704646,6635.513850947265
person_years_exposure,county,1,male,45-64,4603.038057538079,4186.404295380816,5062.808305928409
person_years_exposure,county,1,male,65-74,1024.3564967807793,875.8001847874251,1157.9924896018588
person_years_exposure,county,1,male,75-84,314.2244048130394,228.81622526075392,383.5082215327087
person_years_exposure,county,1,male,85+,63.55371714170488,33.79430256063912,91.2794359049867
person_years_exposure,county,1,male,18-64,10647.533511053887,9691.214106135818,11696.80279621371
person_years_exposure,county,1,male,65+,1402.1346187355236,1144.1794955175653,1620.9674727221382
mortality_rate,county,1,male,0-17,0.0007791984691205939,0.0,0.0020321511703989977
mortality_rate,county,1,male,18-44,0.001773630769920466,0.0003804428702451889,0.00392791357291101
mortality_rate,county,1,male,45-64,0.009388648986505255,0.003113300593227745,0.019857432520479307
mortality_rate,county,1,male,65-74,0.04815028986207506,0.016159926870185477,0.10586924948219281
mortality_rate,county,1,male,75-84,0.10374760631504229,0.03524422925387077,0.24895150639527153
mortality_rate,county,1,male,85+,0.15257218578553466,0.046329215120961525,0.4185878366325961
qualifying_event_rate,county,1,male,0-17,0.020739486283551847,0.01251782978760067,0.03149814507560939
qualifying_event_rate,county,1,male,18-44,0.0258819550081726,0.016005523079742293,0.03861532979960144
qualifying_event_rate,county,1,male,45-64,0.03774543033795299,0.023956993794831117,0.05626658865592245
qualifying_event_rate,county,1,male,65-74,0.060640075882284886,0.03739622498862943,0.09074566866719055
qualifying_event_rate,county,1,male,75-84,0.05601367701990709,0.029112172881756805,0.08946149921063853
qualifying_event_rate,county,1,male,85+,0.028389088948372377,0.0,0.07021154967712102
person_years_exposure,county,1,female,0-17,4016.4111246116067,3646.826328467167,4408.2683677409295
person_years_exposure,county,1,female,18-44,5918.063220335956,5384.2501852320265,6492.187235394041
person_years_exposure,county,1,female,45-64,4059.1472464486483,3694.2894525538422,4460.1413876473225
person_years_exposure,county,1,female,65-74,1022.2413704759017,880.5918978981073,1150.3076076769175
person_years_exposure,county,1,female,75-84,319.4859187764299,222.92594879543805,397.3730575002311
person_years_exposure,county,1,female,85+,26.877887650470818,11.814103584374298,41.31697850921685
person_years_exposure,county,1,female,18-64,9977.210466784605,9078.19880147978,10958.059604452246
person_years_exposure,county,1,female,65+,1368.6051769028022,1127.5208742912255,1572.1496515639349
mortality_rate,county,1,female,0-17,0.0011013165003564578,0.0,0.0026586616178156637
mortality_rate,county,1,female,18-44,0.0018554984329191796,0.0004716162250411227,0.00403767508454864
mortality_rate,county,1,female,45-64,0.009350264786700231,0.0029458160968592194,0.019854936418052617
mortality_rate,county,1,female,65-74,0.042367575992664316,0.013964525581806053,0.0916076377997794
mortality_rate,county,1,female,75-84,0.11474660233635242,0.03869528100253049,0.2800462438954185
mortality_rate,county,1,female,85+,0.127289890463273,0.022481440229992586,0.43314592512497857
qualifying_event_rate,county,1,female,0-17,0.021348447149640737,0.012869698486529422,0.0324669477180216
qualifying_event_rate,county,1,female,18-44,0.026345619040826843,0.016305692457126545,0.03980612936863272
qualifying_event_rate,county,1,female,45-64,0.03735679184406703,0.023741996120214517,0.05497000662767813
qualifying_event_rate,county,1,female,65-74,0.05655222461850273,0.03399759567985684,0.08442050212269309
qualifying_event_rate,county,1,female,75-84,0.06035206574089368,0.031679073795406604,0.0989632654350139
qualifying_event_rate,county,1,female,85+,0.029633536667521967,0.0,0.09609390007740153
person_years_exposure,county,2,male,0-17,1412.424728386767,1290.0249236226812,1540.7838733866931
person_years_exposure,county,2,male,18-44,2267.232066039364,2078.182640361979,2463.3959940955606
person_years_exposure,county,2,male,45-64,2036.9771628082794,1857.620259033901,2219.7266468108533
person_years_exposure,county,2,male,65-74,627.8242412320553,535.1628703414384,707.5549424797817
person_years_exposure,county,2,male,75-84,222.32515884379274,160.58529905906983,273.3329152837295
person_years_exposure,county,2,male,85+,39.326723650872275,21.633077015619712,55.96086125504666
person_years_exposure,county,2,male,18-64,4304.209228847643,3936.7305122020516,4678.75885689997
person_years_exposure,county,2,male,65+,889.4761237267203,726.5333563340611,1026.716329517564
mortality_rate,county,2,male,0-17,0.00141842459175736,0.0,0.0039105534495316695
mortality_rate,county,2,male,18-44,0.002020334166432203,0.0003995519502830934,0.004886071310821299
mortality_rate,county,2,male,45-64,0.010110195959613875,0.0030531891502210144,0.022580426474762647
mortality_rate,county,2,male,65-74,0.046951152589031396,0.015090821156110502,0.10660408785707177
mortality_rate,county,2,male,75-84,0.0918740796317493,0.029985854182477612,0.22362130725104296
mortality_rate,county,2,male,85+,0.15758289788195048,0.039981488240991334,0.4318376589961182
qualifying_event_rate,county,2,male,0-17,0.025519197298158616,0.014398177016293767,0.039553009891920565
qualifying_event_rate,county,2,male,18-44,0.036240242140732605,0.02181115217138873,0.054283740540805064
qualifying_event_rate,county,2,male,45-64,0.050443590277953976,0.031045984277396448,0.07394670771131773
qualifying_event_rate,county,2,male,65-74,0.07061649241607734,0.0433653824631298,0.10650622105610386
qualifying_event_rate,county,2,male,75-84,0.0634482536656214,0.030922542706983455,0.1037051316906424
qualifying_event_rate,county,2,male,85+,0.037111372498939206,0.0,0.09563835589405496
person_years_exposure,county,2,female,0-17,1413.4199625254926,1288.402961126533,1542.223519497634
person_years_exposure,county,2,female,18-44,2083.6551015790865,1910.075930062586,2263.3792721573345
person_years_exposure,county,2,female,45-64,1915.4120954254777,1743.0619113677267,2090.2659421633944
person_years_exposure,county,2,female,65-74,745.2856045338261,646.5610764591181,839.6318939659956
person_years_exposure,county,2,female,75-84,235.85484256829236,162.84812358367105,292.0560660741176
person_years_exposure,county,2,female,85+,12.148911799297508,5.248980272972634,18.740914712790012
person_years_exposure,county,2,female,18-64,3999.067197004564,3655.571620422092,4349.428696739082
person_years_exposure,county,2,female,65+,993.289358901416,823.6422558369826,1138.4804512422484
mortality_rate,county,2,female,0-17,0.0032276406444682,0.0006486055560588045,0.0076786500715662
mortality_rate,county,2,female,18-44,0.002293173693493148,0.00044189653076691284,0.005528065235537168
mortality_rate,county,2,female,45-64,0.010178282530067959,0.002929407973355096,0.022507179292022374
mortality_rate,county,2,female,65-74,0.04275215780809723,0.014352259337367806,0.096826369359609
mortality_rate,county,2,female,75-84,0.1041350261283124,0.03472372344849553,0.2605037403924679
mortality_rate,county,2,female,85+,0.11769207634075443,0.0,0.44765969310157666
qualifying_event_rate,county,2,female,0-17,0.027769524303214364,0.015569440723316638,0.04312988968061968
qualifying_event_rate,county,2,female,18-44,0.038170139735789484,0.023448191291863502,0.057226276332640574
qualifying_event_rate,county,2,female,45-64,0.05278701484668776,0.03325080914924342,0.07748220807048671
qualifying_event_rate,county,2,female,65-74,0.0770939812028924,0.04856378799553437,0.11310119144202983
qualifying_event_rate,county,2,female,75-84,0.06950395320246167,0.03624671805649028,0.10864935852661317
qualifying_event_rate,county,2,female,85+,0.032109031516067595,0.0,0.1298323263308462
person_years_exposure,county,3,male,0-17,1055.9045567735595,979.6850191824595,1138.2950564125238
person_years_exposure,county,3,male,18-44,1381.8504441233342,1284.6347544676598,1484.9880619938403
person_years_exposure,county,3,male,45-64,1393.49835188375,1296.1225148749277,1501.395498792567
person_years_exposure,county,3,male,65-74,349.50891391249803,297.5202627839762,392.6200060837396
person_years_exposure,county,3,male,75-84,115.87739090602398,84.71388963522949,141.0987289518171
person_years_exposure,county,3,male,85+,21.679501235717932,10.038877467653249,33.662445497529
person_years_exposure,county,3,male,18-64,2775.3487960070843,2581.588266396651,2986.1940675624924
person_years_exposure,county,3,male,65+,487.06580605423994,400.7989589553156,558.7890667407715
mortality_rate,county,3,male,0-17,0.0010714487867226994,0.0,0.003113628276494039
mortality_rate,county,3,male,18-44,0.0018830191011739903,0.0,0.0050587629306314994
mortality_rate,county,3,male,45-64,0.011351895490128041,0.0033901597320344606,0.02453498869566195
mortality_rate,county,3,male,65-74,0.04382058353888253,0.012564003718551,0.10210845442290688
mortality_rate,county,3,male,75-84,0.09128724882262614,0.02279112687932919,0.2280586229715203
mortality_rate,county,3,male,85+,0.15140712726179745,0.028903407376271804,0.4950173994192528
qualifying_event_rate,county,3,male,0-17,0.023382739706790372,0.012418650774455992,0.0373079407965733
qualifying_event_rate,county,3,male,18-44,0.03692023860227369,0.02133932803007597,0.05602763709279074
qualifying_event_rate,county,3,male,45-64,0.04926933583268246,0.02970551291283075,0.07398595718104253
qualifying_event_rate,county,3,male,65-74,0.06867809871606963,0.038886147665410764,0.10649273262634823
qualifying_event_rate,county,3,male,75-84,0.054611756509497955,0.019180000746241183,0.09713593453472556
qualifying_event_rate,county,3,male,85+,0.032758896219025585,0.0,0.11361968865911813
person_years_exposure,county,3,female,0-17,1033.7956558880635,958.7015882591006,1115.0526967576602
person_years_exposure,county,3,female,18-44,1584.410082635052,1473.0801895515451,1700.4162795842087
person_years_exposure,county,3,female,45-64,1382.1776153749856,1285.8953063139998,1492.1771437654302
person_years_exposure,county,3,female,65-74,322.56081531672174,279.8835339795347,359.367344800676
person_years_exposure,county,3,female,75-84,155.21850206979346,109.47602998343272,191.21580313918162
person_years_exposure,county,3,female,85+,27.498460645105173,13.846188598984751,41.8142395824395
person_years_exposure,county,3,female,18-64,2966.5876980100375,2758.3930847817633,3188.9937423087317
person_years_exposure,county,3,female,65+,505.2777780316204,413.166349700738,582.891419107636
mortality_rate,county,3,female,0-17,0.0011978007867872852,0.0,0.0038058925956452492
mortality_rate,county,3,female,18-44,0.0021153377757013353,0.0,0.005242967476501959
mortality_rate,county,3,female,45-64,0.010944996879721412,0.002879324395944028,0.024765363992950828
mortality_rate,county,3,female,65-74,0.043849109279978676,0.012239738405765185,0.10280231710754957
mortality_rate,county,3,female,75-84,0.10238706815411434,0.031115368949035504,0.252913143761088
mortality_rate,county,3,female,85+,0.13662993672420112,0.025742957434124514,0.41371014555299424
qualifying_event_rate,county,3,female,0-17,0.025103966315747735,0.013439416739920723,0.04033011135015329
qualifying_event_rate,county,3,female,18-44,0.03790609471477865,0.022387947062067256,0.057446410620860325
qualifying_event_rate,county,3,female,45-64,0.04955099871981293,0.030274725680374776,0.07418745455438606
qualifying_event_rate,county,3,female,65-74,0.07046874289647691,0.038889861777123794,0.10791365741306895
qualifying_event_rate,county,3,female,75-84,0.0578633263134831,0.023839137119418898,0.0989594363337982
qualifying_event_rate,county,3,female,85+,0.0422009676927493,0.0,0.1192385244207611
person_years_exposure,county,4,male,0-17,1688.2463463905485,1508.2992951143387,1882.962492714791
person_years_exposure,county,4,male,18-44,2453.3041240610305,2191.4954200039488,2742.153643477842
person_years_exposure,county,4,male,45-64,2546.619665735526,2280.508831371324,2840.6887949259476
person_years_exposure,county,4,male,65-74,781.6032773202807,660.7567973565441,898.9484781826957
person_years_exposure,county,4,male,75-84,309.7811593832044,221.70431050075922,383.61682627006013
person_years_exposure,county,4,male,85+,35.49445297909033,15.915359743039057,55.20922395672571
person_years_exposure,county,4,male,18-64,4999.923789796556,4470.476318922456,5569.236657646482
person_years_exposure,county,4,male,65+,1126.8788896825754,913.5045951784024,1326.4382964976094
mortality_rate,county,4,male,0-17,0.0016610130534239543,0.0,0.004387210460594475
mortality_rate,county,4,male,18-44,0.0024681716880770085,0.00040740794503934657,0.005731090465157997
mortality_rate,county,4,male,45-64,0.010348430108972894,0.003343093722550543,0.02218652516993136
mortality_rate,county,4,male,65-74,0.04674094919745612,0.015249861570056604,0.10466257292419948
mortality_rate,county,4,male,75-84,0.0952711675825338,0.03245084753485552,0.23941165009542528
mortality_rate,county,4,male,85+,0.12215845438322082,0.021690912724603103,0.37481961786089857
qualifying_event_rate,county,4,male,0-17,0.01999520745871699,0.010964376113392741,0.03177012387564648
qualifying_event_rate,county,4,male,18-44,0.028419103217251825,0.0167101943447951,0.04401107683212755
qualifying_event_rate,county,4,male,45-64,0.03931720857640561,0.02399789859500287,0.058615013438275236
qualifying_event_rate,county,4,male,65-74,0.056665626088913006,0.033217180768818126,0.0868556563197883
qualifying_event_rate,county,4,male,75-84,0.058566821134766314,0.030565725048056838,0.09479753618578622
qualifying_event_rate,county,4,male,85+,0.024342234415893272,0.0,0.07769761640703232
person_years_exposure,county,4,female,0-17,1572.7078024364696,1404.6478399473644,1757.2515941256552
person_years_exposure,county,4,female,18-44,2309.998063317235,2059.940026573712,2579.939384201571
person_years_exposure,county,4,female,45-64,2620.942685188189,2344.8800314464065,2928.183879429799
person_years_exposure,county,4,female,65-74,770.0525830025242,658.5940881561669,880.1701117101594
person_years_exposure,county,4,female,75-84,204.46392372864463,145.81222747443658,255.0305179069507
person_years_exposure,county,4,female,85+,14.116297803352968,6.151939932074338,22.111201941057008
person_years_exposure,county,4,female,18-64,4930.9407485054235,4407.979904157461,5510.013907546328
person_years_exposure,county,4,female,65+,988.6328045345218,818.9358763305544,1148.49213356575
mortality_rate,county,4,female,0-17,0.0028066640816314693,0.0,0.006485558068563883
mortality_rate,county,4,female,18-44,0.0022697698953784576,0.0004133517972885247,0.005309231169867302
mortality_rate,county,4,female,45-64,0.010726959522097028,0.003418468671628599,0.0234254379690809
mortality_rate,county,4,female,65-74,0.04278257875876548,0.014125103399423859,0.09530220461199647
mortality_rate,county,4,female,75-84,0.10132040671314639,0.03312220431396503,0.24504874652998143
mortality_rate,county,4,female,85+,0.15204296325713781,0.0,0.5318559559231022
qualifying_event_rate,county,4,female,0-17,0.021198696551959634,0.011649662795670005,0.033276744448554545
qualifying_event_rate,county,4,female,18-44,0.02843050324960743,0.017098995956675956,0.043455364442869675
qualifying_event_rate,county,4,female,45-64,0.035744981149129246,0.021947581396860195,0.05424807286989237
qualifying_event_rate,county,4,female,65-74,0.051186769288612065,0.02994772402199114,0.07857508753171749
qualifying_event_rate,county,4,female,75-84,0.06137951977482982,0.029585363916968442,0.10071902240746948
qualifying_event_rate,county,4,female,85+,0.029879511627309056,0.0,0.11908918961025756
person_years_exposure,county,5,male,0-17,712.8088689925058,625.5460968679471,804.7723802198591
person_years_exposure,county,5,male,18-44,1079.5239644493586,990.0715419309155,1166.4142172184384
person_years_exposure,county,5,male,45-64,1769.4123313787436,1607.639896225261,1931.9728779494656
person_years_exposure,county,5,male,65-74,492.54337188147576,410.05083247156597,567.8230566738118
person_years_exposure,county,5,male,75-84,148.75169774121625,101.44837598199804,195.8601886223872
person_years_exposure,county,5,male,85+,36.62170785054124,5.165232802947443,110.74520333507024
person_years_exposure,county,5,male,18-64,2848.936295828102,2607.1281079976748,3088.545190541091
person_years_exposure,county,5,male,65+,677.9167774732333,524.6212688346095,846.8720648637632
mortality_rate,county,5,male,0-17,0.006909006823817421,0.0012723182340178777,0.016857645825355656
mortality_rate,county,5,male,18-44,0.0021326493617252165,0.0,0.005963990620411288
mortality_rate,county,5,male,45-64,0.010430888629768098,0.002695338638412669,0.023009578367365523
mortality_rate,county,5,male,65-74,0.04183047034142097,0.011680251853736426,0.09745806606258761
mortality_rate,county,5,male,75-84,0.0945153762700831,0.02560034595912635,0.24594327906307656
mortality_rate,county,5,male,85+,0.11425817843210785,0.0,0.45973912165451886
qualifying_event_rate,county,5,male,0-17,0.02558856710674654,0.012742549043535712,0.041401411608884796
qualifying_event_rate,county,5,male,18-44,0.038899671069237265,0.0223629529770534,0.06034698767472761
qualifying_event_rate,county,5,male,45-64,0.05166626172805319,0.03236365651217256,0.07657009764859427
qualifying_event_rate,county,5,male,65-74,0.058581817660091476,0.03321862917223975,0.08920018088446585
qualifying_event_rate,county,5,male,75-84,0.06119236082854778,0.0275300995314238,0.10375737949154532
qualifying_event_rate,county,5,male,85+,0.02245724689096548,0.0,0.09845034279356747
person_years_exposure,county,5,female,0-17,779.4731219746568,714.291487248992,842.5908858379371
person_years_exposure,county,5,female,18-44,1046.5439017337421,961.7743251142739,1126.6157147468243
person_years_exposure,county,5,female,45-64,1684.3830380155025,1522.6219401539909,1844.4061371051164
person_years_exposure,county,5,female,65-74,420.90011456352806,355.267139202163,482.8154713125204
person_years_exposure,county,5,female,75-84,138.02402470022693,94.3241777383076,175.15824710897823
person_years_exposure,county,5,female,85+,15.554363039012431,6.522781270872932,26.542589130100414
person_years_exposure,county,5,female,18-64,2730.9269397492444,2492.172588607597,2964.556019965408
person_years_exposure,county,5,female,65+,574.4785023027674,462.49359438316293,671.9780202096741
mortality_rate,county,5,female,0-17,0.0032718164319627666,0.0,0.008663907873280642
mortality_rate,county,5,female,18-44,0.004938582170740778,0.0009047024545846751,0.011841965940928009
mortality_rate,county,5,female,45-64,0.011087029651819685,0.003151780558713187,0.025136925528016746
mortality_rate,county,5,female,65-74,0.041825951087768744,0.012156311496000518,0.09891284954206465
mortality_rate,county,5,female,75-84,0.10141442894082085,0.028583078603712272,0.2615847300596598
mortality_rate,county,5,female,85+,0.13284994949938497,0.0,0.4887356485977374
qualifying_event_rate,county,5,female,0-17,0.030026395222044023,0.01539082484537698,0.048401182375562915
qualifying_event_rate,county,5,female,18-44,0.040424073869075955,0.023865987993527422,0.06135880653234669
qualifying_event_rate,county,5,female,45-64,0.04653357895725177,0.0285058223506318,0.06896853693280179
qualifying_event_rate,county,5,female,65-74,0.07534037469707168,0.04357032326219308,0.11281752073678142
qualifying_event_rate,county,5,female,75-84,0.06260248479262219,0.028097662374070326,0.10631826046681621
qualifying_event_rate,county,5,female,85+,0.035153171766900956,0.0,0.12866841537042278
person_years_exposure,county,6,male,0-17,2035.1464270019098,1822.010985532726,2269.0124383123357
person_years_exposure,county,6,male,18-44,2809.365802438144,2506.4111300163077,3133.643989567568
person_years_exposure,county,6,male,45-64,2705.7609371643,2420.680654226849,3011.3767805205916
person_years_exposure,county,6,male,65-74,731.0942455035807,622.4682290929726,841.3520887849282
person_years_exposure,county,6,male,75-84,214.5259374809783,151.46133400331547,266.50931988403227
person_years_exposure,county,6,male,85+,43.68370240033751,20.242387987285937,67.79116715747263
person_years_exposure,county,6,male,18-64,5515.126739602443,4928.169655585046,6144.415498485319
person_years_exposure,county,6,male,65+,989.3038853848966,805.7637691069034,1165.0759377243176
mortality_rate,county,6,male,0-17,0.001708501528497997,0.0,0.004195112222752942
mortality_rate,county,6,male,18-44,0.002373825902882519,0.0003759357463722061,0.00553317375915429
mortality_rate,county,6,male,45-64,0.010285670852879219,0.003140965211970657,0.02218229903158429
mortality_rate,county,6,male,65-74,0.04416423880716636,0.014635955628036013,0.09860961374268933
mortality_rate,county,6,male,75-84,0.09726932964338937,0.029527154261701546,0.243756883892938
mortality_rate,county,6,male,85+,0.13524425233092693,0.03183534561215921,0.4129168664432872
qualifying_event_rate,county,6,male,0-17,0.02451403386782114,0.013763734513213189,0.038102286437050895
qualifying_event_rate,county,6,male,18-44,0.03405357366757739,0.02079002232555128,0.05138624871705181
qualifying_event_rate,county,6,male,45-64,0.047518691316738706,0.029882316238469615,0.07028211718808855
qualifying_event_rate,county,6,male,65-74,0.0661834751585395,0.04002759152456269,0.0989609157112834
qualifying_event_rate,county,6,male,75-84,0.0698398923526881,0.036039976622406864,0.11128613802720747
qualifying_event_rate,county,6,male,85+,0.03195906906606378,0.0,0.08375009425113872
person_years_exposure,county,6,female,0-17,2038.3964598249863,1825.2369071402622,2274.3348834200365
person_years_exposure,county,6,female,18-44,2790.774326799736,2488.910848090231,3119.8966636369637
person_years_exposure,county,6,female,45-64,2485.605004416777,2222.0911247861336,2769.0754922680903
person_years_exposure,county,6,female,65-74,764.0018137443284,654.5895541525175,871.9350967389772
person_years_exposure,county,6,female,75-84,275.02001471752635,193.6686043303726,342.49475333305475
person_years_exposure,county,6,female,85+,31.867330689925577,14.924233282644881,46.854835894596754
person_years_exposure,county,6,female,18-64,5276.379331216513,4713.950996629496,5895.276416896317
person_years_exposure,county,6,female,65+,1070.8891591517804,873.7724157007909,1251.4694051071501
mortality_rate,county,6,female,0-17,0.0028531829226436873,0.0004860682167077004,0.006654851579954645
mortality_rate,county,6,female,18-44,0.002297259492082198,0.0003569720077134069,0.0051594611359999775
mortality_rate,county,6,female,45-64,0.010312897269256473,0.0032597709597261037,0.021942370823578555
mortality_rate,county,6,female,65-74,0.04191926676127403,0.0137085479721799,0.09539353059127052
mortality_rate,county,6,female,75-84,0.10736596692881216,0.03447670422946175,0.2715240967601357
mortality_rate,county,6,female,85+,0.12494738067458983,0.02329838606903808,0.3909829487542892
qualifying_event_rate,county,6,female,0-17,0.025956275302814597,0.014901603540077541,0.039795246612668415
qualifying_event_rate,county,6,female,18-44,0.034290704637964735,0.020904131386415625,0.051717249477192126
qualifying_event_rate,county,6,female,45-64,0.04283433533971017,0.02659928454011481,0.06369109667670513
qualifying_event_rate,county,6,female,65-74,0.06062499040072159,0.03618070269756393,0.09087033692317173
qualifying_event_rate,county,6,female,75-84,0.07564326100984206,0.04109143048800022,0.11898700011295418
qualifying_event_rate,county,6,female,85+,0.03670986073716174,0.0,0.10242579643763916
person_years_exposure,county,7,male,0-17,1043.6793438649977,952.5999089224778,1137.3668986212788
person_years_exposure,county,7,male,18-44,1449.8760822254014,1327.6210334782731,1574.274210987577
person_years_exposure,county,7,male,45-64,1233.880794180556,1126.3535069394466,1346.219312667849
person_years_exposure,county,7,male,65-74,428.3468356173265,364.6236793260457,484.47308632253754
person_years_exposure,county,7,male,75-84,105.43568105332542,74.54686111777325,131.59329394237446
person_years_exposure,county,7,male,85+,7.022213067530488,2.2411963391503025,11.551144976375026
person_years_exposure,county,7,male,18-64,2683.7568764059574,2455.036713001086,2919.017256796651
person_years_exposure,county,7,male,65+,540.8047297381825,447.74472494114355,622.4552110350082
mortality_rate,county,7,male,0-17,0.0014189770449663753,0.0,0.004064882233713395
mortality_rate,county,7,male,18-44,0.001988316474312203,0.0,0.005057636926054699
mortality_rate,county,7,male,45-64,0.010522804779835195,0.0025601842020562065,0.023127856551751966
mortality_rate,county,7,male,65-74,0.04438637445470612,0.013985564154218465,0.10324384902073501
mortality_rate,county,7,male,75-84,0.08796304139282012,0.02330846434381202,0.22958467762328286
mortality_rate,county,7,male,85+,0.14620937617315838,0.0,0.8905867203447266
qualifying_event_rate,county,7,male,0-17,0.018635243539433122,0.009310291828447724,0.030364412005088944
qualifying_event_rate,county,7,male,18-44,0.02666628717989763,0.014985080776535086,0.04145840514970232
qualifying_event_rate,county,7,male,45-64,0.03820121231306121,0.022369910202934423,0.057958277358513256
qualifying_event_rate,county,7,male,65-74,0.052251353419587344,0.02847608176923001,0.08227950106247701
qualifying_event_rate,county,7,male,75-84,0.0469991710007482,0.012656415630532129,0.08920305679859021
qualifying_event_rate,county,7,male,85+,0.028321984498452125,0.0,0.16217969364689802
person_years_exposure,county,7,female,0-17,1062.9046875291956,969.2729115040675,1160.3983707445705
person_years_exposure,county,7,female,18-44,1415.1761598635167,1297.2767133463847,1537.2911403344588
person_years_exposure,county,7,female,45-64,1318.5177696349583,1201.6438894426765,1440.238328273818
person_years_exposure,county,7,female,65-74,395.35839771007824,339.6682275037549,446.5481845664149
person_years_exposure,county,7,female,75-84,107.05519075895197,73.1596388848828,134.99882022876903
person_years_exposure,county,7,female,85+,11.199127354990534,4.114946555780485,18.04779661601008
person_years_exposure,county,7,female,18-64,2733.693929498475,2499.6720516757246,2976.8760901041846
person_years_exposure,county,7,female,65+,513.6127158240207,424.4329242813365,593.0869319345704
mortality_rate,county,7,female,0-17,0.003269434876920276,0.0,0.007930946590899319
mortality_rate,county,7,female,18-44,0.002419710353642652,0.0,0.006069340203455975
mortality_rate,county,7,female,45-64,0.010143596109783819,0.0027803461454099948,0.02208295088474246
mortality_rate,county,7,female,65-74,0.041333540044676535,0.01186508627520491,0.09470147652504553
mortality_rate,county,7,female,75-84,0.11320469190650863,0.034045430752555075,0.28138423141818714
mortality_rate,county,7,female,85+,0.11650250470243738,0.0,0.4891811609156486
qualifying_event_rate,county,7,female,0-17,0.02038010522406788,0.010624516663885964,0.03269146200977983
qualifying_event_rate,county,7,female,18-44,0.0283326586909625,0.016354102695728914,0.04355158491166308
qualifying_event_rate,county,7,female,45-64,0.03944824246411161,0.0234851987616746,0.05980536822308201
qualifying_event_rate,county,7,female,65-74,0.058045125501149285,0.03170586349343454,0.09107922688763499
qualifying_event_rate,county,7,female,75-84,0.05582308237386731,0.01829698902317578,0.10273744753354745
qualifying_event_rate,county,7,female,85+,0.026488314569232837,0.0,0.12686521455956798
person_years_exposure,county,8,male,0-17,1063.944566819204,966.9545704949677,1167.8370524230784
person_years_exposure,county,8,male,18-44,1921.4880663686072,1745.1349696653851,2106.278352401935
person_years_exposure,county,8,male,45-64,1454.1654656626479,1321.0011525197558,1598.0316509605163
person_years_exposure,county,8,male,65-74,373.55416145294873,317.34323816869045,423.5245352411422
person_years_exposure,county,8,male,75-84,144.6086826827494,102.71565612047792,178.69244067368004
person_years_exposure,county,8,male,85+,17.750793753067658,7.766427437309903,28.047030776260584
person_years_exposure,county,8,male,18-64,3375.653532031255,3066.3805917905383,3705.6247072073756
person_years_exposure,county,8,male,65+,535.9136378887658,435.5503584302803,620.4925160867948
mortality_rate,county,8,male,0-17,0.000787991153295175,0.0,0.002771604552969584
mortality_rate,county,8,male,18-44,0.0017887552585099287,0.0,0.0043792755536709175
mortality_rate,county,8,male,45-64,0.009538197347562187,0.0026979718475760883,0.020580672434390507
mortality_rate,county,8,male,65-74,0.04797973576031668,0.013243840521393855,0.10970964432601797
mortality_rate,county,8,male,75-84,0.10138024522805046,0.02886383733448203,0.2514314024313743
mortality_rate,county,8,male,85+,0.21437356581482125,0.043835518957998205,0.6785981279069068
qualifying_event_rate,county,8,male,0-17,0.023802656473881335,0.012692939126885107,0.03804073614497286
qualifying_event_rate,county,8,male,18-44,0.029243232223840256,0.017196405963873826,0.044284155957918986
qualifying_event_rate,county,8,male,45-64,0.04278690407002435,0.026090140779456858,0.06384819579204924
qualifying_event_rate,county,8,male,65-74,0.06733980542018625,0.03745976150450013,0.10265407144633336
qualifying_event_rate,county,8,male,75-84,0.0618820384086032,0.027944860325985598,0.10330256099333517
qualifying_event_rate,county,8,male,85+,0.03566861296532714,0.0,0.12999702541193078
person_years_exposure,county,8,female,0-17,1236.1865289520858,1122.5309679961397,1357.375592610777
person_years_exposure,county,8,female,18-44,1641.910411222069,1495.079854619167,1800.87286499447
person_years_exposure,county,8,female,45-64,1545.8085935408208,1404.4187312408203,1699.0977486109934
person_years_exposure,county,8,female,65-74,387.4996582781885,334.2782385919945,438.4235276765411
person_years_exposure,county,8,female,75-84,138.33667521536208,96.5728006208351,170.6527296304037
person_years_exposure,county,8,female,85+,23.100735083793708,11.317082394881066,33.71793974465694
person_years_exposure,county,8,female,18-64,3187.7190047628897,2900.223298302442,3501.800826824078
person_years_exposure,county,8,female,65+,548.9370685773442,452.32013535302974,634.8815273118976
mortality_rate,county,8,female,0-17,0.0010862223507954482,0.0,0.0032217298591031775
mortality_rate,county,8,female,18-44,0.0018479569084659554,0.0,0.004565577955854064
mortality_rate,county,8,female,45-64,0.01025391242080802,0.00288243088043365,0.022431282897950197
mortality_rate,county,8,female,65-74,0.041180064836546876,0.01184344400825595,0.09393040695468992
mortality_rate,county,8,female,75-84,0.11023750755328512,0.03292055016034067,0.27163091425757085
mortality_rate,county,8,female,85+,0.15792195013184043,0.031289133775602725,0.46544600699940897
qualifying_event_rate,county,8,female,0-17,0.024249617739049073,0.013055094201294958,0.03805561314027181
qualifying_event_rate,county,8,female,18-44,0.029729589107090428,0.01718841019722429,0.045575512699380635
qualifying_event_rate,county,8,female,45-64,0.04282339845977957,0.026018557615581556,0.06477881392663942
qualifying_event_rate,county,8,female,65-74,0.06331876326034634,0.03522781898874002,0.09743485511370503
qualifying_event_rate,county,8,female,75-84,0.06614523758655082,0.029336224791776114,0.11316240491089301
qualifying_event_rate,county,8,female,85+,0.03615719095771542,0.0,0.11083417962207535
person_years_exposure,county,9,male,0-17,1572.0182380432857,1432.2116166982512,1712.7749279726813
person_years_exposure,county,9,male,18-44,2486.4023525627636,2275.34783163815,2701.357774666986
person_years_exposure,county,9,male,45-64,1923.5867478977282,1756.827002662385,2098.2209250542414
person_years_exposure,county,9,male,65-74,490.0150922025396,420.4275146720529,555.0947179230105
person_years_exposure,county,9,male,75-84,176.79285618419257,125.78337253816952,217.13785078378862
person_years_exposure,county,9,male,85+,27.358277456994873,13.494245038112314,40.695590602194194
person_years_exposure,county,9,male,18-64,4409.9891004604915,4034.1026857558268,4794.4445065905775
person_years_exposure,county,9,male,65+,694.166225843727,566.584168928605,804.4494804099288
mortality_rate,county,9,male,0-17,0.001426311378416884,0.0,0.003935667763077621
mortality_rate,county,9,male,18-44,0.0020447150758845923,0.0003802645542511474,0.004665573825109619
mortality_rate,county,9,male,45-64,0.0100845140055162,0.003003546637104114,0.021934469499199343
mortality_rate,county,9,male,65-74,0.043339796404150165,0.01274034320430831,0.09897447973387362
mortality_rate,county,9,male,75-84,0.09715506361138926,0.030305339765384937,0.23547019414672488
mortality_rate,county,9,male,85+,0.15472135354095615,0.030801845228625287,0.45125184329646695
qualifying_event_rate,county,9,male,0-17,0.023088104830244732,0.013113410613052249,0.03645811096492765
qualifying_event_rate,county,9,male,18-44,0.03278357827215672,0.020040924397782895,0.04972096469147287
qualifying_event_rate,county,9,male,45-64,0.045798893461670875,0.027942476111262923,0.06829403105354519
qualifying_event_rate,county,9,male,65-74,0.06254411843773258,0.036187282476711755,0.09434974827420436
qualifying_event_rate,county,9,male,75-84,0.05959554477423312,0.02670099914417083,0.10046028881123233
qualifying_event_rate,county,9,male,85+,0.031898392665818745,0.0,0.09847885987675381
person_years_exposure,county,9,female,0-17,1654.3772599159472,1507.4372879069917,1804.354987620281
person_years_exposure,county,9,female,18-44,2208.9959546889672,2021.439650026088,2398.9380412559426
person_years_exposure,county,9,female,45-64,1836.5347247878583,1677.6609293850568,2006.5104992912482
person_years_exposure,county,9,female,65-74,512.1916490602881,437.82271910797533,577.8508630041417
person_years_exposure,county,9,female,75-84,158.42386256780244,107.7348232568852,200.03863544994277
person_years_exposure,county,9,female,85+,10.135874048010837,4.046341771077235,15.959379606333588
person_years_exposure,county,9,female,18-64,4045.5306794768258,3703.4036260444213,4400.481604697032
person_years_exposure,county,9,female,65+,680.7513856761013,558.514452389577,785.4436866490609
mortality_rate,county,9,female,0-17,0.0032182615652432893,0.0005770194531703604,0.007446871702668506
mortality_rate,county,9,female,18-44,0.0023258056682242327,0.0004321439533699932,0.005412278837108618
mortality_rate,county,9,female,45-64,0.009455966556529992,0.002796366668333423,0.02093947992156958
mortality_rate,county,9,female,65-74,0.044057980115322914,0.013786132080238933,0.10231044221533685
mortality_rate,county,9,female,75-84,0.11080558240637889,0.03475790753423244,0.26643095712924647
mortality_rate,county,9,female,85+,0.12872425322446746,0.0,0.5210302289277827
qualifying_event_rate,county,9,female,0-17,0.025182660631993137,0.014352591367973407,0.039013683120582295
qualifying_event_rate,county,9,female,18-44,0.034626638528564326,0.021036887014310526,0.05240876420603188
qualifying_event_rate,county,9,female,45-64,0.04701156898420372,0.028903993406024824,0.06884494203303888
qualifying_event_rate,county,9,female,65-74,0.07018775738643804,0.04171844757924475,0.10567848272584282
qualifying_event_rate,county,9,female,75-84,0.06558759347937372,0.030175125711591807,0.10959869320317416
qualifying_event_rate,county,9,female,85+,0.03197891028215672,0.0,0.13329496328268414
person_years_exposure,county,10,male,0-17,1057.6567653472673,965.7720473223509,1143.3126307787338
person_years_exposure,county,10,male,18-44,1747.2590751970256,1597.1663219285351,1894.5598602225068
person_years_exposure,county,10,male,45-64,1556.4349919127587,1415.2156432377474,1686.888567659631
person_years_exposure,county,10,male,65-74,403.27198716664236,349.5261271840579,448.0236757115383
person_years_exposure,county,10,male,75-84,123.60779340639964,90.3782520597273,150.5300569523836
person_years_exposure,county,10,male,85+,8.78937240631581,3.3926062354418867,14.40847614891272
person_years_exposure,county,10,male,18-64,3303.6940671097846,3020.0216228528684,3571.7210630301397
person_years_exposure,county,10,male,65+,535.6691529793578,451.0241956979603,604.5823790069151
mortality_rate,county,10,male,0-17,0.001292657074387552,0.0,0.003860443631139962
mortality_rate,county,10,male,18-44,0.001610222892780079,0.0,0.0041490787218199454
mortality_rate,county,10,male,45-64,0.009415296463484678,0.002468372459300198,0.020643450785747676
mortality_rate,county,10,male,65-74,0.03909351496300824,0.01105227975920779,0.08774870537888646
mortality_rate,county,10,male,75-84,0.08986055083395388,0.025796258744187357,0.22391578231661477
mortality_rate,county,10,male,85+,0.1340647003208447,0.0,0.545335975937309
qualifying_event_rate,county,10,male,0-17,0.027782405935413243,0.015555070477366442,0.043807128408327504
qualifying_event_rate,county,10,male,18-44,0.03493825573711639,0.020880133307774985,0.05374238420907178
qualifying_event_rate,county,10,male,45-64,0.04982195560498003,0.030949723834558802,0.07337524622485876
qualifying_event_rate,county,10,male,65-74,0.0723578427361699,0.04191909148987599,0.10997284956255528
qualifying_event_rate,county,10,male,75-84,0.07621283389658683,0.03539943419193314,0.1276685488023246
qualifying_event_rate,county,10,male,85+,0.03520412069682599,0.0,0.16530481038231534
person_years_exposure,county,10,female,0-17,1111.4351475901874,1010.3469454552485,1201.9300249706519
person_years_exposure,county,10,female,18-44,1518.9151333091643,1388.9395103340573,1643.9978284734025
person_years_exposure,county,10,female,45-64,1510.6425547587903,1375.6803987491885,1637.1623595657777
person_years_exposure,county,10,female,65-74,515.5261214366797,442.62424354150613,577.9488568644016
person_years_exposure,county,10,female,75-84,176.0092425238082,125.52150691685014,215.57726867844048
person_years_exposure,county,10,female,85+,20.17469474726035,9.719378168813732,29.77691148691767
person_years_exposure,county,10,female,18-64,3029.5576880679546,2765.139130448386,3281.5852107482333
person_years_exposure,county,10,female,65+,711.7100587077482,585.6548800883454,816.6638421537119
mortality_rate,county,10,female,0-17,0.0025269974195881698,0.0,0.006737743565274366
mortality_rate,county,10,female,18-44,0.0019226947524628893,0.0,0.004964824173232233
mortality_rate,county,10,female,45-64,0.010059486947874605,0.002657625684334083,0.021788111077374522
mortality_rate,county,10,female,65-74,0.04274670843727999,0.01260712863722371,0.09419367232475888
mortality_rate,county,10,female,75-84,0.10504765269065494,0.03194759254900066,0.25423644615130475
mortality_rate,county,10,female,85+,0.1390513762413953,0.019578680880353066,0.43198447137713314
qualifying_event_rate,county,10,female,0-17,0.024896987267990466,0.013520905103531726,0.03924061520722866
qualifying_event_rate,county,10,female,18-44,0.034836924058628524,0.020683884860397204,0.0539046660936875
qualifying_event_rate,county,10,female,45-64,0.048172860235537164,0.029424863324756214,0.07243593487609791
qualifying_event_rate,county,10,female,65-74,0.07672107409238625,0.046366449349966074,0.11409657835922923
qualifying_event_rate,county,10,female,75-84,0.08384607921078048,0.044203405546261884,0.1334254295321738
qualifying_event_rate,county,10,female,85+,0.034275502732397725,0.0,0.11299389362733585
person_years_exposure,county,11,male,0-17,2981.665619563482,2708.2808377119545,3270.4982172283817
person_years_exposure,county,11,male,18-44,4051.854917968931,3687.8117773765152,4444.369532266977
person_years_exposure,county,11,male,45-64,4187.1251492957035,3803.31563067717,4603.739785310879
person_years_exposure,county,11,male,65-74,1165.7551504071766,1002.4734564905326,1317.3164018936504
person_years_exposure,county,11,male,75-84,353.95894486807515,252.9801904292821,433.01715216388783
person_years_exposure,county,11,male,85+,40.94959934287681,21.55342081881276,58.69577164165021
person_years_exposure,county,11,male,18-64,8238.980067264634,7497.774582961373,9051.00037592908
person_years_exposure,county,11,male,65+,1560.6636946181286,1296.4882532909132,1796.363598320088
mortality_rate,county,11,male,0-17,0.000755103063528504,0.0,0.001995253350580424
mortality_rate,county,11,male,18-44,0.0018436530909884073,0.00045887656178378175,0.004122750033656595
mortality_rate,county,11,male,45-64,0.009848129705279051,0.003254329191155913,0.02123813842084488
mortality_rate,county,11,male,65-74,0.047757692501147544,0.016331802454425677,0.10488534682237027
mortality_rate,county,11,male,75-84,0.09859657515184397,0.03366491980196728,0.24569502394914586
mortality_rate,county,11,male,85+,0.1434517025093371,0.034248659540237335,0.41387560453721567
qualifying_event_rate,county,11,male,0-17,0.023366927137674843,0.013946420701315146,0.03550492622356938
qualifying_event_rate,county,11,male,18-44,0.029209437398564853,0.018030746927920185,0.04444934502061419
qualifying_event_rate,county,11,male,45-64,0.042644209155065296,0.027103039066632157,0.06321865877281728
qualifying_event_rate,county,11,male,65-74,0.06650752709965613,0.04166966570289243,0.09729459612942373
qualifying_event_rate,county,11,male,75-84,0.06126325213156648,0.03276213976530272,0.0952597979789611
qualifying_event_rate,county,11,male,85+,0.03046460467418585,0.0,0.08664681455907776
person_years_exposure,county,11,female,0-17,3123.9474103662515,2835.1901249669577,3425.317901597937
person_years_exposure,county,11,female,18-44,4141.763831841661,3768.4514815841803,4538.6945457447055
person_years_exposure,county,11,female,45-64,4219.451078081537,3837.2807733969776,4636.984258810691
person_years_exposure,county,11,female,65-74,1210.4264572419559,1046.3110448609152,1358.9578205342618
person_years_exposure,county,11,female,75-84,325.95893004802286,234.43653023520133,401.8944971600799
person_years_exposure,county,11,female,85+,43.15630145873555,22.45924825021942,62.32101545377894
person_years_exposure,county,11,female,18-64,8361.214909923197,7614.0045761208685,9178.276605129113
person_years_exposure,county,11,female,65+,1579.5416887487143,1316.035470745511,1810.1403829984215
mortality_rate,county,11,female,0-17,0.0010652025407687218,0.0,0.0026863081753485947
mortality_rate,county,11,female,18-44,0.0018779033153591325,0.00044169144555345396,0.004177392965660874
mortality_rate,county,11,female,45-64,0.0100520332420312,0.003364060534490352,0.021021765159052675
mortality_rate,county,11,female,65-74,0.04178985093361382,0.013969110654531523,0.09313541018645619
mortality_rate,county,11,female,75-84,0.10894810078476591,0.037328713447374276,0.2593769420947154
mortality_rate,county,11,female,85+,0.14062234453697028,0.034020481467651846,0.39128989072712694
qualifying_event_rate,county,11,female,0-17,0.023993237860704716,0.01419917540934624,0.03687305740798331
qualifying_event_rate,county,11,female,18-44,0.029642554699433082,0.018418783896530885,0.04432132501749446
qualifying_event_rate,county,11,female,45-64,0.04214369094388247,0.026856361936288944,0.06265407439082539
qualifying_event_rate,county,11,female,65-74,0.06253808602195693,0.03915323071615126,0.09301943239924462
qualifying_event_rate,county,11,female,75-84,0.06530828215225133,0.03584236646546396,0.10427058265789364
qualifying_event_rate,county,11,female,85+,0.035275386959646056,0.0,0.09203345701933224
person_years_exposure,county,12,male,0-17,1746.5953855008281,1597.2080484209914,1888.6448045202637
person_years_exposure,county,12,male,18-44,2537.642056820065,2324.143873163465,2747.4378345127907
person_years_exposure,county,12,male,45-64,2306.221559895634,2094.9768744331654,2499.279087991142
person_years_exposure,county,12,male,65-74,685.1093000506304,595.287467175712,759.7157845325377
person_years_exposure,county,12,male,75-84,218.96104906170734,162.6548707008843,263.9840683088836
person_years_exposure,county,12,male,85+,15.27923617613427,6.390288771839101,23.448375859564543
person_years_exposure,county,12,male,18-64,4843.863616715699,4425.668016731302,5240.235116757004
person_years_exposure,county,12,male,65+,919.349585288472,768.2864598371888,1040.8370037532356
mortality_rate,county,12,male,0-17,0.0012885000727313172,0.0,0.00344651512756206
mortality_rate,county,12,male,18-44,0.0015841554644974284,0.0,0.0039012514236285724
mortality_rate,county,12,male,45-64,0.009504478656743606,0.002856981235018981,0.020259786298127136
mortality_rate,county,12,male,65-74,0.039526536541320455,0.012801604184855996,0.08731404850455168
mortality_rate,county,12,male,75-84,0.09027372057268204,0.028256374283821387,0.2208250584121813
mortality_rate,county,12,male,85+,0.12769962694162132,0.0,0.44444084943567863
qualifying_event_rate,county,12,male,0-17,0.02502385116299695,0.014297788205111062,0.0387388445945486
qualifying_event_rate,county,12,male,18-44,0.0312948151411139,0.019245373475148604,0.04731190608656546
qualifying_event_rate,county,12,male,45-64,0.045477567931936386,0.028565093092255477,0.06740854241818331
qualifying_event_rate,county,12,male,65-74,0.06612218478423318,0.03893545003319237,0.09873690823927775
qualifying_event_rate,county,12,male,75-84,0.07130044455205306,0.037554525063452984,0.11510722875185445
qualifying_event_rate,county,12,male,85+,0.031849150448368634,0.0,0.12050054030901922
person_years_exposure,county,12,female,0-17,1714.0928214455737,1562.932387662846,1852.948980213716
person_years_exposure,county,12,female,18-44,2381.8017802109175,2181.3484584879343,2577.872403041032
person_years_exposure,county,12,female,45-64,2225.5152712637882,2019.620548938603,2413.472553022196
person_years_exposure,county,12,female,65-74,580.0278528328673,497.8953534258435,648.8751288377205
person_years_exposure,county,12,female,75-84,199.5590008725248,141.76086729664158,244.49059474233715
person_years_exposure,county,12,female,85+,26.758874199555297,14.068280953450165,38.151283190357795
person_years_exposure,county,12,female,18-64,4607.317051474705,4214.322996852475,4988.394722221413
person_years_exposure,county,12,female,65+,806.3457279049474,660.5161142300472,922.3574342161846
mortality_rate,county,12,female,0-17,0.0024737484002902562,0.0,0.005850437804833927
mortality_rate,county,12,female,18-44,0.001994083537182264,0.00039053376791962636,0.004883072025552399
mortality_rate,county,12,female,45-64,0.010272375310198565,0.0029661456329504675,0.022100499238307578
mortality_rate,county,12,female,65-74,0.044575561161660934,0.013630154101981392,0.1001645358140463
mortality_rate,county,12,female,75-84,0.09831967781800463,0.031246616720006015,0.23850615404773268
mortality_rate,county,12,female,85+,0.15760867827606695,0.030427272128631586,0.4569693624758721
qualifying_event_rate,county,12,female,0-17,0.022446332645977812,0.012773927619378614,0.03499270121165165
qualifying_event_rate,county,12,female,18-44,0.03172370217382612,0.01922449266134835,0.048313671364156256
qualifying_event_rate,county,12,female,45-64,0.0437389930017075,0.026991427891998095,0.06511712131298335
qualifying_event_rate,county,12,female,65-74,0.07060223538524038,0.042089165266811224,0.10668060814331626
qualifying_event_rate,county,12,female,75-84,0.07431243150294797,0.03907109362457094,0.11806338512535906
qualifying_event_rate,county,12,female,85+,0.03512319849825914,0.0,0.10155560701242598
person_years_exposure,county,13,male,0-17,1129.6050143840316,1030.8442333665419,1230.7027608965636
person_years_exposure,county,13,male,18-44,1781.625918669944,1630.5002784022224,1934.5909458326028
person_years_exposure,county,13,male,45-64,1444.784882752699,1317.978988712803,1574.9045332311255
person_years_exposure,county,13,male,65-74,457.47559890921974,393.30000500538125,517.6981107012003
person_years_exposure,county,13,male,75-84,173.20672112993998,121.96895006540899,214.7681032365484
person_years_exposure,county,13,male,85+,26.67801078024607,12.734067792999594,39.62255598439562
person_years_exposure,county,13,male,18-64,3226.410801422643,2950.5020802119843,3507.3165647419987
person_years_exposure,county,13,male,65+,657.3603308194058,534.1722356664087,761.1347576717988
mortality_rate,county,13,male,0-17,0.0013987881647830763,0.0,0.004102709842351671
mortality_rate,county,13,male,18-44,0.0019897116660979137,0.0,0.00487480905804006
mortality_rate,county,13,male,45-64,0.009947550312900138,0.002646830017367421,0.022448346640887296
mortality_rate,county,13,male,65-74,0.044482752827569985,0.013378970396867486,0.10159532967589274
mortality_rate,county,13,male,75-84,0.10355196804424788,0.03240846287639085,0.2559629620354967
mortality_rate,county,13,male,85+,0.13712257775076797,0.026316192731321606,0.4348515855497164
qualifying_event_rate,county,13,male,0-17,0.019517331030990563,0.010466589391151224,0.0315299841634705
qualifying_event_rate,county,13,male,18-44,0.027823867190999486,0.016233238858415315,0.04314599919537727
qualifying_event_rate,county,13,male,45-64,0.0389672657004722,0.023010408453712456,0.05821675309404747
qualifying_event_rate,county,13,male,65-74,0.0540325511167814,0.03041692174840349,0.08397358360365166
qualifying_event_rate,county,13,male,75-84,0.05190676693912034,0.021429975315246513,0.09063626203851152
qualifying_event_rate,county,13,male,85+,0.026841468345608525,0.0,0.08986576457267403
person_years_exposure,county,13,female,0-17,1211.8749275961063,1102.9229205570782,1322.1517761284426
person_years_exposure,county,13,female,18-44,1657.2061604111698,1518.1785254004658,1800.387062669881
person_years_exposure,county,13,female,45-64,1569.7723731813915,1432.5421643251418,1712.6847107742112
person_years_exposure,county,13,female,65-74,483.90629150036864,417.26335068919,544.3606775631778
person_years_exposure,county,13,female,75-84,149.7004058136939,100.02214441903632,189.42551103359258
person_years_exposure,county,13,female,85+,14.919491881502676,6.060680253473959,23.19508940021903
person_years_exposure,county,13,female,18-64,3226.9785335925612,2951.6565117816876,3509.621000405489
person_years_exposure,county,13,female,65+,648.5261891955653,532.2314251714868,750.143418824433
mortality_rate,county,13,female,0-17,0.003180602304518198,0.0,0.007822698776396008
mortality_rate,county,13,female,18-44,0.002388656395513191,0.0,0.005800394438394281
mortality_rate,county,13,female,45-64,0.009863156226193126,0.002710276716290038,0.021561765974228823
mortality_rate,county,13,female,65-74,0.04028996593078067,0.011716578805964727,0.09285280504509577
mortality_rate,county,13,female,75-84,0.12072946063181177,0.038648018307832994,0.3042291886463121
mortality_rate,county,13,female,85+,0.118665435901062,0.0,0.43788761498163836
qualifying_event_rate,county,13,female,0-17,0.021181586489843703,0.011269657073680949,0.03393508250629571
qualifying_event_rate,county,13,female,18-44,0.029400479803859413,0.017141772812780856,0.045248559319364
qualifying_event_rate,county,13,female,45-64,0.04060725090722067,0.024481362870153064,0.06092208377730048
qualifying_event_rate,county,13,female,65-74,0.059449271422658725,0.033867078272939236,0.09129529583228704
qualifying_event_rate,county,13,female,75-84,0.05920803009988793,0.024455699084426817,0.10452099933564556
qualifying_event_rate,county,13,female,85+,0.024245617500769825,0.0,0.10302356300927865
person_years_exposure,county,14,male,0-17,1067.8680737316067,971.8399647937158,1164.2357052835396
person_years_exposure,county,14,male,18-44,1417.8378056028414,1298.7455702850216,1541.040595051872
person_years_exposure,county,14,male,45-64,1483.653173215923,1352.3203857113365,1620.6060549434974
person_years_exposure,county,14,male,65-74,365.50158299295595,312.37589843269274,413.98744530824064
person_years_exposure,county,14,male,75-84,135.61098151335923,95.53478468018649,168.35099015681394
person_years_exposure,county,14,male,85+,23.10462958820551,11.858570696064128,34.12223868676488
person_years_exposure,county,14,male,18-64,2901.4909788187642,2652.2766545241484,3159.3598649298738
person_years_exposure,county,14,male,65+,524.2171940945207,426.54944109674534,607.7465975237151
mortality_rate,county,14,male,0-17,0.0014000954090474815,0.0,0.003993504834796528
mortality_rate,county,14,male,18-44,0.002020503390747122,0.0,0.005252599208427737
mortality_rate,county,14,male,45-64,0.01045106197218636,0.002880988680242631,0.02270052281778197
mortality_rate,county,14,male,65-74,0.04535261744059692,0.01315907733543982,0.10463423356379736
mortality_rate,county,14,male,75-84,0.09037296373989967,0.025159245264009613,0.22812905687468035
mortality_rate,county,14,male,85+,0.14755746669565814,0.03099116338583979,0.44725593623595206
qualifying_event_rate,county,14,male,0-17,0.021125802772309518,0.010932815124072418,0.03425098938673569
qualifying_event_rate,county,14,male,18-44,0.03048008745550789,0.017438814010066677,0.047081869422981155
qualifying_event_rate,county,14,male,45-64,0.04283148018897666,0.02620880685338185,0.0642691978086474
qualifying_event_rate,county,14,male,65-74,0.059534663235402255,0.031467257055100194,0.09267277625421942
qualifying_event_rate,county,14,male,75-84,0.05337008869810747,0.020632047509430644,0.0929285671726279
qualifying_event_rate,county,14,male,85+,0.030063601955835153,0.0,0.09998622130003451
person_years_exposure,county,14,female,0-17,943.7293073924164,859.0740586339045,1032.4109018499212
person_years_exposure,county,14,female,18-44,1564.4941234640783,1431.7871431771337,1700.3130593248775
person_years_exposure,county,14,female,45-64,1631.9391051494347,1489.5933704972863,1778.7097137215408
person_years_exposure,county,14,female,65-74,526.054491505894,452.20254648811846,594.3632057715489
person_years_exposure,county,14,female,75-84,185.93726944150524,131.15529017362198,231.47851587036956
person_years_exposure,county,14,female,85+,21.282989333971067,9.811242719020047,32.63543745961995
person_years_exposure,county,14,female,18-64,3196.433228613513,2920.1492184895874,3478.078105391811
person_years_exposure,county,14,female,65+,733.2747502813703,596.7988411504097,849.2256737902698
mortality_rate,county,14,female,0-17,0.00312972507912361,0.0,0.008034687857599723
mortality_rate,county,14,female,18-44,0.0022268455128716196,0.0,0.00558894130116119
mortality_rate,county,14,female,45-64,0.010329089645141187,0.0029493532791765175,0.023059298089488745
mortality_rate,county,14,female,65-74,0.042886278606612656,0.013029121727493712,0.09812513294695825
mortality_rate,county,14,female,75-84,0.10861344601255853,0.03390866784574891,0.2685413736115349
mortality_rate,county,14,female,85+,0.1339326362403333,0.02744876736849551,0.41317808734989364
qualifying_event_rate,county,14,female,0-17,0.022913892309331677,0.011529775934197696,0.03727830470240315
qualifying_event_rate,county,14,female,18-44,0.03178589613572626,0.018536380728995737,0.04877495790871985
qualifying_event_rate,county,14,female,45-64,0.044267099617595694,0.026846894296517095,0.06586757472204134
qualifying_event_rate,county,14,female,65-74,0.065534565517717,0.03778076799881813,0.09947290747412384
qualifying_event_rate,county,14,female,75-84,0.06080091519254889,0.02818044800262984,0.10342929324307247
qualifying_event_rate,county,14,female,85+,0.029394527997289237,0.0,0.10148221432016621
person_years_exposure,county,15,male,0-17,2684.892269876397,2454.6592548883564,2906.879856791239
person_years_exposure,county,15,male,18-44,3832.502956782756,3517.888146581976,4145.747133284793
person_years_exposure,county,15,male,45-64,3319.5980178410946,3017.037425533789,3599.0776923055587
person_years_exposure,county,15,male,65-74,859.6648189288527,747.4822166182055,952.5902081169371
person_years_exposure,county,15,male,75-84,350.32599258614664,256.88005722646744,422.20532547288894
person_years_exposure,county,15,male,85+,49.46615866724829,23.895274415184332,71.22545388685623
person_years_exposure,county,15,male,18-64,7152.100974623851,6543.608163009839,7744.734262525294
person_years_exposure,county,15,male,65+,1259.4569701822475,1039.223780585457,1434.193133879646
mortality_rate,county,15,male,0-17,0.0012777660023796543,0.0,0.0031399771911330234
mortality_rate,county,15,male,18-44,0.001585559156711292,0.0002553486561838166,0.003569201213977986
mortality_rate,county,15,male,45-64,0.009502927242382173,0.0030072164934250305,0.020143678101928214
mortality_rate,county,15,male,65-74,0.03870090953840104,0.01243505765199023,0.08656215556755298
mortality_rate,county,15,male,75-84,0.1001382566985939,0.03212224678582068,0.23762435192500428
mortality_rate,county,15,male,85+,0.15404178778214303,0.041661350163132896,0.44707094185423824
qualifying_event_rate,county,15,male,0-17,0.019133754783712414,0.011087095626002933,0.029847692694912675
qualifying_event_rate,county,15,male,18-44,0.024161653733656592,0.014520594774605749,0.03673475418020606
qualifying_event_rate,county,15,male,45-64,0.03495678688958201,0.021833164464107786,0.052065521045686944
qualifying_event_rate,county,15,male,65-74,0.05145935019635972,0.030146981160269544,0.07819183898349757
qualifying_event_rate,county,15,male,75-84,0.05915101156791375,0.03179743321715403,0.09497851897420989
qualifying_event_rate,county,15,male,85+,0.028807327016146047,0.0,0.08095907826791145
person_years_exposure,county,15,female,0-17,2822.412571298647,2581.902625418237,3056.546740084353
person_years_exposure,county,15,female,18-44,3860.293119643207,3545.645988548013,4184.6647320728725
person_years_exposure,county,15,female,45-64,3556.809892799818,3238.4648699880495,3854.041324129715
person_years_exposure,county,15,female,65-74,847.4302890799052,725.9162217682999,949.8771822581183
person_years_exposure,county,15,female,75-84,298.9830196777192,214.1703786321251,363.8781237965676
person_years_exposure,county,15,female,85+,36.2047288152005,18.082910584053433,52.638889452015086
person_years_exposure,county,15,female,18-64,7417.103012443025,6776.15115364831,8022.655093484252
person_years_exposure,county,15,female,65+,1182.6180375728247,965.3162376795016,1357.497388849964
mortality_rate,county,15,female,0-17,0.00252011100045422,0.00036430524324328623,0.005719605454896044
mortality_rate,county,15,female,18-44,0.0019844722392371194,0.00028551736397407814,0.004534790675226591
mortality_rate,county,15,female,45-64,0.009676502682480326,0.0030541345097894463,0.020384824266325194
mortality_rate,county,15,female,65-74,0.042262349626172487,0.013647130326789114,0.09258893202100382
mortality_rate,county,15,female,75-84,0.106012091873569,0.033430047335822055,0.258789230318895
mortality_rate,county,15,female,85+,0.15613139174206334,0.04156335573134511,0.44177152649920076
qualifying_event_rate,county,15,female,0-17,0.017131114958328978,0.009835197825530006,0.026592761420749893
qualifying_event_rate,county,15,female,18-44,0.024387669995433237,0.014965523281939282,0.03750618459974431
qualifying_event_rate,county,15,female,45-64,0.03342001847902532,0.020401707402199317,0.050763622966804124
qualifying_event_rate,county,15,female,65-74,0.054810117722698476,0.03275983590505015,0.08300904524093382
qualifying_event_rate,county,15,female,75-84,0.06143783589045562,0.03179199589852583,0.09976200499367537
qualifying_event_rate,county,15,female,85+,0.02676516588480215,0.0,0.08068529565052249
person_years_exposure,county,16,male,0-17,3383.7420665339573,3145.701557628316,3633.182351067372
person_years_exposure,county,16,male,18-44,4176.400935579172,3879.67607174526,4485.163181273261
person_years_exposure,county,16,male,45-64,3622.537962483545,3369.455049788451,3904.220243132228
person_years_exposure,county,16,male,65-74,1002.2234338434247,867.1494896030069,1119.2721232296872
person_years_exposure,county,16,male,75-84,363.18708220595636,266.23036889892956,434.3174200860769
person_years_exposure,county,16,male,85+,44.535708213209006,20.217976049684015,67.14463159663855
person_years_exposure,county,16,male,18-64,7798.938898062717,7248.049025451552,8382.747675027686
person_years_exposure,county,16,male,65+,1409.94622426259,1160.3870908579731,1611.1387878011076
mortality_rate,county,16,male,0-17,0.0010597549782135598,0.0,0.002688646246817835
mortality_rate,county,16,male,18-44,0.0018963509483798365,0.00045208399181019554,0.0042881738435174045
mortality_rate,county,16,male,45-64,0.010066238755507766,0.003226228701663663,0.02171893837109569
mortality_rate,county,16,male,65-74,0.045089802860678624,0.01510867646584566,0.09911475071554261
mortality_rate,county,16,male,75-84,0.09600715594327439,0.031754509733267454,0.23767879612313064
mortality_rate,county,16,male,85+,0.1544918825691713,0.03971866931782242,0.442940373756702
qualifying_event_rate,county,16,male,0-17,0.023042599970870898,0.013786222315389321,0.0353891154522918
qualifying_event_rate,county,16,male,18-44,0.03644349263072918,0.022551815383997278,0.05429649524929557
qualifying_event_rate,county,16,male,45-64,0.04812589748693128,0.030051696164353138,0.07034249415518479
qualifying_event_rate,county,16,male,65-74,0.06891111297212323,0.04269976054177708,0.10238945861078602
qualifying_event_rate,county,16,male,75-84,0.05546189894171749,0.03013993247562529,0.08825433898488856
qualifying_event_rate,county,16,male,85+,0.034534350052161794,0.0,0.09330559324619599
person_years_exposure,county,16,female,0-17,3044.6880002818493,2827.1214524654206,3271.0728457121318
person_years_exposure,county,16,female,18-44,4297.546495787066,4000.1306309775864,4615.263920095364
person_years_exposure,county,16,female,45-64,3863.277024326242,3593.8803322863205,4161.11162113441
person_years_exposure,county,16,female,65-74,1019.3238985670095,894.4369828582497,1130.541327610677
person_years_exposure,county,16,female,75-84,339.14039385202614,245.31606754597618,414.30887275679225
person_years_exposure,county,16,female,85+,34.42052238934658,15.092565054918119,53.91071953914739
person_years_exposure,county,16,female,18-64,8160.823520113308,7599.409059186725,8775.722441422997
person_years_exposure,county,16,female,65+,1392.8848148083823,1166.5588495475884,1582.5864509820037
mortality_rate,county,16,female,0-17,0.0012061542203700498,0.0,0.002974681627793086
mortality_rate,county,16,female,18-44,0.0021892033359552873,0.0004615118624832721,0.004811039577560112
mortality_rate,county,16,female,45-64,0.010767580028383997,0.0035916106419092986,0.022623260839050138
mortality_rate,county,16,female,65-74,0.04159295533921391,0.013812000556814738,0.09241672309568032
mortality_rate,county,16,female,75-84,0.10547060724296796,0.03660287032612471,0.25760858235950945
mortality_rate,county,16,female,85+,0.13231587817378454,0.023802078935555134,0.42610018282063733
qualifying_event_rate,county,16,female,0-17,0.02494162065800181,0.014738501568431511,0.037757334678218554
qualifying_event_rate,county,16,female,18-44,0.0376437762953445,0.023735052158618437,0.05591751382939939
qualifying_event_rate,county,16,female,45-64,0.048909052485811025,0.031003962596011812,0.07239128178871213
qualifying_event_rate,county,16,female,65-74,0.06864969191688433,0.0421838534468405,0.10207453919485929
qualifying_event_rate,county,16,female,75-84,0.05881802620743346,0.03186197070703419,0.09424841676090537
qualifying_event_rate,county,16,female,85+,0.03997164305298042,0.0,0.10846689338577069
person_years_exposure,state,0,male,0-17,9324.158382835363,8533.737876612124,10072.742070893277
person_years_exposure,state,0,male,18-44,13548.621740612569,12419.813622476746,14665.661729540516
person_years_exposure,state,0,male,45-64,11576.150762929663,10537.179117039457,12540.079440987283
person_years_exposure,state,0,male,65-74,3118.4096355604975,2712.7432093165,3454.4450533939303
person_years_exposure,state,0,male,75-84,1103.189941678165,824.0202158495856,1314.245629982614
person_years_exposure,state,0,male,85+,127.8179313494872,69.7530290043139,176.98481758737807
person_years_exposure,state,0,male,18-64,25124.772503542234,23005.65961261177,27201.681853893835
person_years_exposure,state,0,male,65+,4349.41750858815,3617.639011890143,4921.333018419118
mortality_rate,state,0,male,0-17,0.0012843086919560153,0.00031832929854153156,0.0027523688551980632
mortality_rate,state,0,male,18-44,0.0015856879858377874,0.0004840196107468091,0.0033827514456594206
mortality_rate,state,0,male,45-64,0.009459229331601902,0.0032791282570886434,0.01962189994516513
mortality_rate,state,0,male,65-74,0.03861965498745788,0.013832274216756224,0.08315100114341559
mortality_rate,state,0,male,75-84,0.09650354206543385,0.03471671428502185,0.22144207678671618
mortality_rate,state,0,male,85+,0.15017941233707416,0.05246615933610353,0.3969550717062681
qualifying_event_rate,state,0,male,0-17,0.01931579028172799,0.011871506457535794,0.029321531901715717
qualifying_event_rate,state,0,male,18-44,0.02456090409952916,0.01551328905343212,0.036841175242260896
qualifying_event_rate,state,0,male,45-64,0.035942254373017186,0.02320851518961297,0.052638145257051336
qualifying_event_rate,state,0,male,65-74,0.052950372394460134,0.03352955997252307,0.078160583871304
qualifying_event_rate,state,0,male,75-84,0.05857221615207718,0.035616266855883795,0.0882590454482056
qualifying_event_rate,state,0,male,85+,0.026625237929376728,0.0036655882421240027,0.0567471148978479
person_years_exposure,state,0,female,0-17,9343.406982575609,8546.182963341975,10115.796502585363
person_years_exposure,state,0,female,18-44,13259.980430368161,12161.762136255944,14365.672107036793
person_years_exposure,state,0,female,45-64,11761.668343489302,10703.934503582022,12746.229647461741
person_years_exposure,state,0,female,65-74,2995.955956354967,2575.8849070364836,3348.2332695636933
person_years_exposure,state,0,female,75-84,966.6485529843109,697.1774721937567,1167.9308862055102
person_years_exposure,state,0,female,85+,135.91111670613785,76.02939146501096,186.16462288423077
person_years_exposure,state,0,female,18-64,25021.648773857465,22872.926364234085,27092.822003253623
person_years_exposure,state,0,female,65+,4098.515626045416,3378.6450627831105,4682.171186389907
mortality_rate,state,0,female,0-17,0.0025101255937729577,0.0007404743976130827,0.0053046173478079155
mortality_rate,state,0,female,18-44,0.001963769925452825,0.0005932877188484043,0.0041594271476049416
mortality_rate,state,0,female,45-64,0.00976096013154466,0.003293811385810938,0.020203644505394146
mortality_rate,state,0,female,65-74,0.04269560966030599,0.014925277337638708,0.0907494258793096
mortality_rate,state,0,female,75-84,0.10507283511203364,0.03752527819084516,0.2430432983797238
mortality_rate,state,0,female,85+,0.1515510835974309,0.055433042904376034,0.369686315382188
qualifying_event_rate,state,0,female,0-17,0.017401140483680556,0.01061859828855134,0.02649309938870682
qualifying_event_rate,state,0,female,18-44,0.024463683462169813,0.015346547636963172,0.03679653921688092
qualifying_event_rate,state,0,female,45-64,0.034255626714345164,0.02178652184380642,0.051059143649437734
qualifying_event_rate,state,0,female,65-74,0.05729649180827855,0.03672389739409599,0.08436300836365022
qualifying_event_rate,state,0,female,75-84,0.06407220574701537,0.03995425765237248,0.09740085850285962
qualifying_event_rate,state,0,female,85+,0.027186405084118532,0.005906683612174583,0.056018345331335144
person_years_exposure,state,1,male,0-17,7896.347065571323,7181.08943274983,8666.155999601166
person_years_exposure,state,1,male,18-44,12017.83843785334,10938.998308103732,13189.296813174085
person_years_exposure,state,1,male,45-64,10244.328672496413,9315.914348991382,11262.872737862559
person_years_exposure,state,1,male,65-74,2563.665808640909,2204.8082810583637,2887.7558463659134
person_years_exposure,state,1,male,75-84,812.7920323638632,591.2631301499359,989.2869571211924
person_years_exposure,state,1,male,85+,122.25411023764944,66.77284463684434,171.33689673992257
person_years_exposure,state,1,male,18-64,22262.16711034975,20247.274891313686,24461.949227103403
person_years_exposure,state,1,male,65+,3498.7119512424215,2888.8330952928013,4034.559764734122
mortality_rate,state,1,male,0-17,0.000771284744790957,0.0001254421611554539,0.0017971409740999888
mortality_rate,state,1,male,18-44,0.0017996572314957972,0.0005269927695442151,0.003794794876360072
mortality_rate,state,1,male,45-64,0.009597678919431842,0.0033754965711168417,0.02019869779856354
mortality_rate,state,1,male,65-74,0.047946915620297875,0.01697620585705039,0.10341186429384355
mortality_rate,state,1,male,75-84,0.10108321685562029,0.03629734887333401,0.240309115411386
mortality_rate,state,1,male,85+,0.15849054233955656,0.05616277613119507,0.4068158874258073
qualifying_event_rate,state,1,male,0-17,0.0221443375712803,0.013728772704826222,0.03339399746846156
qualifying_event_rate,state,1,male,18-44,0.027541249235561973,0.017523535083324413,0.04093434283390744
qualifying_event_rate,state,1,male,45-64,0.0404633182419153,0.0261286770143773,0.06015244620611154
qualifying_event_rate,state,1,male,65-74,0.06428435872695812,0.041489428928052165,0.09412277040969258
qualifying_event_rate,state,1,male,75-84,0.0593438647797234,0.03564521184799293,0.08892057633693125
qualifying_event_rate,state,1,male,85+,0.03014124980767572,0.006907404313034123,0.061714801768802736
person_years_exposure,state,1,female,0-17,8376.545063929922,7608.921865698269,9192.90596330213
person_years_exposure,state,1,female,18-44,11701.737463399684,10648.520897307846,12828.483080283348
person_years_exposure,state,1,female,45-64,9824.406918071023,8934.357516033531,10795.046276737818
person_years_exposure,state,1,female,65-74,2620.1674859960494,2272.648032341978,2942.967097816504
person_years_exposure,state,1,female,75-84,783.7815240398168,564.4297352474703,959.9010736804806
person_years_exposure,state,1,female,85+,93.13492419299988,51.563993630809286,130.191456036318
person_years_exposure,state,1,female,18-64,21526.14438147071,19584.800993916146,23648.83557488094
person_years_exposure,state,1,female,65+,3497.083934228866,2900.204725448123,4013.985999079502
mortality_rate,state,1,female,0-17,0.0010856206145369433,0.00024075989299524427,0.002386012283105658
mortality_rate,state,1,female,18-44,0.00186237033758135,0.0005309788971952773,0.0039945870173733805
mortality_rate,state,1,female,45-64,0.00979384819891928,0.0034326450386734124,0.020358040804710577
mortality_rate,state,1,female,65-74,0.04192506463799692,0.014580884164022192,0.09087620001599662
mortality_rate,state,1,female,75-84,0.11153927163888895,0.040557104424471774,0.2602071348500562
mortality_rate,state,1,female,85+,0.14106563048540555,0.04598249566974572,0.3594578972539582
qualifying_event_rate,state,1,female,0-17,0.022762941431373786,0.014077953686461503,0.03435626649489428
qualifying_event_rate,state,1,female,18-44,0.027987367081224682,0.017712197448482618,0.04165672690623944
qualifying_event_rate,state,1,female,45-64,0.040272836984538846,0.026002557743736814,0.05925987478791819
qualifying_event_rate,state,1,female,65-74,0.06031819625058475,0.03839048018305505,0.0886551476664146
qualifying_event_rate,state,1,female,75-84,0.0634357453843668,0.03863010460664035,0.09717863409722326
qualifying_event_rate,state,1,female,85+,0.03386591893382555,0.0,0.07458202541472625
person_years_exposure,state,2,male,0-17,6225.595398410688,5690.716902811183,6755.604707882312
person_years_exposure,state,2,male,18-44,9402.974225100326,8623.504002078624,10212.416130949967
person_years_exposure,state,2,male,45-64,8122.882760855195,7417.658234989507,8854.26828477712
person_years_exposure,state,2,male,65-74,2369.1633509540925,2036.452993234951,2668.1136542927725
person_years_exposure,state,2,male,75-84,813.3713987246106,597.6746365912634,984.846287064179
person_years_exposure,state,2,male,85+,123.48985454384928,72.64439682103443,170.83998642028044
person_years_exposure,state,2,male,18-64,17525.85698595552,16037.705806002368,19058.35393618328
person_years_exposure,state,2,male,65+,3306.024604222552,2725.7740931715534,3806.179618447599
mortality_rate,state,2,male,0-17,0.001413801773039567,0.0003149759727389136,0.003209093396512213
mortality_rate,state,2,male,18-44,0.00201606755439104,0.0005701595221414128,0.004377713069508492
mortality_rate,state,2,male,45-64,0.010200120635778753,0.0035506582745610626,0.02188516057981771
mortality_rate,state,2,male,65-74,0.04501724903763263,0.015861422217363134,0.1001568763414193
mortality_rate,state,2,male,75-84,0.09475148376316743,0.03435774389227833,0.22435609020543418
mortality_rate,state,2,male,85+,0.15000633432287833,0.05371385056968179,0.37475439802770527
qualifying_event_rate,state,2,male,0-17,0.02190867258813827,0.013358881663034068,0.033297449539385945
qualifying_event_rate,state,2,male,18-44,0.031386724389555525,0.0198571118323365,0.046597472832393357
qualifying_event_rate,state,2,male,45-64,0.044052427760201573,0.027914155874484523,0.06439267842643799
qualifying_event_rate,state,2,male,65-74,0.06071451211116163,0.03919175112027796,0.08923362266529543
qualifying_event_rate,state,2,male,75-84,0.056340523337934226,0.03342499565296932,0.08592079912541084
qualifying_event_rate,state,2,male,85+,0.03191940067397509,0.0073355351499179615,0.06478382047275076
person_years_exposure,state,2,female,0-17,6286.306144959152,5733.313897199223,6849.3296429551865
person_years_exposure,state,2,female,18-44,8929.527500006821,8180.547915968998,9699.197026225553
person_years_exposure,state,2,female,45-64,8272.17606817911,7553.721494753385,9025.394579087677
person_years_exposure,state,2,female,65-74,2662.7964343104554,2305.744487311729,2987.036408705211
person_years_exposure,state,2,female,75-84,836.971571150245,591.8404509497526,1030.7632975518034
person_years_exposure,state,2,female,85+,69.68639441777276,38.11211517650287,98.06351905517235
person_years_exposure,state,2,female,18-64,17201.70356818593,15737.128682046627,18716.324363341933
person_years_exposure,state,2,female,65+,3569.454399878473,2949.648362673354,4101.196285826415
mortality_rate,state,2,female,0-17,0.003208471418453493,0.0009391502323254339,0.006767053098715612
mortality_rate,state,2,female,18-44,0.00232739947287111,0.0006963940450605571,0.005054687050357449
mortality_rate,state,2,female,45-64,0.009982341153423582,0.0034005099380450465,0.021272186865524224
mortality_rate,state,2,female,65-74,0.04237175078794703,0.015295160224263159,0.09469233883438637
mortality_rate,state,2,female,75-84,0.1105207016033095,0.04096050108647319,0.25961773313228353
mortality_rate,state,2,female,85+,0.12427396780039562,0.037984313609665324,0.31629622096293847
qualifying_event_rate,state,2,female,0-17,0.023840339990667734,0.01464843381291096,0.035900731525813176
qualifying_event_rate,state,2,female,18-44,0.03298838800941017,0.020843891397827823,0.0492416493179286
qualifying_event_rate,state,2,female,45-64,0.045386585435668016,0.028772746067378733,0.06591064208007631
qualifying_event_rate,state,2,female,65-74,0.06744709137026568,0.04348704021679594,0.09861493294216714
qualifying_event_rate,state,2,female,75-84,0.06323781915238473,0.03906734534096704,0.09526518739464931
qualifying_event_rate,state,2,female,85+,0.02867425905652241,0.0,0.06727745584042436
person_years_exposure,state,3,male,0-17,4439.64662330752,4133.700409756184,4766.940126448249
person_years_exposure,state,3,male,18-44,5558.251379702505,5164.566864229827,5970.042509071261
person_years_exposure,state,3,male,45-64,5016.036314367287,4670.81590016415,5404.803346978343
person_years_exposure,state,3,male,65-74,1351.7323477559219,1172.8383924976645,1510.0987542940584
person_years_exposure,state,3,male,75-84,479.06447311197957,353.25420791727754,574.2597956757794
person_years_exposure,state,3,male,85+,66.21520944892693,32.95478704062609,97.83832167217163
person_years_exposure,state,3,male,18-64,10574.287694069792,9837.32845467577,11368.528674607895
person_years_exposure,state,3,male,65+,1897.0120303168285,1566.9046572172392,2168.460349809459
mortality_rate,state,3,male,0-17,0.0010625361783266527,0.00020488568779093163,0.002613431430979963
mortality_rate,state,3,male,18-44,0.0018930364853007367,0.0005035988175773922,0.004204990629986947
mortality_rate,state,3,male,45-64,0.010423405336549089,0.003406877318215068,0.02254220736712555
mortality_rate,state,3,male,65-74,0.04476162881985307,0.015441813190084554,0.10013072399608548
mortality_rate,state,3,male,75-84,0.09486549223586863,0.031935563753452224,0.2308067506920644
mortality_rate,state,3,male,85+,0.15348190378854565,0.0457620303771756,0.4180481235208374
qualifying_event_rate,state,3,male,0-17,0.02312349719706263,0.01373905485169574,0.03532387199448987
qualifying_event_rate,state,3,male,18-44,0.03656201761053103,0.022386281940816304,0.0545976886670933
qualifying_event_rate,state,3,male,45-64,0.04844355456722822,0.03025779390775345,0.07088631548943872
qualifying_event_rate,state,3,male,65-74,0.06885086394449985,0.04377529482444863,0.10173863731081975
qualifying_event_rate,state,3,male,75-84,0.055256264225571394,0.031258288969310266,0.08620572728813862
qualifying_event_rate,state,3,male,85+,0.033953049262059706,0.0,0.08286310404989478
person_years_exposure,state,3,female,0-17,4078.4836561699008,3792.8656439831598,4382.724963683676
person_years_exposure,state,3,female,18-44,5881.956578422103,5471.043097190651,6318.313031242554
person_years_exposure,state,3,female,45-64,5245.454639701239,4884.508583530824,5646.559870600886
person_years_exposure,state,3,female,65-74,1341.8847138837298,1178.4783933113224,1486.0353406300542
person_years_exposure,state,3,female,75-84,494.3588959218194,360.33294676737194,601.5264244134094
person_years_exposure,state,3,female,85+,61.9189830344517,31.02918593047365,91.88830498678857
person_years_exposure,state,3,female,18-64,11127.411218123343,10364.683371510788,11966.356789857784
person_years_exposure,state,3,female,65+,1898.1625928400008,1586.0172548401824,2164.3420366795426
mortality_rate,state,3,female,0-17,0.001204036829673502,0.00023197953740242795,0.0028887502054700575
mortality_rate,state,3,female,18-44,0.0021693063277292914,0.0005239439940120962,0.004787958666958963
mortality_rate,state,3,female,45-64,0.010814329379460785,0.0036140269719228822,0.02315369567731455
mortality_rate,state,3,female,65-74,0.04213528721547987,0.014774372215142433,0.09361054481173225
mortality_rate,state,3,female,75-84,0.10450243953648213,0.037181503939374964,0.2526775270360749
mortality_rate,state,3,female,85+,0.1342317683169303,0.03694011859816535,0.3645245826815302
qualifying_event_rate,state,3,female,0-17,0.024982771303653277,0.014966218647549613,0.03753201203515861
qualifying_event_rate,state,3,female,18-44,0.03771443644780765,0.023821019414316053,0.0561951385904259
qualifying_event_rate,state,3,female,45-64,0.049078205357364915,0.03146774830234059,0.07249948063846012
qualifying_event_rate,state,3,female,65-74,0.06908695344986801,0.044255040206733674,0.101824512858202
qualifying_event_rate,state,3,female,75-84,0.05851827012195059,0.032988617304432505,0.09149562918053077
qualifying_event_rate,state,3,female,85+,0.04096169477650019,0.0,0.09409925429114428
person_years_exposure,state,4,male,0-17,3723.392773392468,3332.9947189467093,4149.164004735727
person_years_exposure,state,4,male,18-44,5262.66992649918,4696.612503432436,5875.0527801091375
person_years_exposure,state,4,male,45-64,5252.380602899822,4701.519365591434,5860.301377944051
person_years_exposure,state,4,male,65-74,1512.6975228238607,1289.4290849090316,1738.0832089420242
person_years_exposure,state,4,male,75-84,524.3070968641831,377.63200517760185,645.079829500393
person_years_exposure,state,4,male,85+,79.17815537942774,39.39275820823499,119.06250267593856
person_years_exposure,state,4,male,18-64,10515.050529399003,9400.612443356313,11723.26136437613
person_years_exposure,state,4,male,65+,2116.1827750674715,1723.2128950878594,2484.5397808822977
mortality_rate,state,4,male,0-17,0.0016869694878515356,0.00026907711272573,0.0038826642934598286
mortality_rate,state,4,male,18-44,0.0024178071723024263,0.0005968118562056729,0.005283022280838918
mortality_rate,state,4,male,45-64,0.010316099713211024,0.003466832418086641,0.02179784058864771
mortality_rate,state,4,male,65-74,0.04549561223468155,0.015622310988071273,0.10087560367434856
mortality_rate,state,4,male,75-84,0.09608873727004649,0.0326004780388712,0.23386496660095857
mortality_rate,state,4,male,85+,0.1293780732349007,0.0373477720200757,0.3531791221895086
qualifying_event_rate,state,4,male,0-17,0.022465125079669686,0.01337470096747746,0.0345962077143919
qualifying_event_rate,state,4,male,18-44,0.03142694691998669,0.019322080614250742,0.04779607114557907
qualifying_event_rate,state,4,male,45-64,0.043542197834299246,0.027427678284173432,0.06430474024999325
qualifying_event_rate,state,4,male,65-74,0.0612656499399376,0.03765684894994113,0.09066192028190843
qualifying_event_rate,state,4,male,75-84,0.06317932053784217,0.03620772413639013,0.09812510717015671
qualifying_event_rate,state,4,male,85+,0.02854454926518668,0.0,0.06503501037951204
person_years_exposure,state,4,female,0-17,3611.1042622614523,3231.8603443415436,4025.97582658327
person_years_exposure,state,4,female,18-44,5100.772390116959,4552.765930300185,5698.011734805367
person_years_exposure,state,4,female,45-64,5106.5476896049695,4561.859169401391,5698.4776589272215
person_years_exposure,state,4,female,65-74,1534.054396746853,1318.0145914970951,1747.7149167703083
person_years_exposure,state,4,female,75-84,479.4839384461718,342.59061316034797,594.3298285526922
person_years_exposure,state,4,female,85+,45.983628493278445,23.760149668261626,66.31599890873629
person_years_exposure,state,4,female,18-64,10207.320079721929,9119.693210987401,11401.875116810259
person_years_exposure,state,4,female,65+,2059.521963686303,1695.5101153006817,2393.4364006973897
mortality_rate,state,4,female,0-17,0.002832923041203878,0.00058572575650194,0.006225947182617233
mortality_rate,state,4,female,18-44,0.0022848102176801443,0.0005722200914863542,0.005024985628021732
mortality_rate,state,4,female,45-64,0.010525415294889347,0.003567159702878234,0.022517050259921283
mortality_rate,state,4,female,65-74,0.04235262534035384,0.014481147150611115,0.09396211742761701
mortality_rate,state,4,female,75-84,0.10478798909948457,0.0363354278484485,0.249758904127291
mortality_rate,state,4,female,85+,0.13326532611350866,0.038743083063098954,0.3690860884636669
qualifying_event_rate,state,4,female,0-17,0.023884255034563002,0.013894326758607863,0.03621611613478159
qualifying_event_rate,state,4,female,18-44,0.031636782286129796,0.01959220805791607,0.04742025304980746
qualifying_event_rate,state,4,female,45-64,0.0391957144674651,0.024835286136679402,0.05817617601896953
qualifying_event_rate,state,4,female,65-74,0.05588726626151152,0.03448359095046392,0.08338118819624275
qualifying_event_rate,state,4,female,75-84,0.06956084559169112,0.03958329910680574,0.1068961675668806
qualifying_event_rate,state,4,female,85+,0.034613043994010696,0.0,0.08689451399045163
person_years_exposure,state,5,male,0-17,712.8088689925058,625.5460968679471,804.7723802198591
person_years_exposure,state,5,male,18-44,1079.5239644493586,990.0715419309155,1166.4142172184384
person_years_exposure,state,5,male,45-64,1769.4123313787436,1607.639896225261,1931.9728779494656
person_years_exposure,state,5,male,65-74,492.54337188147576,410.05083247156597,567.8230566738118
person_years_exposure,state,5,male,75-84,148.75169774121625,101.44837598199804,195.8601886223872
person_years_exposure,state,5,male,85+,36.62170785054124,5.165232802947443,110.74520333507024
person_years_exposure,state,5,male,18-64,2848.936295828102,2607.1281079976748,3088.545190541091
person_years_exposure,state,5,male,65+,677.9167774732333,524.6212688346095,846.8720648637632
mortality_rate,state,5,male,0-17,0.006909006823817421,0.0012723182340178777,0.016857645825355656
mortality_rate,state,5,male,18-44,0.0021326493617252165,0.0,0.005963990620411288
mortality_rate,state,5,male,45-64,0.010430888629768098,0.002695338638412669,0.023009578367365523
mortality_rate,state,5,male,65-74,0.04183047034142097,0.011680251853736426,0.09745806606258761
mortality_rate,state,5,male,75-84,0.0945153762700831,0.02560034595912635,0.24594327906307656
mortality_rate,state,5,male,85+,0.11425817843210785,0.0,0.45973912165451886
qualifying_event_rate,state,5,male,0-17,0.02558856710674654,0.012742549043535712,0.041401411608884796
qualifying_event_rate,state,5,male,18-44,0.038899671069237265,0.0223629529770534,0.06034698767472761
qualifying_event_rate,state,5,male,45-64,0.05166626172805319,0.03236365651217256,0.07657009764859427
qualifying_event_rate,state,5,male,65-74,0.058581817660091476,0.03321862917223975,0.08920018088446585
qualifying_event_rate,state,5,male,75-84,0.06119236082854778,0.0275300995314238,0.10375737949154532
qualifying_event_rate,state,5,male,85+,0.02245724689096548,0.0,0.09845034279356747
person_years_exposure,state,5,female,0-17,779.4731219746568,714.291487248992,842.5908858379371
person_years_exposure,state,5,female,18-44,1046.5439017337421,961.7743251142739,1126.6157147468243
person_years_exposure,state,5,female,45-64,1684.3830380155025,1522.6219401539909,1844.4061371051164
person_years_exposure,state,5,female,65-74,420.90011456352806,355.267139202163,482.8154713125204
person_years_exposure,state,5,female,75-84,138.02402470022693,94.3241777383076,175.15824710897823
person_years_exposure,state,5,female,85+,15.554363039012431,6.522781270872932,26.542589130100414
person_years_exposure,state,5,female,18-64,2730.9269397492444,2492.172588607597,2964.556019965408
person_years_exposure,state,5,female,65+,574.4785023027674,462.49359438316293,671.9780202096741
mortality_rate,state,5,female,0-17,0.0032718164319627666,0.0,0.008663907873280642
mortality_rate,state,5,female,18-44,0.004938582170740778,0.0009047024545846751,0.011841965940928009
mortality_rate,state,5,female,45-64,0.011087029651819685,0.003151780558713187,0.025136925528016746
mortality_rate,state,5,female,65-74,0.041825951087768744,0.012156311496000518,0.09891284954206465
mortality_rate,state,5,female,75-84,0.10141442894082085,0.028583078603712272,0.2615847300596598
mortality_rate,state,5,female,85+,0.13284994949938497,0.0,0.4887356485977374
qualifying_event_rate,state,5,female,0-17,0.030026395222044023,0.01539082484537698,0.048401182375562915
qualifying_event_rate,state,5,female,18-44,0.040424073869075955,0.023865987993527422,0.06135880653234669
qualifying_event_rate,state,5,female,45-64,0.04653357895725177,0.0285058223506318,0.06896853693280179
qualifying_event_rate,state,5,female,65-74,0.07534037469707168,0.04357032326219308,0.11281752073678142
qualifying_event_rate,state,5,female,75-84,0.06260248479262219,0.028097662374070326,0.10631826046681621
qualifying_event_rate,state,5,female,85+,0.035153171766900956,0.0,0.12866841537042278
