estimand,level,unit,sex,age_band,estimate,lower,upper
children_under_16,county,0,,,1747.0609918255236,1286.5215467414569,2207.6004369095904
children_under_16,county,1,,,1345.7866595077062,979.030071291667,1712.5432477237455
children_under_16,county,2,,,484.02354526713793,346.24202593155377,621.805064602722
children_under_16,county,3,,,1326.680426682292,986.6165268788382,1666.7443264857457
children_under_16,county,4,,,1648.7339208272597,1237.3147066437434,2060.153135010776
children_under_16,county,5,,,694.6019850971053,517.5389670096752,871.6650031845354
children_under_16,county,6,,,1795.6976600641021,1337.9511317137167,2253.4441884144876
children_under_16,county,7,,,1351.6532011162249,1014.3664559191297,1688.93994631332
children_under_16,county,8,,,446.6728043338691,335.2116571864988,558.1339514812394
children_under_16,county,9,,,972.9193240800911,716.4499004481094,1229.388747712073
children_under_16,county,10,,,575.1823281002995,431.65337024363396,718.7112859569651
children_under_16,county,11,,,644.2778744787976,483.5070590758526,805.0486898817426
children_under_16,county,12,,,973.1940161634095,696.1658602680409,1250.2221720587781
children_under_16,county,13,,,749.5648344733103,551.9734655754443,947.1562033711763
children_under_16,county,14,,,687.0779843372227,515.6269813415544,858.528987332891
children_under_16,county,15,,,471.1558467220819,337.0372298903658,605.274463553798
children_under_16,county,16,,,1283.6995459985603,956.4679503385033,1610.9311416586174
children_under_16,county,17,,,481.2752466970051,361.17952882476686,601.3709645692434
children_under_16,nation,0,,,17679.258195771996,16816.658262644953,18541.85812889904
children_under_16,state,0,,,3469.5451503789245,3117.51130369802,3821.578997059829
children_under_16,state,1,,,1345.7866595077062,1180.5561127575447,1511.0172062578677
children_under_16,state,2,,,1928.3734081526293,1643.4156275444298,2213.331188760829
children_under_16,state,3,,,1326.680426682292,1219.6444448708173,1433.7164084937665
children_under_16,state,4,,,5834.873359890678,5511.358997630791,6158.387722150565
children_under_16,state,5,,,3773.9991911597676,3486.919670259377,4061.078712060158
elders_65_plus,county,0,,,641.401889107409,472.32314974597375,810.4806284688443
elders_65_plus,county,1,,,493.9937045416937,359.36950954173113,628.6178995416562
elders_65_plus,county,2,,,174.04831804807628,124.50394787651418,223.59268821963838
elders_65_plus,county,3,,,663.1405979044613,493.15981481163186,833.1213809972908
elders_65_plus,county,4,,,727.0033463028493,545.5895101062672,908.4171824994314
elders_65_plus,county,5,,,240.24329366905783,179.00217492051104,301.48441241760463
elders_65_plus,county,6,,,629.5213968050214,469.0482613109888,789.994532299054
elders_65_plus,county,7,,,671.4762624860773,503.91845781842505,839.0340671537296
elders_65_plus,county,8,,,192.7062310166848,144.61900169991853,240.79346033345107
elders_65_plus,county,9,,,327.80567500518146,241.39344076226212,414.2179092481008
elders_65_plus,county,10,,,288.1329450252478,216.23327199420464,360.03261805629097
elders_65_plus,county,11,,,312.78140364230336,234.73104168143234,390.8317656031744
elders_65_plus,county,12,,,213.60574796574542,152.8010107141908,274.41048521730005
elders_65_plus,county,13,,,257.9770101339061,189.9721782205272,325.981842047285
elders_65_plus,county,14,,,286.64336226921205,215.11539443523432,358.1713301031898
elders_65_plus,county,15,,,186.36258745287174,133.31285320410547,239.412321701638
elders_65_plus,county,16,,,617.7006861739701,460.24080250641987,775.1605698415203
elders_65_plus,county,17,,,234.27611119374768,175.8156814350515,292.7365409524439
elders_65_plus,nation,0,,,7158.820568743516,6813.140206742781,7504.500930744251
elders_65_plus,state,0,,,1227.1845742464964,1102.6695477703945,1351.6996007225982
elders_65_plus,state,1,,,493.9937045416937,433.3430439663989,554.6443651169885
elders_65_plus,state,2,,,574.0166534666935,489.19360471872585,658.8397022146611
elders_65_plus,state,3,,,663.1405979044613,609.6387118826287,716.6424839262938
elders_65_plus,state,4,,,2713.0196619361222,2562.5963756719893,2863.442948200255
elders_65_plus,state,5,,,1487.4653766480492,1374.3172740505986,1600.6134792454998
households,county,0,,,2820.3104820821786,2071.4514629941314,3569.169501170226
households,county,1,,,1967.597823867444,1432.0043848811777,2503.19126285371
households,county,2,,,762.7387318267141,554.1754399493112,971.302023704117
households,county,3,,,2338.5132969487663,1723.20300355529,2953.823590342243
households,county,4,,,3040.5401780253815,2262.237856286338,3818.842499764425
households,county,5,,,918.046263161096,672.003998791188,1164.088527531004
households,county,6,,,2486.771788024535,1820.3010596431752,3153.242516405895
households,county,7,,,2364.910722719908,1759.5526618394838,2970.268783600332
households,county,8,,,848.5780297863779,631.3632547497929,1065.7928048229628
households,county,9,,,1799.3033905679492,1321.545859734771,2277.0609214011274
households,county,10,,,1017.9959989711682,757.4144565049651,1278.5775414373713
households,county,11,,,1147.9438555432732,854.0989083682516,1441.7888027182948
households,county,12,,,1191.4440079576962,865.655538042,1517.2324778733923
households,county,13,,,1370.5535764160907,1006.6392438051528,1734.4679090270286
households,county,14,,,1369.2719115948703,1018.7725116565182,1719.7713115332224
households,county,15,,,736.4375480001562,535.0660522781711,937.8090437221413
households,county,16,,,2190.7378612354078,1603.6061167378386,2777.869605732977
households,county,17,,,984.4993357376206,732.4921021898124,1236.506569285429
households,nation,0,,,29356.194802466634,27679.199597515722,31033.190007417546
households,state,0,,,5990.167449066219,5353.164741687479,6627.170156444959
households,state,1,,,1967.597823867444,1727.4039597365604,2207.7916879983277
households,state,2,,,2690.6202877845662,2354.8297323635666,3026.410843205566
households,state,3,,,2338.5132969487663,2104.2181952705164,2572.8083986270162
households,state,4,,,10773.740032378599,9916.640961440866,11630.839103316332
households,state,5,,,5595.555912421039,4966.631161088976,6224.480663753101
low_income_household_share,county,0,,,0.274058744583911,0.07410594925752312,0.4740115399102989
low_income_household_share,county,1,,,0.31988841456705985,0.17608718793627853,0.4636896411978412
low_income_household_share,county,2,,,0.2540183468539026,0.1310028966607651,0.37703379704704015
low_income_household_share,county,3,,,0.2953617959197721,0.1333850519973445,0.45733853984219963
low_income_household_share,county,4,,,0.3068087036561522,0.1876720780848697,0.4259453292274347
low_income_household_share,county,5,,,0.3164214691794163,0.16420236307292108,0.4686405752859116
low_income_household_share,county,6,,,0.2982429847709117,0.14716312540128118,0.44932284414054224
low_income_household_share,county,7,,,0.29326512928641824,0.1750531597186693,0.41147709885416717
low_income_household_share,county,8,,,0.33148499678015153,0.21057576547752738,0.4523942280827757
low_income_household_share,county,9,,,0.27338494884630715,0.07349704996265588,0.4732728477299584
low_income_household_share,county,10,,,0.3203224124116124,0.20022886695207087,0.44041595787115395
low_income_household_share,county,11,,,0.32119501979640463,0.201038526014298,0.44135151357851127
low_income_household_share,county,12,,,0.2721212503359194,0.14736640415767857,0.3968760965141602
low_income_household_share,county,13,,,0.27716086620736463,0.07690766523120379,0.47741406718352547
low_income_household_share,county,14,,,0.35251043232166446,0.23000449868530845,0.47501636595802044
low_income_household_share,county,15,,,0.30596716946180336,0.177712394928717,0.4342219439948897
low_income_household_share,county,16,,,0.33772551057063677,0.18410010436592994,0.4913509167753436
low_income_household_share,county,17,,,0.30311551617018795,0.18423448231383022,0.4219965500265457
low_income_household_share,nation,0,,,0.302931544686829,0.22820091479086133,0.3776621745827966
low_income_household_share,state,0,,,0.2745450324833009,0.1073854608644963,0.44170460410210555
low_income_household_share,state,1,,,0.31988841456705985,0.20890828933948669,0.430868539794633
low_income_household_share,state,2,,,0.276205412037343,0.18365906724634595,0.36875175682834005
low_income_household_share,state,3,,,0.2953617959197721,0.1573527797692341,0.43337081207031003
low_income_household_share,state,4,,,0.3133110832119862,0.22748609496973204,0.39913607145424035
low_income_household_share,state,5,,,0.31565779649411535,0.1976893679766701,0.43362622501156056
mean_income_adults,county,0,,,19450.91633322847,9840.909608683385,29060.923057773554
mean_income_adults,county,1,,,17912.126590056396,11617.691053244334,24206.562126868455
mean_income_adults,county,2,,,19445.34928563493,12936.551361180114,25954.147210089744
mean_income_adults,county,3,,,18203.97959075851,10979.356827693537,25428.602353823484
mean_income_adults,county,4,,,17073.556700774763,12054.88511474512,22092.228286804406
mean_income_adults,county,5,,,18586.39801843045,12052.246257684055,25120.549779176843
mean_income_adults,county,6,,,18360.91948522629,11906.05882051205,24815.780149940532
mean_income_adults,county,7,,,18042.49359873058,12790.599391391672,23294.387806069488
mean_income_adults,county,8,,,18304.4569255075,12991.654928709562,23617.25892230544
mean_income_adults,county,9,,,21387.365784913676,11366.931811919003,31407.79975790835
mean_income_adults,county,10,,,16426.08388924407,11538.45146400074,21313.7163144874
mean_income_adults,county,11,,,18418.698629562372,13074.708402674298,23762.688856450448
mean_income_adults,county,12,,,18428.69046703385,12186.671721615377,24670.709212452326
mean_income_adults,county,13,,,21086.88944362393,11149.146499777438,31024.632387470425
mean_income_adults,county,14,,,19505.10997120051,13861.071428936319,25149.1485134647
mean_income_adults,county,15,,,17330.347742780763,11437.056536859782,23223.638948701744
mean_income_adults,county,16,,,19050.986259355843,12329.608455207275,25772.36406350441
mean_income_adults,county,17,,,17632.967902262655,12503.483848182932,22762.45195634238
mean_income_adults,nation,0,,,18527.828633257915,13519.25586071058,23536.40140580525
mean_income_adults,state,0,,,20353.127781256106,11648.440482651218,29057.815079860993
mean_income_adults,state,1,,,17912.126590056396,12542.425350902673,23281.827829210117
mean_income_adults,state,2,,,18410.211034941938,13172.796200240824,23647.625869643052
mean_income_adults,state,3,,,18203.97959075851,11915.686609362932,24492.27257215409
mean_income_adults,state,4,,,17800.064059515407,13634.353877117126,21965.77424191369
mean_income_adults,state,5,,,18649.60465220503,13107.96915468572,24191.24014972434
median_household_income,county,0,,,25943.78596923222,14818.055231010581,37069.51670745386
median_household_income,county,1,,,23341.24882260509,12919.368100571164,33763.129544639014
median_household_income,county,2,,,30397.297629475488,19930.761766822725,40863.83349212825
median_household_income,county,3,,,25297.441119483363,15378.411187655543,35216.47105131118
median_household_income,county,4,,,25767.18689453015,18115.603852345128,33418.76993671517
median_household_income,county,5,,,27295.2667329065,19053.879207537502,35536.6542582755
median_household_income,county,6,,,29723.72693798246,20824.710704717872,38622.74317124705
median_household_income,county,7,,,29201.214384704544,20102.789801206338,38299.63896820275
median_household_income,county,8,,,15217.957002549292,10766.263907352972,19669.650097745613
median_household_income,county,9,,,25370.933270730286,14411.16537706471,36330.70116439586
median_household_income,county,10,,,25609.66029748426,18088.800382097957,33130.520212870564
median_household_income,county,11,,,21305.88498980783,15073.296667979495,27538.473311636164
median_household_income,county,12,,,25894.526339048803,16847.041562473976,34942.01111562363
median_household_income,county,13,,,24328.900691576593,13671.02312924521,34986.77825390798
median_household_income,county,14,,,24238.9777209438,17120.649956584668,31357.30548530293
median_household_income,county,15,,,15576.490500823153,9329.883817836595,21823.09718380971
median_household_income,county,16,,,21920.9589314625,15213.404628986882,28628.51323393812
median_household_income,county,17,,,28455.631194379795,20131.535069896527,36779.727318863064
median_household_income,nation,0,,,25261.24181998621,18689.756745022227,31832.726894950196
median_household_income,state,0,,,25665.143169590516,15935.005800057335,35395.2805391237
median_household_income,state,1,,,23341.24882260509,13975.81538852619,32706.682256683984
median_household_income,state,2,,,25334.795959198345,17711.475481929687,32958.116436467004
median_household_income,state,3,,,25297.441119483363,16596.150197692004,33998.73204127472
median_household_income,state,4,,,24238.9777209438,18375.702737098414,30102.252704789185
median_household_income,state,5,,,27292.212442247986,20510.653319299407,34073.77156519657
persons,county,0,,,6356.3223416363835,4680.74422633895,8031.900456933817
persons,county,1,,,5200.998656355137,3783.611651479651,6618.3856612306245
persons,county,2,,,1620.565030397575,1159.2570749197848,2081.872985875365
persons,county,3,,,5105.81437845854,3797.0567347257274,6414.5720221913525
persons,county,4,,,6376.056081118449,4784.997663901216,7967.114498335682
persons,county,5,,,2130.342973436111,1587.2910321359225,2673.3949147363
persons,county,6,,,5851.910597686325,4360.1829979454415,7343.638197427208
persons,county,7,,,5133.1066511131085,3852.209425646005,6414.003876580212
persons,county,8,,,1625.4491322231797,1219.8403215916892,2031.0579428546703
persons,county,9,,,3580.108761837405,2636.3630596370635,4523.854464037746
persons,county,10,,,2177.712541421879,1634.2938786580116,2721.1312041857464
persons,county,11,,,2490.233695464554,1868.8296125017446,3111.637778427363
persons,county,12,,,2874.9935487588723,2056.6015860096695,3693.385511508075
persons,county,13,,,2769.376419450838,2039.3463372668716,3499.4065016348045
persons,county,14,,,2550.1692592535596,1913.8090683073915,3186.5294501997278
persons,county,15,,,1602.6446229924134,1146.4378676185004,2058.851378366326
persons,county,16,,,4544.332783760575,3385.9236586069624,5702.741908914188
persons,county,17,,,1966.511030927286,1475.7948439143015,2457.2272179402703
persons,nation,0,,,63956.6485062922,60837.1250150314,67076.171997553
persons,state,0,,,12705.807522924628,11416.625770384579,13994.989275464677
persons,state,1,,,5200.998656355137,4562.439902956012,5839.557409754263
persons,state,2,,,6098.203202148861,5197.065257166052,6999.34114713167
persons,state,3,,,5105.81437845854,4693.879564351021,5517.749192566059
persons,state,4,,,22319.238391522016,21081.748950192494,23556.72783285154
persons,state,5,,,12526.58635488301,11573.717467761686,13479.455242004333
tertiary_share_25_plus,county,0,,,0.5398631434696112,0.5150740891416699,0.5646521977975525
tertiary_share_25_plus,county,1,,,0.4552527358568992,0.428790257115688,0.48171521459811034
tertiary_share_25_plus,county,2,,,0.43696737891941123,0.3999921114190111,0.4739426464198114
tertiary_share_25_plus,county,3,,,0.37905409318007216,0.3526776920212155,0.4054304943389288
tertiary_share_25_plus,county,4,,,0.384352314614133,0.3587096980039244,0.4099949312243416
tertiary_share_25_plus,county,5,,,0.40663122353280645,0.37287058568966375,0.44039186137594916
tertiary_share_25_plus,county,6,,,0.42302788694047927,0.39733740960591624,0.4487183642750423
tertiary_share_25_plus,county,7,,,0.3823276933788387,0.35563158232363307,0.40902380443404435
tertiary_share_25_plus,county,8,,,0.4138268453255368,0.3750860712126989,0.45256761943837476
tertiary_share_25_plus,county,9,,,0.44914920768558725,0.42121136888606947,0.477087046485105
tertiary_share_25_plus,county,10,,,0.4089389115242094,0.37451917465716555,0.4433586483912533
tertiary_share_25_plus,county,11,,,0.4188569033323445,0.38609916616799755,0.4516146404966914
tertiary_share_25_plus,county,12,,,0.4232008894406885,0.3918391725749653,0.4545626063064117
tertiary_share_25_plus,county,13,,,0.4599871240753325,0.4300098911601021,0.4899643569905629
tertiary_share_25_plus,county,14,,,0.4008742057792258,0.36824342036811086,0.4335049911903407
tertiary_share_25_plus,county,15,,,0.3726417545881002,0.3370415719632564,0.40824193721294405
tertiary_share_25_plus,county,16,,,0.400963077388859,0.3738948830027245,0.4280312717749935
tertiary_share_25_plus,county,17,,,0.37013603214447777,0.3358770796319276,0.40439498465702794
tertiary_share_25_plus,nation,0,,,0.4211011821259474,0.40044797531252674,0.441754388939368
tertiary_share_25_plus,state,0,,,0.4968928308841124,0.47434539321590996,0.5194402685523148
tertiary_share_25_plus,state,1,,,0.4552527358568991,0.42879025711568797,0.4817152145981103
tertiary_share_25_plus,state,2,,,0.4135720147988262,0.38793206020393906,0.4392119693937134
tertiary_share_25_plus,state,3,,,0.37905409318007216,0.3526776920212155,0.4054304943389288
tertiary_share_25_plus,state,4,,,0.39291716449207803,0.3711473358997446,0.4146869930844115
tertiary_share_25_plus,state,5,,,0.41223481448954047,0.3893886160396514,0.4350810129394295
person_years_exposure,county,0,male,0-17,5040.376138098859,4582.397222897653,5529.597633383495
person_years_exposure,county,0,male,18-44,4907.263638466502,4468.669223557318,5378.475793274923
person_years_exposure,county,0,male,45-64,4196.518191277348,3818.6572582482772,4613.885372221918
person_years_exposure,county,0,male,65-74,1035.5434353340872,916.5822576922004,1162.437385136613
person_years_exposure,county,0,male,75-84,470.7761978940806,368.7506275034171,557.8925615387567
person_years_exposure,county,0,male,85+,89.17862121296366,52.419565105009475,119.23735016397607
person_years_exposure,county,0,male,18-64,9103.78182974385,8293.863210982012,9973.007773268297
person_years_exposure,county,0,male,65+,1595.4982544411314,1358.3192688346219,1831.1679667976464
mortality_rate,county,0,male,0-17,0.0006004248700061287,0.0,0.0015107933622478292
mortality_rate,county,0,male,18-44,0.0007222831000898945,0.0,0.0017467350608814057
mortality_rate,county,0,male,45-64,0.0058266541551217094,0.001740594393027529,0.012541251776383433
mortality_rate,county,0,male,65-74,0.028541211362094865,0.009311203096590406,0.06117939497881983
mortality_rate,county,0,male,75-84,0.07698007099350415,0.026684822509552338,0.17813482737555844
mortality_rate,county,0,male,85+,0.1382373985745774,0.04427453921323868,0.3631702251710805
qualifying_event_rate,county,0,male,0-17,0.0065414148672416645,0.0040621854082574125,0.009546383131042722
qualifying_event_rate,county,0,male,18-44,0.013550942393586243,0.00928342664620607,0.018964732704105123
qualifying_event_rate,county,0,male,45-64,0.020990592278819054,0.014672648152104398,0.028987158033735513
qualifying_event_rate,county,0,male,65-74,0.04081020722599225,0.02680771198743024,0.05727081727409033
qualifying_event_rate,county,0,male,75-84,0.03369310570828157,0.018544720129219927,0.05274420487109387
qualifying_event_rate,county,0,male,85+,0.03788429895325227,0.008827655795988933,0.07644510362534251
person_years_exposure,county,0,female,0-17,5311.501801903385,4828.795653402496,5828.1436918706395
person_years_exposure,county,0,female,18-44,4753.425107086717,4320.589141245236,5217.674785881678
person_years_exposure,county,0,female,45-64,4333.846523587872,3945.0300772565124,4754.741076870852
person_years_exposure,county,0,female,65-74,1259.1779939951346,1115.0977195446903,1413.3549944008612
person_years_exposure,county,0,female,75-84,550.1790175562958,433.3988366474451,650.3357711616038
person_years_exposure,county,0,female,85+,82.50679509997379,51.45649181457275,109.03584998767224
person_years_exposure,county,0,female,18-64,9087.27163067459,8273.781562621984,9969.509616002773
person_years_exposure,county,0,female,65+,1891.863806651404,1612.738430607284,2164.0045954990637
mortality_rate,county,0,female,0-17,0.0005838413191611316,0.0,0.0014987866531832427
mortality_rate,county,0,female,18-44,0.0006394443401913368,0.0,0.0015638064433345408
mortality_rate,county,0,female,45-64,0.0059306753432217755,0.0018748696357648456,0.012519279962883021
mortality_rate,county,0,female,65-74,0.02719446809311243,0.008726756625597363,0.059197440768669056
mortality_rate,county,0,female,75-84,0.07328109611941228,0.02508679386850486,0.17065223800004342
mortality_rate,county,0,female,85+,0.1221154859740312,0.03805746896761435,0.3093067193639866
qualifying_event_rate,county,0,female,0-17,0.0073887964143561575,0.004768841895746237,0.010697816006097878
qualifying_event_rate,county,0,female,18-44,0.01522760938703678,0.010635786977967195,0.02143104364858783
qualifying_event_rate,county,0,female,45-64,0.020628641716063142,0.014444998429825264,0.028342454973402646
qualifying_event_rate,county,0,female,65-74,0.0408488993625541,0.02763695286748066,0.056278886960873964
qualifying_event_rate,county,0,female,75-84,0.040217869822190055,0.02467406528783281,0.06105539082178068
qualifying_event_rate,county,0,female,85+,0.03987189514970146,0.009756639449309299,0.08040271010541043
person_years_exposure,county,1,male,0-17,3835.5304294826337,3349.3600678625507,4255.920770822922
person_years_exposure,county,1,male,18-44,3449.958099027352,3012.507981620261,3827.447647419523
person_years_exposure,county,1,male,45-64,3259.870433898479,2838.3480211328015,3618.772429783639
person_years_exposure,county,1,male,65-74,1002.7024527223126,859.3809020158126,1126.1275044842191
person_years_exposure,county,1,male,75-84,328.02739393427726,253.07437821190706,396.53581860862704
person_years_exposure,county,1,male,85+,23.875149074563918,12.939861433720953,33.219557516890234
person_years_exposure,county,1,male,18-64,6709.828532925831,5853.436445956575,7445.743783157971
person_years_exposure,county,1,male,65+,1354.6049957311538,1144.2007492295718,1546.2634897297125
mortality_rate,county,1,male,0-17,0.004379792686787772,0.0012540541528618437,0.009249520876178642
mortality_rate,county,1,male,18-44,0.0005891998642891008,0.0,0.0015715171464057976
mortality_rate,county,1,male,45-64,0.007957952641763768,0.00246710202127093,0.01676174575495739
mortality_rate,county,1,male,65-74,0.02816071340963387,0.009316771532935125,0.062091604357640176
mortality_rate,county,1,male,75-84,0.07458801597618007,0.024707414314864676,0.1673973998485827
mortality_rate,county,1,male,85+,0.10437474800817327,0.0,0.33409308609425037
qualifying_event_rate,county,1,male,0-17,0.015773186073877794,0.010922956260502164,0.021973812621471706
qualifying_event_rate,county,1,male,18-44,0.025415701568511955,0.01824600836680426,0.03471568301861771
qualifying_event_rate,county,1,male,45-64,0.043806560362805905,0.03227751457553239,0.05874622381468059
qualifying_event_rate,county,1,male,65-74,0.07569854477392764,0.05482559711416043,0.10070804407855885
qualifying_event_rate,county,1,male,75-84,0.08482870891895221,0.05748850356655529,0.11988046258465059
qualifying_event_rate,county,1,male,85+,0.029242445395669413,0.0,0.09559286130035163
person_years_exposure,county,1,female,0-17,3659.4246872808967,3187.6103873031216,4058.0489793433626
person_years_exposure,county,1,female,18-44,3392.013150852511,2955.7585801989135,3761.7536632521387
person_years_exposure,county,1,female,45-64,3280.277741921635,2861.2140862195265,3640.720805606652
person_years_exposure,county,1,female,65-74,954.4427356170404,817.2199602748613,1073.351680184989
person_years_exposure,county,1,female,75-84,384.7436806925396,302.61627046202335,456.656099133826
person_years_exposure,county,1,female,85+,57.445645100146585,35.8505420207247,74.80696548245572
person_years_exposure,county,1,female,18-64,6672.290892774146,5821.976209691587,7402.087706147331
person_years_exposure,county,1,female,65+,1396.6320614097265,1177.0234790646966,1596.775684197597
mortality_rate,county,1,female,0-17,0.002244178537761397,0.0005096633698133332,0.00488352980194834
mortality_rate,county,1,female,18-44,0.000855352576322059,0.0,0.0021174758732622184
mortality_rate,county,1,female,45-64,0.007894749985737236,0.0025037832742309564,0.01663142215047394
mortality_rate,county,1,female,65-74,0.028868899001768526,0.009193057999622592,0.06365421682099073
mortality_rate,county,1,female,75-84,0.07302471651828728,0.024777942374284503,0.16632688145558108
mortality_rate,county,1,female,85+,0.08448354061176468,0.014665452917295844,0.22334533777757287
qualifying_event_rate,county,1,female,0-17,0.016383877666519067,0.010849622718649397,0.023149638622939638
qualifying_event_rate,county,1,female,18-44,0.03064946221689058,0.0221364191943969,0.04147306974139002
qualifying_event_rate,county,1,female,45-64,0.04383843607386383,0.032066289485692595,0.05880441148457796
qualifying_event_rate,county,1,female,65-74,0.06804271086181499,0.04840234000836253,0.09186292945297501
qualifying_event_rate,county,1,female,75-84,0.07074292285343449,0.04496193310450086,0.10142155548553727
qualifying_event_rate,county,1,female,85+,0.05251053202152694,0.012150787834570609,0.10368642974512157
person_years_exposure,county,2,male,0-17,1316.102319299814,1122.326162974459,1510.9255084255424
person_years_exposure,county,2,male,18-44,1527.857530455299,1308.3460453658727,1747.446802175509
person_years_exposure,county,2,male,45-64,1106.4275015158864,946.5024019402587,1269.8968789296596
person_years_exposure,county,2,male,65-74,336.4147410191681,278.3331635262037,395.6595784644774
person_years_exposure,county,2,male,75-84,144.3909333502367,108.48154388059073,178.41209119074873
person_years_exposure,county,2,male,85+,21.98478994031473,10.134933549039667,34.674336764757115
person_years_exposure,county,2,male,18-64,2634.285031971185,2257.6728930776767,3015.358042484166
person_years_exposure,county,2,male,65+,502.79046430971954,404.5440269272467,599.8856980559076
mortality_rate,county,2,male,0-17,0.002958398165859497,0.0,0.007069242427789478
mortality_rate,county,2,male,18-44,0.0007299334871018124,0.0,0.002287059156590342
mortality_rate,county,2,male,45-64,0.009055750364368665,0.002294512114774868,0.020411495897912513
mortality_rate,county,2,male,65-74,0.036761768653662825,0.010007917659297497,0.08572480633558065
mortality_rate,county,2,male,75-84,0.07453573010939785,0.01982270701744088,0.18764206492392896
mortality_rate,county,2,male,85+,0.10815334784718403,0.0,0.3754376908750243
qualifying_event_rate,county,2,male,0-17,0.019127190549396333,0.011625777150528276,0.02819123593936897
qualifying_event_rate,county,2,male,18-44,0.03015968974575925,0.01973635275513066,0.042999590731481775
qualifying_event_rate,county,2,male,45-64,0.04295314571528606,0.029551224947481143,0.059999437108460264
qualifying_event_rate,county,2,male,65-74,0.07542601312661368,0.04826107932193039,0.10595127251174434
qualifying_event_rate,county,2,male,75-84,0.07104102909801871,0.03679632955070288,0.1101290790534849
qualifying_event_rate,county,2,male,85+,0.04989081314981668,0.0,0.13986598049230242
person_years_exposure,county,2,female,0-17,1171.3660066414611,998.8195306163352,1346.1082569467621
person_years_exposure,county,2,female,18-44,1223.9493582268044,1043.7023758788603,1403.0404451182726
person_years_exposure,county,2,female,45-64,1131.9674228930821,967.1198743311771,1298.399563638232
person_years_exposure,county,2,female,65-74,318.02535431227244,260.7783707137395,374.70767935337005
person_years_exposure,county,2,female,75-84,124.3276722392311,89.20521218651481,156.82425349360514
person_years_exposure,county,2,female,85+,18.411535584811503,7.769790525470415,30.687235378299565
person_years_exposure,county,2,female,18-64,2355.9167811198868,2015.7088234210287,2702.059187478825
person_years_exposure,county,2,female,65+,460.764562136315,365.49900539650577,553.1701438025381
mortality_rate,county,2,female,0-17,0.0015615115618254941,0.0,0.004391597302127925
mortality_rate,county,2,female,18-44,0.0008262028669348046,0.0,0.002515659801737712
mortality_rate,county,2,female,45-64,0.008922604530823133,0.00237091007682697,0.020043039825417365
mortality_rate,county,2,female,65-74,0.034660221891283684,0.009154912576592546,0.08155958476763608
mortality_rate,county,2,female,75-84,0.08255419140096845,0.02211128654593816,0.20034583202918324
mortality_rate,county,2,female,85+,0.11703427657742022,0.0,0.4232051894296682
qualifying_event_rate,county,2,female,0-17,0.016317504027671906,0.00957443342479347,0.024277002933501362
qualifying_event_rate,county,2,female,18-44,0.0298443500645014,0.01940711828507611,0.04225169373599159
qualifying_event_rate,county,2,female,45-64,0.048828582899915804,0.03344812419316304,0.06731338494257158
qualifying_event_rate,county,2,female,65-74,0.06890809892424989,0.04276745468342516,0.09902773045511477
qualifying_event_rate,county,2,female,75-84,0.07371420794541586,0.0349446800637627,0.11663374855718955
qualifying_event_rate,county,2,female,85+,0.050282300263276555,0.0,0.15058928718042347
person_years_exposure,county,3,male,0-17,3576.1245903501404,3309.2644047050876,3855.0577393884305
person_years_exposure,county,3,male,18-44,3514.403479413469,3260.8448798417544,3769.869205270924
person_years_exposure,county,3,male,45-64,3560.644128758359,3301.5488025835652,3824.089959934307
person_years_exposure,county,3,male,65-74,1255.8738385488978,1139.4864507022587,1368.7057508270354
person_years_exposure,county,3,male,75-84,615.2827113941331,496.61996554261555,708.5280118216323
person_years_exposure,county,3,male,85+,88.97911579845436,54.8124608113329,115.30189549197945
person_years_exposure,county,3,male,18-64,7075.047608171828,6574.386816237831,7587.553934400863
person_years_exposure,county,3,male,65+,1960.1356657414851,1717.489052493875,2172.68894786422
mortality_rate,county,3,male,0-17,0.006316167620306108,0.0018858528272298492,0.013791174871583765
mortality_rate,county,3,male,18-44,0.0010673152882053297,0.0,0.0026475294848840192
mortality_rate,county,3,male,45-64,0.004677464119970263,0.0013546980713696017,0.010217947264546778
mortality_rate,county,3,male,65-74,0.023240012285966265,0.007612016003341781,0.04963698438717758
mortality_rate,county,3,male,75-84,0.06832502521882902,0.024291378890931446,0.1573341387864716
mortality_rate,county,3,male,85+,0.1097388766057111,0.029014816266936944,0.2944514205021367
qualifying_event_rate,county,3,male,0-17,0.012051907030881758,0.0078107161855654585,0.01728402475464663
qualifying_event_rate,county,3,male,18-44,0.033430365539120724,0.02377217892063261,0.04577742686838384
qualifying_event_rate,county,3,male,45-64,0.0414196037056442,0.030173550145247825,0.05611412415838067
qualifying_event_rate,county,3,male,65-74,0.06629978075859734,0.04781794801682888,0.08866046797241543
qualifying_event_rate,county,3,male,75-84,0.08099564881503514,0.057104097347232735,0.11203700056902899
qualifying_event_rate,county,3,male,85+,0.04959586741020437,0.014847618567765805,0.09436500984865935
person_years_exposure,county,3,female,0-17,3382.6658067159183,3127.877999340834,3653.1046436102984
person_years_exposure,county,3,female,18-44,3249.933077941126,3002.043850731926,3497.065548648824
person_years_exposure,county,3,female,45-64,3785.725991231152,3506.6656713467446,4071.0810635352063
person_years_exposure,county,3,female,65-74,1120.9106081726904,1008.805626123534,1227.5510360077233
person_years_exposure,county,3,female,75-84,462.7760793326372,367.29463222890223,540.3356439280125
person_years_exposure,county,3,female,85+,63.36826488140218,40.34554211696183,81.81353509905088
person_years_exposure,county,3,female,18-64,7035.659069172278,6511.443291935786,7565.103640947908
person_years_exposure,county,3,female,65+,1647.0549523867298,1425.545192824926,1838.657504008561
mortality_rate,county,3,female,0-17,0.007723054304354453,0.002398298310631898,0.016405787679348183
mortality_rate,county,3,female,18-44,0.0006558127829512833,0.0,0.0017871906344811646
mortality_rate,county,3,female,45-64,0.005591908564641128,0.0016388297339280714,0.012211677646494733
mortality_rate,county,3,female,65-74,0.028383556597225485,0.009355697160338293,0.06244676480766515
mortality_rate,county,3,female,75-84,0.07380109435859754,0.025551890386458758,0.16962811897834135
mortality_rate,county,3,female,85+,0.07941334249450703,0.013293529443132066,0.22493851280010593
qualifying_event_rate,county,3,female,0-17,0.011868441918365839,0.007660968682486242,0.017167685906236685
qualifying_event_rate,county,3,female,18-44,0.027746064118841993,0.019537426300937435,0.03880669196126741
qualifying_event_rate,county,3,female,45-64,0.04254287405785627,0.0310160578283052,0.057439975538153484
qualifying_event_rate,county,3,female,65-74,0.06370727132863245,0.045535345996577506,0.08665927212736549
qualifying_event_rate,county,3,female,75-84,0.06051256133093302,0.039795338926874785,0.0880958607336578
qualifying_event_rate,county,3,female,85+,0.0487712807719903,0.012440701803177872,0.0974673322277577
person_years_exposure,county,4,male,0-17,5321.393927889735,5055.3283708144245,5535.081186170499
person_years_exposure,county,4,male,18-44,5227.0199874133705,4971.294113436203,5424.778373013585
person_years_exposure,county,4,male,45-64,4652.486381730154,4429.912219614332,4838.190133622468
person_years_exposure,county,4,male,65-74,1321.6381235302447,1206.1392660675904,1416.9376458638224
person_years_exposure,county,4,male,75-84,492.2843467580631,382.40597527899985,572.411487532746
person_years_exposure,county,4,male,85+,44.10916818203877,23.801640601067067,61.217618217731626
person_years_exposure,county,4,male,18-64,9879.506369143524,9401.874476125666,10247.340949049294
person_years_exposure,county,4,male,65+,1858.0316384703465,1615.982047194314,2040.4507814901651
mortality_rate,county,4,male,0-17,0.002779079019360364,0.0007498254655469372,0.00601807110788314
mortality_rate,county,4,male,18-44,0.0006894949540901733,0.0,0.0017307377583345449
mortality_rate,county,4,male,45-64,0.006415420444261534,0.0020596185497634926,0.013600837789022371
mortality_rate,county,4,male,65-74,0.02945119956212375,0.009887367381126862,0.06453422294167856
mortality_rate,county,4,male,75-84,0.08212093232761034,0.028819368285476044,0.19255750557837908
mortality_rate,county,4,male,85+,0.11405118032280268,0.028414916925407825,0.31499034740421644
qualifying_event_rate,county,4,male,0-17,0.013905304976753314,0.009679670755497156,0.019343848357536046
qualifying_event_rate,county,4,male,18-44,0.03267838027907118,0.023805620464707456,0.04444494815575219
qualifying_event_rate,county,4,male,45-64,0.048183136569523013,0.03566929772800572,0.06410652878602212
qualifying_event_rate,county,4,male,65-74,0.078685421139314,0.05856330918107659,0.10448733654989653
qualifying_event_rate,county,4,male,75-84,0.07347960163851056,0.049704134032157885,0.10389351650973691
qualifying_event_rate,county,4,male,85+,0.058414839554004346,0.0,0.12276306156549296
person_years_exposure,county,4,female,0-17,4759.072627485606,4512.880767328646,4962.6191347733675
person_years_exposure,county,4,female,18-44,4987.517381253716,4740.342808491757,5182.300078335705
person_years_exposure,county,4,female,45-64,4796.927724791689,4561.893675127886,4987.330564886347
person_years_exposure,county,4,female,65-74,1529.394901779293,1401.5032754605027,1631.103902524394
person_years_exposure,county,4,female,75-84,502.87225207987206,407.22937171902686,571.6912281909829
person_years_exposure,county,4,female,85+,53.32671038790019,33.40953744396763,68.38614604069399
person_years_exposure,county,4,female,18-64,9784.445106045405,9311.102498586055,10157.95854685024
person_years_exposure,county,4,female,65+,2085.593864247065,1853.2887928044022,2260.9766699930597
mortality_rate,county,4,female,0-17,0.0034618294247285744,0.001043644879869175,0.007651413748717021
mortality_rate,county,4,female,18-44,0.0007100734965979746,0.0,0.001738385622560484
mortality_rate,county,4,female,45-64,0.0073605664905621,0.0024527606985259433,0.015560177379775044
mortality_rate,county,4,female,65-74,0.026707738884168573,0.00927672626161032,0.05860938087668601
mortality_rate,county,4,female,75-84,0.06689429282366095,0.022344873661028105,0.15362210650886998
mortality_rate,county,4,female,85+,0.08645936009600926,0.015387518374504664,0.2456486737542743
qualifying_event_rate,county,4,female,0-17,0.01490235435978635,0.010455158135231464,0.020658884549123215
qualifying_event_rate,county,4,female,18-44,0.03213285715978087,0.023369199179012954,0.04387858421188722
qualifying_event_rate,county,4,female,45-64,0.050442340514783905,0.03775328631584523,0.0677294829748273
qualifying_event_rate,county,4,female,65-74,0.07241904892575181,0.05352054115859899,0.097209828258537
qualifying_event_rate,county,4,female,75-84,0.07125438541190257,0.04748767193964208,0.0993600020137022
qualifying_event_rate,county,4,female,85+,0.05942461956585881,0.015421067612991215,0.11705455009920898
person_years_exposure,county,5,male,0-17,1660.9987093936163,1494.111811175564,1751.350348263566
person_years_exposure,county,5,male,18-44,1443.7245922585669,1305.707337577798,1507.7789683190565
person_years_exposure,county,5,male,45-64,1410.8594865330654,1274.0108424742252,1482.6576510952932
person_years_exposure,county,5,male,65-74,454.09631854190224,403.41785694712246,488.6511330245046
person_years_exposure,county,5,male,75-84,212.85369218553245,167.36074503248423,245.68926264288262
person_years_exposure,county,5,male,85+,26.749647440088022,13.745048115059234,37.46050468893565
person_years_exposure,county,5,male,18-64,2854.5840787916322,2580.4521208764204,2987.4401049972944
person_years_exposure,county,5,male,65+,693.6996581675227,596.8469857559228,765.9311902628486
mortality_rate,county,5,male,0-17,0.0011938059584488806,0.0,0.0032659037042035363
mortality_rate,county,5,male,18-44,0.0008330097895392858,0.0,0.002660621335764466
mortality_rate,county,5,male,45-64,0.005106871516103414,0.0007568652009206732,0.011415085462978576
mortality_rate,county,5,male,65-74,0.022063695651444667,0.006022823316595299,0.051580677420786376
mortality_rate,county,5,male,75-84,0.07304003047731096,0.021593292969550645,0.17569789807097233
mortality_rate,county,5,male,85+,0.1160387176329334,0.0,0.37840287825399227
qualifying_event_rate,county,5,male,0-17,0.023152820600032004,0.014892873502142141,0.03333587254390283
qualifying_event_rate,county,5,male,18-44,0.035403527444227686,0.023907385742120826,0.049006755026551316
qualifying_event_rate,county,5,male,45-64,0.052774631224491074,0.037970251022570144,0.07118037957995947
qualifying_event_rate,county,5,male,65-74,0.0817974564379823,0.05491207396697749,0.11170481381555449
qualifying_event_rate,county,5,male,75-84,0.09668964357899339,0.06173799255723488,0.14074255642677946
qualifying_event_rate,county,5,male,85+,0.065323392369684,0.0,0.15603787300576855
person_years_exposure,county,5,female,0-17,1857.0431432875594,1670.1156360843001,1964.7910074281815
person_years_exposure,county,5,female,18-44,1636.5676698893376,1477.1230152058654,1710.2746464816237
person_years_exposure,county,5,female,45-64,1525.8206040664818,1377.6946778996503,1597.7221933501137
person_years_exposure,county,5,female,65-74,433.06092053818384,379.7856596713364,468.5919469893547
person_years_exposure,county,5,female,75-84,173.3364286262672,137.20145584940778,200.47481365896587
person_years_exposure,county,5,female,85+,27.83102011857008,15.580605376631885,37.791390772968754
person_years_exposure,county,5,female,18-64,3162.3882739558194,2851.187546746999,3305.630967867309
person_years_exposure,county,5,female,65+,634.2283692830212,540.8246242565386,700.6268983441583
mortality_rate,county,5,female,0-17,0.007049018800971921,0.002028202740644417,0.01545400312471825
mortality_rate,county,5,female,18-44,0.0007930326294346013,0.0,0.002410514006627927
mortality_rate,county,5,female,45-64,0.004556014080372916,0.0007477575351105092,0.010354973795909325
mortality_rate,county,5,female,65-74,0.025575092222001262,0.006622476312973028,0.060206988120977405
mortality_rate,county,5,female,75-84,0.07073286644360632,0.019697991554676202,0.17428225416704202
mortality_rate,county,5,female,85+,0.10135509076247008,0.0,0.3069309003639474
qualifying_event_rate,county,5,female,0-17,0.020517064644658137,0.013518151848395048,0.029141854765354663
qualifying_event_rate,county,5,female,18-44,0.03471612311319994,0.023678474037702443,0.048191285651789505
qualifying_event_rate,county,5,female,45-64,0.052188113602105665,0.0375553461560444,0.06984168174279502
qualifying_event_rate,county,5,female,65-74,0.07637361648536665,0.05080980012684534,0.1053414032842469
qualifying_event_rate,county,5,female,75-84,0.08417118178400324,0.04861888217709376,0.12309276453748279
qualifying_event_rate,county,5,female,85+,0.06546795872288191,0.0,0.1471453225491923
person_years_exposure,county,6,male,0-17,4651.4809469223455,4195.949508190745,4887.644710632857
person_years_exposure,county,6,male,18-44,4491.298703747035,4054.814219348048,4688.137363003086
person_years_exposure,county,6,male,45-64,4141.20073284663,3736.315114446488,4347.4956008089375
person_years_exposure,county,6,male,65-74,1182.850756416098,1048.7675353605537,1267.9116113768214
person_years_exposure,county,6,male,75-84,465.15283852584486,375.160142663333,533.7991554235116
person_years_exposure,county,6,male,85+,80.73167695483684,48.04863447054206,107.4810998131854
person_years_exposure,county,6,male,18-64,8632.499436593665,7793.8449038817125,9031.678853747046
person_years_exposure,county,6,male,65+,1728.7352718967795,1492.1944560809673,1896.7548840775391
mortality_rate,county,6,male,0-17,0.0012135961848849515,0.00020823133359258348,0.0028807122003546197
mortality_rate,county,6,male,18-44,0.0008015716374523216,0.0,0.001941023613078346
mortality_rate,county,6,male,45-64,0.00502052833616409,0.001476653039926757,0.010849397061193266
mortality_rate,county,6,male,65-74,0.021738481179281306,0.007012378824723132,0.04771962934615917
mortality_rate,county,6,male,75-84,0.06908679678342784,0.02353062295995718,0.152952316942657
mortality_rate,county,6,male,85+,0.1308836652737623,0.03891015067417054,0.3433527817508138
qualifying_event_rate,county,6,male,0-17,0.020519023671246136,0.014255203734499691,0.028026938444680582
qualifying_event_rate,county,6,male,18-44,0.03144230793582813,0.022396312335461358,0.04251813447153572
qualifying_event_rate,county,6,male,45-64,0.04679997855006845,0.034895169201613424,0.0620243101937274
qualifying_event_rate,county,6,male,65-74,0.07376818251959168,0.0543568645964876,0.09730490916281481
qualifying_event_rate,county,6,male,75-84,0.08643257705180499,0.05972263078084289,0.11997918052479636
qualifying_event_rate,county,6,male,85+,0.06482769405940211,0.023365215630350766,0.11947337904851774
person_years_exposure,county,6,female,0-17,4439.784360758843,3996.889140558267,4683.393819508412
person_years_exposure,county,6,female,18-44,4290.463825134818,3880.4228298825783,4479.8608194947
person_years_exposure,county,6,female,45-64,4334.891848489147,3913.0343982453614,4534.629245228025
person_years_exposure,county,6,female,65-74,1157.8586172948562,1024.049044647822,1246.75403328073
person_years_exposure,county,6,female,75-84,523.0933814474681,421.67718920120507,599.8179153262722
person_years_exposure,county,6,female,85+,66.92086025013151,40.81354069613282,89.01765225680325
person_years_exposure,county,6,female,18-64,8625.355673623966,7797.522000632331,9012.558313858775
person_years_exposure,county,6,female,65+,1747.8728589924558,1503.1397314092578,1925.1013941283163
mortality_rate,county,6,female,0-17,0.0070553468828035825,0.002331671106273418,0.014950247416158632
mortality_rate,county,6,female,18-44,0.0007584043083961332,0.0,0.0019096231418181898
mortality_rate,county,6,female,45-64,0.004454790530236765,0.001327964114943328,0.009496438972149928
mortality_rate,county,6,female,65-74,0.025257512851245348,0.008038602061487392,0.05534490022375197
mortality_rate,county,6,female,75-84,0.06785895880494026,0.022717306358798157,0.15385246686625928
mortality_rate,county,6,female,85+,0.1265792898124112,0.03386114916518405,0.3296418348228176
qualifying_event_rate,county,6,female,0-17,0.018308246834505475,0.012751215606225016,0.025276475605895955
qualifying_event_rate,county,6,female,18-44,0.030603047801509936,0.022083428852453946,0.0415723986294284
qualifying_event_rate,county,6,female,45-64,0.04660459498583861,0.0343219052951181,0.06218799775932324
qualifying_event_rate,county,6,female,65-74,0.06884425513775905,0.05018365146521198,0.0920699170758688
qualifying_event_rate,county,6,female,75-84,0.07586382800084558,0.05207862127630782,0.10540701961758632
qualifying_event_rate,county,6,female,85+,0.06851066344649058,0.02190412964441556,0.1243557025628571
person_years_exposure,county,7,male,0-17,4068.9895597391337,3861.2833779574703,4242.071077849746
person_years_exposure,county,7,male,18-44,3777.331626222711,3594.3790174001056,3923.2533353394297
person_years_exposure,county,7,male,45-64,3535.275962536771,3363.828594765982,3675.2050062454477
person_years_exposure,county,7,male,65-74,1115.9841847699247,1015.7244288012063,1195.5515126992846
person_years_exposure,county,7,male,75-84,494.96906757708234,381.8110370408131,574.8562802208916
person_years_exposure,county,7,male,85+,70.03720178464336,38.30625346838842,94.91556906456532
person_years_exposure,county,7,male,18-64,7312.607588759482,6962.212337334447,7586.801390802803
person_years_exposure,county,7,male,65+,1680.9904541316505,1451.556220670445,1855.605297394984
mortality_rate,county,7,male,0-17,0.0027530541116006645,0.0007190716850073391,0.005970547594990912
mortality_rate,county,7,male,18-44,0.0007035958466817712,0.0,0.001814399098341261
mortality_rate,county,7,male,45-64,0.006596599820885251,0.002177994871619258,0.013846939918840553
mortality_rate,county,7,male,65-74,0.02904745815276325,0.009915533797012563,0.06361334193941606
mortality_rate,county,7,male,75-84,0.08381138792017868,0.02995171501084761,0.1943317037957528
mortality_rate,county,7,male,85+,0.11558521493412299,0.03516745790720427,0.29935202367437874
qualifying_event_rate,county,7,male,0-17,0.012677104980285825,0.008345417948384556,0.01785099979904467
qualifying_event_rate,county,7,male,18-44,0.030008189856423038,0.021698253622543844,0.04071164739808355
qualifying_event_rate,county,7,male,45-64,0.044845718938935866,0.03288170297225479,0.05967581633683275
qualifying_event_rate,county,7,male,65-74,0.07272868523377245,0.0530767282822364,0.09747554550175108
qualifying_event_rate,county,7,male,75-84,0.06883742352741572,0.04629651328658969,0.0974129007272737
qualifying_event_rate,county,7,male,85+,0.0561182061979582,0.014018112188544317,0.10904321028028058
person_years_exposure,county,7,female,0-17,4181.197858819535,3961.427444355027,4357.796829018907
person_years_exposure,county,7,female,18-44,4070.262850168302,3867.174653210624,4228.819496316611
person_years_exposure,county,7,female,45-64,3915.860633107749,3719.745722958965,4067.9684781692026
person_years_exposure,county,7,female,65-74,1288.7581625987941,1178.178251020447,1378.0227944888268
person_years_exposure,county,7,female,75-84,523.75274667525,428.43660268323725,595.7234119538732
person_years_exposure,county,7,female,85+,36.312000897922644,20.600532413755097,48.37643220117467
person_years_exposure,county,7,female,18-64,7986.123483276051,7595.043795098797,8288.482427861149
person_years_exposure,county,7,female,65+,1848.8229101719667,1637.9721339853659,2011.9974128711426
mortality_rate,county,7,female,0-17,0.0034367254053619296,0.0009452657692190727,0.0074348160925714795
mortality_rate,county,7,female,18-44,0.0006870285339518974,0.0,0.0017034914960207287
mortality_rate,county,7,female,45-64,0.006811616230218389,0.0022430312531207483,0.014325566238001488
mortality_rate,county,7,female,65-74,0.027640616638786388,0.00931420287007716,0.06017891952453898
mortality_rate,county,7,female,75-84,0.06745088335373223,0.022620536332874447,0.1510171657629889
mortality_rate,county,7,female,85+,0.10466850574632101,0.02082853297097289,0.29754076917219985
qualifying_event_rate,county,7,female,0-17,0.013661301712441967,0.00921450900341596,0.01930091998978816
qualifying_event_rate,county,7,female,18-44,0.029321494900830577,0.021126293675477487,0.039885371840716125
qualifying_event_rate,county,7,female,45-64,0.04582675143180005,0.03379257637351651,0.06098168778520467
qualifying_event_rate,county,7,female,65-74,0.0678963328143361,0.04914058231186227,0.09016240267399649
qualifying_event_rate,county,7,female,75-84,0.06702305930154856,0.045184288880861005,0.09359786724862543
qualifying_event_rate,county,7,female,85+,0.05819985993710791,0.0,0.12367861504496076
person_years_exposure,county,8,male,0-17,1316.6391130972706,1245.4337155302615,1378.5828947787081
person_years_exposure,county,8,male,18-44,1353.9225397666423,1287.0439514614818,1406.9485391339524
person_years_exposure,county,8,male,45-64,1182.024321666657,1121.8315773617232,1232.436381608877
person_years_exposure,county,8,male,65-74,317.5713176070089,285.49914627540807,342.74523021030535
person_years_exposure,county,8,male,75-84,152.73332343199147,118.32475820416045,179.18586988996023
person_years_exposure,county,8,male,85+,9.365219147129274,2.9090115243344483,14.836142871302062
person_years_exposure,county,8,male,18-64,2535.946861433299,2412.887124936581,2633.59933169491
person_years_exposure,county,8,male,65+,479.6698601861296,412.97798603236987,529.9427489715051
mortality_rate,county,8,male,0-17,0.0027828905153672936,0.0,0.006697848116991168
mortality_rate,county,8,male,18-44,0.0006999750657664287,0.0,0.002259801654034441
mortality_rate,county,8,male,45-64,0.006880823543277035,0.0016537445921511638,0.015179223942326186
mortality_rate,county,8,male,65-74,0.03160374507737992,0.00859833067797159,0.07269600678643756
mortality_rate,county,8,male,75-84,0.07658040423552966,0.022872423047942517,0.1835302966302227
mortality_rate,county,8,male,85+,0.08857877550593293,0.0,0.4408941844057077
qualifying_event_rate,county,8,male,0-17,0.017031853652553084,0.00984024622691503,0.025241703552870184
qualifying_event_rate,county,8,male,18-44,0.03975107332106145,0.027118314844671063,0.05527613032439106
qualifying_event_rate,county,8,male,45-64,0.05908417902905084,0.04228234958054055,0.07944423376046218
qualifying_event_rate,county,8,male,65-74,0.0947011073841094,0.06326298282666465,0.1299040096659722
qualifying_event_rate,county,8,male,75-84,0.08332466843354783,0.04753337557348819,0.12450296115003474
qualifying_event_rate,county,8,male,85+,0.056974853066456964,0.0,0.207858529492665
person_years_exposure,county,8,female,0-17,1412.751760678109,1335.0637381012966,1479.017440620703
person_years_exposure,county,8,female,18-44,1257.3448011809182,1195.0590950429264,1308.4732995967229
person_years_exposure,county,8,female,45-64,1079.991055086739,1024.0154843015166,1126.5347528106342
person_years_exposure,county,8,female,65-74,350.02367992873616,316.18795185871863,376.72936007513414
person_years_exposure,county,8,female,75-84,142.82669164998694,114.15942736503898,164.20160851622208
person_years_exposure,county,8,female,85+,15.638252656368921,8.344621846324275,20.812177499270984
person_years_exposure,county,8,female,18-64,2337.335856267657,2222.352045822576,2430.5531702462554
person_years_exposure,county,8,female,65+,508.488624235092,446.93394020232085,555.665376212896
mortality_rate,county,8,female,0-17,0.003397486254199488,0.0006773925351225744,0.008229743541965375
mortality_rate,county,8,female,18-44,0.0006990176832755162,0.0,0.0024098571107758
mortality_rate,county,8,female,45-64,0.007054366152262356,0.0017635263353295621,0.015563535801108848
mortality_rate,county,8,female,65-74,0.027474385921765453,0.007746354049601953,0.06454801423270748
mortality_rate,county,8,female,75-84,0.06362638051619002,0.017741571760598884,0.153944831421372
mortality_rate,county,8,female,85+,0.09536784118703263,0.0,0.380197082433483
qualifying_event_rate,county,8,female,0-17,0.0182724621858615,0.011071253346692485,0.026958544100965372
qualifying_event_rate,county,8,female,18-44,0.03917163138932741,0.027095124917350482,0.054791635404868484
qualifying_event_rate,county,8,female,45-64,0.06050870334672047,0.04242531119503356,0.08133266491721768
qualifying_event_rate,county,8,female,65-74,0.08686188188697137,0.058946838948796,0.11803069007770706
qualifying_event_rate,county,8,female,75-84,0.08337250634803207,0.047689711592055484,0.12494819775074777
qualifying_event_rate,county,8,female,85+,0.07505587604723579,0.0,0.18520976443681914
person_years_exposure,county,9,male,0-17,2951.06557764081,2684.8352816562415,3236.871223829797
person_years_exposure,county,9,male,18-44,2669.7507868368657,2430.123856809024,2926.978354861109
person_years_exposure,county,9,male,45-64,2376.3571175480547,2160.3474179375285,2609.713132154204
person_years_exposure,county,9,male,65-74,693.3141645163515,609.516137129635,779.2627954299
person_years_exposure,county,9,male,75-84,272.4947741143822,212.25988140741637,324.7239481897867
person_years_exposure,county,9,male,85+,16.885052890648712,7.8287435993635714,25.016017932314
person_years_exposure,county,9,male,18-64,5046.10790438492,4595.097059978833,5529.136559505115
person_years_exposure,county,9,male,65+,982.6939915213825,839.8309091542501,1122.4092921829008
mortality_rate,county,9,male,0-17,0.000602271858499625,0.0,0.0016632408535703837
mortality_rate,county,9,male,18-44,0.000733038926198314,0.0,0.002038841777178775
mortality_rate,county,9,male,45-64,0.006166295547202694,0.001694937429781643,0.013118329742603154
mortality_rate,county,9,male,65-74,0.028122960517619925,0.008443192568674136,0.06153789390327133
mortality_rate,county,9,male,75-84,0.07398008513216936,0.024143069175535083,0.1752382813120027
mortality_rate,county,9,male,85+,0.1075950539345672,0.0,0.39482353385309193
qualifying_event_rate,county,9,male,0-17,0.013187437270916789,0.008577201567125608,0.0189323691783412
qualifying_event_rate,county,9,male,18-44,0.02715901905807007,0.018888543893434438,0.03769529620582156
qualifying_event_rate,county,9,male,45-64,0.04150239498535961,0.029747302498453386,0.056564401751363576
qualifying_event_rate,county,9,male,65-74,0.07638842222498611,0.05284759173629982,0.10367366279775955
qualifying_event_rate,county,9,male,75-84,0.06335827261940538,0.03772244947956309,0.09371610935309117
qualifying_event_rate,county,9,male,85+,0.059185378533310455,0.0,0.16557596638621505
person_years_exposure,county,9,female,0-17,2831.6524314235917,2575.8685725153373,3106.300314822672
person_years_exposure,county,9,female,18-44,2713.0439172525093,2465.409691451742,2980.3989936346593
person_years_exposure,county,9,female,45-64,2631.3454211850794,2392.975172913826,2887.8590681704
person_years_exposure,county,9,female,65-74,701.9920890526831,619.933519566998,787.018432758626
person_years_exposure,county,9,female,75-84,189.4396284373479,147.94576032778036,226.70669257086425
person_years_exposure,county,9,female,85+,25.3814980431659,13.02887921345618,35.32215586874865
person_years_exposure,county,9,female,18-64,5344.389338437589,4869.549175134008,5862.2330107646885
person_years_exposure,county,9,female,65+,916.813215533197,791.9023572475633,1040.6671742531705
mortality_rate,county,9,female,0-17,0.0005859404456167172,0.0,0.0016860582828932568
mortality_rate,county,9,female,18-44,0.0006327936175609699,0.0,0.0017897196643064776
mortality_rate,county,9,female,45-64,0.005934501236716062,0.0016891184651390819,0.01271748149952758
mortality_rate,county,9,female,65-74,0.027113752999378904,0.008059687363268528,0.05963246067334816
mortality_rate,county,9,female,75-84,0.0723262927330026,0.019513420623772645,0.1739958188894797
mortality_rate,county,9,female,85+,0.1044122424024774,0.0,0.3372768741435562
qualifying_event_rate,county,9,female,0-17,0.014993039983955953,0.009608056457005682,0.0212364830050945
qualifying_event_rate,county,9,female,18-44,0.03013940568009962,0.021142376228963963,0.041429381271566014
qualifying_event_rate,county,9,female,45-64,0.04036503706948297,0.028952062965761874,0.054838201365763437
qualifying_event_rate,county,9,female,65-74,0.07684304085473584,0.053894116648849986,0.10401081921854267
qualifying_event_rate,county,9,female,75-84,0.07359907880243653,0.04189057096075205,0.11075817776717616
qualifying_event_rate,county,9,female,85+,0.0684152442886758,0.0,0.16037405440422045
person_years_exposure,county,10,male,0-17,1758.698399895155,1665.443769793332,1837.9051658107003
person_years_exposure,county,10,male,18-44,1618.4302232273408,1538.5094369731316,1679.7530617920895
person_years_exposure,county,10,male,45-64,1644.2640521384126,1561.677155382183,1712.419202781685
person_years_exposure,county,10,male,65-74,480.4090298486478,433.8283083554968,516.2995292259649
person_years_exposure,county,10,male,75-84,205.67130341696094,156.99167523430012,241.8142468986409
person_years_exposure,county,10,male,85+,13.833556612781788,6.062759071965627,20.724345843710523
person_years_exposure,county,10,male,18-64,3262.694275365753,3105.0265180517013,3386.984062086182
person_years_exposure,county,10,male,65+,699.9138898783905,602.174308562328,772.4521664230111
mortality_rate,county,10,male,0-17,0.0027636072010924387,0.0005470297444761479,0.006736502692332905
mortality_rate,county,10,male,18-44,0.000673395574525742,0.0,0.0019382405493280686
mortality_rate,county,10,male,45-64,0.006327334457150936,0.0013040573600159443,0.013875129463100568
mortality_rate,county,10,male,65-74,0.02877519748917415,0.007896407060459729,0.0658840718303367
mortality_rate,county,10,male,75-84,0.08420550413403796,0.025475183022607123,0.19988203090423926
mortality_rate,county,10,male,85+,0.12771381231339932,0.0,0.4541636296331447
qualifying_event_rate,county,10,male,0-17,0.01335327023746654,0.007915442337472036,0.01977107606588661
qualifying_event_rate,county,10,male,18-44,0.03175513184933432,0.021933059296345078,0.044344942368651934
qualifying_event_rate,county,10,male,45-64,0.04676413014381662,0.033513974738798316,0.06357724740653414
qualifying_event_rate,county,10,male,65-74,0.0764437610619793,0.051917795972293075,0.10460750169174957
qualifying_event_rate,county,10,male,75-84,0.07149294980305093,0.04245201512899849,0.10706195814129768
qualifying_event_rate,county,10,male,85+,0.05903609007929212,0.0,0.1811103992459726
person_years_exposure,county,10,female,0-17,1745.5411235815986,1652.984443015989,1825.1721480050887
person_years_exposure,county,10,female,18-44,1585.7817703273904,1507.7781482207438,1649.3890975789677
person_years_exposure,county,10,female,45-64,1636.8777568686712,1554.858940079372,1704.5978268867275
person_years_exposure,county,10,female,65-74,478.29521877384514,435.6302578701482,513.2347255086344
person_years_exposure,county,10,female,75-84,252.34937361473015,202.29352712234788,288.6827274182614
person_years_exposure,county,10,female,85+,33.06274129878582,20.30680238700795,42.639674235719035
person_years_exposure,county,10,female,18-64,3222.6595271960614,3065.5872281542192,3345.1800372035104
person_years_exposure,county,10,female,65+,763.7073336873611,668.4453144304126,837.7977366220651
mortality_rate,county,10,female,0-17,0.0034487984556317917,0.000565106966173714,0.008292935016755747
mortality_rate,county,10,female,18-44,0.0007094292676650834,0.0,0.0024430816444628595
mortality_rate,county,10,female,45-64,0.00706912230552619,0.0017855355206580616,0.015363397493542295
mortality_rate,county,10,female,65-74,0.026057291149581743,0.0076757991230289695,0.05955604240807045
mortality_rate,county,10,female,75-84,0.0718863099950602,0.02103691294752525,0.16420886930279763
mortality_rate,county,10,female,85+,0.08872586065954503,0.0,0.27475793468413207
qualifying_event_rate,county,10,female,0-17,0.014518577130683856,0.00887423418131565,0.021499788609463163
qualifying_event_rate,county,10,female,18-44,0.031053181092955105,0.02126441038758525,0.04315623646590817
qualifying_event_rate,county,10,female,45-64,0.04835687731893998,0.03439079831718613,0.06543035811359775
qualifying_event_rate,county,10,female,65-74,0.06928590306065402,0.046131390172207645,0.09655369154752043
qualifying_event_rate,county,10,female,75-84,0.07194226454440962,0.04283528496204734,0.10605843449974925
qualifying_event_rate,county,10,female,85+,0.0583427357695779,0.0,0.13166585745316653
person_years_exposure,county,11,male,0-17,1976.8911927464019,1870.5761397848391,2063.9892071620075
person_years_exposure,county,11,male,18-44,1854.427992886372,1763.3220520014775,1927.382333661515
person_years_exposure,county,11,male,45-64,1966.6765693177795,1870.1564998035174,2047.0241763064455
person_years_exposure,county,11,male,65-74,567.6373903891061,514.5542525523947,610.0396745497595
person_years_exposure,county,11,male,75-84,156.12804675436044,118.66324088963333,183.8943590884736
person_years_exposure,county,11,male,85+,40.35132603152295,22.1249884225038,55.419686389131805
person_years_exposure,county,11,male,18-64,3821.1045622041515,3637.5470376645776,3967.9641204175523
person_years_exposure,county,11,male,65+,764.1167631749895,664.4370114538091,840.2988387435909
mortality_rate,county,11,male,0-17,0.002747072819397528,0.0004904305744404834,0.006411676378233798
mortality_rate,county,11,male,18-44,0.0007067121937477689,0.0,0.002152536734788756
mortality_rate,county,11,male,45-64,0.006453224921677143,0.0015683044605887212,0.013930230760351698
mortality_rate,county,11,male,65-74,0.029195753290816202,0.00851793233496182,0.06598886332380595
mortality_rate,county,11,male,75-84,0.08479104526675865,0.02661229228396719,0.20566853301872676
mortality_rate,county,11,male,85+,0.13048874216538967,0.03479596757066876,0.3524420186258541
qualifying_event_rate,county,11,male,0-17,0.01052245965221844,0.006158616006745468,0.01579617112243845
qualifying_event_rate,county,11,male,18-44,0.025245213007506925,0.016855039263596473,0.035222437255230915
qualifying_event_rate,county,11,male,45-64,0.03758670825225849,0.02692923921727924,0.051689210219263815
qualifying_event_rate,county,11,male,65-74,0.0617805125821045,0.04139594861374998,0.08617293027221926
qualifying_event_rate,county,11,male,75-84,0.05848713063262583,0.028471818746927682,0.09483425885310716
qualifying_event_rate,county,11,male,85+,0.04907605556302359,0.0,0.11129568882616489
person_years_exposure,county,11,female,0-17,1967.4719894000411,1860.0045957308619,2054.7344340902578
person_years_exposure,county,11,female,18-44,1963.6978869128823,1865.0519176727414,2040.8457758087304
person_years_exposure,county,11,female,45-64,1746.3203381735987,1658.300017091503,1818.3821546974248
person_years_exposure,county,11,female,65-74,597.9171352526797,546.7871147419859,640.2963080284646
person_years_exposure,county,11,female,75-84,265.2444433947495,211.5077014331132,303.8575540526141
person_years_exposure,county,11,female,85+,28.080123763501653,16.37320269545393,36.62407712452201
person_years_exposure,county,11,female,18-64,3710.018225086481,3527.3935118356794,3854.2599999188888
person_years_exposure,county,11,female,65+,891.2417024109309,785.4525370669728,973.683462575569
mortality_rate,county,11,female,0-17,0.003511952396769332,0.000530118918958669,0.007959955621379407
mortality_rate,county,11,female,18-44,0.0007268155164100956,0.0,0.002059052440171742
mortality_rate,county,11,female,45-64,0.006603729172942612,0.0016673062203710807,0.01483461225738521
mortality_rate,county,11,female,65-74,0.02702921762496168,0.00800224793990564,0.05852356209929951
mortality_rate,county,11,female,75-84,0.06923480808228322,0.021236998347893773,0.16165172801429262
mortality_rate,county,11,female,85+,0.08836644464711571,0.0,0.2787387385300134
qualifying_event_rate,county,11,female,0-17,0.011317862843775606,0.006860177793394339,0.016941368836076227
qualifying_event_rate,county,11,female,18-44,0.02487330264820366,0.016700641125369255,0.03496741695340553
qualifying_event_rate,county,11,female,45-64,0.038172619098892545,0.02704110087310249,0.05259386158695573
qualifying_event_rate,county,11,female,65-74,0.05737331320984149,0.03796976252507424,0.0807607608972802
qualifying_event_rate,county,11,female,75-84,0.05738030538190921,0.032215042912892775,0.08736210636311323
qualifying_event_rate,county,11,female,85+,0.04722809784741056,0.0,0.11881511274242117
person_years_exposure,county,12,male,0-17,2416.1478756742754,2065.9361449638445,2772.310592240766
person_years_exposure,county,12,male,18-44,2416.5932134104905,2069.814465423652,2768.278635151478
person_years_exposure,county,12,male,45-64,1818.0341025387936,1553.6094412360897,2085.4907670292337
person_years_exposure,county,12,male,65-74,574.3709945065435,474.55767337047484,673.498473925012
person_years_exposure,county,12,male,75-84,141.92466437373054,104.942565671346,175.81682648915148
person_years_exposure,county,12,male,85+,8.488592140341728,2.959126696633426,14.276807621196353
person_years_exposure,county,12,male,18-64,4234.627315949284,3627.4628525468174,4853.8825898824525
person_years_exposure,county,12,male,65+,724.7842510206158,590.8146858242459,858.1914908151856
mortality_rate,county,12,male,0-17,0.0030396476785182034,0.000500574570967705,0.007058206163256334
mortality_rate,county,12,male,18-44,0.0007362831547842151,0.0,0.0020475598694190116
mortality_rate,county,12,male,45-64,0.009384331752867077,0.002672151786188708,0.020870978837470036
mortality_rate,county,12,male,65-74,0.03496303224996026,0.011109969157980066,0.07841227719471505
mortality_rate,county,12,male,75-84,0.07167153650664582,0.019329021639613277,0.1740329738779998
mortality_rate,county,12,male,85+,0.10101522693768845,0.0,0.4749915138852369
qualifying_event_rate,county,12,male,0-17,0.010915530221381805,0.006558040496403077,0.016010521233785508
qualifying_event_rate,county,12,male,18-44,0.01716424745218559,0.011136345201223172,0.024646321433721655
qualifying_event_rate,county,12,male,45-64,0.02524162591596424,0.01696010527045828,0.035539958433508344
qualifying_event_rate,county,12,male,65-74,0.045244758011667614,0.028344570171484708,0.06574875131176233
qualifying_event_rate,county,12,male,75-84,0.04176853496067834,0.01527401067255168,0.07237482630214713
qualifying_event_rate,county,12,male,85+,0.0283138769460191,0.0,0.16153719749296286
person_years_exposure,county,12,female,0-17,2571.0821233752813,2198.797679233078,2947.7702200006484
person_years_exposure,county,12,female,18-44,2539.3319439350703,2170.7166354015303,2907.991443062618
person_years_exposure,county,12,female,45-64,2097.1776881219107,1791.8953618914975,2409.4123552052392
person_years_exposure,county,12,female,65-74,455.03394834545566,376.6339555782972,534.7393136586386
person_years_exposure,county,12,female,75-84,114.06783726432207,81.76436312816591,143.6751630724472
person_years_exposure,county,12,female,85+,2.359055972910024,0.047882989507709826,5.076409372804661
person_years_exposure,county,12,female,18-64,4636.509632056981,3970.3227634110485,5313.313066547869
person_years_exposure,county,12,female,65+,571.4608415826877,464.6545306526072,677.6580778530061
mortality_rate,county,12,female,0-17,0.0015475989156761817,0.0,0.0037237080758311166
mortality_rate,county,12,female,18-44,0.0008491406588847033,0.0,0.002283863692138361
mortality_rate,county,12,female,45-64,0.008857002025366883,0.002636965250398899,0.019570736948724587
mortality_rate,county,12,female,65-74,0.03562222405793343,0.010744147337119274,0.08078724923174198
mortality_rate,county,12,female,75-84,0.07434308266481547,0.019410724011385674,0.17851548878375345
mortality_rate,county,12,female,85+,0.08453489553667444,0.0,0.760552870077215
qualifying_event_rate,county,12,female,0-17,0.009240584174752237,0.005509028532354993,0.013679925817831833
qualifying_event_rate,county,12,female,18-44,0.0171297206648743,0.011240630668303442,0.024321306728300414
qualifying_event_rate,county,12,female,45-64,0.02853886657183948,0.019265218777629996,0.03952748607796588
qualifying_event_rate,county,12,female,65-74,0.041548943068236734,0.023633228526341938,0.0612958595331661
qualifying_event_rate,county,12,female,75-84,0.042632511647251785,0.011722069831634267,0.07598886053672942
qualifying_event_rate,county,12,female,85+,0.02394196566214884,0.0,0.22125371289954385
person_years_exposure,county,13,male,0-17,2270.281869828343,2061.1965704714594,2496.2808623191763
person_years_exposure,county,13,male,18-44,2008.0128110409441,1823.4551014021145,2199.739603053847
person_years_exposure,county,13,male,45-64,2021.7198003902404,1836.673044893877,2224.585617826148
person_years_exposure,county,13,male,65-74,498.89918594929,441.2655200418111,561.1048234642327
person_years_exposure,county,13,male,75-84,183.33003047063818,143.16380650253586,218.20712784497104
person_years_exposure,county,13,male,85+,44.440929472189126,26.44018083166632,61.065492024420905
person_years_exposure,county,13,male,18-64,4029.7326114311845,3663.5819063356303,4417.562069890091
person_years_exposure,county,13,male,65+,726.6701458921174,619.4948269002149,831.3540036570474
mortality_rate,county,13,male,0-17,0.000591456706475627,0.0,0.001752467601592555
mortality_rate,county,13,male,18-44,0.0007197725492850601,0.0,0.00206194577134914
mortality_rate,county,13,male,45-64,0.005812849596037785,0.0014988801967652627,0.012305807920887318
mortality_rate,county,13,male,65-74,0.029080040281310563,0.008039258409441167,0.06345720055798608
mortality_rate,county,13,male,75-84,0.07279573508265666,0.020931932483770746,0.17217544085400607
mortality_rate,county,13,male,85+,0.13265536889961357,0.03205652845433153,0.3613335491850029
qualifying_event_rate,county,13,male,0-17,0.011369518499789481,0.006896990917207686,0.01691258382767673
qualifying_event_rate,county,13,male,18-44,0.023607810117344613,0.015750234367235265,0.0334062055134577
qualifying_event_rate,county,13,male,45-64,0.035513496890069135,0.02467339632759012,0.04963709541906328
qualifying_event_rate,county,13,male,65-74,0.06801651833400407,0.04542683378356142,0.09628583386160978
qualifying_event_rate,county,13,male,75-84,0.054892252329535506,0.028347487103459957,0.0878052668504232
qualifying_event_rate,county,13,male,85+,0.059879194847789544,0.0,0.12293378119655658
person_years_exposure,county,13,female,0-17,2228.5035979565164,2021.4480342592922,2447.244653530735
person_years_exposure,county,13,female,18-44,2209.4149796372117,2005.7689930860581,2430.096503468605
person_years_exposure,county,13,female,45-64,1841.4806475027326,1674.2211715315225,2023.3829726998824
person_years_exposure,county,13,female,65-74,467.2408331123362,411.37692933219,523.916084978411
person_years_exposure,county,13,female,75-84,190.4034901998926,147.22427047403366,226.56851665116662
person_years_exposure,county,13,female,85+,38.268521207201495,23.239685716058876,51.19838688870011
person_years_exposure,county,13,female,18-64,4050.8956271399443,3683.7309012517653,4446.993422403292
person_years_exposure,county,13,female,65+,695.9128445194303,594.5070301878754,792.6111500989743
mortality_rate,county,13,female,0-17,0.0005727462987586817,0.0,0.0017333950602214953
mortality_rate,county,13,female,18-44,0.0006508457191170665,0.0,0.0019125792780128805
mortality_rate,county,13,female,45-64,0.005703524336105962,0.0014725917275895829,0.012767221256310251
mortality_rate,county,13,female,65-74,0.025657452496692594,0.006380910206262805,0.05693522502855169
mortality_rate,county,13,female,75-84,0.07500367442944698,0.020464013836210035,0.1814475079297799
mortality_rate,county,13,female,85+,0.10284442659535624,0.020036898163085633,0.28998771024760267
qualifying_event_rate,county,13,female,0-17,0.012789289004798872,0.00777425037158583,0.018826155231520782
qualifying_event_rate,county,13,female,18-44,0.026410131913512207,0.018100932678455958,0.03677892284511292
qualifying_event_rate,county,13,female,45-64,0.03486011363210014,0.023810470283944597,0.04785657139838167
qualifying_event_rate,county,13,female,65-74,0.06686177165696494,0.04418890000886409,0.09486355736729254
qualifying_event_rate,county,13,female,75-84,0.06641292391041004,0.03701849811519163,0.1032060450171269
qualifying_event_rate,county,13,female,85+,0.05975658744908654,0.0,0.13186876280771492
person_years_exposure,county,14,male,0-17,2155.664232826529,2044.0194285889688,2249.351907320606
person_years_exposure,county,14,male,18-44,2033.4856334834822,1935.0353407917544,2112.227138966108
person_years_exposure,county,14,male,45-64,1949.6740718111819,1851.3971639584122,2030.1061471579364
person_years_exposure,county,14,male,65-74,413.60179740890226,372.55295753142514,445.6104443233103
person_years_exposure,county,14,male,75-84,199.3282351348899,154.32969519221422,232.95946364313897
person_years_exposure,county,14,male,85+,63.29458183105542,37.525725841277215,85.254698035663
person_years_exposure,county,14,male,18-64,3983.159705294664,3790.4110814783517,4133.2223869128175
person_years_exposure,county,14,male,65+,676.2246143748475,570.7955024680213,752.5009594182418
mortality_rate,county,14,male,0-17,0.0027783815871207478,0.0004588449930480387,0.006396675487032422
mortality_rate,county,14,male,18-44,0.000698750172660879,0.0,0.002030276347475332
mortality_rate,county,14,male,45-64,0.006423850141713809,0.0015373402996023838,0.01421712409457562
mortality_rate,county,14,male,65-74,0.02930543783652862,0.007364643679147756,0.0668543353978198
mortality_rate,county,14,male,75-84,0.08333341339568302,0.02619302980374268,0.2021916026586882
mortality_rate,county,14,male,85+,0.128048715489159,0.03666778637083323,0.34049984154706286
qualifying_event_rate,county,14,male,0-17,0.016485683213128578,0.010729439193040743,0.02334383037854305
qualifying_event_rate,county,14,male,18-44,0.0383932041821146,0.027210967774999067,0.052221323918540806
qualifying_event_rate,county,14,male,45-64,0.05665114488060787,0.041467714406421455,0.07564079892158843
qualifying_event_rate,county,14,male,65-74,0.089602084282415,0.061901523280748244,0.12220947172016405
qualifying_event_rate,county,14,male,75-84,0.08525570015425245,0.05205499648629586,0.1257033642169601
qualifying_event_rate,county,14,male,85+,0.07370778999921289,0.025634871895733973,0.1330758448584973
person_years_exposure,county,14,female,0-17,2036.2725183768575,1928.2276344554232,2129.409432101759
person_years_exposure,county,14,female,18-44,2028.593245681691,1926.9688831018373,2109.581231970563
person_years_exposure,county,14,female,45-64,1804.8909132509725,1713.0785408352267,1879.2339894814352
person_years_exposure,county,14,female,65-74,534.6798067680826,485.8755742937982,574.2733917357732
person_years_exposure,county,14,female,75-84,231.6118713904244,185.9233556441873,265.38117298039504
person_years_exposure,county,14,female,85+,22.0142401197273,11.82180252732112,30.08653789422791
person_years_exposure,county,14,female,18-64,3833.4841589326634,3645.1002583128957,3980.9782736700163
person_years_exposure,county,14,female,65+,788.3059182782343,693.4591360185211,862.9311864943726
mortality_rate,county,14,female,0-17,0.003412715482473497,0.0004931522037072824,0.007990309554273932
mortality_rate,county,14,female,18-44,0.0006874375890625525,0.0,0.0020188115413284145
mortality_rate,county,14,female,45-64,0.006799828803306425,0.00164616131725164,0.015108011154894949
mortality_rate,county,14,female,65-74,0.028115306980601815,0.00865367690431282,0.06293396773747786
mortality_rate,county,14,female,75-84,0.07075326485810908,0.02234949789286138,0.16647982315600277
mortality_rate,county,14,female,85+,0.07721239888350423,0.0,0.26644167201378804
qualifying_event_rate,county,14,female,0-17,0.01762948582570626,0.011127339601944388,0.02552905921737659
qualifying_event_rate,county,14,female,18-44,0.037687853454470926,0.026656280711374006,0.051879551479582384
qualifying_event_rate,county,14,female,45-64,0.05770615805522499,0.04223838379309712,0.0777198849700285
qualifying_event_rate,county,14,female,65-74,0.08436926827537777,0.05898823019706895,0.11407443709239298
qualifying_event_rate,county,14,female,75-84,0.0842321815226822,0.05295136404893602,0.12136294058260087
qualifying_event_rate,county,14,female,85+,0.06231491883960025,0.0,0.1512258815365857
person_years_exposure,county,15,male,0-17,1141.8536680813168,970.5440933475094,1309.4383787331403
person_years_exposure,county,15,male,18-44,1010.4408129120307,863.2348180236577,1157.875628817544
person_years_exposure,county,15,male,45-64,1185.7260196556595,1013.2441507391712,1358.6023312197412
person_years_exposure,county,15,male,65-74,355.36687395302226,291.45966314296703,419.35307530362473
person_years_exposure,county,15,male,75-84,107.72885333775318,78.41531667940006,133.90367986673164
person_years_exposure,county,15,male,85+,16.043583355886412,7.6164351232302945,25.149154225088722
person_years_exposure,county,15,male,18-64,2196.16683256769,1883.8853878499776,2513.5915765973805
person_years_exposure,county,15,male,65+,479.1393106466619,384.5193797780641,571.2390669446872
mortality_rate,county,15,male,0-17,0.0030587770384963814,0.0,0.0077188791555475615
mortality_rate,county,15,male,18-44,0.0007277532272085886,0.0,0.002696169828592898
mortality_rate,county,15,male,45-64,0.009771332735780059,0.0026033857157109477,0.020990724709016122
mortality_rate,county,15,male,65-74,0.0369651527168017,0.010041776983087253,0.0858972009331649
mortality_rate,county,15,male,75-84,0.07296517162924114,0.017158959046420383,0.1934503033635511
mortality_rate,county,15,male,85+,0.09909625919661945,0.0,0.36675111942271943
qualifying_event_rate,county,15,male,0-17,0.014182924372404513,0.007742577683411596,0.02174041392018676
qualifying_event_rate,county,15,male,18-44,0.022277820718035725,0.013221700058435077,0.03291616097832283
qualifying_event_rate,county,15,male,45-64,0.03287746078794803,0.0213001173982675,0.04617981008354877
qualifying_event_rate,county,15,male,65-74,0.0577961062934709,0.034305998063214944,0.08566921413145072
qualifying_event_rate,county,15,male,75-84,0.05379008871240831,0.01954855103741255,0.09478265330901413
qualifying_event_rate,county,15,male,85+,0.03643799909645856,0.0,0.1246554663205481
person_years_exposure,county,15,female,0-17,1312.1087862817258,1115.9667502003742,1505.8317640808166
person_years_exposure,county,15,female,18-44,1226.0848056124992,1049.114566461303,1404.4502463937065
person_years_exposure,county,15,female,45-64,1393.6210541521136,1192.1661418224235,1600.8925937050517
person_years_exposure,county,15,female,65-74,433.99758629177114,359.97047283935416,510.8029767068244
person_years_exposure,county,15,female,75-84,128.02285837649487,93.238880229104,161.32912411111488
person_years_exposure,county,15,female,85+,10.69259486703782,2.9976072947824064,19.552853458354516
person_years_exposure,county,15,female,18-64,2619.705859764613,2241.673579826021,3004.4747165563977
person_years_exposure,county,15,female,65+,572.7130395353038,464.69273936977964,681.9177534173476
mortality_rate,county,15,female,0-17,0.0014948652137360644,0.0,0.004173048874889278
mortality_rate,county,15,female,18-44,0.0008705619771274969,0.0,0.002693487194601335
mortality_rate,county,15,female,45-64,0.009153383280371742,0.0024399133603341863,0.019592311809106717
mortality_rate,county,15,female,65-74,0.03634249173712003,0.01103483003307683,0.08066597101382676
mortality_rate,county,15,female,75-84,0.07503277718552928,0.019891884000664495,0.1839078044150484
mortality_rate,county,15,female,85+,0.19134630303921457,0.0,0.8305750415666462
qualifying_event_rate,county,15,female,0-17,0.011894170266724444,0.0062106293133829624,0.018447661461941604
qualifying_event_rate,county,15,female,18-44,0.02239837710790069,0.01375389429847143,0.03242092719231981
qualifying_event_rate,county,15,female,45-64,0.036895930324318725,0.024674351036696098,0.0514379247011258
qualifying_event_rate,county,15,female,65-74,0.053712880966959746,0.03350793848124269,0.07624857308283425
qualifying_event_rate,county,15,female,75-84,0.05400455874871279,0.02203502244606336,0.09214185496116081
qualifying_event_rate,county,15,female,85+,0.044256400296502914,0.0,0.18664890867155157
person_years_exposure,county,16,male,0-17,3343.8545327535694,3010.0313907838154,3518.3211082950384
person_years_exposure,county,16,male,18-44,3372.4522352982935,3046.2856541189044,3521.0844588174978
person_years_exposure,county,16,male,45-64,3294.3512898591866,2970.8596776603426,3461.087146255906
person_years_exposure,county,16,male,65-74,1211.0911225055195,1071.4841422970035,1298.2149049570032
person_years_exposure,county,16,male,75-84,438.3218762347491,353.00951750140314,502.1558038922046
person_years_exposure,county,16,male,85+,101.21743290990246,63.2835801554561,132.90760686466584
person_years_exposure,county,16,male,18-64,6666.80352515748,6016.554134741364,6978.581721400426
person_years_exposure,county,16,male,65+,1750.630431650171,1504.5744270958069,1923.3420127609522
mortality_rate,county,16,male,0-17,0.0012051317175366435,0.0,0.0027296977387932476
mortality_rate,county,16,male,18-44,0.0008307776113698418,0.0,0.002120120525650915
mortality_rate,county,16,male,45-64,0.005108472072879435,0.0014530381807188924,0.011211735335096666
mortality_rate,county,16,male,65-74,0.0218560982494357,0.006944987451117194,0.048030188311324586
mortality_rate,county,16,male,75-84,0.06900978732994933,0.023723200738809663,0.15474799050191773
mortality_rate,county,16,male,85+,0.13341475750398016,0.043421445789216064,0.33363597146064117
qualifying_event_rate,county,16,male,0-17,0.028585116882324093,0.02014864445193223,0.039233697699327844
qualifying_event_rate,county,16,male,18-44,0.04337446762965397,0.03145721244027943,0.05835084188458888
qualifying_event_rate,county,16,male,45-64,0.06366470004712668,0.04758395439301082,0.0834338680442673
qualifying_event_rate,county,16,male,65-74,0.09790052542147232,0.07375439837819946,0.12705632531122085
qualifying_event_rate,county,16,male,75-84,0.11111509009210271,0.08095611112349688,0.14709738363798455
qualifying_event_rate,county,16,male,85+,0.08552293614435418,0.04350408219353435,0.14030137243318755
person_years_exposure,county,16,female,0-17,3271.5663586608243,2930.298249052972,3453.9905314371977
person_years_exposure,county,16,female,18-44,3335.185623363304,3011.259854264184,3482.6778737623767
person_years_exposure,county,16,female,45-64,3099.843459043755,2803.7825772970878,3244.189356622277
person_years_exposure,county,16,female,65-74,1122.131740611244,991.5953490627459,1207.1975841034755
person_years_exposure,county,16,female,75-84,408.77865086600195,331.34701734779935,466.6285005258564
person_years_exposure,county,16,female,85+,81.689389884765,48.14914508224794,107.10443377190278
person_years_exposure,county,16,female,18-64,6435.029082407059,5810.7243289486105,6724.561175585971
person_years_exposure,county,16,female,65+,1612.5997813620108,1393.1526804455216,1772.5894521476066
mortality_rate,county,16,female,0-17,0.007050271080835282,0.0022466461348161254,0.014858039079824224
mortality_rate,county,16,female,18-44,0.0008060950322125871,0.0,0.002062182039615988
mortality_rate,county,16,female,45-64,0.004889202283597016,0.00133954161468126,0.010525430723583562
mortality_rate,county,16,female,65-74,0.025031266730722534,0.007937961373403968,0.05317100705470506
mortality_rate,county,16,female,75-84,0.06899351733721906,0.023274871904821286,0.15808805624336883
mortality_rate,county,16,female,85+,0.10943111221298321,0.03552421552031964,0.290787055728617
qualifying_event_rate,county,16,female,0-17,0.025551449230871746,0.017867130465088896,0.0354887712480918
qualifying_event_rate,county,16,female,18-44,0.04243901484702513,0.031026653211869464,0.057572914053006685
qualifying_event_rate,county,16,female,45-64,0.06428279498474097,0.04758134955207133,0.0847797937549343
qualifying_event_rate,county,16,female,65-74,0.09107921762455878,0.06798843148803045,0.11850285714739034
qualifying_event_rate,county,16,female,75-84,0.09951093802637202,0.06880692596396404,0.13587598723143102
qualifying_event_rate,county,16,female,85+,0.08176161838741938,0.035848622702186264,0.1351489593403016
person_years_exposure,county,17,male,0-17,1480.3523912210594,1401.917475001078,1552.1135197455635
person_years_exposure,county,17,male,18-44,1653.5742847766662,1572.9825548167103,1717.9849549828832
person_years_exposure,county,17,male,45-64,1400.304355527606,1329.0815801950876,1456.9264440557383
person_years_exposure,county,17,male,65-74,373.81097063858215,337.3360343946609,402.01776516144844
person_years_exposure,county,17,male,75-84,197.10238054381924,149.72600345771372,231.29545362264707
person_years_exposure,county,17,male,85+,32.47780542397689,18.618233802458615,45.05486851579822
person_years_exposure,county,17,male,18-64,3053.8786403042723,2906.1440306532622,3166.5924102942695
person_years_exposure,county,17,male,65+,603.3911566063782,516.4146132376953,670.4890012665643
mortality_rate,county,17,male,0-17,0.0027742945653382043,0.0,0.0069415320268459224
mortality_rate,county,17,male,18-44,0.0006481579652133715,0.0,0.001878290394861799
mortality_rate,county,17,male,45-64,0.005840317945143157,0.001385242635173306,0.013281311366498894
mortality_rate,county,17,male,65-74,0.03040584345229677,0.007702348044688686,0.06721960255489455
mortality_rate,county,17,male,75-84,0.08217471004212616,0.025654047252277067,0.1964965112986165
mortality_rate,county,17,male,85+,0.12293700843395779,0.023471782210825066,0.35105217320011856
qualifying_event_rate,county,17,male,0-17,0.013163802350658792,0.007749954762348689,0.019859689899023186
qualifying_event_rate,county,17,male,18-44,0.03119436111745683,0.021489568268852552,0.04351139244311917
qualifying_event_rate,county,17,male,45-64,0.0451858821733982,0.031603151310478035,0.062221742174802426
qualifying_event_rate,county,17,male,65-74,0.07628266507414842,0.0492293734292578,0.10870244591782285
qualifying_event_rate,county,17,male,75-84,0.07026287409618481,0.04035304429741253,0.10648012450506868
qualifying_event_rate,county,17,male,85+,0.057388360122495555,0.0,0.1238992068308593
person_years_exposure,county,17,female,0-17,1510.1077529884906,1425.745682179987,1582.1647202959393
person_years_exposure,county,17,female,18-44,1552.7579476191745,1474.382505859176,1614.8144375762333
person_years_exposure,county,17,female,45-64,1582.7263395443254,1500.0577252351907,1648.0583330935444
person_years_exposure,county,17,female,65-74,387.0745392371429,349.33627922523755,416.01049138267865
person_years_exposure,county,17,female,75-84,162.52193142337467,129.01746334526206,187.2954831439381
person_years_exposure,county,17,female,85+,40.25495180309455,24.81525252314135,52.55549708402106
person_years_exposure,county,17,female,18-64,3135.4842871635,2979.9537757805188,3258.432610061731
person_years_exposure,county,17,female,65+,589.851422463612,512.1297444325564,647.3210991724462
mortality_rate,county,17,female,0-17,0.003463639425497251,0.0006420293873995388,0.00802440954273104
mortality_rate,county,17,female,18-44,0.00071759916876193,0.0,0.0020117811432219497
mortality_rate,county,17,female,45-64,0.007074360907504456,0.001841707256894727,0.015530301663575772
mortality_rate,county,17,female,65-74,0.026497108262984514,0.007166365437953913,0.06253608323986388
mortality_rate,county,17,female,75-84,0.07093210433421147,0.021001132326879716,0.16776736109393756
mortality_rate,county,17,female,85+,0.11156800662864391,0.021236970717892743,0.3062698790094035
qualifying_event_rate,county,17,female,0-17,0.014166906066909686,0.008208373268138162,0.021449867030212684
qualifying_event_rate,county,17,female,18-44,0.03080080925732615,0.020798221699915496,0.04321037819664228
qualifying_event_rate,county,17,female,45-64,0.04780800716899985,0.03392209263418449,0.06533183191247617
qualifying_event_rate,county,17,female,65-74,0.06884320291369501,0.044380556786158425,0.09664055910815104
qualifying_event_rate,county,17,female,75-84,0.0692753167955524,0.0368553363337591,0.10703419042274363
qualifying_event_rate,county,17,female,85+,0.06288188560405052,0.0,0.12568671002428597
person_years_exposure,state,0,male,0-17,10261.723585568021,9338.500311712258,11241.925150848381
person_years_exposure,state,0,male,18-44,9585.027236344313,8733.490008552213,10491.75919582955
person_years_exposure,state,0,male,45-64,8594.595109215641,7823.081913370898,9431.140057198834
person_years_exposure,state,0,male,65-74,2227.7567857997287,1979.2105656826127,2495.4321579583775
person_years_exposure,state,0,male,75-84,926.6010024791015,728.9450567223798,1094.3037831665872
person_years_exposure,state,0,male,85+,150.50460357580135,92.71658830307734,198.74413216532582
person_years_exposure,state,0,male,18-64,18179.622345559954,16572.91489898617,19901.616577917375
person_years_exposure,state,0,male,65+,3304.862391854632,2829.719541400254,3768.5826128299095
mortality_rate,state,0,male,0-17,0.0005989719293983274,0.00010100513663076111,0.0013534714274301236
mortality_rate,state,0,male,18-44,0.0007247530103419372,0.00011101147712332942,0.0016106916849874496
mortality_rate,state,0,male,45-64,0.00591731581854486,0.0019104048081376342,0.012163363233860528
mortality_rate,state,0,male,65-74,0.028531713949375658,0.010001549355329521,0.060281355138178144
mortality_rate,state,0,male,75-84,0.07526995531758074,0.02737506357768029,0.17276099182088325
mortality_rate,state,0,male,85+,0.13315138672610097,0.04750327277262385,0.32425318387414453
qualifying_event_rate,state,0,male,0-17,0.009520836777352347,0.0066499581178128325,0.013230822093293484
qualifying_event_rate,state,0,male,18-44,0.01944810796409862,0.01421822985842497,0.026380364079488926
qualifying_event_rate,state,0,male,45-64,0.03007823528871765,0.022014182116807886,0.040458952935739846
qualifying_event_rate,state,0,male,65-74,0.05797549524811052,0.04261515643689346,0.07825947623394071
qualifying_event_rate,state,0,male,75-84,0.04661133385665669,0.03174361677522277,0.0659412261206204
qualifying_event_rate,state,0,male,85+,0.046768701428429905,0.01866452170597974,0.0805202789651507
person_years_exposure,state,0,female,0-17,10371.657831283455,9444.217553960052,11359.501179274239
person_years_exposure,state,0,female,18-44,9675.884003976436,8799.12385521296,10620.773623813486
person_years_exposure,state,0,female,45-64,8806.672592275698,8023.756630499242,9658.337522834987
person_years_exposure,state,0,female,65-74,2428.4109161601496,2154.6470423879837,2716.4778949159763
person_years_exposure,state,0,female,75-84,930.0221361935372,737.2903995887843,1098.2518991663896
person_years_exposure,state,0,female,85+,146.15681435034134,94.07746811807998,189.3788011744804
person_years_exposure,state,0,female,18-64,18482.556596252136,16833.59228957705,20263.735052498665
person_years_exposure,state,0,female,65+,3504.5898667040283,3015.798565628649,3985.8918373945653
mortality_rate,state,0,female,0-17,0.0005820304903948986,9.380505165770211e-05,0.0013744372097854835
mortality_rate,state,0,female,18-44,0.0006401829471037844,0.00010730720029856061,0.001463280802890362
mortality_rate,state,0,female,45-64,0.0058843210667275485,0.0019745144684384583,0.012317970727645847
mortality_rate,state,0,female,65-74,0.026875404379516965,0.009358861090359506,0.055769581453888425
mortality_rate,state,0,female,75-84,0.07343927227231879,0.02648237879510408,0.1684649987051448
mortality_rate,state,0,female,85+,0.11399537339589061,0.037714628621545634,0.2732177689363173
qualifying_event_rate,state,0,female,0-17,0.010625269551783213,0.007453260648462037,0.014724736204039865
qualifying_event_rate,state,0,female,18-44,0.02196220758825006,0.01604360706834744,0.029915146090969673
qualifying_event_rate,state,0,female,45-64,0.029501488167890676,0.02162539355337676,0.0397042262652982
qualifying_event_rate,state,0,female,65-74,0.05625892674021563,0.041396506837901324,0.07463531155436876
qualifying_event_rate,state,0,female,75-84,0.052380326080140316,0.0363616881824592,0.0736520378072342
qualifying_event_rate,state,0,female,85+,0.050035162157651934,0.021293157944185608,0.08682305112246787
person_years_exposure,state,1,male,0-17,3835.5304294826337,3349.3600678625507,4255.920770822922
person_years_exposure,state,1,male,18-44,3449.958099027352,3012.507981620261,3827.447647419523
person_years_exposure,state,1,male,45-64,3259.870433898479,2838.3480211328015,3618.772429783639
person_years_exposure,state,1,male,65-74,1002.7024527223126,859.3809020158126,1126.1275044842191
person_years_exposure,state,1,male,75-84,328.02739393427726,253.07437821190706,396.53581860862704
person_years_exposure,state,1,male,85+,23.875149074563918,12.939861433720953,33.219557516890234
person_years_exposure,state,1,male,18-64,6709.828532925831,5853.436445956575,7445.743783157971
person_years_exposure,state,1,male,65+,1354.6049957311538,1144.2007492295718,1546.2634897297125
mortality_rate,state,1,male,0-17,0.004379792686787772,0.0012540541528618437,0.009249520876178642
mortality_rate,state,1,male,18-44,0.0005891998642891008,0.0,0.0015715171464057976
mortality_rate,state,1,male,45-64,0.007957952641763768,0.00246710202127093,0.01676174575495739
mortality_rate,state,1,male,65-74,0.02816071340963387,0.009316771532935125,0.062091604357640176
mortality_rate,state,1,male,75-84,0.07458801597618007,0.024707414314864676,0.1673973998485827
mortality_rate,state,1,male,85+,0.10437474800817327,0.0,0.33409308609425037
qualifying_event_rate,state,1,male,0-17,0.015773186073877794,0.010922956260502164,0.021973812621471706
qualifying_event_rate,state,1,male,18-44,0.025415701568511955,0.01824600836680426,0.03471568301861771
qualifying_event_rate,state,1,male,45-64,0.043806560362805905,0.03227751457553239,0.05874622381468059
qualifying_event_rate,state,1,male,65-74,0.07569854477392764,0.05482559711416043,0.10070804407855885
qualifying_event_rate,state,1,male,75-84,0.08482870891895221,0.05748850356655529,0.11988046258465059
qualifying_event_rate,state,1,male,85+,0.029242445395669413,0.0,0.09559286130035163
person_years_exposure,state,1,female,0-17,3659.4246872808967,3187.6103873031216,4058.0489793433626
person_years_exposure,state,1,female,18-44,3392.013150852511,2955.7585801989135,3761.7536632521387
person_years_exposure,state,1,female,45-64,3280.277741921635,2861.2140862195265,3640.720805606652
person_years_exposure,state,1,female,65-74,954.4427356170404,817.2199602748613,1073.351680184989
person_years_exposure,state,1,female,75-84,384.7436806925396,302.61627046202335,456.656099133826
person_years_exposure,state,1,female,85+,57.445645100146585,35.8505420207247,74.80696548245572
person_years_exposure,state,1,female,18-64,6672.290892774146,5821.976209691587,7402.087706147331
person_years_exposure,state,1,female,65+,1396.6320614097265,1177.0234790646966,1596.775684197597
mortality_rate,state,1,female,0-17,0.002244178537761397,0.0005096633698133332,0.00488352980194834
mortality_rate,state,1,female,18-44,0.000855352576322059,0.0,0.0021174758732622184
mortality_rate,state,1,female,45-64,0.007894749985737236,0.0025037832742309564,0.01663142215047394
mortality_rate,state,1,female,65-74,0.028868899001768526,0.009193057999622592,0.06365421682099073
mortality_rate,state,1,female,75-84,0.07302471651828728,0.024777942374284503,0.16632688145558108
mortality_rate,state,1,female,85+,0.08448354061176468,0.014665452917295844,0.22334533777757287
qualifying_event_rate,state,1,female,0-17,0.016383877666519067,0.010849622718649397,0.023149638622939638
qualifying_event_rate,state,1,female,18-44,0.03064946221689058,0.0221364191943969,0.04147306974139002
qualifying_event_rate,state,1,female,45-64,0.04383843607386383,0.032066289485692595,0.05880441148457796
qualifying_event_rate,state,1,female,65-74,0.06804271086181499,0.04840234000836253,0.09186292945297501
qualifying_event_rate,state,1,female,75-84,0.07074292285343449,0.04496193310450086,0.10142155548553727
qualifying_event_rate,state,1,female,85+,0.05251053202152694,0.012150787834570609,0.10368642974512157
person_years_exposure,state,2,male,0-17,4874.103863055393,4169.30441668134,5588.715992235198
person_years_exposure,state,2,male,18-44,4954.89155677782,4249.131586658788,5672.131944743775
person_years_exposure,state,2,male,45-64,4110.187623710338,3516.835008889331,4715.549557098344
person_years_exposure,state,2,male,65-74,1266.1526094787341,1048.0049119940627,1478.5654575723372
person_years_exposure,state,2,male,75-84,394.04445106172096,298.7193067765486,482.8420105415223
person_years_exposure,state,2,male,85+,46.51696543654288,25.488109434942636,69.20873505151151
person_years_exposure,state,2,male,18-64,9065.07918048816,7773.183525062247,10389.08337457011
person_years_exposure,state,2,male,65+,1706.714025976998,1385.1433009927084,2020.9967394928124
mortality_rate,state,2,male,0-17,0.003022190163335178,0.0008491336496513066,0.006548634304902657
mortality_rate,state,2,male,18-44,0.0007325857227964284,0.0,0.0018330615649484925
mortality_rate,state,2,male,45-64,0.009407524283008872,0.0032188323873101323,0.019899630019277335
mortality_rate,state,2,male,65-74,0.036002882204172484,0.012551301331779199,0.0790177040399922
mortality_rate,state,2,male,75-84,0.07307474219702396,0.024974063215822725,0.1672648145543582
mortality_rate,state,2,male,85+,0.10372698959608477,0.02053930497185443,0.28364748321900435
qualifying_event_rate,state,2,male,0-17,0.01389828799755721,0.009286994891207639,0.0192223504543592
qualifying_event_rate,state,2,male,18-44,0.02221423637943804,0.015492643042832729,0.03049128157646306
qualifying_event_rate,state,2,male,45-64,0.03221223731186318,0.022919901503968686,0.04336828160215415
qualifying_event_rate,state,2,male,65-74,0.056786615143679886,0.039743830951341694,0.07681199357453292
qualifying_event_rate,state,2,male,75-84,0.05578155033524841,0.03421245283327246,0.08004081022544494
qualifying_event_rate,state,2,male,85+,0.04131353062581385,0.0,0.09570515386760232
person_years_exposure,state,2,female,0-17,5054.556916298468,4325.0171403710465,5796.161514422624
person_years_exposure,state,2,female,18-44,4989.366107774359,4275.143610888129,5711.706938622464
person_years_exposure,state,2,female,45-64,4622.7661651671015,3944.527231596591,5306.942893363244
person_years_exposure,state,2,female,65-74,1207.0568889495007,999.6429175991265,1415.6004758073325
person_years_exposure,state,2,female,75-84,366.4183678800475,270.69415682839275,455.140255746666
person_years_exposure,state,2,female,85+,31.46318642475929,14.91767083195809,50.00238941974951
person_years_exposure,state,2,female,18-64,9612.13227294146,8230.578417699888,11021.71868223976
person_years_exposure,state,2,female,65+,1604.9384432543075,1302.1582694668928,1906.2090000140809
mortality_rate,state,2,female,0-17,0.0015371339918929532,0.0003674808106838849,0.0034290866870774817
mortality_rate,state,2,female,18-44,0.0008487778186193426,0.00017384125348340906,0.0019769761165477117
mortality_rate,state,2,female,45-64,0.008962415762219797,0.003104395958504627,0.01916120617532805
mortality_rate,state,2,female,65-74,0.03562773610497434,0.012435870414149765,0.07608771648445078
mortality_rate,state,2,female,75-84,0.07737012714960681,0.02661612788839729,0.1793751395071484
mortality_rate,state,2,female,85+,0.13985207144576087,0.02811769682878846,0.39787381472404304
qualifying_event_rate,state,2,female,0-17,0.011569464266281275,0.007836914904988213,0.016315362536219385
qualifying_event_rate,state,2,female,18-44,0.021543484182896835,0.015367193366853172,0.029487657816179944
qualifying_event_rate,state,2,female,45-64,0.03602656477303537,0.026094712940205104,0.048322178804030606
qualifying_event_rate,state,2,female,65-74,0.05313085362326351,0.037178458472358164,0.07193412686700801
qualifying_event_rate,state,2,female,75-84,0.05715197189237876,0.03398157280041563,0.0845174898290051
qualifying_event_rate,state,2,female,85+,0.046259477240378884,0.0,0.12033676424935286
person_years_exposure,state,3,male,0-17,3576.1245903501404,3309.2644047050876,3855.0577393884305
person_years_exposure,state,3,male,18-44,3514.403479413469,3260.8448798417544,3769.869205270924
person_years_exposure,state,3,male,45-64,3560.644128758359,3301.5488025835652,3824.089959934307
person_years_exposure,state,3,male,65-74,1255.8738385488978,1139.4864507022587,1368.7057508270354
person_years_exposure,state,3,male,75-84,615.2827113941331,496.61996554261555,708.5280118216323
person_years_exposure,state,3,male,85+,88.97911579845436,54.8124608113329,115.30189549197945
person_years_exposure,state,3,male,18-64,7075.047608171828,6574.386816237831,7587.553934400863
person_years_exposure,state,3,male,65+,1960.1356657414851,1717.489052493875,2172.68894786422
mortality_rate,state,3,male,0-17,0.006316167620306108,0.0018858528272298492,0.013791174871583765
mortality_rate,state,3,male,18-44,0.0010673152882053297,0.0,0.0026475294848840192
mortality_rate,state,3,male,45-64,0.004677464119970263,0.0013546980713696017,0.010217947264546778
mortality_rate,state,3,male,65-74,0.023240012285966265,0.007612016003341781,0.04963698438717758
mortality_rate,state,3,male,75-84,0.06832502521882902,0.024291378890931446,0.1573341387864716
mortality_rate,state,3,male,85+,0.1097388766057111,0.029014816266936944,0.2944514205021367
qualifying_event_rate,state,3,male,0-17,0.012051907030881758,0.0078107161855654585,0.01728402475464663
qualifying_event_rate,state,3,male,18-44,0.033430365539120724,0.02377217892063261,0.04577742686838384
qualifying_event_rate,state,3,male,45-64,0.0414196037056442,0.030173550145247825,0.05611412415838067
qualifying_event_rate,state,3,male,65-74,0.06629978075859734,0.04781794801682888,0.08866046797241543
qualifying_event_rate,state,3,male,75-84,0.08099564881503514,0.057104097347232735,0.11203700056902899
qualifying_event_rate,state,3,male,85+,0.04959586741020437,0.014847618567765805,0.09436500984865935
person_years_exposure,state,3,female,0-17,3382.6658067159183,3127.877999340834,3653.1046436102984
person_years_exposure,state,3,female,18-44,3249.933077941126,3002.043850731926,3497.065548648824
person_years_exposure,state,3,female,45-64,3785.725991231152,3506.6656713467446,4071.0810635352063
person_years_exposure,state,3,female,65-74,1120.9106081726904,1008.805626123534,1227.5510360077233
person_years_exposure,state,3,female,75-84,462.7760793326372,367.29463222890223,540.3356439280125
person_years_exposure,state,3,female,85+,63.36826488140218,40.34554211696183,81.81353509905088
person_years_exposure,state,3,female,18-64,7035.659069172278,6511.443291935786,7565.103640947908
person_years_exposure,state,3,female,65+,1647.0549523867298,1425.545192824926,1838.657504008561
mortality_rate,state,3,female,0-17,0.007723054304354453,0.002398298310631898,0.016405787679348183
mortality_rate,state,3,female,18-44,0.0006558127829512833,0.0,0.0017871906344811646
mortality_rate,state,3,female,45-64,0.005591908564641128,0.0016388297339280714,0.012211677646494733
mortality_rate,state,3,female,65-74,0.028383556597225485,0.009355697160338293,0.06244676480766515
mortality_rate,state,3,female,75-84,0.07380109435859754,0.025551890386458758,0.16962811897834135
mortality_rate,state,3,female,85+,0.07941334249450703,0.013293529443132066,0.22493851280010593
qualifying_event_rate,state,3,female,0-17,0.011868441918365839,0.007660968682486242,0.017167685906236685
qualifying_event_rate,state,3,female,18-44,0.027746064118841993,0.019537426300937435,0.03880669196126741
qualifying_event_rate,state,3,female,45-64,0.04254287405785627,0.0310160578283052,0.057439975538153484
qualifying_event_rate,state,3,female,65-74,0.06370727132863245,0.045535345996577506,0.08665927212736549
qualifying_event_rate,state,3,female,75-84,0.06051256133093302,0.039795338926874785,0.0880958607336578
qualifying_event_rate,state,3,female,85+,0.0487712807719903,0.012440701803177872,0.0974673322277577
person_years_exposure,state,4,male,0-17,18078.62881741527,17185.268491100203,18786.18655641049
person_years_exposure,state,4,male,18-44,17518.192287776572,16654.12230911379,18175.19840167855
person_years_exposure,state,4,male,45-64,16330.705714728558,15546.736306101284,16960.955602545382
person_years_exposure,state,4,male,65-74,4590.652814192408,4195.952820049545,4909.2270946171275
person_years_exposure,state,4,male,75-84,1898.2167036171668,1486.179386196288,2192.125383473993
person_years_exposure,state,4,male,85+,273.4688590131481,165.87105827573112,357.11316312327693
person_years_exposure,state,4,male,18-64,33848.89800250513,32216.925269783686,35090.196490637085
person_years_exposure,state,4,male,65+,6762.338376822723,5871.689471310161,7440.645245605805
mortality_rate,state,4,male,0-17,0.002768019228277656,0.0009545321291432035,0.005828788001581706
mortality_rate,state,4,male,18-44,0.0006908530843967502,0.00017061297979766322,0.0015385138396926481
mortality_rate,state,4,male,45-64,0.006435705303305499,0.0022833567209087488,0.01319237167318027
mortality_rate,state,4,male,65-74,0.02946423221411398,0.010634200892422483,0.06377458524962594
mortality_rate,state,4,male,75-84,0.08269431127985005,0.030897079381226312,0.18850087080208153
mortality_rate,state,4,male,85+,0.12098332384650923,0.04611399560319099,0.29700498127621705
qualifying_event_rate,state,4,male,0-17,0.013679921039510455,0.01000094912111812,0.018552854344226554
qualifying_event_rate,state,4,male,18-44,0.032300388854968144,0.024091785581933322,0.043148346468953255
qualifying_event_rate,state,4,male,45-64,0.04758465810414111,0.03599383560288776,0.06281431146688934
qualifying_event_rate,state,4,male,65-74,0.07680828125758074,0.059040114012199586,0.09969983336162089
qualifying_event_rate,state,4,male,75-84,0.07251547409421459,0.054550479013555225,0.09725827839248465
qualifying_event_rate,state,4,male,85+,0.059848455540503796,0.035187591475008696,0.09105751245332346
person_years_exposure,state,4,female,0-17,17612.41563133029,16735.010987903694,18321.07179469014
person_years_exposure,state,4,female,18-44,17445.955883144044,16582.361541173603,18120.843934488246
person_years_exposure,state,4,female,45-64,16563.59476082377,15760.838030617007,17207.992151553153
person_years_exposure,state,4,female,65-74,5166.143444338566,4725.600932548704,5499.594197619422
person_years_exposure,state,4,female,75-84,2081.1793102283855,1710.5627855555567,2354.607842417891
person_years_exposure,state,4,female,85+,228.68902092730096,154.5401989560927,283.7957417254284
person_years_exposure,state,4,female,18-64,34009.550643967814,32358.1648537306,35289.595815265726
person_years_exposure,state,4,female,65+,7476.011775494252,6618.312458001535,8132.297635113746
mortality_rate,state,4,female,0-17,0.003449493103145169,0.0012029344100520736,0.007096929670144658
mortality_rate,state,4,female,18-44,0.0007037637899286798,0.00017533038229237467,0.0015594619170810158
mortality_rate,state,4,female,45-64,0.0070137757848630355,0.002487621563545584,0.014560717293291796
mortality_rate,state,4,female,65-74,0.027099284057752138,0.010258423283936892,0.057884369799631324
mortality_rate,state,4,female,75-84,0.06845846772809512,0.025588291502086254,0.14915691593243727
mortality_rate,state,4,female,85+,0.09405130310998058,0.03185604757995661,0.22462381206134363
qualifying_event_rate,state,4,female,0-17,0.0146918398065851,0.010769554692027764,0.020207503337151142
qualifying_event_rate,state,4,female,18-44,0.031596340862115484,0.02374290414713922,0.042360878575783016
qualifying_event_rate,state,4,female,45-64,0.04904759710454612,0.03720642434492694,0.06491996311374926
qualifying_event_rate,state,4,female,65-74,0.07120680933342817,0.05443651944190959,0.0930039630199575
qualifying_event_rate,state,4,female,75-84,0.07062606630417623,0.05324596469087754,0.09381645131579273
qualifying_event_rate,state,4,female,85+,0.059531848159132615,0.033618986983433304,0.09108638125052515
person_years_exposure,state,5,male,0-17,9656.334189069536,8716.153630741037,10132.949863356085
person_years_exposure,state,5,male,18-44,9307.475531303897,8407.689970182075,9711.57526930384
person_years_exposure,state,5,male,45-64,8846.411509238882,7992.158938307729,9287.088467791753
person_years_exposure,state,5,male,65-74,2848.0381974635216,2520.8102288264045,3048.6057847004436
person_years_exposure,state,5,male,75-84,1116.3284069461295,900.4055378617533,1272.2930288327855
person_years_exposure,state,5,male,85+,208.69875730482684,130.2287830503707,270.73274066621565
person_years_exposure,state,5,male,18-64,18153.88704054278,16390.37450633269,18990.59219069617
person_years_exposure,state,5,male,65+,4173.065361714478,3604.751281950814,4579.019845969739
mortality_rate,state,5,male,0-17,0.001207260914493403,0.00031989649375400444,0.0026542692332400847
mortality_rate,state,5,male,18-44,0.0008170305859976488,0.00020616231424093692,0.0018045437733294936
mortality_rate,state,5,male,45-64,0.005067048403263418,0.0017404885723016454,0.010608648903196405
mortality_rate,state,5,male,65-74,0.021840349084116067,0.007575156871664841,0.046432671722121656
mortality_rate,state,5,male,75-84,0.06981033427889313,0.024739466696575646,0.15371413918969443
mortality_rate,state,5,male,85+,0.13020849854312377,0.04725946943195914,0.31993687350560523
qualifying_event_rate,state,5,male,0-17,0.023765242684717792,0.017373210242831498,0.03206632439300503
qualifying_event_rate,state,5,male,18-44,0.03638022568768403,0.026832143874157267,0.04864249141709773
qualifying_event_rate,state,5,male,45-64,0.054033161446271336,0.04103818206206416,0.071040458990281
qualifying_event_rate,state,5,male,65-74,0.08531034863587085,0.06542573592164112,0.11023218373461487
qualifying_event_rate,state,5,male,75-84,0.09807981260221577,0.07394167072161448,0.12963200632865407
qualifying_event_rate,state,5,male,85+,0.07492827663855765,0.04314111732289842,0.11437789293145248
person_years_exposure,state,5,female,0-17,9568.393862707244,8599.625565787454,10082.79337333651
person_years_exposure,state,5,female,18-44,9262.217118387473,8365.813186959305,9668.678168075809
person_years_exposure,state,5,female,45-64,8960.555911599384,8086.952468212076,9371.313438800174
person_years_exposure,state,5,female,65-74,2713.0512784442803,2395.170754783815,2915.076157814505
person_years_exposure,state,5,female,75-84,1105.2084609397386,892.4075881627971,1259.0012720450802
person_years_exposure,state,5,female,85+,176.44127025346663,110.06238490374896,228.51404374242233
person_years_exposure,state,5,female,18-64,18222.773029986856,16452.79528140752,19037.27706060087
person_years_exposure,state,5,female,65+,3994.701009637485,3440.8368214520647,4391.803906233493
mortality_rate,state,5,female,0-17,0.007052383235576538,0.002471279883426745,0.01464081917360762
mortality_rate,state,5,female,18-44,0.0007816956007894258,0.00011671619881021223,0.0017733311671410813
mortality_rate,state,5,female,45-64,0.004622308865640141,0.0015571511725758081,0.009691808777421908
mortality_rate,state,5,female,65-74,0.025214628760071096,0.008586130661505377,0.05316258381769324
mortality_rate,state,5,female,75-84,0.06872932509911751,0.02442303083750947,0.15601433756047633
mortality_rate,state,5,female,85+,0.11466122011167869,0.03950115617414205,0.2824040200824053
qualifying_event_rate,state,5,female,0-17,0.02121348753183744,0.015481450838311213,0.028755414547711047
qualifying_event_rate,state,5,female,18-44,0.03559175327203987,0.0263216154358709,0.04745055028607183
qualifying_event_rate,state,5,female,45-64,0.05367102044055708,0.04028789280079726,0.0703020184659292
qualifying_event_rate,state,5,female,65-74,0.07924259502102696,0.060527287144136965,0.10344470529576065
qualifying_event_rate,state,5,female,75-84,0.08591297362517278,0.06296745772805261,0.1131289669649426
qualifying_event_rate,state,5,female,85+,0.07416569441914228,0.043250000615356256,0.11177309783890026
