estimand,level,unit,sex,age_band,estimate,lower,upper
children_under_16,county,0,,,1626.6663070600932,1594.1329809188915,1659.199633201295
children_under_16,county,1,,,1471.4957754933496,1442.0658599834826,1500.9256910032166
children_under_16,county,2,,,940.5026003097801,921.6925483035844,959.3126523159757
children_under_16,county,3,,,291.7822536029946,285.9466085309347,297.6178986750545
children_under_16,county,4,,,2133.3850982056047,2090.7173962414927,2176.0528001697166
children_under_16,county,5,,,546.4368698206797,535.5081324242661,557.3656072170933
children_under_16,county,6,,,559.095425812067,547.9135172958256,570.2773343283084
children_under_16,county,7,,,435.8710935760319,427.1536717045113,444.58851544755254
children_under_16,county,8,,,588.5425194007919,576.7716690127761,600.3133697888077
children_under_16,county,9,,,348.2426197223241,341.2777673278776,355.2074721167706
children_under_16,county,10,,,730.626672750758,716.0141392957428,745.2392062057731
children_under_16,county,11,,,520.8511969862667,510.4341730465414,531.2682209259921
children_under_16,county,12,,,437.01034631821045,428.2701393918462,445.7505532445747
children_under_16,county,13,,,460.9093496324878,451.69116263983807,470.12753662513757
children_under_16,county,14,,,229.58985410288315,224.99805702082548,234.18165118494082
children_under_16,county,15,,,451.02169308535935,442.00125922365214,460.04212694706655
children_under_16,county,16,,,208.6121009361222,204.43985891739976,212.78434295484465
children_under_16,county,17,,,771.2252811515949,755.800775528563,786.6497867746268
children_under_16,nation,0,,,12751.8670579674,12496.829716808052,13006.904399126748
children_under_16,state,0,,,1626.6663070600932,1594.1329809188915,1659.199633201295
children_under_16,state,1,,,3448.2847639171296,3379.319068638787,3517.250459195472
children_under_16,state,2,,,2854.1398614109685,2797.057064182749,2911.222658639188
children_under_16,state,3,,,850.8776794150616,833.8601258267604,867.8952330033628
children_under_16,state,4,,,2133.3850982056047,2090.7173962414927,2176.0528001697166
children_under_16,state,5,,,1838.5133479585415,1801.7430809993707,1875.2836149177124
elders_65_plus,county,0,,,666.442872669464,653.1140152160747,679.7717301228533
elders_65_plus,county,1,,,639.9275505169255,627.128999506587,652.7261015272641
elders_65_plus,county,2,,,525.6444368956403,515.1315481577275,536.1573256335531
elders_65_plus,county,3,,,171.07759408596684,167.6560422042475,174.49914596768616
elders_65_plus,county,4,,,943.4781300875362,924.6085674857854,962.347692689287
elders_65_plus,county,5,,,268.53995680126565,263.16915766524033,273.91075593729096
elders_65_plus,county,6,,,327.8084911995348,321.2523213755441,334.36466102352546
elders_65_plus,county,7,,,243.60721115113913,238.73506692811634,248.4793553741619
elders_65_plus,county,8,,,328.9348706719931,322.35617325855327,335.51356808543295
elders_65_plus,county,9,,,151.4445711200147,148.4156796976144,154.473462542415
elders_65_plus,county,10,,,317.7366492125804,311.3819162283288,324.091382196832
elders_65_plus,county,11,,,255.96617955973508,250.84685596854038,261.0855031509298
elders_65_plus,county,12,,,190.04808924864602,186.2471274636731,193.84905103361893
elders_65_plus,county,13,,,200.44134412943146,196.43251724684282,204.4501710120201
elders_65_plus,county,14,,,128.31716737105458,125.75082402363348,130.88351071847566
elders_65_plus,county,15,,,252.07484148526967,247.0333446555643,257.11633831497505
elders_65_plus,county,16,,,116.59275613918156,114.26090101639792,118.9246112619652
elders_65_plus,county,17,,,379.0095711375724,371.4293797148209,386.58976256032383
elders_65_plus,nation,0,,,6107.092283482953,5984.950437813293,6229.234129152612
elders_65_plus,state,0,,,666.442872669464,653.1140152160747,679.7717301228533
elders_65_plus,state,1,,,1499.598204227598,1469.606240143046,1529.59016831215
elders_65_plus,state,2,,,1595.1712837142784,1563.267858039993,1627.0747093885639
elders_65_plus,state,3,,,498.8860852855016,488.90836357979157,508.8638069912117
elders_65_plus,state,4,,,943.4781300875362,924.6085674857854,962.347692689287
elders_65_plus,state,5,,,903.5157074985731,885.4453933486017,921.5860216485445
households,county,0,,,0.0,0.0,0.0
households,county,1,,,0.0,0.0,0.0
households,county,2,,,0.0,0.0,0.0
households,county,3,,,0.0,0.0,0.0
households,county,4,,,0.0,0.0,0.0
households,county,5,,,0.0,0.0,0.0
households,county,6,,,0.0,0.0,0.0
households,county,7,,,0.0,0.0,0.0
households,county,8,,,0.0,0.0,0.0
households,county,9,,,0.0,0.0,0.0
households,county,10,,,0.0,0.0,0.0
households,county,11,,,0.0,0.0,0.0
households,county,12,,,0.0,0.0,0.0
households,county,13,,,0.0,0.0,0.0
households,county,14,,,0.0,0.0,0.0
households,county,15,,,0.0,0.0,0.0
households,county,16,,,0.0,0.0,0.0
households,county,17,,,0.0,0.0,0.0
households,nation,0,,,0.0,0.0,0.0
households,state,0,,,0.0,0.0,0.0
households,state,1,,,0.0,0.0,0.0
households,state,2,,,0.0,0.0,0.0
households,state,3,,,0.0,0.0,0.0
households,state,4,,,0.0,0.0,0.0
households,state,5,,,0.0,0.0,0.0
low_income_household_share,county,0,,,0.0,0.0,0.02
low_income_household_share,county,1,,,0.0,0.0,0.02
low_income_household_share,county,2,,,0.0,0.0,0.02
low_income_household_share,county,3,,,0.0,0.0,0.02
low_income_household_share,county,4,,,0.0,0.0,0.02
low_income_household_share,county,5,,,0.0,0.0,0.02
low_income_household_share,county,6,,,0.0,0.0,0.02
low_income_household_share,county,7,,,0.0,0.0,0.02
low_income_household_share,county,8,,,0.0,0.0,0.02
low_income_household_share,county,9,,,0.0,0.0,0.02
low_income_household_share,county,10,,,0.0,0.0,0.02
low_income_household_share,county,11,,,0.0,0.0,0.02
low_income_household_share,county,12,,,0.0,0.0,0.02
low_income_household_share,county,13,,,0.0,0.0,0.02
low_income_household_share,county,14,,,0.0,0.0,0.02
low_income_household_share,county,15,,,0.0,0.0,0.02
low_income_household_share,county,16,,,0.0,0.0,0.02
low_income_household_share,county,17,,,0.0,0.0,0.02
low_income_household_share,nation,0,,,0.0,0.0,0.02
low_income_household_share,state,0,,,0.0,0.0,0.02
low_income_household_share,state,1,,,0.0,0.0,0.02
low_income_household_share,state,2,,,0.0,0.0,0.02
low_income_household_share,state,3,,,0.0,0.0,0.02
low_income_household_share,state,4,,,0.0,0.0,0.02
low_income_household_share,state,5,,,0.0,0.0,0.02
mean_income_adults,county,0,,,0.0,0.0,0.0
mean_income_adults,county,1,,,0.0,0.0,0.0
mean_income_adults,county,2,,,0.0,0.0,0.0
mean_income_adults,county,3,,,0.0,0.0,0.0
mean_income_adults,county,4,,,0.0,0.0,0.0
mean_income_adults,county,5,,,0.0,0.0,0.0
mean_income_adults,county,6,,,0.0,0.0,0.0
mean_income_adults,county,7,,,0.0,0.0,0.0
mean_income_adults,county,8,,,0.0,0.0,0.0
mean_income_adults,county,9,,,0.0,0.0,0.0
mean_income_adults,county,10,,,0.0,0.0,0.0
mean_income_adults,county,11,,,0.0,0.0,0.0
mean_income_adults,county,12,,,0.0,0.0,0.0
mean_income_adults,county,13,,,0.0,0.0,0.0
mean_income_adults,county,14,,,0.0,0.0,0.0
mean_income_adults,county,15,,,0.0,0.0,0.0
mean_income_adults,county,16,,,0.0,0.0,0.0
mean_income_adults,county,17,,,0.0,0.0,0.0
mean_income_adults,nation,0,,,0.0,0.0,0.0
mean_income_adults,state,0,,,0.0,0.0,0.0
mean_income_adults,state,1,,,0.0,0.0,0.0
mean_income_adults,state,2,,,0.0,0.0,0.0
mean_income_adults,state,3,,,0.0,0.0,0.0
mean_income_adults,state,4,,,0.0,0.0,0.0
mean_income_adults,state,5,,,0.0,0.0,0.0
median_household_income,county,0,,,0.0,0.0,0.0
median_household_income,county,1,,,0.0,0.0,0.0
median_household_income,county,2,,,0.0,0.0,0.0
median_household_income,county,3,,,0.0,0.0,0.0
median_household_income,county,4,,,0.0,0.0,0.0
median_household_income,county,5,,,0.0,0.0,0.0
median_household_income,county,6,,,0.0,0.0,0.0
median_household_income,county,7,,,0.0,0.0,0.0
median_household_income,county,8,,,0.0,0.0,0.0
median_household_income,county,9,,,0.0,0.0,0.0
median_household_income,county,10,,,0.0,0.0,0.0
median_household_income,county,11,,,0.0,0.0,0.0
median_household_income,county,12,,,0.0,0.0,0.0
median_household_income,county,13,,,0.0,0.0,0.0
median_household_income,county,14,,,0.0,0.0,0.0
median_household_income,county,15,,,0.0,0.0,0.0
median_household_income,county,16,,,0.0,0.0,0.0
median_household_income,county,17,,,0.0,0.0,0.0
median_household_income,nation,0,,,0.0,0.0,0.0
median_household_income,state,0,,,0.0,0.0,0.0
median_household_income,state,1,,,0.0,0.0,0.0
median_household_income,state,2,,,0.0,0.0,0.0
median_household_income,state,3,,,0.0,0.0,0.0
median_household_income,state,4,,,0.0,0.0,0.0
median_household_income,state,5,,,0.0,0.0,0.0
persons,county,0,,,6908.801431762493,6770.625403127243,7046.977460397743
persons,county,1,,,6454.661696919281,6325.568462980896,6583.754930857666
persons,county,2,,,4423.997529786082,4335.51757919036,4512.477480381804
persons,county,3,,,1419.170192336599,1390.7867884898671,1447.553596183331
persons,county,4,,,9580.487207898997,9388.877463741017,9772.096952056978
persons,county,5,,,2462.7498717623894,2413.4948743271416,2512.004869197637
persons,county,6,,,2719.3276944930653,2664.941140603204,2773.7142483829266
persons,county,7,,,2050.278904758359,2009.273326663192,2091.2844828535262
persons,county,8,,,2768.424724339494,2713.056229852704,2823.793218826284
persons,county,9,,,1527.55334822684,1497.002281262303,1558.1044151913768
persons,county,10,,,3204.8668286327743,3140.769492060119,3268.9641652054297
persons,county,11,,,2347.437168736726,2300.4884253619916,2394.3859121114606
persons,county,12,,,1916.9296918925068,1878.5910980546566,1955.2682857303569
persons,county,13,,,2021.7617844178753,1981.3265487295178,2062.1970201062327
persons,county,14,,,1079.959743950259,1058.360549071254,1101.5589388292642
persons,county,15,,,2121.5452838007654,2079.11437812475,2163.9761894767807
persons,county,16,,,981.283219122315,961.6575547398687,1000.9088835047613
persons,county,17,,,3475.85433405929,3406.337247378104,3545.371420740476
persons,nation,0,,,57465.09065689611,56315.788843758186,58614.39247003403
persons,state,0,,,6908.801431762493,6770.625403127243,7046.977460397743
persons,state,1,,,15125.773350089277,14823.257883087492,15428.288817091063
persons,state,2,,,13425.489405757275,13156.97961764213,13693.99919387242
persons,state,3,,,4138.497886829664,4055.7279290930705,4221.267844566257
persons,state,4,,,9580.487207898997,9388.877463741017,9772.096952056978
persons,state,5,,,8286.041374558405,8120.3205470672365,8451.762202049573
tertiary_share_25_plus,county,0,,,0.0,0.0,0.02
tertiary_share_25_plus,county,1,,,0.0,0.0,0.02
tertiary_share_25_plus,county,2,,,0.0,0.0,0.02
tertiary_share_25_plus,county,3,,,0.0,0.0,0.02
tertiary_share_25_plus,county,4,,,0.0,0.0,0.02
tertiary_share_25_plus,county,5,,,0.0,0.0,0.02
tertiary_share_25_plus,county,6,,,0.0,0.0,0.02
tertiary_share_25_plus,county,7,,,0.0,0.0,0.02
tertiary_share_25_plus,county,8,,,0.0,0.0,0.02
tertiary_share_25_plus,county,9,,,0.0,0.0,0.02
tertiary_share_25_plus,county,10,,,0.0,0.0,0.02
tertiary_share_25_plus,county,11,,,0.0,0.0,0.02
tertiary_share_25_plus,county,12,,,0.0,0.0,0.02
tertiary_share_25_plus,county,13,,,0.0,0.0,0.02
tertiary_share_25_plus,county,14,,,0.0,0.0,0.02
tertiary_share_25_plus,county,15,,,0.0,0.0,0.02
tertiary_share_25_plus,county,16,,,0.0,0.0,0.02
tertiary_share_25_plus,county,17,,,0.0,0.0,0.02
tertiary_share_25_plus,nation,0,,,0.0,0.0,0.02
tertiary_share_25_plus,state,0,,,0.0,0.0,0.02
tertiary_share_25_plus,state,1,,,0.0,0.0,0.02
tertiary_share_25_plus,state,2,,,0.0,0.0,0.02
tertiary_share_25_plus,state,3,,,0.0,0.0,0.02
tertiary_share_25_plus,state,4,,,0.0,0.0,0.02
tertiary_share_25_plus,state,5,,,0.0,0.0,0.02
person_years_exposure,county,0,male,0-17,4800.365112438837,4712.693012650308,4870.144774785581
person_years_exposure,county,0,male,18-44,6381.615104319171,6196.618504129029,6551.7309479504065
person_years_exposure,county,0,male,45-64,4429.355630033892,4340.75043714724,4507.534467932961
person_years_exposure,county,0,male,65-74,1278.9786509613948,1212.7907799278241,1334.7780625539845
person_years_exposure,county,0,male,75-84,393.31106203376083,343.1304764114871,431.0725731359606
person_years_exposure,county,0,male,85+,55.7513582087591,39.313522379460835,70.69196537489309
person_years_exposure,county,0,male,18-64,10810.970734353064,10551.331481112724,11049.451961175952
person_years_exposure,county,0,male,65+,1728.0410712039147,1607.9580609242655,1816.2243497782306
mortality_rate,county,0,male,0-17,8.056027842505642e-05,0.0,0.0004104555383835603
mortality_rate,county,0,male,18-44,0.0012731886626162834,0.0006096823059522268,0.0021528240734012107
mortality_rate,county,0,male,45-64,0.010727876037498576,0.007606620738328258,0.01498257477261307
mortality_rate,county,0,male,65-74,0.0504560623541228,0.03685490106104339,0.0698361456524176
mortality_rate,county,0,male,75-84,0.12557449030923898,0.08925285665817531,0.18252077561993044
mortality_rate,county,0,male,85+,0.15236127471719535,0.07386248987111133,0.2737526840492179
qualifying_event_rate,county,0,male,0-17,0.01018426358175748,0.007312743623641294,0.013560935045985503
qualifying_event_rate,county,0,male,18-44,0.012092002203959711,0.009470850288190995,0.015691994810724398
qualifying_event_rate,county,0,male,45-64,0.017615407039048923,0.01365518071716894,0.02266164503312651
qualifying_event_rate,county,0,male,65-74,0.020962466304536666,0.01387493726687146,0.02900107870146187
qualifying_event_rate,county,0,male,75-84,0.024602171044839288,0.01216961333310286,0.03932312935100721
qualifying_event_rate,county,0,male,85+,0.010040610197836898,0.0,0.036313250564046454
person_years_exposure,county,0,female,0-17,4403.120789884855,4308.1954765359,4481.76297899424
person_years_exposure,county,0,female,18-44,6344.49985281131,6200.516299067751,6469.933212022709
person_years_exposure,county,0,female,45-64,4467.169446282179,4391.198560086184,4531.721749328697
person_years_exposure,county,0,female,65-74,1300.9319882345474,1234.2746267068865,1352.1956585156602
person_years_exposure,county,0,female,75-84,334.2401685287572,284.1121612613566,374.3224388600741
person_years_exposure,county,0,female,85+,48.18275370350258,33.81264521933796,61.2511707356182
person_years_exposure,county,0,female,18-64,10811.66929909349,10605.989663161845,10991.230816547986
person_years_exposure,county,0,female,65+,1683.354910466807,1562.8877161573014,1767.5253280683776
mortality_rate,county,0,female,0-17,0.0003536421053510822,0.0,0.0009081968936778919
mortality_rate,county,0,female,18-44,0.0010231241371411934,0.00031953418443468764,0.0017579754367406419
mortality_rate,county,0,female,45-64,0.012411076740919727,0.008875869833813941,0.01697029963227659
mortality_rate,county,0,female,65-74,0.048810785108699746,0.035376946167895926,0.06741622983411218
mortality_rate,county,0,female,75-84,0.1414884452844197,0.09994981929035615,0.20429574505469586
mortality_rate,county,0,female,85+,0.16447907750043475,0.07964855174726461,0.2976577071755227
qualifying_event_rate,county,0,female,0-17,0.01037505427796693,0.007650125235119843,0.013683162160013284
qualifying_event_rate,county,0,female,18-44,0.014279562107225162,0.01120420915479143,0.018417584897355302
qualifying_event_rate,county,0,female,45-64,0.018091735410554404,0.0142923399654413,0.02320932826877979
qualifying_event_rate,county,0,female,65-74,0.023970195238506083,0.01674422988169793,0.03278460483029581
qualifying_event_rate,county,0,female,75-84,0.02558714972879149,0.011880434784008985,0.04119963719895861
qualifying_event_rate,county,0,female,85+,0.018429361716304368,0.0,0.05520287754549361
person_years_exposure,county,1,male,0-17,4203.357546999026,4122.647896033551,4272.354198688767
person_years_exposure,county,1,male,18-44,5932.349287796551,5899.636671391534,5960.409546071633
person_years_exposure,county,1,male,45-64,4301.494709861375,4225.000464520177,4373.838671318684
person_years_exposure,county,1,male,65-74,1240.7247761992262,1175.280350693806,1285.6341419612284
person_years_exposure,county,1,male,75-84,410.5450548132802,360.95189064208887,446.3509055655406
person_years_exposure,county,1,male,85+,54.937010711034276,37.709405908545584,70.99976883004454
person_years_exposure,county,1,male,18-64,10233.843997657925,10132.753504327931,10331.402934797128
person_years_exposure,county,1,male,65+,1706.2068417235407,1584.1752789356246,1782.111129137428
mortality_rate,county,1,male,0-17,0.00011372512055066218,0.0,0.00047548481283558907
mortality_rate,county,1,male,18-44,0.0012607976746895333,0.0005046956749373506,0.0021914749274546965
mortality_rate,county,1,male,45-64,0.011153009037769127,0.007941525754601038,0.01571913139276901
mortality_rate,county,1,male,65-74,0.05071183779088721,0.036819444981338656,0.07139005273906714
mortality_rate,county,1,male,75-84,0.11457752928551453,0.08154281631008106,0.16616022304701208
mortality_rate,county,1,male,85+,0.16149329089945266,0.0795867603276192,0.28120334358740595
qualifying_event_rate,county,1,male,0-17,0.01359880616676534,0.010345499834709709,0.017810731942418445
qualifying_event_rate,county,1,male,18-44,0.018679197407585328,0.015096010238502724,0.02372787011144418
qualifying_event_rate,county,1,male,45-64,0.023118894126096662,0.018640044039381885,0.02957184850272767
qualifying_event_rate,county,1,male,65-74,0.039757507826279806,0.02938052588476282,0.05322651580439131
qualifying_event_rate,county,1,male,75-84,0.02425961599457416,0.012280333482826795,0.03853297007170706
qualifying_event_rate,county,1,male,85+,0.010403411156038163,0.0,0.03702217288280559
person_years_exposure,county,1,female,0-17,4185.124183419267,4104.668712946863,4254.584524237323
person_years_exposure,county,1,female,18-44,6129.345774634338,6086.9861942368725,6179.571495924565
person_years_exposure,county,1,female,45-64,4239.229414378764,4184.2361557366185,4282.156826265119
person_years_exposure,county,1,female,65-74,1263.9963304430871,1200.5416605913522,1308.4433396227193
person_years_exposure,county,1,female,75-84,372.00743942435116,320.9939862531231,409.45550417371345
person_years_exposure,county,1,female,85+,59.655317562800725,41.42225737163392,77.34873911711547
person_years_exposure,county,1,female,18-64,10368.575189013103,10289.35140692939,10447.54795028185
person_years_exposure,county,1,female,65+,1695.659087430239,1575.6776985784038,1775.3007959483634
mortality_rate,county,1,female,0-17,0.0003565455729872454,0.0,0.0009525501222163936
mortality_rate,county,1,female,18-44,0.0010057436809587988,0.0003265842156015245,0.0017929180653008213
mortality_rate,county,1,female,45-64,0.012395383656701783,0.008880910257937373,0.017144705073579722
mortality_rate,county,1,female,65-74,0.04594376780025375,0.03389645087734126,0.06387813157845852
mortality_rate,county,1,female,75-84,0.13529448636509026,0.09735072588601305,0.19466453664496983
mortality_rate,county,1,female,85+,0.1737511378712389,0.0893359606031096,0.30436874178187906
qualifying_event_rate,county,1,female,0-17,0.016242074231764853,0.012580593575002233,0.021201609140223128
qualifying_event_rate,county,1,female,18-44,0.018832859119558554,0.015289654184141044,0.0238396173397651
qualifying_event_rate,county,1,female,45-64,0.021836704677332435,0.017347684534343478,0.027756391428048494
qualifying_event_rate,county,1,female,65-74,0.03072588219471789,0.02218928897733083,0.04163018866571561
qualifying_event_rate,county,1,female,75-84,0.03284642296825162,0.017983729441535645,0.05059534998581501
qualifying_event_rate,county,1,female,85+,0.020064877790285488,0.0,0.052287587942092525
person_years_exposure,county,2,male,0-17,2652.8518996416396,2592.9878390660524,2708.6104589783663
person_years_exposure,county,2,male,18-44,3854.9008811876997,3803.3875879435623,3909.0161493662463
person_years_exposure,county,2,male,45-64,3141.2737027218527,3104.688244060484,3172.9597191490543
person_years_exposure,county,2,male,65-74,1034.13682918561,981.8731475985796,1074.1709927801144
person_years_exposure,county,2,male,75-84,315.6281910166002,275.68634747387307,345.04256795978273
person_years_exposure,county,2,male,85+,76.60082960509138,59.46544360420751,91.49994137503685
person_years_exposure,county,2,male,18-64,6996.174583909553,6922.514438932997,7071.4646722752595
person_years_exposure,county,2,male,65+,1426.3658498073014,1334.2055662665766,1492.0886687382588
mortality_rate,county,2,male,0-17,0.0004209429176581057,0.0,0.001140343535995088
mortality_rate,county,2,male,18-44,0.0012703238830725101,0.0005078353875825993,0.0023497851459963197
mortality_rate,county,2,male,45-64,0.010312235657603351,0.006930146421887322,0.01480070918409882
mortality_rate,county,2,male,65-74,0.0512093932221275,0.03713163466420439,0.07166026606858632
mortality_rate,county,2,male,75-84,0.11595384450555074,0.07964600048171998,0.16744769976672577
mortality_rate,county,2,male,85+,0.14601207876089797,0.08235318480659731,0.23933367261098343
qualifying_event_rate,county,2,male,0-17,0.011534977109590505,0.007932058722282316,0.01581710798991892
qualifying_event_rate,county,2,male,18-44,0.013961402868072719,0.010527493531501925,0.018292546532278568
qualifying_event_rate,county,2,male,45-64,0.019714367010614325,0.01516648577834642,0.025369265910951896
qualifying_event_rate,county,2,male,65-74,0.025912310870025514,0.017729149376592045,0.03571656902071265
qualifying_event_rate,county,2,male,75-84,0.02383692314900209,0.010262034330412824,0.03955199155665058
qualifying_event_rate,county,2,male,85+,0.009245143433403363,0.0,0.02902157475363472
person_years_exposure,county,2,female,0-17,2679.8870977472843,2621.8522609469837,2729.907631245362
person_years_exposure,county,2,female,18-44,3729.6108370725324,3688.2245745383007,3768.926281956154
person_years_exposure,county,2,female,45-64,3164.3963914947803,3113.424450357275,3209.4268500955427
person_years_exposure,county,2,female,65-74,1058.3757440025568,1004.0641586701555,1100.7569571790195
person_years_exposure,county,2,female,75-84,307.5286901528004,264.97365476195,340.44665249062825
person_years_exposure,county,2,female,85+,44.008504597338636,30.19302527268709,56.484005797287786
person_years_exposure,county,2,female,18-64,6894.007228567312,6808.783795609548,6972.287216914703
person_years_exposure,county,2,female,65+,1409.912938752696,1310.6058827436316,1475.8901970543052
mortality_rate,county,2,female,0-17,0.00035128578767043843,0.0,0.0011186391869432027
mortality_rate,county,2,female,18-44,0.0010018010693932722,0.00026640517678737813,0.0019033525109723624
mortality_rate,county,2,female,45-64,0.012666873189539256,0.008943888767044111,0.017669572883980647
mortality_rate,county,2,female,65-74,0.0483821962652862,0.034210889627512266,0.06797448290054764
mortality_rate,county,2,female,75-84,0.12930178816212418,0.08878189285566972,0.19040598980546716
mortality_rate,county,2,female,85+,0.1642467991947103,0.0781906704103371,0.293830454851603
qualifying_event_rate,county,2,female,0-17,0.011278496650719817,0.007744448648901851,0.015269132217186652
qualifying_event_rate,county,2,female,18-44,0.014316119568498995,0.010645002333822814,0.01873307852980676
qualifying_event_rate,county,2,female,45-64,0.019167421779244576,0.014586747146826746,0.0250851644606315
qualifying_event_rate,county,2,female,65-74,0.024561331204730634,0.01674399050290679,0.03367802058533942
qualifying_event_rate,county,2,female,75-84,0.031344210922217924,0.015362702568896066,0.05028448233783463
qualifying_event_rate,county,2,female,85+,0.01840930415958488,0.0,0.057483053943186715
person_years_exposure,county,3,male,0-17,797.9209248333663,771.1813341200443,823.3262798781855
person_years_exposure,county,3,male,18-44,1209.4715424110248,1177.0247030479702,1247.9075083370296
person_years_exposure,county,3,male,45-64,1112.391277900645,1084.2249102116962,1142.735504763285
person_years_exposure,county,3,male,65-74,368.60538588612764,340.98681440177273,394.36358350936575
person_years_exposure,county,3,male,75-84,99.17739815191038,81.81120532566555,115.18344632478153
person_years_exposure,county,3,male,85+,20.087158364507943,9.81843294691229,33.977396806946345
person_years_exposure,county,3,male,18-64,2321.8628203116696,2267.632106426844,2381.988590219494
person_years_exposure,county,3,male,65+,487.869942402546,443.27245423787684,529.53983555055
mortality_rate,county,3,male,0-17,0.0007588079609849096,0.0,0.002542865042789266
mortality_rate,county,3,male,18-44,0.0012652413751293987,0.0,0.003327055156936296
mortality_rate,county,3,male,45-64,0.01187045431412434,0.006198808404134752,0.018403508377766317
mortality_rate,county,3,male,65-74,0.050835868127570405,0.030553058509809772,0.07734582732582128
mortality_rate,county,3,male,75-84,0.10852792743394832,0.05665390772050742,0.1819729691529228
mortality_rate,county,3,male,85+,0.1339747265064472,0.028983099761211824,0.3240799279919216
qualifying_event_rate,county,3,male,0-17,0.00947714426755911,0.003830982280214284,0.015938216888444053
qualifying_event_rate,county,3,male,18-44,0.012599527146271031,0.007136231461924626,0.018517663091584802
qualifying_event_rate,county,3,male,45-64,0.016784470364363663,0.010640912183037593,0.024182342130264378
qualifying_event_rate,county,3,male,65-74,0.022288881955054105,0.010596174845339383,0.03616981520948143
qualifying_event_rate,county,3,male,75-84,0.023319257948678895,0.0,0.049314827263794846
qualifying_event_rate,county,3,male,85+,0.007993667139107999,0.0,0.05614823744770866
person_years_exposure,county,3,female,0-17,838.711866264825,808.7747159224673,870.365880971406
person_years_exposure,county,3,female,18-44,1123.0455485359553,1078.3291523283538,1165.6890920284836
person_years_exposure,county,3,female,45-64,1040.9853489612235,1013.7864474048146,1069.3439321338335
person_years_exposure,county,3,female,65-74,350.9890464187205,320.7889321203338,382.5759031285362
person_years_exposure,county,3,female,75-84,83.3603281572542,65.38834415321664,100.96989168422142
person_years_exposure,county,3,female,85+,14.58848227850277,8.273196526649718,23.29689375653659
person_years_exposure,county,3,female,18-64,2164.0308974971786,2102.036529509636,2227.948146593652
person_years_exposure,county,3,female,65+,448.9378568544775,405.44256250468044,494.75014824884545
mortality_rate,county,3,female,0-17,0.0003586228621511213,0.0,0.001235873368420013
mortality_rate,county,3,female,18-44,0.001030435999687283,0.0,0.002725865225892536
mortality_rate,county,3,female,45-64,0.012537888093741246,0.006631126751536925,0.01969340218681686
mortality_rate,county,3,female,65-74,0.05914049253314863,0.035890350898190204,0.08989261724162513
mortality_rate,county,3,female,75-84,0.1273285079582547,0.06757969449237955,0.21758037736421945
mortality_rate,county,3,female,85+,0.11344005419975542,0.015881469873959605,0.24401875833769068
qualifying_event_rate,county,3,female,0-17,0.009061049069026059,0.0036551604186978873,0.014777958241483029
qualifying_event_rate,county,3,female,18-44,0.012361318948147315,0.006865041152679582,0.01884691293619228
qualifying_event_rate,county,3,female,45-64,0.017136989955287556,0.010607015506541044,0.02466232429016694
qualifying_event_rate,county,3,female,65-74,0.02061627803497297,0.008488774125685489,0.034326892459664624
qualifying_event_rate,county,3,female,75-84,0.021876895780901486,0.0,0.05060329585246666
qualifying_event_rate,county,3,female,85+,0.010938317583702558,0.0,0.05978042379322398
person_years_exposure,county,4,male,0-17,6287.190549009406,6168.387044457944,6379.04949022176
person_years_exposure,county,4,male,18-44,8729.381498654904,8632.855355370395,8826.501617848586
person_years_exposure,county,4,male,45-64,6729.37231290519,6633.839589713948,6817.417909862889
person_years_exposure,county,4,male,65-74,2061.767489796327,1969.0685977670498,2126.7021116849673
person_years_exposure,county,4,male,75-84,505.00303668220323,432.56412557479194,553.9958778244148
person_years_exposure,county,4,male,85+,45.12350847223201,30.15748165340416,58.02883091417893
person_years_exposure,county,4,male,18-64,15458.753811560095,15279.56486314364,15632.224156875362
person_years_exposure,county,4,male,65+,2611.8940349507625,2441.6147169910705,2715.501896160464
mortality_rate,county,4,male,0-17,0.00015765562213732693,0.0,0.0004776006027784556
mortality_rate,county,4,male,18-44,0.0012700686828967624,0.0006812264707335263,0.0019567903897638726
mortality_rate,county,4,male,45-64,0.011095394279093732,0.008303769993523629,0.015022357996665273
mortality_rate,county,4,male,65-74,0.051294022327753944,0.039159659238582396,0.06962237938932453
mortality_rate,county,4,male,75-84,0.13509021057882648,0.09869653342134273,0.1956882394019024
mortality_rate,county,4,male,85+,0.15282185752486574,0.06737635971776032,0.29574484993699757
qualifying_event_rate,county,4,male,0-17,0.009986512876549062,0.007572073296889308,0.013033692554321479
qualifying_event_rate,county,4,male,18-44,0.014406212426175638,0.01177934665324664,0.018333098976407385
qualifying_event_rate,county,4,male,45-64,0.01818251805730843,0.014793394531848112,0.023121995390622565
qualifying_event_rate,county,4,male,65-74,0.026301481292566556,0.019735743690216002,0.034486032753490055
qualifying_event_rate,county,4,male,75-84,0.024252477372409553,0.01289913954737319,0.037761117130660576
qualifying_event_rate,county,4,male,85+,0.010928950002996181,0.0,0.04140858429449159
person_years_exposure,county,4,female,0-17,5894.427437816082,5765.809064223321,6000.057290021668
person_years_exposure,county,4,female,18-44,8727.978644643597,8635.181018209498,8819.035615185237
person_years_exposure,county,4,female,45-64,6708.156483802493,6587.682265093054,6821.910891505903
person_years_exposure,county,4,female,65-74,1845.3564235846077,1744.7070476419844,1924.2544698891895
person_years_exposure,county,4,female,75-84,488.4523904149846,421.602215891247,539.2525828204056
person_years_exposure,county,4,female,85+,92.03958693937086,67.24247414834521,116.24141897580417
person_years_exposure,county,4,female,18-64,15436.13512844609,15237.585419154677,15630.53429425258
person_years_exposure,county,4,female,65+,2425.8484009389636,2246.4422478252322,2555.266831906947
mortality_rate,county,4,female,0-17,0.0003528889187192506,0.0,0.0008451469109587952
mortality_rate,county,4,female,18-44,0.0010108028426964893,0.0004586945124664314,0.0016152997256385754
mortality_rate,county,4,female,45-64,0.012480288252763564,0.0094636536046525,0.016804711939581884
mortality_rate,county,4,female,65-74,0.056056032348515694,0.04225880434928088,0.07723601439875408
mortality_rate,county,4,female,75-84,0.14583747203165037,0.10799008844648496,0.20611711338500324
mortality_rate,county,4,female,85+,0.18861092416994754,0.11583631411176888,0.30009267451015426
qualifying_event_rate,county,4,female,0-17,0.010717551245046161,0.0081316602817162,0.013935367402421048
qualifying_event_rate,county,4,female,18-44,0.014063295251109336,0.011386668941244012,0.0177700202935302
qualifying_event_rate,county,4,female,45-64,0.018533145803573715,0.015051287710593346,0.02352792223367704
qualifying_event_rate,county,4,female,65-74,0.024203752841680873,0.017806746755257626,0.0324660058122638
qualifying_event_rate,county,4,female,75-84,0.017484189732234246,0.008199791788406387,0.02816522459860374
qualifying_event_rate,county,4,female,85+,0.01950559308406343,0.0,0.04598714304453466
person_years_exposure,county,5,male,0-17,1599.9628762648888,1551.4670263587398,1651.225230656038
person_years_exposure,county,5,male,18-44,2199.5560777050046,2167.0204926302067,2238.6451698972087
person_years_exposure,county,5,male,45-64,1663.669036454525,1633.9572695908332,1691.526554710564
person_years_exposure,county,5,male,65-74,515.2684278705327,485.65638372759787,540.8024250716677
person_years_exposure,county,5,male,75-84,176.5202240016602,151.5919926351875,197.71075176008256
person_years_exposure,county,5,male,85+,32.85943503756116,20.79475992474779,44.873413636308456
person_years_exposure,county,5,male,18-64,3863.2251141595298,3809.533925826794,3921.382240975258
person_years_exposure,county,5,male,65+,724.6480869097542,670.4727272211755,767.5773515920865
mortality_rate,county,5,male,0-17,0.00027039201591348434,0.0,0.0012444654739259767
mortality_rate,county,5,male,18-44,0.0012573559856158003,0.0,0.0027327453673181815
mortality_rate,county,5,male,45-64,0.010538876868421693,0.005993551527320711,0.016210835903434112
mortality_rate,county,5,male,65-74,0.05124045535762818,0.032135559269438126,0.07564559051180796
mortality_rate,county,5,male,75-84,0.10140694538882271,0.062025687534114665,0.15837039763839555
mortality_rate,county,5,male,85+,0.13976901538450046,0.049654006355860404,0.2908845064648734
qualifying_event_rate,county,5,male,0-17,0.012166725167520182,0.007546437314056566,0.017289684787783307
qualifying_event_rate,county,5,male,18-44,0.015321140194075863,0.01076979745411832,0.021015801302859714
qualifying_event_rate,county,5,male,45-64,0.01998682677572265,0.01385540757554002,0.02715830664696925
qualifying_event_rate,county,5,male,65-74,0.02960854349120598,0.01721996931555532,0.04404332222665162
qualifying_event_rate,county,5,male,75-84,0.023812663554588664,0.005834195614144618,0.04374986087759409
qualifying_event_rate,county,5,male,85+,0.009454497010080944,0.0,0.0411257578882032
person_years_exposure,county,5,female,0-17,1544.5406602948685,1502.016390582535,1582.729742995597
person_years_exposure,county,5,female,18-44,2291.993732080647,2260.154739659029,2328.544739840179
person_years_exposure,county,5,female,45-64,1679.697205347298,1645.731479920228,1711.9029747266006
person_years_exposure,county,5,female,65-74,510.18806565495186,478.9300896086883,536.2647326690363
person_years_exposure,county,5,female,75-84,167.93040149309073,143.32297585135504,188.62032072132692
person_years_exposure,county,5,female,85+,31.696798932644413,21.118653243589506,42.443049347304566
person_years_exposure,county,5,female,18-64,3971.690937427945,3914.928801278596,4033.0440330548668
person_years_exposure,county,5,female,65+,709.815266080687,654.7930079065003,752.228221148631
mortality_rate,county,5,female,0-17,0.00034047592256302556,0.0,0.001300615431795271
mortality_rate,county,5,female,18-44,0.001011077290510871,0.0,0.0022044124531928125
mortality_rate,county,5,female,45-64,0.012456614071358084,0.007622809884451584,0.01875032855857291
mortality_rate,county,5,female,65-74,0.04863988008857475,0.030382068711923543,0.07210950452975382
mortality_rate,county,5,female,75-84,0.13217786481257343,0.08346110311785188,0.19945728634931156
mortality_rate,county,5,female,85+,0.15988289340143239,0.0661469964623852,0.30989374341667575
qualifying_event_rate,county,5,female,0-17,0.012020032987642858,0.007208908107198678,0.01734050764948984
qualifying_event_rate,county,5,female,18-44,0.014374724015427944,0.010115667875339062,0.019507565024503754
qualifying_event_rate,county,5,female,45-64,0.01929581874002023,0.01350720524025111,0.026101438771260133
qualifying_event_rate,county,5,female,65-74,0.030402127805684784,0.017750887171277402,0.04407416921757735
qualifying_event_rate,county,5,female,75-84,0.01615901339846076,0.0,0.03384798987264984
qualifying_event_rate,county,5,female,85+,0.01772671870740172,0.0,0.06368925814723571
person_years_exposure,county,6,male,0-17,1529.305946612625,1488.5521560253192,1567.8338468200366
person_years_exposure,county,6,male,18-44,2317.017818198533,2253.432354448689,2386.856449841375
person_years_exposure,county,6,male,45-64,2131.0945482158627,2083.2082583767465,2183.1577299415844
person_years_exposure,county,6,male,65-74,705.6030519673543,658.8707400792418,748.828202330857
person_years_exposure,county,6,male,75-84,189.0104941925398,160.49625028456268,215.68066810049206
person_years_exposure,county,6,male,85+,35.360067744458526,20.03136236450313,55.53633725839802
person_years_exposure,county,6,male,18-64,4448.112366414396,4349.124806108575,4555.060150529773
person_years_exposure,county,6,male,65+,929.9736139043526,852.8445190298902,1001.6932659940633
mortality_rate,county,6,male,0-17,0.0007503148340210131,0.0,0.0019892559416310224
mortality_rate,county,6,male,18-44,0.001239976167828427,0.0,0.0026215334184502394
mortality_rate,county,6,male,45-64,0.012004403818060304,0.007508629341503191,0.017500671433593625
mortality_rate,county,6,male,65-74,0.051427086764753493,0.03476486688683923,0.07359421118750865
mortality_rate,county,6,male,75-84,0.11172576383380038,0.06800867642237454,0.17180792388913532
mortality_rate,county,6,male,85+,0.14754621622974917,0.058854478389992505,0.29102742825178396
qualifying_event_rate,county,6,male,0-17,0.009266867124521653,0.005215488700244493,0.013936546889558848
qualifying_event_rate,county,6,male,18-44,0.012504708675493408,0.008639035445801075,0.017086470544724813
qualifying_event_rate,county,6,male,45-64,0.016890665643570467,0.011735751591944003,0.022792393060070044
qualifying_event_rate,county,6,male,65-74,0.022209227119705025,0.013335724367523196,0.03305694986281044
qualifying_event_rate,county,6,male,75-84,0.02388310147931598,0.006098290834146491,0.04415671174576771
qualifying_event_rate,county,6,male,85+,0.008650488939066295,0.0,0.0395784673185097
person_years_exposure,county,6,female,0-17,1607.2620206877903,1558.7836668153213,1657.9361609139812
person_years_exposure,county,6,female,18-44,2152.3922416643604,2069.745321494576,2231.4965813593235
person_years_exposure,county,6,female,45-64,1993.3616359952136,1950.088038786541,2040.1010046926547
person_years_exposure,county,6,female,65-74,671.7560224560583,621.1469014187172,722.2228755430635
person_years_exposure,county,6,female,75-84,156.20698357503497,126.53360865220323,184.5733333303512
person_years_exposure,county,6,female,85+,23.67784858500348,13.20602385935014,38.4632152984619
person_years_exposure,county,6,female,18-64,4145.753877659574,4033.283244849349,4256.921106682689
person_years_exposure,county,6,female,65+,851.6408546160968,770.9800445222584,928.7319400022143
mortality_rate,county,6,female,0-17,0.0003554423952950311,0.0,0.0012578987099833479
mortality_rate,county,6,female,18-44,0.00099907005023266,0.0,0.0023280313764196072
mortality_rate,county,6,female,45-64,0.012788786199611204,0.007955293237032328,0.018390111868123112
mortality_rate,county,6,female,65-74,0.05946983341353401,0.041106422375535724,0.0837211466782687
mortality_rate,county,6,female,75-84,0.13780258820184077,0.08478143896270972,0.21275204337827336
mortality_rate,county,6,female,85+,0.1528064856392329,0.05440621605678307,0.29463147216373686
qualifying_event_rate,county,6,female,0-17,0.009163426469473525,0.005127847607296722,0.013686045655732275
qualifying_event_rate,county,6,female,18-44,0.012423495056980333,0.008369171060731566,0.017069074471446295
qualifying_event_rate,county,6,female,45-64,0.01694662980803505,0.011835435356001055,0.02295083473674281
qualifying_event_rate,county,6,female,65-74,0.0207907456381064,0.011967460764213492,0.030890924435293614
qualifying_event_rate,county,6,female,75-84,0.023637649452542438,0.006259211491788754,0.045615881842360324
qualifying_event_rate,county,6,female,85+,0.014208671410873949,0.0,0.06086103683558938
person_years_exposure,county,7,male,0-17,1229.590068130194,1195.6552208347132,1261.3893789707251
person_years_exposure,county,7,male,18-44,1786.7040593488566,1761.5507227414128,1814.021901301646
person_years_exposure,county,7,male,45-64,1455.624915766779,1432.757091792827,1475.679740705296
person_years_exposure,county,7,male,65-74,479.24342877268157,449.08924955705965,503.8156302752061
person_years_exposure,county,7,male,75-84,146.96655132781524,124.76845374395916,166.25577625010519
person_years_exposure,county,7,male,85+,37.73747240215965,28.29058879715275,46.90821224509658
person_years_exposure,county,7,male,18-64,3242.3289751156353,3202.700224613879,3282.4115478170493
person_years_exposure,county,7,male,65+,663.9474525026565,615.0746076651066,702.1205965813209
mortality_rate,county,7,male,0-17,0.0004249066018355963,0.0,0.0016360212947012683
mortality_rate,county,7,male,18-44,0.0012756991640969703,0.0,0.0028189640191520625
mortality_rate,county,7,male,45-64,0.010355504570907689,0.005694646506664252,0.015932278568084643
mortality_rate,county,7,male,65-74,0.05131623136499292,0.03281115176351728,0.07635914327197371
mortality_rate,county,7,male,75-84,0.11292288453117362,0.06711191462472071,0.17484328527847906
mortality_rate,county,7,male,85+,0.12243836616097933,0.04508606424972396,0.2338157212285555
qualifying_event_rate,county,7,male,0-17,0.011530059050744428,0.006507569104217981,0.01721166485573231
qualifying_event_rate,county,7,male,18-44,0.013906979233626098,0.008995536271958511,0.019518229335372016
qualifying_event_rate,county,7,male,45-64,0.019718764558849328,0.013589887424633127,0.026772912124621646
qualifying_event_rate,county,7,male,65-74,0.026229493708848427,0.014640403743819695,0.0389272876739832
qualifying_event_rate,county,7,male,75-84,0.024339602011133527,0.006509606452149034,0.045948141167805476
qualifying_event_rate,county,7,male,85+,0.008262856388983181,0.0,0.0355268355272833
person_years_exposure,county,7,female,0-17,1242.3304542965188,1210.4287360480362,1273.5022426005557
person_years_exposure,county,7,female,18-44,1728.6508184631941,1706.763390828622,1748.3815391737264
person_years_exposure,county,7,female,45-64,1466.7091646711879,1440.4507344365827,1491.484291281487
person_years_exposure,county,7,female,65-74,489.81165862059913,459.52109371751226,514.5845723284656
person_years_exposure,county,7,female,75-84,142.91455473871963,120.7774838312486,161.59096507806782
person_years_exposure,county,7,female,85+,21.661310186155717,14.05475255664517,29.41012980186697
person_years_exposure,county,7,female,18-64,3195.3599831343818,3153.6751439679933,3234.481139146825
person_years_exposure,county,7,female,65+,654.3875235454744,607.0368064325008,692.0396554288973
mortality_rate,county,7,female,0-17,0.00033172283072893096,0.0,0.0015998669619367682
mortality_rate,county,7,female,18-44,0.0010174345470553732,0.0,0.002332217413176909
mortality_rate,county,7,female,45-64,0.012698828595255644,0.007449476097799164,0.019079232927598572
mortality_rate,county,7,female,65-74,0.048501981362394836,0.03010324620562872,0.07196766735935249
mortality_rate,county,7,female,75-84,0.1273080391688304,0.0762728012219753,0.19954096370114316
mortality_rate,county,7,female,85+,0.1407837559878304,0.04547839632172776,0.29278794749044756
qualifying_event_rate,county,7,female,0-17,0.011151232409290555,0.0063747776873327505,0.016799648347787695
qualifying_event_rate,county,7,female,18-44,0.014193522641583967,0.009284334414566997,0.019736774018144033
qualifying_event_rate,county,7,female,45-64,0.019178909827570523,0.013049568549831551,0.02653605028926869
qualifying_event_rate,county,7,female,65-74,0.024639356932964776,0.014049492503572408,0.03761884511502682
qualifying_event_rate,county,7,female,75-84,0.029945293573086708,0.007412424394680244,0.05517784125465186
qualifying_event_rate,county,7,female,85+,0.016639594201760498,0.0,0.06832807748885059
person_years_exposure,county,8,male,0-17,1661.2126607916719,1617.818580275784,1701.1912046380814
person_years_exposure,county,8,male,18-44,2412.1813092435978,2378.3689270554296,2448.747501769435
person_years_exposure,county,8,male,45-64,1965.883349321142,1938.8835172897416,1988.5601806883526
person_years_exposure,county,8,male,65-74,647.3559939046453,610.6310701169467,677.2701966659641
person_years_exposure,county,8,male,75-84,197.90199797170592,169.72066894201816,220.03646301381843
person_years_exposure,county,8,male,85+,49.51354522281236,37.54513696888398,60.736425968580974
person_years_exposure,county,8,male,18-64,4378.06465856474,4329.717889066875,4428.387848196541
person_years_exposure,county,8,male,65+,894.7715370991635,830.7530232075756,940.645940632111
mortality_rate,county,8,male,0-17,0.0004091514085114704,0.0,0.001225044106881717
mortality_rate,county,8,male,18-44,0.0012685856498529794,0.0004029270913352712,0.0025278386299215807
mortality_rate,county,8,male,45-64,0.010311393145859835,0.006075666651103918,0.015315791637427337
mortality_rate,county,8,male,65-74,0.0511214081766495,0.03462653363101428,0.07290379345544537
mortality_rate,county,8,male,75-84,0.11429912993291844,0.07401122799336228,0.17315532503645872
mortality_rate,county,8,male,85+,0.13491118425853282,0.06559436914819507,0.24022592044213154
qualifying_event_rate,county,8,male,0-17,0.011567639139345486,0.007220447794899159,0.01674619577658503
qualifying_event_rate,county,8,male,18-44,0.014027516892215057,0.009929158093292855,0.01898235170224055
qualifying_event_rate,county,8,male,45-64,0.019755700335506332,0.014192173861118793,0.026621969549258318
qualifying_event_rate,county,8,male,65-74,0.02582997850285296,0.01591738005256322,0.03771334729554082
qualifying_event_rate,county,8,male,75-84,0.02403050470851444,0.007119449104882356,0.04429900224396476
qualifying_event_rate,county,8,male,85+,0.008948333942349217,0.0,0.03587832196955787
person_years_exposure,county,8,female,0-17,1678.0302333143125,1636.1045006767981,1716.4803941320079
person_years_exposure,county,8,female,18-44,2334.0665991216947,2305.76636011247,2360.1582862079995
person_years_exposure,county,8,female,45-64,1980.2134759515902,1942.9617402330437,2010.8170844189626
person_years_exposure,county,8,female,65-74,661.7626680764888,626.7331008389963,691.4753322345855
person_years_exposure,county,8,female,75-84,192.80376402022355,164.35398021205023,217.21670774024435
person_years_exposure,county,8,female,85+,28.135337069007022,18.404749488097888,37.91551496220441
person_years_exposure,county,8,female,18-64,4314.280075073285,4257.660758565332,4365.343336600856
person_years_exposure,county,8,female,65+,882.7017691657194,821.0609600406386,927.9001157467651
mortality_rate,county,8,female,0-17,0.00034481695845680254,0.0,0.001204731514503173
mortality_rate,county,8,female,18-44,0.0010215121302225051,0.0,0.0021652996631835028
mortality_rate,county,8,female,45-64,0.012686546484806445,0.008008900979276498,0.018306181600910916
mortality_rate,county,8,female,65-74,0.048322501232502084,0.03245394625839098,0.06875050908235085
mortality_rate,county,8,female,75-84,0.12821456480738858,0.08234918647818516,0.1929714444062784
mortality_rate,county,8,female,85+,0.15436832279132093,0.05572777343999292,0.3198749017532381
qualifying_event_rate,county,8,female,0-17,0.01123055739378928,0.007038911366168711,0.01612141627973713
qualifying_event_rate,county,8,female,18-44,0.014244477259672454,0.009874254157453785,0.019194183853396628
qualifying_event_rate,county,8,female,45-64,0.019135109432729832,0.013504549850330418,0.025948590079732214
qualifying_event_rate,county,8,female,65-74,0.02460875633455604,0.014913582713170418,0.03605824926521513
qualifying_event_rate,county,8,female,75-84,0.030540041551881825,0.011079616168860924,0.05268292428448327
qualifying_event_rate,county,8,female,85+,0.01758256557745024,0.0,0.06634781618064388
person_years_exposure,county,9,male,0-17,994.4801497628456,967.2716742160796,1021.2017703736052
person_years_exposure,county,9,male,18-44,1403.8587187983358,1393.4836755473236,1412.6827302011525
person_years_exposure,county,9,male,45-64,1018.0381741423253,994.598727386321,1040.5115400946067
person_years_exposure,county,9,male,65-74,293.9637289966993,273.0974840693947,310.64880875322274
person_years_exposure,county,9,male,75-84,97.93375507200255,81.92535344135642,111.14419265069519
person_years_exposure,county,9,male,85+,14.899451094057708,8.948443818214242,21.584211879416983
person_years_exposure,county,9,male,18-64,2421.896892940661,2392.768120098661,2448.8643390088378
person_years_exposure,county,9,male,65+,406.79693516275955,374.8066639966855,433.00439159864675
mortality_rate,county,9,male,0-17,0.00010752712738962214,0.0,0.0010082155665549688
mortality_rate,county,9,male,18-44,0.0012848236886999047,0.0,0.0028681046009786026
mortality_rate,county,9,male,45-64,0.011147071710557968,0.005786123707580173,0.01782146446872121
mortality_rate,county,9,male,65-74,0.04999707776586316,0.026903295339316333,0.07957344223691173
mortality_rate,county,9,male,75-84,0.10938526511795955,0.0567706203661186,0.18324027995842962
mortality_rate,county,9,male,85+,0.12362803301445968,0.004665635949326652,0.3049252122518395
qualifying_event_rate,county,9,male,0-17,0.01352926938457095,0.007790117066277385,0.020038480308981633
qualifying_event_rate,county,9,male,18-44,0.018645595101197752,0.0121080172680737,0.025645771135053154
qualifying_event_rate,county,9,male,45-64,0.0230989619026923,0.015520208886182087,0.03219219766362615
qualifying_event_rate,county,9,male,65-74,0.03982993561717271,0.02268195985013608,0.059762793582951744
qualifying_event_rate,county,9,male,75-84,0.023016028289243193,0.0,0.050726614178383395
qualifying_event_rate,county,9,male,85+,0.008717502606984295,0.0,0.06485777691550927
person_years_exposure,county,9,female,0-17,990.2620524590164,961.9773112116083,1017.8171673307546
person_years_exposure,county,9,female,18-44,1450.7587919124974,1437.2062413836738,1466.3529695133536
person_years_exposure,county,9,female,45-64,1003.3185781019811,983.7624596279048,1019.791523352932
person_years_exposure,county,9,female,65-74,299.2477839785417,279.3996049651681,316.412422480911
person_years_exposure,county,9,female,75-84,89.16688910783606,72.8605694002369,103.40438164547142
person_years_exposure,county,9,female,85+,15.444228312752132,8.936966057071356,22.50396979605404
person_years_exposure,county,9,female,18-64,2454.077370014478,2427.3509326993876,2478.5946674369147
person_years_exposure,county,9,female,65+,403.85890139912993,371.68076564105456,431.43546682887825
mortality_rate,county,9,female,0-17,0.00032444852521832556,0.0,0.001045091714840774
mortality_rate,county,9,female,18-44,0.001014084087893458,0.0,0.0027584385908586448
mortality_rate,county,9,female,45-64,0.012336501761648742,0.006848253800077955,0.019511129331091264
mortality_rate,county,9,female,65-74,0.045369668400500524,0.02486826013715309,0.07104902260720902
mortality_rate,county,9,female,75-84,0.1287468694917866,0.06768239627618114,0.21461796153665993
mortality_rate,county,9,female,85+,0.14419482125263777,0.009544017052703715,0.3603647436873857
qualifying_event_rate,county,9,female,0-17,0.016351120888700447,0.010014838376606465,0.023665960890877805
qualifying_event_rate,county,9,female,18-44,0.018851597692333383,0.012502202810285011,0.025972453836189874
qualifying_event_rate,county,9,female,45-64,0.021820166199269516,0.013980098591830102,0.030630237937620923
qualifying_event_rate,county,9,female,65-74,0.030638973198058805,0.01583250425181441,0.04894446780271816
qualifying_event_rate,county,9,female,75-84,0.032584482459218723,0.0019653865219848763,0.06596558902760505
qualifying_event_rate,county,9,female,85+,0.01821373581076074,0.0,0.09453990771018092
person_years_exposure,county,10,male,0-17,2087.2754252716245,2037.1755115448525,2132.3533236753874
person_years_exposure,county,10,male,18-44,2945.6844953636187,2927.727857015437,2961.4125905416768
person_years_exposure,county,10,male,45-64,2135.7517952573407,2092.4207636146352,2174.5308747377394
person_years_exposure,county,10,male,65-74,616.0598867053283,581.4605143068835,643.5467323196959
person_years_exposure,county,10,male,75-84,204.1872225450739,176.15050614845816,227.38457413819128
person_years_exposure,county,10,male,85+,28.356280321834458,18.655622555040555,38.6785544725485
person_years_exposure,county,10,male,18-64,5081.436290620959,5026.756589405928,5132.690853743642
person_years_exposure,county,10,male,65+,848.6033895722367,786.5236558681618,894.9076864507687
mortality_rate,county,10,male,0-17,0.00010456776144987997,0.0,0.00048536028968207184
mortality_rate,county,10,male,18-44,0.0012674128690211763,0.0003378966290448994,0.002398204555957077
mortality_rate,county,10,male,45-64,0.011095286164043575,0.00695837245159453,0.016379723002898538
mortality_rate,county,10,male,65-74,0.050651792644838954,0.03367453078017442,0.07298635191618551
mortality_rate,county,10,male,75-84,0.11288140059303912,0.07131736639480095,0.17184439838845514
mortality_rate,county,10,male,85+,0.15175963598730688,0.05279510783654769,0.3028997554776174
qualifying_event_rate,county,10,male,0-17,0.013559420932705577,0.009317637391240145,0.01866906872474964
qualifying_event_rate,county,10,male,18-44,0.018672044888571986,0.014217577156525845,0.024134931994088563
qualifying_event_rate,county,10,male,45-64,0.02301224215713606,0.017253600530715354,0.030408254692402423
qualifying_event_rate,county,10,male,65-74,0.03991152671292296,0.026836848624529244,0.05521121206153256
qualifying_event_rate,county,10,male,75-84,0.02394080874952451,0.008850779443786252,0.043673933929733386
qualifying_event_rate,county,10,male,85+,0.009170077239133635,0.0,0.04676736252503131
person_years_exposure,county,10,female,0-17,2078.059325832892,2027.8728495104579,2122.700408667539
person_years_exposure,county,10,female,18-44,3043.476841389361,3019.9849716870276,3070.9659689988634
person_years_exposure,county,10,female,45-64,2105.0292247250086,2072.7857331638033,2131.2198513828907
person_years_exposure,county,10,female,65-74,628.3395354447237,596.0737415386365,655.855023805005
person_years_exposure,county,10,female,75-84,185.2445074042706,158.14356364841987,208.53249455596242
person_years_exposure,county,10,female,85+,30.656346062796395,20.020865842705454,41.99109805682626
person_years_exposure,county,10,female,18-64,5148.50606611437,5103.478487015419,5194.032565807813
person_years_exposure,county,10,female,65+,844.2403889117907,783.1658099684602,891.5676063874893
mortality_rate,county,10,female,0-17,0.0003545694759963997,0.0,0.0009815252539956076
mortality_rate,county,10,female,18-44,0.0010184435553598674,0.0003240669752046509,0.0019908905289024803
mortality_rate,county,10,female,45-64,0.01241284169566027,0.008009028706342267,0.01799130431847788
mortality_rate,county,10,female,65-74,0.04559050944955179,0.029922347167568406,0.06562168961412572
mortality_rate,county,10,female,75-84,0.13322380125220706,0.0853274075923298,0.19996469527415944
mortality_rate,county,10,female,85+,0.15827686402843746,0.06316436945668234,0.3073277845845921
qualifying_event_rate,county,10,female,0-17,0.016258032593202708,0.011506332840947535,0.021826294100638972
qualifying_event_rate,county,10,female,18-44,0.01891051384219716,0.01424706230926707,0.024809649890082826
qualifying_event_rate,county,10,female,45-64,0.021935005738949746,0.016218027507200708,0.029309667758669163
qualifying_event_rate,county,10,female,65-74,0.030705464073010388,0.01912292770555834,0.04408104392528398
qualifying_event_rate,county,10,female,75-84,0.03272324454878816,0.01160940923847274,0.05799611361620345
qualifying_event_rate,county,10,female,85+,0.018302042055763773,0.0,0.0669624582765887
person_years_exposure,county,11,male,0-17,1525.4630595701462,1480.531969510895,1572.349988052708
person_years_exposure,county,11,male,18-44,2096.204707285799,2065.4839690017184,2132.835228790547
person_years_exposure,county,11,male,45-64,1586.1595118838704,1556.6808120296955,1613.261923442819
person_years_exposure,county,11,male,65-74,492.435704794079,462.4172271487533,516.636392294465
person_years_exposure,county,11,male,75-84,168.0229728222254,145.1669620072583,188.87326117198168
person_years_exposure,county,11,male,85+,31.276568241498698,20.401659838395297,42.51539248729108
person_years_exposure,county,11,male,18-64,3682.3642191696695,3628.086274869527,3738.9586464278127
person_years_exposure,county,11,male,65+,691.7352458578031,637.8539892100521,733.7553217026958
mortality_rate,county,11,male,0-17,0.00026823310137401887,0.0,0.0012908497769488136
mortality_rate,county,11,male,18-44,0.001292794032987791,0.0,0.002855995039751401
mortality_rate,county,11,male,45-64,0.01047913649712863,0.006183417074840376,0.016276026669643145
mortality_rate,county,11,male,65-74,0.05061616175372393,0.03176978269467903,0.07497339348753683
mortality_rate,county,11,male,75-84,0.10203915613117419,0.06026020929452554,0.1564007214622091
mortality_rate,county,11,male,85+,0.13867996774944397,0.05030749978903698,0.2915192285681378
qualifying_event_rate,county,11,male,0-17,0.012030478657687946,0.007305552265995499,0.017479716503991504
qualifying_event_rate,county,11,male,18-44,0.015225852606530983,0.010512528349584624,0.020591245319406513
qualifying_event_rate,county,11,male,45-64,0.019892535484987282,0.01379609329433076,0.02713758161496126
qualifying_event_rate,county,11,male,65-74,0.029825237235573003,0.01788568332611917,0.043768600707852316
qualifying_event_rate,county,11,male,75-84,0.02425526590589474,0.006003979703943949,0.045910032830720766
qualifying_event_rate,county,11,male,85+,0.009074300490572652,0.0,0.04207760079408228
person_years_exposure,county,11,female,0-17,1472.6320799148712,1434.0619060316742,1508.9150084365003
person_years_exposure,county,11,female,18-44,2184.47511452525,2153.9638260704733,2221.106570682667
person_years_exposure,county,11,female,45-64,1600.998736226413,1569.5664304246493,1630.565705674939
person_years_exposure,county,11,female,65-74,485.22738241524996,455.19731981690643,509.6685385172509
person_years_exposure,county,11,female,75-84,160.40406256731222,135.76863319082275,181.5816051452842
person_years_exposure,county,11,female,85+,30.480297352862472,20.441152641576014,40.42134251630049
person_years_exposure,county,11,female,18-64,3785.473850751663,3731.3823113575468,3843.394334521545
person_years_exposure,county,11,female,65+,676.1117423354248,624.3119810513078,715.2582095303433
mortality_rate,county,11,female,0-17,0.0003415175415227088,0.0,0.001361539068359651
mortality_rate,county,11,female,18-44,0.0009962436819624593,0.0,0.002294004600121019
mortality_rate,county,11,female,45-64,0.012435169969699785,0.0074586203915785,0.018381629490329985
mortality_rate,county,11,female,65-74,0.04978747548570932,0.03157637424152784,0.07445268774643793
mortality_rate,county,11,female,75-84,0.13159095142737653,0.08028544009548307,0.2025632523011687
mortality_rate,county,11,female,85+,0.15965523302401874,0.0663859347994538,0.3034206463971846
qualifying_event_rate,county,11,female,0-17,0.01198859198916173,0.007440976193578112,0.01726337961299946
qualifying_event_rate,county,11,female,18-44,0.014428210326900334,0.010082383957995263,0.01977268983568496
qualifying_event_rate,county,11,female,45-64,0.019212860653157915,0.013192333449561357,0.02622097289109902
qualifying_event_rate,county,11,female,65-74,0.030288154439719054,0.017949154374535935,0.04503086952972186
qualifying_event_rate,county,11,female,75-84,0.01663491387982926,0.0,0.03603275931808414
qualifying_event_rate,county,11,female,85+,0.017642668775618965,0.0,0.06614201742533647
person_years_exposure,county,12,male,0-17,1248.3774870351974,1216.5464668739312,1278.7688220388736
person_years_exposure,county,12,male,18-44,1761.6709433807346,1749.2394652610838,1771.5861625395655
person_years_exposure,county,12,male,45-64,1277.5923312351533,1250.6186598280806,1303.423679666661
person_years_exposure,county,12,male,65-74,368.60070662903877,344.42394300434336,387.97372696898697
person_years_exposure,county,12,male,75-84,122.55072191907743,104.13083160951126,138.01559104698524
person_years_exposure,county,12,male,85+,17.962079783027352,11.093399788712794,25.499622846439454
person_years_exposure,county,12,male,18-64,3039.263274615888,3004.5229855607568,3071.484547128581
person_years_exposure,county,12,male,65+,509.1135083311436,470.8385317918252,540.170500643044
mortality_rate,county,12,male,0-17,0.0001146018794281303,0.0,0.0008077639386096847
mortality_rate,county,12,male,18-44,0.0012838485861949047,0.0,0.002853941643996663
mortality_rate,county,12,male,45-64,0.011130479180320495,0.006197442793131738,0.01723294375998613
mortality_rate,county,12,male,65-74,0.05025347241565545,0.029017627011164723,0.07593279414171349
mortality_rate,county,12,male,75-84,0.11118720333545053,0.0631124239404212,0.17960014937516447
mortality_rate,county,12,male,85+,0.13223252627792337,0.030972732969441096,0.3116466064224221
qualifying_event_rate,county,12,male,0-17,0.013475694716509806,0.008039754105504563,0.019803171107793463
qualifying_event_rate,county,12,male,18-44,0.018642135591296006,0.01303057384730684,0.02550075633681428
qualifying_event_rate,county,12,male,45-64,0.023124322453225682,0.016091979350107654,0.03161586812445183
qualifying_event_rate,county,12,male,65-74,0.0396055900748078,0.023153848830332172,0.0594151577411259
qualifying_event_rate,county,12,male,75-84,0.023389141745193073,0.005057549755215628,0.04669125032900731
qualifying_event_rate,county,12,male,85+,0.008335134678897098,0.0,0.05598679593480661
person_years_exposure,county,12,female,0-17,1243.0947709388674,1211.5135142421948,1275.5249650408114
person_years_exposure,county,12,female,18-44,1820.5976372497582,1804.3841952073635,1839.4843749600866
person_years_exposure,county,12,female,45-64,1259.2655658713243,1236.9191279519641,1277.6589906638558
person_years_exposure,county,12,female,65-74,375.91421746655766,352.327631211223,395.56323390353487
person_years_exposure,county,12,female,75-84,111.30421812181017,92.79052943931278,128.13255831530495
person_years_exposure,county,12,female,85+,19.207653014587322,12.047507185056354,27.24673971308099
person_years_exposure,county,12,female,18-64,3079.8632031210827,3050.127928131087,3109.3362098273637
person_years_exposure,county,12,female,65+,506.42608860295513,468.8709271880816,538.6495332594769
mortality_rate,county,12,female,0-17,0.0003378035889273729,0.0,0.0016020020629875825
mortality_rate,county,12,female,18-44,0.0009818740943498044,0.0,0.0022185458224540703
mortality_rate,county,12,female,45-64,0.012281231576874782,0.007056681142392394,0.018770660234575524
mortality_rate,county,12,female,65-74,0.045692872321325594,0.025947813265484915,0.06909319475805388
mortality_rate,county,12,female,75-84,0.1296068164567568,0.07519061297361582,0.20713443349090174
mortality_rate,county,12,female,85+,0.1440859222265695,0.04046046080397476,0.31222105411922335
qualifying_event_rate,county,12,female,0-17,0.01630766465290435,0.010350165387833845,0.023277364555930415
qualifying_event_rate,county,12,female,18-44,0.018798825702065237,0.013192854695570303,0.025378390861667
qualifying_event_rate,county,12,female,45-64,0.021928084113769543,0.014983232002975458,0.030091922850357975
qualifying_event_rate,county,12,female,65-74,0.031090723111358614,0.016017412899765986,0.04803054511926268
qualifying_event_rate,county,12,female,75-84,0.03152380222879672,0.008488212994082114,0.06080399638886101
qualifying_event_rate,county,12,female,85+,0.018156855655412155,0.0,0.0748910379088916
person_years_exposure,county,13,male,0-17,1316.6090667379628,1283.9723372276983,1348.799537948988
person_years_exposure,county,13,male,18-44,1858.1695479432929,1845.2453362328013,1868.8726009704492
person_years_exposure,county,13,male,45-64,1347.368208181543,1317.2816774255123,1374.4701996383205
person_years_exposure,county,13,male,65-74,388.5602928352841,364.84345150339647,409.08793313064047
person_years_exposure,county,13,male,75-84,129.22452484991283,109.82611055739075,145.4280372103064
person_years_exposure,county,13,male,85+,18.761510181667667,11.440107405575256,26.51338361059298
person_years_exposure,county,13,male,18-64,3205.537756124836,3167.0944501583303,3239.883569412733
person_years_exposure,county,13,male,65+,536.5463278668645,497.2965684930984,569.6047171980039
mortality_rate,county,13,male,0-17,0.00010050380336347458,0.0,0.0007643805144702953
mortality_rate,county,13,male,18-44,0.0012676285393908972,0.0,0.0027057254395644174
mortality_rate,county,13,male,45-64,0.011224138125843575,0.006518006024975387,0.017315437318547174
mortality_rate,county,13,male,65-74,0.05067927253706786,0.029897738408066647,0.07654454248323228
mortality_rate,county,13,male,75-84,0.11148563127734909,0.0644640875157803,0.17972212233957857
mortality_rate,county,13,male,85+,0.13406886812416247,0.025609285684432413,0.3019738096557983
qualifying_event_rate,county,13,male,0-17,0.013538715297369015,0.008320257324138146,0.019514254655085137
qualifying_event_rate,county,13,male,18-44,0.018682017207295985,0.013421238798301996,0.0251588610219087
qualifying_event_rate,county,13,male,45-64,0.023199886172680293,0.016157751015120632,0.031314874530191876
qualifying_event_rate,county,13,male,65-74,0.03967410907708797,0.023694707126285044,0.05859307076186886
qualifying_event_rate,county,13,male,75-84,0.024339157002011343,0.007028958063439543,0.04956758942963966
qualifying_event_rate,county,13,male,85+,0.008047351891487387,0.0,0.05515498461529539
person_years_exposure,county,13,female,0-17,1311.1007011434606,1277.9817119071265,1344.396288791401
person_years_exposure,county,13,female,18-44,1920.1158631922212,1903.3935203744627,1939.2645207851917
person_years_exposure,county,13,female,45-64,1327.3494061312163,1303.6235518920103,1347.4017367081392
person_years_exposure,county,13,female,65-74,395.94008015704424,369.9727753963234,415.883478158071
person_years_exposure,county,13,female,75-84,117.9069628920952,99.16191573558753,134.4477628802573
person_years_exposure,county,13,female,85+,20.219836443294767,12.844651697307107,28.157298743601256
person_years_exposure,county,13,female,18-64,3247.4652693234375,3215.6415463876806,3278.6100973308517
person_years_exposure,county,13,female,65+,534.0668794924342,492.69161892179454,566.6995179553821
mortality_rate,county,13,female,0-17,0.00035231013307913516,0.0,0.001524279374343999
mortality_rate,county,13,female,18-44,0.0010100708827933073,0.0,0.002404879084521218
mortality_rate,county,13,female,45-64,0.012517604105032075,0.0074255103211762746,0.018956215372861487
mortality_rate,county,13,female,65-74,0.045869938483169385,0.027002149935517923,0.07065647141938082
mortality_rate,county,13,female,75-84,0.12866042789050625,0.07618973366062087,0.2035082302439057
mortality_rate,county,13,female,85+,0.14317330675919607,0.040201447229510266,0.3105299776395378
qualifying_event_rate,county,13,female,0-17,0.016197328021012418,0.010309293563362078,0.023060062244477854
qualifying_event_rate,county,13,female,18-44,0.01885516507441907,0.013462038976558463,0.024964238187713775
qualifying_event_rate,county,13,female,45-64,0.02194148978631548,0.015075174771419324,0.03037386582155348
qualifying_event_rate,county,13,female,65-74,0.03096605948066107,0.017277386525551865,0.04699188566430483
qualifying_event_rate,county,13,female,75-84,0.03162202952352394,0.008177095553176982,0.062436872702078795
qualifying_event_rate,county,13,female,85+,0.017448321469209105,0.0,0.07166745801241645
person_years_exposure,county,14,male,0-17,647.6754393221969,627.0656068751083,668.2027471989483
person_years_exposure,county,14,male,18-44,941.098083638302,926.4201951948546,956.4232692616349
person_years_exposure,county,14,male,45-64,766.7432444751419,752.2452534543248,779.0842970788856
person_years_exposure,county,14,male,65-74,252.24924547826967,231.66086925883803,268.8158550936704
person_years_exposure,county,14,male,75-84,78.64439749204693,64.30277438215064,91.10548171814122
person_years_exposure,county,14,male,85+,20.871637415049424,14.681057513524065,26.902398460315332
person_years_exposure,county,14,male,18-64,1707.841328113444,1684.6766761914996,1729.633932468642
person_years_exposure,county,14,male,65+,351.765280385366,322.0763095430854,376.39188321058316
mortality_rate,county,14,male,0-17,0.0003724256361371851,0.0,0.0015840521806437622
mortality_rate,county,14,male,18-44,0.0012343252142849469,0.0,0.0032248569397174986
mortality_rate,county,14,male,45-64,0.010417819819485828,0.0051317962552959295,0.01727709237835163
mortality_rate,county,14,male,65-74,0.051726677112038315,0.026924475211580437,0.08313722594024288
mortality_rate,county,14,male,75-84,0.10581653647279138,0.05066144809199006,0.18193155290435764
mortality_rate,county,14,male,85+,0.10640223420934045,0.018439706504786654,0.23686215206872094
qualifying_event_rate,county,14,male,0-17,0.011417032051946418,0.004683270526523549,0.018854727706416566
qualifying_event_rate,county,14,male,18-44,0.014023262669900607,0.007535983570067241,0.021377664536056343
qualifying_event_rate,county,14,male,45-64,0.019634587729958252,0.01171183711883997,0.02880419423689215
qualifying_event_rate,county,14,male,65-74,0.02618565293915362,0.011519538219976148,0.044312439392059075
qualifying_event_rate,county,14,male,75-84,0.022792880451160097,0.0,0.05441903496321074
qualifying_event_rate,county,14,male,85+,0.007927487952317049,0.0,0.0492577350808072
person_years_exposure,county,14,female,0-17,654.3057797888843,633.6973280053342,675.6480349772864
person_years_exposure,county,14,female,18-44,910.5204342650763,896.9590362190168,922.2068149913722
person_years_exposure,county,14,female,45-64,772.4456602325329,754.0935607346154,787.4897997792098
person_years_exposure,county,14,female,65-74,258.4898713235383,240.59784663863294,274.849038047742
person_years_exposure,county,14,female,75-84,76.57431754812005,62.208062814750235,88.98407924695566
person_years_exposure,county,14,female,85+,12.586765640881143,7.502410897307834,17.536528776930258
person_years_exposure,county,14,female,18-64,1682.9660944976092,1657.7533414434554,1705.1058271765105
person_years_exposure,county,14,female,65+,347.6509545125395,319.18940680693555,371.76137274317756
mortality_rate,county,14,female,0-17,0.00036044285567230535,0.0,0.0015660462016146765
mortality_rate,county,14,female,18-44,0.0010189056061644765,0.0,0.003314528539604191
mortality_rate,county,14,female,45-64,0.012789127777643423,0.006368877969124349,0.02110877367000244
mortality_rate,county,14,female,65-74,0.04810460236337108,0.025573426010843985,0.07695669617322135
mortality_rate,county,14,female,75-84,0.1192256349662429,0.05864534172545177,0.20714024799535005
mortality_rate,county,14,female,85+,0.11928572765810379,0.002289940707220633,0.31617384303456714
qualifying_event_rate,county,14,female,0-17,0.011150594512330407,0.004543608660212495,0.018568666699550478
qualifying_event_rate,county,14,female,18-44,0.0143370744109512,0.007723137204683298,0.021930394533862675
qualifying_event_rate,county,14,female,45-64,0.019341090481047638,0.011332572168013052,0.028920449386108864
qualifying_event_rate,county,14,female,65-74,0.024134531330622655,0.007934832557184692,0.041753134639595714
qualifying_event_rate,county,14,female,75-84,0.02867031525025912,0.0,0.06244331780351089
qualifying_event_rate,county,14,female,85+,0.014666366247068201,0.0,0.07991999449858117
person_years_exposure,county,15,male,0-17,1272.2645412162728,1237.5905494061096,1304.6873822987525
person_years_exposure,county,15,male,18-44,1848.585616259125,1821.8305952942028,1877.006333960308
person_years_exposure,county,15,male,45-64,1506.6151524507309,1484.0671240845531,1525.7850902316538
person_years_exposure,county,15,male,65-74,495.7129322335907,465.9747038160947,520.6792482902821
person_years_exposure,county,15,male,75-84,152.44004869901036,129.130117433297,172.56455251503002
person_years_exposure,county,15,male,85+,38.78696711277519,28.29468439617259,48.124408389278834
person_years_exposure,county,15,male,18-64,3355.2007687098558,3315.4116939407763,3395.475145069625
person_years_exposure,county,15,male,65+,686.9399480453762,638.0108729356825,725.2485802949952
mortality_rate,county,15,male,0-17,0.0004198652640191711,0.0,0.001577311107223829
mortality_rate,county,15,male,18-44,0.0012789549976508045,0.0,0.0027374779537763664
mortality_rate,county,15,male,45-64,0.010293796021679907,0.0059090843403602124,0.015934995319302356
mortality_rate,county,15,male,65-74,0.05140297937764481,0.03275440643888879,0.07597987351451971
mortality_rate,county,15,male,75-84,0.1122442659675918,0.06643901674934712,0.1782201223854547
mortality_rate,county,15,male,85+,0.12691065541585728,0.050056803727124226,0.2426306681754528
qualifying_event_rate,county,15,male,0-17,0.011562797691379878,0.00695154696164982,0.017247224362645645
qualifying_event_rate,county,15,male,18-44,0.0138381768539706,0.009260478290665104,0.019055006869121077
qualifying_event_rate,county,15,male,45-64,0.01979778091985267,0.013401204633299076,0.02733877447933235
qualifying_event_rate,county,15,male,65-74,0.025609225407030378,0.014160406574074622,0.039072636389130645
qualifying_event_rate,county,15,male,75-84,0.02355333795961577,0.006144407498161261,0.04607357931742977
qualifying_event_rate,county,15,male,85+,0.008778356420313453,0.0,0.03770498212037693
person_years_exposure,county,15,female,0-17,1285.4698963572482,1250.5644582087998,1316.6449125455529
person_years_exposure,county,15,female,18-44,1788.849982349074,1767.228685658636,1809.2849016473087
person_years_exposure,county,15,female,45-64,1517.5783907353903,1489.806364872563,1542.5233232767018
person_years_exposure,county,15,female,65-74,507.60050542770546,477.41877121760353,532.2202511149372
person_years_exposure,county,15,female,75-84,148.09853160488953,124.67281854017075,167.75539952252714
person_years_exposure,county,15,female,85+,22.362550462993088,14.549379699503127,30.273430167327234
person_years_exposure,county,15,female,18-64,3306.4283730844645,3264.3802927109414,3346.188814539297
person_years_exposure,county,15,female,65+,678.0615874955881,629.3389392234972,716.7790641617734
mortality_rate,county,15,female,0-17,0.00034755955391571066,0.0,0.001553533733803352
mortality_rate,county,15,female,18-44,0.0010077616305380138,0.0,0.002254400089210222
mortality_rate,county,15,female,45-64,0.012682108461411145,0.007813260963782431,0.0188385112020551
mortality_rate,county,15,female,65-74,0.04806044822974375,0.030370060625147136,0.07074788007198464
mortality_rate,county,15,female,75-84,0.12643706679045236,0.07623419846997113,0.19980530504066368
mortality_rate,county,15,female,85+,0.14247029824159457,0.04158348613532932,0.29573910768761436
qualifying_event_rate,county,15,female,0-17,0.011207751035887387,0.006244551043657796,0.016634553518204236
qualifying_event_rate,county,15,female,18-44,0.014267251534829752,0.009454569488306117,0.019806314927115102
qualifying_event_rate,county,15,female,45-64,0.01930083317116578,0.013112091323963227,0.02650946588330588
qualifying_event_rate,county,15,female,65-74,0.024466944892589014,0.01362222086773634,0.03674490048756388
qualifying_event_rate,county,15,female,75-84,0.03068935865106091,0.0100012846411856,0.05725528881873376
qualifying_event_rate,county,15,female,85+,0.016463283046000896,0.0,0.06921178430626014
person_years_exposure,county,16,male,0-17,588.5798808469472,569.0966025690158,609.6083634422987
person_years_exposure,county,16,male,18-44,855.1129925083878,842.3918455311162,870.0541484484278
person_years_exposure,county,16,male,45-64,696.2791761021109,682.0910159674385,708.0301923754301
person_years_exposure,county,16,male,65-74,229.13970364431717,210.81615381380854,244.55033635469493
person_years_exposure,county,16,male,75-84,71.45257478191401,57.90232698319947,83.42975901805052
person_years_exposure,county,16,male,85+,19.154691847285985,13.199684685731533,24.776865145239007
person_years_exposure,county,16,male,18-64,1551.3921686104986,1530.4678144235068,1572.5120438781264
person_years_exposure,county,16,male,65+,319.74697027351715,292.1178245860542,341.48574427773025
mortality_rate,county,16,male,0-17,0.00038576035069918017,0.0,0.0017425125195500704
mortality_rate,county,16,male,18-44,0.0012539461268792288,0.0,0.0035376303454302494
mortality_rate,county,16,male,45-64,0.010540822877738436,0.0042527012763733845,0.01760102947553904
mortality_rate,county,16,male,65-74,0.05135121978201748,0.02827046430171871,0.08302373995041688
mortality_rate,county,16,male,75-84,0.1047610086237142,0.04748057314920764,0.18596224150984822
mortality_rate,county,16,male,85+,0.10436635195722176,0.011494197840286997,0.23769519569053513
qualifying_event_rate,county,16,male,0-17,0.01156368500730295,0.005029491822280005,0.019474083985379503
qualifying_event_rate,county,16,male,18-44,0.013851079781288458,0.007591796229885055,0.02104284936967151
qualifying_event_rate,county,16,male,45-64,0.01974922851991683,0.01146439245502051,0.029381188553137278
qualifying_event_rate,county,16,male,65-74,0.025697843225469634,0.008841991602221686,0.043610500381053956
qualifying_event_rate,county,16,male,75-84,0.02258012943762508,0.0,0.053820929903289336
qualifying_event_rate,county,16,male,85+,0.00697138077477001,0.0,0.052208328642531915
person_years_exposure,county,16,female,0-17,594.4664685576113,575.58173828465,614.6310375003617
person_years_exposure,county,16,female,18-44,827.2281854808965,815.6477574015299,837.596258980966
person_years_exposure,county,16,female,45-64,701.7085571723447,684.1644276345663,716.6560675046711
person_years_exposure,county,16,female,65-74,234.609123108395,216.45082186560322,249.73345258556978
person_years_exposure,county,16,female,75-84,70.15131105115617,57.45039662782297,81.50720136425242
person_years_exposure,county,16,female,85+,11.760892953386058,7.256023192518852,16.082249648571842
person_years_exposure,county,16,female,18-64,1528.9367426532413,1505.1627735823245,1549.7509408585895
person_years_exposure,county,16,female,65+,316.5213271129373,289.3718403540526,338.9593086185005
mortality_rate,county,16,female,0-17,0.00038111905714332693,0.0,0.001725396844574107
mortality_rate,county,16,female,18-44,0.0010069867385088475,0.0,0.003618267066097677
mortality_rate,county,16,female,45-64,0.012777128368833515,0.005614859934489153,0.02169086989690339
mortality_rate,county,16,female,65-74,0.048090382562429576,0.024523597265619635,0.07842942231071569
mortality_rate,county,16,female,75-84,0.11577079114514445,0.056096569553452366,0.19937930848736302
mortality_rate,county,16,female,85+,0.11141696853889725,0.0006587854859476962,0.29907744625073324
qualifying_event_rate,county,16,female,0-17,0.011183873021688662,0.0049884644396886195,0.01861419631248926
qualifying_event_rate,county,16,female,18-44,0.014167465238973833,0.007282929995651366,0.021754388892284725
qualifying_event_rate,county,16,female,45-64,0.019308341029212087,0.011274616199880108,0.029056722986886167
qualifying_event_rate,county,16,female,65-74,0.024288114171802568,0.008537843027476585,0.04222744019072638
qualifying_event_rate,county,16,female,75-84,0.0287943511162198,0.0,0.06471173672898531
qualifying_event_rate,county,16,female,85+,0.012834216032046483,0.0,0.07441337910646594
person_years_exposure,county,17,male,0-17,2259.0982052207078,2195.542125569396,2320.1839976742067
person_years_exposure,county,17,male,18-44,3104.7833454289344,3059.3010709664964,3155.781702295574
person_years_exposure,county,17,male,45-64,2347.632347944058,2306.884017415011,2382.9101775242893
person_years_exposure,county,17,male,65-74,728.5741964211115,689.9893944993216,760.5870561650169
person_years_exposure,county,17,male,75-84,249.0394132828677,216.3110390938442,276.0321808870551
person_years_exposure,county,17,male,85+,45.87449595873745,31.21698665914718,60.96449828551018
person_years_exposure,county,17,male,18-64,5452.415693372992,5374.319438836541,5530.991335345024
person_years_exposure,county,17,male,65+,1023.4881056627167,950.0958450104096,1077.66434900033
mortality_rate,county,17,male,0-17,0.0002669327709421494,0.0,0.0008971746436973699
mortality_rate,county,17,male,18-44,0.0012564093761946802,0.0003202384655931382,0.0025712793261088297
mortality_rate,county,17,male,45-64,0.010599733542410266,0.00675634151245248,0.015640493664575233
mortality_rate,county,17,male,65-74,0.05077942948430498,0.03411468755184154,0.07368274587375283
mortality_rate,county,17,male,75-84,0.10219649854588597,0.0657122695161579,0.1552224923972624
mortality_rate,county,17,male,85+,0.1423431728046462,0.06291542201573574,0.26904705425386966
qualifying_event_rate,county,17,male,0-17,0.01212804181628007,0.008376779943739313,0.01696395286268337
qualifying_event_rate,county,17,male,18-44,0.015298345034261324,0.011340364853209349,0.020147612250210098
qualifying_event_rate,county,17,male,45-64,0.019966509440266483,0.014704221327005154,0.026257015597047222
qualifying_event_rate,county,17,male,65-74,0.029540520434599836,0.019035720805581507,0.04237732514992281
qualifying_event_rate,county,17,male,75-84,0.02375510355026363,0.008157694247071141,0.04190710962729627
qualifying_event_rate,county,17,male,85+,0.0095162609724302,0.0,0.039966918192900075
person_years_exposure,county,17,female,0-17,2180.919538364403,2129.0013713294215,2229.885956907882
person_years_exposure,county,17,female,18-44,3234.8147946637077,3191.930063935771,3286.5329240478027
person_years_exposure,county,17,female,45-64,2370.1187150797673,2328.3923113505425,2409.105719939683
person_years_exposure,county,17,female,65-74,719.6857467022037,679.8843035724205,752.4286585818749
person_years_exposure,county,17,female,75-84,236.73439571546103,204.29196205609784,263.2998286094775
person_years_exposure,county,17,female,85+,43.97001817573489,29.93905396850783,57.4398514932566
person_years_exposure,county,17,female,18-64,5604.933509743475,5529.685819649536,5687.8801407481715
person_years_exposure,county,17,female,65+,1000.3901605933996,922.9570059079365,1053.5939193866736
mortality_rate,county,17,female,0-17,0.0003376227834394179,0.0,0.0009354411491561274
mortality_rate,county,17,female,18-44,0.0010114868590460231,0.00030393529433844687,0.0021699415299382303
mortality_rate,county,17,female,45-64,0.01244787001587263,0.008051487217892802,0.017692425676816798
mortality_rate,county,17,female,65-74,0.04913033028585299,0.03369695309782346,0.06953394002273244
mortality_rate,county,17,female,75-84,0.13270983304547715,0.08975799086841839,0.19669381059202384
mortality_rate,county,17,female,85+,0.16808454818942697,0.07507976533881205,0.30075503031832346
qualifying_event_rate,county,17,female,0-17,0.0119374729378026,0.007911721632854373,0.016601723598946426
qualifying_event_rate,county,17,female,18-44,0.014446405212932202,0.01068949478055292,0.01904868506043734
qualifying_event_rate,county,17,female,45-64,0.019325904313809202,0.014299029397796528,0.025693548254351
qualifying_event_rate,county,17,female,65-74,0.030134680448206788,0.019616951637468658,0.04323545898722391
qualifying_event_rate,county,17,female,75-84,0.016462228548397816,0.0040835933328316615,0.03207485987478872
qualifying_event_rate,county,17,female,85+,0.019275049771605327,0.0,0.05771273797100972
person_years_exposure,state,0,male,0-17,4800.365112438837,4712.693012650308,4870.144774785581
person_years_exposure,state,0,male,18-44,6381.615104319171,6196.618504129029,6551.7309479504065
person_years_exposure,state,0,male,45-64,4429.355630033892,4340.75043714724,4507.534467932961
person_years_exposure,state,0,male,65-74,1278.9786509613948,1212.7907799278241,1334.7780625539845
person_years_exposure,state,0,male,75-84,393.31106203376083,343.1304764114871,431.0725731359606
person_years_exposure,state,0,male,85+,55.7513582087591,39.313522379460835,70.69196537489309
person_years_exposure,state,0,male,18-64,10810.970734353064,10551.331481112724,11049.451961175952
person_years_exposure,state,0,male,65+,1728.0410712039147,1607.9580609242655,1816.2243497782306
mortality_rate,state,0,male,0-17,8.056027842505642e-05,0.0,0.0004104555383835603
mortality_rate,state,0,male,18-44,0.0012731886626162834,0.0006096823059522268,0.0021528240734012107
mortality_rate,state,0,male,45-64,0.010727876037498576,0.007606620738328258,0.01498257477261307
mortality_rate,state,0,male,65-74,0.0504560623541228,0.03685490106104339,0.0698361456524176
mortality_rate,state,0,male,75-84,0.12557449030923898,0.08925285665817531,0.18252077561993044
mortality_rate,state,0,male,85+,0.15236127471719535,0.07386248987111133,0.2737526840492179
qualifying_event_rate,state,0,male,0-17,0.01018426358175748,0.007312743623641294,0.013560935045985503
qualifying_event_rate,state,0,male,18-44,0.012092002203959711,0.009470850288190995,0.015691994810724398
qualifying_event_rate,state,0,male,45-64,0.017615407039048923,0.01365518071716894,0.02266164503312651
qualifying_event_rate,state,0,male,65-74,0.020962466304536666,0.01387493726687146,0.02900107870146187
qualifying_event_rate,state,0,male,75-84,0.024602171044839288,0.01216961333310286,0.03932312935100721
qualifying_event_rate,state,0,male,85+,0.010040610197836898,0.0,0.036313250564046454
person_years_exposure,state,0,female,0-17,4403.120789884855,4308.1954765359,4481.76297899424
person_years_exposure,state,0,female,18-44,6344.49985281131,6200.516299067751,6469.933212022709
person_years_exposure,state,0,female,45-64,4467.169446282179,4391.198560086184,4531.721749328697
person_years_exposure,state,0,female,65-74,1300.9319882345474,1234.2746267068865,1352.1956585156602
person_years_exposure,state,0,female,75-84,334.2401685287572,284.1121612613566,374.3224388600741
person_years_exposure,state,0,female,85+,48.18275370350258,33.81264521933796,61.2511707356182
person_years_exposure,state,0,female,18-64,10811.66929909349,10605.989663161845,10991.230816547986
person_years_exposure,state,0,female,65+,1683.354910466807,1562.8877161573014,1767.5253280683776
mortality_rate,state,0,female,0-17,0.0003536421053510822,0.0,0.0009081968936778919
mortality_rate,state,0,female,18-44,0.0010231241371411934,0.00031953418443468764,0.0017579754367406419
mortality_rate,state,0,female,45-64,0.012411076740919727,0.008875869833813941,0.01697029963227659
mortality_rate,state,0,female,65-74,0.048810785108699746,0.035376946167895926,0.06741622983411218
mortality_rate,state,0,female,75-84,0.1414884452844197,0.09994981929035615,0.20429574505469586
mortality_rate,state,0,female,85+,0.16447907750043475,0.07964855174726461,0.2976577071755227
qualifying_event_rate,state,0,female,0-17,0.01037505427796693,0.007650125235119843,0.013683162160013284
qualifying_event_rate,state,0,female,18-44,0.014279562107225162,0.01120420915479143,0.018417584897355302
qualifying_event_rate,state,0,female,45-64,0.018091735410554404,0.0142923399654413,0.02320932826877979
qualifying_event_rate,state,0,female,65-74,0.023970195238506083,0.01674422988169793,0.03278460483029581
qualifying_event_rate,state,0,female,75-84,0.02558714972879149,0.011880434784008985,0.04119963719895861
qualifying_event_rate,state,0,female,85+,0.018429361716304368,0.0,0.05520287754549361
person_years_exposure,state,1,male,0-17,9850.099675806665,9665.670368646006,9982.376747757013
person_years_exposure,state,1,male,18-44,13901.732993282532,13836.852993833363,13962.766605352133
person_years_exposure,state,1,male,45-64,10080.245218677737,9909.133429880052,10238.503054427762
person_years_exposure,state,1,male,65-74,2907.9093913655843,2774.2316604635876,2994.489556436767
person_years_exposure,state,1,male,75-84,964.441279199348,860.5930070554623,1031.6221019461252
person_years_exposure,state,1,male,85+,134.91633209162148,105.30090159020875,162.6719665130128
person_years_exposure,state,1,male,18-64,23981.978211960268,23763.034213481707,24197.27360032112
person_years_exposure,state,1,male,65+,4007.267002656554,3754.766743757562,4168.012903210713
mortality_rate,state,1,male,0-17,0.00010950277832205468,0.0,0.00030449612750535937
mortality_rate,state,1,male,18-44,0.0012684597719594267,0.0007195103341319038,0.0018841783066742997
mortality_rate,state,1,male,45-64,0.011146831305309161,0.008590888288513968,0.015063392785454549
mortality_rate,state,1,male,65-74,0.05056440806174781,0.03947167162620916,0.06865611386949985
mortality_rate,state,1,male,75-84,0.11284610020447466,0.08667321235383216,0.15748092302383
mortality_rate,state,1,male,85+,0.14755658248257622,0.09410070088357719,0.21851955738590884
qualifying_event_rate,state,1,male,0-17,0.013559804883554316,0.011012200177431087,0.01730433737595742
qualifying_event_rate,state,1,male,18-44,0.018669968844921343,0.015844751442298313,0.023355856834941215
qualifying_event_rate,state,1,male,45-64,0.0231057979565255,0.019641191716777355,0.029023930230113286
qualifying_event_rate,state,1,male,65-74,0.03976705886954193,0.03230242281203381,0.05091667595737037
qualifying_event_rate,state,1,male,75-84,0.023965887195807858,0.015741405895802477,0.03440348458956044
qualifying_event_rate,state,1,male,85+,0.009355015835492052,0.0,0.024645144708354733
person_years_exposure,state,1,female,0-17,9807.641033793512,9619.697331232746,9947.868991369136
person_years_exposure,state,1,female,18-44,14364.29490837818,14269.54958426864,14473.616576811926
person_years_exposure,state,1,female,45-64,9934.19218920831,9814.993086156768,10017.616104678356
person_years_exposure,state,1,female,65-74,2963.437947489958,2836.5387360626028,3051.8332813091256
person_years_exposure,state,1,female,75-84,875.6300169503643,761.7243595685899,946.0759778446857
person_years_exposure,state,1,female,85+,145.18338139623123,112.30883239572873,177.12885348882506
person_years_exposure,state,1,female,18-64,24298.48709758649,24118.593102512394,24467.74352296894
person_years_exposure,state,1,female,65+,3984.2513458365534,3720.03688607391,4145.6755606299785
mortality_rate,state,1,female,0-17,0.00034994438463073333,0.00010048918248693016,0.0007121837591931343
mortality_rate,state,1,female,18-44,0.0010068299513479493,0.0005571951583182627,0.0015398863835162388
mortality_rate,state,1,female,45-64,0.012394996492770993,0.009640954088802927,0.01655921256123529
mortality_rate,state,1,female,65-74,0.045769203212214574,0.03595698241259141,0.061988382724055664
mortality_rate,state,1,female,75-84,0.13257338617010703,0.10178651082397702,0.185513765170279
mortality_rate,state,1,female,85+,0.1591562366632556,0.10575312469542353,0.23803018587863672
qualifying_event_rate,state,1,female,0-17,0.01625879746916798,0.01343458091641331,0.02053500047640747
qualifying_event_rate,state,1,female,18-44,0.01884987313653818,0.01597914446201222,0.023374178146568746
qualifying_event_rate,state,1,female,45-64,0.021881448192122538,0.018406300250058835,0.027309669929863355
qualifying_event_rate,state,1,female,65-74,0.030791146886332024,0.024479419397446325,0.03950652879605126
qualifying_event_rate,state,1,female,75-84,0.03246069803974353,0.022418788354213008,0.045469309636043655
qualifying_event_rate,state,1,female,85+,0.018878884407212505,0.001273511258098353,0.03814547798658088
person_years_exposure,state,2,male,0-17,8052.174489948938,7889.920488107045,8186.921439297298
person_years_exposure,state,2,male,18-44,11698.58294218596,11548.302274445987,11860.017729340432
person_years_exposure,state,2,male,45-64,9532.41954083775,9435.906991785505,9605.76973931817
person_years_exposure,state,2,male,65-74,3137.8381332191175,2989.124391289877,3235.0892128617156
person_years_exposure,state,2,male,75-84,963.033761289093,852.6569642254358,1029.4515149780068
person_years_exposure,state,2,male,85+,242.66514360517374,205.71858811171145,272.0810252146496
person_years_exposure,state,2,male,18-64,21231.00248302371,21014.979553484834,21446.720083823435
person_years_exposure,state,2,male,65+,4343.537038113384,4064.5957773230243,4504.00598553249
mortality_rate,state,2,male,0-17,0.00041247107432231786,0.00012253113501964832,0.0008637353131582144
mortality_rate,state,2,male,18-44,0.0012680572279191002,0.0006857976186743673,0.0019696403830085783
mortality_rate,state,2,male,45-64,0.010340944219639001,0.007940756365619056,0.013892561694384332
mortality_rate,state,2,male,65-74,0.05129008239353098,0.04052406912753732,0.06885959453408247
mortality_rate,state,2,male,75-84,0.11290575945296652,0.08733530062909346,0.1541866118665985
mortality_rate,state,2,male,85+,0.13033377997266693,0.09209238955481781,0.1851213188586169
qualifying_event_rate,state,2,male,0-17,0.011537971741014662,0.009144605742886024,0.01496245270410759
qualifying_event_rate,state,2,male,18-44,0.01394416348810522,0.011521701094878517,0.017480199783032894
qualifying_event_rate,state,2,male,45-64,0.019732875790391277,0.01651663247546193,0.024779765574433555
qualifying_event_rate,state,2,male,65-74,0.025902199875064088,0.020480796621311043,0.03322025608203204
qualifying_event_rate,state,2,male,75-84,0.023730019483104534,0.0157496335033696,0.03353508022787571
qualifying_event_rate,state,2,male,85+,0.008664403977713233,0.0,0.018756043896784758
person_years_exposure,state,2,female,0-17,8134.489930061879,7978.605455426897,8250.908743686643
person_years_exposure,state,2,female,18-44,11318.926856752474,11198.04957006966,11433.29181916362
person_years_exposure,state,2,female,45-64,9603.051640257836,9467.792297042275,9720.438160422424
person_years_exposure,state,2,female,65-74,3210.649570559286,3067.02946344106,3310.6101250152597
person_years_exposure,state,2,female,75-84,938.0711691159096,820.5443825460562,1007.2132610651403
person_years_exposure,state,2,female,85+,140.5153609097616,112.31583551662457,164.32021761363475
person_years_exposure,state,2,female,18-64,20921.97849701031,20685.87044390613,21150.454858562884
person_years_exposure,state,2,female,65+,4289.236100584957,4006.6409872110817,4453.543946245367
mortality_rate,state,2,female,0-17,0.00034929154970733195,0.0,0.0007380044752435912
mortality_rate,state,2,female,18-44,0.0010109501756276112,0.0005279546545084326,0.001595956015118331
mortality_rate,state,2,female,45-64,0.012696108621100415,0.009902890134285846,0.017000363719074364
mortality_rate,state,2,female,65-74,0.0482936258264357,0.037966591570284584,0.06546184379949344
mortality_rate,state,2,female,75-84,0.12648791928381095,0.09748998469204063,0.17775533173276356
mortality_rate,state,2,female,85+,0.14673701905980255,0.0956283378868098,0.2154855149366431
qualifying_event_rate,state,2,female,0-17,0.01122078844644973,0.008837738604365233,0.014310121917168683
qualifying_event_rate,state,2,female,18-44,0.014265721326193664,0.011722759483852556,0.017943910710529667
qualifying_event_rate,state,2,female,45-64,0.019207863132718456,0.01592431852632741,0.024224627083282834
qualifying_event_rate,state,2,female,65-74,0.024513761048712005,0.019124670881153445,0.031682800909128055
qualifying_event_rate,state,2,female,75-84,0.03045346514137866,0.021063209572103222,0.042568021326755925
qualifying_event_rate,state,2,female,85+,0.016859350503673917,0.0003121467348871519,0.03647017993571504
person_years_exposure,state,3,male,0-17,2327.2268714459983,2268.3428575153885,2379.5380755236138
person_years_exposure,state,3,male,18-44,3526.489360609561,3431.406449845217,3631.403221306009
person_years_exposure,state,3,male,45-64,3243.4858261165127,3174.8153390209695,3315.698376543148
person_years_exposure,state,3,male,65-74,1074.2084378534819,1008.3327882643159,1134.8751001813803
person_years_exposure,state,3,male,75-84,288.18789234445035,248.57838622449844,322.7542303840672
person_years_exposure,state,3,male,85+,55.447226108966426,34.262752525707434,84.12511477125074
person_years_exposure,state,3,male,18-64,6769.975186726074,6621.664742432329,6932.155552084298
person_years_exposure,state,3,male,65+,1417.8435563068986,1305.1728492413963,1519.6717194234498
mortality_rate,state,3,male,0-17,0.000753226816434461,0.0,0.0017390633184659447
mortality_rate,state,3,male,18-44,0.001248641314981559,0.0002850164424364392,0.0024950102816871295
mortality_rate,state,3,male,45-64,0.011958464274049424,0.008080179259016378,0.01670460752056779
mortality_rate,state,3,male,65-74,0.051224215174638814,0.0368106565667971,0.07121457232420694
mortality_rate,state,3,male,75-84,0.11062525578929952,0.07319128611334665,0.1623282795816322
mortality_rate,state,3,male,85+,0.14262960123482576,0.06925122580879625,0.24916510544690973
qualifying_event_rate,state,3,male,0-17,0.009338963461368885,0.005993833220708121,0.013299531645351722
qualifying_event_rate,state,3,male,18-44,0.01253722833750668,0.009152099588196813,0.016639865876704137
qualifying_event_rate,state,3,male,45-64,0.016854244734500118,0.012592616636819959,0.02206471264754259
qualifying_event_rate,state,3,male,65-74,0.022236559991321837,0.01448830631633115,0.031380731694056085
qualifying_event_rate,state,3,male,75-84,0.02368905955105017,0.010312799450188027,0.03979916820215312
qualifying_event_rate,state,3,male,85+,0.008412538649414393,0.0,0.031662073737093926
person_years_exposure,state,3,female,0-17,2445.97388695261,2374.325978110419,2515.972658806775
person_years_exposure,state,3,female,18-44,3275.43779020032,3152.6565034073446,3394.8264150918267
person_years_exposure,state,3,female,45-64,3034.3469849564317,2971.394172673801,3100.4729815864307
person_years_exposure,state,3,female,65-74,1022.7450688747779,948.7323545651169,1095.027568342135
person_years_exposure,state,3,female,75-84,239.567311732289,199.28924511591563,278.0427969927734
person_years_exposure,state,3,female,85+,38.26633086350622,23.746189216278456,59.16757708846069
person_years_exposure,state,3,female,18-64,6309.7847751567515,6144.296356275312,6477.41962067957
person_years_exposure,state,3,female,65+,1300.5787114705731,1183.904084790244,1414.0534575506335
mortality_rate,state,3,female,0-17,0.0003565329610229384,0.0,0.0012076294091282864
mortality_rate,state,3,female,18-44,0.001009824456869844,0.000295771806279005,0.002113791148635502
mortality_rate,state,3,female,45-64,0.01270271125380324,0.008643028319171707,0.01778979823693942
mortality_rate,state,3,female,65-74,0.059356809117381414,0.042920090838071454,0.08208794191103824
mortality_rate,state,3,female,75-84,0.13415800597592167,0.08829072098352743,0.19811209681717293
mortality_rate,state,3,female,85+,0.1377986060107629,0.06250524253626158,0.23058991789572741
qualifying_event_rate,state,3,female,0-17,0.009128321785384044,0.005838333269677487,0.012918226819242476
qualifying_event_rate,state,3,female,18-44,0.012402176806803465,0.008823580760790083,0.016527634510096128
qualifying_event_rate,state,3,female,45-64,0.017011936157407252,0.012625127804369696,0.02250148954055413
qualifying_event_rate,state,3,female,65-74,0.020730871267143052,0.013105844815478482,0.029467238638969263
qualifying_event_rate,state,3,female,75-84,0.023024974030295783,0.008358662667867441,0.040751774910695766
qualifying_event_rate,state,3,female,85+,0.012961896562710424,0.0,0.0468130618969222
person_years_exposure,state,4,male,0-17,6287.190549009406,6168.387044457944,6379.04949022176
person_years_exposure,state,4,male,18-44,8729.381498654904,8632.855355370395,8826.501617848586
person_years_exposure,state,4,male,45-64,6729.37231290519,6633.839589713948,6817.417909862889
person_years_exposure,state,4,male,65-74,2061.767489796327,1969.0685977670498,2126.7021116849673
person_years_exposure,state,4,male,75-84,505.00303668220323,432.56412557479194,553.9958778244148
person_years_exposure,state,4,male,85+,45.12350847223201,30.15748165340416,58.02883091417893
person_years_exposure,state,4,male,18-64,15458.753811560095,15279.56486314364,15632.224156875362
person_years_exposure,state,4,male,65+,2611.8940349507625,2441.6147169910705,2715.501896160464
mortality_rate,state,4,male,0-17,0.00015765562213732693,0.0,0.0004776006027784556
mortality_rate,state,4,male,18-44,0.0012700686828967624,0.0006812264707335263,0.0019567903897638726
mortality_rate,state,4,male,45-64,0.011095394279093732,0.008303769993523629,0.015022357996665273
mortality_rate,state,4,male,65-74,0.051294022327753944,0.039159659238582396,0.06962237938932453
mortality_rate,state,4,male,75-84,0.13509021057882648,0.09869653342134273,0.1956882394019024
mortality_rate,state,4,male,85+,0.15282185752486574,0.06737635971776032,0.29574484993699757
qualifying_event_rate,state,4,male,0-17,0.009986512876549062,0.007572073296889308,0.013033692554321479
qualifying_event_rate,state,4,male,18-44,0.014406212426175638,0.01177934665324664,0.018333098976407385
qualifying_event_rate,state,4,male,45-64,0.01818251805730843,0.014793394531848112,0.023121995390622565
qualifying_event_rate,state,4,male,65-74,0.026301481292566556,0.019735743690216002,0.034486032753490055
qualifying_event_rate,state,4,male,75-84,0.024252477372409553,0.01289913954737319,0.037761117130660576
qualifying_event_rate,state,4,male,85+,0.010928950002996181,0.0,0.04140858429449159
person_years_exposure,state,4,female,0-17,5894.427437816082,5765.809064223321,6000.057290021668
person_years_exposure,state,4,female,18-44,8727.978644643597,8635.181018209498,8819.035615185237
person_years_exposure,state,4,female,45-64,6708.156483802493,6587.682265093054,6821.910891505903
person_years_exposure,state,4,female,65-74,1845.3564235846077,1744.7070476419844,1924.2544698891895
person_years_exposure,state,4,female,75-84,488.4523904149846,421.602215891247,539.2525828204056
person_years_exposure,state,4,female,85+,92.03958693937086,67.24247414834521,116.24141897580417
person_years_exposure,state,4,female,18-64,15436.13512844609,15237.585419154677,15630.53429425258
person_years_exposure,state,4,female,65+,2425.8484009389636,2246.4422478252322,2555.266831906947
mortality_rate,state,4,female,0-17,0.0003528889187192506,0.0,0.0008451469109587952
mortality_rate,state,4,female,18-44,0.0010108028426964893,0.0004586945124664314,0.0016152997256385754
mortality_rate,state,4,female,45-64,0.012480288252763564,0.0094636536046525,0.016804711939581884
mortality_rate,state,4,female,65-74,0.056056032348515694,0.04225880434928088,0.07723601439875408
mortality_rate,state,4,female,75-84,0.14583747203165037,0.10799008844648496,0.20611711338500324
mortality_rate,state,4,female,85+,0.18861092416994754,0.11583631411176888,0.30009267451015426
qualifying_event_rate,state,4,female,0-17,0.010717551245046161,0.0081316602817162,0.013935367402421048
qualifying_event_rate,state,4,female,18-44,0.014063295251109336,0.011386668941244012,0.0177700202935302
qualifying_event_rate,state,4,female,45-64,0.018533145803573715,0.015051287710593346,0.02352792223367704
qualifying_event_rate,state,4,female,65-74,0.024203752841680873,0.017806746755257626,0.0324660058122638
qualifying_event_rate,state,4,female,75-84,0.017484189732234246,0.008199791788406387,0.02816522459860374
qualifying_event_rate,state,4,female,85+,0.01950559308406343,0.0,0.04598714304453466
person_years_exposure,state,5,male,0-17,5384.524141055744,5247.872153968274,5514.500457406537
person_years_exposure,state,5,male,18-44,7400.544130419739,7294.063780502606,7515.625141042256
person_years_exposure,state,5,male,45-64,5597.460896282446,5512.507445960068,5673.685621390902
person_years_exposure,state,5,male,65-74,1736.2783290857265,1651.2450214541914,1796.696479778851
person_years_exposure,state,5,male,75-84,593.5826101067554,527.7002266714067,644.6452648989783
person_years_exposure,state,5,male,85+,110.01049923779738,83.36335044642559,135.69586324138487
person_years_exposure,state,5,male,18-64,12998.005026702185,12821.60962087537,13180.009100847277
person_years_exposure,state,5,male,65+,2439.8714384302793,2273.0456607054725,2553.5895057680127
mortality_rate,state,5,male,0-17,0.00026832904466590675,0.0,0.0007392464345746286
mortality_rate,state,5,male,18-44,0.0012669966800425243,0.0005459720284531102,0.0021365211069761638
mortality_rate,state,5,male,45-64,0.01054747207599267,0.007634842643525264,0.01479315785743568
mortality_rate,state,5,male,65-74,0.05086994101943349,0.037870503455844376,0.07076297912571164
mortality_rate,state,5,male,75-84,0.1019171621273421,0.07446151983662329,0.14545078679887874
mortality_rate,state,5,male,85+,0.14053281976747944,0.08282673061359988,0.22505377196575316
qualifying_event_rate,state,5,male,0-17,0.012111896087109554,0.009224604385116178,0.01570965828170152
qualifying_event_rate,state,5,male,18-44,0.015284586622157533,0.012410595752972205,0.019420942186734316
qualifying_event_rate,state,5,male,45-64,0.019951586036165272,0.015994067567016435,0.02564578635231906
qualifying_event_rate,state,5,male,65-74,0.029641457507334323,0.02204155316053437,0.03930271091369523
qualifying_event_rate,state,5,male,75-84,0.023913799693209774,0.013944897560474902,0.035917925943915845
qualifying_event_rate,state,5,male,85+,0.00937216076209414,0.0,0.02649593626546679
person_years_exposure,state,5,female,0-17,5198.092278574155,5086.715709286752,5293.391275330262
person_years_exposure,state,5,female,18-44,7711.283641269614,7613.157496207552,7823.176763545416
person_years_exposure,state,5,female,45-64,5650.814656653476,5557.457264494053,5733.569959429798
person_years_exposure,state,5,female,65-74,1715.1011947724044,1626.5301717049845,1777.2893720318564
person_years_exposure,state,5,female,75-84,565.0688597758641,496.7120121781497,611.7632255850694
person_years_exposure,state,5,female,85+,106.14711446124157,81.50467752911385,128.508743422818
person_years_exposure,state,5,female,18-64,13362.09829792309,13190.557315635533,13549.437192763142
person_years_exposure,state,5,female,65+,2386.31716900951,2214.569522118497,2496.168298651142
mortality_rate,state,5,female,0-17,0.0003395739483167043,0.0,0.000777714177078197
mortality_rate,state,5,female,18-44,0.0010070469925966099,0.0003918200249594333,0.0016978613294985185
mortality_rate,state,5,female,45-64,0.012446870975441575,0.009207143013755378,0.017118317584895522
mortality_rate,state,5,female,65-74,0.04917035300168622,0.03698494820517978,0.06801474131014851
mortality_rate,state,5,female,75-84,0.13223412678179283,0.09880434095149941,0.1870221467727238
mortality_rate,state,5,female,85+,0.16321494586367216,0.1015646936921394,0.25200478990595876
qualifying_event_rate,state,5,female,0-17,0.011976486656288567,0.009104495816477442,0.015526019157428803
qualifying_event_rate,state,5,female,18-44,0.014419945398894993,0.011575854316396735,0.01820184858246652
qualifying_event_rate,state,5,female,45-64,0.019284933688134356,0.015500274879291053,0.024749887798013407
qualifying_event_rate,state,5,female,65-74,0.030257657584360304,0.022874081330678083,0.04015495601088641
qualifying_event_rate,state,5,female,75-84,0.01642113689601134,0.007917280260900508,0.026912526132780872
qualifying_event_rate,state,5,female,85+,0.018343959020098007,0.0,0.040693817793567615
