estimand,level,unit,sex,age_band,estimate,lower,upper
children_under_16,county,0,,,1435.3592644210428,1054.258746379097,1816.4597824629886
children_under_16,county,1,,,1395.8269261879911,1030.491886121756,1761.1619662542264
children_under_16,county,2,,,505.06669462597813,374.1133135597407,636.0200756922156
children_under_16,county,3,,,354.7663783876169,264.33700290326584,445.19575387196795
children_under_16,county,4,,,566.0459168354231,413.3463736479838,718.7454600228624
children_under_16,county,5,,,287.6141600614362,214.3000109591841,360.92830916368837
children_under_16,county,6,,,705.7112841889793,515.3348721121305,896.0876962658282
children_under_16,county,7,,,375.8502635076887,278.40003900334546,473.3004880120319
children_under_16,county,8,,,410.9168167909843,303.36601023346304,518.4676233485055
children_under_16,county,9,,,575.0318350610187,425.9379355360703,724.125734585967
children_under_16,county,10,,,405.62568342685796,297.9284943559072,513.3228724978087
children_under_16,county,11,,,1112.0270709108931,820.9720361613674,1403.0821056604188
children_under_16,county,12,,,661.1317521825863,485.5954530161257,836.6680513490469
children_under_16,county,13,,,425.12034618540025,314.8954050333133,535.3452873374872
children_under_16,county,14,,,359.49192080593133,266.2830773077574,452.70076430410523
children_under_16,county,15,,,1043.1438085951645,766.1799461657706,1320.1076710245584
children_under_16,county,16,,,1115.6102152049082,831.2429775217568,1399.9774528880596
children_under_16,nation,0,,,11734.340337379901,11021.291068266255,12447.389606493547
children_under_16,state,0,,,3545.2605086256513,3168.3836949289685,3922.137322322334
children_under_16,state,1,,,2918.7708138898684,2637.139403997937,3200.4022237818
children_under_16,state,2,,,2240.561060186017,2039.7650119957846,2441.35710837625
children_under_16,state,3,,,1470.3765935925248,1358.6000411212237,1582.153146063826
children_under_16,state,4,,,1271.7572010244023,1123.5605562433175,1419.9538458054872
children_under_16,state,5,,,287.6141600614362,265.74410171822086,309.4842184046516
elders_65_plus,county,0,,,581.7542351286138,427.293365382504,736.2151048747236
elders_65_plus,county,1,,,564.5386030200799,416.77978759406193,712.2974184460979
elders_65_plus,county,2,,,325.3797550240868,241.01549283003675,409.7440172181369
elders_65_plus,county,3,,,200.39226771799466,149.3126031116948,251.4719323242945
elders_65_plus,county,4,,,405.17198975120664,295.8706488047909,514.4733306976224
elders_65_plus,county,5,,,200.47425247063623,149.37245959070552,251.57604535056694
elders_65_plus,county,6,,,373.48882679194037,272.7345036169112,474.24314996696955
elders_65_plus,county,7,,,172.27541541600775,127.60795196343653,216.94287886857896
elders_65_plus,county,8,,,228.7544199843841,168.88166382645636,288.62717614231184
elders_65_plus,county,9,,,233.58030515851885,173.01774770530315,294.1428626117346
elders_65_plus,county,10,,,239.1676431968836,175.6665288901682,302.668757503599
elders_65_plus,county,11,,,627.028871523252,462.9142426944186,791.1435003520853
elders_65_plus,county,12,,,342.5333784534654,251.5877516609096,433.4790052460212
elders_65_plus,county,13,,,219.79428112369288,162.80615547924612,276.78240676813965
elders_65_plus,county,14,,,226.10760142822926,167.48256198916886,284.73264086728966
elders_65_plus,county,15,,,474.5843723176545,348.5780444051635,600.5907002301456
elders_65_plus,county,16,,,575.22226085958,428.5990378511284,721.8454838680317
elders_65_plus,nation,0,,,5990.248479366227,5627.445728427805,6353.051230304649
elders_65_plus,state,0,,,1638.0396290966175,1463.9087987610646,1812.1704594321704
elders_65_plus,state,1,,,1420.321894527716,1283.2754173762175,1557.3683716792145
elders_65_plus,state,2,,,1177.1373581505356,1071.6439021167623,1282.630814184309
elders_65_plus,state,3,,,775.6145285775749,716.6530907875226,834.5759663676272
elders_65_plus,state,4,,,778.660816543147,687.9242196980548,869.3974133882392
elders_65_plus,state,5,,,200.47425247063623,185.23027562016142,215.71822932111104
households,county,0,,,3024.950721646075,2232.196903195661,3817.7045400964894
households,county,1,,,3070.7703915146267,2242.7285917022573,3898.812191326996
households,county,2,,,1511.5199841291658,1108.8725703073596,1914.167397950972
households,county,3,,,949.0251772315054,701.8617899947014,1196.1885644683093
households,county,4,,,1838.4437456125759,1350.940758332505,2325.9467328926467
households,county,5,,,1030.2496438856142,761.9795322824275,1298.519755488801
households,county,6,,,1853.4900871865034,1361.9972381103175,2344.9829362626892
households,county,7,,,1005.3434892071618,737.5342903992002,1273.1526880151234
households,county,8,,,1151.077270880987,840.6860746726389,1461.4684670893353
households,county,9,,,1455.613132051688,1067.858508031059,1843.3677560723168
households,county,10,,,1222.4205489087499,902.0587820326524,1542.7823157848475
households,county,11,,,2839.3550298278046,2073.715027663638,3604.9950319919712
households,county,12,,,1765.2434902967398,1302.6232210098506,2227.863759583629
households,county,13,,,1175.4879567590162,862.3546930659236,1488.621220452109
households,county,14,,,1119.4304095149303,821.2300786709056,1417.6307403589549
households,county,15,,,2325.308238169777,1715.910877845116,2934.7055984944377
households,county,16,,,2444.2276371041357,1807.6548712194453,3080.800402988826
households,nation,0,,,29781.956953927052,27862.393119426026,31701.52078842808
households,state,0,,,8337.92299902134,7525.788265468011,9150.05773257467
households,state,1,,,7061.202692223418,6240.20829353025,7882.197090916587
households,state,2,,,6267.394971661964,5587.531918247534,6947.258025076393
households,state,3,,,3393.2528143356412,3077.948664245434,3708.5569644258485
households,state,4,,,3691.9338327990795,3302.5851996534625,4081.2824659446965
households,state,5,,,1030.2496438856142,934.6505963089002,1125.8486914623281
low_income_household_share,county,0,,,0.3725730413256305,0.17990692074181486,0.5652391619094461
low_income_household_share,county,1,,,0.34280601188049936,0.15986048351996748,0.5257515402410312
low_income_household_share,county,2,,,0.3512523412607802,0.2022123387355349,0.5002923437860255
low_income_household_share,county,3,,,0.4353780057827947,0.21976431602400018,0.6509916955415892
low_income_household_share,county,4,,,0.35809658811146017,0.19256260013918905,0.5236305760837313
low_income_household_share,county,5,,,0.4547752751406082,0.20080390263777337,0.7087466476434431
low_income_household_share,county,6,,,0.34608742418815247,0.1820965733859537,0.5100782749903512
low_income_household_share,county,7,,,0.34530215316010465,0.19683793517087764,0.49376637114933164
low_income_household_share,county,8,,,0.3569584461333769,0.17284680234647565,0.5410700899202782
low_income_household_share,county,9,,,0.3309755907135425,0.1838672315862674,0.4780839498408176
low_income_household_share,county,10,,,0.4487612739721147,0.25106855172489767,0.6464539962193316
low_income_household_share,county,11,,,0.31749521459165797,0.13654151260970426,0.4984489165736117
low_income_household_share,county,12,,,0.42607194928580905,0.2299525337941481,0.62219136477747
low_income_household_share,county,13,,,0.33697359721234166,0.18930289050021937,0.48464430392446395
low_income_household_share,county,14,,,0.3348080290563754,0.18734124462348467,0.48227481348926615
low_income_household_share,county,15,,,0.3852545559068366,0.19180356736019297,0.5787055444534802
low_income_household_share,county,16,,,0.3796386061111584,0.17321560827887,0.5860616039434468
low_income_household_share,nation,0,,,0.36666822790543757,0.2844572454272701,0.44887921038360507
low_income_household_share,state,0,,,0.39609833388930776,0.23505385527426215,0.5571428125043534
low_income_household_share,state,1,,,0.3351068723678626,0.1856215540476578,0.48459219068806736
low_income_household_share,state,2,,,0.3399146092255443,0.22366811842199485,0.4561611000290937
low_income_household_share,state,3,,,0.3941184000132472,0.2117379368741048,0.5764988631523896
low_income_household_share,state,4,,,0.3518056164574604,0.2164100562860426,0.4872011766288782
low_income_household_share,state,5,,,0.4547752751406082,0.21923758739685553,0.690312962884361
mean_income_adults,county,0,,,37001.18392298756,20950.773994405812,53051.59385156931
mean_income_adults,county,1,,,35068.39812298417,24575.224399467,45561.571846501334
mean_income_adults,county,2,,,29517.036274091446,19897.908231999667,39136.164316183225
mean_income_adults,county,3,,,27640.867894321058,10216.954096561767,45064.781692080345
mean_income_adults,county,4,,,32396.853856896512,20970.023659886534,43823.68405390649
mean_income_adults,county,5,,,32614.273463792986,12144.335296848833,53084.21163073714
mean_income_adults,county,6,,,34155.16286362467,22168.984913540095,46141.34081370924
mean_income_adults,county,7,,,30075.10395164611,20300.800508517852,39849.40739477437
mean_income_adults,county,8,,,34931.2485436566,24476.558377243906,45385.93871006929
mean_income_adults,county,9,,,36412.58166708923,24875.414987836426,47949.748346342036
mean_income_adults,county,10,,,33436.77782134514,18394.058928415736,48479.496714274545
mean_income_adults,county,11,,,35948.29476406891,25208.225987725185,46688.36354041263
mean_income_adults,county,12,,,36108.96664691262,20324.838415256898,51893.094878568336
mean_income_adults,county,13,,,31408.280874165855,21263.27639973783,41553.28534859388
mean_income_adults,county,14,,,32203.716697990203,21837.534617466845,42569.89877851356
mean_income_adults,county,15,,,36016.95243219526,20232.167804736637,51801.73705965389
mean_income_adults,county,16,,,35401.23900515944,15614.001185440851,55188.47682487803
mean_income_adults,nation,0,,,34360.04425845306,26207.00959994553,42513.07891696059
mean_income_adults,state,0,,,36092.51238650201,22244.56032250289,49940.464450501124
mean_income_adults,state,1,,,35388.84723015461,26691.177413017336,44086.51704729189
mean_income_adults,state,2,,,32082.94435946513,23478.21693054648,40687.671788383785
mean_income_adults,state,3,,,33385.2758812178,15764.034645875377,51006.51711656022
mean_income_adults,state,4,,,33317.939803506924,23125.18304162712,43510.69656538673
mean_income_adults,state,5,,,32614.273463792986,13218.350707625435,52010.19621996053
median_household_income,county,0,,,35063.53763439495,11782.978258218864,58344.09701057103
median_household_income,county,1,,,34071.26764749373,15782.496974224938,52360.03832076253
median_household_income,county,2,,,26877.37479658466,15228.011405038844,38526.738188130475
median_household_income,county,3,,,26074.455610888825,8381.318022559932,43767.59319921772
median_household_income,county,4,,,36169.5682700032,24309.72008063965,48029.416459366745
median_household_income,county,5,,,20695.340035371755,8516.407026270595,32874.27304447292
median_household_income,county,6,,,39664.32665377097,26673.826263771683,52654.82704377026
median_household_income,county,7,,,25659.547227117037,14475.297219799286,36843.79723443479
median_household_income,county,8,,,32714.290384598142,14887.642319924293,50540.93844927199
median_household_income,county,9,,,33135.95865039032,19517.469737133186,46754.44756364745
median_household_income,county,10,,,25567.657425771602,5771.972529848379,45363.34232169483
median_household_income,county,11,,,38875.183076197514,18950.424836972783,58799.94131542224
median_household_income,county,12,,,30111.657242809993,8659.79571103225,51563.518774587734
median_household_income,county,13,,,28244.380525578323,16135.91860232442,40352.84244883223
median_household_income,county,14,,,29153.191931505688,16740.319727844377,41566.064135167
median_household_income,county,15,,,34814.5368986945,11648.59092129107,57980.482876097936
median_household_income,county,16,,,36319.22844589119,14355.651297058692,58282.805594723686
median_household_income,nation,0,,,33031.345669138595,23598.381277145985,42464.310061131204
median_household_income,state,0,,,33728.504124136576,12281.689059421515,55175.31918885164
median_household_income,state,1,,,35491.53423936093,18222.685953312,52760.38252540986
median_household_income,state,2,,,28574.932933808046,17721.19541140892,39428.67045620717
median_household_income,state,3,,,33131.76741761865,13617.75671796002,52645.77811727728
median_household_income,state,4,,,37468.44963706227,26872.286864376216,48064.612409748326
median_household_income,state,5,,,20695.340035371755,9108.158419577216,32282.521651166295
persons,county,0,,,6067.752171019934,4456.710564193672,7678.7937778461965
persons,county,1,,,6186.734726425759,4567.457338411313,7806.012114440205
persons,county,2,,,2666.515065926023,1975.1426842930146,3357.8874475590314
persons,county,3,,,1814.8895157629436,1352.2771165005115,2277.5019150253756
persons,county,4,,,3076.613120278997,2246.649677282061,3906.576563275933
persons,county,5,,,1686.176075058866,1256.362173847918,2115.989976269814
persons,county,6,,,3384.791035076843,2471.6918862820844,4297.890183871601
persons,county,7,,,1750.6127707522278,1296.714971299215,2204.5105702052406
persons,county,8,,,1984.7145662041412,1465.2477455257044,2504.181386882578
persons,county,9,,,2660.847353703413,1970.9444929997362,3350.7502144070895
persons,county,10,,,1965.7604466981556,1443.8337464269123,2487.687146969399
persons,county,11,,,5167.126893430807,3814.715304843481,6519.538482018133
persons,county,12,,,2943.623504555758,2162.065555745544,3725.1814533659717
persons,county,13,,,2068.0046552183944,1531.813683722809,2604.19562671398
persons,county,14,,,1918.377052541487,1420.9814335802573,2415.7726715027165
persons,county,15,,,4519.468996078732,3319.5101994391725,5719.427792718291
persons,county,16,,,5171.456613402616,3853.2606952328833,6489.652531572349
persons,nation,0,,,55033.4645621351,51693.494320452795,58373.43480381741
persons,state,0,,,15496.60511835258,13849.247710931913,17143.962525773244
persons,state,1,,,13338.576186060707,12051.540561559304,14625.61181056211
persons,state,2,,,11064.356898141543,10072.78421557037,12055.929580712716
persons,state,3,,,6986.346129165559,6455.251110316426,7517.441148014693
persons,state,4,,,6461.404155355839,5708.46293699515,7214.345373716528
persons,state,5,,,1686.176075058866,1557.9599638263937,1814.3921862913382
tertiary_share_25_plus,county,0,,,0.545358890371591,0.5206098798883911,0.5701079008547909
tertiary_share_25_plus,county,1,,,0.49102501723397085,0.46631224761694295,0.5157377868509988
tertiary_share_25_plus,county,2,,,0.42834140274307914,0.3993450155711265,0.45733778991503177
tertiary_share_25_plus,county,3,,,0.43601347457662737,0.4032455945357599,0.4687813546174948
tertiary_share_25_plus,county,4,,,0.42869809373185574,0.4011777445442678,0.4562184429194437
tertiary_share_25_plus,county,5,,,0.40321957405983044,0.37123911551089694,0.43520003260876394
tertiary_share_25_plus,county,6,,,0.4435334892396534,0.4162054669166398,0.47086151156266703
tertiary_share_25_plus,county,7,,,0.45019201753204474,0.4171438962014892,0.4832401388626003
tertiary_share_25_plus,county,8,,,0.4411682239276566,0.4089796871926731,0.4733567606626401
tertiary_share_25_plus,county,9,,,0.47688046519429705,0.4472663363241935,0.5064945940644007
tertiary_share_25_plus,county,10,,,0.42308638930207015,0.39106088326949606,0.45511189533464425
tertiary_share_25_plus,county,11,,,0.44565996879411685,0.4206410981421384,0.4706788394460953
tertiary_share_25_plus,county,12,,,0.4489646899899126,0.420132996917438,0.47779638306238725
tertiary_share_25_plus,county,13,,,0.43649438234272686,0.4051674650339031,0.4678212996515506
tertiary_share_25_plus,county,14,,,0.4187428071306014,0.38712031508907185,0.450365299172131
tertiary_share_25_plus,county,15,,,0.47402890791841107,0.4479244895476284,0.5001333262891937
tertiary_share_25_plus,county,16,,,0.4677897938948203,0.4424311306990885,0.49314845709055205
tertiary_share_25_plus,nation,0,,,0.4624762854298548,0.4419070708403313,0.4830455000193783
tertiary_share_25_plus,state,0,,,0.4907352926228692,0.46876139903934977,0.5127091862063886
tertiary_share_25_plus,state,1,,,0.46603295953121515,0.44382247282618636,0.48824344623624394
tertiary_share_25_plus,state,2,,,0.44333130924249314,0.4207710657359813,0.465891552749005
tertiary_share_25_plus,state,3,,,0.45953504846510707,0.43547735667742615,0.483592740252788
tertiary_share_25_plus,state,4,,,0.43646958000779007,0.4124681302054826,0.4604710298100975
tertiary_share_25_plus,state,5,,,0.40321957405983044,0.37123911551089694,0.43520003260876394
person_years_exposure,county,0,male,0-17,3831.0347948947515,3430.55158934899,4192.28875732365
person_years_exposure,county,0,male,18-44,5424.956929047701,4859.975205367756,5923.766375168119
person_years_exposure,county,0,male,45-64,4381.231178632017,3935.0148519469335,4798.446878687741
person_years_exposure,county,0,male,65-74,1158.5016633465598,999.8126782439631,1294.4339959187407
person_years_exposure,county,0,male,75-84,401.89034253955356,297.0837565077401,486.46027319265653
person_years_exposure,county,0,male,85+,52.132748522008875,26.343527260803384,75.79675087511238
person_years_exposure,county,0,male,18-64,9806.188107679718,8794.767211005905,10727.32451195171
person_years_exposure,county,0,male,65+,1612.5247544081221,1341.0109003593604,1842.4626572439743
mortality_rate,county,0,male,0-17,0.0014364081722340973,0.00025140770189922547,0.0034183173879596806
mortality_rate,county,0,male,18-44,0.001798149356775147,0.000377614046292741,0.004059346983337952
mortality_rate,county,0,male,45-64,0.010734153637707413,0.0036287047550644523,0.022908770661527304
mortality_rate,county,0,male,65-74,0.043774363275826796,0.01497139271382411,0.09662452233347166
mortality_rate,county,0,male,75-84,0.11142333171045278,0.0394112395045929,0.26204766261396717
mortality_rate,county,0,male,85+,0.1757396830275976,0.049471529508896606,0.481705137155475
qualifying_event_rate,county,0,male,0-17,0.015995622184875904,0.00973560861904325,0.023951367361456134
qualifying_event_rate,county,0,male,18-44,0.020141198934445815,0.012638446884146629,0.029942272015894344
qualifying_event_rate,county,0,male,45-64,0.029406888989244827,0.019061167534979852,0.04252482656267077
qualifying_event_rate,county,0,male,65-74,0.04328918368041166,0.027088682335158033,0.0641178213858178
qualifying_event_rate,county,0,male,75-84,0.05015906567699247,0.027380712982545123,0.07845721141408588
qualifying_event_rate,county,0,male,85+,0.02391238816622536,0.0,0.06539622271947383
person_years_exposure,county,0,female,0-17,3690.9247650473053,3300.9880365880917,4038.73206540862
person_years_exposure,county,0,female,18-44,5491.306813398665,4921.542220070207,5998.9995392083265
person_years_exposure,county,0,female,45-64,4454.613449383033,4001.124527956599,4882.2377398713
person_years_exposure,county,0,female,65-74,1041.7814577880047,893.5808163195304,1170.2049810505857
person_years_exposure,county,0,female,75-84,285.13484850935515,200.98465345932232,353.8596896974498
person_years_exposure,county,0,female,85+,50.77085253468725,24.968357844388503,74.16126735553583
person_years_exposure,county,0,female,18-64,9945.9202627817,8912.773953932585,10877.580030238574
person_years_exposure,county,0,female,65+,1377.687158832047,1139.649189144556,1583.7092187774306
mortality_rate,county,0,female,0-17,0.002827617494762519,0.0007810088941600879,0.0061384479561678775
mortality_rate,county,0,female,18-44,0.0022336440881562383,0.0005506863576933359,0.004888781395509196
mortality_rate,county,0,female,45-64,0.010838592131475977,0.0037018771952558207,0.022899779948747444
mortality_rate,county,0,female,65-74,0.04820376530924785,0.016628323274723397,0.10418834176331349
mortality_rate,county,0,female,75-84,0.12304255131518414,0.04229364261650928,0.29303731218111334
mortality_rate,county,0,female,85+,0.17010332661635758,0.053843755937769945,0.4523057509196494
qualifying_event_rate,county,0,female,0-17,0.014220637923739225,0.008735693320996519,0.021599240757700814
qualifying_event_rate,county,0,female,18-44,0.020362617972768903,0.01278504805813477,0.030294011275617202
qualifying_event_rate,county,0,female,45-64,0.028011689772382446,0.01805926925978948,0.040642694329737154
qualifying_event_rate,county,0,female,65-74,0.04700932626819797,0.029031248781562963,0.07013942091025892
qualifying_event_rate,county,0,female,75-84,0.052310235408564,0.02643826497116606,0.08482572296092064
qualifying_event_rate,county,0,female,85+,0.022688582612075354,0.0,0.06460414936435899
person_years_exposure,county,1,male,0-17,3846.262627855609,3543.9172413155916,4228.470833747564
person_years_exposure,county,1,male,18-44,6037.732185817703,5569.771813841172,6632.575937575253
person_years_exposure,county,1,male,45-64,4589.555733451634,4227.449405919312,5050.774533820412
person_years_exposure,county,1,male,65-74,1012.3278248841303,860.6574353209774,1151.3216190381909
person_years_exposure,county,1,male,75-84,306.9256770297659,219.78129046245357,377.6441526864369
person_years_exposure,county,1,male,85+,61.14474464812361,30.767344556057413,87.84350956442718
person_years_exposure,county,1,male,18-64,10627.287919269336,9812.791301041827,11682.849374676469
person_years_exposure,county,1,male,65+,1380.39824656202,1116.8775855796212,1603.7332625961576
mortality_rate,county,1,male,0-17,0.0008595752977984412,0.0,0.0021508724138363015
mortality_rate,county,1,male,18-44,0.002018717655468398,0.0005092654884885345,0.004480767982435295
mortality_rate,county,1,male,45-64,0.010710246545046778,0.0038085637158119467,0.02245361329456571
mortality_rate,county,1,male,65-74,0.05492866721620265,0.01906312870794351,0.1205612388123343
mortality_rate,county,1,male,75-84,0.11770874044392698,0.040141110660510584,0.2816625650256987
mortality_rate,county,1,male,85+,0.17420196003410787,0.05501386305572502,0.4778196896567258
qualifying_event_rate,county,1,male,0-17,0.022945239706097128,0.014185227324627372,0.033550271484873814
qualifying_event_rate,county,1,male,18-44,0.028379230170018584,0.018497634181187345,0.04107199741657227
qualifying_event_rate,county,1,male,45-64,0.041314294634330145,0.02737990829735,0.059539670401275537
qualifying_event_rate,county,1,male,65-74,0.06631458153736038,0.043146835540899646,0.09698421411021403
qualifying_event_rate,county,1,male,75-84,0.061666652396916016,0.0329766734998082,0.09575635902887356
qualifying_event_rate,county,1,male,85+,0.03175276596768448,0.0,0.0760655008281948
person_years_exposure,county,1,female,0-17,4012.4712570200163,3699.52645142956,4409.659379234117
person_years_exposure,county,1,female,18-44,5910.616880412823,5463.678881522526,6496.273454655901
person_years_exposure,county,1,female,45-64,4046.3629337016578,3731.18256797695,4455.506713613392
person_years_exposure,county,1,female,65-74,1011.2661035502991,870.1483497036697,1145.7448795246316
person_years_exposure,county,1,female,75-84,311.58803670889233,214.8850348551119,390.6833007955236
person_years_exposure,county,1,female,85+,25.726294242001163,10.889938133529943,40.09559428229053
person_years_exposure,county,1,female,18-64,9956.97981411448,9196.52581746567,10938.5630780934
person_years_exposure,county,1,female,65+,1348.5804345011925,1104.4014886611972,1562.9165582323474
mortality_rate,county,1,female,0-17,0.001229321500775898,0.00023758181497286494,0.0028788056970351383
mortality_rate,county,1,female,18-44,0.0021234300080575346,0.000536274683513898,0.004642486785433316
mortality_rate,county,1,female,45-64,0.01075365317118098,0.0036893401168206614,0.022491901683566805
mortality_rate,county,1,female,65-74,0.04854295380578662,0.01667949400030252,0.10628056693105063
mortality_rate,county,1,female,75-84,0.13115170543758722,0.04642994357560071,0.31049733510651417
mortality_rate,county,1,female,85+,0.14842462881140353,0.026682537951548298,0.4572130010321246
qualifying_event_rate,county,1,female,0-17,0.02343158334729748,0.014695741730567355,0.034482242565567686
qualifying_event_rate,county,1,female,18-44,0.02889885473034075,0.01870016595773459,0.041658922248157336
qualifying_event_rate,county,1,female,45-64,0.04092663130312772,0.026814587590826625,0.058947688102629237
qualifying_event_rate,county,1,female,65-74,0.062114662900768024,0.04033642657479203,0.09034057452029255
qualifying_event_rate,county,1,female,75-84,0.06622663500078613,0.03830306149846136,0.10202362523888175
qualifying_event_rate,county,1,female,85+,0.03336912199050893,0.0,0.10264865875271527
person_years_exposure,county,2,male,0-17,1412.153721252703,1287.0213167471395,1533.9116029848365
person_years_exposure,county,2,male,18-44,2263.9366224257415,2063.947488841579,2457.656533793769
person_years_exposure,county,2,male,45-64,2031.1662558845505,1846.3950881681658,2208.427488075515
person_years_exposure,county,2,male,65-74,621.0638188269588,524.3111009264996,704.9449748719113
person_years_exposure,county,2,male,75-84,216.44951181619274,150.26927777329294,269.34128234920195
person_years_exposure,county,2,male,85+,38.41997235273284,20.719989025862017,54.921462984499136
person_years_exposure,county,2,male,18-64,4295.102878310292,3915.438952355019,4658.642569163569
person_years_exposure,county,2,male,65+,875.9333029958844,710.0934188185805,1021.1399658119792
mortality_rate,county,2,male,0-17,0.0016247760843731928,0.0,0.004268472242480058
mortality_rate,county,2,male,18-44,0.0023411843406954086,0.00042126521837522446,0.005473727534029819
mortality_rate,county,2,male,45-64,0.01149710861670958,0.003436913705946459,0.024766636980712232
mortality_rate,county,2,male,65-74,0.053531193448954344,0.018145798987369448,0.11878967233553896
mortality_rate,county,2,male,75-84,0.10661708080142954,0.034581425168243016,0.2639199094532609
mortality_rate,county,2,male,85+,0.17276037996427918,0.04495004380842969,0.4644507642709483
qualifying_event_rate,county,2,male,0-17,0.028075881783131414,0.01667767967404822,0.04250330615976878
qualifying_event_rate,county,2,male,18-44,0.039773821079747806,0.025402022812460866,0.05721596550673676
qualifying_event_rate,county,2,male,45-64,0.05517701506820896,0.03564088776926989,0.07896911250213667
qualifying_event_rate,county,2,male,65-74,0.07694397495361317,0.04864928841937412,0.11153092714871733
qualifying_event_rate,county,2,male,75-84,0.07024737796404495,0.03776449098574705,0.10966057013376915
qualifying_event_rate,county,2,male,85+,0.04052257991965956,0.0,0.10638947436982278
person_years_exposure,county,2,female,0-17,1412.4501457039125,1284.0618206138322,1535.2136774016471
person_years_exposure,county,2,female,18-44,2081.0962388744124,1897.7329628280531,2263.892642181081
person_years_exposure,county,2,female,45-64,1909.6376654494018,1733.5966687397104,2074.354596254744
person_years_exposure,county,2,female,65-74,737.6660446144386,624.5043921451389,829.1538366993701
person_years_exposure,county,2,female,75-84,230.02693189228538,155.04098844457414,290.1213967057377
person_years_exposure,county,2,female,85+,11.817517797286696,5.029362520927093,18.29688374414025
person_years_exposure,county,2,female,18-64,3990.7339043238144,3633.434540621093,4328.571627404681
person_years_exposure,county,2,female,65+,979.5104943040106,795.8706792508804,1132.4148519300552
mortality_rate,county,2,female,0-17,0.0037117598785316743,0.0006799185370293726,0.008795607486345728
mortality_rate,county,2,female,18-44,0.002624716116765633,0.00046307823905096567,0.006012904636488186
mortality_rate,county,2,female,45-64,0.01162943537106748,0.003307775330708855,0.025566082059665072
mortality_rate,county,2,female,65-74,0.04884253866592428,0.016148045432833026,0.11123888185127981
mortality_rate,county,2,female,75-84,0.1197932861062715,0.0402767941078853,0.2887887788977759
mortality_rate,county,2,female,85+,0.13511370770647815,0.0,0.46582836620764395
qualifying_event_rate,county,2,female,0-17,0.030582522996571024,0.018280409963281622,0.046246900244817236
qualifying_event_rate,county,2,female,18-44,0.04160381084585862,0.026713280170827733,0.06012342936483512
qualifying_event_rate,county,2,female,45-64,0.05742740066762457,0.037913052348508273,0.08207682255786845
qualifying_event_rate,county,2,female,65-74,0.08364691480842694,0.055280653255194316,0.12047847565408064
qualifying_event_rate,county,2,female,75-84,0.07704344703752906,0.04294549982470153,0.11839262723071613
qualifying_event_rate,county,2,female,85+,0.03254748027153958,0.0,0.13945889658221877
person_years_exposure,county,3,male,0-17,1054.8638297540338,987.8868401724019,1132.3866267354374
person_years_exposure,county,3,male,18-44,1380.3318874094468,1295.030945106062,1481.2556186516101
person_years_exposure,county,3,male,45-64,1389.4288068462236,1298.5317431269104,1494.6489127712568
person_years_exposure,county,3,male,65-74,345.10148758493284,292.6919066519962,389.0206260304186
person_years_exposure,county,3,male,75-84,113.58695779057253,80.08638014481635,139.03565962415846
person_years_exposure,county,3,male,85+,20.85477867370995,9.668118516277973,32.426099017920684
person_years_exposure,county,3,male,18-64,2769.7606942556704,2596.2852659799432,2971.967109120492
person_years_exposure,county,3,male,65+,479.5432240492153,388.89112787422766,551.4289086558481
mortality_rate,county,3,male,0-17,0.0012109086632516755,0.0,0.0037421339899815094
mortality_rate,county,3,male,18-44,0.0021617168638696322,0.0,0.0057505119699878685
mortality_rate,county,3,male,45-64,0.012809824984231704,0.0036354266058975598,0.028229460140205588
mortality_rate,county,3,male,65-74,0.05107924407890152,0.01580349757971677,0.12078916767068734
mortality_rate,county,3,male,75-84,0.10386856715973035,0.030380801681960532,0.258750624745919
mortality_rate,county,3,male,85+,0.1740549705284657,0.03404387229183029,0.5184222623377596
qualifying_event_rate,county,3,male,0-17,0.025641083521469155,0.014265240197822757,0.03952318851045182
qualifying_event_rate,county,3,male,18-44,0.0403656568437676,0.024970379303735517,0.05898736012228536
qualifying_event_rate,county,3,male,45-64,0.05411806299085116,0.03429885365785314,0.07844570191905234
qualifying_event_rate,county,3,male,65-74,0.07558714054256986,0.04512995509568434,0.11414612338118658
qualifying_event_rate,county,3,male,75-84,0.05962331159479344,0.022640564462303572,0.10514297311722594
qualifying_event_rate,county,3,male,85+,0.03873105085170311,0.0,0.12369963728735511
person_years_exposure,county,3,female,0-17,1032.881992528204,964.6718198723199,1109.428652982538
person_years_exposure,county,3,female,18-44,1582.5117046548744,1483.882489459524,1696.1109246499152
person_years_exposure,county,3,female,45-64,1378.5854452290503,1287.38471434938,1482.2976091395471
person_years_exposure,county,3,female,65-74,319.438609418962,274.9727886440718,355.5138742487667
person_years_exposure,county,3,female,75-84,151.29323262137802,103.99455120813613,187.69828203746724
person_years_exposure,county,3,female,85+,26.626432945643707,12.779357457705824,40.95509701627509
person_years_exposure,county,3,female,18-64,2961.0971498839244,2778.909169607886,3174.386260053634
person_years_exposure,county,3,female,65+,497.35827498598377,396.67482052725444,574.9561851024565
mortality_rate,county,3,female,0-17,0.0013326448265215682,0.0,0.003910162879523946
mortality_rate,county,3,female,18-44,0.0024560442356081303,0.0,0.006106595140106015
mortality_rate,county,3,female,45-64,0.012275164618786737,0.003439242350814577,0.027154710962732167
mortality_rate,county,3,female,65-74,0.04984774491269978,0.014507754038725272,0.11688617369805415
mortality_rate,county,3,female,75-84,0.1173417862312171,0.03607858516203763,0.293476423447855
mortality_rate,county,3,female,85+,0.15544060836982151,0.029639082971687505,0.453184205902755
qualifying_event_rate,county,3,female,0-17,0.027859031922171793,0.01572204832542482,0.04284491188346033
qualifying_event_rate,county,3,female,18-44,0.04158256448152424,0.026050267140274374,0.06078955943224939
qualifying_event_rate,county,3,female,45-64,0.05429223860930547,0.034717060841130055,0.0789058365995715
qualifying_event_rate,county,3,female,65-74,0.07766551227497993,0.04464007868746519,0.11489741026407234
qualifying_event_rate,county,3,female,75-84,0.06348562832767334,0.027760710583999176,0.10545663440851584
qualifying_event_rate,county,3,female,85+,0.04491258447365353,0.0,0.12499884047063346
person_years_exposure,county,4,male,0-17,1686.2438321167963,1511.8342526762615,1886.0133540726767
person_years_exposure,county,4,male,18-44,2451.0487030150107,2194.619943750878,2731.6254302231587
person_years_exposure,county,4,male,45-64,2539.0472952888545,2276.4050722141824,2835.218169605327
person_years_exposure,county,4,male,65-74,774.5704437720972,651.1151104472477,895.5180185870474
person_years_exposure,county,4,male,75-84,303.6345620683681,216.22981011889294,380.87626255402523
person_years_exposure,county,4,male,85+,33.9929315409932,14.433733713707197,53.9735049290596
person_years_exposure,county,4,male,18-64,4990.095998303865,4467.092850678385,5564.823908954278
person_years_exposure,county,4,male,65+,1112.1979373814584,897.2864906555269,1319.0472980123811
mortality_rate,county,4,male,0-17,0.0019864323956014875,0.0,0.00514467398898304
mortality_rate,county,4,male,18-44,0.0027842036519329853,0.00042842856655277676,0.006432248846903934
mortality_rate,county,4,male,45-64,0.011706993182109427,0.003778338844146202,0.02550617378143608
mortality_rate,county,4,male,65-74,0.05287977495545846,0.017784751082926476,0.11999302962009054
mortality_rate,county,4,male,75-84,0.10852577230490405,0.03865202826507715,0.2692723424340809
mortality_rate,county,4,male,85+,0.14510072496319093,0.0338074432436181,0.4361825622456656
qualifying_event_rate,county,4,male,0-17,0.02213337413851243,0.012734245693756025,0.03436251060687838
qualifying_event_rate,county,4,male,18-44,0.031027427233244746,0.019512101027940047,0.04645528818237394
qualifying_event_rate,county,4,male,45-64,0.04309179650887627,0.027727226789465726,0.06260340796851636
qualifying_event_rate,county,4,male,65-74,0.06223711689182916,0.038878997116951655,0.09242879135831983
qualifying_event_rate,county,4,male,75-84,0.06360191134145807,0.0351771680969958,0.0998974954326453
qualifying_event_rate,county,4,male,85+,0.026920489646186544,0.0,0.08332121221859759
person_years_exposure,county,4,female,0-17,1571.200307887799,1405.1077757326304,1755.327719222801
person_years_exposure,county,4,female,18-44,2307.4155713597124,2059.75007128273,2573.7683341597935
person_years_exposure,county,4,female,45-64,2611.9548983594386,2340.1203918858855,2918.4299649990066
person_years_exposure,county,4,female,65-74,761.9854118367588,646.9821582241096,873.1738710006531
person_years_exposure,county,4,female,75-84,199.62524639682658,135.8627520807651,252.79101424746165
person_years_exposure,county,4,female,85+,13.711545372983077,6.037811213502157,21.107567009920775
person_years_exposure,county,4,female,18-64,4919.3704697191515,4400.653659379147,5492.393701557035
person_years_exposure,county,4,female,65+,975.3222036065685,799.0246186652398,1141.750397176425
mortality_rate,county,4,female,0-17,0.0031934681401286427,0.0005961078993342769,0.007655147907920421
mortality_rate,county,4,female,18-44,0.0025588354990257432,0.0004292625468503565,0.005895412119308253
mortality_rate,county,4,female,45-64,0.012388761666242601,0.003979579654111365,0.02673030384895345
mortality_rate,county,4,female,65-74,0.049007244208174545,0.016220329373434234,0.11114522575706623
mortality_rate,county,4,female,75-84,0.11632858705076457,0.03767971447800316,0.2891761814077297
mortality_rate,county,4,female,85+,0.16684233158549575,0.035591525970126416,0.5356491361740954
qualifying_event_rate,county,4,female,0-17,0.023338484221051083,0.013835513403986371,0.03574589841036602
qualifying_event_rate,county,4,female,18-44,0.031163112051647953,0.0191226665013271,0.04614715078737376
qualifying_event_rate,county,4,female,45-64,0.039331995549397335,0.025505341715034883,0.05739642228804048
qualifying_event_rate,county,4,female,65-74,0.05659941649478633,0.035134156880876816,0.08490942206828385
qualifying_event_rate,county,4,female,75-84,0.06862572009199727,0.035860530838198526,0.10899351038503226
qualifying_event_rate,county,4,female,85+,0.03518424472031586,0.0,0.1332221015313508
person_years_exposure,county,5,male,0-17,710.9456913531664,622.2204007173309,800.9007878706446
person_years_exposure,county,5,male,18-44,1078.1664471846316,987.6234019657912,1158.8213543798174
person_years_exposure,county,5,male,45-64,1764.883374187026,1602.1611957725484,1924.6853999494563
person_years_exposure,county,5,male,65-74,487.9413703241844,408.0182450309249,560.2452167897225
person_years_exposure,county,5,male,75-84,145.2537841607355,96.90174968505725,191.6017454896332
person_years_exposure,county,5,male,85+,35.258214092128135,4.89389783108898,106.64117971962092
person_years_exposure,county,5,male,18-64,2843.0498213716573,2596.677056935372,3066.924607968026
person_years_exposure,county,5,male,65+,668.453368577048,517.9691520585202,844.242770165845
mortality_rate,county,5,male,0-17,0.0079625147981289,0.0013580139963141498,0.019144840787714723
mortality_rate,county,5,male,18-44,0.002334391938391433,0.0,0.006291232386582542
mortality_rate,county,5,male,45-64,0.011704584486788268,0.0033925749655140643,0.026394951123182162
mortality_rate,county,5,male,65-74,0.04780679065449591,0.01429947415247292,0.11313903771076286
mortality_rate,county,5,male,75-84,0.10799723405696295,0.03184486503953617,0.27073830907530144
mortality_rate,county,5,male,85+,0.13584026310081768,0.0,0.5313025745791955
qualifying_event_rate,county,5,male,0-17,0.02788819748840274,0.014711048365591117,0.04360688790079301
qualifying_event_rate,county,5,male,18-44,0.042322553328517996,0.025531523935724623,0.0636941539785539
qualifying_event_rate,county,5,male,45-64,0.056354146426000784,0.03695271588100233,0.08144999931861531
qualifying_event_rate,county,5,male,65-74,0.06441058337638092,0.03920544648515206,0.09589420344635399
qualifying_event_rate,county,5,male,75-84,0.0673180692297567,0.03200380612230935,0.11233290077878176
qualifying_event_rate,county,5,male,85+,0.026829565309947418,0.0,0.11029615387401943
person_years_exposure,county,5,female,0-17,778.1937094106711,714.7134371866136,837.0663393590963
person_years_exposure,county,5,female,18-44,1044.9960052592908,961.9664630679409,1119.6952737538243
person_years_exposure,county,5,female,45-64,1678.2752937865582,1520.1361746375603,1831.865890433724
person_years_exposure,county,5,female,65-74,416.31148743153557,349.6415851295322,478.386178946041
person_years_exposure,county,5,female,75-84,134.22844577498992,88.33270786084672,173.09793257139506
person_years_exposure,county,5,female,85+,15.192975152650114,5.70767152138692,26.263745670449882
person_years_exposure,county,5,female,18-64,2723.271299045849,2492.951563941494,2942.6086581907807
person_years_exposure,county,5,female,65+,565.7329083591756,450.74733893564365,667.6903638235907
mortality_rate,county,5,female,0-17,0.0037997309817283014,0.0,0.009732741495625577
mortality_rate,county,5,female,18-44,0.005611675320065469,0.0009296885347092898,0.013556694307617856
mortality_rate,county,5,female,45-64,0.012715632596307556,0.0037111205656978788,0.028094452704793712
mortality_rate,county,5,female,65-74,0.04805529414423726,0.01419015720945243,0.11334658567780215
mortality_rate,county,5,female,75-84,0.11784773067503174,0.036567015986870455,0.30033674721360903
mortality_rate,county,5,female,85+,0.14923257503746365,0.0,0.5432983557590237
qualifying_event_rate,county,5,female,0-17,0.032692361147074835,0.018321247138517585,0.051469968949616696
qualifying_event_rate,county,5,female,18-44,0.04401909831494578,0.02685511395828505,0.06648022332672747
qualifying_event_rate,county,5,female,45-64,0.05096515563221061,0.03308086926363822,0.07394721461445222
qualifying_event_rate,county,5,female,65-74,0.08243963437060957,0.04980010305173851,0.12139742847021893
qualifying_event_rate,county,5,female,75-84,0.06996324359251538,0.03307117396648432,0.11797081872962249
qualifying_event_rate,county,5,female,85+,0.03873453584892589,0.0,0.14404300929433853
person_years_exposure,county,6,male,0-17,2032.8347808728013,1822.7143855542568,2272.7996142603406
person_years_exposure,county,6,male,18-44,2805.730158357763,2506.374673678712,3125.2473665503894
person_years_exposure,county,6,male,45-64,2697.9245591323815,2419.1439977277287,3018.9710774977216
person_years_exposure,county,6,male,65-74,722.7479048105193,608.0200972380942,837.8410528116829
person_years_exposure,county,6,male,75-84,209.5069658790109,147.3496643137799,263.8050293248871
person_years_exposure,county,6,male,85+,41.59482821532112,19.050342985939263,64.75955258004775
person_years_exposure,county,6,male,18-64,5503.654717490144,4929.571360747571,6144.730308229967
person_years_exposure,county,6,male,65+,973.8496989048514,787.6372090911607,1155.275367278903
mortality_rate,county,6,male,0-17,0.0019367101329600613,0.0,0.0046980913904059235
mortality_rate,county,6,male,18-44,0.002675537387349419,0.0006302948723625488,0.0060581177295294525
mortality_rate,county,6,male,45-64,0.011681071040635291,0.003780980754304472,0.024872149133761588
mortality_rate,county,6,male,65-74,0.05084526330303323,0.01670950836587472,0.11454006162171948
mortality_rate,county,6,male,75-84,0.11097670996532533,0.03721004022998381,0.27546348198828685
mortality_rate,county,6,male,85+,0.15667066749778813,0.04327994816864374,0.448667334982354
qualifying_event_rate,county,6,male,0-17,0.026913377188115588,0.016187631369970444,0.040068534970570543
qualifying_event_rate,county,6,male,18-44,0.037392804964959475,0.02418276405519481,0.054821045950996024
qualifying_event_rate,county,6,male,45-64,0.05186875511680441,0.03396777222572324,0.0747024962745831
qualifying_event_rate,county,6,male,65-74,0.07261024741466268,0.046352711340481995,0.10651696917978716
qualifying_event_rate,county,6,male,75-84,0.07671541022198096,0.04053078233476404,0.12011407803550435
qualifying_event_rate,county,6,male,85+,0.03409920135166604,0.0,0.09253280207942303
person_years_exposure,county,6,female,0-17,2036.0642234701158,1825.5201619916131,2273.7030807993006
person_years_exposure,county,6,female,18-44,2787.296276088245,2492.617179767502,3110.119724696671
person_years_exposure,county,6,female,45-64,2478.59593311845,2221.7542679251637,2771.7836875316616
person_years_exposure,county,6,female,65-74,756.4034948613689,644.7805792375207,867.9913105037339
person_years_exposure,county,6,female,75-84,268.73742769078416,186.44106150150648,339.7704698724813
person_years_exposure,county,6,female,85+,30.404132122498893,14.203656446207251,45.55406900449601
person_years_exposure,county,6,female,18-64,5265.892209206695,4717.902012038873,5879.451375419189
person_years_exposure,county,6,female,65+,1055.545054674652,852.1279602772195,1240.2134123381245
mortality_rate,county,6,female,0-17,0.003230324643831912,0.0004961455877234807,0.007622820323292983
mortality_rate,county,6,female,18-44,0.002565525225142447,0.0003882925648780257,0.005891195980874481
mortality_rate,county,6,female,45-64,0.011710416464890126,0.0037880258710490536,0.0250859793028248
mortality_rate,county,6,female,65-74,0.047589042274707206,0.016076152311461925,0.10700053225464996
mortality_rate,county,6,female,75-84,0.12303080905938861,0.0426432405176476,0.30041892368431383
mortality_rate,county,6,female,85+,0.14797783073890272,0.030350757738972042,0.42348457830241065
qualifying_event_rate,county,6,female,0-17,0.028450358856448033,0.017383414929674535,0.042420627276820125
qualifying_event_rate,county,6,female,18-44,0.037669605900150095,0.024486250946461115,0.054656558236157955
qualifying_event_rate,county,6,female,45-64,0.04683654388210126,0.030892320682184633,0.06784925536730227
qualifying_event_rate,county,6,female,65-74,0.06691650297439176,0.042058563093497335,0.09778683801145478
qualifying_event_rate,county,6,female,75-84,0.08300131046197032,0.04795556829787019,0.1282134295729678
qualifying_event_rate,county,6,female,85+,0.04145274877865731,0.0,0.10987074432135277
person_years_exposure,county,7,male,0-17,1043.0486983368814,950.366861481273,1134.8956820195542
person_years_exposure,county,7,male,18-44,1448.0858333702263,1320.5839593598441,1576.8075297259927
person_years_exposure,county,7,male,45-64,1230.1180159425892,1117.2063239241863,1336.8012873085988
person_years_exposure,county,7,male,65-74,423.5168628298716,357.2357882333698,480.80831381984194
person_years_exposure,county,7,male,75-84,102.80182230901897,70.2443546929868,129.51829672205807
person_years_exposure,county,7,male,85+,6.791060536480268,2.1222856524662332,11.265455241583398
person_years_exposure,county,7,male,18-64,2678.2038493128157,2440.5740350921124,2910.0156804801354
person_years_exposure,county,7,male,65+,533.1097456753708,438.1639464697639,615.0766805050098
mortality_rate,county,7,male,0-17,0.0016173853832902564,0.0,0.004751122970892382
mortality_rate,county,7,male,18-44,0.0022453536722907164,0.0,0.005587676853592456
mortality_rate,county,7,male,45-64,0.011904583770792811,0.003165608516328001,0.025960474260166906
mortality_rate,county,7,male,65-74,0.05106812798520411,0.015671633762261744,0.11739349206006175
mortality_rate,county,7,male,75-84,0.10130685664850142,0.029791832271387167,0.2524105359654902
mortality_rate,county,7,male,85+,0.16456397292840733,0.0,0.928209167981215
qualifying_event_rate,county,7,male,0-17,0.020448338908104685,0.011078172792504792,0.03205401217443368
qualifying_event_rate,county,7,male,18-44,0.029470300814080443,0.017385023884093014,0.044281517128434894
qualifying_event_rate,county,7,male,45-64,0.041513412540707284,0.025108691541266746,0.061315416455289096
qualifying_event_rate,county,7,male,65-74,0.05760715358975522,0.03269761063560397,0.08708648034573127
qualifying_event_rate,county,7,male,75-84,0.052702919609432304,0.01726672688921011,0.0960875455426836
qualifying_event_rate,county,7,male,85+,0.02763863795577707,0.0,0.1766432743122921
person_years_exposure,county,7,female,0-17,1061.9020465392114,965.9106009667778,1157.6162994506758
person_years_exposure,county,7,female,18-44,1413.6578827098028,1285.2528215871441,1540.221513912754
person_years_exposure,county,7,female,45-64,1314.3270935135538,1193.0177023311267,1429.9829816901442
person_years_exposure,county,7,female,65-74,391.2887433895916,332.47423776216084,444.1828976788684
person_years_exposure,county,7,female,75-84,104.3254683390143,69.35759525066,134.03558117918683
person_years_exposure,county,7,female,85+,10.761573414059624,3.8065500357052753,17.46358015396255
person_years_exposure,county,7,female,18-64,2727.9849762233566,2482.2450648521653,2967.7964741160663
person_years_exposure,county,7,female,65+,506.37578514266556,411.9339881330242,585.4956245957738
mortality_rate,county,7,female,0-17,0.003661527545239952,0.0,0.008972932054741601
mortality_rate,county,7,female,18-44,0.002681706565193202,0.0,0.006636552751314085
mortality_rate,county,7,female,45-64,0.011691314143438936,0.0034918868405928705,0.025676031049078073
mortality_rate,county,7,female,65-74,0.04745280675752803,0.014191809679100352,0.10619823010151366
mortality_rate,county,7,female,75-84,0.12964053467239595,0.04170735665672932,0.3198945989627434
mortality_rate,county,7,female,85+,0.13728070347944987,0.0,0.572711811412247
qualifying_event_rate,county,7,female,0-17,0.022375184211844947,0.012132992297582945,0.035198331511405126
qualifying_event_rate,county,7,female,18-44,0.03114216444360378,0.018569603107617752,0.046071918463479244
qualifying_event_rate,county,7,female,45-64,0.04300951181779743,0.026612886972724906,0.06265195139200291
qualifying_event_rate,county,7,female,65-74,0.06357107393108179,0.036890170511280344,0.09493207304962066
qualifying_event_rate,county,7,female,75-84,0.061060118943254284,0.023860003532657957,0.1067341343622582
qualifying_event_rate,county,7,female,85+,0.02646152726509514,0.0,0.12815109751933096
person_years_exposure,county,8,male,0-17,1062.7010727508773,978.9443647746491,1171.9886584043295
person_years_exposure,county,8,male,18-44,1919.1878062571284,1771.7983062386916,2108.3967431054984
person_years_exposure,county,8,male,45-64,1449.4515381935448,1334.0084036904823,1597.981637101203
person_years_exposure,county,8,male,65-74,369.2066710168487,310.730188178393,421.7068823487397
person_years_exposure,county,8,male,75-84,141.62673867688366,99.03263228742689,175.0241984340378
person_years_exposure,county,8,male,85+,16.991130470625578,7.9102804089344225,27.130781564908492
person_years_exposure,county,8,male,18-64,3368.639344450673,3107.34887845436,3702.3616300262356
person_years_exposure,county,8,male,65+,527.8245401643579,424.5052252664056,616.2767266225136
mortality_rate,county,8,male,0-17,0.0008821859919395909,0.0,0.002897920360799912
mortality_rate,county,8,male,18-44,0.00204606527067333,0.0,0.004957590864181895
mortality_rate,county,8,male,45-64,0.010945344273822547,0.002996127356341036,0.023605644685680847
mortality_rate,county,8,male,65-74,0.05476846240446173,0.016971290543857525,0.12144674459875042
mortality_rate,county,8,male,75-84,0.1151631714160408,0.03646715140337846,0.2765186361807401
mortality_rate,county,8,male,85+,0.2395963504009467,0.06619812799675313,0.6845183786517219
qualifying_event_rate,county,8,male,0-17,0.026235843822786792,0.014778295411496212,0.04053583067382112
qualifying_event_rate,county,8,male,18-44,0.03205059939392401,0.01986747691295696,0.04702799986468767
qualifying_event_rate,county,8,male,45-64,0.046907878388871754,0.029149839210615647,0.06832832982854943
qualifying_event_rate,county,8,male,65-74,0.07389227071626517,0.04420879648874054,0.10897748978133708
qualifying_event_rate,county,8,male,75-84,0.06778185502861986,0.03150303780168353,0.11225040656594162
qualifying_event_rate,county,8,male,85+,0.039852585138951645,0.0,0.13460349751502101
person_years_exposure,county,8,female,0-17,1234.44477072239,1137.4950690936712,1359.5559276068473
person_years_exposure,county,8,female,18-44,1639.7738681389437,1515.7469370046538,1800.3960636629693
person_years_exposure,county,8,female,45-64,1540.0636554665805,1416.90949269147,1695.4781593576733
person_years_exposure,county,8,female,65-74,383.4996298944412,328.11149631296064,434.9259643637559
person_years_exposure,county,8,female,75-84,135.14015925380076,93.19226447046157,169.49074466939547
person_years_exposure,county,8,female,85+,22.159682809519257,10.80423233203146,33.63112360513954
person_years_exposure,county,8,female,18-64,3179.8375236055244,2938.471148126541,3493.6355303949267
person_years_exposure,county,8,female,65+,540.7994719577613,442.1100735700433,628.205362902362
mortality_rate,county,8,female,0-17,0.001281573131112382,0.0,0.0036511512041695797
mortality_rate,county,8,female,18-44,0.0021097254465802153,0.0,0.005243631057065426
mortality_rate,county,8,female,45-64,0.011786114894063147,0.0034185846183745995,0.02531941273672626
mortality_rate,county,8,female,65-74,0.047333688100424,0.014296546835666364,0.10662361468130381
mortality_rate,county,8,female,75-84,0.12387499725057707,0.038952859023536165,0.301721345120933
mortality_rate,county,8,female,85+,0.17996079011866997,0.036079239535567534,0.5119246027474248
qualifying_event_rate,county,8,female,0-17,0.02634028331698634,0.015447830675664053,0.040409033646423356
qualifying_event_rate,county,8,female,18-44,0.03272438780238943,0.02035430758150979,0.04897481286929975
qualifying_event_rate,county,8,female,45-64,0.04681913050722865,0.029755448080656773,0.067808635709141
qualifying_event_rate,county,8,female,65-74,0.06904235024330017,0.04091301926022908,0.10298246266452335
qualifying_event_rate,county,8,female,75-84,0.0722827443948005,0.03249774281350143,0.11970941828783536
qualifying_event_rate,county,8,female,85+,0.039551534687963345,0.0,0.12642530520056744
person_years_exposure,county,9,male,0-17,1570.08842507251,1432.214044083907,1706.4102332042285
person_years_exposure,county,9,male,18-44,2483.914436486068,2263.0141900048798,2699.4144055521847
person_years_exposure,county,9,male,45-64,1917.6181873879304,1744.7172543123593,2080.4930020678785
person_years_exposure,county,9,male,65-74,484.5634938589254,409.67928015202443,550.460701878804
person_years_exposure,county,9,male,75-84,172.7220667359318,120.56994284447768,214.48955661206378
person_years_exposure,county,9,male,85+,26.396703524285776,12.556207489305626,39.92636584271301
person_years_exposure,county,9,male,18-64,4401.532623873998,4010.9679092379797,4778.094300568407
person_years_exposure,county,9,male,65+,683.6822641191429,547.3291179563478,794.7551920695556
mortality_rate,county,9,male,0-17,0.0015956878948612697,0.0,0.004141070042059477
mortality_rate,county,9,male,18-44,0.0023099801202762496,0.00039225962871833136,0.005434922599364123
mortality_rate,county,9,male,45-64,0.011636546457350547,0.0035203876474500405,0.024835683039905132
mortality_rate,county,9,male,65-74,0.05005078510258054,0.016003027793588514,0.11472887393160087
mortality_rate,county,9,male,75-84,0.11097469117346824,0.03703498075071284,0.26856490815040324
mortality_rate,county,9,male,85+,0.17566013869313174,0.04800376831389815,0.5157481908840869
qualifying_event_rate,county,9,male,0-17,0.025431489629735956,0.015232355238236114,0.03875472052257069
qualifying_event_rate,county,9,male,18-44,0.03601131589675146,0.022503816283207672,0.052096565062186115
qualifying_event_rate,county,9,male,45-64,0.050123469006192516,0.032448278224045696,0.07150823270404064
qualifying_event_rate,county,9,male,65-74,0.06864456604237679,0.04110538124133218,0.10079671277818737
qualifying_event_rate,county,9,male,75-84,0.06539752907298062,0.0322977247353638,0.10615816286955748
qualifying_event_rate,county,9,male,85+,0.03482587231638115,0.0,0.1077465950067007
person_years_exposure,county,9,female,0-17,1651.6412837577438,1507.502428255387,1796.902592897909
person_years_exposure,county,9,female,18-44,2205.605998886616,2007.4535476719318,2396.27963742534
person_years_exposure,county,9,female,45-64,1831.1492975002852,1662.920129650956,1987.0448358549465
person_years_exposure,county,9,female,65-74,507.2725132399767,430.32520844496463,574.1585588821124
person_years_exposure,county,9,female,75-84,154.00462435989192,103.6259251193274,195.74062817662724
person_years_exposure,county,9,female,85+,9.681579179882155,3.849140303195957,15.534786486642329
person_years_exposure,county,9,female,18-64,4036.755296386901,3677.7313199936502,4386.806704629893
person_years_exposure,county,9,female,65+,670.9587167797508,546.5440889036298,777.4142083791414
mortality_rate,county,9,female,0-17,0.0036114644315677564,0.000590452588228651,0.00847914489286807
mortality_rate,county,9,female,18-44,0.002661453219869378,0.0004473558695374833,0.006126744044139251
mortality_rate,county,9,female,45-64,0.010841039846996369,0.003223657334549667,0.02395756214837844
mortality_rate,county,9,female,65-74,0.04964288984365695,0.015986104123343198,0.11063948917307051
mortality_rate,county,9,female,75-84,0.1281281893717272,0.04308826017203687,0.31546605223072294
mortality_rate,county,9,female,85+,0.14495112775784483,0.0,0.5638840406779072
qualifying_event_rate,county,9,female,0-17,0.02747799386513562,0.01640778171445301,0.04163116009173243
qualifying_event_rate,county,9,female,18-44,0.037815913103403834,0.02400815194391724,0.05527723681845701
qualifying_event_rate,county,9,female,45-64,0.05143307580303147,0.033721797449309504,0.07435621142352265
qualifying_event_rate,county,9,female,65-74,0.07748562754947014,0.04928448397598831,0.11154678440011058
qualifying_event_rate,county,9,female,75-84,0.07252642855250326,0.03691839711882866,0.118762969951801
qualifying_event_rate,county,9,female,85+,0.030723260920207395,0.0,0.152716510911819
person_years_exposure,county,10,male,0-17,1056.5231176539266,943.3181416571006,1155.4061645378517
person_years_exposure,county,10,male,18-44,1745.2552928627604,1564.7124371538323,1905.362458136595
person_years_exposure,county,10,male,45-64,1551.224929369694,1389.85785438948,1699.0444025923182
person_years_exposure,county,10,male,65-74,399.3868354693316,343.5550944250296,448.0355217169873
person_years_exposure,county,10,male,75-84,120.95725627581157,86.94835888541647,148.61855680979542
person_years_exposure,county,10,male,85+,8.582830166029193,3.152834898247977,13.89622577550652
person_years_exposure,county,10,male,18-64,3296.4802222324543,2950.508188284562,3606.63569058834
person_years_exposure,county,10,male,65+,528.9269219111724,438.54152118383837,603.5001180732029
mortality_rate,county,10,male,0-17,0.001501091148409199,0.0,0.00411713871381241
mortality_rate,county,10,male,18-44,0.0018778592240360084,0.0,0.00468047620426191
mortality_rate,county,10,male,45-64,0.010800436437549762,0.003132645634702809,0.023545812247196422
mortality_rate,county,10,male,65-74,0.04466121144509907,0.013619389147471031,0.10037791502790959
mortality_rate,county,10,male,75-84,0.10340770578857415,0.030625564845989234,0.2539728518002167
mortality_rate,county,10,male,85+,0.14848478850077795,0.0,0.5860126745671759
qualifying_event_rate,county,10,male,0-17,0.03049560902246303,0.017644983054889533,0.046520199600851415
qualifying_event_rate,county,10,male,18-44,0.03799918904261449,0.023988959316883007,0.05621064622786364
qualifying_event_rate,county,10,male,45-64,0.054481179474328394,0.03551041912503954,0.07842819853084891
qualifying_event_rate,county,10,male,65-74,0.07897885096180415,0.04812757657644658,0.11658401068563139
qualifying_event_rate,county,10,male,75-84,0.0844396257659635,0.04186493642853542,0.13369005431283137
qualifying_event_rate,county,10,male,85+,0.03849396210992085,0.0,0.1693304005858009
person_years_exposure,county,10,female,0-17,1110.4121646380886,996.0703101656635,1215.0781217519116
person_years_exposure,county,10,female,18-44,1517.1451824901112,1359.6440763531502,1659.2039424931247
person_years_exposure,county,10,female,45-64,1506.441870718938,1350.2152445167017,1649.9473582218702
person_years_exposure,county,10,female,65-74,509.8287833298718,434.099489214028,573.9344202903765
person_years_exposure,county,10,female,75-84,172.21338937069368,121.33154205728333,212.59581385381165
person_years_exposure,county,10,female,85+,19.131810128656063,8.96318872655812,29.112596217539526
person_years_exposure,county,10,female,18-64,3023.5870532090494,2707.7132768295814,3305.135084461669
person_years_exposure,county,10,female,65+,701.1739828292216,571.0990826288341,806.960518376906
mortality_rate,county,10,female,0-17,0.0028393349169383315,0.0,0.00707415167021214
mortality_rate,county,10,female,18-44,0.0022104118074552552,0.0,0.005449652532995981
mortality_rate,county,10,female,45-64,0.011379191044105185,0.0031567257606908393,0.025329989282103088
mortality_rate,county,10,female,65-74,0.049335268340818236,0.015746287227757293,0.11228877862780395
mortality_rate,county,10,female,75-84,0.11900112707712991,0.039519445587770735,0.28386567823948633
mortality_rate,county,10,female,85+,0.16346563911270334,0.03423329842333384,0.5042036233556618
qualifying_event_rate,county,10,female,0-17,0.027634815371688003,0.01589423402353016,0.04210252474858385
qualifying_event_rate,county,10,female,18-44,0.03823950758037834,0.02338258704127067,0.056271896733003396
qualifying_event_rate,county,10,female,45-64,0.05243691482420169,0.03396063041749601,0.07564069109234259
qualifying_event_rate,county,10,female,65-74,0.08363674963238182,0.05295850553879772,0.1208675580753588
qualifying_event_rate,county,10,female,75-84,0.09207555715514157,0.04982755407825207,0.14191599752450165
qualifying_event_rate,county,10,female,85+,0.03844695289979579,0.0,0.12223573874195658
person_years_exposure,county,11,male,0-17,2979.7159614508078,2745.9672463480756,3279.675906225624
person_years_exposure,county,11,male,18-44,4046.9895485875913,3739.67395311441,4448.787663503563
person_years_exposure,county,11,male,45-64,4173.765918918344,3845.8427825739464,4599.658199304782
person_years_exposure,county,11,male,65-74,1153.0249587848477,981.2609503798079,1308.1166646878671
person_years_exposure,county,11,male,75-84,345.223471095269,245.51867505863584,425.40362286297506
person_years_exposure,county,11,male,85+,39.095684754540244,18.82681499162174,58.20982987538313
person_years_exposure,county,11,male,18-64,8220.755467505936,7592.082432653687,9037.314266037214
person_years_exposure,county,11,male,65+,1537.3441146346572,1256.911518682369,1776.7923522130907
mortality_rate,county,11,male,0-17,0.0008739101108758448,0.0,0.002282892080843511
mortality_rate,county,11,male,18-44,0.002126387688103452,0.00047730767698951946,0.00471795288033939
mortality_rate,county,11,male,45-64,0.01124724296641093,0.0037341738033348443,0.023183143404409613
mortality_rate,county,11,male,65-74,0.05454572136173128,0.019630104038114153,0.11893424985888877
mortality_rate,county,11,male,75-84,0.1128851999471029,0.040745811229888476,0.26130886758025146
mortality_rate,county,11,male,85+,0.16544318944951192,0.03995864647699825,0.46924183389639795
qualifying_event_rate,county,11,male,0-17,0.025626230052334005,0.01584971366440944,0.037809800852532924
qualifying_event_rate,county,11,male,18-44,0.03207812193734412,0.02092405465825622,0.046307172993682186
qualifying_event_rate,county,11,male,45-64,0.04664376957481662,0.030704639950191782,0.0664638380113959
qualifying_event_rate,county,11,male,65-74,0.07294270128827239,0.04802058590913722,0.10364257699281632
qualifying_event_rate,county,11,male,75-84,0.06725268002818965,0.03921290472517853,0.10056305938865256
qualifying_event_rate,county,11,male,85+,0.03506638223322545,0.0,0.09461639145694925
person_years_exposure,county,11,female,0-17,3121.947087520654,2876.998541464506,3436.2719629926128
person_years_exposure,county,11,female,18-44,4136.293290792239,3820.778443375465,4544.3928131805105
person_years_exposure,county,11,female,45-64,4206.0109496367295,3872.6830924567744,4637.187108516283
person_years_exposure,county,11,female,65-74,1198.4593285639348,1034.8592721310285,1350.5285885081473
person_years_exposure,county,11,female,75-84,317.1655864428899,222.84607772299262,394.10359140626963
person_years_exposure,county,11,female,85+,41.27723214393578,21.008647501648536,59.76974357500581
person_years_exposure,county,11,female,18-64,8342.304240428968,7700.541745261882,9174.906715781266
person_years_exposure,county,11,female,65+,1556.9021471507606,1283.7147802420368,1791.6986325973912
mortality_rate,county,11,female,0-17,0.0012125908688146384,0.0,0.002964227556499515
mortality_rate,county,11,female,18-44,0.002160987128837758,0.0004710331562900059,0.004812731725862227
mortality_rate,county,11,female,45-64,0.011452406065814052,0.0038795014305901196,0.023789133701720727
mortality_rate,county,11,female,65-74,0.04782874096356293,0.01661099105085312,0.10516788024087614
mortality_rate,county,11,female,75-84,0.12560883414232482,0.043241569678179693,0.29683322156978825
mortality_rate,county,11,female,85+,0.1630640969554791,0.04636565824165269,0.4401600692582613
qualifying_event_rate,county,11,female,0-17,0.02630069398940663,0.01643528600307509,0.03838853502451284
qualifying_event_rate,county,11,female,18-44,0.032452464252248396,0.020985434635021345,0.046706218890901145
qualifying_event_rate,county,11,female,45-64,0.04614779820010077,0.030543555709042755,0.0657209623798562
qualifying_event_rate,county,11,female,65-74,0.06858374102460425,0.044688093361439626,0.098263000261286
qualifying_event_rate,county,11,female,75-84,0.07223447528661063,0.04163121478473764,0.10979093927643295
qualifying_event_rate,county,11,female,85+,0.03935573976756585,0.0,0.09998710672662917
person_years_exposure,county,12,male,0-17,1745.0865046498338,1563.0582106637885,1907.3895952606324
person_years_exposure,county,12,male,18-44,2534.3619151181856,2269.265651142792,2770.550285128264
person_years_exposure,county,12,male,45-64,2299.5814139648996,2062.0553186641714,2521.1014050796275
person_years_exposure,county,12,male,65-74,678.820643389354,587.023901986192,760.5299713683751
person_years_exposure,county,12,male,75-84,214.0837316955912,156.89586600231772,261.0649675805058
person_years_exposure,county,12,male,85+,14.764501972754642,5.859571270891322,22.805249076388428
person_years_exposure,county,12,male,18-64,4833.943329083086,4329.091437102929,5288.7617923427
person_years_exposure,county,12,male,65+,907.6688770576999,759.7026393846293,1034.5880789365622
mortality_rate,county,12,male,0-17,0.0014726056341061767,0.0,0.00391515167935396
mortality_rate,county,12,male,18-44,0.001797558602551662,0.0003443598433755053,0.0043663980024212365
mortality_rate,county,12,male,45-64,0.010776842434019721,0.003349092435680565,0.022572629105936864
mortality_rate,county,12,male,65-74,0.04501543828730625,0.014384146385487103,0.09880430119398177
mortality_rate,county,12,male,75-84,0.10391258662963926,0.03257294764182987,0.24502592191742248
mortality_rate,county,12,male,85+,0.14451862014294325,0.0,0.48379131369498585
qualifying_event_rate,county,12,male,0-17,0.027588062001064187,0.016537734323548804,0.04127757138376366
qualifying_event_rate,county,12,male,18-44,0.034356874362274935,0.021283807346566593,0.05078027609944896
qualifying_event_rate,county,12,male,45-64,0.049810355943217914,0.03321355359198734,0.07121980683863115
qualifying_event_rate,county,12,male,65-74,0.07234527586765631,0.0448907416222062,0.1050099905219813
qualifying_event_rate,county,12,male,75-84,0.0782155064598341,0.042667142381472706,0.12030471948632732
qualifying_event_rate,county,12,male,85+,0.035932624272394346,0.0,0.1334774384802844
person_years_exposure,county,12,female,0-17,1711.6336952547554,1535.0234471000406,1870.9293677404173
person_years_exposure,county,12,female,18-44,2378.311318942136,2128.7636945236372,2598.0747067290267
person_years_exposure,county,12,female,45-64,2219.773460419411,1994.008285922653,2436.348035586358
person_years_exposure,county,12,female,65-74,574.6450592772965,491.4261245533652,647.177692151924
person_years_exposure,county,12,female,75-84,194.24010904009137,136.7230637319164,241.1626063557237
person_years_exposure,county,12,female,85+,26.02074197672013,13.93340677636952,38.14633450927957
person_years_exposure,county,12,female,18-64,4598.084779361547,4118.277322411705,5033.132830839725
person_years_exposure,county,12,female,65+,794.905910294108,653.3536818381436,919.7691769358627
mortality_rate,county,12,female,0-17,0.002847870857102103,0.0005597662944431531,0.0066180457947995
mortality_rate,county,12,female,18-44,0.002245224881818728,0.00040930149531745387,0.005059450727857394
mortality_rate,county,12,female,45-64,0.011497337377021298,0.0036433071542904417,0.02506557923486028
mortality_rate,county,12,female,65-74,0.05075217179154022,0.017064522750256807,0.11396443746360975
mortality_rate,county,12,female,75-84,0.11383089764439729,0.036667981269195474,0.27540601027298794
mortality_rate,county,12,female,85+,0.17595254247761966,0.03880599428700755,0.462963660362126
qualifying_event_rate,county,12,female,0-17,0.024547659746933383,0.014707845851805098,0.037006059378410526
qualifying_event_rate,county,12,female,18-44,0.03481309871391333,0.022307621129624,0.050953666430776014
qualifying_event_rate,county,12,female,45-64,0.04786546473133105,0.030996662997792412,0.0684202270371107
qualifying_event_rate,county,12,female,65-74,0.07764415641589292,0.048639453903748825,0.11211979428090572
qualifying_event_rate,county,12,female,75-84,0.08216185745612005,0.04490749177166659,0.12586694926915734
qualifying_event_rate,county,12,female,85+,0.038109355594092405,0.0,0.1088251700603119
person_years_exposure,county,13,male,0-17,1127.5932108067605,1026.3405320631123,1227.079662528835
person_years_exposure,county,13,male,18-44,1779.250406655437,1623.3434433025986,1937.2904297902166
person_years_exposure,county,13,male,45-64,1440.2845187624482,1307.4836922483942,1563.8232217208376
person_years_exposure,county,13,male,65-74,452.2239985293939,378.6490158724383,511.461999182682
person_years_exposure,county,13,male,75-84,168.89882273055892,117.57574929971247,211.39455223800562
person_years_exposure,county,13,male,85+,25.365841065318534,11.148660498123903,39.10963095197713
person_years_exposure,county,13,male,18-64,3219.5349254178855,2932.0119701797935,3491.5995325641143
person_years_exposure,county,13,male,65+,646.4886623252714,517.9049054070396,750.9712533866644
mortality_rate,county,13,male,0-17,0.0016277583096095346,0.0,0.004598085247397697
mortality_rate,county,13,male,18-44,0.002349677171274977,0.0,0.005811052335604652
mortality_rate,county,13,male,45-64,0.01143844091940644,0.0034328745529948568,0.024568051602086756
mortality_rate,county,13,male,65-74,0.05119931260894682,0.016871369308739267,0.11710781567827822
mortality_rate,county,13,male,75-84,0.1181169953642007,0.038302819762487214,0.28866419424019174
mortality_rate,county,13,male,85+,0.16241071481464034,0.03080123950562001,0.4907140217006781
qualifying_event_rate,county,13,male,0-17,0.021314583537004658,0.011692778510280204,0.03383668601077981
qualifying_event_rate,county,13,male,18-44,0.03064936881034193,0.018787385349012246,0.045233039996021525
qualifying_event_rate,county,13,male,45-64,0.04276702199120102,0.02709852902862275,0.06231671053608502
qualifying_event_rate,county,13,male,65-74,0.05979000010521192,0.0358231387525613,0.09107235804446488
qualifying_event_rate,county,13,male,75-84,0.05772518343894376,0.026975283637809835,0.09460267966885422
qualifying_event_rate,county,13,male,85+,0.03012231546847091,0.0,0.09838973530285801
person_years_exposure,county,13,female,0-17,1209.5295646096295,1099.81943200927,1315.8822351846932
person_years_exposure,county,13,female,18-44,1655.067670672469,1509.721085613436,1802.8620527254702
person_years_exposure,county,13,female,45-64,1565.3917407528795,1422.8045094262586,1702.921906175539
person_years_exposure,county,13,female,65-74,478.184592810721,405.23127557032547,539.8371517764305
person_years_exposure,county,13,female,75-84,146.09636413509338,97.92598879333998,186.40118834844287
person_years_exposure,county,13,female,85+,14.353900501333872,5.592417325287337,22.799874688321847
person_years_exposure,county,13,female,18-64,3220.4594114253487,2935.553033683468,3500.824240412909
person_years_exposure,county,13,female,65+,638.6348574471483,517.7961683032964,740.0873732304367
mortality_rate,county,13,female,0-17,0.0036909849906735038,0.000257327841909849,0.009477832305435618
mortality_rate,county,13,female,18-44,0.00268823977946004,0.0005526013504699088,0.006643579791023562
mortality_rate,county,13,female,45-64,0.011168081075087172,0.0030956684125356244,0.024156437952183453
mortality_rate,county,13,female,65-74,0.04682566317561744,0.014571186366168914,0.10578230989067675
mortality_rate,county,13,female,75-84,0.13653874862553042,0.04362998838650213,0.33326777200394436
mortality_rate,county,13,female,85+,0.13733346220653297,0.0,0.49167171787228153
qualifying_event_rate,county,13,female,0-17,0.0232048023896865,0.013246093757843528,0.035888635259462814
qualifying_event_rate,county,13,female,18-44,0.03218444255423507,0.019953861985111624,0.04762076189784656
qualifying_event_rate,county,13,female,45-64,0.044299888572394995,0.027921006751951607,0.0652248275131392
qualifying_event_rate,county,13,female,65-74,0.06561086919491903,0.038697726576611205,0.09867487970196459
qualifying_event_rate,county,13,female,75-84,0.06503564189657482,0.03023626638295952,0.10890053155641301
qualifying_event_rate,county,13,female,85+,0.02728107088565163,0.0,0.1145518227031452
person_years_exposure,county,14,male,0-17,1066.2156883008377,970.5063050013266,1159.7181749145425
person_years_exposure,county,14,male,18-44,1416.0207017043776,1289.045683529813,1538.2926301746263
person_years_exposure,county,14,male,45-64,1479.2071503375462,1342.3456350155454,1609.6407673148074
person_years_exposure,county,14,male,65-74,362.26802874110126,306.27183071359184,411.2864175941384
person_years_exposure,county,14,male,75-84,132.3079746621533,90.89871755514444,163.98120244763365
person_years_exposure,county,14,male,85+,22.41312707130997,10.91404052123726,33.467507068748084
person_years_exposure,county,14,male,18-64,2895.227852041924,2637.4672351881904,3146.3894872610936
person_years_exposure,county,14,male,65+,516.9891304745645,413.4954909217297,600.1885789734167
mortality_rate,county,14,male,0-17,0.0015836163179992419,0.0,0.004620155756871537
mortality_rate,county,14,male,18-44,0.0023203365087073025,0.0,0.005813574578035692
mortality_rate,county,14,male,45-64,0.011879655410683166,0.0033852485367852235,0.025901813047468147
mortality_rate,county,14,male,65-74,0.05153858141375936,0.015580193638846548,0.1213772910652837
mortality_rate,county,14,male,75-84,0.10396558495078106,0.033126329318541155,0.25777410019127
mortality_rate,county,14,male,85+,0.16665643251545237,0.031623648318173915,0.49536677297523474
qualifying_event_rate,county,14,male,0-17,0.02331918534196686,0.0128260917976733,0.03594188450201251
qualifying_event_rate,county,14,male,18-44,0.03328315579887756,0.02080686313751907,0.049621109882869475
qualifying_event_rate,county,14,male,45-64,0.046788036896673366,0.02921489405011279,0.06789220811645602
qualifying_event_rate,county,14,male,65-74,0.06512867266568396,0.03733420504711361,0.09880533898384859
qualifying_event_rate,county,14,male,75-84,0.05982835147725,0.024942883223301203,0.10082726743891195
qualifying_event_rate,county,14,male,85+,0.0327301566273196,0.0,0.10732514210747757
person_years_exposure,county,14,female,0-17,941.5816275944497,855.3206941411541,1028.0353833739478
person_years_exposure,county,14,female,18-44,1562.1540982079841,1424.23542342229,1700.3130950652999
person_years_exposure,county,14,female,45-64,1626.1149548547683,1477.7314586838215,1769.7995268043176
person_years_exposure,county,14,female,65-74,520.5659964632733,443.0776004341337,586.436247619388
person_years_exposure,county,14,female,75-84,181.38883863916294,123.22241744182153,226.78014471519225
person_years_exposure,county,14,female,85+,20.39636825353271,9.14266525778148,31.32370484102633
person_years_exposure,county,14,female,18-64,3188.2690530627524,2904.6617369929545,3469.0235539378773
person_years_exposure,county,14,female,65+,722.351203355969,586.7479868969314,836.5664108325973
mortality_rate,county,14,female,0-17,0.0036699594649890013,0.0,0.009016299790573943
mortality_rate,county,14,female,18-44,0.002608702507118111,0.0,0.006302484226389654
mortality_rate,county,14,female,45-64,0.011889378445250641,0.0035824817172210783,0.02615819922471855
mortality_rate,county,14,female,65-74,0.0491716691115092,0.015713727424405223,0.11400456363765739
mortality_rate,county,14,female,75-84,0.12462254933397728,0.042033562834644114,0.30276438064511874
mortality_rate,county,14,female,85+,0.15446230678717632,0.032759319415892704,0.4699087965063418
qualifying_event_rate,county,14,female,0-17,0.025194150439443716,0.013366996326360863,0.03901676227916511
qualifying_event_rate,county,14,female,18-44,0.034969962654230496,0.021456275129511197,0.05270194772818444
qualifying_event_rate,county,14,female,45-64,0.048443023997823985,0.03109692010445966,0.07057906185936626
qualifying_event_rate,county,14,female,65-74,0.07183890928728257,0.04412387838161679,0.10391496654459959
qualifying_event_rate,county,14,female,75-84,0.06735498864769845,0.03569542942800775,0.1101219512660215
qualifying_event_rate,county,14,female,85+,0.030373452581355282,0.0,0.10852632303601797
person_years_exposure,county,15,male,0-17,2683.3113033459094,2408.2095773561387,2931.441892972489
person_years_exposure,county,15,male,18-44,3828.276510809456,3432.399295036877,4180.088228435188
person_years_exposure,county,15,male,45-64,3310.4309288214854,2975.2747561886267,3625.5354974129987
person_years_exposure,county,15,male,65-74,851.3071206483429,734.152396986744,952.325637863707
person_years_exposure,county,15,male,75-84,342.6307862245653,250.13273194916633,417.14311652675406
person_years_exposure,county,15,male,85+,47.28651577472154,23.1188584177624,69.8174659526474
person_years_exposure,county,15,male,18-64,7138.707439630942,6402.489047987937,7812.103020164079
person_years_exposure,county,15,male,65+,1241.2244226476296,1021.5164264639128,1423.3328667562655
mortality_rate,county,15,male,0-17,0.00142336669350945,0.0,0.003548993645355358
mortality_rate,county,15,male,18-44,0.0018145965486388454,0.00026244415021767247,0.004246219995964723
mortality_rate,county,15,male,45-64,0.01083651522341866,0.0034844284425830834,0.023140256731852184
mortality_rate,county,15,male,65-74,0.044334176899145414,0.015129299572684909,0.09904943250980232
mortality_rate,county,15,male,75-84,0.11403850697164718,0.040026341174204325,0.26711473994192697
mortality_rate,county,15,male,85+,0.17502118015753826,0.052605032480803324,0.49313104105181665
qualifying_event_rate,county,15,male,0-17,0.02114232710970199,0.013023735440955354,0.031546269563321475
qualifying_event_rate,county,15,male,18-44,0.026498313485799067,0.017008757824341008,0.03859795765831514
qualifying_event_rate,county,15,male,45-64,0.03854663026504461,0.025003618319837245,0.055089008114274245
qualifying_event_rate,county,15,male,65-74,0.056262628275134126,0.03535098090020384,0.08210994018890279
qualifying_event_rate,county,15,male,75-84,0.06495870714285766,0.0372905105917672,0.1003151863211448
qualifying_event_rate,county,15,male,85+,0.031267116516803056,0.0,0.0843042517121885
person_years_exposure,county,15,female,0-17,2819.7734021863257,2538.4308009139713,3085.1814799089657
person_years_exposure,county,15,female,18-44,3855.2747764276996,3450.290404353117,4210.84892152993
person_years_exposure,county,15,female,45-64,3546.8842265668814,3178.092809113104,3887.556805434332
person_years_exposure,county,15,female,65-74,839.2956006402786,717.9601899560937,941.8387007820231
person_years_exposure,county,15,female,75-84,291.9530168843426,205.5822828097896,360.9263222309236
person_years_exposure,county,15,female,85+,34.69326268991038,16.961115060253043,51.976961339402536
person_years_exposure,county,15,female,18-64,7402.159002994581,6632.6613392209765,8094.214031508368
person_years_exposure,county,15,female,65+,1165.9418802145317,955.9081690274143,1342.8987855925534
mortality_rate,county,15,female,0-17,0.002844380263421613,0.00039142209494992416,0.006587453290599498
mortality_rate,county,15,female,18-44,0.0022882356914451286,0.0005181902323396197,0.0050801056962589495
mortality_rate,county,15,female,45-64,0.010968308472294148,0.003537025953033002,0.0234514941653072
mortality_rate,county,15,female,65-74,0.04823568442308562,0.015752502937549824,0.10763698730904327
mortality_rate,county,15,female,75-84,0.12075696226000054,0.04130470119462287,0.29106254198518927
mortality_rate,county,15,female,85+,0.17925076673676116,0.05466269497689697,0.4764136906263655
qualifying_event_rate,county,15,female,0-17,0.01874319491737218,0.011475125968177359,0.028206426832905786
qualifying_event_rate,county,15,female,18-44,0.02688623110018521,0.017099734281625645,0.039632206973983654
qualifying_event_rate,county,15,female,45-64,0.03664362714505681,0.02387946123137602,0.05373819187772979
qualifying_event_rate,county,15,female,65-74,0.060171831100357565,0.03798735895525207,0.08652357092245107
qualifying_event_rate,county,15,female,75-84,0.06739695223349959,0.03700892820602868,0.10402393607896933
qualifying_event_rate,county,15,female,85+,0.029254914447455423,0.0,0.08845420250993008
person_years_exposure,county,16,male,0-17,3379.6392364781445,3172.1554523987666,3624.5030052252305
person_years_exposure,county,16,male,18-44,4172.200045146403,3913.595124231378,4473.405814271485
person_years_exposure,county,16,male,45-64,3612.0945707316587,3381.4447777862706,3882.446335789033
person_years_exposure,county,16,male,65-74,991.5278894650511,847.0757471488797,1110.7509926611629
person_years_exposure,county,16,male,75-84,355.64947436365264,256.05508148636363,430.8300899267757
person_years_exposure,county,16,male,85+,43.22851334484551,18.91456456741315,66.40154248056943
person_years_exposure,county,16,male,18-64,7784.294615878061,7303.688865502456,8341.74328841823
person_years_exposure,county,16,male,65+,1390.405877173549,1127.1167083032506,1598.786535058249
mortality_rate,county,16,male,0-17,0.0011657875680114707,0.0,0.002830325858906574
mortality_rate,county,16,male,18-44,0.0021554968518256727,0.00047055607484016874,0.004942578524753983
mortality_rate,county,16,male,45-64,0.011487691723930951,0.0038427616811898503,0.02466323847751428
mortality_rate,county,16,male,65-74,0.05131117609896766,0.01712181072367807,0.11629282165314689
mortality_rate,county,16,male,75-84,0.10893421247308135,0.036964306760607926,0.2669192430411056
mortality_rate,county,16,male,85+,0.17528041816029433,0.05188771171341026,0.5095527220453968
qualifying_event_rate,county,16,male,0-17,0.025277175579255778,0.015714423025317895,0.03720547194132928
qualifying_event_rate,county,16,male,18-44,0.039983073919612686,0.026370468240872587,0.058058050821343916
qualifying_event_rate,county,16,male,45-64,0.052510894355634205,0.03480334128144549,0.07472668341554814
qualifying_event_rate,county,16,male,65-74,0.07564709056432699,0.04967662806111796,0.10813412381652354
qualifying_event_rate,county,16,male,75-84,0.06122724931499877,0.034328668302547265,0.09521764990017102
qualifying_event_rate,county,16,male,85+,0.03822552710223125,0.0,0.10203765649874771
person_years_exposure,county,16,female,0-17,3040.4995883459437,2849.444718474294,3259.170231395031
person_years_exposure,county,16,female,18-44,4293.521680755559,4033.99092888098,4600.9559570597485
person_years_exposure,county,16,female,45-64,3851.3431619760668,3607.457595755522,4137.273616870962
person_years_exposure,county,16,female,65-74,1009.0704096968575,880.4620526219152,1117.8470697119424
person_years_exposure,county,16,female,75-84,330.4259973648906,231.95932210430942,405.75734481508175
person_years_exposure,county,16,female,85+,32.855022602480844,14.24370277974703,51.3161749270911
person_years_exposure,county,16,female,18-64,8144.864842731626,7646.606074604472,8728.490527005566
person_years_exposure,county,16,female,65+,1372.3514296642288,1132.5338642420363,1564.4189583384045
mortality_rate,county,16,female,0-17,0.001376116624809732,0.0,0.0033017697218156025
mortality_rate,county,16,female,18-44,0.002504681948667269,0.0004944249948510956,0.005457315588789696
mortality_rate,county,16,female,45-64,0.01219846343837484,0.004156319475897182,0.02662082174376076
mortality_rate,county,16,female,65-74,0.047751445141450036,0.016338370231207988,0.10868343287675074
mortality_rate,county,16,female,75-84,0.12110017758491134,0.04250717120816809,0.29946825964051776
mortality_rate,county,16,female,85+,0.15436768575818605,0.03538927794068863,0.4598303079219653
qualifying_event_rate,county,16,female,0-17,0.027333636378310242,0.017085755058167985,0.04061115258828187
qualifying_event_rate,county,16,female,18-44,0.04129938949965798,0.027168893591850485,0.05887127026949406
qualifying_event_rate,county,16,female,45-64,0.05347540839020666,0.03496395345227406,0.07579617956287742
qualifying_event_rate,county,16,female,65-74,0.07571648959297594,0.04925143871222337,0.10750017494583983
qualifying_event_rate,county,16,female,75-84,0.06446792354027556,0.03699257031749335,0.09944172441436502
qualifying_event_rate,county,16,female,85+,0.04546660771025161,0.0,0.11970217090676533
person_years_exposure,state,0,male,0-17,9315.955720544403,8350.210776119333,10178.888157928146
person_years_exposure,state,0,male,18-44,13532.850647838119,12126.767358429348,14782.700619770285
person_years_exposure,state,0,male,45-64,11542.468450788116,10365.934124307063,12646.523725687684
person_years_exposure,state,0,male,65-74,3088.016262853587,2690.5572214668314,3450.2386331514094
person_years_exposure,state,0,male,75-84,1079.5621167355214,804.5411946378084,1299.5686178510146
person_years_exposure,state,0,male,85+,122.76659643551419,67.23074937445406,174.2198057102369
person_years_exposure,state,0,male,18-64,25075.319098626234,22470.57570494347,27420.45812483479
person_years_exposure,state,0,male,65+,4290.344976024622,3572.9663076892466,4886.9013849678395
mortality_rate,state,0,male,0-17,0.0014467680770559068,0.0003364256070900332,0.0031458885942679247
mortality_rate,state,0,male,18-44,0.001812971162337436,0.0005747187457311687,0.0038987017221335874
mortality_rate,state,0,male,45-64,0.010780924123210698,0.003769908240121277,0.02251976176690925
mortality_rate,state,0,male,65-74,0.044316211505562246,0.015908946160469613,0.09703773995084694
mortality_rate,state,0,male,75-84,0.1098658142025349,0.04114260329561447,0.25278212586409876
mortality_rate,state,0,male,85+,0.1698027010314339,0.05920953101333969,0.4195182354375143
qualifying_event_rate,state,0,male,0-17,0.02129401502391698,0.013830182034886757,0.031040794431448544
qualifying_event_rate,state,0,male,18-44,0.02690483010525433,0.017634926619351097,0.038857203609353436
qualifying_event_rate,state,0,male,45-64,0.03946295113662982,0.026822001427921866,0.05582512027148561
qualifying_event_rate,state,0,male,65-74,0.05786884919959976,0.03886723650129975,0.08205148489386553
qualifying_event_rate,state,0,male,75-84,0.06426082285070017,0.04185743473107601,0.09296771151534015
qualifying_event_rate,state,0,male,85+,0.02921027431333108,0.006387829127926747,0.06326099793794847
person_years_exposure,state,0,female,0-17,9332.744027126466,8376.134199620741,10199.201812201663
person_years_exposure,state,0,female,18-44,13242.038091258635,11866.32549970422,14445.71050194219
person_years_exposure,state,0,female,45-64,11727.713007088258,10523.676156586209,12848.186402614643
person_years_exposure,state,0,female,65-74,2965.550901035449,2556.1077189025987,3325.376960789042
person_years_exposure,state,0,female,75-84,943.541363804485,673.1711549169611,1157.189173255239
person_years_exposure,state,0,female,85+,130.61666732997395,72.35525841758151,184.238933626622
person_years_exposure,state,0,female,18-64,24969.751098346893,22367.901987932535,27310.361266050357
person_years_exposure,state,0,female,65+,4039.7089321699077,3329.2710699795116,4643.1366529169445
mortality_rate,state,0,female,0-17,0.0028377907851132277,0.0008632146119414745,0.005982626476823127
mortality_rate,state,0,female,18-44,0.0022489560529514673,0.0006910656128374391,0.004769986757155015
mortality_rate,state,0,female,45-64,0.011071948361459662,0.0038761751990361213,0.023626862694322782
mortality_rate,state,0,female,65-74,0.04890113711261077,0.017546722602635453,0.10743489250140677
mortality_rate,state,0,female,75-84,0.11970136806627933,0.04373851967006073,0.28293035762093555
mortality_rate,state,0,female,85+,0.17272599728862886,0.06703961116694214,0.40734551212210246
qualifying_event_rate,state,0,female,0-17,0.019077079944414658,0.012392688007203506,0.027922224890457387
qualifying_event_rate,state,0,female,18-44,0.02690540990563644,0.017770885008418273,0.03892643800279168
qualifying_event_rate,state,0,female,45-64,0.037517596585354335,0.02511487826684069,0.053601149061762915
qualifying_event_rate,state,0,female,65-74,0.06296760938482097,0.042125746037202726,0.08900119660032137
qualifying_event_rate,state,0,female,75-84,0.0703816377921356,0.04593827073825341,0.10203114525416417
qualifying_event_rate,state,0,female,85+,0.029812892222972773,0.007396317837131642,0.06006774167053334
person_years_exposure,state,1,male,0-17,7888.679662057283,7272.241569856703,8678.444371982672
person_years_exposure,state,1,male,18-44,12003.909540662438,11073.48447937793,13187.990575379106
person_years_exposure,state,1,male,45-64,10212.773190563543,9418.909876077863,11253.044872305136
person_years_exposure,state,1,male,65-74,2534.5594546858288,2162.977736216099,2877.0546228907674
person_years_exposure,state,1,male,75-84,793.7758868019192,565.6964116413035,970.7604699126325
person_years_exposure,state,1,male,85+,117.23155987328964,61.180102423969544,167.4343391570655
person_years_exposure,state,1,male,18-64,22216.68273122598,20504.36266011244,24420.469483217996
person_years_exposure,state,1,male,65+,3445.5669013610377,2813.77369275592,3990.4600436391947
mortality_rate,state,1,male,0-17,0.0008680357858787999,0.00013201831242713022,0.0020037106585526604
mortality_rate,state,1,male,18-44,0.0020593897968859756,0.0006455075398223881,0.004347968694317719
mortality_rate,state,1,male,45-64,0.010963073086720712,0.0039548369774475385,0.022634882728165488
mortality_rate,state,1,male,65-74,0.05473112013859638,0.01998473585087085,0.11881328652514626
mortality_rate,state,1,male,75-84,0.11515673544294339,0.042087394110308506,0.26807948182702884
mortality_rate,state,1,male,85+,0.18075902099950053,0.0662893047506638,0.45700747366097116
qualifying_event_rate,state,1,male,0-17,0.02440118908470164,0.01546420165288575,0.035598370522781954
qualifying_event_rate,state,1,male,18-44,0.030213251269222467,0.0199985705628857,0.04331922389854655
qualifying_event_rate,state,1,male,45-64,0.044286220954735486,0.029647923974504945,0.06322235865288292
qualifying_event_rate,state,1,male,65-74,0.070433688263801,0.04758476576869691,0.09978770238823285
qualifying_event_rate,state,1,male,75-84,0.06518717260928698,0.041057320945170846,0.09614958354477396
qualifying_event_rate,state,1,male,85+,0.03403178692015966,0.0077164530780621955,0.06816097450957984
person_years_exposure,state,1,female,0-17,8368.86311526306,7712.540998670165,9204.53153388147
person_years_exposure,state,1,female,18-44,11686.684039343987,10806.754420482861,12843.22252409592
person_years_exposure,state,1,female,45-64,9792.43753880496,9027.400694845901,10786.639056155804
person_years_exposure,state,1,female,65-74,2593.225062008674,2240.221512072946,2930.824065345147
person_years_exposure,state,1,female,75-84,763.8937824055839,536.7901466415155,948.7424559018901
person_years_exposure,state,1,female,85+,89.16320919545643,48.42791521318467,128.3218193418245
person_years_exposure,state,1,female,18-64,21479.121578148945,19846.935911732886,23604.31779212583
person_years_exposure,state,1,female,65+,3446.2820536097142,2835.6481747435496,3977.7148690856675
mortality_rate,state,1,female,0-17,0.0012307876024360363,0.00024972625086700444,0.00262828972171788
mortality_rate,state,1,female,18-44,0.0021347997759465784,0.0006350013603626332,0.004521181737717914
mortality_rate,state,1,female,45-64,0.011216154880591024,0.003994078480352683,0.023326013150107877
mortality_rate,state,1,female,65-74,0.04803404772851331,0.0176495571129437,0.10604760917793178
mortality_rate,state,1,female,75-84,0.12756300817192479,0.04750671373601209,0.2968925517319323
mortality_rate,state,1,female,85+,0.1630394914706088,0.05976145719659335,0.41896347569862374
qualifying_event_rate,state,1,female,0-17,0.02493093169453061,0.016169911943452984,0.03597980582913264
qualifying_event_rate,state,1,female,18-44,0.030693356944673438,0.020265364872249454,0.04419139457071989
qualifying_event_rate,state,1,female,45-64,0.0440959248400706,0.029499350768492236,0.06289303364486472
qualifying_event_rate,state,1,female,65-74,0.06612885075862514,0.0444713502482231,0.09429373460240767
qualifying_event_rate,state,1,female,75-84,0.06979244982768047,0.04540243565870278,0.10234743710284189
qualifying_event_rate,state,1,female,85+,0.037677079494278225,0.007457719230819309,0.07794920677042723
person_years_exposure,state,2,male,0-17,6219.099743769694,5675.8285039462,6755.271190646263
person_years_exposure,state,2,male,18-44,9391.20800064186,8564.08699730289,10212.849375925933
person_years_exposure,state,2,male,45-64,8098.394128315098,7351.307211392817,8777.752937222242
person_years_exposure,state,2,male,65-74,2343.636202786251,1990.6485853624822,2648.056206985821
person_years_exposure,state,2,male,75-84,793.1801982538552,564.0825708808532,976.4642470037115
person_years_exposure,state,2,male,85+,119.3867045501272,67.90666847059033,167.59638467795284
person_years_exposure,state,2,male,18-64,17489.602128956958,15947.655082974436,18971.77192430941
person_years_exposure,state,2,male,65+,3256.2031055902335,2647.7401604663714,3772.3897328950634
mortality_rate,state,2,male,0-17,0.0016096770593732285,0.00032459517016758733,0.0035900122339042866
mortality_rate,state,2,male,18-44,0.002316619903798644,0.0007034396284386795,0.004987595807421603
mortality_rate,state,2,male,45-64,0.011651460062726068,0.004077921685637488,0.024562191223641245
mortality_rate,state,2,male,65-74,0.05160853126581863,0.018974214610964667,0.11256538881994121
mortality_rate,state,2,male,75-84,0.10888423615778686,0.04098780059782993,0.2567418903589415
mortality_rate,state,2,male,85+,0.1695903893241742,0.06285121005348476,0.40887496568754755
qualifying_event_rate,state,2,male,0-17,0.024087605735271113,0.015672076216193456,0.035278297772928166
qualifying_event_rate,state,2,male,18-44,0.03448251835437392,0.022747501730453843,0.04965831405757601
qualifying_event_rate,state,2,male,45-64,0.04816555428060908,0.03215177015528274,0.06818249470749574
qualifying_event_rate,state,2,male,65-74,0.06659731541800266,0.04503292682175931,0.09418225683933014
qualifying_event_rate,state,2,male,75-84,0.06251296599395588,0.040425395839052095,0.09098885025583221
qualifying_event_rate,state,2,male,85+,0.03485751057552407,0.008659620955472846,0.06841065501629864
person_years_exposure,state,2,female,0-17,6277.104668204937,5721.244430506119,6818.993076752885
person_years_exposure,state,2,female,18-44,8917.581889351302,8130.755433289171,9703.3200904389
person_years_exposure,state,2,female,45-64,8246.620752070872,7485.389289707404,8954.305572778432
person_years_exposure,state,2,female,65-74,2634.9778905180033,2257.2775466954777,2961.286243678833
person_years_exposure,state,2,female,75-84,815.8422273654472,563.808315719474,1015.802948618121
person_years_exposure,state,2,female,85+,67.0109391460951,35.99482259899713,96.25331480736035
person_years_exposure,state,2,female,18-64,17164.202641422176,15624.781190109821,18648.66275706022
person_years_exposure,state,2,female,65+,3517.8310570295457,2868.1926349360015,4059.821662052074
mortality_rate,state,2,female,0-17,0.0036665988885894703,0.0011334852009303369,0.007902792628020676
mortality_rate,state,2,female,18-44,0.002651821312900132,0.0008552340073203206,0.005720571801773201
mortality_rate,state,2,female,45-64,0.011427917210220228,0.004030170570680098,0.02410894992819096
mortality_rate,state,2,female,65-74,0.048489254879847114,0.017686951785264693,0.10839105080947951
mortality_rate,state,2,female,75-84,0.1266982462985826,0.04820963764456821,0.2997653219695319
mortality_rate,state,2,female,85+,0.14324768313599093,0.046253007590674494,0.3610142406249176
qualifying_event_rate,state,2,female,0-17,0.026147337732073686,0.01691991032825769,0.03855524924040423
qualifying_event_rate,state,2,female,18-44,0.03609821700070529,0.023890688881156176,0.05126474348527027
qualifying_event_rate,state,2,female,45-64,0.049534997713559445,0.0331079386302093,0.07042960267414167
qualifying_event_rate,state,2,female,65-74,0.07387366107348306,0.04957192048003698,0.1033840121476054
qualifying_event_rate,state,2,female,75-84,0.0698425635641315,0.04599056875696327,0.10174711358038946
qualifying_event_rate,state,2,female,85+,0.02951675808737955,0.0,0.0698858469554371
person_years_exposure,state,3,male,0-17,4434.503066232182,4161.869090496102,4752.607201737386
person_years_exposure,state,3,male,18-44,5552.531932555848,5208.399170745565,5952.8219633618755
person_years_exposure,state,3,male,45-64,5001.523377577869,4682.83900628871,5373.957244131317
person_years_exposure,state,3,male,65-74,1336.6293770499824,1144.2934555095462,1494.4584040208517
person_years_exposure,state,3,male,75-84,469.23643215422595,339.69945613725497,568.0355972832963
person_years_exposure,state,3,male,85+,64.08329201855555,30.216429067073673,95.89828008918569
person_years_exposure,state,3,male,18-64,10554.055310133717,9900.04371390575,11309.109124166229
person_years_exposure,state,3,male,65+,1869.9491012227638,1522.7808151196762,2147.272088089551
mortality_rate,state,3,male,0-17,0.0011765208137927653,0.00021595200951109967,0.002787131076876789
mortality_rate,state,3,male,18-44,0.0021570431159568183,0.0005400516764645201,0.004893230710070896
mortality_rate,state,3,male,45-64,0.01185498182729965,0.004080904773189787,0.025209718941458355
mortality_rate,state,3,male,65-74,0.051251294065460376,0.01790657136881597,0.11681470348963273
mortality_rate,state,3,male,75-84,0.1077079836447951,0.03740539511886548,0.258204437490819
mortality_rate,state,3,male,85+,0.1748816178126058,0.05982030799264347,0.46160155023519095
qualifying_event_rate,state,3,male,0-17,0.02536374070726846,0.015878894039874244,0.037308225192826325
qualifying_event_rate,state,3,male,18-44,0.04007818213622521,0.026533586879656915,0.0577951403960449
qualifying_event_rate,state,3,male,45-64,0.05295736760601262,0.0353580124152098,0.07482720336686226
qualifying_event_rate,state,3,male,65-74,0.07563161219609398,0.04983146375652347,0.1084222241919559
qualifying_event_rate,state,3,male,75-84,0.060838987889330454,0.03608217039815134,0.09248535017387778
qualifying_event_rate,state,3,male,85+,0.03839004090259101,0.0,0.08941259950489058
person_years_exposure,state,3,female,0-17,4073.3815808741447,3821.239390462009,4365.144075169404
person_years_exposure,state,3,female,18-44,5876.033385410422,5520.940661151353,6299.714839318879
person_years_exposure,state,3,female,45-64,5229.928607205117,4898.32116105085,5619.865053790446
person_years_exposure,state,3,female,65-74,1328.5090191158163,1154.5172651212952,1471.0123558627054
person_years_exposure,state,3,female,75-84,481.71922998626826,335.23081269802697,589.2741879471372
person_years_exposure,state,3,female,85+,59.48145554812426,29.732571302391264,88.96731994095425
person_years_exposure,state,3,female,18-64,11105.96199261554,10427.768435986258,11911.083085071057
person_years_exposure,state,3,female,65+,1869.709704650209,1531.3670342320843,2135.6714720755244
mortality_rate,state,3,female,0-17,0.0013650935382799837,0.00023877668434690974,0.0032144576311534494
mortality_rate,state,3,female,18-44,0.002491583018631437,0.0006651267834230846,0.005438817751991253
mortality_rate,state,3,female,45-64,0.012218681521428985,0.004182607243648552,0.026483842239627648
mortality_rate,state,3,female,65-74,0.048255498237227384,0.016777504594621916,0.10799917986960175
mortality_rate,state,3,female,75-84,0.11991978215545589,0.043345993650458756,0.2921332617067787
mortality_rate,state,3,female,85+,0.1548479716172217,0.047394030562981235,0.41877647906052357
qualifying_event_rate,state,3,female,0-17,0.027466860233094005,0.017498282144491156,0.04070720318803394
qualifying_event_rate,state,3,female,18-44,0.04137565314451438,0.027402951093546627,0.05957139114678587
qualifying_event_rate,state,3,female,45-64,0.05369072112883975,0.03588656052000627,0.07588337776287783
qualifying_event_rate,state,3,female,65-74,0.07618513006609819,0.050725906620489966,0.1077247114655685
qualifying_event_rate,state,3,female,75-84,0.06415941474749327,0.038003872285972566,0.09745404955944044
qualifying_event_rate,state,3,female,85+,0.04521860331251694,0.0,0.10015622503234745
person_years_exposure,state,4,male,0-17,3719.078612989594,3335.8979398286842,4156.63267352671
person_years_exposure,state,4,male,18-44,5256.778861372772,4704.818019170384,5858.965173104027
person_years_exposure,state,4,male,45-64,5236.971854421241,4696.64973814858,5846.209365748827
person_years_exposure,state,4,male,65-74,1497.3183485826173,1263.5314288474399,1727.6078621967858
person_years_exposure,state,4,male,75-84,513.141527947379,368.59626663680257,642.6915438054386
person_years_exposure,state,4,male,85+,75.58775975631416,36.72992154744785,115.07519081114981
person_years_exposure,state,4,male,18-64,10493.750715794013,9403.050642358381,11716.895181636863
person_years_exposure,state,4,male,65+,2086.0476362863105,1681.0528016666237,2467.7346443184815
mortality_rate,state,4,male,0-17,0.001959254388519802,0.0002938887284271462,0.00448116382897605
mortality_rate,state,4,male,18-44,0.002726204595138237,0.0007398633955374397,0.0060638531425861305
mortality_rate,state,4,male,45-64,0.011693638903329145,0.00401570849771824,0.02473002197914098
mortality_rate,state,4,male,65-74,0.051897726591798914,0.0180382124918539,0.11535238161149843
mortality_rate,state,4,male,75-84,0.10952644850206834,0.04001756647338364,0.26569136466771265
mortality_rate,state,4,male,85+,0.15146749352121172,0.05038655940975913,0.3923760890284721
qualifying_event_rate,state,4,male,0-17,0.024746106339970368,0.015596892173058444,0.036819763945528765
qualifying_event_rate,state,4,male,18-44,0.034424856104077466,0.022751783128555445,0.05048302184954774
qualifying_event_rate,state,4,male,45-64,0.0476134118318279,0.03133345731181502,0.06814892524276836
qualifying_event_rate,state,4,male,65-74,0.0672441739140054,0.04389066427532206,0.09749590288317621
qualifying_event_rate,state,4,male,75-84,0.06895593009239784,0.041700609427730476,0.10464516729972974
qualifying_event_rate,state,4,male,85+,0.030870828711127497,0.0,0.07252441955977376
person_years_exposure,state,4,female,0-17,3607.264531357915,3233.556515584147,4030.657896343452
person_years_exposure,state,4,female,18-44,5094.711847447963,4552.853909235443,5679.280626842014
person_years_exposure,state,4,female,45-64,5090.550831477886,4566.972055691112,5679.876996707674
person_years_exposure,state,4,female,65-74,1518.388906698129,1296.9378491905238,1737.258588457247
person_years_exposure,state,4,female,75-84,468.3626740876117,326.44642623774797,590.6327009495845
person_years_exposure,state,4,female,85+,44.115677495481975,22.69632905228004,64.494226288165
person_years_exposure,state,4,female,18-64,10185.26267892585,9117.130218777886,11366.23400295231
person_years_exposure,state,4,female,65+,2030.8672582812228,1664.2460820017548,2377.444394541828
mortality_rate,state,4,female,0-17,0.0032142712190101823,0.0008174695737733729,0.007388479365472014
mortality_rate,state,4,female,18-44,0.002562495421166868,0.0006377273815603815,0.005709340696220299
mortality_rate,state,4,female,45-64,0.01205847449045685,0.004162943298975208,0.02600290532868348
mortality_rate,state,4,female,65-74,0.048300750045735835,0.017006456827721655,0.10825590304482804
mortality_rate,state,4,female,75-84,0.12017419218127323,0.04324524166728661,0.288741976930306
mortality_rate,state,4,female,85+,0.15384108557213583,0.04676271210889712,0.40425618620576664
qualifying_event_rate,state,4,female,0-17,0.026223802159205747,0.016408154626619275,0.039090121683783986
qualifying_event_rate,state,4,female,18-44,0.034722788558849305,0.0227511151033461,0.050420739067430505
qualifying_event_rate,state,4,female,45-64,0.04298597005885739,0.02854182409395423,0.06199658893600269
qualifying_event_rate,state,4,female,65-74,0.061738995844671525,0.04082896782253977,0.08937738849714347
qualifying_event_rate,state,4,female,75-84,0.07687415531388742,0.047522544745646635,0.1145079666013342
qualifying_event_rate,state,4,female,85+,0.03950444190236645,0.0,0.09331748715610942
person_years_exposure,state,5,male,0-17,710.9456913531664,622.2204007173309,800.9007878706446
person_years_exposure,state,5,male,18-44,1078.1664471846316,987.6234019657912,1158.8213543798174
person_years_exposure,state,5,male,45-64,1764.883374187026,1602.1611957725484,1924.6853999494563
person_years_exposure,state,5,male,65-74,487.9413703241844,408.0182450309249,560.2452167897225
person_years_exposure,state,5,male,75-84,145.2537841607355,96.90174968505725,191.6017454896332
person_years_exposure,state,5,male,85+,35.258214092128135,4.89389783108898,106.64117971962092
person_years_exposure,state,5,male,18-64,2843.0498213716573,2596.677056935372,3066.924607968026
person_years_exposure,state,5,male,65+,668.453368577048,517.9691520585202,844.242770165845
mortality_rate,state,5,male,0-17,0.0079625147981289,0.0013580139963141498,0.019144840787714723
mortality_rate,state,5,male,18-44,0.002334391938391433,0.0,0.006291232386582542
mortality_rate,state,5,male,45-64,0.011704584486788268,0.0033925749655140643,0.026394951123182162
mortality_rate,state,5,male,65-74,0.04780679065449591,0.01429947415247292,0.11313903771076286
mortality_rate,state,5,male,75-84,0.10799723405696295,0.03184486503953617,0.27073830907530144
mortality_rate,state,5,male,85+,0.13584026310081768,0.0,0.5313025745791955
qualifying_event_rate,state,5,male,0-17,0.02788819748840274,0.014711048365591117,0.04360688790079301
qualifying_event_rate,state,5,male,18-44,0.042322553328517996,0.025531523935724623,0.0636941539785539
qualifying_event_rate,state,5,male,45-64,0.056354146426000784,0.03695271588100233,0.08144999931861531
qualifying_event_rate,state,5,male,65-74,0.06441058337638092,0.03920544648515206,0.09589420344635399
qualifying_event_rate,state,5,male,75-84,0.0673180692297567,0.03200380612230935,0.11233290077878176
qualifying_event_rate,state,5,male,85+,0.026829565309947418,0.0,0.11029615387401943
person_years_exposure,state,5,female,0-17,778.1937094106711,714.7134371866136,837.0663393590963
person_years_exposure,state,5,female,18-44,1044.9960052592908,961.9664630679409,1119.6952737538243
person_years_exposure,state,5,female,45-64,1678.2752937865582,1520.1361746375603,1831.865890433724
person_years_exposure,state,5,female,65-74,416.31148743153557,349.6415851295322,478.386178946041
person_years_exposure,state,5,female,75-84,134.22844577498992,88.33270786084672,173.09793257139506
person_years_exposure,state,5,female,85+,15.192975152650114,5.70767152138692,26.263745670449882
person_years_exposure,state,5,female,18-64,2723.271299045849,2492.951563941494,2942.6086581907807
person_years_exposure,state,5,female,65+,565.7329083591756,450.74733893564365,667.6903638235907
mortality_rate,state,5,female,0-17,0.0037997309817283014,0.0,0.009732741495625577
mortality_rate,state,5,female,18-44,0.005611675320065469,0.0009296885347092898,0.013556694307617856
mortality_rate,state,5,female,45-64,0.012715632596307556,0.0037111205656978788,0.028094452704793712
mortality_rate,state,5,female,65-74,0.04805529414423726,0.01419015720945243,0.11334658567780215
mortality_rate,state,5,female,75-84,0.11784773067503174,0.036567015986870455,0.30033674721360903
mortality_rate,state,5,female,85+,0.14923257503746365,0.0,0.5432983557590237
qualifying_event_rate,state,5,female,0-17,0.032692361147074835,0.018321247138517585,0.051469968949616696
qualifying_event_rate,state,5,female,18-44,0.04401909831494578,0.02685511395828505,0.06648022332672747
qualifying_event_rate,state,5,female,45-64,0.05096515563221061,0.03308086926363822,0.07394721461445222
qualifying_event_rate,state,5,female,65-74,0.08243963437060957,0.04980010305173851,0.12139742847021893
qualifying_event_rate,state,5,female,75-84,0.06996324359251538,0.03307117396648432,0.11797081872962249
qualifying_event_rate,state,5,female,85+,0.03873453584892589,0.0,0.14404300929433853
