estimand,level,unit,sex,age_band,estimate,lower,upper
children_under_16,county,0,,,913.4255115016178,680.7766387455397,1146.074384257696
children_under_16,county,1,,,1684.4021600143044,1266.6526109797715,2102.1517090488373
children_under_16,county,2,,,1428.987317160551,1037.6915614860202,1820.2830728350816
children_under_16,county,3,,,649.9284174469901,476.29092851203995,823.5659063819403
children_under_16,county,4,,,1045.3547608377646,757.1901184452227,1333.5194032303066
children_under_16,county,5,,,733.8924842876569,541.7603204417838,926.0246481335299
children_under_16,county,6,,,1060.9356281298158,790.7160263744447,1331.1552298851868
children_under_16,county,7,,,797.5737641743565,599.7670359386346,995.3804924100783
children_under_16,county,8,,,829.6756275236335,618.3577947435457,1040.9934603037213
children_under_16,county,9,,,996.0953345369531,721.5096468650643,1270.681022208842
children_under_16,county,10,,,283.6831969255223,206.0029897045737,361.3634041464709
children_under_16,county,11,,,583.407116477525,423.6543140792629,743.1599188757872
children_under_16,county,12,,,141.70729164594795,105.6145383260313,177.8000449658646
children_under_16,county,13,,,311.83341699107984,230.1958059667585,393.4710280154012
children_under_16,county,14,,,116.52846108080715,86.02145105355973,147.03547110805457
children_under_16,county,15,,,686.5179015461962,506.7883461045326,866.2474569878598
children_under_16,county,16,,,226.25320184535786,170.14001505289093,282.3663886378248
children_under_16,nation,0,,,12490.201592126079,11929.070410020828,13051.33277423133
children_under_16,state,0,,,2945.7440588010154,2723.7855041446837,3167.702613457347
children_under_16,state,1,,,2708.2291260340185,2577.9256241376115,2838.5326279304254
children_under_16,state,2,,,2296.0776305635977,2007.582993040019,2584.572268087177
children_under_16,state,3,,,649.9284174469901,578.1935215232186,721.6633133707617
children_under_16,state,4,,,2041.4500953747176,1776.8851560011817,2306.0150347482536
children_under_16,state,5,,,1848.77226390574,1670.0589051017228,2027.485622709757
elders_65_plus,county,0,,,362.28328272905435,270.009970582641,454.5565948754677
elders_65_plus,county,1,,,677.1101961336832,509.17970673136125,845.0406855360052
elders_65_plus,county,2,,,613.9826726383515,445.8574478893489,782.107897387354
elders_65_plus,county,3,,,199.89160099265,146.48775724030065,253.29544474499937
elders_65_plus,county,4,,,388.33574422297886,281.2863146373958,495.38517380856194
elders_65_plus,county,5,,,400.1323998670221,295.37822203140365,504.8865777026406
elders_65_plus,county,6,,,500.72272518911024,373.1889787459098,628.2564716323106
elders_65_plus,county,7,,,396.57626883975814,298.22116018554,494.9313774939763
elders_65_plus,county,8,,,434.6647440604489,323.9559216560579,545.37356646484
elders_65_plus,county,9,,,411.16042500992035,297.8190969960737,524.5017530237669
elders_65_plus,county,10,,,167.23164234853078,121.4390512739739,213.02423342308765
elders_65_plus,county,11,,,280.2076151173943,203.47911711995545,356.9361131148332
elders_65_plus,county,12,,,60.596751645963366,45.162799139056155,76.03070415287058
elders_65_plus,county,13,,,185.86511996198163,137.20585658714222,234.52438333682105
elders_65_plus,county,14,,,85.40645105712012,63.04714557393531,107.76575654030493
elders_65_plus,county,15,,,286.3693852415382,211.39822689935363,361.3405435837228
elders_65_plus,county,16,,,109.15059049016273,82.08008972938762,136.22109125093783
elders_65_plus,nation,0,,,5559.687615545668,5308.7215643514355,5810.653666739901
elders_65_plus,state,0,,,1358.2675036245769,1255.9235504761543,1460.6114567729994
elders_65_plus,state,1,,,1182.8370554636042,1125.9261356975762,1239.7479752296322
elders_65_plus,state,2,,,1061.4219301042765,928.0577394040486,1194.7861208045044
elders_65_plus,state,3,,,199.89160099265,177.82885868393515,221.95434330136487
elders_65_plus,state,4,,,799.4961692328992,695.8842043743358,903.1081340914626
elders_65_plus,state,5,,,957.773356127662,865.1892684126283,1050.3574438426958
households,county,0,,,1897.49418320572,1400.7095339585517,2394.2788324528883
households,county,1,,,3549.015065062525,2650.7120572193344,4447.318072905716
households,county,2,,,2899.643638149314,2082.660107232262,3716.627169066366
households,county,3,,,1237.9633348694995,914.8872682238961,1561.0394015151028
households,county,4,,,2101.5659161166304,1515.2026468203294,2687.9291854129315
households,county,5,,,1707.0858817014716,1241.4959908914243,2172.675772511519
households,county,6,,,2315.402872028351,1709.2051751778708,2921.600568878831
households,county,7,,,1899.3849268183299,1418.6252902618521,2380.1445633748076
households,county,8,,,2047.7099717207284,1511.5971925276015,2583.822750913855
households,county,9,,,2338.9867464086124,1686.3800853721673,2991.5934074450574
households,county,10,,,800.7225283483456,575.1164883894537,1026.3285683072374
households,county,11,,,1498.3009437673245,1076.1500355279074,1920.4518520067415
households,county,12,,,390.6375070332799,288.3643519259177,492.91066214064216
households,county,13,,,912.8221836175984,663.8594422844537,1161.784924950743
households,county,14,,,317.52860781206374,230.92598785896962,404.13122776515786
households,county,15,,,1591.3925409534056,1157.3568036067172,2025.428278300094
households,county,16,,,556.8197542329353,415.8812541465347,697.758254319336
households,nation,0,,,28062.476601846138,26484.272209071627,29640.68099462065
households,state,0,,,6651.244533988079,6008.07752546144,7294.411542514717
households,state,1,,,6005.21974611379,5586.054589483239,6424.384902744341
households,state,2,,,5198.667110264984,4459.971413113691,5937.362807416278
households,state,3,,,1237.9633348694995,1121.0884673928656,1354.8382023461334
households,state,4,,,4440.552662525243,3834.0683059061284,5047.037019144358
households,state,5,,,4528.82921408454,3970.6138923748867,5087.044535794193
low_income_household_share,county,0,,,0.31981187921511467,0.16826708408204405,0.4713566743481853
low_income_household_share,county,1,,,0.3672101437291628,0.23703540868314643,0.4973848787751791
low_income_household_share,county,2,,,0.3494077100752089,0.07819395396971862,0.6206214661806991
low_income_household_share,county,3,,,0.3342054037793396,0.13279909770938472,0.5356117098492945
low_income_household_share,county,4,,,0.3337557865494258,0.17175328254455874,0.4957582905542928
low_income_household_share,county,5,,,0.2365225354016449,0.09149493921344862,0.3815501315898412
low_income_household_share,county,6,,,0.3605626312808073,0.2068188866338102,0.5143063759278044
low_income_household_share,county,7,,,0.370355719762897,0.2399570909637318,0.5007543485620622
low_income_household_share,county,8,,,0.34279345987936893,0.19003627831925748,0.49555064143948035
low_income_household_share,county,9,,,0.35665194919563203,0.19200698718805084,0.5212969112032132
low_income_household_share,county,10,,,0.2812402094670997,0.018364769242093182,0.5441156496921062
low_income_household_share,county,11,,,0.3422807419112283,0.0719973752000187,0.6125641086224379
low_income_household_share,county,12,,,0.32266053030118835,0.1709694179190195,0.47435164268335717
low_income_household_share,county,13,,,0.29867384765140775,0.14422741817273774,0.45312027713007774
low_income_household_share,county,14,,,0.2676444413789008,0.11809277517735262,0.417196107580449
low_income_household_share,county,15,,,0.29387587344794,0.14020968723348495,0.447542059662395
low_income_household_share,county,16,,,0.38487830658152955,0.2534264996670216,0.5163301134960375
low_income_household_share,nation,0,,,0.3357716440041416,0.2587844705662499,0.4127588174420333
low_income_household_share,state,0,,,0.3411350797198133,0.22310183004040418,0.45916832939922236
low_income_household_share,state,1,,,0.36967718602619115,0.27221504626315096,0.46713932578923134
low_income_household_share,state,2,,,0.33839563620894236,0.0982142276101109,0.5785770448077738
low_income_household_share,state,3,,,0.3342054037793396,0.15541370361284845,0.5129971039458308
low_income_household_share,state,4,,,0.3451536352296277,0.21210984693344392,0.4781974235258115
low_income_household_share,state,5,,,0.2697707922452055,0.14994520340998857,0.38959638108042244
mean_income_adults,county,0,,,32636.272352231423,22761.61275777871,42510.93194668414
mean_income_adults,county,1,,,25577.53983128175,16620.647276116266,34534.43238644723
mean_income_adults,county,2,,,29070.0152309068,12979.42074553314,45160.60971628046
mean_income_adults,county,3,,,29510.746049620357,15046.522165050308,43974.969934190405
mean_income_adults,county,4,,,26769.922740928247,18048.498822462247,35491.34665939424
mean_income_adults,county,5,,,28716.552695824223,16195.110848937431,41237.994542711014
mean_income_adults,county,6,,,27445.386639114837,19001.89091507246,35888.882363157216
mean_income_adults,county,7,,,25646.403292825675,16645.96442035961,34646.84216529174
mean_income_adults,county,8,,,30541.37365996906,21243.981008107017,39838.7663118311
mean_income_adults,county,9,,,27463.710195923686,18607.979500280053,36319.44089156732
mean_income_adults,county,10,,,43642.05061531693,22829.992245580994,64454.10898505287
mean_income_adults,county,11,,,32153.991677182396,14838.516574649588,49469.46677971521
mean_income_adults,county,12,,,25855.19011007462,17869.956800111795,33840.42342003745
mean_income_adults,county,13,,,21835.131183689235,11298.865424934405,32371.396942444066
mean_income_adults,county,14,,,25316.769200649796,13748.948838841472,36884.58956245812
mean_income_adults,county,15,,,22076.996907312943,11467.892150749305,32686.10166387658
mean_income_adults,county,16,,,28034.32011210121,18385.095657442194,37683.544566760225
mean_income_adults,nation,0,,,28082.28437319288,21530.97891391456,34633.5898324712
mean_income_adults,state,0,,,29842.90976602062,22375.207924298855,37310.61160774239
mean_income_adults,state,1,,,25805.53934975614,18151.97437787043,33459.104321641855
mean_income_adults,state,2,,,31840.640098156913,16305.232457730966,47376.047738582856
mean_income_adults,state,3,,,29510.746049620357,16277.858780562734,42743.63331867798
mean_income_adults,state,4,,,27115.29434535169,19704.450463178106,34526.13822752527
mean_income_adults,state,5,,,24936.919544052264,14725.189758844259,35148.64932926027
median_household_income,county,0,,,37457.202152196456,25070.871228075648,49843.53307631727
median_household_income,county,1,,,26989.077285568477,18977.873683119255,35000.280888017696
median_household_income,county,2,,,31356.173632814174,2674.737538270656,60037.60972735769
median_household_income,county,3,,,33326.53024596153,17607.930118168057,49045.130373755
median_household_income,county,4,,,30003.367737020093,20055.03940499516,39951.69606904502
median_household_income,county,5,,,33687.38174896969,22165.166587901265,45209.59691003811
median_household_income,county,6,,,30181.832693951234,19734.659476202436,40629.005911700035
median_household_income,county,7,,,26409.840579416337,18568.043077829057,34251.63808100361
median_household_income,county,8,,,32096.83001179084,21421.096547750374,42772.56347583131
median_household_income,county,9,,,26113.443704530855,17454.91196470944,34771.97544435227
median_household_income,county,10,,,47722.213919123846,12206.456156867622,83237.97168138006
median_household_income,county,11,,,28664.446029158724,1107.0528896256073,56221.83916869184
median_household_income,county,12,,,35611.51640293789,23644.04882793386,47578.98397794191
median_household_income,county,13,,,24290.99592701777,15948.011521495244,32633.980332540297
median_household_income,county,14,,,26390.916990115424,17337.432424795086,35444.40155543576
median_household_income,county,15,,,18894.814755019175,12377.607352441366,25412.022157596984
median_household_income,county,16,,,25088.639215208375,17633.24604398679,32544.03238642996
median_household_income,nation,0,,,29493.592849656518,19962.08529205196,39025.100407261074
median_household_income,state,0,,,33492.02609925398,23714.26685968923,43269.78533881872
median_household_income,state,1,,,26725.398032414443,20144.89910218312,33305.89696264577
median_household_income,state,2,,,31851.600707158577,4038.762703944325,59664.43871037283
median_household_income,state,3,,,33326.53024596153,18791.431979346322,47861.62851257673
median_household_income,state,4,,,28427.928993837388,20243.801088982116,36612.05689869266
median_household_income,state,5,,,26390.916990115424,18463.823850127286,34318.01013010356
persons,county,0,,,3994.2776415628414,2976.9377719365316,5011.617511189152
persons,county,1,,,6899.793106450786,5188.571447469467,8611.014765432104
persons,county,2,,,6212.90140480908,4511.639314564101,7914.163495054059
persons,county,3,,,2634.2545967904234,1930.4765481265551,3338.032645454292
persons,county,4,,,4410.34680334305,3194.581536828249,5626.112069857851
persons,county,5,,,3653.3767386407494,2696.92713169247,4609.826345589028
persons,county,6,,,4675.816677517789,3484.8892668630697,5866.744088172508
persons,county,7,,,3567.4398753173705,2682.6770588715726,4452.202691763168
persons,county,8,,,3748.9719247209014,2794.111258691696,4703.832590750107
persons,county,9,,,4371.811870882898,3166.6692230694284,5576.954518696368
persons,county,10,,,1385.1319956188584,1005.8450247508326,1764.418966486884
persons,county,11,,,2767.204275410611,2009.468167434411,3524.940383386811
persons,county,12,,,643.3773814510178,479.5095885477193,807.2451743543162
persons,county,13,,,1632.9452857804442,1205.4421870078181,2060.4483845530704
persons,county,14,,,536.7136771122986,396.20268625598374,677.2246679686134
persons,county,15,,,3128.4915010424847,2309.456213806712,3947.5267882782573
persons,county,16,,,960.5511035933827,722.3242716191521,1198.7779355676132
persons,nation,0,,,55223.40586004499,52729.82731996237,57716.984400127614
persons,state,0,,,13062.443625252548,12078.202954825478,14046.684295679619
persons,state,1,,,11427.78408536154,10877.948670431462,11977.619500291617
persons,state,2,,,10365.237675838549,9062.879494942557,11667.59585673454
persons,state,3,,,2634.2545967904234,2343.5026089334065,2925.0065846474404
persons,state,4,,,8782.15867422595,7644.020993329625,9920.296355122275
persons,state,5,,,8951.527202575977,8086.219168682061,9816.835236469893
tertiary_share_25_plus,county,0,,,0.5432324640085302,0.515608046033955,0.5708568819831054
tertiary_share_25_plus,county,1,,,0.42331322931779325,0.3993487557068587,0.4472777029287278
tertiary_share_25_plus,county,2,,,0.43815866493032385,0.4130587645195386,0.4632585653411091
tertiary_share_25_plus,county,3,,,0.4501727740218403,0.4208441726286986,0.479501375414982
tertiary_share_25_plus,county,4,,,0.4681612685744994,0.44162849615718086,0.49469404099181796
tertiary_share_25_plus,county,5,,,0.4480151520351104,0.4203726396828355,0.47565766438738527
tertiary_share_25_plus,county,6,,,0.48980578764924243,0.4634920161243442,0.5161195591741407
tertiary_share_25_plus,county,7,,,0.41573259506314436,0.3887756420660574,0.4426895480602313
tertiary_share_25_plus,county,8,,,0.49602682113859986,0.46853085572207104,0.5235227865551287
tertiary_share_25_plus,county,9,,,0.45784391534695856,0.4313671008708507,0.48432072982306645
tertiary_share_25_plus,county,10,,,0.40371233710291937,0.3671552793218107,0.44026939488402805
tertiary_share_25_plus,county,11,,,0.4387423098895236,0.4089305201257047,0.46855409965334255
tertiary_share_25_plus,county,12,,,0.46936737651170357,0.41964735679603477,0.5190873962273723
tertiary_share_25_plus,county,13,,,0.39621339126122196,0.3621020510204304,0.4303247315020135
tertiary_share_25_plus,county,14,,,0.42438330571246,0.37161232146132384,0.4771542899635962
tertiary_share_25_plus,county,15,,,0.4183142947614812,0.38950130186850085,0.4471272876544615
tertiary_share_25_plus,county,16,,,0.42132959135116765,0.3803126180777041,0.4623465646246312
tertiary_share_25_plus,nation,0,,,0.453199083419387,0.43255921504248174,0.4738389517962923
tertiary_share_25_plus,state,0,,,0.5069215627457458,0.4844293700717576,0.529413755419734
tertiary_share_25_plus,state,1,,,0.4207800310755125,0.3983209250784592,0.4432391370725658
tertiary_share_25_plus,state,2,,,0.43371133362731384,0.4106002637012605,0.4568224035533672
tertiary_share_25_plus,state,3,,,0.4501727740218403,0.4208441726286986,0.479501375414982
tertiary_share_25_plus,state,4,,,0.46302522754068937,0.4395461487413522,0.4865043063400265
tertiary_share_25_plus,state,5,,,0.4267682908640777,0.40337335117841083,0.45016323054974455
person_years_exposure,county,0,male,0-17,2696.1733779026226,2464.8570112995103,2883.860359589393
person_years_exposure,county,0,male,18-44,4011.6245779154206,3677.421437277042,4273.962428679557
person_years_exposure,county,0,male,45-64,2561.8509778168145,2316.105837570527,2748.728856170835
person_years_exposure,county,0,male,65-74,762.8406390805011,639.2799748094402,860.7149302427609
person_years_exposure,county,0,male,75-84,184.98013131478965,113.72872310344364,242.65516719756116
person_years_exposure,county,0,male,85+,11.908498945295161,4.2734962376517664,20.39585777960599
person_years_exposure,county,0,male,18-64,6573.475555732235,5993.391812690935,7009.636278069785
person_years_exposure,county,0,male,65+,959.7292693405859,765.1061302416399,1111.4094224270307
mortality_rate,county,0,male,0-17,0.0007354535032878796,0.0,0.0019425168309505029
mortality_rate,county,0,male,18-44,0.0028043501532852536,0.0007248166891768374,0.006181231533893443
mortality_rate,county,0,male,45-64,0.012024005769356121,0.003682096159555843,0.0252846449604244
mortality_rate,county,0,male,65-74,0.06246726176628655,0.021853180956715314,0.13840189835765412
mortality_rate,county,0,male,75-84,0.16370327918085606,0.059393856748605194,0.40445463851646535
mortality_rate,county,0,male,85+,0.25329655037996446,0.05819986002027945,0.8622063986841747
qualifying_event_rate,county,0,male,0-17,0.017266586532990156,0.011524925698860435,0.024193254536469238
qualifying_event_rate,county,0,male,18-44,0.019135916581989917,0.013503308412009562,0.025848595667686908
qualifying_event_rate,county,0,male,45-64,0.03409361988414045,0.02451881473087818,0.045562781337505846
qualifying_event_rate,county,0,male,65-74,0.06020665401417866,0.04250956551913611,0.0824707020784284
qualifying_event_rate,county,0,male,75-84,0.06621172986934258,0.03675870178700175,0.10767177637372673
qualifying_event_rate,county,0,male,85+,0.045576901935054995,0.0,0.17590474468215175
person_years_exposure,county,0,female,0-17,2709.985901976811,2467.751337967374,2908.406369594103
person_years_exposure,county,0,female,18-44,4178.146389748267,3835.513000557777,4439.280302184743
person_years_exposure,county,0,female,45-64,2529.700464082925,2304.6203330168537,2706.068473289785
person_years_exposure,county,0,female,65-74,614.3852568606608,513.0967533529902,694.7779024284097
person_years_exposure,county,0,female,75-84,127.65628058941218,76.70312337297048,169.91168944900522
person_years_exposure,county,0,female,85+,9.580988686544488,3.0315860025916432,17.25924805407668
person_years_exposure,county,0,female,18-64,6707.846853831192,6125.000311439547,7140.601242232865
person_years_exposure,county,0,female,65+,751.6225261366175,598.9901424095445,870.8783559348592
mortality_rate,county,0,female,0-17,0.004126448473160983,0.001074801686638497,0.009106436290602612
mortality_rate,county,0,female,18-44,0.0015735942252722566,0.00024592095475297335,0.0034600654980983824
mortality_rate,county,0,female,45-64,0.008628545959753786,0.0027079369200757636,0.01869221170787843
mortality_rate,county,0,female,65-74,0.06285214481814813,0.02171057467718056,0.1393450324403255
mortality_rate,county,0,female,75-84,0.1801559819706148,0.06416064628178858,0.4518413754825177
mortality_rate,county,0,female,85+,0.27998906387923134,0.06122051360461451,1.0035964434397981
qualifying_event_rate,county,0,female,0-17,0.01766434177852399,0.011755035100845525,0.0246845975093148
qualifying_event_rate,county,0,female,18-44,0.020769106463196053,0.014824572034492325,0.028116873336712107
qualifying_event_rate,county,0,female,45-64,0.033507780719892126,0.023919205694047797,0.04558193827120238
qualifying_event_rate,county,0,female,65-74,0.06729467425220603,0.04688152605334056,0.09132369921871927
qualifying_event_rate,county,0,female,75-84,0.06125906656419394,0.028571922261597053,0.10436038256903521
qualifying_event_rate,county,0,female,85+,0.08989875509383927,0.0,0.2875362374830056
person_years_exposure,county,1,male,0-17,4588.418763522679,4453.522740965948,4728.213982296371
person_years_exposure,county,1,male,18-44,5583.281540206441,5429.743053037155,5739.05432003887
person_years_exposure,county,1,male,45-64,5363.524869761354,5146.737234417858,5549.680114093134
person_years_exposure,county,1,male,65-74,1297.7193128367455,1081.3494013082095,1443.6975816154952
person_years_exposure,county,1,male,75-84,341.94635072050306,199.63667633848095,449.9416620137003
person_years_exposure,county,1,male,85+,25.905936185306214,8.973129470847214,45.81950988238732
person_years_exposure,county,1,male,18-64,10946.806409967794,10590.744232820116,11273.972331370735
person_years_exposure,county,1,male,65+,1665.5715997425548,1297.8007145879405,1930.0294263206795
mortality_rate,county,1,male,0-17,0.0008007805293318754,0.0,0.0019483958759507723
mortality_rate,county,1,male,18-44,0.002613043129508845,0.0007129505732618679,0.005711935695101217
mortality_rate,county,1,male,45-64,0.012516729332418862,0.004400554306764639,0.026174815413343114
mortality_rate,county,1,male,65-74,0.06985083762777168,0.025405529432380707,0.15328618297706853
mortality_rate,county,1,male,75-84,0.17966464224038875,0.06917811715212946,0.4421684311406718
mortality_rate,county,1,male,85+,0.20698644022930102,0.0621430873688824,0.6096088802824918
qualifying_event_rate,county,1,male,0-17,0.022630323798961766,0.016570094995347624,0.030298949907162927
qualifying_event_rate,county,1,male,18-44,0.037832761165656675,0.028860650958201353,0.04980574269433653
qualifying_event_rate,county,1,male,45-64,0.05256307124316438,0.040891176874223785,0.06846058482915349
qualifying_event_rate,county,1,male,65-74,0.08113768845925012,0.06161126494415001,0.10826344583423722
qualifying_event_rate,county,1,male,75-84,0.10380927328278389,0.07226792724522044,0.15259503040093447
qualifying_event_rate,county,1,male,85+,0.06456366814172859,0.0,0.1574814789099014
person_years_exposure,county,1,female,0-17,4513.704070557743,4365.268616341266,4657.027243895162
person_years_exposure,county,1,female,18-44,5766.615923424689,5591.921501033178,5943.180228364198
person_years_exposure,county,1,female,45-64,5232.305991369432,4997.886336150576,5432.695635755722
person_years_exposure,county,1,female,65-74,1486.9860742166136,1251.2734065418688,1646.610113693204
person_years_exposure,county,1,female,75-84,378.45361816087,224.2836910085334,496.3076022504821
person_years_exposure,county,1,female,85+,15.104918846963466,6.765991180783921,24.34631481922217
person_years_exposure,county,1,female,18-64,10998.921914794122,10609.219307092912,11346.939929698015
person_years_exposure,county,1,female,65+,1880.5446112244472,1486.0099357566887,2155.20460509205
mortality_rate,county,1,female,0-17,0.004451396201915219,0.0013180148739210602,0.009389696126115624
mortality_rate,county,1,female,18-44,0.0019737461430829146,0.0005141837860536409,0.004336460679496169
mortality_rate,county,1,female,45-64,0.015257523428805786,0.005539577928724082,0.03161428160783004
mortality_rate,county,1,female,65-74,0.06450536622319307,0.023245930914976405,0.14494472867508457
mortality_rate,county,1,female,75-84,0.1696733054710849,0.06512271209813394,0.4246000683343452
mortality_rate,county,1,female,85+,0.20840158913085102,0.05144056239950793,0.5470381420989702
qualifying_event_rate,county,1,female,0-17,0.023516275359049838,0.017100018638854547,0.03187622540873871
qualifying_event_rate,county,1,female,18-44,0.038648506630148675,0.029674906091010683,0.05068199129510002
qualifying_event_rate,county,1,female,45-64,0.05511086967570094,0.04289791390209161,0.07129147143343009
qualifying_event_rate,county,1,female,65-74,0.09273935528306998,0.07194608540376848,0.11942511632425189
qualifying_event_rate,county,1,female,75-84,0.10072760495344964,0.07185851981921382,0.14655398295876293
qualifying_event_rate,county,1,female,85+,0.07492652038567146,0.0,0.19024562724619318
person_years_exposure,county,2,male,0-17,3762.171213967111,3292.5606738779443,4238.036822143044
person_years_exposure,county,2,male,18-44,5197.534906930194,4566.905806615571,5835.101781227398
person_years_exposure,county,2,male,45-64,4430.543949418206,3883.8963687830765,4989.231634703721
person_years_exposure,county,2,male,65-74,1339.380893053001,1104.6827050964737,1565.2772136212618
person_years_exposure,county,2,male,75-84,334.7620470678866,197.71244928354884,452.537957093544
person_years_exposure,county,2,male,85+,29.839383285768385,12.619849203340374,48.61026822588477
person_years_exposure,county,2,male,18-64,9628.078856348398,8458.496337385519,10815.192656115478
person_years_exposure,county,2,male,65+,1703.9823234066562,1322.0644479380749,2049.765226101225
mortality_rate,county,2,male,0-17,0.001774578867241411,0.0002833378672270271,0.003954656762131122
mortality_rate,county,2,male,18-44,0.0027583125535404025,0.0007700082927899733,0.005957961849601333
mortality_rate,county,2,male,45-64,0.0144681021634866,0.005102130336902736,0.03034712460432162
mortality_rate,county,2,male,65-74,0.058791549965311544,0.021527336190478523,0.12642114002087584
mortality_rate,county,2,male,75-84,0.178963918890283,0.0665239750231648,0.4414654786031198
mortality_rate,county,2,male,85+,0.20697598722142305,0.05802201161516655,0.586834401952687
qualifying_event_rate,county,2,male,0-17,0.021888203190496763,0.015716799231495517,0.029571226762278423
qualifying_event_rate,county,2,male,18-44,0.03245838966012659,0.024264755100097794,0.043179257269279646
qualifying_event_rate,county,2,male,45-64,0.050814249490644024,0.03819213326289187,0.06584192408838711
qualifying_event_rate,county,2,male,65-74,0.08541302126831106,0.06430047177101489,0.11165798222157945
qualifying_event_rate,county,2,male,75-84,0.09175201890699107,0.06229867189120329,0.13255222141444423
qualifying_event_rate,county,2,male,85+,0.09140349027779017,0.0,0.1923229593503063
person_years_exposure,county,2,female,0-17,3962.557952258233,3451.5171762141067,4505.200494064225
person_years_exposure,county,2,female,18-44,5312.697862546753,4663.52533206574,5967.929734030541
person_years_exposure,county,2,female,45-64,4234.161902047688,3714.876628331506,4781.580210277281
person_years_exposure,county,2,female,65-74,1050.786346080571,860.1461342188037,1229.7834302142037
person_years_exposure,county,2,female,75-84,370.61813772627215,218.523693323042,499.95322721762074
person_years_exposure,county,2,female,85+,19.536743446470204,6.233282762360675,34.816246853054565
person_years_exposure,county,2,female,18-64,9546.859764594441,8390.29690145428,10750.08858305717
person_years_exposure,county,2,female,65+,1440.9412272533134,1094.3472696614308,1745.3398578693464
mortality_rate,county,2,female,0-17,0.016856516088789075,0.00608259218435956,0.03519657039879422
mortality_rate,county,2,female,18-44,0.0019118773220863949,0.000429864221667968,0.004188635222657128
mortality_rate,county,2,female,45-64,0.014552277556734775,0.005102720245334113,0.030303344691506983
mortality_rate,county,2,female,65-74,0.06450067662955203,0.023991040685087978,0.140826329465496
mortality_rate,county,2,female,75-84,0.17545094931287694,0.06905195965531348,0.4316415269930225
mortality_rate,county,2,female,85+,0.231150645046265,0.06890895695573473,0.6893225929371262
qualifying_event_rate,county,2,female,0-17,0.0186150422233479,0.013136399169332577,0.02544396616248852
qualifying_event_rate,county,2,female,18-44,0.03368302857344642,0.02524439336736806,0.04478563604881773
qualifying_event_rate,county,2,female,45-64,0.046059052272112086,0.034797978748456186,0.05994729823912673
qualifying_event_rate,county,2,female,65-74,0.08489506520094096,0.06314078009105742,0.11160428133094906
qualifying_event_rate,county,2,female,75-84,0.0960709646018768,0.06708194422800536,0.14038354010133103
qualifying_event_rate,county,2,female,85+,0.07755379410251717,0.0,0.20400308808026987
person_years_exposure,county,3,male,0-17,1973.4490949783892,1775.5935523375788,2197.68747848321
person_years_exposure,county,3,male,18-44,2477.799537836467,2243.0138815353653,2752.0575408705604
person_years_exposure,county,3,male,45-64,1841.5129436943882,1659.2872065753556,2052.431018077932
person_years_exposure,county,3,male,65-74,492.13660445417486,400.36784368418046,574.469028665273
person_years_exposure,county,3,male,75-84,94.60899186256852,56.286286306855224,128.11898864509294
person_years_exposure,county,3,male,85+,6.251669156011969,4.289353201605821,9.410211103481473
person_years_exposure,county,3,male,18-64,4319.312481530856,3909.874539275214,4798.692158752507
person_years_exposure,county,3,male,65+,592.9972654727553,465.3017749231943,705.5496846497767
mortality_rate,county,3,male,0-17,0.002620976286853065,0.00048380165765146146,0.006321932690252514
mortality_rate,county,3,male,18-44,0.0021615780249626833,0.000387589521964615,0.0051149007281564565
mortality_rate,county,3,male,45-64,0.013610528739193883,0.004151580377631565,0.028912375689710508
mortality_rate,county,3,male,65-74,0.06851155591935776,0.02287428782143791,0.15984173453586398
mortality_rate,county,3,male,75-84,0.17059505764642305,0.057615038124623055,0.4328052689278056
mortality_rate,county,3,male,85+,0.016422666536477233,0.0,0.21716054699073323
qualifying_event_rate,county,3,male,0-17,0.03315424898607101,0.02336925233249668,0.045158488201728575
qualifying_event_rate,county,3,male,18-44,0.05162514020030345,0.03886717861649075,0.06750812874017582
qualifying_event_rate,county,3,male,45-64,0.06383248092078464,0.04811080727465272,0.08424024439616763
qualifying_event_rate,county,3,male,65-74,0.09613127592729469,0.07013539753153564,0.12902235113165783
qualifying_event_rate,county,3,male,75-84,0.11316941611307431,0.061489036634136324,0.18155472266679137
qualifying_event_rate,county,3,male,85+,0.10486511522961431,0.0,0.24937444567475223
person_years_exposure,county,3,female,0-17,1709.4549225100232,1545.0477999244615,1897.1831485836012
person_years_exposure,county,3,female,18-44,2385.4191232607027,2157.244337562922,2650.258852515279
person_years_exposure,county,3,female,45-64,1778.691242281097,1607.4018783645065,1979.7596803039398
person_years_exposure,county,3,female,65-74,485.95658994492993,398.5488364599461,564.1995399775963
person_years_exposure,county,3,female,75-84,153.3176355428867,89.06711709459002,208.73034853357385
person_years_exposure,county,3,female,85+,11.220019346412007,2.2869325420910864,28.48626144552435
person_years_exposure,county,3,female,18-64,4164.110365541799,3770.499972068809,4628.982285524416
person_years_exposure,county,3,female,65+,650.4942448342287,492.36911953328934,786.7201140666948
mortality_rate,county,3,female,0-17,0.0007960665273067597,0.0,0.0023766401191431127
mortality_rate,county,3,female,18-44,0.0021490834854809406,0.0003975155767085705,0.005179638268229568
mortality_rate,county,3,female,45-64,0.014153006169140194,0.004546706932412815,0.030539345017142668
mortality_rate,county,3,female,65-74,0.06673857139156596,0.023115558069250516,0.15292834379465703
mortality_rate,county,3,female,75-84,0.16476273890721937,0.0588688116449188,0.4130622025931942
mortality_rate,county,3,female,85+,0.1759064199708768,0.0,0.6640872585617008
qualifying_event_rate,county,3,female,0-17,0.026075677530618617,0.017604228634625563,0.03605758941338851
qualifying_event_rate,county,3,female,18-44,0.04728556811572627,0.035261555257760625,0.06289600630671897
qualifying_event_rate,county,3,female,45-64,0.06640480078342281,0.04977931730396526,0.08739881862821544
qualifying_event_rate,county,3,female,65-74,0.11823897791875398,0.0867006152791274,0.15696690266222044
qualifying_event_rate,county,3,female,75-84,0.11401350391197773,0.07355836704984717,0.1707757045699958
qualifying_event_rate,county,3,female,85+,0.07069969475176763,0.0,0.22378706903405177
person_years_exposure,county,4,male,0-17,2941.0051098786016,2577.879546556944,3333.104243436839
person_years_exposure,county,4,male,18-44,3864.1100548693453,3384.050878020627,4364.437871460125
person_years_exposure,county,4,male,45-64,3114.692538013354,2720.1495834340326,3535.024876913918
person_years_exposure,county,4,male,65-74,856.993466786572,700.3645562866777,1006.856200478632
person_years_exposure,county,4,male,75-84,226.56297900182798,132.27249626483666,310.0803508361364
person_years_exposure,county,4,male,85+,12.418252381780198,4.272861205903508,21.93974253331704
person_years_exposure,county,4,male,18-64,6978.802592882699,6105.986918230456,7892.359751832871
person_years_exposure,county,4,male,65+,1095.97469817018,856.0030009032403,1328.8803194951433
mortality_rate,county,4,male,0-17,0.001019727380760584,0.0,0.002511246888160468
mortality_rate,county,4,male,18-44,0.002674476790128441,0.0006999959917460595,0.0060142360210029165
mortality_rate,county,4,male,45-64,0.013284128708540479,0.00465050255227292,0.028375752032317084
mortality_rate,county,4,male,65-74,0.05719167144791948,0.020771887362712276,0.12571544425442194
mortality_rate,county,4,male,75-84,0.18474122821179223,0.06975342097167078,0.456043312264844
mortality_rate,county,4,male,85+,0.18682979487221263,0.0,0.6748932855877603
qualifying_event_rate,county,4,male,0-17,0.023079840786234422,0.016106139618555105,0.031371337414052264
qualifying_event_rate,county,4,male,18-44,0.03628948464428283,0.027032262803360955,0.047762159121137994
qualifying_event_rate,county,4,male,45-64,0.0568732149202717,0.042818653134045565,0.07363041045034353
qualifying_event_rate,county,4,male,65-74,0.09571260138936133,0.07244666722058145,0.1251766991476166
qualifying_event_rate,county,4,male,75-84,0.1081063039193654,0.07288825795440557,0.159525376467248
qualifying_event_rate,county,4,male,85+,0.08346047620541214,0.0,0.24271212140370532
person_years_exposure,county,4,female,0-17,2811.4761287359515,2457.1425976324113,3187.1291453122435
person_years_exposure,county,4,female,18-44,3845.2260077097144,3361.422171686036,4336.778540094034
person_years_exposure,county,4,female,45-64,3097.978056419746,2704.9066589160066,3511.8979753222666
person_years_exposure,county,4,female,65-74,805.0425210795,650.1075196180027,948.469058267258
person_years_exposure,county,4,female,75-84,177.70154162439962,109.15448390144732,238.6158128085114
person_years_exposure,county,4,female,85+,17.13075655339045,6.140459249312668,29.441155432696373
person_years_exposure,county,4,female,18-64,6943.204064129461,6061.650058504147,7856.027123322336
person_years_exposure,county,4,female,65+,999.8748192572901,773.6479749887063,1207.1129932859874
mortality_rate,county,4,female,0-17,0.009298350278187695,0.00307025798829631,0.02000173190887374
mortality_rate,county,4,female,18-44,0.0018874865834798832,0.0002859074737791663,0.0043166662800120355
mortality_rate,county,4,female,45-64,0.012345501825213066,0.004319958192016531,0.026214474653041435
mortality_rate,county,4,female,65-74,0.06632694768820846,0.023339160360532518,0.14731167855795024
mortality_rate,county,4,female,75-84,0.17827629799486863,0.06734820831892871,0.44430488183781763
mortality_rate,county,4,female,85+,0.23202116512652862,0.06642903039091044,0.6817355876500701
qualifying_event_rate,county,4,female,0-17,0.022731191800562548,0.016025936397929628,0.03104393865852945
qualifying_event_rate,county,4,female,18-44,0.03865677665518679,0.029459450969947575,0.051299301383374095
qualifying_event_rate,county,4,female,45-64,0.057585757811555206,0.04395327303378123,0.07475569661740375
qualifying_event_rate,county,4,female,65-74,0.09902689715051415,0.07502761284871534,0.12963857718232458
qualifying_event_rate,county,4,female,75-84,0.09642350077255916,0.058640001378742763,0.1487865623313117
qualifying_event_rate,county,4,female,85+,0.0696626263885757,0.0,0.18669613124014472
person_years_exposure,county,5,male,0-17,2080.6022650841187,1843.2835150042897,2274.3681061673806
person_years_exposure,county,5,male,18-44,2993.59367146219,2668.321549972659,3230.292485819075
person_years_exposure,county,5,male,45-64,2842.030999886241,2529.821700099435,3083.917680456017
person_years_exposure,county,5,male,65-74,719.3094294697584,584.4192201580258,830.2209658460404
person_years_exposure,county,5,male,75-84,188.6424955439459,110.55812930441567,256.23247508580636
person_years_exposure,county,5,male,85+,10.929982290425011,3.3589429188472293,19.32250254055
person_years_exposure,county,5,male,18-64,5835.624671348431,5209.044975927151,6311.431127719267
person_years_exposure,county,5,male,65+,918.8819073041292,703.0309527523794,1098.4169172764382
mortality_rate,county,5,male,0-17,0.01890603416141607,0.006394469495390335,0.04031342699441434
mortality_rate,county,5,male,18-44,0.003020610497326878,0.0006540907703713207,0.006631429415725917
mortality_rate,county,5,male,45-64,0.0145089421202304,0.004796625897884307,0.030755722290894603
mortality_rate,county,5,male,65-74,0.06873274260598915,0.02463154264102874,0.15491850572287252
mortality_rate,county,5,male,75-84,0.18450146198126718,0.0659362545456749,0.45944799104238515
mortality_rate,county,5,male,85+,0.24426173639945234,0.053955899266559824,0.8234644053483204
qualifying_event_rate,county,5,male,0-17,0.015875342438966628,0.010331114872405196,0.02234992326524999
qualifying_event_rate,county,5,male,18-44,0.023845517093050685,0.017103147007144378,0.03239974093280374
qualifying_event_rate,county,5,male,45-64,0.03868822155859705,0.02872411060229027,0.05161110632852581
qualifying_event_rate,county,5,male,65-74,0.0680586501375033,0.048373287975296685,0.09280199375732583
qualifying_event_rate,county,5,male,75-84,0.0690466681743383,0.037504754934928566,0.10990043117887567
qualifying_event_rate,county,5,male,85+,0.07401351775360737,0.0,0.24004220205833643
person_years_exposure,county,5,female,0-17,2090.621208560559,1859.70390752077,2265.7265369275333
person_years_exposure,county,5,female,18-44,2963.1628559657875,2639.024183392545,3198.9815276088857
person_years_exposure,county,5,female,45-64,2931.14914687607,2612.959614918183,3178.850449480302
person_years_exposure,county,5,female,65-74,794.9553599599832,647.4674477617828,911.8167787245987
person_years_exposure,county,5,female,75-84,159.31790198446342,91.01940653915321,213.99774398961233
person_years_exposure,county,5,female,85+,11.375744671094663,2.9653309091447357,21.395242017013846
person_years_exposure,county,5,female,18-64,5894.312002841858,5256.605255398173,6373.19213201833
person_years_exposure,county,5,female,65+,965.6490066155413,755.7065204792107,1139.5954608542013
mortality_rate,county,5,female,0-17,0.012873014750854818,0.004061040801183894,0.027553099866331577
mortality_rate,county,5,female,18-44,0.002277971319197022,0.00033868483326901624,0.005124491172451255
mortality_rate,county,5,female,45-64,0.012792451066917806,0.004327375024659731,0.026949220231912017
mortality_rate,county,5,female,65-74,0.06347875152804167,0.021520887814899685,0.14560338122558017
mortality_rate,county,5,female,75-84,0.1857484311138343,0.0672668424653901,0.46543898572862036
mortality_rate,county,5,female,85+,0.23670969102499842,0.05045739403215295,0.8485440021208979
qualifying_event_rate,county,5,female,0-17,0.016473778007453123,0.01051899370300391,0.023410213575609174
qualifying_event_rate,county,5,female,18-44,0.024107376308200718,0.01707940893500718,0.03274285204797924
qualifying_event_rate,county,5,female,45-64,0.03360540063654929,0.02458181371796326,0.04494072014316231
qualifying_event_rate,county,5,female,65-74,0.0732372499511822,0.05286085762469488,0.09838273101391132
qualifying_event_rate,county,5,female,75-84,0.07763825711750125,0.042419577520430345,0.1271316814399694
qualifying_event_rate,county,5,female,85+,0.0788108194206852,0.0,0.25089274508889975
person_years_exposure,county,6,male,0-17,3020.917781071013,2761.341737181089,3219.225008444524
person_years_exposure,county,6,male,18-44,4197.486334123491,3851.9096565577324,4472.92450071459
person_years_exposure,county,6,male,45-64,3563.7500263000343,3232.018444487543,3815.2085930466155
person_years_exposure,county,6,male,65-74,850.3089460742242,708.1825719743982,961.356179640948
person_years_exposure,county,6,male,75-84,272.1246479212378,169.65358082769256,352.8099610658879
person_years_exposure,county,6,male,85+,13.039233079087353,3.4770707993110843,23.690989460395276
person_years_exposure,county,6,male,18-64,7761.236360423525,7065.163438769865,8279.289243080777
person_years_exposure,county,6,male,65+,1135.4728270745493,885.9244298497424,1325.140037428184
mortality_rate,county,6,male,0-17,0.0007250874887178895,0.0,0.0018859112608380956
mortality_rate,county,6,male,18-44,0.002798480113146787,0.0007164970440558936,0.006145023479121396
mortality_rate,county,6,male,45-64,0.012238304451948697,0.004215878698526988,0.025186725369946244
mortality_rate,county,6,male,65-74,0.06545033864830252,0.022888705438594125,0.14428854706666983
mortality_rate,county,6,male,75-84,0.16991969155138828,0.06235217429492371,0.4211204228730189
mortality_rate,county,6,male,85+,0.18113242734418533,0.0,0.6702789657572561
qualifying_event_rate,county,6,male,0-17,0.018069807356490518,0.01240489783619279,0.02503213340608543
qualifying_event_rate,county,6,male,18-44,0.020019654591692054,0.014381651442638062,0.02712920091036878
qualifying_event_rate,county,6,male,45-64,0.03602601034444467,0.026487045663433413,0.04820748925548849
qualifying_event_rate,county,6,male,65-74,0.06335342265410118,0.04479252587435684,0.08674980763361512
qualifying_event_rate,county,6,male,75-84,0.07016203908808927,0.04279960361749304,0.10719039909539071
qualifying_event_rate,county,6,male,85+,0.04133255521163019,0.0,0.17165180231032104
person_years_exposure,county,6,female,0-17,3106.1794290049825,2830.9757616461734,3321.751378145318
person_years_exposure,county,6,female,18-44,3906.8156425463344,3567.267971561417,4154.452422092927
person_years_exposure,county,6,female,45-64,3396.403650195655,3083.0603150925663,3628.2994523282964
person_years_exposure,county,6,female,65-74,918.6909866234802,775.8950772093639,1034.1827497250065
person_years_exposure,county,6,female,75-84,275.02087061291166,165.17357993284963,359.77510368396145
person_years_exposure,county,6,female,85+,6.882776232828797,0.5692566676934425,14.690667116974701
person_years_exposure,county,6,female,18-64,7303.219292741989,6654.018244710866,7776.164834165704
person_years_exposure,county,6,female,65+,1200.5946334692205,952.2030782386703,1397.038257704979
mortality_rate,county,6,female,0-17,0.004063378281818424,0.000986357122215313,0.009121170283402336
mortality_rate,county,6,female,18-44,0.0016810065826959766,0.0002603855264795361,0.0038454372381147685
mortality_rate,county,6,female,45-64,0.009339641183232933,0.003033688171399517,0.019024987021685064
mortality_rate,county,6,female,65-74,0.06432494179285844,0.02354077449998447,0.13730007927888363
mortality_rate,county,6,female,75-84,0.18115864656927347,0.0660547452554169,0.44427399072183854
mortality_rate,county,6,female,85+,0.2096222290956034,0.0,1.0087165216783116
qualifying_event_rate,county,6,female,0-17,0.018506142272635532,0.012731552752658849,0.025438456793299695
qualifying_event_rate,county,6,female,18-44,0.02201756175815758,0.0159217646347355,0.02953948008986331
qualifying_event_rate,county,6,female,45-64,0.03574481159998646,0.026268842850513778,0.04737184836442863
qualifying_event_rate,county,6,female,65-74,0.07036719463906668,0.051364805015847954,0.09427269673869157
qualifying_event_rate,county,6,female,75-84,0.06428941839874502,0.038527212878129755,0.10044133913173846
qualifying_event_rate,county,6,female,85+,0.08171928832272302,0.0,0.28394849708655484
person_years_exposure,county,7,male,0-17,2159.3154714024467,2088.8269067594156,2230.9469012124187
person_years_exposure,county,7,male,18-44,2519.7486508378643,2448.2871822839006,2590.9142005902477
person_years_exposure,county,7,male,45-64,2925.5976902460916,2809.2348674551868,3026.2876161038
person_years_exposure,county,7,male,65-74,773.1013547320281,646.8023322317557,859.7473667373126
person_years_exposure,county,7,male,75-84,246.14778086339868,147.1049913812109,326.60654229874837
person_years_exposure,county,7,male,85+,8.958362964294302,2.1122194911024614,17.08015304279157
person_years_exposure,county,7,male,18-64,5445.346341083956,5268.471403008962,5606.219326999043
person_years_exposure,county,7,male,65+,1028.207498559721,801.464151638797,1194.21937417204
mortality_rate,county,7,male,0-17,0.0007998140170450886,0.0,0.002310357148561068
mortality_rate,county,7,male,18-44,0.0026598480111384953,0.00039800686088153393,0.006018252805271068
mortality_rate,county,7,male,45-64,0.01231619326287788,0.004119838394724161,0.02634027301438234
mortality_rate,county,7,male,65-74,0.06711429027580319,0.02414195243660889,0.15145740709050948
mortality_rate,county,7,male,75-84,0.18034912495359412,0.06802656588229962,0.4393099239778259
mortality_rate,county,7,male,85+,0.16907006538656122,0.0,0.6759269481887562
qualifying_event_rate,county,7,male,0-17,0.01490815338302194,0.009568073450073234,0.021358131167470918
qualifying_event_rate,county,7,male,18-44,0.0252022827545255,0.017747955126212033,0.034163973974096117
qualifying_event_rate,county,7,male,45-64,0.03554378537860514,0.02670100276694555,0.047496685690662364
qualifying_event_rate,county,7,male,65-74,0.0553900888788431,0.037806168041356204,0.07686164586109226
qualifying_event_rate,county,7,male,75-84,0.07350948716838503,0.04443461855625353,0.11340793996201333
qualifying_event_rate,county,7,male,85+,0.04051358142131286,0.0,0.17287439256278594
person_years_exposure,county,7,female,0-17,2207.715193641869,2132.551993157068,2282.9381174837476
person_years_exposure,county,7,female,18-44,2804.170237919995,2718.6568809803557,2889.825581730971
person_years_exposure,county,7,female,45-64,3094.18356494162,2950.4143498218937,3211.22709392017
person_years_exposure,county,7,female,65-74,821.5452854259223,687.7480014416244,911.204506135508
person_years_exposure,county,7,female,75-84,231.15569914365574,139.2001622860255,303.69692636190626
person_years_exposure,county,7,female,85+,5.64908820460439,1.4834719177285896,10.629220244449192
person_years_exposure,county,7,female,18-64,5898.353802861615,5689.167710084445,6094.0630363983055
person_years_exposure,county,7,female,65+,1058.3500727741823,831.2851268058897,1218.1112891791227
mortality_rate,county,7,female,0-17,0.004405714345768924,0.0009190453416967527,0.009689906034360323
mortality_rate,county,7,female,18-44,0.0020196970006182576,0.00035354346115678534,0.004758052226296343
mortality_rate,county,7,female,45-64,0.015038296540392211,0.005036780543681321,0.031331792193779025
mortality_rate,county,7,female,65-74,0.0643884591671579,0.02262243337594777,0.14412582652907938
mortality_rate,county,7,female,75-84,0.16865743785719617,0.06438944911409629,0.41751555581263944
mortality_rate,county,7,female,85+,0.21910036230561597,0.0,0.9121681904400516
qualifying_event_rate,county,7,female,0-17,0.015494313464216251,0.010011247475399724,0.021954057517233574
qualifying_event_rate,county,7,female,18-44,0.025720098651980536,0.018288279218041416,0.034710449996636035
qualifying_event_rate,county,7,female,45-64,0.03730316871639054,0.027385435044570323,0.050017177662797556
qualifying_event_rate,county,7,female,65-74,0.06478809724113326,0.04644502143583892,0.08825802860438209
qualifying_event_rate,county,7,female,75-84,0.07162262006431912,0.04375749020889977,0.10918689977324936
qualifying_event_rate,county,7,female,85+,0.05834283906132699,0.0,0.27507749717615393
person_years_exposure,county,8,male,0-17,2379.1069647250074,2182.0751008840757,2544.2338157803897
person_years_exposure,county,8,male,18-44,3327.1503521765417,3047.6088375473887,3545.4950595084474
person_years_exposure,county,8,male,45-64,2808.4545443503666,2550.103642820027,3009.5057847021244
person_years_exposure,county,8,male,65-74,733.7745353830494,615.4396522513007,828.4755082664976
person_years_exposure,county,8,male,75-84,245.26913495460425,153.61612412885597,316.1450888009539
person_years_exposure,county,8,male,85+,11.904618583400891,4.298747440919949,19.675804888288148
person_years_exposure,county,8,male,18-64,6135.604896526908,5600.502019812962,6544.118550518565
person_years_exposure,county,8,male,65+,990.9482889210545,780.0421760167471,1156.934995308137
mortality_rate,county,8,male,0-17,0.0007402905774577371,0.0,0.00205749476944626
mortality_rate,county,8,male,18-44,0.0027742866335937148,0.000601312951058164,0.006173015532324165
mortality_rate,county,8,male,45-64,0.012484972075847022,0.004083617132955727,0.025940416996618657
mortality_rate,county,8,male,65-74,0.06475905404954427,0.0224881112844691,0.14292882620486835
mortality_rate,county,8,male,75-84,0.16147080670421773,0.06012756673076211,0.39959991936708267
mortality_rate,county,8,male,85+,0.2023981467650966,0.0,0.7841907390726439
qualifying_event_rate,county,8,male,0-17,0.018267957862194546,0.012191698381100475,0.02596095554402375
qualifying_event_rate,county,8,male,18-44,0.0202141063597421,0.0141270303424251,0.02787818517729763
qualifying_event_rate,county,8,male,45-64,0.03644773835210057,0.026683134686178063,0.04898275013908562
qualifying_event_rate,county,8,male,65-74,0.06420456126470706,0.044427731410286275,0.0884366577447011
qualifying_event_rate,county,8,male,75-84,0.06998184908330318,0.04118451806795765,0.10905179648500928
qualifying_event_rate,county,8,male,85+,0.04413327304110448,0.0,0.1718326822679217
person_years_exposure,county,8,female,0-17,2405.575469643928,2196.0557025796506,2574.7577893241237
person_years_exposure,county,8,female,18-44,3008.114986904966,2768.0212260212816,3199.5854671420857
person_years_exposure,county,8,female,45-64,2931.4194539025166,2661.0551234298277,3135.2181171295206
person_years_exposure,county,8,female,65-74,809.7552346702355,680.9283783406349,914.123864528022
person_years_exposure,county,8,female,75-84,172.05151813952895,103.79811278926122,228.68371612607567
person_years_exposure,county,8,female,85+,18.352725289667188,6.9274757753657825,31.03221993795268
person_years_exposure,county,8,female,18-64,5939.5344408074825,5416.97438902521,6330.63260615717
person_years_exposure,county,8,female,65+,1000.1594780994317,799.2227480679621,1162.4810785568793
mortality_rate,county,8,female,0-17,0.004140365190444126,0.0008609727525022245,0.009222501412984547
mortality_rate,county,8,female,18-44,0.001647236939601918,0.00031942665840152827,0.0038512585618218115
mortality_rate,county,8,female,45-64,0.008912064755939489,0.0028555626524393307,0.018145283249190788
mortality_rate,county,8,female,65-74,0.06604744242856612,0.02333984903546584,0.14150966617518326
mortality_rate,county,8,female,75-84,0.172907847918812,0.06423414149702213,0.4273092946301588
mortality_rate,county,8,female,85+,0.2851848960735163,0.0892895121964154,0.8739385695555307
qualifying_event_rate,county,8,female,0-17,0.01867487787928333,0.012550734036238869,0.026094077444382937
qualifying_event_rate,county,8,female,18-44,0.0222467886795626,0.015728098532350927,0.030337768430355322
qualifying_event_rate,county,8,female,45-64,0.03575736119210313,0.026194602261116407,0.04797409373697426
qualifying_event_rate,county,8,female,65-74,0.07170554145345574,0.05089052627770224,0.09719176566976982
qualifying_event_rate,county,8,female,75-84,0.062412849695507366,0.032644411702957364,0.10178938775205376
qualifying_event_rate,county,8,female,85+,0.09670473675123648,0.0,0.2499744924536388
person_years_exposure,county,9,male,0-17,2796.5251350707013,2450.302097188806,3169.0174131164995
person_years_exposure,county,9,male,18-44,3603.9687768690933,3149.596370075706,4066.0854216751836
person_years_exposure,county,9,male,45-64,3522.6568359504204,3078.636086186759,3996.6268527010066
person_years_exposure,county,9,male,65-74,754.8671289063635,618.1019311337079,887.2696196898316
person_years_exposure,county,9,male,75-84,247.28505751366524,143.45671607942515,334.9432546632004
person_years_exposure,county,9,male,85+,16.66225648621957,4.49368635630751,30.600630181408064
person_years_exposure,county,9,male,18-64,7126.625612819514,6223.480793394523,8067.1061974140075
person_years_exposure,county,9,male,65+,1018.8144429062484,776.3202327156721,1238.129522206796
mortality_rate,county,9,male,0-17,0.0010174107888638977,0.0,0.002610532271660312
mortality_rate,county,9,male,18-44,0.002740847742882317,0.0005890344207648072,0.005980531039374896
mortality_rate,county,9,male,45-64,0.012861358472780759,0.004435695041140947,0.02669848895640348
mortality_rate,county,9,male,65-74,0.06040848243946653,0.02137522058788797,0.13358028183776802
mortality_rate,county,9,male,75-84,0.18326438351232885,0.0688040902387864,0.454912719921962
mortality_rate,county,9,male,85+,0.18177452021985557,0.03978580825784371,0.659313331123436
qualifying_event_rate,county,9,male,0-17,0.024138494377699694,0.01702859488439611,0.0328714228114633
qualifying_event_rate,county,9,male,18-44,0.0379635186674287,0.028224185268905085,0.05008923711063434
qualifying_event_rate,county,9,male,45-64,0.05848260836927845,0.0450990645574453,0.07530752422788242
qualifying_event_rate,county,9,male,65-74,0.10139601786385904,0.07595860802742026,0.13135703148482744
qualifying_event_rate,county,9,male,75-84,0.11190085176211623,0.07532861768859936,0.16512341418717144
qualifying_event_rate,county,9,male,85+,0.08213063205661436,0.0,0.22808551320167025
person_years_exposure,county,9,female,0-17,2693.5605278649195,2353.3990136667794,3052.3674601847856
person_years_exposure,county,9,female,18-44,3571.677627048745,3123.9783720813284,4037.3588606130984
person_years_exposure,county,9,female,45-64,3196.650158600758,2795.0695175367537,3626.784210492961
person_years_exposure,county,9,female,65-74,875.029738573235,713.5119382396933,1033.7113850768183
person_years_exposure,county,9,female,75-84,210.85819602882202,128.52935562658521,281.43307546994004
person_years_exposure,county,9,female,85+,14.560656091819746,4.207151840606294,26.221930249012416
person_years_exposure,county,9,female,18-64,6768.327785649502,5921.36703182627,7658.67419398665
person_years_exposure,county,9,female,65+,1100.448590693877,856.3725251796698,1332.671083989713
mortality_rate,county,9,female,0-17,0.009311487315037533,0.0030523789181570926,0.020078773017455667
mortality_rate,county,9,female,18-44,0.001931837938423168,0.00030182037356099643,0.004423005719747611
mortality_rate,county,9,female,45-64,0.013108509919284373,0.004589216121544625,0.027602074654032263
mortality_rate,county,9,female,65-74,0.06407601337749877,0.02327744012417318,0.14493859489451108
mortality_rate,county,9,female,75-84,0.1795830582585866,0.06862308144064863,0.43959565429849895
mortality_rate,county,9,female,85+,0.23390792222328669,0.04495048227175991,0.8086951871363407
qualifying_event_rate,county,9,female,0-17,0.023770886026182138,0.016638803080594965,0.032166931266946634
qualifying_event_rate,county,9,female,18-44,0.04044145713553747,0.030043075236376587,0.053490942074808874
qualifying_event_rate,county,9,female,45-64,0.060498053802015485,0.04630412907833269,0.0794166197920226
qualifying_event_rate,county,9,female,65-74,0.10147894067674179,0.07691890667150848,0.1307927976637948
qualifying_event_rate,county,9,female,75-84,0.10172350278331038,0.06586643473445075,0.14852361899377933
qualifying_event_rate,county,9,female,85+,0.0788474674772389,0.0,0.2249244722202618
person_years_exposure,county,10,male,0-17,714.3753806533883,623.5555975618587,808.2223680020892
person_years_exposure,county,10,male,18-44,943.7029949961931,827.3893891436633,1060.0526083589662
person_years_exposure,county,10,male,45-64,1094.0477160225073,957.8915307807524,1234.6312111226023
person_years_exposure,county,10,male,65-74,284.9355621414516,232.57427648983645,334.2758633232473
person_years_exposure,county,10,male,75-84,108.10151338111483,63.72308455982804,146.8750016431125
person_years_exposure,county,10,male,85+,7.605687891542285,1.9935419688815768,13.88520078523587
person_years_exposure,county,10,male,18-64,2037.7507110187003,1790.347930618202,2294.0937332300596
person_years_exposure,county,10,male,65+,400.64276341410874,304.8664824718433,485.9519212172239
mortality_rate,county,10,male,0-17,0.0017668680436545125,0.0,0.005443388948094407
mortality_rate,county,10,male,18-44,0.002772197692797584,0.0,0.007237919231205807
mortality_rate,county,10,male,45-64,0.014310311566156076,0.0042850216335823576,0.03176871085328621
mortality_rate,county,10,male,65-74,0.06246626844697019,0.019152544419727007,0.14003606150406023
mortality_rate,county,10,male,75-84,0.17195863400644662,0.06133595872273971,0.4269261231595953
mortality_rate,county,10,male,85+,0.1682575401441694,0.0,0.7751188179302335
qualifying_event_rate,county,10,male,0-17,0.023518686384435713,0.01344919680304665,0.03533701973915979
qualifying_event_rate,county,10,male,18-44,0.03511023738635312,0.022530349012349803,0.04892041286734156
qualifying_event_rate,county,10,male,45-64,0.05479751864082288,0.03879495636301823,0.07473783310961174
qualifying_event_rate,county,10,male,65-74,0.09365265874737437,0.06346176977403521,0.1290427427820907
qualifying_event_rate,county,10,male,75-84,0.0934697898892455,0.05029292615848107,0.14829156170715568
qualifying_event_rate,county,10,male,85+,0.08496455539749376,0.0,0.2865202862999703
person_years_exposure,county,10,female,0-17,828.1406472580576,718.4907032311717,942.1740335721254
person_years_exposure,county,10,female,18-44,1131.821665871578,994.0145493361107,1273.210256660044
person_years_exposure,county,10,female,45-64,1152.1673702068972,1005.7686286933522,1303.7228410092277
person_years_exposure,county,10,female,65-74,329.7768265481479,265.91952109814326,389.7288842762325
person_years_exposure,county,10,female,75-84,85.22350827321887,49.71170661887048,116.23487407844486
person_years_exposure,county,10,female,85+,2.707984736575528,0.11855572416592478,6.002019870496706
person_years_exposure,county,10,female,18-64,2283.9890360784752,2002.7857446751048,2571.643754948084
person_years_exposure,county,10,female,65+,417.70831955794233,323.417732557666,504.7206545703352
mortality_rate,county,10,female,0-17,0.016684457847397884,0.0046081055095527935,0.036675290866724684
mortality_rate,county,10,female,18-44,0.0019292736796291026,0.0,0.004977098001828501
mortality_rate,county,10,female,45-64,0.01413614332121646,0.004152365357792252,0.031364067271321225
mortality_rate,county,10,female,65-74,0.06759734218889395,0.021924163996137343,0.15195859408553103
mortality_rate,county,10,female,75-84,0.15123041328765632,0.05108804056778578,0.3821093279940314
mortality_rate,county,10,female,85+,0.20126216467232297,0.0,1.4042598746867028
qualifying_event_rate,county,10,female,0-17,0.020170732647326155,0.01122994619976966,0.03047520184960493
qualifying_event_rate,county,10,female,18-44,0.03656247366093373,0.025144592124286456,0.05057108694003524
qualifying_event_rate,county,10,female,45-64,0.049520718565314106,0.035116915833837824,0.06736991276109953
qualifying_event_rate,county,10,female,65-74,0.09245280415012594,0.06283745079694839,0.12764953360861184
qualifying_event_rate,county,10,female,75-84,0.0928128547337108,0.047003749955279756,0.15140161905560817
qualifying_event_rate,county,10,female,85+,0.07810785873907126,0.0,0.3718178970834026
person_years_exposure,county,11,male,0-17,1588.8123598328584,1388.962263818178,1788.4063906612798
person_years_exposure,county,11,male,18-44,2308.1514879287097,2028.4084093298352,2590.109604146091
person_years_exposure,county,11,male,45-64,2120.658305370058,1861.3025691483292,2387.997964330737
person_years_exposure,county,11,male,65-74,601.0886068869208,492.3150001166617,707.5486560997651
person_years_exposure,county,11,male,75-84,124.44203932442745,72.99239282168061,170.21180029300072
person_years_exposure,county,11,male,85+,1.1515802795358958,0.02089113868228831,3.2628602939776923
person_years_exposure,county,11,male,18-64,4428.8097932987675,3892.906805576823,4974.66656924722
person_years_exposure,county,11,male,65+,726.6822264908842,571.1963308639713,870.7683005231954
mortality_rate,county,11,male,0-17,0.001811064338996396,0.0,0.004383759376716381
mortality_rate,county,11,male,18-44,0.002729583825714906,0.00043233686606247495,0.006081579084612718
mortality_rate,county,11,male,45-64,0.014788947662187017,0.004767473941345653,0.031160830743703422
mortality_rate,county,11,male,65-74,0.060004380869735724,0.02049477680828833,0.13417742490894533
mortality_rate,county,11,male,75-84,0.17690721703182044,0.0633783660600868,0.44265680114782585
mortality_rate,county,11,male,85+,0.10866451777541128,0.0,0.9746523564017789
qualifying_event_rate,county,11,male,0-17,0.023746978020405825,0.015609158183802188,0.03371620916663668
qualifying_event_rate,county,11,male,18-44,0.03496185845991251,0.025232303131748717,0.04682467169376028
qualifying_event_rate,county,11,male,45-64,0.055026720145463004,0.04091677149605838,0.07177555456028523
qualifying_event_rate,county,11,male,65-74,0.09139933557434146,0.06681934375308347,0.12246059147099761
qualifying_event_rate,county,11,male,75-84,0.09458005485349535,0.05300853261603832,0.1468055330349897
qualifying_event_rate,county,11,male,85+,0.06397749879175782,0.0,0.40316458042859254
person_years_exposure,county,11,female,0-17,1622.0556376997508,1413.1676056686697,1839.2479737956605
person_years_exposure,county,11,female,18-44,2246.112513477762,1971.2880378748655,2524.522133208981
person_years_exposure,county,11,female,45-64,2007.111002721446,1757.6204465274711,2266.8105058763663
person_years_exposure,county,11,female,65-74,639.2927916542211,520.3436532238748,751.5832064204407
person_years_exposure,county,11,female,75-84,134.8081135244293,78.0563825033504,184.60007264881045
person_years_exposure,county,11,female,85+,1.9820349116987739,0.0032157972608144983,4.81014900401592
person_years_exposure,county,11,female,18-64,4253.2235161992085,3730.368615900822,4787.336081487895
person_years_exposure,county,11,female,65+,776.0829400903492,601.1322909164601,932.9170545965461
mortality_rate,county,11,female,0-17,0.017019720502867337,0.005417034753415766,0.03634828850807135
mortality_rate,county,11,female,18-44,0.0018908537693528363,0.00037535616383692474,0.0043765677806815876
mortality_rate,county,11,female,45-64,0.014610162920854517,0.004797369688161561,0.03110096003358928
mortality_rate,county,11,female,65-74,0.06427559305591607,0.022511386238446184,0.14492039208758625
mortality_rate,county,11,female,75-84,0.16319041247009625,0.058045277998808015,0.4104766471011336
mortality_rate,county,11,female,85+,0.18682483071706782,0.0,1.3358853765899845
qualifying_event_rate,county,11,female,0-17,0.02017266895521054,0.013157377561289428,0.028514652267070156
qualifying_event_rate,county,11,female,18-44,0.03620963079038003,0.0262292915377184,0.0489482373140796
qualifying_event_rate,county,11,female,45-64,0.049644282065967195,0.0365120456080502,0.06566395428627785
qualifying_event_rate,county,11,female,65-74,0.09044077266046133,0.06616171790187829,0.12141709245167809
qualifying_event_rate,county,11,female,75-84,0.09690752190758856,0.05684342093470768,0.14954448117760785
qualifying_event_rate,county,11,female,85+,0.06962014016387055,0.0,0.33300421195691254
person_years_exposure,county,12,male,0-17,461.74740024090516,418.96125280642667,497.8861195693615
person_years_exposure,county,12,male,18-44,524.7738463737398,480.14308517253215,560.5833428243365
person_years_exposure,county,12,male,45-64,505.3955120885174,455.6259235013383,544.913138910857
person_years_exposure,county,12,male,65-74,135.75483303894632,108.88511335448821,156.24475895005054
person_years_exposure,county,12,male,75-84,8.51567433651367,3.6256639347522577,13.032321625273116
person_years_exposure,county,12,male,85+,0.05513482784963527,0.007771736637490898,0.15071022682090515
person_years_exposure,county,12,male,18-64,1030.1693584622572,938.2090814045204,1103.625054246424
person_years_exposure,county,12,male,65+,144.32564220330963,114.96962966080552,166.9591348368402
mortality_rate,county,12,male,0-17,0.0007160280367173923,0.0,0.004126490419216982
mortality_rate,county,12,male,18-44,0.002836496446171841,0.0,0.007933857823194139
mortality_rate,county,12,male,45-64,0.012286439822104716,0.0019570850655050336,0.028624666358893804
mortality_rate,county,12,male,65-74,0.060292394647625605,0.013654810993878965,0.14494623654537822
mortality_rate,county,12,male,75-84,0.14851609973959137,0.0,0.5994789600914743
mortality_rate,county,12,male,85+,0.0037769345282066967,0.0,0.0037769345282066967
qualifying_event_rate,county,12,male,0-17,0.01794669123079189,0.008329850183279993,0.02952501259864759
qualifying_event_rate,county,12,male,18-44,0.0199831844414326,0.009646699503930864,0.031685075106811345
qualifying_event_rate,county,12,male,45-64,0.03588674750226032,0.02136218581324351,0.05318640138712245
qualifying_event_rate,county,12,male,65-74,0.06086215549527218,0.028442875805476702,0.09882532076624079
qualifying_event_rate,county,12,male,75-84,0.06637698164663863,0.0,0.22225623133606087
qualifying_event_rate,county,12,male,85+,0.0,0.0,0.0
person_years_exposure,county,12,female,0-17,355.87462275600865,320.5009458160646,387.33689011947234
person_years_exposure,county,12,female,18-44,590.5238028700231,540.7460656259307,629.5367489680582
person_years_exposure,county,12,female,45-64,505.3349660282812,458.088783270911,543.9464268009655
person_years_exposure,county,12,female,65-74,155.70663617989337,129.91394911039444,177.26599521465843
person_years_exposure,county,12,female,75-84,27.765492708891788,16.057700101236353,38.51709306175268
person_years_exposure,county,12,female,85+,1.865817016791398,0.05026052557335641,4.685368480755414
person_years_exposure,county,12,female,18-64,1095.8587688983043,1002.2522689167139,1171.1504100193279
person_years_exposure,county,12,female,65+,185.33794590557656,148.5032377779879,215.45775670616916
mortality_rate,county,12,female,0-17,0.004017295970677016,0.0,0.01154573168437319
mortality_rate,county,12,female,18-44,0.0016537225006913832,0.0,0.005242308448910029
mortality_rate,county,12,female,45-64,0.009868205608997187,0.001871365411515638,0.023303935105706018
mortality_rate,county,12,female,65-74,0.05977346792641392,0.013705071501251005,0.13410105756655993
mortality_rate,county,12,female,75-84,0.17097672404509903,0.032762270346175015,0.4628883822026231
mortality_rate,county,12,female,85+,0.17954456502563837,0.0,1.2629014547391082
qualifying_event_rate,county,12,female,0-17,0.018357127767123532,0.0071804848176128255,0.03169375447339692
qualifying_event_rate,county,12,female,18-44,0.021786902648451928,0.011398818982928065,0.034197518388881736
qualifying_event_rate,county,12,female,45-64,0.03585299308451765,0.020690308304092013,0.05326769319830268
qualifying_event_rate,county,12,female,65-74,0.06749945803832127,0.03503140323311511,0.10482404276332402
qualifying_event_rate,county,12,female,75-84,0.06038680403243854,0.0,0.1435822075429237
qualifying_event_rate,county,12,female,85+,0.06856329018373351,0.0,0.3552919571968718
person_years_exposure,county,13,male,0-17,863.8459456373558,764.3405501451156,947.2104290915722
person_years_exposure,county,13,male,18-44,1302.0268679123433,1162.078341723847,1408.2737681584013
person_years_exposure,county,13,male,45-64,1450.6079511976693,1296.0461311905449,1580.4561174172086
person_years_exposure,county,13,male,65-74,328.97426499113107,266.38658321351664,378.95365922938834
person_years_exposure,county,13,male,75-84,100.42621681415837,59.071645132659874,136.98201059048665
person_years_exposure,county,13,male,85+,4.290973707691066,0.3073922699064946,9.360614659065973
person_years_exposure,county,13,male,18-64,2752.6348191100124,2460.218380406784,2984.4711676969396
person_years_exposure,county,13,male,65+,433.6914555129805,331.98722683126925,520.7306944627652
mortality_rate,county,13,male,0-17,0.0189926668801402,0.0054992034972142605,0.04253845445756505
mortality_rate,county,13,male,18-44,0.002923967997385352,0.0,0.007203629451035487
mortality_rate,county,13,male,45-64,0.01549660069692862,0.004713072386553774,0.033334897449097775
mortality_rate,county,13,male,65-74,0.06642285134416108,0.021263481688615835,0.15413136518826873
mortality_rate,county,13,male,75-84,0.18006887567339513,0.06157229276831503,0.4469407036402424
mortality_rate,county,13,male,85+,0.16757456099724788,0.0,0.7798110201648908
qualifying_event_rate,county,13,male,0-17,0.017007540065966442,0.009306491861597717,0.026119895548341692
qualifying_event_rate,county,13,male,18-44,0.02506777068842802,0.01628930635132329,0.035808228155864374
qualifying_event_rate,county,13,male,45-64,0.04162115374636657,0.029869645032196263,0.05600046772754134
qualifying_event_rate,county,13,male,65-74,0.07052297352779485,0.045034234546580225,0.10173713798646057
qualifying_event_rate,county,13,male,75-84,0.07171189576465409,0.032111827833219385,0.122153841391702
qualifying_event_rate,county,13,male,85+,0.058040837944056185,0.0,0.2726823311868374
person_years_exposure,county,13,female,0-17,908.0011264160413,807.8687260503473,988.2459860759463
person_years_exposure,county,13,female,18-44,1344.8635808887523,1199.8601562985073,1452.0212769903517
person_years_exposure,county,13,female,45-64,1208.372382284008,1074.8740482962587,1309.9293104278524
person_years_exposure,county,13,female,65-74,324.8608475354564,265.2459823894804,375.34349478229046
person_years_exposure,county,13,female,75-84,114.23856178613138,69.7780939149128,152.31480430896852
person_years_exposure,county,13,female,85+,0.5110173357597408,0.0017523322259250151,1.5638879212311125
person_years_exposure,county,13,female,18-64,2553.2359631727604,2275.856757891059,2755.032054744369
person_years_exposure,county,13,female,65+,439.61042665734755,339.5682545825069,523.235186857903
mortality_rate,county,13,female,0-17,0.012786048609681603,0.0032706181378876786,0.028555170492527135
mortality_rate,county,13,female,18-44,0.00223434023733041,0.0,0.005628679918825931
mortality_rate,county,13,female,45-64,0.013610282147804477,0.003954494584010334,0.029587658637392617
mortality_rate,county,13,female,65-74,0.06442169156557975,0.020175126120301392,0.14884268286454516
mortality_rate,county,13,female,75-84,0.15984296513394364,0.05293506444762299,0.39855829779177815
mortality_rate,county,13,female,85+,0.16356836109535486,0.0,1.9065886762818594
qualifying_event_rate,county,13,female,0-17,0.017287430366735402,0.00978251034733811,0.026340764447654843
qualifying_event_rate,county,13,female,18-44,0.02556714442179343,0.016851500640540834,0.03609564311687627
qualifying_event_rate,county,13,female,45-64,0.036144710166823905,0.0246266660033727,0.04985501275057314
qualifying_event_rate,county,13,female,65-74,0.07779227814184021,0.05050364070605544,0.1099715031518029
qualifying_event_rate,county,13,female,75-84,0.07705425755983945,0.03739356746631723,0.1274823039698405
qualifying_event_rate,county,13,female,85+,0.06457707955023559,0.0,0.06457707955023559
person_years_exposure,county,14,male,0-17,331.6909400192974,290.9402946763265,366.5967391811949
person_years_exposure,county,14,male,18-44,372.5631876763645,332.22272836007073,402.4991961067413
person_years_exposure,county,14,male,45-64,452.9780092249453,403.79955868108317,494.39799335538237
person_years_exposure,county,14,male,65-74,137.4282280601383,108.38458378510941,160.98698791470534
person_years_exposure,county,14,male,75-84,42.770829192095455,23.63613613503753,59.70070601923917
person_years_exposure,county,14,male,85+,0.7622615243225486,0.0018045636186233135,2.3172127466545804
person_years_exposure,county,14,male,18-64,825.5411969013098,737.082323673147,896.1899694846453
person_years_exposure,county,14,male,65+,180.9613187765563,134.46618667045993,218.66810571120934
mortality_rate,county,14,male,0-17,0.01920811926007234,0.002971735389614049,0.04518458785867822
mortality_rate,county,14,male,18-44,0.003175733068613163,0.0,0.010001745683919873
mortality_rate,county,14,male,45-64,0.014614735392923801,0.002399386549339086,0.033596467433396664
mortality_rate,county,14,male,65-74,0.07514687357920255,0.019640817620893307,0.1774817189103624
mortality_rate,county,14,male,75-84,0.1806132773869406,0.05532496770380154,0.4561765095666748
mortality_rate,county,14,male,85+,0.14727888234043326,0.0,1.6034392896471534
qualifying_event_rate,county,14,male,0-17,0.016072626332354758,0.005777174828209886,0.0288790904209646
qualifying_event_rate,county,14,male,18-44,0.024429066209478892,0.010848220050333715,0.04034701563658294
qualifying_event_rate,county,14,male,45-64,0.03894256703228579,0.02287172875662547,0.05741386087629261
qualifying_event_rate,county,14,male,65-74,0.06956676083804156,0.03619804444937493,0.10951909529430778
qualifying_event_rate,county,14,male,75-84,0.06609789925761331,0.01100632756844227,0.13594916661356923
qualifying_event_rate,county,14,male,85+,0.056358763698132475,0.0,0.056358763698132475
person_years_exposure,county,14,female,0-17,293.16745300232805,260.0283618595482,321.98242752768334
person_years_exposure,county,14,female,18-44,333.5137668186591,298.3698134256062,359.6302472911969
person_years_exposure,county,14,female,45-64,407.84223948360625,361.96596232866136,444.67628719249973
person_years_exposure,county,14,female,65-74,159.83057098575412,130.44049087967372,184.51218394529292
person_years_exposure,county,14,female,75-84,53.72838840933722,31.084424429866843,73.686274328976
person_years_exposure,county,14,female,85+,2.820367396648247,0.3988043665714969,5.177438693489457
person_years_exposure,county,14,female,18-64,741.3560063022653,660.923078256445,803.2461413922894
person_years_exposure,county,14,female,65+,216.37932679173957,167.31655219444156,259.08188578867504
mortality_rate,county,14,female,0-17,0.012732443065280798,0.0,0.03263782913745192
mortality_rate,county,14,female,18-44,0.002464839493340264,0.0,0.008740122955788755
mortality_rate,county,14,female,45-64,0.014473483669622865,0.002400810687206696,0.03450971566912963
mortality_rate,county,14,female,65-74,0.059235224467773774,0.01335628874291389,0.14322465300041795
mortality_rate,county,14,female,75-84,0.1612177597784622,0.04747603561255779,0.40558017885902004
mortality_rate,county,14,female,85+,0.20944646029895472,0.0,1.985434625575999
qualifying_event_rate,county,14,female,0-17,0.016205945433208,0.00393278652259327,0.029882346854476195
qualifying_event_rate,county,14,female,18-44,0.02405122899485079,0.010204695809853098,0.039681668887762464
qualifying_event_rate,county,14,female,45-64,0.03500681299954452,0.02017178411190889,0.05315696920590734
qualifying_event_rate,county,14,female,65-74,0.07334059320406966,0.0405169713316472,0.11119925630790797
qualifying_event_rate,county,14,female,75-84,0.07321269654316309,0.0231312252645406,0.1362467004640823
qualifying_event_rate,county,14,female,85+,0.06796286342224049,0.0,0.3882142062876146
person_years_exposure,county,15,male,0-17,1888.007548138374,1671.694127812092,2067.2068074862264
person_years_exposure,county,15,male,18-44,2688.024692578161,2395.2184966547848,2896.024814319236
person_years_exposure,county,15,male,45-64,2249.205386289704,2002.602175205891,2441.635366347426
person_years_exposure,county,15,male,65-74,532.6864201730048,431.8905451161294,615.4379761453173
person_years_exposure,county,15,male,75-84,112.73214585858898,67.21407503091345,151.61446707765347
person_years_exposure,county,15,male,85+,1.5967478331718705,0.0020953417025527826,4.007725108281105
person_years_exposure,county,15,male,18-64,4937.230078867866,4401.169144527129,5337.291446507808
person_years_exposure,county,15,male,65+,647.0153138647656,504.7606499903066,764.9992245616218
mortality_rate,county,15,male,0-17,0.01909642747683949,0.006202823403691042,0.04072531527143465
mortality_rate,county,15,male,18-44,0.0029701686672723333,0.0007028904512952636,0.006677894833933701
mortality_rate,county,15,male,45-64,0.014613016659838529,0.004699144716951108,0.03049749159137707
mortality_rate,county,15,male,65-74,0.06867017867366632,0.023491671088011663,0.1544305557969674
mortality_rate,county,15,male,75-84,0.16863989586663672,0.05681085860431371,0.428225065984402
mortality_rate,county,15,male,85+,0.1689617317844895,0.0,1.513363106933743
qualifying_event_rate,county,15,male,0-17,0.017547278645107363,0.0112586770230589,0.025051755825966325
qualifying_event_rate,county,15,male,18-44,0.02614986658794201,0.018459507229196596,0.03568475711606331
qualifying_event_rate,county,15,male,45-64,0.04262073777392359,0.03161933132500716,0.05650998471229093
qualifying_event_rate,county,15,male,65-74,0.07446204393414804,0.05219801819933471,0.1011145566288068
qualifying_event_rate,county,15,male,75-84,0.07262460560612573,0.035284138952749594,0.12012802850676545
qualifying_event_rate,county,15,male,85+,0.059322428008323734,0.0,0.30096269000680353
person_years_exposure,county,15,female,0-17,2003.435577387073,1781.7095534834443,2180.894483916299
person_years_exposure,county,15,female,18-44,2686.1408529180776,2395.8722647360887,2904.8178726307633
person_years_exposure,county,15,female,45-64,2472.4445555536427,2209.3948703900987,2675.275205378964
person_years_exposure,county,15,female,65-74,555.3361416192031,455.6221523199773,638.3683919440427
person_years_exposure,county,15,female,75-84,132.24787320859693,78.85587328836588,175.8943492843739
person_years_exposure,county,15,female,85+,4.614146123687672,0.23195788256180624,10.556531771256019
person_years_exposure,county,15,female,18-64,5158.58540847172,4608.215254490989,5572.920178212204
person_years_exposure,county,15,female,65+,692.1981609514877,541.5268385450269,820.4253246729713
mortality_rate,county,15,female,0-17,0.01270717566356834,0.0039110581296199045,0.027897848530973286
mortality_rate,county,15,female,18-44,0.002207329973895017,0.00036951854564568266,0.0050493701497489486
mortality_rate,county,15,female,45-64,0.012481716321274428,0.004124066320751951,0.026026239112624475
mortality_rate,county,15,female,65-74,0.06476984896389092,0.022381959761879892,0.14481617009999692
mortality_rate,county,15,female,75-84,0.17542565269938554,0.06268242931670337,0.42654451437599505
mortality_rate,county,15,female,85+,0.21083766232232684,0.0,1.0764392926841198
qualifying_event_rate,county,15,female,0-17,0.018062965782232546,0.011827275438353081,0.0252731959647999
qualifying_event_rate,county,15,female,18-44,0.02637814333743015,0.018575227537275626,0.03588725319950758
qualifying_event_rate,county,15,female,45-64,0.03671068639936615,0.02660646757216991,0.04892002773340263
qualifying_event_rate,county,15,female,65-74,0.0805000575545933,0.05643724093600613,0.10978014796029117
qualifying_event_rate,county,15,female,75-84,0.08385522481308665,0.04565002948679268,0.13283123439334432
qualifying_event_rate,county,15,female,85+,0.07628248359607112,0.0,0.3142022816109062
person_years_exposure,county,16,male,0-17,602.2080208855695,577.7043507590223,627.1806707783061
person_years_exposure,county,16,male,18-44,633.2218440942279,614.097548835906,652.2706100740701
person_years_exposure,county,16,male,45-64,853.1724395933859,813.0338856905732,887.0964861744507
person_years_exposure,county,16,male,65-74,207.6364659720217,169.51234389345865,236.60072221934735
person_years_exposure,county,16,male,75-84,49.65722832304221,29.18673515032963,67.71742494690938
person_years_exposure,county,16,male,85+,1.584620885880615,0.0993701467993557,4.041425884232947
person_years_exposure,county,16,male,18-64,1486.3942836876138,1432.1877717127068,1536.5551702887312
person_years_exposure,county,16,male,65+,258.8783151809445,200.95365746903434,301.75737809511844
mortality_rate,county,16,male,0-17,0.0008406114751050217,0.0,0.0033599381414154915
mortality_rate,county,16,male,18-44,0.002664979241714782,0.0,0.00726477106085888
mortality_rate,county,16,male,45-64,0.013153097492423216,0.003432914751489612,0.029474200282666514
mortality_rate,county,16,male,65-74,0.07087111964171278,0.02150994324983806,0.16535001706198665
mortality_rate,county,16,male,75-84,0.17379034297438867,0.05710257273946867,0.4400136400586616
mortality_rate,county,16,male,85+,0.13150435605722088,0.0,0.9750360031312492
qualifying_event_rate,county,16,male,0-17,0.023173676876061432,0.012776760638971528,0.035447355843997136
qualifying_event_rate,county,16,male,18-44,0.03878461262500504,0.02459605550110066,0.056193214792073475
qualifying_event_rate,county,16,male,45-64,0.05431933731656425,0.03827945619818402,0.07299290876804043
qualifying_event_rate,county,16,male,65-74,0.08279561721217686,0.050607670395620384,0.11947272002200393
qualifying_event_rate,county,16,male,75-84,0.09961598426546434,0.04201453062533917,0.17123054978621893
qualifying_event_rate,county,16,male,85+,0.03974242974896781,0.0,0.2731924407615704
person_years_exposure,county,16,female,0-17,621.6603039143066,594.2445366022373,647.9726195407433
person_years_exposure,county,16,female,18-44,736.9682224925881,712.3993300720738,760.7292601124511
person_years_exposure,county,16,female,45-64,780.1128205969442,741.1345102919706,813.8598318327256
person_years_exposure,county,16,female,65-74,217.81839474078404,179.71894109976554,246.25069718274534
person_years_exposure,county,16,female,75-84,82.63033129808932,48.486469390909036,110.06109128680738
person_years_exposure,county,16,female,85+,1.416213053705562,0.0032272823447438608,3.672550458590268
person_years_exposure,county,16,female,18-64,1517.0810430895322,1460.5229135297866,1569.7670645310768
person_years_exposure,county,16,female,65+,301.86493909257894,230.919288015827,353.2823385414296
mortality_rate,county,16,female,0-17,0.004436761228222616,0.0,0.011145295948127605
mortality_rate,county,16,female,18-44,0.0019912882894827883,0.0,0.005549767582616569
mortality_rate,county,16,female,45-64,0.015031423499296998,0.003768301857230928,0.03346848802775523
mortality_rate,county,16,female,65-74,0.0653039741771501,0.019924522713350764,0.14973517328770194
mortality_rate,county,16,female,75-84,0.1644195911634016,0.056461603210728364,0.4177828486131475
mortality_rate,county,16,female,85+,0.19040113910192805,0.0,1.4627875991554002
qualifying_event_rate,county,16,female,0-17,0.02400146054875111,0.0130631843017239,0.0363842843249431
qualifying_event_rate,county,16,female,18-44,0.03924546790535409,0.024951568585737122,0.055324962126838975
qualifying_event_rate,county,16,female,45-64,0.05628704715620096,0.03915510306648068,0.07712004829226568
qualifying_event_rate,county,16,female,65-74,0.09497143037224572,0.06295901542866117,0.13185669755297355
qualifying_event_rate,county,16,female,75-84,0.1005911206254083,0.0501066279073761,0.15947047197326925
qualifying_event_rate,county,16,female,85+,0.06319698173786623,0.0,0.41393573843428555
person_years_exposure,state,0,male,0-17,8557.945523939543,7829.397265777058,9117.263841334692
person_years_exposure,state,0,male,18-44,12061.035110589184,11064.202994245688,12846.701263034063
person_years_exposure,state,0,male,45-64,9439.45106055573,8561.811307867425,10096.749908151784
person_years_exposure,state,0,male,65-74,2482.6789535767166,2085.794996372028,2794.579452379132
person_years_exposure,state,0,male,75-84,710.8895885271434,448.4336749105633,913.3726124106821
person_years_exposure,state,0,male,85+,36.90748543563306,15.817338890085445,58.77946983541685
person_years_exposure,state,0,male,18-64,21500.486171144912,19573.59046127351,22930.886966501967
person_years_exposure,state,0,male,65+,3230.476027539493,2554.3420760167396,3744.287498751684
mortality_rate,state,0,male,0-17,0.000732090941620034,0.00011675125009516,0.0016552759047450214
mortality_rate,state,0,male,18-44,0.002795412634354401,0.0009343528585285121,0.005870034163833763
mortality_rate,state,0,male,45-64,0.012256110669567503,0.004445797470258991,0.025162363913400508
mortality_rate,state,0,male,65-74,0.06404738836671556,0.023397433665037902,0.14024764110988477
mortality_rate,state,0,male,75-84,0.16513072076485785,0.06393120000779638,0.3950846880018216
mortality_rate,state,0,male,85+,0.21101114121717174,0.06998094537019961,0.5761800514534763
qualifying_event_rate,state,0,male,0-17,0.017865196343393376,0.013148273030367068,0.02416450804528871
qualifying_event_rate,state,0,male,18-44,0.01977776876631393,0.014850352478452079,0.026156607435247232
qualifying_event_rate,state,0,male,45-64,0.03561958043220696,0.027207372951290033,0.04682881241970652
qualifying_event_rate,state,0,male,65-74,0.0625018664285452,0.04735029796391256,0.08290101833593799
qualifying_event_rate,state,0,male,75-84,0.06902662214829741,0.048623802535981586,0.09785315424759207
qualifying_event_rate,state,0,male,85+,0.0435436625715487,0.0,0.11421152533264736
person_years_exposure,state,0,female,0-17,8577.61542338173,7853.815680810038,9174.602999151106
person_years_exposure,state,0,female,18-44,11683.600822069602,10714.56080371969,12419.768261195772
person_years_exposure,state,0,female,45-64,9362.858534209374,8524.484730417753,10005.721345441028
person_years_exposure,state,0,female,65-74,2498.5381143342747,2106.013420039413,2810.2365140556367
person_years_exposure,state,0,female,75-84,602.494162050745,369.18628330925964,782.046934587496
person_years_exposure,state,0,female,85+,36.6823072258319,14.187474148013505,60.88457814747769
person_years_exposure,state,0,female,18-64,21046.459356278974,19207.721772180266,22425.844507877504
person_years_exposure,state,0,female,65+,3137.714583610852,2524.491414382176,3632.168457151567
mortality_rate,state,0,female,0-17,0.004102983417556711,0.001333242397798181,0.008766531433021602
mortality_rate,state,0,female,18-44,0.0016325215795391518,0.0004820774953221183,0.003527695665897938
mortality_rate,state,0,female,45-64,0.009042172020634044,0.0032205758960606816,0.01820735654583636
mortality_rate,state,0,female,65-74,0.06423738838501808,0.024078797244684893,0.13702837408266894
mortality_rate,state,0,female,75-84,0.1781208329639156,0.0698759959865488,0.42437177623812095
mortality_rate,state,0,female,85+,0.26427651480834125,0.09866442553482493,0.7002022390621606
qualifying_event_rate,state,0,female,0-17,0.01828132551169873,0.01349865444527281,0.02458366782133016
qualifying_event_rate,state,0,female,18-44,0.021618464098851434,0.01629593658306892,0.02851446964563469
qualifying_event_rate,state,0,female,45-64,0.03515016819808947,0.026751342874065914,0.046260048093949624
qualifying_event_rate,state,0,female,65-74,0.06986670056986943,0.05282589657256004,0.09130794669127673
qualifying_event_rate,state,0,female,75-84,0.06293161611513437,0.04235985010574136,0.09170362684054845
qualifying_event_rate,state,0,female,85+,0.09068395103387426,0.0156318482499451,0.18873007461700894
person_years_exposure,state,1,male,0-17,7349.942255810697,7132.443964528668,7568.21154033859
person_years_exposure,state,1,male,18-44,8736.252035138528,8497.516307521115,8979.087941197082
person_years_exposure,state,1,male,45-64,9142.294999600817,8769.95852176237,9450.585063824807
person_years_exposure,state,1,male,65-74,2278.457133540789,1905.2666269741321,2532.8182285635594
person_years_exposure,state,1,male,75-84,637.7513599069446,382.9677826051398,834.7463060674721
person_years_exposure,state,1,male,85+,36.44892003548109,13.82562875576333,62.42490789449437
person_years_exposure,state,1,male,18-64,17878.547034739346,17299.85789935273,18409.37235930142
person_years_exposure,state,1,male,65+,2952.6574134832144,2305.7366705502877,3410.5441060857684
mortality_rate,state,1,male,0-17,0.0008037600779225561,0.00013551037875848858,0.0018927897229952645
mortality_rate,state,1,male,18-44,0.002630307239733509,0.00080293084084945,0.005573624874999975
mortality_rate,state,1,male,45-64,0.01251194321620719,0.004537666493553715,0.026136287851090047
mortality_rate,state,1,male,65-74,0.06901528066889807,0.025447319881631465,0.14990251029140414
mortality_rate,state,1,male,75-84,0.17947143603693527,0.07078962000165412,0.424969960172521
mortality_rate,state,1,male,85+,0.19438581626641585,0.06402032278732701,0.5142967179206769
qualifying_event_rate,state,1,male,0-17,0.020406171567314096,0.01520537348661412,0.027133182205012474
qualifying_event_rate,state,1,male,18-44,0.03425881461810872,0.026253793682702066,0.04491583336173072
qualifying_event_rate,state,1,male,45-64,0.04728067928286527,0.03694780135074693,0.061106329418052205
qualifying_event_rate,state,1,male,65-74,0.07255237984770732,0.05561515314063552,0.09591554278451334
qualifying_event_rate,state,1,male,75-84,0.09178820566174246,0.06693152504668778,0.13035293148495658
qualifying_event_rate,state,1,male,85+,0.057573566413424704,0.0,0.13289445036938935
person_years_exposure,state,1,female,0-17,7343.079568113918,7114.787339759246,7567.662438629765
person_years_exposure,state,1,female,18-44,9307.754383837268,9026.901989353362,9591.089580793096
person_years_exposure,state,1,female,45-64,9106.60237690798,8698.796494118638,9450.369986578755
person_years_exposure,state,1,female,65-74,2526.349754383319,2126.8556613648593,2792.2970057689104
person_years_exposure,state,1,female,75-84,692.2396486026145,415.0030217724778,900.4583217590387
person_years_exposure,state,1,female,85+,22.170220105273433,10.208219129925356,35.38489194048038
person_years_exposure,state,1,female,18-64,18414.35676074525,17765.209349559886,19004.66127798803
person_years_exposure,state,1,female,65+,3240.7596230912072,2559.1572088460484,3715.742166677661
mortality_rate,state,1,female,0-17,0.004436422850603747,0.0014628387602556821,0.00922459802138167
mortality_rate,state,1,female,18-44,0.001988978821741125,0.000553709862742372,0.004318239904871605
mortality_rate,state,1,female,45-64,0.01516366716348388,0.005653474927311221,0.03102717149206591
mortality_rate,state,1,female,65-74,0.06453620402057417,0.02420576341847817,0.1411506655559444
mortality_rate,state,1,female,75-84,0.16870696419943787,0.06768352661224208,0.4164833507702515
mortality_rate,state,1,female,85+,0.20997784055622376,0.06531556853187742,0.5227601148954619
qualifying_event_rate,state,1,female,0-17,0.021145527960213302,0.01571812773113417,0.02818373832934654
qualifying_event_rate,state,1,female,18-44,0.03480079923378992,0.026835582436054283,0.04550722551928702
qualifying_event_rate,state,1,female,45-64,0.049161038743887046,0.03852797124505372,0.06385560753802985
qualifying_event_rate,state,1,female,65-74,0.08384231431943749,0.06547367197303679,0.10815045903906688
qualifying_event_rate,state,1,female,75-84,0.09099244908732833,0.06728238860929149,0.12643404377772322
qualifying_event_rate,state,1,female,85+,0.06995163949673502,0.0,0.1674802053824863
person_years_exposure,state,2,male,0-17,6065.358954453359,5313.361595877032,6828.840822427515
person_years_exposure,state,2,male,18-44,8449.38938985509,7418.4798943613905,9484.458012852348
person_years_exposure,state,2,male,45-64,7645.249970810749,6705.16589471905,8606.226843620832
person_years_exposure,state,2,male,65-74,2225.4050620813737,1834.4145472587347,2605.508128986866
person_years_exposure,state,2,male,75-84,567.3055997734295,343.1245391395992,764.5252482192145
person_years_exposure,state,2,male,85+,38.59665145684663,16.960340863957136,61.77799696189358
person_years_exposure,state,2,male,18-64,16094.639360665838,14142.956956592068,18076.98670594978
person_years_exposure,state,2,male,65+,2831.30731331165,2204.532291996043,3405.865292428324
mortality_rate,state,2,male,0-17,0.0017832280084278682,0.0004871234213632633,0.003803176583318323
mortality_rate,state,2,male,18-44,0.0027520154347879344,0.0009095658391774871,0.006036543606208844
mortality_rate,state,2,male,45-64,0.014534518988427489,0.005259530259611327,0.030220901519970433
mortality_rate,state,2,male,65-74,0.059589641443252,0.022904092125215346,0.12922354664953206
mortality_rate,state,2,male,75-84,0.1771778937363576,0.06970633463951556,0.429551519260225
mortality_rate,state,2,male,85+,0.196413050847607,0.05778845517843474,0.5439944167134908
qualifying_event_rate,state,2,male,0-17,0.022567144289803213,0.01651561660671272,0.030171429162226822
qualifying_event_rate,state,2,male,18-44,0.03343845360257734,0.025256481805221727,0.0438329876714141
qualifying_event_rate,state,2,male,45-64,0.05255272729674213,0.04024917182417272,0.06753511438581647
qualifying_event_rate,state,2,male,65-74,0.08808492633622551,0.06799557456153472,0.11458849139391357
qualifying_event_rate,state,2,male,75-84,0.09269969191339945,0.0672929979349404,0.12846727463692406
qualifying_event_rate,state,2,male,85+,0.08931637243323814,0.024000292258505036,0.17361416061736065
person_years_exposure,state,2,female,0-17,6412.754237216043,5587.14724960807,7279.65567569766
person_years_exposure,state,2,female,18-44,8690.632041896082,7627.391739441075,9763.28235555263
person_years_exposure,state,2,female,45-64,7393.440274976016,6490.0611237526555,8338.721721822845
person_years_exposure,state,2,female,65-74,2019.8559642829389,1652.3664293515135,2369.1634081441057
person_years_exposure,state,2,female,75-84,590.6497595239205,349.58653831369054,792.9787003898705
person_years_exposure,state,2,female,85+,24.226763094744474,8.331698969600643,42.37803829206207
person_years_exposure,state,2,female,18-64,16084.072316872098,14120.399547748648,18094.76120721427
person_years_exposure,state,2,female,65+,2634.732486901604,2033.2092160687632,3182.9530885475046
mortality_rate,state,2,female,0-17,0.016875577822958135,0.006209600562649414,0.0350826524460971
mortality_rate,state,2,female,18-44,0.00190870934875997,0.0005555687601249312,0.004085089155767662
mortality_rate,state,2,female,45-64,0.01450314292886766,0.005248457927243595,0.03026543847152562
mortality_rate,state,2,female,65-74,0.06493502157810732,0.024357435354145716,0.1422052417995377
mortality_rate,state,2,female,75-84,0.16915791552260634,0.06859939510577406,0.3999447181710496
mortality_rate,state,2,female,85+,0.22418343859437928,0.07376659757554407,0.6298596624063123
qualifying_event_rate,state,2,female,0-17,0.01920993289830261,0.0140591083701811,0.02595035321931454
qualifying_event_rate,state,2,female,18-44,0.034711037945914576,0.026457746605402583,0.04535519838888914
qualifying_event_rate,state,2,female,45-64,0.04757179501434527,0.03634234697497478,0.06179171643255027
qualifying_event_rate,state,2,female,65-74,0.08788423773442877,0.06769738948544449,0.11442505818257488
qualifying_event_rate,state,2,female,75-84,0.0957917926587619,0.07053839408851924,0.13498817690025866
qualifying_event_rate,state,2,female,85+,0.07696665910436495,0.0,0.18748219469101113
person_years_exposure,state,3,male,0-17,1973.4490949783892,1775.5935523375788,2197.68747848321
person_years_exposure,state,3,male,18-44,2477.799537836467,2243.0138815353653,2752.0575408705604
person_years_exposure,state,3,male,45-64,1841.5129436943882,1659.2872065753556,2052.431018077932
person_years_exposure,state,3,male,65-74,492.13660445417486,400.36784368418046,574.469028665273
person_years_exposure,state,3,male,75-84,94.60899186256852,56.286286306855224,128.11898864509294
person_years_exposure,state,3,male,85+,6.251669156011969,4.289353201605821,9.410211103481473
person_years_exposure,state,3,male,18-64,4319.312481530856,3909.874539275214,4798.692158752507
person_years_exposure,state,3,male,65+,592.9972654727553,465.3017749231943,705.5496846497767
mortality_rate,state,3,male,0-17,0.002620976286853065,0.00048380165765146146,0.006321932690252514
mortality_rate,state,3,male,18-44,0.0021615780249626833,0.000387589521964615,0.0051149007281564565
mortality_rate,state,3,male,45-64,0.013610528739193883,0.004151580377631565,0.028912375689710508
mortality_rate,state,3,male,65-74,0.06851155591935776,0.02287428782143791,0.15984173453586398
mortality_rate,state,3,male,75-84,0.17059505764642305,0.057615038124623055,0.4328052689278056
mortality_rate,state,3,male,85+,0.016422666536477233,0.0,0.21716054699073323
qualifying_event_rate,state,3,male,0-17,0.03315424898607101,0.02336925233249668,0.045158488201728575
qualifying_event_rate,state,3,male,18-44,0.05162514020030345,0.03886717861649075,0.06750812874017582
qualifying_event_rate,state,3,male,45-64,0.06383248092078464,0.04811080727465272,0.08424024439616763
qualifying_event_rate,state,3,male,65-74,0.09613127592729469,0.07013539753153564,0.12902235113165783
qualifying_event_rate,state,3,male,75-84,0.11316941611307431,0.061489036634136324,0.18155472266679137
qualifying_event_rate,state,3,male,85+,0.10486511522961431,0.0,0.24937444567475223
person_years_exposure,state,3,female,0-17,1709.4549225100232,1545.0477999244615,1897.1831485836012
person_years_exposure,state,3,female,18-44,2385.4191232607027,2157.244337562922,2650.258852515279
person_years_exposure,state,3,female,45-64,1778.691242281097,1607.4018783645065,1979.7596803039398
person_years_exposure,state,3,female,65-74,485.95658994492993,398.5488364599461,564.1995399775963
person_years_exposure,state,3,female,75-84,153.3176355428867,89.06711709459002,208.73034853357385
person_years_exposure,state,3,female,85+,11.220019346412007,2.2869325420910864,28.48626144552435
person_years_exposure,state,3,female,18-64,4164.110365541799,3770.499972068809,4628.982285524416
person_years_exposure,state,3,female,65+,650.4942448342287,492.36911953328934,786.7201140666948
mortality_rate,state,3,female,0-17,0.0007960665273067597,0.0,0.0023766401191431127
mortality_rate,state,3,female,18-44,0.0021490834854809406,0.0003975155767085705,0.005179638268229568
mortality_rate,state,3,female,45-64,0.014153006169140194,0.004546706932412815,0.030539345017142668
mortality_rate,state,3,female,65-74,0.06673857139156596,0.023115558069250516,0.15292834379465703
mortality_rate,state,3,female,75-84,0.16476273890721937,0.0588688116449188,0.4130622025931942
mortality_rate,state,3,female,85+,0.1759064199708768,0.0,0.6640872585617008
qualifying_event_rate,state,3,female,0-17,0.026075677530618617,0.017604228634625563,0.03605758941338851
qualifying_event_rate,state,3,female,18-44,0.04728556811572627,0.035261555257760625,0.06289600630671897
qualifying_event_rate,state,3,female,45-64,0.06640480078342281,0.04977931730396526,0.08739881862821544
qualifying_event_rate,state,3,female,65-74,0.11823897791875398,0.0867006152791274,0.15696690266222044
qualifying_event_rate,state,3,female,75-84,0.11401350391197773,0.07355836704984717,0.1707757045699958
qualifying_event_rate,state,3,female,85+,0.07069969475176763,0.0,0.22378706903405177
person_years_exposure,state,4,male,0-17,5737.530244949289,5025.318722785122,6499.484304685969
person_years_exposure,state,4,male,18-44,7468.078831738439,6537.012148666915,8427.136457288882
person_years_exposure,state,4,male,45-64,6637.349373963757,5798.201724368522,7529.469665037866
person_years_exposure,state,4,male,65-74,1611.8605956929362,1320.7780375605576,1892.9420872524004
person_years_exposure,state,4,male,75-84,473.84803651549265,279.6765822230738,639.1195933894276
person_years_exposure,state,4,male,85+,29.080508867999754,10.65689220581911,49.01838963164447
person_years_exposure,state,4,male,18-64,14105.428205702196,12325.093532193265,15956.033269792157
person_years_exposure,state,4,male,65+,2114.7891410764287,1633.7598842771024,2570.3444478778542
mortality_rate,state,4,male,0-17,0.0010185982525137266,0.0001755978660222064,0.0023872163828490994
mortality_rate,state,4,male,18-44,0.0027065062915310584,0.0008165341296595063,0.0058840701190795795
mortality_rate,state,4,male,45-64,0.013059750816534812,0.004686326305860601,0.02718972301848521
mortality_rate,state,4,male,65-74,0.05869816951847974,0.02170059352519892,0.12696507048356265
mortality_rate,state,4,male,75-84,0.18397051355582147,0.07186614753736362,0.4517190133986551
mortality_rate,state,4,male,85+,0.18393327462051423,0.05413596414607453,0.5462523787753315
qualifying_event_rate,state,4,male,0-17,0.023595838306329758,0.01731711684408599,0.031215686601224122
qualifying_event_rate,state,4,male,18-44,0.03709734520477853,0.028181642313033363,0.048803700929454484
qualifying_event_rate,state,4,male,45-64,0.05772737228271483,0.044895860668095665,0.0737076079146469
qualifying_event_rate,state,4,male,65-74,0.09837426101919972,0.07679805794297,0.12711860363580108
qualifying_event_rate,state,4,male,75-84,0.11008654844761803,0.08100995989353016,0.1553082519872083
qualifying_event_rate,state,4,male,85+,0.08269851552602564,0.0,0.18510207666284742
person_years_exposure,state,4,female,0-17,5505.036656600867,4816.56883686813,6234.815232354704
person_years_exposure,state,4,female,18-44,7416.9036347584515,6487.709425302959,8371.240228602475
person_years_exposure,state,4,female,45-64,6294.628215020497,5504.38712904531,7140.942465299058
person_years_exposure,state,4,female,65-74,1680.0722596527364,1367.8384094752798,1979.232401069663
person_years_exposure,state,4,female,75-84,388.55973765322096,242.3615437202661,518.3940326247292
person_years_exposure,state,4,female,85+,31.691412645210114,11.792758361154766,53.247073853428155
person_years_exposure,state,4,female,18-64,13711.531849778949,11998.925092821468,15520.948689158644
person_years_exposure,state,4,female,65+,2100.3234099511674,1632.185757443601,2529.936449657372
mortality_rate,state,4,female,0-17,0.009304778101673565,0.003256560487710882,0.01956402650790855
mortality_rate,state,4,female,18-44,0.0019088443831737985,0.0005311308938184281,0.004111798238306998
mortality_rate,state,4,female,45-64,0.012732986178793565,0.004619459248330744,0.026295822389648157
mortality_rate,state,4,female,65-74,0.06515459664787104,0.023966135525002985,0.14403890641135814
mortality_rate,state,4,female,75-84,0.17898543248603857,0.07019729292730494,0.4281023421257271
mortality_rate,state,4,female,85+,0.23288803785076695,0.07854646194039126,0.6344250489762752
qualifying_event_rate,state,4,female,0-17,0.023239904003926382,0.017056882581927408,0.03096407239787648
qualifying_event_rate,state,4,female,18-44,0.03951620582630707,0.030317242154079,0.05187397845896992
qualifying_event_rate,state,4,female,45-64,0.05906473180680765,0.04573923245009309,0.07661988404460526
qualifying_event_rate,state,4,female,65-74,0.10030399162868173,0.07828263426800333,0.1284974059635262
qualifying_event_rate,state,4,female,75-84,0.09929963217435041,0.07022766800862595,0.14044860867909761
qualifying_event_rate,state,4,female,85+,0.07388261222029785,0.0,0.16852551429435123
person_years_exposure,state,5,male,0-17,5164.146698879143,4588.810819999735,5633.796814457532
person_years_exposure,state,5,male,18-44,7356.208419629055,6553.046125351521,7936.398406383807
person_years_exposure,state,5,male,45-64,6994.8223465985675,6241.875121007829,7589.750932252045
person_years_exposure,state,5,male,65-74,1718.3983426940351,1406.2540932680508,1978.0528889398595
person_years_exposure,state,5,male,75-84,444.57168740878853,267.13530607949195,593.0765586058226
person_years_exposure,state,5,male,85+,17.579965355610515,5.896056418716139,30.03160156012451
person_years_exposure,state,5,male,18-64,14351.030766227623,12813.183978864328,15525.244572905558
person_years_exposure,state,5,male,65+,2180.5499954584343,1684.4325411489908,2592.8297819174863
mortality_rate,state,5,male,0-17,0.019009536300485644,0.0070009397186735454,0.040940252241329925
mortality_rate,state,5,male,18-44,0.002992929517537181,0.0008903717519181391,0.006467388907809756
mortality_rate,state,5,male,45-64,0.014754082359764432,0.005248757639637392,0.0307782814333708
mortality_rate,state,5,male,65-74,0.0687841049209955,0.025270042487180948,0.15027137995763531
mortality_rate,state,5,male,75-84,0.17910400369614965,0.06871644810101307,0.43333199958708246
mortality_rate,state,5,male,85+,0.2144992163853883,0.06152414073530209,0.6360678582642616
qualifying_event_rate,state,5,male,0-17,0.016688663599634623,0.01199413762467952,0.022541984638804757
qualifying_event_rate,state,5,male,18-44,0.02493343682365662,0.01865543666777179,0.03342012055512933
qualifying_event_rate,state,5,male,45-64,0.040577445281032076,0.031217218832867412,0.05320464279043521
qualifying_event_rate,state,5,male,65-74,0.07063602510683906,0.05366507963946097,0.09370352501672052
qualifying_event_rate,state,5,male,75-84,0.0702723107693245,0.047770783141424814,0.10151507358422687
qualifying_event_rate,state,5,male,85+,0.06801499315889992,0.0,0.18561595797022531
person_years_exposure,state,5,female,0-17,5295.2253653660155,4722.71724266165,5739.869809658142
person_years_exposure,state,5,female,18-44,7327.6810565912765,6533.268862962258,7909.9588715386635
person_years_exposure,state,5,female,45-64,7019.808324197325,6261.088107714569,7603.956270400338
person_years_exposure,state,5,female,65-74,1834.9829201003927,1517.6016481101392,2095.8449065207915
person_years_exposure,state,5,female,75-84,459.532725388529,277.78842890903746,605.8632195938952
person_years_exposure,state,5,female,85+,19.321275527190277,6.2135258345487125,34.858653042848054
person_years_exposure,state,5,female,18-64,14347.489380788602,12798.648192782695,15512.222634516036
person_years_exposure,state,5,female,65+,2313.836921016112,1814.0871994466856,2725.909293763791
mortality_rate,state,5,female,0-17,0.012787574699951646,0.004570926846122064,0.02700048271356714
mortality_rate,state,5,female,18-44,0.0022525734687142214,0.0006464390356943629,0.004837698347499843
mortality_rate,state,5,female,45-64,0.012921452618091267,0.004758018497112598,0.026748398772698606
mortality_rate,state,5,female,65-74,0.06366680342293014,0.022615318597540162,0.14014451572673958
mortality_rate,state,5,female,75-84,0.17346951866089705,0.06586320368347263,0.4130440425037656
mortality_rate,state,5,female,85+,0.22461700411914917,0.06570876056191838,0.6974498505323821
qualifying_event_rate,state,5,female,0-17,0.01719973630516811,0.012389205982790821,0.02340255928055934
qualifying_event_rate,state,5,female,18-44,0.02520514012912717,0.01891488937388023,0.03355863755496907
qualifying_event_rate,state,5,female,45-64,0.03521764316769096,0.02694607758284026,0.04622998114525872
qualifying_event_rate,state,5,female,65-74,0.07625066616389566,0.058150787831130674,0.09945274057248141
qualifying_event_rate,state,5,female,75-84,0.07876480854665553,0.05630839112706904,0.11429232009515893
qualifying_event_rate,state,5,female,85+,0.07624706424212085,0.0,0.19134149150480242
