estimand,level,unit,sex,age_band,estimate,lower,upper
children_under_16,county,0,,,913.4255115016178,680.7766387455397,1146.074384257696
children_under_16,county,1,,,1684.4021600143044,1266.6526109797715,2102.1517090488373
children_under_16,county,2,,,1428.987317160551,1037.6915614860202,1820.2830728350816
children_under_16,county,3,,,649.9284174469901,476.29092851203995,823.5659063819403
children_under_16,county,4,,,1045.3547608377646,757.1901184452227,1333.5194032303066
children_under_16,county,5,,,733.8924842876569,541.7603204417838,926.0246481335299
children_under_16,county,6,,,1060.9356281298158,790.7160263744447,1331.1552298851868
children_under_16,county,7,,,797.5737641743565,599.7670359386346,995.3804924100783
children_under_16,county,8,,,829.6756275236335,618.3577947435457,1040.9934603037213
children_under_16,county,9,,,996.0953345369531,721.5096468650643,1270.681022208842
children_under_16,county,10,,,283.6831969255223,206.0029897045737,361.3634041464709
children_under_16,county,11,,,583.407116477525,423.6543140792629,743.1599188757872
children_under_16,county,12,,,141.70729164594795,105.6145383260313,177.8000449658646
children_under_16,county,13,,,311.83341699107984,230.1958059667585,393.4710280154012
children_under_16,county,14,,,116.52846108080715,86.02145105355973,147.03547110805457
children_under_16,county,15,,,686.5179015461962,506.7883461045326,866.2474569878598
children_under_16,county,16,,,226.25320184535786,170.14001505289093,282.3663886378248
children_under_16,nation,0,,,12490.201592126079,11929.070410020828,13051.33277423133
children_under_16,state,0,,,2945.7440588010154,2723.7855041446837,3167.702613457347
children_under_16,state,1,,,2708.2291260340185,2577.9256241376115,2838.5326279304254
children_under_16,state,2,,,2296.0776305635977,2007.582993040019,2584.572268087177
children_under_16,state,3,,,649.9284174469901,578.1935215232186,721.6633133707617
children_under_16,state,4,,,2041.4500953747176,1776.8851560011817,2306.0150347482536
children_under_16,state,5,,,1848.77226390574,1670.0589051017228,2027.485622709757
elders_65_plus,county,0,,,362.28328272905435,270.009970582641,454.5565948754677
elders_65_plus,county,1,,,677.1101961336832,509.17970673136125,845.0406855360052
elders_65_plus,county,2,,,613.9826726383515,445.8574478893489,782.107897387354
elders_65_plus,county,3,,,199.89160099265,146.48775724030065,253.29544474499937
elders_65_plus,county,4,,,388.33574422297886,281.2863146373958,495.38517380856194
elders_65_plus,county,5,,,400.1323998670221,295.37822203140365,504.8865777026406
elders_65_plus,county,6,,,500.72272518911024,373.1889787459098,628.2564716323106
elders_65_plus,county,7,,,396.57626883975814,298.22116018554,494.9313774939763
elders_65_plus,county,8,,,434.6647440604489,323.9559216560579,545.37356646484
elders_65_plus,county,9,,,411.16042500992035,297.8190969960737,524.5017530237669
elders_65_plus,county,10,,,167.23164234853078,121.4390512739739,213.02423342308765
elders_65_plus,county,11,,,280.2076151173943,203.47911711995545,356.9361131148332
elders_65_plus,county,12,,,60.596751645963366,45.162799139056155,76.03070415287058
elders_65_plus,county,13,,,185.86511996198163,137.20585658714222,234.52438333682105
elders_65_plus,county,14,,,85.40645105712012,63.04714557393531,107.76575654030493
elders_65_plus,county,15,,,286.3693852415382,211.39822689935363,361.3405435837228
elders_65_plus,county,16,,,109.15059049016273,82.08008972938762,136.22109125093783
elders_65_plus,nation,0,,,5559.687615545668,5308.7215643514355,5810.653666739901
elders_65_plus,state,0,,,1358.2675036245769,1255.9235504761543,1460.6114567729994
elders_65_plus,state,1,,,1182.8370554636042,1125.9261356975762,1239.7479752296322
elders_65_plus,state,2,,,1061.4219301042765,928.0577394040486,1194.7861208045044
elders_65_plus,state,3,,,199.89160099265,177.82885868393515,221.95434330136487
elders_65_plus,state,4,,,799.4961692328992,695.8842043743358,903.1081340914626
elders_65_plus,state,5,,,957.773356127662,865.1892684126283,1050.3574438426958
households,county,0,,,1897.49418320572,1400.7095339585517,2394.2788324528883
households,county,1,,,3549.015065062525,2650.7120572193344,4447.318072905716
households,county,2,,,2899.643638149314,2082.660107232262,3716.627169066366
households,county,3,,,1237.9633348694995,914.8872682238961,1561.0394015151028
households,county,4,,,2101.5659161166304,1515.2026468203294,2687.9291854129315
households,county,5,,,1707.0858817014716,1241.4959908914243,2172.675772511519
households,county,6,,,2315.402872028351,1709.2051751778708,2921.600568878831
households,county,7,,,1899.3849268183299,1418.6252902618521,2380.1445633748076
households,county,8,,,2047.7099717207284,1511.5971925276015,2583.822750913855
households,county,9,,,2338.9867464086124,1686.3800853721673,2991.5934074450574
households,county,10,,,800.7225283483456,575.1164883894537,1026.3285683072374
households,county,11,,,1498.3009437673245,1076.1500355279074,1920.4518520067415
households,county,12,,,390.6375070332799,288.3643519259177,492.91066214064216
households,county,13,,,912.8221836175984,663.8594422844537,1161.784924950743
households,county,14,,,317.52860781206374,230.92598785896962,404.13122776515786
households,county,15,,,1591.3925409534056,1157.3568036067172,2025.428278300094
households,county,16,,,556.8197542329353,415.8812541465347,697.758254319336
households,nation,0,,,28062.476601846138,26484.272209071627,29640.68099462065
households,state,0,,,6651.244533988079,6008.07752546144,7294.411542514717
households,state,1,,,6005.21974611379,5586.054589483239,6424.384902744341
households,state,2,,,5198.667110264984,4459.971413113691,5937.362807416278
households,state,3,,,1237.9633348694995,1121.0884673928656,1354.8382023461334
households,state,4,,,4440.552662525243,3834.0683059061284,5047.037019144358
households,state,5,,,4528.82921408454,3970.6138923748867,5087.044535794193
low_income_household_share,county,0,,,0.31981187921511467,0.16826708408204405,0.4713566743481853
low_income_household_share,county,1,,,0.3672101437291628,0.23703540868314643,0.4973848787751791
low_income_household_share,county,2,,,0.3494077100752089,0.07819395396971862,0.6206214661806991
low_income_household_share,county,3,,,0.3342054037793396,0.13279909770938472,0.5356117098492945
low_income_household_share,county,4,,,0.3337557865494258,0.17175328254455874,0.4957582905542928
low_income_household_share,county,5,,,0.2365225354016449,0.09149493921344862,0.3815501315898412
low_income_household_share,county,6,,,0.3605626312808073,0.2068188866338102,0.5143063759278044
low_income_household_share,county,7,,,0.370355719762897,0.2399570909637318,0.5007543485620622
low_income_household_share,county,8,,,0.34279345987936893,0.19003627831925748,0.49555064143948035
low_income_household_share,county,9,,,0.35665194919563203,0.19200698718805084,0.5212969112032132
low_income_household_share,county,10,,,0.2812402094670997,0.018364769242093182,0.5441156496921062
low_income_household_share,county,11,,,0.3422807419112283,0.0719973752000187,0.6125641086224379
low_income_household_share,county,12,,,0.32266053030118835,0.1709694179190195,0.47435164268335717
low_income_household_share,county,13,,,0.29867384765140775,0.14422741817273774,0.45312027713007774
low_income_household_share,county,14,,,0.2676444413789008,0.11809277517735262,0.417196107580449
low_income_household_share,county,15,,,0.29387587344794,0.14020968723348495,0.447542059662395
low_income_household_share,county,16,,,0.38487830658152955,0.2534264996670216,0.5163301134960375
low_income_household_share,nation,0,,,0.3357716440041416,0.2587844705662499,0.4127588174420333
low_income_household_share,state,0,,,0.3411350797198133,0.22310183004040418,0.45916832939922236
low_income_household_share,state,1,,,0.36967718602619115,0.27221504626315096,0.46713932578923134
low_income_household_share,state,2,,,0.33839563620894236,0.0982142276101109,0.5785770448077738
low_income_household_share,state,3,,,0.3342054037793396,0.15541370361284845,0.5129971039458308
low_income_household_share,state,4,,,0.3451536352296277,0.21210984693344392,0.4781974235258115
low_income_household_share,state,5,,,0.2697707922452055,0.14994520340998857,0.38959638108042244
mean_income_adults,county,0,,,32636.272352231423,22761.61275777871,42510.93194668414
mean_income_adults,county,1,,,25577.53983128175,16620.647276116266,34534.43238644723
mean_income_adults,county,2,,,29070.0152309068,12979.42074553314,45160.60971628046
mean_income_adults,county,3,,,29510.746049620357,15046.522165050308,43974.969934190405
mean_income_adults,county,4,,,26769.922740928247,18048.498822462247,35491.34665939424
mean_income_adults,county,5,,,28716.552695824223,16195.110848937431,41237.994542711014
mean_income_adults,county,6,,,27445.386639114837,19001.89091507246,35888.882363157216
mean_income_adults,county,7,,,25646.403292825675,16645.96442035961,34646.84216529174
mean_income_adults,county,8,,,30541.37365996906,21243.981008107017,39838.7663118311
mean_income_adults,county,9,,,27463.710195923686,18607.979500280053,36319.44089156732
mean_income_adults,county,10,,,43642.05061531693,22829.992245580994,64454.10898505287
mean_income_adults,county,11,,,32153.991677182396,14838.516574649588,49469.46677971521
mean_income_adults,county,12,,,25855.19011007462,17869.956800111795,33840.42342003745
mean_income_adults,county,13,,,21835.131183689235,11298.865424934405,32371.396942444066
mean_income_adults,county,14,,,25316.769200649796,13748.948838841472,36884.58956245812
mean_income_adults,county,15,,,22076.996907312943,11467.892150749305,32686.10166387658
mean_income_adults,county,16,,,28034.32011210121,18385.095657442194,37683.544566760225
mean_income_adults,nation,0,,,28082.28437319288,21530.97891391456,34633.5898324712
mean_income_adults,state,0,,,29842.90976602062,22375.207924298855,37310.61160774239
mean_income_adults,state,1,,,25805.53934975614,18151.97437787043,33459.104321641855
mean_income_adults,state,2,,,31840.640098156913,16305.232457730966,47376.047738582856
mean_income_adults,state,3,,,29510.746049620357,16277.858780562734,42743.63331867798
mean_income_adults,state,4,,,27115.29434535169,19704.450463178106,34526.13822752527
mean_income_adults,state,5,,,24936.919544052264,14725.189758844259,35148.64932926027
median_household_income,county,0,,,37457.202152196456,25070.871228075648,49843.53307631727
median_household_income,county,1,,,26989.077285568477,18977.873683119255,35000.280888017696
median_household_income,county,2,,,31356.173632814174,2674.737538270656,60037.60972735769
median_household_income,county,3,,,33326.53024596153,17607.930118168057,49045.130373755
median_household_income,county,4,,,30003.367737020093,20055.03940499516,39951.69606904502
median_household_income,county,5,,,33687.38174896969,22165.166587901265,45209.59691003811
median_household_income,county,6,,,30181.832693951234,19734.659476202436,40629.005911700035
median_household_income,county,7,,,26409.840579416337,18568.043077829057,34251.63808100361
median_household_income,county,8,,,32096.83001179084,21421.096547750374,42772.56347583131
median_household_income,county,9,,,26113.443704530855,17454.91196470944,34771.97544435227
median_household_income,county,10,,,47722.213919123846,12206.456156867622,83237.97168138006
median_household_income,county,11,,,28664.446029158724,1107.0528896256073,56221.83916869184
median_household_income,county,12,,,35611.51640293789,23644.04882793386,47578.98397794191
median_household_income,county,13,,,24290.99592701777,15948.011521495244,32633.980332540297
median_household_income,county,14,,,26390.916990115424,17337.432424795086,35444.40155543576
median_household_income,county,15,,,18894.814755019175,12377.607352441366,25412.022157596984
median_household_income,county,16,,,25088.639215208375,17633.24604398679,32544.03238642996
median_household_income,nation,0,,,29493.592849656518,19962.08529205196,39025.100407261074
median_household_income,state,0,,,33492.02609925398,23714.26685968923,43269.78533881872
median_household_income,state,1,,,26725.398032414443,20144.89910218312,33305.89696264577
median_household_income,state,2,,,31851.600707158577,4038.762703944325,59664.43871037283
median_household_income,state,3,,,33326.53024596153,18791.431979346322,47861.62851257673
median_household_income,state,4,,,28427.928993837388,20243.801088982116,36612.05689869266
median_household_income,state,5,,,26390.916990115424,18463.823850127286,34318.01013010356
persons,county,0,,,3994.2776415628414,2976.9377719365316,5011.617511189152
persons,county,1,,,6899.793106450786,5188.571447469467,8611.014765432104
persons,county,2,,,6212.90140480908,4511.639314564101,7914.163495054059
persons,county,3,,,2634.2545967904234,1930.4765481265551,3338.032645454292
persons,county,4,,,4410.34680334305,3194.581536828249,5626.112069857851
persons,county,5,,,3653.3767386407494,2696.92713169247,4609.826345589028
persons,county,6,,,4675.816677517789,3484.8892668630697,5866.744088172508
persons,county,7,,,3567.4398753173705,2682.6770588715726,4452.202691763168
persons,county,8,,,3748.9719247209014,2794.111258691696,4703.832590750107
persons,county,9,,,4371.811870882898,3166.6692230694284,5576.954518696368
persons,county,10,,,1385.1319956188584,1005.8450247508326,1764.418966486884
persons,county,11,,,2767.204275410611,2009.468167434411,3524.940383386811
persons,county,12,,,643.3773814510178,479.5095885477193,807.2451743543162
persons,county,13,,,1632.9452857804442,1205.4421870078181,2060.4483845530704
persons,county,14,,,536.7136771122986,396.20268625598374,677.2246679686134
persons,county,15,,,3128.4915010424847,2309.456213806712,3947.5267882782573
persons,county,16,,,960.5511035933827,722.3242716191521,1198.7779355676132
persons,nation,0,,,55223.40586004499,52729.82731996237,57716.984400127614
persons,state,0,,,13062.443625252548,12078.202954825478,14046.684295679619
persons,state,1,,,11427.78408536154,10877.948670431462,11977.619500291617
persons,state,2,,,10365.237675838549,9062.879494942557,11667.59585673454
persons,state,3,,,2634.2545967904234,2343.5026089334065,2925.0065846474404
persons,state,4,,,8782.15867422595,7644.020993329625,9920.296355122275
persons,state,5,,,8951.527202575977,8086.219168682061,9816.835236469893
tertiary_share_25_plus,county,0,,,0.5432324640085302,0.515608046033955,0.5708568819831054
tertiary_share_25_plus,county,1,,,0.42331322931779325,0.3993487557068587,0.4472777029287278
tertiary_share_25_plus,county,2,,,0.43815866493032385,0.4130587645195386,0.4632585653411091
tertiary_share_25_plus,county,3,,,0.4501727740218403,0.4208441726286986,0.479501375414982
tertiary_share_25_plus,county,4,,,0.4681612685744994,0.44162849615718086,0.49469404099181796
tertiary_share_25_plus,county,5,,,0.4480151520351104,0.4203726396828355,0.47565766438738527
tertiary_share_25_plus,county,6,,,0.48980578764924243,0.4634920161243442,0.5161195591741407
tertiary_share_25_plus,county,7,,,0.41573259506314436,0.3887756420660574,0.4426895480602313
tertiary_share_25_plus,county,8,,,0.49602682113859986,0.46853085572207104,0.5235227865551287
tertiary_share_25_plus,county,9,,,0.45784391534695856,0.4313671008708507,0.48432072982306645
tertiary_share_25_plus,county,10,,,0.40371233710291937,0.3671552793218107,0.44026939488402805
tertiary_share_25_plus,county,11,,,0.4387423098895236,0.4089305201257047,0.46855409965334255
tertiary_share_25_plus,county,12,,,0.46936737651170357,0.41964735679603477,0.5190873962273723
tertiary_share_25_plus,county,13,,,0.39621339126122196,0.3621020510204304,0.4303247315020135
tertiary_share_25_plus,county,14,,,0.42438330571246,0.37161232146132384,0.4771542899635962
tertiary_share_25_plus,county,15,,,0.4183142947614812,0.38950130186850085,0.4471272876544615
tertiary_share_25_plus,county,16,,,0.42132959135116765,0.3803126180777041,0.4623465646246312
tertiary_share_25_plus,nation,0,,,0.453199083419387,0.43255921504248174,0.4738389517962923
tertiary_share_25_plus,state,0,,,0.5069215627457458,0.4844293700717576,0.529413755419734
tertiary_share_25_plus,state,1,,,0.4207800310755125,0.3983209250784592,0.4432391370725658
tertiary_share_25_plus,state,2,,,0.43371133362731384,0.4106002637012605,0.4568224035533672
tertiary_share_25_plus,state,3,,,0.4501727740218403,0.4208441726286986,0.479501375414982
tertiary_share_25_plus,state,4,,,0.46302522754068937,0.4395461487413522,0.4865043063400265
tertiary_share_25_plus,state,5,,,0.4267682908640777,0.40337335117841083,0.45016323054974455
person_years_exposure,county,0,male,0-17,2596.4903667238304,2367.9688021606307,2782.148570069276
person_years_exposure,county,0,male,18-44,3892.504882641392,3582.453680123306,4157.441510650971
person_years_exposure,county,0,male,45-64,2448.416546754455,2229.6746590011267,2622.4489802052613
person_years_exposure,county,0,male,65-74,782.4445833658355,699.6247413671152,848.2800405306441
person_years_exposure,county,0,male,75-84,210.75353633066837,178.2769690587224,239.05111273551748
person_years_exposure,county,0,male,85+,19.530550454108905,13.211848195885707,25.7390626966993
person_years_exposure,county,0,male,18-64,6340.921429395847,5815.021130373979,6765.247157319343
person_years_exposure,county,0,male,65+,1012.7286701506127,902.0508986798956,1101.4754202155525
mortality_rate,county,0,male,0-17,0.016696215420471453,0.011455536837822319,0.023361041932173157
mortality_rate,county,0,male,18-44,0.01528189817988989,0.010973825956756148,0.02132041641964113
mortality_rate,county,0,male,45-64,0.031700574414262,0.023221942426829734,0.043526801798306015
mortality_rate,county,0,male,65-74,0.03962940399767859,0.025490322732694613,0.0576099048629954
mortality_rate,county,0,male,75-84,0.11114668933311062,0.07074013256230699,0.16822927816476427
mortality_rate,county,0,male,85+,0.032794369905995394,0.0,0.12420558908213351
qualifying_event_rate,county,0,male,0-17,0.010864650722003039,0.003795641095284441,0.022227952926031906
qualifying_event_rate,county,0,male,18-44,0.012133569999968884,0.004767226246108467,0.024168441364411035
qualifying_event_rate,county,0,male,45-64,0.01565405068412723,0.005959351858145269,0.03053163546081678
qualifying_event_rate,county,0,male,65-74,0.02991686988707584,0.011286647102991088,0.05956052926845854
qualifying_event_rate,county,0,male,75-84,0.037110959808741996,0.009462854393064189,0.07778098198124136
qualifying_event_rate,county,0,male,85+,0.017412924874145592,0.0,0.0770305348061495
person_years_exposure,county,0,female,0-17,2659.0258975920688,2415.3046900663185,2852.7422792868456
person_years_exposure,county,0,female,18-44,4093.92584754083,3758.0849420522263,4360.414800939006
person_years_exposure,county,0,female,45-64,2441.2268274724734,2223.404011812873,2615.524825388273
person_years_exposure,county,0,female,65-74,606.9528568164652,539.6378323323044,664.195991935932
person_years_exposure,county,0,female,75-84,148.3726414600339,121.87208788063599,171.18771259115402
person_years_exposure,county,0,female,85+,16.556219403057884,10.992138820554018,21.743664799418994
person_years_exposure,county,0,female,18-64,6535.152675013303,5994.111812386311,6971.217903559562
person_years_exposure,county,0,female,65+,771.8817176795569,686.1644897278796,845.3043089275241
mortality_rate,county,0,female,0-17,0.011660791902902633,0.0075267463748727075,0.016845626581438847
mortality_rate,county,0,female,18-44,0.010012570862970714,0.00696719411345795,0.014077334713436295
mortality_rate,county,0,female,45-64,0.02425978288704014,0.017853884091591405,0.03317907139253001
mortality_rate,county,0,female,65-74,0.0608678863457441,0.041492046023752574,0.08813809697111173
mortality_rate,county,0,female,75-84,0.1074428482460093,0.061344772330648834,0.17077844815223608
mortality_rate,county,0,female,85+,0.041068374486116485,0.0,0.16553115270880706
qualifying_event_rate,county,0,female,0-17,0.011367715827297011,0.004064006011788784,0.02288282548422709
qualifying_event_rate,county,0,female,18-44,0.013257541207690057,0.004930059068311545,0.026521079294489255
qualifying_event_rate,county,0,female,45-64,0.02399516343976869,0.00945272221678186,0.046236159063124914
qualifying_event_rate,county,0,female,65-74,0.02872965834626472,0.009924423809093133,0.05745671999815237
qualifying_event_rate,county,0,female,75-84,0.03767935333333508,0.006842532169685614,0.08156712683787552
qualifying_event_rate,county,0,female,85+,0.015748278074375115,0.0,0.07726700608220717
person_years_exposure,county,1,male,0-17,4331.994892882709,4168.2730135662505,4481.1714896680605
person_years_exposure,county,1,male,18-44,5254.802236017658,5070.73825530606,5428.697316547757
person_years_exposure,county,1,male,45-64,4942.0837735714495,4707.041627815875,5132.966635310492
person_years_exposure,county,1,male,65-74,1233.3639780802664,1122.6914155917304,1313.664435196995
person_years_exposure,county,1,male,75-84,378.94353018431144,322.0260224388911,421.9809690684928
person_years_exposure,county,1,male,85+,38.981179480867006,25.392710226703176,55.01534500056657
person_years_exposure,county,1,male,18-64,10196.886009589107,9798.300075187803,10544.18071027566
person_years_exposure,county,1,male,65+,1651.2886877454448,1486.7717312628188,1770.7593874131267
mortality_rate,county,1,male,0-17,0.022604563020926744,0.01693740264909642,0.03110412582553459
mortality_rate,county,1,male,18-44,0.02937946926395637,0.022736241272638857,0.040195277287172135
mortality_rate,county,1,male,45-64,0.0467646354620032,0.03683363524900717,0.0629842908746268
mortality_rate,county,1,male,65-74,0.07699344166659293,0.05689341372239262,0.10824923765938348
mortality_rate,county,1,male,75-84,0.1292155650883696,0.0916822066934008,0.1905837671636358
mortality_rate,county,1,male,85+,0.05754988061963726,0.0,0.14145974825950705
qualifying_event_rate,county,1,male,0-17,0.015524701979218356,0.0060927133117560164,0.030579463551215113
qualifying_event_rate,county,1,male,18-44,0.024735186937026192,0.010102415892305839,0.0475584992095511
qualifying_event_rate,county,1,male,45-64,0.03304112185647863,0.01379960343662822,0.06368212048979187
qualifying_event_rate,county,1,male,65-74,0.047379147832032086,0.01903915674247484,0.08892735495211636
qualifying_event_rate,county,1,male,75-84,0.049296004603276364,0.017397715702871117,0.09570156089481381
qualifying_event_rate,county,1,male,85+,0.022164183962423093,0.0,0.07239741980983741
person_years_exposure,county,1,female,0-17,4188.3688782234585,4013.520686501328,4343.902899020078
person_years_exposure,county,1,female,18-44,5357.50114465524,5145.73587054053,5553.5330098709965
person_years_exposure,county,1,female,45-64,4826.039015161054,4581.442608632688,5015.90691451566
person_years_exposure,county,1,female,65-74,1370.369357746088,1236.4983990256114,1467.1001720049026
person_years_exposure,county,1,female,75-84,370.79549863390747,300.40717550656814,421.96950382499847
person_years_exposure,county,1,female,85+,21.941681441137963,15.95744186467996,27.262360657267877
person_years_exposure,county,1,female,18-64,10183.540159816293,9749.842541950165,10561.097921869878
person_years_exposure,county,1,female,65+,1763.1065378211335,1560.8468841764898,1896.0240868587048
mortality_rate,county,1,female,0-17,0.03426749326927184,0.026469213509413374,0.04692921444430127
mortality_rate,county,1,female,18-44,0.034080884721490755,0.026752428362990258,0.046043585943576625
mortality_rate,county,1,female,45-64,0.04861667628989736,0.038417295738491904,0.06572943124357847
mortality_rate,county,1,female,65-74,0.08845699104026543,0.06696750898844117,0.12366163892647254
mortality_rate,county,1,female,75-84,0.1757450344109418,0.12813692118312525,0.25900403404759714
mortality_rate,county,1,female,85+,0.014019789993997741,0.0,0.06256298279276835
qualifying_event_rate,county,1,female,0-17,0.020921498481329542,0.008135562820803847,0.04098196516400889
qualifying_event_rate,county,1,female,18-44,0.017812350370695253,0.0070809708484266005,0.0343667036587829
qualifying_event_rate,county,1,female,45-64,0.029753044892024804,0.01221533769409017,0.05676938093904702
qualifying_event_rate,county,1,female,65-74,0.052752173037153925,0.022156913478097756,0.09926435493851254
qualifying_event_rate,county,1,female,75-84,0.06262609588625451,0.02442158951527787,0.11758775478411009
qualifying_event_rate,county,1,female,85+,0.023138836431878286,0.0,0.0820802527019105
person_years_exposure,county,2,male,0-17,3673.0474992827435,3219.6382906859108,4136.758337306643
person_years_exposure,county,2,male,18-44,4997.242535931964,4384.6829899263175,5617.830775033286
person_years_exposure,county,2,male,45-64,4291.330070297388,3771.718139026037,4810.395754801583
person_years_exposure,county,2,male,65-74,1279.0652555201088,1103.8146727941585,1461.0179238224705
person_years_exposure,county,2,male,75-84,420.15162075672544,356.16161574475285,484.14557062866965
person_years_exposure,county,2,male,85+,49.91688593582018,37.82788337704771,63.730065359140596
person_years_exposure,county,2,male,18-64,9288.572606229352,8159.269430290763,10414.53404752298
person_years_exposure,county,2,male,65+,1749.1337622126543,1508.725286934524,2000.348389411092
mortality_rate,county,2,male,0-17,0.011463493744492077,0.007881709695754385,0.01600075532450761
mortality_rate,county,2,male,18-44,0.02011040715127264,0.015155842328821653,0.027522575352040096
mortality_rate,county,2,male,45-64,0.02689390996280369,0.020392046193224874,0.0365884681852882
mortality_rate,county,2,male,65-74,0.07607216997828949,0.05710552953339921,0.10584767184450462
mortality_rate,county,2,male,75-84,0.05674658648183855,0.035806918751622986,0.08498951478428184
mortality_rate,county,2,male,85+,0.028440969979934706,0.0,0.07868882538921736
qualifying_event_rate,county,2,male,0-17,0.01634119152229064,0.006106685064885781,0.03245281130309563
qualifying_event_rate,county,2,male,18-44,0.021203392737468806,0.008501354836862441,0.04158566678391766
qualifying_event_rate,county,2,male,45-64,0.027604486021111572,0.010968748434056682,0.0530995770082791
qualifying_event_rate,county,2,male,65-74,0.04203089222714392,0.016743453122948924,0.080261542714698
qualifying_event_rate,county,2,male,75-84,0.05272451041159387,0.01974780054977815,0.09876212756873369
qualifying_event_rate,county,2,male,85+,0.02216896085422085,0.0,0.06708447151486543
person_years_exposure,county,2,female,0-17,3951.408105787679,3461.307704256546,4452.285505130908
person_years_exposure,county,2,female,18-44,5213.55432879347,4575.577954103843,5867.739716947904
person_years_exposure,county,2,female,45-64,4160.760323500105,3655.7911838617006,4670.103265222532
person_years_exposure,county,2,female,65-74,1078.6408442649104,933.8062488139901,1226.596910212529
person_years_exposure,county,2,female,75-84,468.24867106546367,397.70897208152616,539.8699528850364
person_years_exposure,county,2,female,85+,36.445719906165195,27.389938998046883,45.11051773498825
person_years_exposure,county,2,female,18-64,9374.314652293575,8226.854864319565,10528.254561917223
person_years_exposure,county,2,female,65+,1583.3352352365391,1366.9740741056364,1803.6767261984962
mortality_rate,county,2,female,0-17,0.017623884522139997,0.01288736940251896,0.024380159209219206
mortality_rate,county,2,female,18-44,0.010301985469082023,0.0072321792886371385,0.01419792142021055
mortality_rate,county,2,female,45-64,0.02162115628498247,0.01622774314134497,0.02938347004767336
mortality_rate,county,2,female,65-74,0.0465284624319994,0.0332288903306615,0.06468192955953836
mortality_rate,county,2,female,75-84,0.0698885111495152,0.04616537840790863,0.10127784953806515
mortality_rate,county,2,female,85+,0.025910345021352567,0.0,0.08295561464845976
qualifying_event_rate,county,2,female,0-17,0.013581738648785292,0.0050984592733564135,0.026854027930540886
qualifying_event_rate,county,2,female,18-44,0.015575386747488287,0.006189499851006374,0.030327864822138517
qualifying_event_rate,county,2,female,45-64,0.030599430063817944,0.012798204096460916,0.058250753496051494
qualifying_event_rate,county,2,female,65-74,0.05538009032840894,0.022961835253247184,0.10322449692911287
qualifying_event_rate,county,2,female,75-84,0.05490214781365108,0.02239452229891471,0.10128989102617829
qualifying_event_rate,county,2,female,85+,0.019465561939925397,0.0,0.06579759886017628
person_years_exposure,county,3,male,0-17,1935.7401530161235,1741.233493157035,2158.600090623488
person_years_exposure,county,3,male,18-44,2392.0335281764,2162.976649473735,2664.2089477903673
person_years_exposure,county,3,male,45-64,1777.2732436976955,1601.8035667444751,1984.8972573225515
person_years_exposure,county,3,male,65-74,508.02644771660346,447.66024069421655,572.9510812296345
person_years_exposure,county,3,male,75-84,119.4071852398007,95.49240769735505,142.8256978021412
person_years_exposure,county,3,male,85+,7.680359801668712,4.936465017908499,10.57696099335062
person_years_exposure,county,3,male,18-64,4169.306771874096,3769.554884900238,4653.435303690884
person_years_exposure,county,3,male,65+,635.1139927580729,557.123027932205,719.4509698556218
mortality_rate,county,3,male,0-17,0.0102817684492616,0.006135820199074716,0.015323754246129202
mortality_rate,county,3,male,18-44,0.017361911088746813,0.011642694170369363,0.02458702688774895
mortality_rate,county,3,male,45-64,0.028119796816398108,0.019587522514805857,0.03948899556068859
mortality_rate,county,3,male,65-74,0.04455153812605985,0.02712840285148415,0.06665704927158855
mortality_rate,county,3,male,75-84,0.053522046939419456,0.020380988248127545,0.0968980374357206
mortality_rate,county,3,male,85+,0.017392638655866367,0.0,0.1633531510434915
qualifying_event_rate,county,3,male,0-17,0.02208003531409104,0.008204850302608478,0.04350554549828946
qualifying_event_rate,county,3,male,18-44,0.024198163421090373,0.00920505101198452,0.046579076895326775
qualifying_event_rate,county,3,male,45-64,0.036831131401500024,0.014656495629590675,0.07045454347129142
qualifying_event_rate,county,3,male,65-74,0.05096946426967524,0.01848824860964888,0.09832330319950436
qualifying_event_rate,county,3,male,75-84,0.022783537743954984,0.0,0.05456661770259807
qualifying_event_rate,county,3,male,85+,0.021180764201428098,0.0,0.13076147413118863
person_years_exposure,county,3,female,0-17,1663.8843664772337,1501.1171589925636,1853.208059155339
person_years_exposure,county,3,female,18-44,2323.1011956764087,2098.68292309817,2592.2987887567406
person_years_exposure,county,3,female,45-64,1629.3394763200008,1467.428022409381,1821.5833519976695
person_years_exposure,county,3,female,65-74,478.88627752672187,420.92331899222654,541.3429042304645
person_years_exposure,county,3,female,75-84,158.74977406868615,126.58966125347752,194.0864042005651
person_years_exposure,county,3,female,85+,16.748348838645352,4.5082807422997,41.70230683773321
person_years_exposure,county,3,female,18-64,3952.4406719964095,3566.8227032496015,4408.960452911446
person_years_exposure,county,3,female,65+,654.3844004340534,564.123172841302,753.7546460312097
mortality_rate,county,3,female,0-17,0.011974873428064404,0.0069768748786626636,0.018087466437954763
mortality_rate,county,3,female,18-44,0.0133982490040376,0.008604649836002395,0.019493418720206813
mortality_rate,county,3,female,45-64,0.05465992299753792,0.04058472053252484,0.07503867301443637
mortality_rate,county,3,female,65-74,0.04710840834490434,0.0282405553327894,0.072215320927623
mortality_rate,county,3,female,75-84,0.1675880634547916,0.10865090065236158,0.2546609237009247
mortality_rate,county,3,female,85+,0.03614857910334998,0.0,0.17250012398032868
qualifying_event_rate,county,3,female,0-17,0.025253877070173757,0.00940162595311971,0.049391526584346104
qualifying_event_rate,county,3,female,18-44,0.026152280685973462,0.010032967860894682,0.05060106663672804
qualifying_event_rate,county,3,female,45-64,0.056315942698367275,0.023316855864050908,0.10535025023009695
qualifying_event_rate,county,3,female,65-74,0.05925783741392343,0.023561436644702914,0.108472453387914
qualifying_event_rate,county,3,female,75-84,0.05148499241031428,0.014158420992392607,0.10335058395754966
qualifying_event_rate,county,3,female,85+,0.01774938925233111,0.0,0.09491536789170801
person_years_exposure,county,4,male,0-17,2862.6782101814933,2504.7036060115347,3242.589243396792
person_years_exposure,county,4,male,18-44,3836.7186644440426,3359.4125285554046,4336.8653771768495
person_years_exposure,county,4,male,45-64,2926.641088878724,2558.8729866439203,3324.7105990156047
person_years_exposure,county,4,male,65-74,769.9927599050704,656.1637589046616,888.2692107660979
person_years_exposure,county,4,male,75-84,231.75895089535632,181.71468436669912,279.2752061771094
person_years_exposure,county,4,male,85+,15.98961912438311,8.683647523580959,23.742260446319143
person_years_exposure,county,4,male,18-64,6763.359753322767,5913.865697015014,7659.342909578982
person_years_exposure,county,4,male,65+,1017.7413299248099,860.6591561127183,1179.9922687816638
mortality_rate,county,4,male,0-17,0.011886029937012293,0.007935988549746328,0.016953706004400125
mortality_rate,county,4,male,18-44,0.005077504694776174,0.0030355720472741584,0.007549384683631576
mortality_rate,county,4,male,45-64,0.04331337238248994,0.03290841220117144,0.05867009796782607
mortality_rate,county,4,male,65-74,0.09320463293946658,0.06751797545824809,0.1334389026552488
mortality_rate,county,4,male,75-84,0.16744516887050323,0.11569544575703436,0.24897569993688684
mortality_rate,county,4,male,85+,0.06291545334226425,0.0,0.20771902378872287
qualifying_event_rate,county,4,male,0-17,0.012598151268533085,0.004383551359985928,0.025165065808247716
qualifying_event_rate,county,4,male,18-44,0.022022628265472168,0.008781164331715798,0.04168013683345741
qualifying_event_rate,county,4,male,45-64,0.037134447278736174,0.014764812361547303,0.06955998797006466
qualifying_event_rate,county,4,male,65-74,0.04540655113091992,0.017310364065563313,0.08435100831303066
qualifying_event_rate,county,4,male,75-84,0.06930875063713417,0.025533028275244833,0.13074908507135263
qualifying_event_rate,county,4,male,85+,0.01779168355226769,0.0,0.08813456030888127
person_years_exposure,county,4,female,0-17,2787.4063476443703,2437.020438470273,3161.575642915656
person_years_exposure,county,4,female,18-44,3751.3468719122156,3282.814619725214,4240.305929414019
person_years_exposure,county,4,female,45-64,2983.941225780238,2610.6257826322803,3390.67557942938
person_years_exposure,county,4,female,65-74,801.2837900114685,695.763622442511,916.5872932991597
person_years_exposure,county,4,female,75-84,188.04954859142504,151.5346982537959,225.2102596839271
person_years_exposure,county,4,female,85+,25.820087941542376,17.015061070251335,33.83995072632837
person_years_exposure,county,4,female,18-64,6735.288097692453,5885.932009339447,7623.160376629894
person_years_exposure,county,4,female,65+,1015.1534265444359,877.4790136296305,1161.2136409124544
mortality_rate,county,4,female,0-17,0.012113285336396832,0.007806576643747518,0.017344446743033422
mortality_rate,county,4,female,18-44,0.01278355962369459,0.008969062652454436,0.01778278491354881
mortality_rate,county,4,female,45-64,0.028859888456744795,0.02135525419419799,0.03930291492758714
mortality_rate,county,4,female,65-74,0.05927438700347378,0.04171180800114926,0.083963691169315
mortality_rate,county,4,female,75-84,0.1568435537297712,0.10186943259790945,0.2354367063841786
mortality_rate,county,4,female,85+,0.04259399393910538,0.0,0.13305997100421585
qualifying_event_rate,county,4,female,0-17,0.013077793638091712,0.004744825225906189,0.02616531410819232
qualifying_event_rate,county,4,female,18-44,0.024734475596214955,0.009856045806440448,0.04760818283561489
qualifying_event_rate,county,4,female,45-64,0.036673033247374476,0.015119591564704705,0.06910853866596395
qualifying_event_rate,county,4,female,65-74,0.04871718933468378,0.019453969228666216,0.0927951431857926
qualifying_event_rate,county,4,female,75-84,0.05441919849943828,0.016706750693483152,0.10642352669904344
qualifying_event_rate,county,4,female,85+,0.01750364987886095,0.0,0.07036764044175708
person_years_exposure,county,5,male,0-17,2083.7590083488226,1859.4393177347977,2265.435186782801
person_years_exposure,county,5,male,18-44,2926.7740095828026,2608.333364831188,3157.381921725918
person_years_exposure,county,5,male,45-64,2701.6906870916914,2414.3626308423813,2926.7537572887177
person_years_exposure,county,5,male,65-74,728.6437236818155,642.0691980722069,804.6213831231394
person_years_exposure,county,5,male,75-84,246.65864012242517,209.95662360515158,281.95330565592104
person_years_exposure,county,5,male,85+,20.420328043318662,15.15161088113638,24.21525233943402
person_years_exposure,county,5,male,18-64,5628.464696674494,5030.246741463381,6074.443382574105
person_years_exposure,county,5,male,65+,995.7226918475593,876.4789728532838,1102.537365062752
mortality_rate,county,5,male,0-17,0.01741917521931298,0.011829571899445673,0.024727160347805487
mortality_rate,county,5,male,18-44,0.013594352528066057,0.009317480600018017,0.019284987666295432
mortality_rate,county,5,male,45-64,0.03648720740256763,0.027437530764778038,0.05051546824229353
mortality_rate,county,5,male,65-74,0.051630965694828834,0.034618939453018305,0.07491434374609043
mortality_rate,county,5,male,75-84,0.06236895311524589,0.03430986132009071,0.09949885104870541
mortality_rate,county,5,male,85+,0.012396902822989239,0.0,0.06230071136317497
qualifying_event_rate,county,5,male,0-17,0.009477360422738522,0.0031233719883894933,0.019545390274776468
qualifying_event_rate,county,5,male,18-44,0.010293403161675738,0.0036389945090202543,0.02054140057806887
qualifying_event_rate,county,5,male,45-64,0.021905409419280226,0.008575738104230993,0.04265168020723248
qualifying_event_rate,county,5,male,65-74,0.04050798491548075,0.015353737137822197,0.07845825905009216
qualifying_event_rate,county,5,male,75-84,0.018602464470379245,0.0037886451778183583,0.04208381726247588
qualifying_event_rate,county,5,male,85+,0.016739315090582692,0.0,0.08279650146724846
person_years_exposure,county,5,female,0-17,2065.352151009585,1840.925605707392,2239.286435301807
person_years_exposure,county,5,female,18-44,2876.7650967814952,2570.4896017288766,3107.5791913619905
person_years_exposure,county,5,female,45-64,2878.673140390346,2565.847114649235,3114.255481772908
person_years_exposure,county,5,female,65-74,782.0336785047531,688.9470757698017,863.2115178232862
person_years_exposure,county,5,female,75-84,209.36636910321235,180.8698725722509,235.24771751667967
person_years_exposure,county,5,female,85+,23.650887467131177,18.32027367291216,28.101758387884747
person_years_exposure,county,5,female,18-64,5755.438237171841,5130.630027664636,6214.654444899602
person_years_exposure,county,5,female,65+,1015.0509350750966,894.4326721498026,1119.989586411407
mortality_rate,county,5,female,0-17,0.01732003553910356,0.01143201701260184,0.024556970985967357
mortality_rate,county,5,female,18-44,0.015493375121630718,0.010635195670381924,0.022222482629793056
mortality_rate,county,5,female,45-64,0.01951871071879698,0.013778339686451901,0.027258826888230846
mortality_rate,county,5,female,65-74,0.06895902127792052,0.048248089860328094,0.09744908103400117
mortality_rate,county,5,female,75-84,0.04714840387250593,0.021505330712899434,0.07846904632365574
mortality_rate,county,5,female,85+,0.011721522309571025,0.0,0.05366364534396557
qualifying_event_rate,county,5,female,0-17,0.012923653004260058,0.0044912169695152625,0.026695596412155922
qualifying_event_rate,county,5,female,18-44,0.023267983719764993,0.009034942770082552,0.045418579632689804
qualifying_event_rate,county,5,female,45-64,0.021733272667686928,0.008317162890032256,0.0424011823543873
qualifying_event_rate,county,5,female,65-74,0.037010858911219545,0.013590144097104276,0.07123384216546204
qualifying_event_rate,county,5,female,75-84,0.05063148059663996,0.014898914172896856,0.09839303243571186
qualifying_event_rate,county,5,female,85+,0.01668494405725084,0.0,0.07665846128385287
person_years_exposure,county,6,male,0-17,2834.361058395467,2586.0595430609746,3039.6594085511542
person_years_exposure,county,6,male,18-44,3975.0201076581925,3624.568032243998,4253.28239078637
person_years_exposure,county,6,male,45-64,3247.503811555786,2932.5404730632536,3496.9881915225114
person_years_exposure,county,6,male,65-74,807.3562507266288,712.2338249149484,884.1813554557298
person_years_exposure,county,6,male,75-84,264.17918296424705,215.00923467104212,304.6886678718285
person_years_exposure,county,6,male,85+,15.966433962944244,8.250492596734968,23.990922811298656
person_years_exposure,county,6,male,18-64,7222.523919213978,6571.856514358816,7731.442348956876
person_years_exposure,county,6,male,65+,1087.50186765382,947.8641399697309,1199.808684496155
mortality_rate,county,6,male,0-17,0.027740454805803914,0.02038619092736362,0.0382174497905196
mortality_rate,county,6,male,18-44,0.0256903427254389,0.019549262713006395,0.03478725363412153
mortality_rate,county,6,male,45-64,0.053377084436186294,0.04168126343992995,0.07203470980498924
mortality_rate,county,6,male,65-74,0.06995380358235806,0.049563662910170954,0.09856425583405685
mortality_rate,county,6,male,75-84,0.19255864363904207,0.13859699783110205,0.2754913975478576
mortality_rate,county,6,male,85+,0.03943698190371917,0.0,0.15578702406912995
qualifying_event_rate,county,6,male,0-17,0.011580817712963432,0.004213210963279776,0.023283549373573107
qualifying_event_rate,county,6,male,18-44,0.012915127278499415,0.004975556278703326,0.026026271621627333
qualifying_event_rate,county,6,male,45-64,0.016837752081437608,0.006356225191897613,0.03312727589623751
qualifying_event_rate,county,6,male,65-74,0.03277600692220319,0.011539952624417805,0.06593254500446089
qualifying_event_rate,county,6,male,75-84,0.04137542023596874,0.012894062363205047,0.08558641595583226
qualifying_event_rate,county,6,male,85+,0.01870785114687399,0.0,0.09407357484972931
person_years_exposure,county,6,female,0-17,2991.412561612893,2734.327962737031,3208.003791315323
person_years_exposure,county,6,female,18-44,3767.328911996712,3467.933731743906,4016.49161462204
person_years_exposure,county,6,female,45-64,3148.5166200374797,2861.0872695755656,3383.2722537268455
person_years_exposure,county,6,female,65-74,818.7825089361273,712.046886039106,904.9691732149817
person_years_exposure,county,6,female,75-84,270.29907813467605,215.3858823338511,312.5777531120044
person_years_exposure,county,6,female,85+,8.35193774450186,2.314458039170944,15.033421257463207
person_years_exposure,county,6,female,18-64,6915.845532034192,6310.835411089388,7395.525947675697
person_years_exposure,county,6,female,65+,1097.4335248153052,938.826254541969,1216.1030955863716
mortality_rate,county,6,female,0-17,0.01943535335189702,0.01401640132604992,0.02663897252946034
mortality_rate,county,6,female,18-44,0.017178559841208387,0.012682016169049869,0.023613696665297185
mortality_rate,county,6,female,45-64,0.04380162879634357,0.033629171960057005,0.05965400462443605
mortality_rate,county,6,female,65-74,0.10395915634672286,0.07701321681752056,0.14895894363346826
mortality_rate,county,6,female,75-84,0.17815164338461723,0.1272057150169779,0.26132766008155245
mortality_rate,county,6,female,85+,0.05012560273167473,0.0,0.25966466928281906
qualifying_event_rate,county,6,female,0-17,0.012094189682078945,0.0043701392941330325,0.02442412999191762
qualifying_event_rate,county,6,female,18-44,0.014156975836424272,0.005327289348224652,0.02863009908447711
qualifying_event_rate,county,6,female,45-64,0.026372166053235436,0.010635324030047603,0.05127221158412829
qualifying_event_rate,county,6,female,65-74,0.03075617384672842,0.010704625995546786,0.061019531362429644
qualifying_event_rate,county,6,female,75-84,0.04147524796702789,0.013109152005919618,0.08554484476130066
qualifying_event_rate,county,6,female,85+,0.014950831147262676,0.0,0.10860137316990555
person_years_exposure,county,7,male,0-17,2073.3526400703286,1996.445566179335,2149.677269825033
person_years_exposure,county,7,male,18-44,2413.0932821647248,2332.9006022802405,2493.2083485165635
person_years_exposure,county,7,male,45-64,2780.036067056301,2666.6354602266274,2882.9117951083012
person_years_exposure,county,7,male,65-74,777.2429383365059,721.3686698585684,826.1861315944439
person_years_exposure,county,7,male,75-84,300.00647245166425,263.5671961409413,331.272775138384
person_years_exposure,county,7,male,85+,14.2959433940374,7.7016984080969735,21.39460044553363
person_years_exposure,county,7,male,18-64,5193.129349221026,5008.794296373517,5363.8567645609355
person_years_exposure,county,7,male,65+,1091.5453541822073,1004.9109471432024,1164.2919583825892
mortality_rate,county,7,male,0-17,0.016514193211526515,0.010791617820122827,0.02374979421656412
mortality_rate,county,7,male,18-44,0.021668691635427888,0.015508276442124314,0.030495274835028407
mortality_rate,county,7,male,45-64,0.03372434045856618,0.025170812907712958,0.04619277584524604
mortality_rate,county,7,male,65-74,0.05343364926299827,0.03673813047590318,0.07672146614349225
mortality_rate,county,7,male,75-84,0.09491316794614545,0.061934837931639175,0.13959731291449953
mortality_rate,county,7,male,85+,0.03566301599262522,0.0,0.15231081316763526
qualifying_event_rate,county,7,male,0-17,0.009872766536138137,0.003345778231152355,0.019681006356529824
qualifying_event_rate,county,7,male,18-44,0.01579234367737078,0.005930205875276378,0.031122096308602375
qualifying_event_rate,county,7,male,45-64,0.02116917651398159,0.008084853057558322,0.0415918320535395
qualifying_event_rate,county,7,male,65-74,0.03053197475383194,0.010466842547617173,0.05867774861377042
qualifying_event_rate,county,7,male,75-84,0.032087523884386945,0.009535730211903173,0.06337192414432476
qualifying_event_rate,county,7,male,85+,0.012688763122895554,0.0,0.07914673356758804
person_years_exposure,county,7,female,0-17,2096.999000074335,2014.6191192856968,2177.9657627289266
person_years_exposure,county,7,female,18-44,2661.5071941615747,2565.511476185257,2761.2899080050915
person_years_exposure,county,7,female,45-64,2943.794482198395,2824.7064589404713,3055.4212615532556
person_years_exposure,county,7,female,65-74,804.3192142633116,742.5828290805205,858.480590939463
person_years_exposure,county,7,female,75-84,254.6127728362327,214.75566332147983,286.4179817883282
person_years_exposure,county,7,female,85+,8.8822426958314,5.949936379427231,12.11773474319528
person_years_exposure,county,7,female,18-64,5605.30167635997,5402.2048009356695,5805.410097675476
person_years_exposure,county,7,female,65+,1067.8142297953755,971.6038752693228,1141.2245223256332
mortality_rate,county,7,female,0-17,0.025017615201838588,0.0177051962204776,0.0358981556994017
mortality_rate,county,7,female,18-44,0.02499006225294172,0.018187675158133073,0.034645643432561116
mortality_rate,county,7,female,45-64,0.035346964554754993,0.02697531043206614,0.047720696307443786
mortality_rate,county,7,female,65-74,0.06432677088273812,0.046032852734723004,0.09270735885682206
mortality_rate,county,7,female,75-84,0.12737306767777978,0.08474405330793482,0.18634411216883956
mortality_rate,county,7,female,85+,0.011561802444392338,0.0,0.133936016804249
qualifying_event_rate,county,7,female,0-17,0.013299791004436035,0.004718116379311469,0.026852699993563885
qualifying_event_rate,county,7,female,18-44,0.011346293654116166,0.004144611704035464,0.0223691433136374
qualifying_event_rate,county,7,female,45-64,0.019008968333944554,0.0075456832723659,0.036739109230048375
qualifying_event_rate,county,7,female,65-74,0.03446783819113666,0.012644775299173548,0.06772144241805927
qualifying_event_rate,county,7,female,75-84,0.04105210347152573,0.011652578025191956,0.08085745595452032
qualifying_event_rate,county,7,female,85+,0.016634750606507983,0.0,0.11825972902391645
person_years_exposure,county,8,male,0-17,2270.10065329828,2068.7169544632798,2431.088070080258
person_years_exposure,county,8,male,18-44,3204.232854566229,2938.1329546470715,3420.302620825167
person_years_exposure,county,8,male,45-64,2639.82783621744,2396.4310706066885,2837.3024979556576
person_years_exposure,county,8,male,65-74,731.7606666618535,653.8218057489928,798.186234469027
person_years_exposure,county,8,male,75-84,264.4008393295282,222.55826263430163,301.781506692698
person_years_exposure,county,8,male,85+,17.255230976438337,11.697533493812553,22.58028368613065
person_years_exposure,county,8,male,18-64,5844.060690783669,5349.2839037265485,6252.896931179913
person_years_exposure,county,8,male,65+,1013.4167369678202,900.0981274349464,1109.9954815494177
mortality_rate,county,8,male,0-17,0.02026772053395579,0.014038876184926692,0.028241331450482004
mortality_rate,county,8,male,18-44,0.018446059145099603,0.013129747285678228,0.025735218486875207
mortality_rate,county,8,male,45-64,0.040083476320227816,0.030796593771041006,0.05439055382736423
mortality_rate,county,8,male,65-74,0.05024068910940619,0.03363431206014427,0.07357665265403192
mortality_rate,county,8,male,75-84,0.13469392219288995,0.0916541409789119,0.2008913042868176
mortality_rate,county,8,male,85+,0.028624066482591984,0.0,0.13279575924971504
qualifying_event_rate,county,8,male,0-17,0.01190342490628738,0.004150573891814027,0.023976871291064128
qualifying_event_rate,county,8,male,18-44,0.013121681158434975,0.004742726437129401,0.026035970770459743
qualifying_event_rate,county,8,male,45-64,0.017206932672107985,0.006488554928155101,0.03448229634024265
qualifying_event_rate,county,8,male,65-74,0.032883686398478565,0.011555867827167847,0.06552290945724147
qualifying_event_rate,county,8,male,75-84,0.041016666529580685,0.012136963900574596,0.082443956797912
qualifying_event_rate,county,8,male,85+,0.01921051320173259,0.0,0.08420333934561211
person_years_exposure,county,8,female,0-17,2345.421686939002,2140.0670223444977,2514.766010192141
person_years_exposure,county,8,female,18-44,2930.6228946503024,2684.6898989886126,3124.2262611375086
person_years_exposure,county,8,female,45-64,2790.6227637896704,2543.426591494274,2987.551364133124
person_years_exposure,county,8,female,65-74,779.8077953240322,690.5767745972288,850.9524635922842
person_years_exposure,county,8,female,75-84,187.26565498422943,153.04516628896488,215.75205604169685
person_years_exposure,county,8,female,85+,31.029072961520402,22.67407237559919,39.395827792106516
person_years_exposure,county,8,female,18-64,5721.245658439973,5234.43647827023,6109.1475593259065
person_years_exposure,county,8,female,65+,998.1025232697821,877.3197320001153,1092.0585027543007
mortality_rate,county,8,female,0-17,0.014119512547323547,0.009359198711274039,0.020117037762394083
mortality_rate,county,8,female,18-44,0.012869890883555855,0.008806122992566435,0.0180385623371893
mortality_rate,county,8,female,45-64,0.030371139958793064,0.02254263822521828,0.04149976488692963
mortality_rate,county,8,female,65-74,0.07697271833030132,0.056404212555294944,0.10803713869492095
mortality_rate,county,8,female,75-84,0.12403684020634856,0.07828329732663519,0.18935696608681174
mortality_rate,county,8,female,85+,0.04932681859746027,0.0,0.13634442779533576
qualifying_event_rate,county,8,female,0-17,0.012318713639382929,0.0042537823692165196,0.024767537791190626
qualifying_event_rate,county,8,female,18-44,0.014568348597643272,0.005633411294654862,0.029206991382128962
qualifying_event_rate,county,8,female,45-64,0.0263758260069499,0.010156443716376088,0.051092674738018144
qualifying_event_rate,county,8,female,65-74,0.031595200434630356,0.011735205084108472,0.061597327141314974
qualifying_event_rate,county,8,female,75-84,0.04045044700657869,0.010538722662065417,0.08374450637074778
qualifying_event_rate,county,8,female,85+,0.019210079930356568,0.0,0.06953596994507451
person_years_exposure,county,9,male,0-17,2742.4873013352444,2391.9864207253595,3108.967985143577
person_years_exposure,county,9,male,18-44,3590.670865479888,3141.2165334217334,4053.156939734681
person_years_exposure,county,9,male,45-64,3385.6191361779715,2954.5257958135617,3837.5565076751936
person_years_exposure,county,9,male,65-74,725.3681934343351,622.1817911038578,830.3376733591384
person_years_exposure,county,9,male,75-84,277.30796355363435,227.27554045210414,328.45034419343153
person_years_exposure,county,9,male,85+,24.1016751935447,13.544054693644139,34.75672741465326
person_years_exposure,county,9,male,18-64,6976.29000165786,6091.255032071122,7886.997874454126
person_years_exposure,county,9,male,65+,1026.7778321815142,875.3961730267614,1185.2365978127568
mortality_rate,county,9,male,0-17,0.008932249939433909,0.005636334988273978,0.013101945630520608
mortality_rate,county,9,male,18-44,0.0038388869946334564,0.002049491810711326,0.005876042032859456
mortality_rate,county,9,male,45-64,0.03139456471246524,0.023751339474920457,0.04318571711124653
mortality_rate,county,9,male,65-74,0.07300231260968511,0.05152580378949599,0.1048408221799576
mortality_rate,county,9,male,75-84,0.12396468134029517,0.08280296319687598,0.18393854157414394
mortality_rate,county,9,male,85+,0.04773665353783053,0.0,0.144316130903514
qualifying_event_rate,county,9,male,0-17,0.013254426971658939,0.005044921763030165,0.02619750300752457
qualifying_event_rate,county,9,male,18-44,0.023226694171356133,0.009208768999345387,0.04478288438704826
qualifying_event_rate,county,9,male,45-64,0.0383780893608376,0.015932151747267392,0.07236278777779748
qualifying_event_rate,county,9,male,65-74,0.048193873659194905,0.018010700846249398,0.08952501400126055
qualifying_event_rate,county,9,male,75-84,0.06994435085712321,0.024828493636745316,0.13057367850545604
qualifying_event_rate,county,9,male,85+,0.01773104189847765,0.0,0.07359662850801256
person_years_exposure,county,9,female,0-17,2692.208827721229,2352.6777091897934,3042.512076808328
person_years_exposure,county,9,female,18-44,3511.029602972389,3072.6393169623407,3967.49475769202
person_years_exposure,county,9,female,45-64,3124.8798004950027,2728.32772730305,3539.8858638730976
person_years_exposure,county,9,female,65-74,901.9218127777948,782.3049359207581,1026.8986872575363
person_years_exposure,county,9,female,75-84,243.00276405622807,199.39470844409965,284.93679197052717
person_years_exposure,county,9,female,85+,23.902372458157753,16.302978467690128,31.238986366492185
person_years_exposure,county,9,female,18-64,6635.909403467392,5805.878839738084,7499.387319887247
person_years_exposure,county,9,female,65+,1168.8269492921806,1013.1104041427922,1334.7867469732316
mortality_rate,county,9,female,0-17,0.009009287304443652,0.005610180292303521,0.013298853617849804
mortality_rate,county,9,female,18-44,0.009734947113822097,0.006422753098021598,0.013874275343611355
mortality_rate,county,9,female,45-64,0.02285291026072035,0.01656162972287314,0.03134197227231652
mortality_rate,county,9,female,65-74,0.043320460708999434,0.029349143614254822,0.06305144471602467
mortality_rate,county,9,female,75-84,0.1175959659182896,0.0761966777435068,0.1759019093350687
mortality_rate,county,9,female,85+,0.029389626763060894,0.0,0.11015680428200873
qualifying_event_rate,county,9,female,0-17,0.013786527462253489,0.004789754900049252,0.0277418342409672
qualifying_event_rate,county,9,female,18-44,0.02615766382416692,0.010199724715719945,0.05012031840918705
qualifying_event_rate,county,9,female,45-64,0.03860570367367093,0.015970677122321187,0.07180321902428473
qualifying_event_rate,county,9,female,65-74,0.050237913434584454,0.020211187128522278,0.09287707804627691
qualifying_event_rate,county,9,female,75-84,0.056714133808754556,0.018406169107216985,0.11017708420658802
qualifying_event_rate,county,9,female,85+,0.018201900472882986,0.0,0.07469967376045751
person_years_exposure,county,10,male,0-17,667.1807446356444,579.4074804449835,758.7468579264554
person_years_exposure,county,10,male,18-44,844.5605227451478,732.590823100096,959.914467565581
person_years_exposure,county,10,male,45-64,966.744933882137,838.5241461098396,1092.7316460465793
person_years_exposure,county,10,male,65-74,205.7359713483442,161.08838235674432,245.18785525135527
person_years_exposure,county,10,male,75-84,99.54869506476014,74.568149859207,124.20190196137735
person_years_exposure,county,10,male,85+,10.044694476442501,4.76257343396066,15.43713357619568
person_years_exposure,county,10,male,18-64,1811.305456627285,1578.8907321115998,2044.8504147612384
person_years_exposure,county,10,male,65+,315.3293608895468,249.0455885800975,375.15283929364625
mortality_rate,county,10,male,0-17,0.02938430983724051,0.017645879394497445,0.04412557531957807
mortality_rate,county,10,male,18-44,0.05158409697324401,0.035289155925116764,0.0729540455317152
mortality_rate,county,10,male,45-64,0.06817970058701572,0.04978466205198893,0.0936675121201711
mortality_rate,county,10,male,65-74,0.21538212392316936,0.154164809745932,0.3150293903393632
mortality_rate,county,10,male,75-84,0.14546970377543833,0.08379489034517798,0.23795256736190665
mortality_rate,county,10,male,85+,0.05917844710875325,0.0,0.2781185104807497
qualifying_event_rate,county,10,male,0-17,0.018497465376953057,0.005312467726653934,0.03861694600821326
qualifying_event_rate,county,10,male,18-44,0.024104556199440092,0.007858772330447931,0.04768156894532432
qualifying_event_rate,county,10,male,45-64,0.03159333227587932,0.011695647668994625,0.06125398972252543
qualifying_event_rate,county,10,male,65-74,0.051011385734608485,0.01540042137788068,0.10574221004489988
qualifying_event_rate,county,10,male,75-84,0.06120663726336116,0.015839995799166118,0.1268100789141166
qualifying_event_rate,county,10,male,85+,0.024415999935633433,0.0,0.13618351022474953
person_years_exposure,county,10,female,0-17,772.0251378066581,668.2805608557576,877.2403128518368
person_years_exposure,county,10,female,18-44,1066.4611643656292,932.780705489023,1202.5431663956313
person_years_exposure,county,10,female,45-64,1051.0226254320387,911.7560885619364,1192.2066869685777
person_years_exposure,county,10,female,65-74,285.7103452316284,237.06604116999725,332.8858850237926
person_years_exposure,county,10,female,75-84,76.58400267772062,55.10274220717421,96.44673224264048
person_years_exposure,county,10,female,85+,3.553990297239233,0.17813585739841734,6.363175575821158
person_years_exposure,county,10,female,18-64,2117.4837897976677,1846.0617960872125,2391.757560456076
person_years_exposure,county,10,female,65+,365.84833820658827,301.6983310874134,429.1891856896998
mortality_rate,county,10,female,0-17,0.04574037633719254,0.03075775027482228,0.06547149943549319
mortality_rate,county,10,female,18-44,0.02722437340946493,0.017489516388786052,0.03938430455327043
mortality_rate,county,10,female,45-64,0.053795383656179314,0.0384801927069413,0.07505983003038827
mortality_rate,county,10,female,65-74,0.12609553577025,0.08398899611961998,0.18565129426187907
mortality_rate,county,10,female,75-84,0.1599208849337156,0.08715765144138676,0.2662335082545911
mortality_rate,county,10,female,85+,0.061387684398096554,0.0,0.5229711136022905
qualifying_event_rate,county,10,female,0-17,0.015393908395321305,0.004329947432547737,0.03129974620947943
qualifying_event_rate,county,10,female,18-44,0.017848044947131853,0.005738445552741012,0.036069942580500884
qualifying_event_rate,county,10,female,45-64,0.03456910747288335,0.013203006280034263,0.06799295941756978
qualifying_event_rate,county,10,female,65-74,0.06553655560050625,0.023959223202907293,0.12652138631645804
qualifying_event_rate,county,10,female,75-84,0.059279404065170724,0.012462343222655636,0.11883111578327918
qualifying_event_rate,county,10,female,85+,0.021826139761836498,0.0,0.19122648958106464
person_years_exposure,county,11,male,0-17,1540.0527431586897,1343.8864820399665,1733.9899510798148
person_years_exposure,county,11,male,18-44,2191.5618792230975,1922.42506137951,2465.533800514646
person_years_exposure,county,11,male,45-64,2020.4419332499176,1769.706440522426,2271.9847673826775
person_years_exposure,county,11,male,65-74,545.3092668808125,462.866972622035,625.5088989192687
person_years_exposure,county,11,male,75-84,146.0236148385996,119.62358892481132,173.10567707030677
person_years_exposure,county,11,male,85+,2.233943194366787,0.35246472804020224,3.974494815762785
person_years_exposure,county,11,male,18-64,4212.003812473015,3698.549787470605,4733.489867413221
person_years_exposure,county,11,male,65+,693.566824913779,589.0760800069208,795.431460584488
mortality_rate,county,11,male,0-17,0.01459784115340748,0.0087262027642782,0.02164643206451951
mortality_rate,county,11,male,18-44,0.025468779494278646,0.018016657382234562,0.03561191201472232
mortality_rate,county,11,male,45-64,0.034808529819080294,0.02562791013980806,0.04773788295379952
mortality_rate,county,11,male,65-74,0.09921479912996177,0.07073780628100956,0.1427919460335162
mortality_rate,county,11,male,75-84,0.07457444746666722,0.037606805265628596,0.12498751591913057
mortality_rate,county,11,male,85+,0.02729434116095004,0.0,0.298105738736184
qualifying_event_rate,county,11,male,0-17,0.01793725586946536,0.006372659771569441,0.036608185674958
qualifying_event_rate,county,11,male,18-44,0.023275976220932974,0.008999708850582705,0.04568090285693823
qualifying_event_rate,county,11,male,45-64,0.030478035794599102,0.012017490250622504,0.05929583885787917
qualifying_event_rate,county,11,male,65-74,0.046351431990882465,0.017417563130932824,0.09071628599023648
qualifying_event_rate,county,11,male,75-84,0.0572375370840959,0.015180459906998105,0.11467598554760323
qualifying_event_rate,county,11,male,85+,0.01804863038691499,0.0,0.01804863038691499
person_years_exposure,county,11,female,0-17,1598.7865830522912,1395.7435393886328,1804.20361856704
person_years_exposure,county,11,female,18-44,2189.7614035245756,1919.9934737220635,2468.019411713753
person_years_exposure,county,11,female,45-64,1947.7209036482848,1704.4898740102187,2189.091509568472
person_years_exposure,county,11,female,65-74,636.9319713312619,548.6547015463483,727.0811747093105
person_years_exposure,county,11,female,75-84,160.14369745172695,130.86455160992813,189.85340078431736
person_years_exposure,county,11,female,85+,3.294394553229556,0.43968660396836545,5.560719804659018
person_years_exposure,county,11,female,18-64,4137.482307172861,3630.1600726126985,4653.183616048156
person_years_exposure,county,11,female,65+,800.3700633362185,687.2705076836709,914.5619236420139
mortality_rate,county,11,female,0-17,0.02266947491800698,0.015341459742434501,0.032147809598102754
mortality_rate,county,11,female,18-44,0.013046557314539575,0.008478150959275309,0.01888677151465344
mortality_rate,county,11,female,45-64,0.027408586745542276,0.019304309386387473,0.03790064763912876
mortality_rate,county,11,female,65-74,0.059734259108686155,0.04063071135098356,0.08604372262486153
mortality_rate,county,11,female,75-84,0.08496755007614937,0.04527471809716588,0.13521334693800652
mortality_rate,county,11,female,85+,0.028905678757376863,0.0,0.30470622879577614
qualifying_event_rate,county,11,female,0-17,0.014993976195987345,0.00530642952612719,0.03022436819805882
qualifying_event_rate,county,11,female,18-44,0.017000792615838204,0.006379142223020152,0.03399721784383145
qualifying_event_rate,county,11,female,45-64,0.033476745984494724,0.013570516713081963,0.06422953929560107
qualifying_event_rate,county,11,female,65-74,0.06056963881244815,0.024714477375564627,0.11153718716169433
qualifying_event_rate,county,11,female,75-84,0.05816880373007999,0.018207761746348954,0.11228662501603653
qualifying_event_rate,county,11,female,85+,0.016683798791274507,0.0,0.1935631368673966
person_years_exposure,county,12,male,0-17,413.63130412057257,370.3392543864247,453.0235067563169
person_years_exposure,county,12,male,18-44,475.52620519302974,428.48677537724103,516.0982274988922
person_years_exposure,county,12,male,45-64,424.2064186335194,369.6491342706487,470.1967524482358
person_years_exposure,county,12,male,65-74,112.58568597999707,90.28251838753178,133.48026916752852
person_years_exposure,county,12,male,75-84,6.885830936252389,2.8304787344673152,11.402059712125485
person_years_exposure,county,12,male,85+,0.05324131083432525,0.007732257038329506,0.1424036240786775
person_years_exposure,county,12,male,18-64,899.7326238265491,804.1009923105432,977.0711886433878
person_years_exposure,county,12,male,65+,119.52475822708378,95.27360699511775,141.1325831028219
mortality_rate,county,12,male,0-17,0.048163656129044,0.029301325711857243,0.0726120156155031
mortality_rate,county,12,male,18-44,0.043872096375679036,0.02673264395738449,0.06510717602143717
mortality_rate,county,12,male,45-64,0.0925197555787669,0.0640570946965054,0.1342653192170851
mortality_rate,county,12,male,65-74,0.11077999794207839,0.060789230387959706,0.18110060228467212
mortality_rate,county,12,male,75-84,0.25835499943763257,0.07737650419774608,0.7905707212577229
mortality_rate,county,12,male,85+,0.0026072317478828006,0.0,0.0026072317478828006
qualifying_event_rate,county,12,male,0-17,0.011433179953730417,0.0022489568262820158,0.026570880924442805
qualifying_event_rate,county,12,male,18-44,0.012505854977558453,0.002075352970879242,0.02790528057981283
qualifying_event_rate,county,12,male,45-64,0.0167242385049743,0.004250958475936378,0.036033148711433156
qualifying_event_rate,county,12,male,65-74,0.03187717732519139,0.0,0.07368901847670101
qualifying_event_rate,county,12,male,75-84,0.03923913525275889,0.0,0.20752961498202954
qualifying_event_rate,county,12,male,85+,0.0,0.0,0.0
person_years_exposure,county,12,female,0-17,331.2856083208434,296.4637950645947,363.08402428444685
person_years_exposure,county,12,female,18-44,553.3794703501133,500.25498907485024,597.6843386741201
person_years_exposure,county,12,female,45-64,435.63621997843666,386.4653320155946,479.5187480532013
person_years_exposure,county,12,female,65-74,117.40515009333294,93.17124592007681,139.52517518973997
person_years_exposure,county,12,female,75-84,21.041702982383526,12.695902510786887,29.296519452169154
person_years_exposure,county,12,female,85+,1.48001482023861,0.027410186618191362,4.336153860460063
person_years_exposure,county,12,female,18-64,989.0156903285499,891.102844331331,1071.8668530073019
person_years_exposure,county,12,female,65+,139.92686789595507,109.54462811293848,165.5555825142242
mortality_rate,county,12,female,0-17,0.03310920369385859,0.016136281915840902,0.054569653278297936
mortality_rate,county,12,female,18-44,0.029557952565363397,0.016521524378148442,0.04532044137982234
mortality_rate,county,12,female,45-64,0.07952661095182252,0.05327606977332002,0.11640334771110027
mortality_rate,county,12,female,65-74,0.16499692080168227,0.10470269276308918,0.2566466850845593
mortality_rate,county,12,female,75-84,0.2837933547543797,0.13253132805956422,0.5633810631177426
mortality_rate,county,12,female,85+,0.0684588842806705,0.0,0.5610537195522581
qualifying_event_rate,county,12,female,0-17,0.011980490187057222,0.0024552189842819315,0.02681224056321981
qualifying_event_rate,county,12,female,18-44,0.014108865703851269,0.00350270572022128,0.03041504511243342
qualifying_event_rate,county,12,female,45-64,0.02630692904906939,0.008234652678447673,0.05412528795092331
qualifying_event_rate,county,12,female,65-74,0.030835668124796264,0.0,0.07196590245532689
qualifying_event_rate,county,12,female,75-84,0.03970618103184321,0.0,0.12668512391317407
qualifying_event_rate,county,12,female,85+,0.013714853501914166,0.0,0.013714853501914166
person_years_exposure,county,13,male,0-17,847.5154609499491,753.9362131668352,926.0334183467527
person_years_exposure,county,13,male,18-44,1256.6329091442694,1121.0992287898355,1357.2240495071026
person_years_exposure,county,13,male,45-64,1322.5027164230457,1172.7328361577559,1443.0957042269886
person_years_exposure,county,13,male,65-74,306.4246527435956,260.7582721625124,344.390676116013
person_years_exposure,county,13,male,75-84,119.86109762732181,96.43024938451332,141.58949273006547
person_years_exposure,county,13,male,85+,7.5519148573323625,2.817719687378036,11.718292890686008
person_years_exposure,county,13,male,18-64,2579.1356255673154,2304.6650227246055,2792.974530125929
person_years_exposure,county,13,male,65+,433.83766522824976,370.79613888385495,489.26814772467685
mortality_rate,county,13,male,0-17,0.02515049066315358,0.015466454397383155,0.038098846524723985
mortality_rate,county,13,male,18-44,0.019077421486961767,0.012111328281985197,0.02802498405527623
mortality_rate,county,13,male,45-64,0.05683222346737889,0.04167295134929013,0.0787873746822331
mortality_rate,county,13,male,65-74,0.07265202360617008,0.04477678015407643,0.1105229576471319
mortality_rate,county,13,male,75-84,0.0899743570563215,0.0452855901476525,0.15169634774602722
mortality_rate,county,13,male,85+,0.011251526863220904,0.0,0.12679650445426988
qualifying_event_rate,county,13,male,0-17,0.011113597033312701,0.002567135880703828,0.023785051745077394
qualifying_event_rate,county,13,male,18-44,0.011867202180248376,0.003846719307809469,0.02402525796288819
qualifying_event_rate,county,13,male,45-64,0.026413653803850346,0.010327966692501203,0.051548897095232526
qualifying_event_rate,county,13,male,65-74,0.04668358219971015,0.01584998313109574,0.09159366455435894
qualifying_event_rate,county,13,male,75-84,0.02116881274653096,0.0,0.052344337378630736
qualifying_event_rate,county,13,male,85+,0.01803925639000681,0.0,0.12959066454092344
person_years_exposure,county,13,female,0-17,878.8052630430414,782.6620771979224,958.604226084823
person_years_exposure,county,13,female,18-44,1285.0130105474948,1150.1871975429451,1391.1138002792795
person_years_exposure,county,13,female,45-64,1160.9119422654453,1036.5696520580395,1262.6358680851897
person_years_exposure,county,13,female,65-74,296.91377218183914,252.56682442971228,335.60473889679145
person_years_exposure,county,13,female,75-84,136.7856285064459,114.83960897266212,158.00634158092254
person_years_exposure,county,13,female,85+,0.9526098731038352,0.004995228036768844,1.7483415561925146
person_years_exposure,county,13,female,18-64,2445.9249528129403,2186.0817808539728,2647.7138217226407
person_years_exposure,county,13,female,65+,434.65201056138886,373.26819542935715,487.95963067661194
mortality_rate,county,13,female,0-17,0.025178396445968046,0.015073651981148458,0.03722339039871821
mortality_rate,county,13,female,18-44,0.021672521899113693,0.013801405006504317,0.03127031895843134
mortality_rate,county,13,female,45-64,0.030094875182196598,0.020003313482685605,0.04309176028208747
mortality_rate,county,13,female,65-74,0.10267622650912785,0.06765523232533828,0.1522447157692036
mortality_rate,county,13,female,75-84,0.06078110620176043,0.028271099347304894,0.10538580145343171
mortality_rate,county,13,female,85+,0.008057716049017926,0.0,0.008057716049017926
qualifying_event_rate,county,13,female,0-17,0.01508101217026024,0.004625093731581847,0.03118319134313456
qualifying_event_rate,county,13,female,18-44,0.026988439276845928,0.01002604621549222,0.05291162700179279
qualifying_event_rate,county,13,female,45-64,0.025436293486115293,0.009409671583537692,0.05003745584373188
qualifying_event_rate,county,13,female,65-74,0.04389485962019006,0.013865592588580639,0.08902399714185197
qualifying_event_rate,county,13,female,75-84,0.05784249186688885,0.01495282232509624,0.11716161568486926
qualifying_event_rate,county,13,female,85+,0.012845349672036257,0.0,0.012845349672036257
person_years_exposure,county,14,male,0-17,310.521065304484,273.2931993356527,344.6995563116351
person_years_exposure,county,14,male,18-44,344.9501098881348,306.1715255696049,378.51420844278164
person_years_exposure,county,14,male,45-64,375.67346905381953,325.78901330466016,420.3459540165999
person_years_exposure,county,14,male,65-74,108.85279572014413,85.46440708085916,131.9189693585262
person_years_exposure,county,14,male,75-84,41.676491876067416,29.24019274602153,54.1885539836357
person_years_exposure,county,14,male,85+,0.854531399641355,0.00198807291158368,2.3618815055755817
person_years_exposure,county,14,male,18-64,720.6235789419543,639.6626541008155,791.1741674464906
person_years_exposure,county,14,male,65+,151.3838189958529,119.30848538789951,180.60211603396868
mortality_rate,county,14,male,0-17,0.04635580298285579,0.025194664259668778,0.07354018679290485
mortality_rate,county,14,male,18-44,0.03785241652260309,0.019654771369668977,0.060398915938671825
mortality_rate,county,14,male,45-64,0.09696746876758705,0.06685921010783805,0.13872188860045875
mortality_rate,county,14,male,65-74,0.15439999105749944,0.09067126345973643,0.2453817661629431
mortality_rate,county,14,male,75-84,0.16813924346490366,0.08006088651396638,0.2968843747153912
mortality_rate,county,14,male,85+,0.02868644535450715,0.0,0.02868644535450715
qualifying_event_rate,county,14,male,0-17,0.010931230516131764,0.0,0.025995658237657187
qualifying_event_rate,county,14,male,18-44,0.012286893856388528,0.0026613804325069253,0.02816358934855414
qualifying_event_rate,county,14,male,45-64,0.02565710667134693,0.007234206682157796,0.05283506696361331
qualifying_event_rate,county,14,male,65-74,0.04929539806468551,0.009513124751140101,0.10498388205856009
qualifying_event_rate,county,14,male,75-84,0.021204139372799746,0.0,0.07084447542489955
qualifying_event_rate,county,14,male,85+,0.01676417441258536,0.0,0.01676417441258536
person_years_exposure,county,14,female,0-17,270.56340517268455,235.67116411898695,301.3146459524517
person_years_exposure,county,14,female,18-44,304.69301448573907,269.59437377164477,334.9551904659098
person_years_exposure,county,14,female,45-64,367.03277284969073,323.4715386502825,406.2105307401186
person_years_exposure,county,14,female,65-74,123.69517486046469,97.38792868495716,147.84718453734723
person_years_exposure,county,14,female,75-84,53.29085000770117,38.3359076094092,67.4557908151153
person_years_exposure,county,14,female,85+,4.319626021918665,2.5079375941621564,5.575950007225182
person_years_exposure,county,14,female,18-64,671.7257873354298,596.9673892993811,735.4461127446151
person_years_exposure,county,14,female,65+,181.3056508900845,144.20992422480634,214.09815056260894
mortality_rate,county,14,female,0-17,0.04597553977213031,0.0236424603519967,0.07558956999832236
mortality_rate,county,14,female,18-44,0.0424772908793029,0.02256846410552978,0.06787171109104842
mortality_rate,county,14,female,45-64,0.05874727094093146,0.03677745113684562,0.0865368407037777
mortality_rate,county,14,female,65-74,0.1758577278329169,0.10852048216834455,0.27383954875162475
mortality_rate,county,14,female,75-84,0.11554409750625422,0.04737131648920712,0.22085279204033054
mortality_rate,county,14,female,85+,0.020468831583151464,0.0,0.30088328839934014
qualifying_event_rate,county,14,female,0-17,0.014842199083805003,0.0,0.033952731033651186
qualifying_event_rate,county,14,female,18-44,0.026252474208264237,0.006365625690233459,0.055818184409964534
qualifying_event_rate,county,14,female,45-64,0.025836476374414045,0.007959096061582648,0.05358811730615233
qualifying_event_rate,county,14,female,65-74,0.04417210197543985,0.008013241069220627,0.09227531640219666
qualifying_event_rate,county,14,female,75-84,0.05694172607314949,0.0,0.1275142654689764
qualifying_event_rate,county,14,female,85+,0.015288946162361624,0.0,0.16311602755167806
person_years_exposure,county,15,male,0-17,1864.7406591712158,1661.315895292986,2026.799773567601
person_years_exposure,county,15,male,18-44,2601.6347593653118,2322.432052281468,2811.839496727858
person_years_exposure,county,15,male,45-64,2081.9841058603383,1858.7972364673478,2267.979355828122
person_years_exposure,county,15,male,65-74,513.0533754299217,448.7862516634891,569.2402075832176
person_years_exposure,county,15,male,75-84,136.247679763978,111.06646988690022,159.7995289508675
person_years_exposure,county,15,male,85+,2.722037274290646,0.1687478086996406,4.439058590996655
person_years_exposure,county,15,male,18-64,4683.61886522565,4187.715652796659,5061.00306143596
person_years_exposure,county,15,male,65+,652.0230924681904,567.3669185332778,725.4176008096831
mortality_rate,county,15,male,0-17,0.022913918573530055,0.0155938932080996,0.03261507334834856
mortality_rate,county,15,male,18-44,0.017479807284649068,0.012049575560951355,0.02490455258176976
mortality_rate,county,15,male,45-64,0.04868354233504003,0.03662242858928464,0.06722271305383733
mortality_rate,county,15,male,65-74,0.06888543437159136,0.04597587382415218,0.0997988638885993
mortality_rate,county,15,male,75-84,0.07677538494463514,0.03824200896667469,0.12894870610776135
mortality_rate,county,15,male,85+,0.016980566551320873,0.0,0.016980566551320873
qualifying_event_rate,county,15,male,0-17,0.011203750902838946,0.0037868178615542763,0.022853530111539896
qualifying_event_rate,county,15,male,18-44,0.011964007034597515,0.004276214377001947,0.02421463245948765
qualifying_event_rate,county,15,male,45-64,0.025625580248703834,0.010004370817546147,0.04976554160552448
qualifying_event_rate,county,15,male,65-74,0.0471092743460058,0.017212906358219707,0.09110675735231175
qualifying_event_rate,county,15,male,75-84,0.02060121404243816,0.0,0.04871470961092183
qualifying_event_rate,county,15,male,85+,0.01822851326413928,0.0,0.20853541174796128
person_years_exposure,county,15,female,0-17,1950.3881807928412,1741.9992854292009,2113.9242129472286
person_years_exposure,county,15,female,18-44,2580.114240856409,2301.280082948379,2790.9683884444053
person_years_exposure,county,15,female,45-64,2395.4927317690285,2142.40492346511,2589.418371463762
person_years_exposure,county,15,female,65-74,518.2387212212785,449.55514551477967,580.2593068109469
person_years_exposure,county,15,female,75-84,163.0929914415643,137.89075354160974,185.57083872789943
person_years_exposure,county,15,female,85+,9.827772020266073,5.078813827022633,13.74362837598186
person_years_exposure,county,15,female,18-64,4975.606972625437,4445.360146890862,5369.164731771378
person_years_exposure,county,15,female,65+,691.1594846831089,601.3397361515277,770.6094451166055
mortality_rate,county,15,female,0-17,0.023139424151275418,0.01600645187426697,0.03278235693965382
mortality_rate,county,15,female,18-44,0.019691813680849168,0.013637533686501975,0.02749273193734028
mortality_rate,county,15,female,45-64,0.025050911884601804,0.017905427876047958,0.03464394342209201
mortality_rate,county,15,female,65-74,0.0939963354528194,0.06579450680384827,0.13716300526036954
mortality_rate,county,15,female,75-84,0.060449386755688096,0.02824006646957457,0.10393251736492867
mortality_rate,county,15,female,85+,0.014180741822885123,0.0,0.11738035762908461
qualifying_event_rate,county,15,female,0-17,0.015019796511400969,0.005230113408487682,0.03034515096455919
qualifying_event_rate,county,15,female,18-44,0.02693597349829682,0.010632359196996675,0.052304065897266015
qualifying_event_rate,county,15,female,45-64,0.02533974370699646,0.009926228757261488,0.04975365326046159
qualifying_event_rate,county,15,female,65-74,0.04344430687119979,0.015710011189735737,0.08534568274624406
qualifying_event_rate,county,15,female,75-84,0.05821726359156053,0.017560874960784612,0.11688420255996808
qualifying_event_rate,county,15,female,85+,0.017463919261357787,0.0,0.1099583201959929
person_years_exposure,county,16,male,0-17,569.6302886887585,540.2943049064713,598.5105673149202
person_years_exposure,county,16,male,18-44,594.5785258226739,565.7534839306875,620.6601134595829
person_years_exposure,county,16,male,45-64,786.621465423834,742.6175096465806,825.638585564936
person_years_exposure,county,16,male,65-74,196.81714602440616,172.7725765345942,217.81631205335938
person_years_exposure,county,16,male,75-84,54.63293030935979,42.056716865616316,66.61331535110023
person_years_exposure,county,16,male,85+,2.08893247680622,0.16872014349400424,4.498445422661785
person_years_exposure,county,16,male,18-64,1381.199991246508,1316.8229118007284,1437.2204106680713
person_years_exposure,county,16,male,65+,253.53900881057214,222.24607457641727,281.4700111483606
mortality_rate,county,16,male,0-17,0.02227913057819386,0.011790207838497005,0.03527154946248178
mortality_rate,county,16,male,18-44,0.030376803539361355,0.017859919494353033,0.04567062441826572
mortality_rate,county,16,male,45-64,0.048352587592548145,0.03309661429870787,0.06869113188640243
mortality_rate,county,16,male,65-74,0.07757521031718498,0.043426628315209354,0.12151932487963567
mortality_rate,county,16,male,75-84,0.12889933006399595,0.060046904430756505,0.23314577854048346
mortality_rate,county,16,male,85+,0.038818439081098104,0.0,0.38179636703127917
qualifying_event_rate,county,16,male,0-17,0.01539307981149347,0.003570521378295395,0.03223711830181985
qualifying_event_rate,county,16,male,18-44,0.024630981600499903,0.007138712437504982,0.048941181646761256
qualifying_event_rate,county,16,male,45-64,0.03317475954735196,0.012017570881906824,0.06484939677458523
qualifying_event_rate,county,16,male,65-74,0.04779156003885031,0.014089373151498042,0.09709047113090932
qualifying_event_rate,county,16,male,75-84,0.04918826247101339,0.0,0.11327443949326571
qualifying_event_rate,county,16,male,85+,0.015022536350247879,0.0,0.015022536350247879
person_years_exposure,county,16,female,0-17,578.0671201857026,544.0868093125754,609.1885288342606
person_years_exposure,county,16,female,18-44,686.2203016399563,653.3887342640356,717.8965757924542
person_years_exposure,county,16,female,45-64,723.3662789209839,682.3370198081535,760.7172692317698
person_years_exposure,county,16,female,65-74,200.2502598443846,175.96777195154579,223.13085006018082
person_years_exposure,county,16,female,75-84,81.37115632568573,62.44309367876674,99.0508696988943
person_years_exposure,county,16,female,85+,1.637417878432444,0.02493828561702911,3.9104159178879696
person_years_exposure,county,16,female,18-64,1409.58658056094,1344.3108667267013,1470.3082442057973
person_years_exposure,county,16,female,65+,283.25883404850276,245.52904090931426,316.14800783505314
mortality_rate,county,16,female,0-17,0.03389958709081483,0.01992500908167007,0.051225530306260786
mortality_rate,county,16,female,18-44,0.03267794204049783,0.019709286711412467,0.04896971480929184
mortality_rate,county,16,female,45-64,0.04720013416209152,0.03208501769711744,0.06733342622155954
mortality_rate,county,16,female,65-74,0.08991922586945786,0.05372275898612072,0.13522927719088818
mortality_rate,county,16,female,75-84,0.16906871839602852,0.0977808945381143,0.28015590454167455
mortality_rate,county,16,female,85+,0.011513222783598747,0.0,0.011513222783598747
qualifying_event_rate,county,16,female,0-17,0.020902857652926238,0.0058468574613653535,0.04344026650940473
qualifying_event_rate,county,16,female,18-44,0.01773438438374098,0.004942988965450568,0.035988914628203
qualifying_event_rate,county,16,female,45-64,0.02959727466816332,0.010628388628843157,0.058485088857995
qualifying_event_rate,county,16,female,65-74,0.05248623560815424,0.015175188904093298,0.10259184039153961
qualifying_event_rate,county,16,female,75-84,0.06098901254941149,0.011770389057631512,0.12745059619129578
qualifying_event_rate,county,16,female,85+,0.01849557737684696,0.0,0.01849557737684696
person_years_exposure,state,0,male,0-17,8114.583382538151,7415.950193686772,8675.467348916607
person_years_exposure,state,0,male,18-44,11547.284050058857,10590.522557954362,12316.313750398878
person_years_exposure,state,0,male,45-64,8759.954613161206,7940.423217731399,9393.540298066788
person_years_exposure,state,0,male,65-74,2434.1471867343184,2174.6387363755966,2638.7385447541665
person_years_exposure,state,0,male,75-84,746.2193895606946,632.9692052671431,832.0787830013938
person_years_exposure,state,0,male,85+,52.805456704325984,39.91660305033044,65.22892861471676
person_years_exposure,state,0,male,18-64,20307.238663220065,18577.928274010086,21696.18351101016
person_years_exposure,state,0,male,65+,3233.172032999339,2867.188733494615,3522.474552320586
mortality_rate,state,0,male,0-17,0.023157047011062346,0.018060752851141674,0.031174649264625955
mortality_rate,state,0,male,18-44,0.020920269337243697,0.01650244176201737,0.02808297620008159
mortality_rate,state,0,male,45-64,0.045207933637941046,0.036463709574256854,0.060021226409835524
mortality_rate,state,0,male,65-74,0.05616827776350242,0.042917399036933375,0.07651323992531442
mortality_rate,state,0,male,75-84,0.149670082911495,0.11301658606958002,0.20920631662900316
mortality_rate,state,0,male,85+,0.03340968650796161,0.0,0.08737764845749484
qualifying_event_rate,state,0,male,0-17,0.011434385365725885,0.0045100474560596454,0.022547082010521472
qualifying_event_rate,state,0,male,18-44,0.012692132114666022,0.005071825237688273,0.024885691160724244
qualifying_event_rate,state,0,male,45-64,0.01661266255043437,0.006695433464449829,0.03242894742606378
qualifying_event_rate,state,0,male,65-74,0.031847749157034436,0.012697817545013068,0.06243235656505981
qualifying_event_rate,state,0,male,75-84,0.04002418893858662,0.015349183102169086,0.0784830895353077
qualifying_event_rate,state,0,male,85+,0.018374304110991422,0.0,0.057971508321239644
person_years_exposure,state,0,female,0-17,8327.14575446482,7596.351908382524,8915.60568591418
person_years_exposure,state,0,female,18-44,11345.257124537964,10450.885579527489,12074.936742638361
person_years_exposure,state,0,female,45-64,8816.002431278082,8051.70153868336,9441.454060904103
person_years_exposure,state,0,female,65-74,2322.9483111699606,2047.6198442997247,2532.421160371228
person_years_exposure,state,0,female,75-84,626.9790775613224,518.4280154976104,705.3584767624571
person_years_exposure,state,0,female,85+,57.417244929318684,44.047850211784606,71.06544202263044
person_years_exposure,state,0,female,18-64,20161.259555816046,18447.37140387279,21528.35798995115
person_years_exposure,state,0,female,65+,3007.3446336606016,2638.3276302330037,3288.2701469571152
mortality_rate,state,0,female,0-17,0.015999518366218542,0.012214727064959699,0.021518760160224523
mortality_rate,state,0,female,18-44,0.014083556420874126,0.011033588072838461,0.019089819851634517
mortality_rate,state,0,female,45-64,0.03590435214190487,0.02851811797481284,0.04812666219018618
mortality_rate,state,0,female,65-74,0.08672568796755784,0.06867835705275697,0.1187617810279124
mortality_rate,state,0,female,75-84,0.14880104156058804,0.11248447234609052,0.20956277592975692
mortality_rate,state,0,female,85+,0.04755485136623286,0.0005530065731374912,0.10816806304162185
qualifying_event_rate,state,0,female,0-17,0.011920927860560907,0.004625986052954134,0.023669984406744532
qualifying_event_rate,state,0,female,18-44,0.013936331793306729,0.005511173963150134,0.027700398793101873
qualifying_event_rate,state,0,female,45-64,0.02571188849023668,0.010894800943890223,0.049613574101609735
qualifying_event_rate,state,0,female,65-74,0.030512351434370935,0.012223803065318449,0.059591927369397904
qualifying_event_rate,state,0,female,75-84,0.04021150385505543,0.01505885352066787,0.07973370367652556
qualifying_event_rate,state,0,female,85+,0.0174506721355154,0.0,0.054476231565154305
person_years_exposure,state,1,male,0-17,6974.9778216418,6726.65549889785,7212.477827089987
person_years_exposure,state,1,male,18-44,8262.474044005066,7988.5169235629755,8525.397402343493
person_years_exposure,state,1,male,45-64,8508.741306051608,8140.040674289208,8819.16326814187
person_years_exposure,state,1,male,65-74,2207.424062441175,2027.5512116075959,2333.1758413146513
person_years_exposure,state,1,male,75-84,733.5829329453346,643.7776327444024,800.477495279341
person_years_exposure,state,1,male,85+,55.36605535171057,39.01296998612828,75.49637312329338
person_years_exposure,state,1,male,18-64,16771.215350056675,16164.099974736626,17327.408452388125
person_years_exposure,state,1,male,65+,2996.37305073822,2728.9161292047525,3187.2952561327447
mortality_rate,state,1,male,0-17,0.02076758793265165,0.015927905685514405,0.02834468922429736
mortality_rate,state,1,male,18-44,0.027199270929110664,0.021446175464516416,0.03684066787990702
mortality_rate,state,1,male,45-64,0.04265082215594314,0.03396845613832608,0.057650728875483795
mortality_rate,state,1,male,65-74,0.0687498148354223,0.05293100245458122,0.09582616164353318
mortality_rate,state,1,male,75-84,0.11516368690748675,0.08564623440550283,0.16202439541539002
mortality_rate,state,1,male,85+,0.051191795469597824,0.011675818877743042,0.11398284723720448
qualifying_event_rate,state,1,male,0-17,0.013833882087401054,0.00542388890152166,0.027113737921830663
qualifying_event_rate,state,1,male,18-44,0.02211588996454082,0.00903694340671279,0.042607777099797135
qualifying_event_rate,state,1,male,45-64,0.029174590629511575,0.011913079585602449,0.055645578224042834
qualifying_event_rate,state,1,male,65-74,0.04148396134120394,0.01716365833630461,0.07786879717833807
qualifying_event_rate,state,1,male,75-84,0.042250391035934955,0.016715687329693953,0.0806991704785115
qualifying_event_rate,state,1,male,85+,0.01944810641930986,0.0,0.05703702613685234
person_years_exposure,state,1,female,0-17,6863.434998483505,6589.5775171603755,7109.817326174509
person_years_exposure,state,1,female,18-44,8705.228640456773,8378.392429280177,9024.555547670796
person_years_exposure,state,1,female,45-64,8493.199776280437,8112.0681307588175,8812.10049038101
person_years_exposure,state,1,female,65-74,2374.938831853787,2170.3156640312227,2524.3420325944267
person_years_exposure,state,1,female,75-84,706.7794277958268,591.2224395628446,787.7435872939784
person_years_exposure,state,1,female,85+,32.46134201540182,24.932448636485145,39.305540543726735
person_years_exposure,state,1,female,18-64,17198.42841673721,16528.670195814702,17821.164824880998
person_years_exposure,state,1,female,65+,3114.179601665016,2794.299666085055,3322.98062018719
mortality_rate,state,1,female,0-17,0.03141037296032605,0.02458703399953386,0.04297275919572132
mortality_rate,state,1,female,18-44,0.031190895475981004,0.024738808258069785,0.042074868160486376
mortality_rate,state,1,female,45-64,0.04389666686469135,0.035052277741388714,0.05899278699185701
mortality_rate,state,1,female,65-74,0.08040811560978407,0.0627810366093848,0.11090514678932836
mortality_rate,state,1,female,75-84,0.157550701602324,0.11936833686809445,0.22562749393486875
mortality_rate,state,1,female,85+,0.013220786061553387,0.0,0.058907609038200866
qualifying_event_rate,state,1,female,0-17,0.018591252968487685,0.0074067660961103544,0.03631480331465252
qualifying_event_rate,state,1,female,18-44,0.01582929409209398,0.00632166104504011,0.03063910427355608
qualifying_event_rate,state,1,female,45-64,0.026015815926347968,0.010841361471847374,0.04950065852488571
qualifying_event_rate,state,1,female,65-74,0.046537404185859034,0.019555949930611553,0.08863077046451484
qualifying_event_rate,state,1,female,75-84,0.054665726395127026,0.021724448879295002,0.10230669753023156
qualifying_event_rate,state,1,female,85+,0.02112493866464056,0.0,0.06890431977263937
person_years_exposure,state,2,male,0-17,5880.280987077081,5155.481689371361,6623.49481910779
person_years_exposure,state,2,male,18-44,8033.3649379002045,7044.524312045046,9025.319129959307
person_years_exposure,state,2,male,45-64,7278.516937429448,6403.589283895353,8168.495696875627
person_years_exposure,state,2,male,65-74,2030.1104937492664,1742.4412794622626,2320.262493090091
person_years_exposure,state,2,male,75-84,665.7239306600842,566.2880664180304,763.6685986630557
person_years_exposure,state,2,male,85+,62.19552360662963,48.08335952100843,78.54726144682837
person_years_exposure,state,2,male,18-64,15311.881875329653,13446.501523836969,17179.29328105422
person_years_exposure,state,2,male,65+,2758.02994801598,2364.842798208993,3155.2329552395245
mortality_rate,state,2,male,0-17,0.014317691322334932,0.010638794275426442,0.01939640562043212
mortality_rate,state,2,male,18-44,0.024881090518284677,0.019585292347348363,0.03370478029466525
mortality_rate,state,2,male,45-64,0.03457457612752003,0.02750422065420044,0.04632767432338167
mortality_rate,state,2,male,65-74,0.09640651087098492,0.07617668209670247,0.13234093699116536
mortality_rate,state,2,male,75-84,0.07392421631882158,0.05236459566562205,0.10415484352905166
mortality_rate,state,2,male,85+,0.03336394586844937,0.0,0.07966009471533224
qualifying_event_rate,state,2,male,0-17,0.01700385503797633,0.0066989855355792565,0.034042928070866216
qualifying_event_rate,state,2,male,18-44,0.022073812933480326,0.0089425591679881,0.042901205588949665
qualifying_event_rate,state,2,male,45-64,0.028931959385744374,0.01182860133373903,0.05552725153586201
qualifying_event_rate,state,2,male,65-74,0.044101538597862366,0.018213632362526704,0.08394342713331517
qualifying_event_rate,state,2,male,75-84,0.054982793550910125,0.02174860859240029,0.10075321533908799
qualifying_event_rate,state,2,male,85+,0.02238386758815189,0.0,0.061763574338748996
person_years_exposure,state,2,female,0-17,6322.219826646616,5539.67813952835,7129.570018497686
person_years_exposure,state,2,female,18-44,8469.776896683674,7429.813049836883,9534.573294814043
person_years_exposure,state,2,female,45-64,7159.503852580423,6276.97636341387,8043.54805346827
person_years_exposure,state,2,female,65-74,2001.2831608277972,1733.979192875338,2278.8080864720937
person_years_exposure,state,2,female,75-84,704.9763711949095,595.5758512186001,812.6223022068946
person_years_exposure,state,2,female,85+,43.294104756634084,32.34318656736734,53.359655918585275
person_years_exposure,state,2,female,18-64,15629.280749264097,13694.06600858666,17559.86873579765
person_years_exposure,state,2,female,65+,2749.5536367793406,2362.799230782874,3135.048832945766
mortality_rate,state,2,female,0-17,0.022333221038905466,0.017401125828445385,0.02996773669716415
mortality_rate,state,2,female,18-44,0.013142323217830787,0.009919405932980036,0.017827815267511652
mortality_rate,state,2,female,45-64,0.0279188189635374,0.022019017259815137,0.03752609637590097
mortality_rate,state,2,female,65-74,0.06209064309310167,0.047885545669044106,0.08514561717480693
mortality_rate,state,2,female,75-84,0.08309441844385576,0.06005763844329792,0.11595337527797825
mortality_rate,state,2,female,85+,0.029050586211835653,0.0,0.08283290278044377
qualifying_event_rate,state,2,female,0-17,0.014160160016773012,0.005431136717044854,0.0280778064533124
qualifying_event_rate,state,2,female,18-44,0.016230067565213037,0.006552044948543086,0.031453821632907074
qualifying_event_rate,state,2,female,45-64,0.031964947750378433,0.013444591130136444,0.060611828889173186
qualifying_event_rate,state,2,female,65-74,0.058481698669986606,0.025128590770784175,0.10763413727650821
qualifying_event_rate,state,2,female,75-84,0.0561197236024568,0.024096724126897832,0.10102380422451009
qualifying_event_rate,state,2,female,85+,0.01944766678549971,0.0,0.061790249697491764
person_years_exposure,state,3,male,0-17,1935.7401530161235,1741.233493157035,2158.600090623488
person_years_exposure,state,3,male,18-44,2392.0335281764,2162.976649473735,2664.2089477903673
person_years_exposure,state,3,male,45-64,1777.2732436976955,1601.8035667444751,1984.8972573225515
person_years_exposure,state,3,male,65-74,508.02644771660346,447.66024069421655,572.9510812296345
person_years_exposure,state,3,male,75-84,119.4071852398007,95.49240769735505,142.8256978021412
person_years_exposure,state,3,male,85+,7.680359801668712,4.936465017908499,10.57696099335062
person_years_exposure,state,3,male,18-64,4169.306771874096,3769.554884900238,4653.435303690884
person_years_exposure,state,3,male,65+,635.1139927580729,557.123027932205,719.4509698556218
mortality_rate,state,3,male,0-17,0.0102817684492616,0.006135820199074716,0.015323754246129202
mortality_rate,state,3,male,18-44,0.017361911088746813,0.011642694170369363,0.02458702688774895
mortality_rate,state,3,male,45-64,0.028119796816398108,0.019587522514805857,0.03948899556068859
mortality_rate,state,3,male,65-74,0.04455153812605985,0.02712840285148415,0.06665704927158855
mortality_rate,state,3,male,75-84,0.053522046939419456,0.020380988248127545,0.0968980374357206
mortality_rate,state,3,male,85+,0.017392638655866367,0.0,0.1633531510434915
qualifying_event_rate,state,3,male,0-17,0.02208003531409104,0.008204850302608478,0.04350554549828946
qualifying_event_rate,state,3,male,18-44,0.024198163421090373,0.00920505101198452,0.046579076895326775
qualifying_event_rate,state,3,male,45-64,0.036831131401500024,0.014656495629590675,0.07045454347129142
qualifying_event_rate,state,3,male,65-74,0.05096946426967524,0.01848824860964888,0.09832330319950436
qualifying_event_rate,state,3,male,75-84,0.022783537743954984,0.0,0.05456661770259807
qualifying_event_rate,state,3,male,85+,0.021180764201428098,0.0,0.13076147413118863
person_years_exposure,state,3,female,0-17,1663.8843664772337,1501.1171589925636,1853.208059155339
person_years_exposure,state,3,female,18-44,2323.1011956764087,2098.68292309817,2592.2987887567406
person_years_exposure,state,3,female,45-64,1629.3394763200008,1467.428022409381,1821.5833519976695
person_years_exposure,state,3,female,65-74,478.88627752672187,420.92331899222654,541.3429042304645
person_years_exposure,state,3,female,75-84,158.74977406868615,126.58966125347752,194.0864042005651
person_years_exposure,state,3,female,85+,16.748348838645352,4.5082807422997,41.70230683773321
person_years_exposure,state,3,female,18-64,3952.4406719964095,3566.8227032496015,4408.960452911446
person_years_exposure,state,3,female,65+,654.3844004340534,564.123172841302,753.7546460312097
mortality_rate,state,3,female,0-17,0.011974873428064404,0.0069768748786626636,0.018087466437954763
mortality_rate,state,3,female,18-44,0.0133982490040376,0.008604649836002395,0.019493418720206813
mortality_rate,state,3,female,45-64,0.05465992299753792,0.04058472053252484,0.07503867301443637
mortality_rate,state,3,female,65-74,0.04710840834490434,0.0282405553327894,0.072215320927623
mortality_rate,state,3,female,75-84,0.1675880634547916,0.10865090065236158,0.2546609237009247
mortality_rate,state,3,female,85+,0.03614857910334998,0.0,0.17250012398032868
qualifying_event_rate,state,3,female,0-17,0.025253877070173757,0.00940162595311971,0.049391526584346104
qualifying_event_rate,state,3,female,18-44,0.026152280685973462,0.010032967860894682,0.05060106663672804
qualifying_event_rate,state,3,female,45-64,0.056315942698367275,0.023316855864050908,0.10535025023009695
qualifying_event_rate,state,3,female,65-74,0.05925783741392343,0.023561436644702914,0.108472453387914
qualifying_event_rate,state,3,female,75-84,0.05148499241031428,0.014158420992392607,0.10335058395754966
qualifying_event_rate,state,3,female,85+,0.01774938925233111,0.0,0.09491536789170801
person_years_exposure,state,4,male,0-17,5605.1655115167405,4898.722474759313,6361.04754848542
person_years_exposure,state,4,male,18-44,7427.38952992392,6501.330334906763,8388.12368906551
person_years_exposure,state,4,male,45-64,6312.260225056703,5517.13578115248,7158.559077931379
person_years_exposure,state,4,male,65-74,1495.360953339406,1287.0280362683889,1715.825213676466
person_years_exposure,state,4,male,75-84,509.0669144489903,417.73035043815116,601.1125392284781
person_years_exposure,state,4,male,85+,40.09129431792783,26.15035709894852,54.877692697812414
person_years_exposure,state,4,male,18-64,13739.649754980623,12009.503509057175,15536.378014104315
person_years_exposure,state,4,male,65+,2044.519162106324,1742.0010663960281,2360.886655960945
mortality_rate,state,4,male,0-17,0.010440808717825711,0.007584195903168382,0.014397378078662978
mortality_rate,state,4,male,18-44,0.004478711744513922,0.0029648022852114364,0.006316713331782081
mortality_rate,state,4,male,45-64,0.03692064744889482,0.028971315166167494,0.04997512881956947
mortality_rate,state,4,male,65-74,0.08340491162932395,0.06397173204345354,0.11708540418196531
mortality_rate,state,4,male,75-84,0.14375970609716224,0.10521636277671989,0.2039874118420179
mortality_rate,state,4,male,85+,0.0537904173727792,0.0,0.1284881980624947
qualifying_event_rate,state,4,male,0-17,0.012919252898502697,0.004886350363599919,0.025109527891350375
qualifying_event_rate,state,4,male,18-44,0.022604717618798398,0.009169462628228637,0.042994575054057044
qualifying_event_rate,state,4,male,45-64,0.03780148226804235,0.015654111898201935,0.07011528341832336
qualifying_event_rate,state,4,male,65-74,0.046758622751045156,0.01854981695215804,0.08553259799402953
qualifying_event_rate,state,4,male,75-84,0.06965498606834504,0.028638800952108575,0.1272603714313487
qualifying_event_rate,state,4,male,85+,0.017755227621679442,0.0,0.06063733264958836
person_years_exposure,state,4,female,0-17,5479.615175365593,4786.679839291765,6201.626045942677
person_years_exposure,state,4,female,18-44,7262.376474884599,6357.250074611288,8202.35970141258
person_years_exposure,state,4,female,45-64,6108.821026275246,5338.2961054496,6919.205437217408
person_years_exposure,state,4,female,65-74,1703.2056027892668,1487.1611049904695,1940.5861283714844
person_years_exposure,state,4,female,75-84,431.05231264765354,359.79857651595137,504.05744053899906
person_years_exposure,state,4,female,85+,49.722460399700175,37.05305416698885,61.96751927148479
person_years_exposure,state,4,female,18-64,13371.197501159844,11685.000947604714,15117.870823934883
person_years_exposure,state,4,female,65+,2183.9803758366206,1901.4153996277819,2494.018815514443
mortality_rate,state,4,female,0-17,0.010588249246194375,0.007459585130698307,0.014780866370930132
mortality_rate,state,4,female,18-44,0.011309693760754141,0.008382383529868304,0.015503652639140721
mortality_rate,state,4,female,45-64,0.02578710489572169,0.01977010529991249,0.03433435619943905
mortality_rate,state,4,female,65-74,0.05082608569394822,0.03768999072720549,0.07032822708576539
mortality_rate,state,4,female,75-84,0.13471799717690455,0.09625773592638556,0.19312955429093223
mortality_rate,state,4,female,85+,0.03624644597428277,0.0,0.0931097503775233
qualifying_event_rate,state,4,female,0-17,0.013426004123107339,0.004963681420630978,0.026134679476643403
qualifying_event_rate,state,4,female,18-44,0.025422522548369235,0.010370724442778001,0.04866086063662819
qualifying_event_rate,state,4,female,45-64,0.037661663091033526,0.016033003833985524,0.06997412563477523
qualifying_event_rate,state,4,female,65-74,0.04952247921552433,0.020366392436693505,0.09119496590602588
qualifying_event_rate,state,4,female,75-84,0.055712952429370015,0.02116338561273786,0.10384976704173199
qualifying_event_rate,state,4,female,85+,0.017839309973580325,0.0,0.057668802962418386
person_years_exposure,state,5,male,0-17,5106.536193774473,4562.122527119547,5546.853244416987
person_years_exposure,state,5,male,18-44,7129.991787980516,6364.82702949902,7691.287553629037
person_years_exposure,state,5,male,45-64,6481.850978428897,5790.206615909192,7034.793745296232
person_years_exposure,state,5,male,65-74,1656.9745475754748,1456.6141793785978,1824.8937673688479
person_years_exposure,state,5,male,75-84,544.4439093897934,463.14979768460887,621.7121375492851
person_years_exposure,state,5,male,85+,31.54881157458312,23.518206315874874,38.78507485994034
person_years_exposure,state,5,male,18-64,13611.842766409412,12174.434891928153,14699.438034049746
person_years_exposure,state,5,male,65+,2232.967268539851,1955.1873776903055,2470.0257164831296
mortality_rate,state,5,male,0-17,0.022468412553093987,0.017033086471608203,0.030628782254006028
mortality_rate,state,5,male,18-44,0.017152079050398724,0.013059316831962663,0.023386343705112316
mortality_rate,state,5,male,45-64,0.04806102240332569,0.03830380679437781,0.06497591796744807
mortality_rate,state,5,male,65-74,0.06761221871380657,0.05064858152211642,0.09340490320781762
mortality_rate,state,5,male,75-84,0.08014817960083716,0.05649015031600149,0.11434590409026663
mortality_rate,state,5,male,85+,0.012959429475714214,0.0,0.054988723696742056
qualifying_event_rate,state,5,male,0-17,0.010467750668765529,0.003922353684420758,0.02079882973801959
qualifying_event_rate,state,5,male,18-44,0.01127680451566651,0.004371312040595581,0.022252329761005704
qualifying_event_rate,state,5,male,45-64,0.024237600510169172,0.010005208201685255,0.046896167592327315
qualifying_event_rate,state,5,male,65-74,0.04427129170579218,0.018336189617881332,0.0833040838447508
qualifying_event_rate,state,5,male,75-84,0.019866798562392846,0.005610732050898905,0.04078751881925707
qualifying_event_rate,state,5,male,85+,0.017179646796529512,0.0,0.06509051489511501
person_years_exposure,state,5,female,0-17,5165.109000018155,4621.418546123842,5593.61885505636
person_years_exposure,state,5,female,18-44,7046.585362671147,6284.6217569007285,7599.994775071451
person_years_exposure,state,5,female,45-64,6802.110587274502,6074.275339968483,7357.497237035013
person_years_exposure,state,5,female,65-74,1720.8813467683296,1511.4583111130503,1902.140125190154
person_years_exposure,state,5,female,75-84,562.5358390589224,490.09928651554634,626.8855365614012
person_years_exposure,state,5,female,85+,38.75089538241969,30.86794598160357,45.79287097358031
person_years_exposure,state,5,female,18-64,13848.69594994565,12371.27317727459,14933.966494248429
person_years_exposure,state,5,female,65+,2322.168081209672,2040.7773944264734,2565.8007397340352
mortality_rate,state,5,female,0-17,0.02235558590108066,0.016828171690786365,0.030715281702210783
mortality_rate,state,5,female,18-44,0.019324244168784338,0.014489170079024317,0.026061303490667813
mortality_rate,state,5,female,45-64,0.025388728565937515,0.019861981038480775,0.03403652434441003
mortality_rate,state,5,female,65-74,0.09000013636764946,0.06917021854265783,0.12511515321538086
mortality_rate,state,5,female,75-84,0.0607989465780776,0.04094403561844771,0.08796153756811494
mortality_rate,state,5,female,85+,0.013230224879941844,0.0,0.053234929115231346
qualifying_event_rate,state,5,female,0-17,0.014182732042314801,0.0054021732253505435,0.028281334411697313
qualifying_event_rate,state,5,female,18-44,0.02541853169195598,0.010471645178921442,0.04910304134198982
qualifying_event_rate,state,5,female,45-64,0.023856755710382867,0.009922066829937085,0.046079713690292394
qualifying_event_rate,state,5,female,65-74,0.040650754065430415,0.016596893559457353,0.07807690213781732
qualifying_event_rate,state,5,female,75-84,0.05518199794557742,0.021783721556853902,0.10221639616800111
qualifying_event_rate,state,5,female,85+,0.01663250053000026,0.0,0.055707733055099115
