estimand,level,unit,estimate,lower,upper,sex,age_band
low_income_household_share,county,0,0.25085918366313203,0.12027606016191472,0.38144230716434935,,
low_income_household_share,county,1,0.2689054055616719,0.11086791616984762,0.42694289495349624,,
low_income_household_share,county,2,0.3637086737833907,0.14915588516463618,0.5782614624021453,,
low_income_household_share,county,3,0.25446196719851594,0.05919562045745211,0.4497283139395798,,
low_income_household_share,county,4,0.26159002986074,0.03829968291509009,0.48488037680638985,,
low_income_household_share,county,5,0.35167331263894747,0.22506462991731857,0.47828199536057636,,
low_income_household_share,county,6,0.32314007166940945,0.11960492521844021,0.5266752181203787,,
low_income_household_share,county,7,0.4316561658906954,0.2968673203726301,0.5664450114087607,,
low_income_household_share,county,8,0.3731518102041659,0.2444634274334195,0.5018401929749122,,
low_income_household_share,county,9,0.42813978911162703,0.29373452688294177,0.5625450513403123,,
low_income_household_share,county,10,0.33250138475900975,0.19547511899348308,0.46952765052453643,,
low_income_household_share,county,11,0.3686476455634497,0.24040286676663836,0.49689242436026104,,
low_income_household_share,county,12,0.41986793135515177,0.2863567969355818,0.5533790657747217,,
low_income_household_share,county,13,0.2777745555736607,0.11893154096005279,0.43661757018726866,,
low_income_household_share,county,14,0.28819353935694225,0.0847580401205229,0.4916290385933616,,
low_income_household_share,county,15,0.3855603681964421,0.2556299091901256,0.5154908272027586,,
low_income_household_share,county,16,0.34720031984997035,0.10458867586594828,0.5898119638339925,,
low_income_household_share,county,17,0.2549484779396631,0.05956849113374793,0.4503284647455782,,
low_income_household_share,nation,0,0.30118026049555036,0.2241324837518231,0.3782280372392776,,
low_income_household_share,state,0,0.2664406392527038,0.16917462189348648,0.3637066566119211,,
low_income_household_share,state,1,0.2748169607837399,0.14945543745217538,0.40017848411530443,,
low_income_household_share,state,2,0.34904864622363857,0.16092654360621775,0.5371707488410594,,
low_income_household_share,state,3,0.265749678304124,0.09428581836533786,0.4372135382429101,,
low_income_household_share,state,4,0.2965525874438512,0.09182535369783323,0.5012798211898692,,
low_income_household_share,state,5,0.38996176010215405,0.2898534448276258,0.4900700753766823,,
mean_income_adults,county,0,34055.34632932523,22487.637217445696,45623.055441204764,,
mean_income_adults,county,1,25248.723296394914,15645.750812103935,34851.69578068589,,
mean_income_adults,county,2,27421.379308046373,17711.595031113968,37131.16358497878,,
mean_income_adults,county,3,27344.47374656636,16250.406423305969,38438.54106982675,,
mean_income_adults,county,4,31744.76523022249,19376.86256649393,44112.667893951046,,
mean_income_adults,county,5,25280.172622700444,17290.684937257058,33269.66030814383,,
mean_income_adults,county,6,29504.54104100895,19210.20818963227,39798.87389238563,,
mean_income_adults,county,7,19109.524687835063,12892.858247776323,25326.191127893802,,
mean_income_adults,county,8,25384.085410721094,17364.74368074062,33403.42714070157,,
mean_income_adults,county,9,21687.446360840804,14730.14549161303,28644.747230068577,,
mean_income_adults,county,10,30546.554163010787,20112.066863165594,40981.04146285598,,
mean_income_adults,county,11,22817.433517368212,15535.488419649497,30099.378615086927,,
mean_income_adults,county,12,18575.509019465084,12512.264769790187,24638.753269139983,,
mean_income_adults,county,13,27405.455536036592,17170.308169971282,37640.602902101906,,
mean_income_adults,county,14,27854.24658450631,16606.93759289237,39101.55557612025,,
mean_income_adults,county,15,22742.360262216494,15481.983638845693,30002.736885587296,,
mean_income_adults,county,16,25803.126549383258,15631.196659748777,35975.05643901774,,
mean_income_adults,county,17,28200.244168908543,16848.925620225295,39551.56271759179,,
mean_income_adults,nation,0,29199.09243139001,21424.510895724416,36973.673967055605,,
mean_income_adults,state,0,33385.69156036253,23537.712259804146,43233.670860920916,,
mean_income_adults,state,1,26686.25019769007,18009.88233607976,35362.61805930038,,
mean_income_adults,state,2,28174.158719347008,19754.10937014247,36594.20806855155,,
mean_income_adults,state,3,27766.98448722118,17906.582652718433,37627.38632172393,,
mean_income_adults,state,4,29318.24752372932,18979.636586484572,39656.858460974065,,
mean_income_adults,state,5,22643.16730398769,16583.21017251864,28703.124435456743,,
median_household_income,county,0,36723.36035119188,24854.880191042063,48591.840511341696,,
median_household_income,county,1,35985.549296275305,17652.896485280224,54318.20210727039,,
median_household_income,county,2,31375.73179597472,17825.898835384658,44925.56475656478,,
median_household_income,county,3,33873.484288956875,13234.93661166841,54512.03196624534,,
median_household_income,county,4,33645.61600913739,23942.951023028603,43348.280995246176,,
median_household_income,county,5,30838.36375364619,21305.075753428082,40371.651753864295,,
median_household_income,county,6,35343.57715205412,21050.97103168125,49636.183272426984,,
median_household_income,county,7,22821.56093808667,15766.56558310179,29876.55629307155,,
median_household_income,county,8,28460.44429786104,19662.259858727342,37258.62873699474,,
median_household_income,county,9,23444.952105437816,16197.243298383095,30692.660912492538,,
median_household_income,county,10,29705.949486828977,20008.31658213965,39403.5823915183,,
median_household_income,county,11,27405.049646744978,18933.127043140397,35876.97225034956,,
median_household_income,county,12,23713.71206991194,16382.919537510174,31044.504602313707,,
median_household_income,county,13,38028.50281744244,19057.214781988114,56999.79085289676,,
median_household_income,county,14,33682.41237037074,13110.129750581327,54254.69499016015,,
median_household_income,county,15,26488.741402199543,18300.083840216797,34677.398964182285,,
median_household_income,county,16,26136.496844972815,18599.298752704563,33673.69493724107,,
median_household_income,county,17,35739.43209662568,14164.654130688948,57314.21006256241,,
median_household_income,nation,0,32543.55406405633,23240.547691142776,41846.560436969885,,
median_household_income,state,0,35103.66949749721,25398.849304465166,44808.489690529255,,
median_household_income,state,1,36914.89525286382,20018.701158215572,53811.08934751207,,
median_household_income,state,2,32543.55406405633,19971.365446240314,45115.74268187235,,
median_household_income,state,3,34206.40398748962,14871.82476708512,53540.98320789412,,
median_household_income,state,4,31103.418031421374,23736.319907453857,38470.51615538889,,
median_household_income,state,5,26488.741402199543,19555.690437448357,33421.79236695073,,
tertiary_share_25_plus,county,0,0.47344353920079774,0.4517218891396808,0.49516518926191466,,
tertiary_share_25_plus,county,1,0.444818058389019,0.41223962749092324,0.47739648928711476,,
tertiary_share_25_plus,county,2,0.42834490640820455,0.40270307300617575,0.45398673981023335,,
tertiary_share_25_plus,county,3,0.3693604653207007,0.3391581685984114,0.39956276204299,,
tertiary_share_25_plus,county,4,0.4456099130505558,0.41761923183747207,0.47360059426363954,,
tertiary_share_25_plus,county,5,0.3887290237265234,0.35850123772850034,0.41895680972454646,,
tertiary_share_25_plus,county,6,0.4443182647387472,0.4151285130653613,0.4735080164121331,,
tertiary_share_25_plus,county,7,0.38686581571615714,0.3512682066867042,0.42246342474561005,,
tertiary_share_25_plus,county,8,0.3963174939980418,0.36543861617416773,0.42719637182191583,,
tertiary_share_25_plus,county,9,0.36743133538959377,0.3287811508378252,0.4060815199413623,,
tertiary_share_25_plus,county,10,0.4019991820137574,0.3757817219268851,0.4282166421006297,,
tertiary_share_25_plus,county,11,0.36647357132980385,0.3261042859629033,0.4068428566967044,,
tertiary_share_25_plus,county,12,0.42735086960841806,0.3927309292724503,0.46197080994438583,,
tertiary_share_25_plus,county,13,0.43303981833637045,0.40611182639790977,0.45996781027483113,,
tertiary_share_25_plus,county,14,0.37515305410610206,0.3443480037282159,0.4059581044839882,,
tertiary_share_25_plus,county,15,0.42849176541926925,0.36043288062354256,0.49655065021499595,,
tertiary_share_25_plus,county,16,0.3942139112019236,0.363532174944421,0.4248956474594262,,
tertiary_share_25_plus,county,17,0.35883240375548847,0.3262436468474431,0.39142116066353383,,
tertiary_share_25_plus,nation,0,0.4292226223041861,0.4086492005826223,0.44979604402574996,,
tertiary_share_25_plus,state,0,0.45980834730625214,0.43841518651222444,0.48120150810027984,,
tertiary_share_25_plus,state,1,0.4369675071641681,0.41210793184115646,0.46182708248717974,,
tertiary_share_25_plus,state,2,0.43411710118804014,0.41036653747134105,0.45786766490473924,,
tertiary_share_25_plus,state,3,0.3681479171273628,0.34387406007422455,0.392421774180501,,
tertiary_share_25_plus,state,4,0.4246201970432798,0.3996180288878838,0.4496223651986758,,
tertiary_share_25_plus,state,5,0.3934445160684975,0.3705666031404197,0.4163224289965753,,
person_years_exposure,county,0,13097.69959972348,12068.340782070398,14030.314025844737,male,0-17
person_years_exposure,county,0,15876.078633998737,14641.058516255613,16984.018708859236,male,18-44
person_years_exposure,county,0,13631.675962920124,12540.053165977402,14620.006154521545,male,45-64
person_years_exposure,county,0,3938.268910204482,3459.336917812489,4341.253196961568,male,65-74
person_years_exposure,county,0,1297.9208241601918,964.1047480844038,1550.566984073288,male,75-84
person_years_exposure,county,0,166.31757461957764,83.2301321102279,233.25363029575945,male,85+
person_years_exposure,county,0,29507.75459691886,27206.962505437186,31606.421681706917,male,18-64
person_years_exposure,county,0,5402.507308984252,4536.185769157657,6094.981352649285,male,65+
mortality_rate,county,0,0.0009376273768722923,0.00023441852525032657,0.0019808430236761296,male,0-17
mortality_rate,county,0,0.000922550505868272,0.00024630173931221614,0.0020138335972069562,male,18-44
mortality_rate,county,0,0.00720328676832159,0.002457819724235092,0.015086291186902,male,45-64
mortality_rate,county,0,0.03949476766860088,0.014232618517650963,0.08562755963330024,male,65-74
mortality_rate,county,0,0.10464340002911048,0.0388276153209673,0.2416435007863922,male,75-84
mortality_rate,county,0,0.1576186526238906,0.054019700360706094,0.4365460473386746,male,85+
qualifying_event_rate,county,0,0.017500426718909418,0.013342833407689735,0.02272245484355565,male,0-17
qualifying_event_rate,county,0,0.03394146843799532,0.026679729914930936,0.043680753904233,male,18-44
qualifying_event_rate,county,0,0.044543398297220656,0.03534460141471947,0.056839483930861315,male,45-64
qualifying_event_rate,county,0,0.06989384129516132,0.05507858163188805,0.08900527077284968,male,65-74
qualifying_event_rate,county,0,0.06292860629039668,0.04721498984529986,0.08389293386659549,male,75-84
qualifying_event_rate,county,0,0.05674995410600476,0.0276262335013472,0.09941890545375613,male,85+
person_years_exposure,county,0,13729.419223768335,12637.13236881466,14708.706173337681,female,0-17
person_years_exposure,county,0,16142.874083759833,14897.395232290144,17270.386854709886,female,18-44
person_years_exposure,county,0,13917.607836992847,12784.085480954,14921.301331685074,female,45-64
person_years_exposure,county,0,3652.362425906022,3234.53722574653,4006.9612394007654,female,65-74
person_years_exposure,county,0,1303.8699191975352,965.1930099640362,1564.4585162720332,female,75-84
person_years_exposure,county,0,185.19979629910884,95.09825935733413,259.99736412740083,female,85+
person_years_exposure,county,0,30060.48192075268,27702.569199038633,32189.659546182927,female,18-64
person_years_exposure,county,0,5141.432141402666,4313.240067770988,5796.665567791378,female,65+
mortality_rate,county,0,0.002701486723181281,0.0008656517107556543,0.005708163686027719,female,0-17
mortality_rate,county,0,0.0010401503188265722,0.00030403610743176486,0.002261637881966254,female,18-44
mortality_rate,county,0,0.007458023877250404,0.0025246681551172917,0.015262282426181857,female,45-64
mortality_rate,county,0,0.03499647880290588,0.012727694287842033,0.07522719559529688,female,65-74
mortality_rate,county,0,0.11278979076998592,0.04208954693495034,0.2648096234628886,female,75-84
mortality_rate,county,0,0.1599232315818931,0.05881486507130489,0.4203713405845467,female,85+
qualifying_event_rate,county,0,0.017473383990430327,0.013286548647346482,0.02300228967113506,female,0-17
qualifying_event_rate,county,0,0.03376988902829135,0.02652503585185034,0.04321574584056595,female,18-44
qualifying_event_rate,county,0,0.042914914417347294,0.033857817197712047,0.054632665721218686,female,45-64
qualifying_event_rate,county,0,0.06468496335735192,0.050939739168952704,0.08315990015915363,female,65-74
qualifying_event_rate,county,0,0.06692895847080217,0.05042174460369431,0.09016499671732825,female,75-84
qualifying_event_rate,county,0,0.048865824412086874,0.023350046966648493,0.08394645613892511,female,85+
person_years_exposure,county,1,1213.5011994725528,1076.8344273300318,1344.3783662819244,male,0-17
person_years_exposure,county,1,1524.8746903766917,1408.3978409290341,1655.6339076895176,male,18-44
person_years_exposure,county,1,1409.9275574508401,1299.5940342013007,1525.11659876481,male,45-64
person_years_exposure,county,1,348.41443107632455,305.6835612683469,388.0106676476167,male,65-74
person_years_exposure,county,1,123.08018314444071,89.27440348578344,150.2274302022142,male,75-84
person_years_exposure,county,1,10.259522994628105,4.0967686442765645,15.603947000294895,male,85+
person_years_exposure,county,1,2934.8022478275316,2709.8315555469167,3177.5200911252664,male,18-64
person_years_exposure,county,1,481.75413721539337,405.35668067556094,546.278929883764,male,65+
mortality_rate,county,1,0.031243073705020368,0.010371373519062624,0.06833241695417416,male,0-17
mortality_rate,county,1,0.0010285168905338486,0.0,0.002831841304177527,male,18-44
mortality_rate,county,1,0.006680792600990372,0.0014051194061459465,0.01507743974619749,male,45-64
mortality_rate,county,1,0.035067957831248435,0.008387788536073033,0.08090364666502643,male,65-74
mortality_rate,county,1,0.10021326656761427,0.028102258994522206,0.24524431532674687,male,75-84
mortality_rate,county,1,0.12762332464481643,0.0,0.5043366524877839,male,85+
qualifying_event_rate,county,1,0.027738451800361275,0.01840591608057828,0.039591917864424,male,0-17
qualifying_event_rate,county,1,0.03707816198804045,0.026827165415059095,0.04963389299935176,male,18-44
qualifying_event_rate,county,1,0.04459112324322821,0.032465124947624845,0.059822509940793814,male,45-64
qualifying_event_rate,county,1,0.07074388413806769,0.046369334680721075,0.09869064880292473,male,65-74
qualifying_event_rate,county,1,0.0604417896027755,0.02755798751841844,0.09964307878871745,male,75-84
qualifying_event_rate,county,1,0.04956012799225025,0.0,0.17902299965160956,male,85+
person_years_exposure,county,1,1301.9960878494646,1183.0465666333328,1427.271484695449,female,0-17
person_years_exposure,county,1,1516.058225282151,1395.3533870315791,1643.707622128819,female,18-44
person_years_exposure,county,1,1334.3960290841449,1229.823445128921,1443.2493542166703,female,45-64
person_years_exposure,county,1,370.7214063138222,325.5419610388011,410.1521616732954,female,65-74
person_years_exposure,county,1,159.74792912996483,119.2390308924108,191.37429312812995,female,75-84
person_years_exposure,county,1,34.098649430537584,17.960209221967375,48.86557876698029,female,85+
person_years_exposure,county,1,2850.4542543662956,2630.7279902281207,3089.1483616491137,female,18-64
person_years_exposure,county,1,564.5679848743246,469.55970625789513,641.8011692582611,female,65+
mortality_rate,county,1,0.01997983873973642,0.006279489866698313,0.044480123019390264,female,0-17
mortality_rate,county,1,0.0011047100035938956,0.0,0.0031660301841844075,female,18-44
mortality_rate,county,1,0.007050166995930684,0.001528747594393477,0.015366188438058953,female,45-64
mortality_rate,county,1,0.03393181290688028,0.008051244835566476,0.07872183308128056,female,65-74
mortality_rate,county,1,0.0919379467948453,0.026998083448484287,0.22700353746936852,female,75-84
mortality_rate,county,1,0.13976524407917792,0.036305680062109734,0.396499632151106,female,85+
qualifying_event_rate,county,1,0.03066955499916744,0.02088177546826291,0.04281345840075813,female,0-17
qualifying_event_rate,county,1,0.0390043041574023,0.028224278148576983,0.05161103017826286,female,18-44
qualifying_event_rate,county,1,0.03760845297699506,0.026647701086059405,0.05064684494517487,female,45-64
qualifying_event_rate,county,1,0.07288144017776388,0.04857220522381356,0.10183753574035478,female,65-74
qualifying_event_rate,county,1,0.07318596298729797,0.04019106945412233,0.1131801057936819,female,75-84
qualifying_event_rate,county,1,0.045395790863068844,0.0,0.10684530802361532,female,85+
person_years_exposure,county,2,3288.3389873532255,3063.7783705125075,3776.8942667080823,male,0-17
person_years_exposure,county,2,3667.4611971317936,3451.0628055812394,4223.701700597809,male,18-44
person_years_exposure,county,2,3258.2857839928024,3058.8636565868533,3750.257546334082,male,45-64
person_years_exposure,county,2,911.721478148466,802.4073362857249,1058.2967800966262,male,65-74
person_years_exposure,county,2,310.89542855532716,226.17820070175674,383.2553527084157,male,75-84
person_years_exposure,county,2,37.17075093606815,20.05279327660229,52.80180528070408,male,85+
person_years_exposure,county,2,6925.746981124596,6519.241079801332,7973.920078005795,male,18-64
person_years_exposure,county,2,1259.7876576398612,1060.1571897696172,1483.7828245475775,male,65+
mortality_rate,county,2,0.0093032638283055,0.0030586275050947876,0.020084390286628836,male,0-17
mortality_rate,county,2,0.000993880871623306,0.0,0.002359004467526831,male,18-44
mortality_rate,county,2,0.006929598806885958,0.0021453211951377358,0.0149055042695682,male,45-64
mortality_rate,county,2,0.03752578285392886,0.01218578361288411,0.08247669640109624,male,65-74
mortality_rate,county,2,0.10782087584965595,0.03738963156592598,0.2557969146978528,male,75-84
mortality_rate,county,2,0.12749392356857697,0.025598576463729997,0.35134581359288825,male,85+
qualifying_event_rate,county,2,0.022406799489688788,0.016082202550969614,0.030035813679271335,male,0-17
qualifying_event_rate,county,2,0.03801085078187684,0.02898983949855279,0.049175693229734946,male,18-44
qualifying_event_rate,county,2,0.045709336720225216,0.03500947945333595,0.05931548679359677,male,45-64
qualifying_event_rate,county,2,0.054011727840123445,0.0386747000399201,0.07262073442715336,male,65-74
qualifying_event_rate,county,2,0.07839090155232081,0.052262780979475516,0.11067690024480004,male,75-84
qualifying_event_rate,county,2,0.05219074888729034,0.0,0.11792990787600158,male,85+
person_years_exposure,county,2,3399.5809183923043,3119.3203882844914,3913.055381682234,female,0-17
person_years_exposure,county,2,4116.065055028328,3901.34847752441,4735.093846957429,female,18-44
person_years_exposure,county,2,3566.017523170891,3360.7626033903534,4108.71786520248,female,45-64
person_years_exposure,county,2,916.7493330128048,811.2659170213991,1062.701071929821,female,65-74
person_years_exposure,county,2,353.2105372791329,254.45626066310055,431.7703207345684,female,75-84
person_years_exposure,county,2,56.86131952105131,29.581892840127573,81.4527896823251,female,85+
person_years_exposure,county,2,7682.082578199219,7270.885701868693,8836.353669804437,female,18-64
person_years_exposure,county,2,1326.821189812989,1103.6613477369963,1559.175766822277,female,65+
mortality_rate,county,2,0.018583546339331347,0.006307820735876965,0.04027076415316937,female,0-17
mortality_rate,county,2,0.0010213885121577763,0.0,0.0025530676649652556,female,18-44
mortality_rate,county,2,0.0073200749731002,0.002320311924773843,0.01574880444182687,female,45-64
mortality_rate,county,2,0.036036723079623384,0.012085415579288016,0.08180193438497069,female,65-74
mortality_rate,county,2,0.09817456223067166,0.03331971063868231,0.23883833398777074,female,75-84
mortality_rate,county,2,0.1523001896155085,0.04389743984617403,0.4071590898479089,female,85+
qualifying_event_rate,county,2,0.029480023852438527,0.022046952672611246,0.03900094408699717,female,0-17
qualifying_event_rate,county,2,0.03792210318914061,0.028883345074312776,0.04893848041732826,female,18-44
qualifying_event_rate,county,2,0.046202051209285236,0.035433011454550606,0.05962934572583359,female,45-64
qualifying_event_rate,county,2,0.06879025679410392,0.05052741472851152,0.08973797073770835,female,65-74
qualifying_event_rate,county,2,0.07011608452023187,0.04580495574284143,0.10155608918364042,female,75-84
qualifying_event_rate,county,2,0.057536973757496994,0.012728384459300465,0.11514604954847273,female,85+
person_years_exposure,county,3,1438.762308367055,1188.80189771805,1656.6289554403702,male,0-17
person_years_exposure,county,3,1842.5357177694448,1682.036936613406,2016.4266167224562,male,18-44
person_years_exposure,county,3,2103.92196677771,1912.4515717139,2302.13858967679,male,45-64
person_years_exposure,county,3,567.0955314556487,493.81599740292063,637.0200449710348,male,65-74
person_years_exposure,county,3,196.50958362437032,142.38706091303087,239.78861783699364,male,75-84
person_years_exposure,county,3,33.048709048172434,17.02964255783403,48.55801194465193,male,85+
person_years_exposure,county,3,3946.4576845471547,3599.659098484315,4318.946084074179,male,18-64
person_years_exposure,county,3,796.6538241281914,661.9141609353965,918.2889800080837,male,65+
mortality_rate,county,3,0.06004401535281773,0.020684138539150652,0.13751423701842733,male,0-17
mortality_rate,county,3,0.0010761854639379752,0.0,0.00286759942518688,male,18-44
mortality_rate,county,3,0.007210074248610536,0.0019358700761154613,0.016105860591213862,male,45-64
mortality_rate,county,3,0.03628287476528368,0.010996846999284571,0.08235591198457992,male,65-74
mortality_rate,county,3,0.0970215118127523,0.03030857276424066,0.24083900355544444,male,75-84
mortality_rate,county,3,0.15497545215226843,0.04130576333923926,0.43072447085621424,male,85+
qualifying_event_rate,county,3,0.007327778163163396,0.0034920961825879535,0.011893096823332555,male,0-17
qualifying_event_rate,county,3,0.019705244700196984,0.013228657776637846,0.027334124841941608,male,18-44
qualifying_event_rate,county,3,0.0233566766144193,0.016113205183851356,0.031858543963063285,male,45-64
qualifying_event_rate,county,3,0.033918206394391796,0.019892208939870593,0.04981383429723241,male,65-74
qualifying_event_rate,county,3,0.041088584036674786,0.01817154657520273,0.068025321149435,male,75-84
qualifying_event_rate,county,3,0.03874510372294219,0.0,0.10016376762241018,male,85+
person_years_exposure,county,3,1610.8154044031123,1457.7336122675713,1767.2167073652088,female,0-17
person_years_exposure,county,3,1766.014427724138,1610.8120483972727,1931.3422168140025,female,18-44
person_years_exposure,county,3,1943.882439410159,1774.2340223123313,2130.1768011971753,female,45-64
person_years_exposure,county,3,590.5602574058253,514.3391674473285,665.2103829527193,female,65-74
person_years_exposure,county,3,183.78814959146376,136.6585999701161,223.53918752454797,female,75-84
person_years_exposure,county,3,10.022308957468091,3.9982755883102348,15.884390559843904,female,85+
person_years_exposure,county,3,3709.896867134297,3390.2473933632996,4061.5828530541153,female,18-64
person_years_exposure,county,3,784.3707159547571,664.9885197996899,897.0724417016773,female,65+
mortality_rate,county,3,0.011007138807795313,0.0032518757236596374,0.024218145569821374,female,0-17
mortality_rate,county,3,0.0010329580106267138,0.0,0.00292365270783022,female,18-44
mortality_rate,county,3,0.00794760960682778,0.0021040936221518006,0.017776624029818423,female,45-64
mortality_rate,county,3,0.03500777877533351,0.01049849574816467,0.07707032025588649,female,65-74
mortality_rate,county,3,0.09087952286937638,0.029235175051001844,0.22054866062933806,female,75-84
mortality_rate,county,3,0.15011394545991624,0.0,0.5573847870911005,female,85+
qualifying_event_rate,county,3,0.005843677625486838,0.002709869116154294,0.009496724230480431,female,0-17
qualifying_event_rate,county,3,0.021513507175284958,0.01461396007436324,0.02996285512697409,female,18-44
qualifying_event_rate,county,3,0.02581139444907719,0.01806391948363596,0.035048181454014164,female,45-64
qualifying_event_rate,county,3,0.036086958392892665,0.021828448759991053,0.052552404950049085,female,65-74
qualifying_event_rate,county,3,0.04371154070773616,0.01957476471182746,0.07267710562910053,female,75-84
qualifying_event_rate,county,3,0.02842181472451069,0.0,0.1413023604104836,female,85+
person_years_exposure,county,4,2180.841433464334,1915.6882066260869,2438.166204851921,male,0-17
person_years_exposure,county,4,2651.3105028930527,2381.8684585641126,2913.222406582608,male,18-44
person_years_exposure,county,4,2749.751602010968,2470.706032667686,3019.9979243132543,male,45-64
person_years_exposure,county,4,820.1023250378231,716.8880072770315,918.2857963385865,male,65-74
person_years_exposure,county,4,323.04401793055877,235.21879795682372,395.6402370872712,male,75-84
person_years_exposure,county,4,56.25797049942046,25.611875933069246,82.55898746531913,male,85+
person_years_exposure,county,4,5401.06210490402,4852.3189098085995,5926.934511750975,male,18-64
person_years_exposure,county,4,1199.4043134678022,990.9599928325014,1385.5723710899788,male,65+
mortality_rate,county,4,0.027899208565268233,0.009880553510600257,0.0607869867124483,male,0-17
mortality_rate,county,4,0.0010037046998441824,0.0,0.002690928622776932,male,18-44
mortality_rate,county,4,0.0071936540392535065,0.002117579987633054,0.015833097115113475,male,45-64
mortality_rate,county,4,0.03493454593294644,0.011516231807629252,0.07989449672630675,male,65-74
mortality_rate,county,4,0.1059500625700745,0.0353009450524504,0.25106339633090297,male,75-84
mortality_rate,county,4,0.14759921639901888,0.04653807149152772,0.4438950949290547,male,85+
qualifying_event_rate,county,4,0.016860025861825837,0.0111859505499004,0.023917478178664017,male,0-17
qualifying_event_rate,county,4,0.027702503145460043,0.019837706630046865,0.037136099662032115,male,18-44
qualifying_event_rate,county,4,0.036711235032984395,0.027489914163835196,0.04833783864484457,male,45-64
qualifying_event_rate,county,4,0.05181565681214252,0.036244731200140747,0.07108166054632971,male,65-74
qualifying_event_rate,county,4,0.06213132692600216,0.038591987174061974,0.09345013941638239,male,75-84
qualifying_event_rate,county,4,0.0655901495899588,0.016215648098866418,0.13127783511603494,male,85+
person_years_exposure,county,4,2239.2891964516853,2006.0585292405967,2457.6512519610615,female,0-17
person_years_exposure,county,4,2782.7692403379097,2497.8974880990763,3065.9923431104307,female,18-44
person_years_exposure,county,4,2373.3527518019437,2129.4641309954463,2608.7664535362783,female,45-64
person_years_exposure,county,4,739.5869399958751,645.916516911832,826.7054952021144,female,65-74
person_years_exposure,county,4,229.99200711291994,168.39819100477945,281.44441748567954,female,75-84
person_years_exposure,county,4,53.45477579175775,28.424506224741908,77.85103986216146,female,85+
person_years_exposure,county,4,5156.121992139853,4629.3454529266455,5666.614975089986,female,18-64
person_years_exposure,county,4,1023.0337229005528,852.513074084972,1175.9494639187358,female,65+
mortality_rate,county,4,0.0030418239181849976,0.0004499976405530424,0.007406633453018803,female,0-17
mortality_rate,county,4,0.0010336699148653494,0.0,0.0027451508404171487,female,18-44
mortality_rate,county,4,0.007452125868803822,0.0021183217040443266,0.016657029844511825,female,45-64
mortality_rate,county,4,0.031640247331603207,0.009723924770595497,0.0710836909274934,female,65-74
mortality_rate,county,4,0.10647066716351077,0.034653777445686554,0.26138874863058004,female,75-84
mortality_rate,county,4,0.14473762105205473,0.03806434081864594,0.41879010522250576,female,85+
qualifying_event_rate,county,4,0.012624114390202182,0.007925374683373112,0.017993323447751553,female,0-17
qualifying_event_rate,county,4,0.028177420919600737,0.020557635713207192,0.038338459106578314,female,18-44
qualifying_event_rate,county,4,0.03407523745989649,0.024951062520640308,0.045269244653437464,female,45-64
qualifying_event_rate,county,4,0.04373446137619556,0.029279697833016562,0.059988870478580134,female,65-74
qualifying_event_rate,county,4,0.06315615571783774,0.03661474029429993,0.09696518397156849,female,75-84
qualifying_event_rate,county,4,0.04779041109175645,0.0,0.10218373334477762,female,85+
person_years_exposure,county,5,1298.2999309450001,1149.6193971341952,1417.1865178848066,male,0-17
person_years_exposure,county,5,1827.625502303165,1706.5676925688877,1933.3003106554931,male,18-44
person_years_exposure,county,5,1937.7720436626448,1812.5836028189751,2052.699032756592,male,45-64
person_years_exposure,county,5,592.3790200185302,527.1409074110253,644.1716150506356,male,65-74
person_years_exposure,county,5,167.064644155253,120.09660086197694,201.58265224504547,male,75-84
person_years_exposure,county,5,22.48776699775734,11.064823296794028,33.84390711531854,male,85+
person_years_exposure,county,5,3765.3975459658095,3523.382264978462,3984.426973216759,male,18-64
person_years_exposure,county,5,781.9314311715406,666.1930870046938,871.3308376962107,male,65+
mortality_rate,county,5,0.03700374248646003,0.012367744422756951,0.08256909021072185,male,0-17
mortality_rate,county,5,0.0015549120273375377,0.0,0.003990850215762675,male,18-44
mortality_rate,county,5,0.007550351148293865,0.0020060553488514656,0.016889325354704724,male,45-64
mortality_rate,county,5,0.03576465219533691,0.010615903918693048,0.08074560915164976,male,65-74
mortality_rate,county,5,0.09452514316229613,0.0288677412528972,0.2346445543220602,male,75-84
mortality_rate,county,5,0.1953135253923017,0.05279086941694841,0.5597995432075644,male,85+
qualifying_event_rate,county,5,0.023354234301761263,0.015326841037829905,0.03363095316710831,male,0-17
qualifying_event_rate,county,5,0.028386762511450298,0.020076411468601847,0.03851116798967074,male,18-44
qualifying_event_rate,county,5,0.04013826541058864,0.029651519796669603,0.05319752584866331,male,45-64
qualifying_event_rate,county,5,0.058501154896313606,0.04042322333274258,0.07996338884058025,male,65-74
qualifying_event_rate,county,5,0.05563521016715766,0.02694195407020555,0.08961082920328305,male,75-84
qualifying_event_rate,county,5,0.044356024112367734,0.0,0.12633273117060706,male,85+
person_years_exposure,county,5,1503.9018144147253,1399.450505745192,1597.0275476702377,female,0-17
person_years_exposure,county,5,1676.9453784882464,1569.4657615933047,1774.0990154320145,female,18-44
person_years_exposure,county,5,2061.8969709625962,1929.0059492080272,2185.9489271206553,female,45-64
person_years_exposure,county,5,627.9028917110656,554.2934618200942,688.0786716077072,female,65-74
person_years_exposure,county,5,192.10177124811247,141.06110673407818,230.5092727464671,female,75-84
person_years_exposure,county,5,26.481041274908215,10.84662992152303,40.62719679848277,female,85+
person_years_exposure,county,5,3738.8423494508424,3498.8667949476917,3959.224945981553,female,18-64
person_years_exposure,county,5,846.4857042340864,712.5496486596174,950.2910385412895,female,65+
mortality_rate,county,5,0.008101322595146612,0.0019702316897439866,0.01813020914988942,female,0-17
mortality_rate,county,5,0.0011055839564204353,0.0,0.003021944878721926,female,18-44
mortality_rate,county,5,0.008130218003654122,0.002367816098571344,0.017792165302368698,female,45-64
mortality_rate,county,5,0.0373730903292654,0.011580405226473278,0.08541651826932892,female,65-74
mortality_rate,county,5,0.10497574543610122,0.03276386932790318,0.25736658700852905,female,75-84
mortality_rate,county,5,0.12480809658666357,0.02416217402167803,0.4084365341895428,female,85+
qualifying_event_rate,county,5,0.02576176429282234,0.017761081206289598,0.03590752303993799,female,0-17
qualifying_event_rate,county,5,0.03169332614922705,0.022280238666500574,0.04281571141973384,female,18-44
qualifying_event_rate,county,5,0.039788385131071725,0.02924974304384714,0.05267780445005961,female,45-64
qualifying_event_rate,county,5,0.05943927407495154,0.041930331153961754,0.0808001704738329,female,65-74
qualifying_event_rate,county,5,0.055534589310896006,0.028442013981065214,0.08819727316900045,female,75-84
qualifying_event_rate,county,5,0.05201668503794038,0.0,0.1434740436115536,female,85+
person_years_exposure,county,6,1835.5594247478505,1709.1495349993759,2110.786472950376,male,0-17
person_years_exposure,county,6,2145.855130978125,2021.4552975679665,2470.226316669776,male,18-44
person_years_exposure,county,6,2003.901412904352,1880.4041711440098,2309.9702463817284,male,45-64
person_years_exposure,county,6,521.0070180982984,456.10362019516424,605.0924789317502,male,65-74
person_years_exposure,county,6,166.01336916651348,119.92023263557388,204.31255595535373,male,75-84
person_years_exposure,county,6,40.979542959663,21.934045558079834,57.5040280379596,male,85+
person_years_exposure,county,6,4149.756543882477,3907.1023543518177,4778.086592283274,male,18-64
person_years_exposure,county,6,727.999930224475,604.9907057813407,857.0081252740392,male,65+
mortality_rate,county,6,0.00917954992239743,0.0026958092890503734,0.020216191566406933,male,0-17
mortality_rate,county,6,0.001012580733495075,0.0,0.002872262492972014,male,18-44
mortality_rate,county,6,0.007209812724923511,0.002020461745136985,0.01592298422057378,male,45-64
mortality_rate,county,6,0.03785331740030757,0.01122682136154967,0.08646142314517626,male,65-74
mortality_rate,county,6,0.10092811214044989,0.030429217672308155,0.2511495248931034,male,75-84
mortality_rate,county,6,0.14802878104321657,0.037537099980112586,0.4245984741663211,male,85+
qualifying_event_rate,county,6,0.019610155347432944,0.013098331767168278,0.027564200340821677,male,0-17
qualifying_event_rate,county,6,0.03335936024757721,0.024457614213257716,0.04463435315235306,male,18-44
qualifying_event_rate,county,6,0.04018138354086947,0.0297743657741674,0.05314834923283262,male,45-64
qualifying_event_rate,county,6,0.047839557643634276,0.030573763233931472,0.06720709859108713,male,65-74
qualifying_event_rate,county,6,0.06825105712631907,0.036692327831098506,0.10746020215768327,male,75-84
qualifying_event_rate,county,6,0.05010572385868714,0.0,0.11198062671079446,male,85+
person_years_exposure,county,6,1740.0642850181669,1592.6778437931432,2004.7581670481823,female,0-17
person_years_exposure,county,6,2069.4793546901988,1959.5005809724223,2381.476553367745,female,18-44
person_years_exposure,county,6,2122.372423838328,1996.1919270087058,2440.3045438413183,female,45-64
person_years_exposure,county,6,542.2706471785706,478.6460293681433,630.7458640644444,female,65-74
person_years_exposure,county,6,221.07471100557194,159.68160695217912,271.8383534075146,female,75-84
person_years_exposure,county,6,33.13234342559357,16.39035365057049,48.25095907375543,female,85+
person_years_exposure,county,6,4191.851778528527,3962.430827271652,4818.088223873166,female,18-64
person_years_exposure,county,6,796.4777016097361,663.6789961452563,937.0173234847183,female,65+
mortality_rate,county,6,0.018636782271760396,0.0060542976946884805,0.0406317768220279,female,0-17
mortality_rate,county,6,0.0010162108353406712,0.0,0.0026806664628013133,female,18-44
mortality_rate,county,6,0.00758819719284894,0.002234120294378738,0.016748926607398157,female,45-64
mortality_rate,county,6,0.036289361801290276,0.01098251061430405,0.08315332533197516,female,65-74
mortality_rate,county,6,0.10141628610758224,0.03225303323741051,0.2494926386010337,female,75-84
mortality_rate,county,6,0.13504823312575612,0.025828811870866556,0.3825165127609271,female,85+
qualifying_event_rate,county,6,0.02574971093282465,0.01752792741160304,0.03553145668837057,female,0-17
qualifying_event_rate,county,6,0.03321879259773588,0.024069398636245784,0.044273459031915145,female,18-44
qualifying_event_rate,county,6,0.04094423994828041,0.03051953389989913,0.053959538529135515,female,45-64
qualifying_event_rate,county,6,0.060840428871162575,0.042019591885642374,0.08283653183863846,female,65-74
qualifying_event_rate,county,6,0.06267816047492511,0.03610141440242334,0.09592849474717625,female,75-84
qualifying_event_rate,county,6,0.04823141727434568,0.0,0.11656652911144294,female,85+
person_years_exposure,county,7,866.7828071896643,764.4667647287106,948.3859017182896,male,0-17
person_years_exposure,county,7,1188.4659950393452,1111.5314103046533,1258.7911318782533,male,18-44
person_years_exposure,county,7,1159.2180369147477,1081.4493113202213,1229.8350993236515,male,45-64
person_years_exposure,county,7,308.74149247079174,271.2126530474174,338.15946674882997,male,65-74
person_years_exposure,county,7,96.89507694248894,69.0703243513082,119.10552915952958,male,75-84
person_years_exposure,county,7,11.644969816457616,4.950706836186309,18.681345533472186,male,85+
person_years_exposure,county,7,2347.684031954093,2194.626926524954,2486.1521121610645,male,18-64
person_years_exposure,county,7,417.28153922973826,351.79369808360065,468.2811780837551,male,65+
mortality_rate,county,7,0.03696799993491908,0.011425144098517833,0.08436907131054128,male,0-17
mortality_rate,county,7,0.0015135713874088995,0.0,0.004247063085962717,male,18-44
mortality_rate,county,7,0.007268925485042028,0.0016705222824607506,0.016962890555353157,male,45-64
mortality_rate,county,7,0.035872835473588466,0.009134400755800418,0.08353225535353083,male,65-74
mortality_rate,county,7,0.09872340352841431,0.025625439012367423,0.2509016149453701,male,75-84
mortality_rate,county,7,0.1602686670579962,0.0,0.5896016381097853,male,85+
qualifying_event_rate,county,7,0.022915486769520495,0.013887487331966876,0.0333676786661263,male,0-17
qualifying_event_rate,county,7,0.02753373949165152,0.0184144899462945,0.038264896226039236,male,18-44
qualifying_event_rate,county,7,0.03911183696446239,0.027196862645312472,0.05336567535250518,male,45-64
qualifying_event_rate,county,7,0.05629203368909393,0.034387935356786234,0.08193856556578516,male,65-74
qualifying_event_rate,county,7,0.0551751386587211,0.01988731077205838,0.09666002264575033,male,75-84
qualifying_event_rate,county,7,0.03966689340881461,0.0,0.15841181853163988,male,85+
person_years_exposure,county,7,972.2278971262086,901.6128957311122,1035.1617336581717,female,0-17
person_years_exposure,county,7,1179.4006512857654,1101.6755288280333,1248.4345989817784,female,18-44
person_years_exposure,county,7,1036.9373849681313,967.6472828184769,1099.398903853062,female,45-64
person_years_exposure,county,7,382.1786728355178,337.07398716326463,418.8161745340976,female,65-74
person_years_exposure,county,7,107.60161245817493,76.80310321300202,130.78461674531968,female,75-84
person_years_exposure,county,7,6.841288310367598,1.8558330974992718,11.62875908727396,female,85+
person_years_exposure,county,7,2216.3380362538965,2072.5233822363107,2346.4932969985744,female,18-64
person_years_exposure,county,7,496.6215736040603,425.12531155228487,554.0572184848994,female,65+
mortality_rate,county,7,0.008048223111452483,0.0019395532982125028,0.018285077637258472,female,0-17
mortality_rate,county,7,0.0010304657962712355,0.0,0.003306155984368488,female,18-44
mortality_rate,county,7,0.007521492154986485,0.0017972307931562112,0.016772362866398112,female,45-64
mortality_rate,county,7,0.03534782169943076,0.009751701655092447,0.08168850731799329,female,65-74
mortality_rate,county,7,0.10307810828848218,0.03072980369140423,0.251789763407099,female,75-84
mortality_rate,county,7,0.11144388989261693,0.0,0.525586075209986,female,85+
qualifying_event_rate,county,7,0.02488143958736842,0.0157805491595959,0.03544338675745638,female,0-17
qualifying_event_rate,county,7,0.030856165240927557,0.020749176179385605,0.0428645928735536,female,18-44
qualifying_event_rate,county,7,0.038224794789531266,0.026426352219354566,0.052505998599329,female,45-64
qualifying_event_rate,county,7,0.05757383118788358,0.0364371097432514,0.08207467709686833,female,65-74
qualifying_event_rate,county,7,0.053577540439465894,0.0196946008216641,0.09306117632437154,female,75-84
qualifying_event_rate,county,7,0.04718681429141639,0.0,0.2075608613621374,female,85+
person_years_exposure,county,8,1565.2588222532493,1382.8991298897963,1707.7539024732243,male,0-17
person_years_exposure,county,8,1725.196764009202,1612.2628514261578,1826.9277610501424,male,18-44
person_years_exposure,county,8,1700.5732780365179,1588.1147600498796,1804.882254483462,male,45-64
person_years_exposure,county,8,587.857473664539,522.4687374659012,640.7704128053407,male,65-74
person_years_exposure,county,8,236.0677986214428,172.33398646974257,282.45813939212985,male,75-84
person_years_exposure,county,8,23.108676398472987,9.234872550702203,35.45540541598658,male,85+
person_years_exposure,county,8,3425.77004204572,3197.8415564837305,3629.4407230259835,male,18-64
person_years_exposure,county,8,847.0339486844548,714.6382398211091,950.0934189328227,male,65+
mortality_rate,county,8,0.037121019910692526,0.012439590557891728,0.08467913615321712,male,0-17
mortality_rate,county,8,0.0015150558972623128,0.0,0.004028943235688155,male,18-44
mortality_rate,county,8,0.007761916056031637,0.0017857775559453318,0.017752754877684417,male,45-64
mortality_rate,county,8,0.03596294528218844,0.010915796223216822,0.08422208026210297,male,65-74
mortality_rate,county,8,0.10420609694897127,0.03267283991276465,0.25191743869464905,male,75-84
mortality_rate,county,8,0.12893448181815684,0.0,0.4481140985792324,male,85+
qualifying_event_rate,county,8,0.02922870494694957,0.020209525991315855,0.040650732102618506,male,0-17
qualifying_event_rate,county,8,0.035106509290394494,0.02547043557006999,0.04697446950817781,male,18-44
qualifying_event_rate,county,8,0.0501398256104126,0.03751579087162145,0.06591966872640759,male,45-64
qualifying_event_rate,county,8,0.07137626954411658,0.05102144728667754,0.09595083859034531,male,65-74
qualifying_event_rate,county,8,0.07033074814605034,0.04241481125191552,0.10511250373375307,male,75-84
qualifying_event_rate,county,8,0.04620466434135976,0.0,0.13314098211951428,male,85+
person_years_exposure,county,8,1545.6989843518343,1436.5753320943925,1642.2615711685341,female,0-17
person_years_exposure,county,8,1824.0861553133966,1704.7730984390641,1929.6662484452713,female,18-44
person_years_exposure,county,8,2015.5394731720676,1885.7506326341556,2135.0569246473497,female,45-64
person_years_exposure,county,8,540.4337951226119,478.7255990745664,590.9477658018606,female,65-74
person_years_exposure,county,8,191.15433305723138,139.52270251774806,230.8166334692039,female,75-84
person_years_exposure,county,8,21.40266372490184,8.804937375622778,32.73297290514904,female,85+
person_years_exposure,county,8,3839.6256284854644,3592.501228565691,4060.9174816130185,female,18-64
person_years_exposure,county,8,752.990791904745,633.8537059365317,845.4131122647602,female,65+
mortality_rate,county,8,0.008108437187241609,0.0019271729768069843,0.018037309712017564,female,0-17
mortality_rate,county,8,0.001069119705863955,0.0,0.0028359757704517425,female,18-44
mortality_rate,county,8,0.0073794313404549425,0.0019549788108445087,0.016061101443811347,female,45-64
mortality_rate,county,8,0.03552589714586727,0.010488942556383466,0.0799704227120111,female,65-74
mortality_rate,county,8,0.10558991064880446,0.03416661397699369,0.2526392273292621,female,75-84
mortality_rate,county,8,0.1475501561619601,0.027912830056278218,0.509267475847637,female,85+
qualifying_event_rate,county,8,0.03216776370487818,0.022710448603243963,0.043751395843122085,female,0-17
qualifying_event_rate,county,8,0.03942494482856939,0.02878538495994861,0.0524026951330292,female,18-44
qualifying_event_rate,county,8,0.048476378650987,0.03644110582612871,0.06382622876549389,female,45-64
qualifying_event_rate,county,8,0.0715379046127333,0.050352412479040036,0.0961666336900184,female,65-74
qualifying_event_rate,county,8,0.0701191105735614,0.040781375363710085,0.10660092829239551,female,75-84
qualifying_event_rate,county,8,0.06408827118169422,0.0,0.16681002614437204,female,85+
person_years_exposure,county,9,702.8065413631224,620.7465996655524,770.769311696556,male,0-17
person_years_exposure,county,9,735.4408569280273,686.6469480098447,779.6155243372511,male,18-44
person_years_exposure,county,9,928.2837717985723,866.3936676788105,984.7020366820512,male,45-64
person_years_exposure,county,9,313.487354712656,277.7745007142959,342.9365052365779,male,65-74
person_years_exposure,county,9,94.43681304288603,68.68613082380843,115.44916100142176,male,75-84
person_years_exposure,county,9,2.7146941954132187,0.11327093419707818,5.251023246078259,male,85+
person_years_exposure,county,9,1663.7246287265996,1554.8431322783308,1762.648349787347,male,18-64
person_years_exposure,county,9,410.6388619509553,351.64340791536625,457.01492194204246,male,65+
mortality_rate,county,9,0.0370034101411353,0.011439027968516214,0.0830134127059328,male,0-17
mortality_rate,county,9,0.0014732606756113831,0.0,0.004346815113011401,male,18-44
mortality_rate,county,9,0.008120454290496511,0.0019893427249388657,0.018680868175019977,male,45-64
mortality_rate,county,9,0.033819897008534855,0.0089000137458576,0.07792879275552725,male,65-74
mortality_rate,county,9,0.09209927279825464,0.019224819589204783,0.2292616100767973,male,75-84
mortality_rate,county,9,0.12491363268273163,0.0,1.3000807353156454,male,85+
qualifying_event_rate,county,9,0.030527102520197566,0.018660311176636322,0.04473440287463337,male,0-17
qualifying_event_rate,county,9,0.036730530034932374,0.024225641830261165,0.05159952223206282,male,18-44
qualifying_event_rate,county,9,0.052375001099387405,0.03738887014426176,0.07055313537716765,male,45-64
qualifying_event_rate,county,9,0.07352815522460819,0.04830531233797483,0.10211778306684889,male,65-74
qualifying_event_rate,county,9,0.0695728929438606,0.030916804050574707,0.11765321786380208,male,75-84
qualifying_event_rate,county,9,0.0466959507067628,0.0,0.27426966098707567,male,85+
person_years_exposure,county,9,742.1514394808199,689.0783315447998,790.2300465863651,female,0-17
person_years_exposure,county,9,781.7200636917837,730.2758792971332,827.12023590519,female,18-44
person_years_exposure,county,9,826.3144963941423,772.186889664904,876.8922879260107,female,45-64
person_years_exposure,county,9,271.29539879751485,239.0974959173479,298.52483536378054,female,65-74
person_years_exposure,county,9,131.74621890277882,94.0383475453138,161.2665995854812,female,75-84
person_years_exposure,county,9,17.802752189619987,8.452736175594165,26.705707270126663,female,85+
person_years_exposure,county,9,1608.034560085926,1502.9557080249272,1700.9240610054362,female,18-64
person_years_exposure,county,9,420.84436988991365,349.29138112417434,477.8344005029728,female,65+
mortality_rate,county,9,0.008063085411659537,0.001322917093051815,0.018883209247687705,female,0-17
mortality_rate,county,9,0.001139937143774602,0.0,0.0038456410723318704,female,18-44
mortality_rate,county,9,0.007909982023820554,0.0011966666843447164,0.018416897916529163,female,45-64
mortality_rate,county,9,0.035972688515757044,0.0092597251877659,0.08541808818348948,female,65-74
mortality_rate,county,9,0.10566771790291009,0.03200085639530668,0.26390391442466804,female,75-84
mortality_rate,county,9,0.13621037927372037,0.0,0.4424104648899091,female,85+
qualifying_event_rate,county,9,0.03351890181790024,0.0215099148209056,0.04815007494388001,female,0-17
qualifying_event_rate,county,9,0.04129119595158646,0.02754757840582518,0.057690730231871226,female,18-44
qualifying_event_rate,county,9,0.050904535773610406,0.035808042262962095,0.06872772735315115,female,45-64
qualifying_event_rate,county,9,0.07461266492133568,0.04696496001796167,0.10545526288377391,female,65-74
qualifying_event_rate,county,9,0.07074638129656434,0.03695820592617565,0.11069596131558372,female,75-84
qualifying_event_rate,county,9,0.06703493234993346,0.0,0.16994727849747518,female,85+
person_years_exposure,county,10,3063.1070202585174,2817.0960244086514,3287.861157360341,male,0-17
person_years_exposure,county,10,3628.0184705975166,3343.348221582877,3881.178826851708,male,18-44
person_years_exposure,county,10,3417.8569278879118,3141.7951480243446,3664.2612801513856,male,45-64
person_years_exposure,county,10,992.0441234096596,866.5722082996629,1092.6437611680562,male,65-74
person_years_exposure,county,10,400.35604930997874,294.9243464126372,481.6618524886624,male,75-84
person_years_exposure,county,10,42.45409845559096,20.562091192784994,61.56076642717365,male,85+
person_years_exposure,county,10,7045.875398485428,6492.439894797479,7549.15900384256,male,18-64
person_years_exposure,county,10,1434.8542711752293,1193.120989805606,1625.2705196007826,male,65+
mortality_rate,county,10,0.0009470380522340268,0.0,0.002490184693411083,male,0-17
mortality_rate,county,10,0.0009080531481438194,0.0,0.0023360661068373228,male,18-44
mortality_rate,county,10,0.007556390071661005,0.002441628526336864,0.01594979632733049,male,45-64
mortality_rate,county,10,0.04002350015293018,0.013447303885029507,0.08680118729763926,male,65-74
mortality_rate,county,10,0.10342184771980646,0.03550606403464016,0.24096199355789638,male,75-84
mortality_rate,county,10,0.1589900619593114,0.04764159327023555,0.4465695857919483,male,85+
qualifying_event_rate,county,10,0.01962047325722487,0.013857105904478263,0.02672613492181212,male,0-17
qualifying_event_rate,county,10,0.037809572701102634,0.028714725010254634,0.04876934208754316,male,18-44
qualifying_event_rate,county,10,0.04998263522964893,0.038611223126213456,0.06414401607459055,male,45-64
qualifying_event_rate,county,10,0.07716101788616775,0.058392672535275164,0.10083186936576022,male,65-74
qualifying_event_rate,county,10,0.06890378590158829,0.04623528394255757,0.0968971252335676,male,75-84
qualifying_event_rate,county,10,0.05979138176872557,0.0,0.12744083285213795,male,85+
person_years_exposure,county,10,2908.6389381262543,2673.5979556549287,3123.859385459607,female,0-17
person_years_exposure,county,10,3858.3944417170487,3560.3687700764535,4126.5556022312885,female,18-44
person_years_exposure,county,10,3333.1372278884387,3059.5252618335403,3575.02259766664,female,45-64
person_years_exposure,county,10,840.0374493531989,745.6325870660996,923.4408544357053,female,65-74
person_years_exposure,county,10,330.60734475883066,237.29427250387357,401.257030728589,female,75-84
person_years_exposure,county,10,30.20023017405018,15.849312323672997,43.10969648909521,female,85+
person_years_exposure,county,10,7191.531669605487,6629.8857655981255,7700.970863355129,female,18-64
person_years_exposure,county,10,1200.8450242860797,1007.3227394729739,1357.5978878397589,female,65+
mortality_rate,county,10,0.002692679090325799,0.000612478485807084,0.005900692822916792,female,0-17
mortality_rate,county,10,0.0010062020038112802,0.0,0.002428810268120756,female,18-44
mortality_rate,county,10,0.00735438774876942,0.0022876258245554215,0.015693037244539597,female,45-64
mortality_rate,county,10,0.03447867583588189,0.010927642740998562,0.07399117851491933,female,65-74
mortality_rate,county,10,0.11119033532656886,0.0373546163938601,0.26348958989962096,female,75-84
mortality_rate,county,10,0.14644743791816503,0.0334915064197042,0.400476919532682,female,85+
qualifying_event_rate,county,10,0.01954257175449484,0.013990045734923252,0.026681417214160823,female,0-17
qualifying_event_rate,county,10,0.03763279017499379,0.02913021157050905,0.04899934368211002,female,18-44
qualifying_event_rate,county,10,0.047544447508134254,0.03670624256603377,0.06186514414855722,female,45-64
qualifying_event_rate,county,10,0.07124546780980517,0.05249109367995146,0.09338208363053632,female,65-74
qualifying_event_rate,county,10,0.07352188139110985,0.04903099207825763,0.10497998810568245,female,75-84
qualifying_event_rate,county,10,0.050818333726077754,0.0,0.12060837555521717,female,85+
person_years_exposure,county,11,570.09390035607,499.610530346995,628.135117521535,male,0-17
person_years_exposure,county,11,771.8668780206477,721.8008073921554,818.839462401348,male,18-44
person_years_exposure,county,11,751.2966767626793,700.7254483524835,796.5769657498349,male,45-64
person_years_exposure,county,11,251.9977542843768,222.34987516931284,276.21929191952717,male,65-74
person_years_exposure,county,11,74.16679739505797,52.46212147017966,90.6460443748793,male,75-84
person_years_exposure,county,11,14.591553512406152,6.121361529868009,22.74876023514478,male,85+
person_years_exposure,county,11,1523.163554783327,1423.8615702744821,1614.8594222496383,male,18-64
person_years_exposure,county,11,340.75610519184096,287.0287517472778,381.858950978958,male,65+
mortality_rate,county,11,0.03726927553919339,0.010553294856333504,0.08628340774177767,male,0-17
mortality_rate,county,11,0.0015040323368264328,0.0,0.004942366666050773,male,18-44
mortality_rate,county,11,0.007196961506374745,0.001272403041333087,0.017096124741512723,male,45-64
mortality_rate,county,11,0.034501282401176205,0.007563908319556829,0.08365258933496891,male,65-74
mortality_rate,county,11,0.10259929334352771,0.02301116172710639,0.25730202671684516,male,75-84
mortality_rate,county,11,0.13351239447364527,0.0,0.47193837978255704,male,85+
qualifying_event_rate,county,11,0.0295857307938228,0.01684826280086342,0.043767223516568615,male,0-17
qualifying_event_rate,county,11,0.035564462195664004,0.023180500844062795,0.04984754021861598,male,18-44
qualifying_event_rate,county,11,0.05028540236889668,0.03463835216761271,0.06796041675341025,male,45-64
qualifying_event_rate,county,11,0.07131173258361315,0.04502095073310737,0.10112551561152769,male,65-74
qualifying_event_rate,county,11,0.07021516493972539,0.02689324391524676,0.11900177270315605,male,75-84
qualifying_event_rate,county,11,0.04880741231983454,0.0,0.1553851271762368,male,85+
person_years_exposure,county,11,607.4443882891148,561.5331427625381,649.7858128351223,female,0-17
person_years_exposure,county,11,655.7169949989998,613.4914258102356,693.8712772979721,female,18-44
person_years_exposure,county,11,784.1283236675014,730.5754436447227,833.0132443735821,female,45-64
person_years_exposure,county,11,239.04927919095294,209.76840695759395,263.2253290621224,female,65-74
person_years_exposure,county,11,64.59119592770251,44.7691723118881,80.07341432492075,female,75-84
person_years_exposure,county,11,11.409786818644989,4.384258446067322,18.170158029574427,female,85+
person_years_exposure,county,11,1439.845318666501,1345.9735515411023,1525.8016583155083,female,18-64
person_years_exposure,county,11,315.05026193730043,266.12170617575714,355.3327279245014,female,65+
mortality_rate,county,11,0.008014595576760127,0.0015360784325283022,0.019479696541752585,female,0-17
mortality_rate,county,11,0.0011159237045244787,0.0,0.004430810939947669,female,18-44
mortality_rate,county,11,0.007377815092974301,0.0012445478857796327,0.017950017320658113,female,45-64
mortality_rate,county,11,0.03739508401948468,0.00794307483523512,0.08985598628853186,female,65-74
mortality_rate,county,11,0.09837885131077732,0.024737803483840866,0.25846097535154916,female,75-84
mortality_rate,county,11,0.14140608909785937,0.0,0.6038048036055855,female,85+
qualifying_event_rate,county,11,0.03254465465371939,0.020104459187419384,0.04752432662316449,female,0-17
qualifying_event_rate,county,11,0.04010710787992212,0.026074089556617566,0.056305991215248784,female,18-44
qualifying_event_rate,county,11,0.04913062018408724,0.03471156496646773,0.06630802052417413,female,45-64
qualifying_event_rate,county,11,0.07382463958654914,0.04521422555801408,0.10573211726366581,female,65-74
qualifying_event_rate,county,11,0.06597623400861442,0.01914262190429408,0.12009996023707238,female,75-84
qualifying_event_rate,county,11,0.06902385120107374,0.0,0.2069242183808903,female,85+
person_years_exposure,county,12,1027.7351547952717,912.1111869552466,1122.6321618172083,male,0-17
person_years_exposure,county,12,1326.2394617502375,1239.308390601831,1404.0027224402309,male,18-44
person_years_exposure,county,12,1337.157687791415,1249.215374467958,1418.7464399438318,male,45-64
person_years_exposure,county,12,397.6794525813501,351.57145598853845,434.75233104573704,male,65-74
person_years_exposure,county,12,91.85865746945076,66.39957569315335,111.83676171885813,male,75-84
person_years_exposure,county,12,4.528139895514612,0.8255668773585738,7.953567749586987,male,85+
person_years_exposure,county,12,2663.3971495416527,2487.909904248157,2819.484763339028,male,18-64
person_years_exposure,county,12,494.06624994631545,424.8605743331728,548.8580436708944,male,65+
mortality_rate,county,12,0.036999167289917215,0.012024096796921712,0.0839132665713931,male,0-17
mortality_rate,county,12,0.00147967422199926,0.0,0.003989289312273457,male,18-44
mortality_rate,county,12,0.007800988947667906,0.002088128588729412,0.017327938694292225,male,45-64
mortality_rate,county,12,0.036694373768803565,0.009948284137246483,0.08180917814580287,male,65-74
mortality_rate,county,12,0.0916914270109048,0.022098661642961214,0.22988291588665194,male,75-84
mortality_rate,county,12,0.11527216168749344,0.0,0.7680822553276717,male,85+
qualifying_event_rate,county,12,0.03256737415052448,0.021530915633588502,0.04566537372841299,male,0-17
qualifying_event_rate,county,12,0.03903901036105569,0.02834787624714193,0.05250969750012401,male,18-44
qualifying_event_rate,county,12,0.055461040180302464,0.04076494759522872,0.0727113956781372,male,45-64
qualifying_event_rate,county,12,0.07844117481783547,0.053817370043436626,0.10690294554546963,male,65-74
qualifying_event_rate,county,12,0.07158271454891472,0.03037430493072677,0.12067263683955996,male,75-84
qualifying_event_rate,county,12,0.04724743736218853,0.0,0.2608290419905762,male,85+
person_years_exposure,county,12,1023.9486356854281,951.5121584358524,1090.943116281357,female,0-17
person_years_exposure,county,12,1407.6550895698197,1318.76443035001,1489.5845426982225,female,18-44
person_years_exposure,county,12,1300.7603459586971,1214.9147835524998,1379.6940352614167,female,45-64
person_years_exposure,county,12,390.0682486053311,340.42279527430634,427.4293483457004,female,65-74
person_years_exposure,county,12,140.44877948555913,100.78656520693443,170.0114818665499,female,75-84
person_years_exposure,county,12,21.988342332133218,9.967030040528872,33.32795325396726,female,85+
person_years_exposure,county,12,2708.415435528517,2536.98513450194,2868.0304234042487,female,18-64
person_years_exposure,county,12,552.5053704230235,460.7749879910558,622.5413908702898,female,65+
mortality_rate,county,12,0.008150032680265977,0.0018914132013182876,0.018770637822927906,female,0-17
mortality_rate,county,12,0.0011100020250539506,0.0,0.002955744529642974,female,18-44
mortality_rate,county,12,0.007887889524098232,0.0015653779213839745,0.018218459464590064,female,45-64
mortality_rate,county,12,0.038433031175603656,0.010130898676811925,0.08898047712236146,female,65-74
mortality_rate,county,12,0.10111084814352489,0.0290500520881272,0.25828744109667306,female,75-84
mortality_rate,county,12,0.14694088805488043,0.030660114534166557,0.45346384304299314,female,85+
qualifying_event_rate,county,12,0.03578699330383949,0.02422343986236398,0.04950959086669051,female,0-17
qualifying_event_rate,county,12,0.04353927152670745,0.03169960441118552,0.05820877970168147,female,18-44
qualifying_event_rate,county,12,0.054406954512430994,0.0404599470894896,0.07206279721668939,female,45-64
qualifying_event_rate,county,12,0.08025191851040153,0.056105493614203576,0.10712042716566961,female,65-74
qualifying_event_rate,county,12,0.0742516518115561,0.041668820944741586,0.11793488547852829,female,75-84
qualifying_event_rate,county,12,0.07423938020267251,0.0,0.17362662404941054,female,85+
person_years_exposure,county,13,2436.981154940176,2171.2646013051904,2697.1589286198387,male,0-17
person_years_exposure,county,13,2786.130653738393,2571.6008257992253,3017.837379899095,male,18-44
person_years_exposure,county,13,2938.041294632657,2710.7929406273333,3176.4019274396996,male,45-64
person_years_exposure,county,13,859.3463414511082,762.8056410507663,953.9300797456442,male,65-74
person_years_exposure,county,13,249.53755774509153,183.16923529952433,302.43100236926256,male,75-84
person_years_exposure,county,13,19.357593030936137,9.234388018056448,28.816609749229563,male,85+
person_years_exposure,county,13,5724.171948371049,5288.2922631940655,6186.557580477367,male,18-64
person_years_exposure,county,13,1128.241492227136,964.194773759214,1274.4176442413298,male,65+
mortality_rate,county,13,0.031051481398040447,0.010734326303401842,0.06890972614932522,male,0-17
mortality_rate,county,13,0.0010220828108613834,0.0,0.0027187287069122437,male,18-44
mortality_rate,county,13,0.007159086376585405,0.0020733355384431333,0.015306026533724268,male,45-64
mortality_rate,county,13,0.034569746787084014,0.011340417608510312,0.07577673448420473,male,65-74
mortality_rate,county,13,0.09854094642137713,0.03203288402835887,0.23576698878854063,male,75-84
mortality_rate,county,13,0.1624533583449109,0.03504959720456529,0.48607618578899725,male,85+
qualifying_event_rate,county,13,0.027461574624032273,0.019912910716113428,0.03722963914155674,male,0-17
qualifying_event_rate,county,13,0.036648643888700254,0.027573252484313613,0.04895843648190294,male,18-44
qualifying_event_rate,county,13,0.04491110585640962,0.03444528108862201,0.058829442554897166,male,45-64
qualifying_event_rate,county,13,0.07000553816483723,0.05250380091238537,0.09361986805037863,male,65-74
qualifying_event_rate,county,13,0.06071478007644276,0.035745421934758374,0.09006796180052161,male,75-84
qualifying_event_rate,county,13,0.05241908641654745,0.0,0.14551670333252953,male,85+
person_years_exposure,county,13,2423.729131976188,2206.167377769699,2655.6026330879467,female,0-17
person_years_exposure,county,13,2928.426100123405,2694.6595577655658,3177.209787824325,female,18-44
person_years_exposure,county,13,2861.401878982148,2634.4407950654427,3097.1122524927523,female,45-64
person_years_exposure,county,13,852.1489679541455,750.0538171988476,945.3009348870967,female,65-74
person_years_exposure,county,13,283.23286257791136,208.91720923616214,339.53065438500727,female,75-84
person_years_exposure,county,13,31.339605323591982,15.28146424505553,45.64320827798186,female,85+
person_years_exposure,county,13,5789.827979105553,5340.7944235250825,6271.118699432745,female,18-64
person_years_exposure,county,13,1166.721435855649,983.6907864109027,1318.4627237933662,female,65+
mortality_rate,county,13,0.019866041014447423,0.006728525919752831,0.0420047575535763,female,0-17
mortality_rate,county,13,0.0010606233263387162,0.0,0.0026880424906663937,female,18-44
mortality_rate,county,13,0.007548610886731985,0.0023073982171982906,0.016728824438035972,female,45-64
mortality_rate,county,13,0.03488191968276411,0.010992169486618712,0.07788403702546896,female,65-74
mortality_rate,county,13,0.09860915807337377,0.032320779134752065,0.24140459021117922,female,75-84
mortality_rate,county,13,0.12692973822352688,0.023865425945108196,0.3613930410251456,female,85+
qualifying_event_rate,county,13,0.03060721298073205,0.022319709981001395,0.04114605471627783,female,0-17
qualifying_event_rate,county,13,0.038668992730370895,0.02919252077154595,0.050774174244090614,female,18-44
qualifying_event_rate,county,13,0.037624968740251424,0.028413567910956866,0.04994920325687389,female,45-64
qualifying_event_rate,county,13,0.07265581083480417,0.05411681425267559,0.09604392005876994,female,65-74
qualifying_event_rate,county,13,0.07359383918614984,0.04677270868987286,0.1080999841238789,female,75-84
qualifying_event_rate,county,13,0.043552450154424945,0.0,0.11370275153851503,female,85+
person_years_exposure,county,14,1245.1127738643286,1036.6914217239935,1436.7815036403845,male,0-17
person_years_exposure,county,14,1452.5780926691666,1327.1596602963546,1588.847405862515,male,18-44
person_years_exposure,county,14,1630.8001069211623,1484.3441726202977,1785.026715942113,male,45-64
person_years_exposure,county,14,656.639206762667,576.4127047687816,737.9144785050966,male,65-74
person_years_exposure,county,14,202.57535234018917,147.08769866691372,247.2770776791139,male,75-84
person_years_exposure,county,14,19.0207977148116,8.772055198374286,29.423348306028405,male,85+
person_years_exposure,county,14,3083.378199590329,2815.2324571700383,3375.7387731933404,male,18-64
person_years_exposure,county,14,878.2353568176677,741.0651685335866,1004.6302091973038,male,65+
mortality_rate,county,14,0.060028186161949805,0.02091169254773156,0.1344090849676734,male,0-17
mortality_rate,county,14,0.00100541872834277,0.0,0.002897171035211755,male,18-44
mortality_rate,county,14,0.007768246382548484,0.0018881009820443386,0.017595972245930017,male,45-64
mortality_rate,county,14,0.03582500155955707,0.010825114390427767,0.08017986768678667,male,65-74
mortality_rate,county,14,0.09947099633859925,0.031482399059241134,0.23674505669903456,male,75-84
mortality_rate,county,14,0.15413404676798123,0.03348316586769533,0.47638386331145327,male,85+
qualifying_event_rate,county,14,0.01398161818886528,0.008071519371022101,0.021312546647265455,male,0-17
qualifying_event_rate,county,14,0.036332617793202966,0.02576647995458758,0.04887668230800059,male,18-44
qualifying_event_rate,county,14,0.043485113253784125,0.03178865125775323,0.058041705552174416,male,45-64
qualifying_event_rate,county,14,0.06143589592210505,0.04283576744601679,0.0831253955996327,male,65-74
qualifying_event_rate,county,14,0.07337686360345941,0.04355904652190181,0.10924440427251472,male,75-84
qualifying_event_rate,county,14,0.06483909904886859,0.0,0.16313685793028682,male,85+
person_years_exposure,county,14,1497.9743775136424,1357.810501078049,1645.0399638987153,female,0-17
person_years_exposure,county,14,1500.3369578570814,1371.8803361938092,1641.0933860205614,female,18-44
person_years_exposure,county,14,1669.1087587257712,1521.132022006299,1824.5473628848515,female,45-64
person_years_exposure,county,14,650.5020901864083,570.709824590925,728.2260954230662,female,65-74
person_years_exposure,county,14,250.8046694767867,188.7839076697242,301.56482241585496,female,75-84
person_years_exposure,county,14,40.91064637154746,22.353564648141344,58.397850596707435,female,85+
person_years_exposure,county,14,3169.4457165828526,2896.1299581450157,3464.172479755552,female,18-64
person_years_exposure,county,14,942.2174060347425,794.0680694831134,1080.1904059243661,female,65+
mortality_rate,county,14,0.011038669806019032,0.003093607470722673,0.02468888401506886,female,0-17
mortality_rate,county,14,0.001043059959334197,0.0,0.0028672128774682505,female,18-44
mortality_rate,county,14,0.007243585517147478,0.0018745993824848908,0.015812246071960422,female,45-64
mortality_rate,county,14,0.036295659632891046,0.011203552573284778,0.08254069915694803,female,65-74
mortality_rate,county,14,0.08896023822015507,0.02753794937081932,0.21209830840532778,female,75-84
mortality_rate,county,14,0.17043862951872482,0.050522063638003455,0.43800367732175094,female,85+
qualifying_event_rate,county,14,0.011268146361265967,0.006357934961675168,0.01691052670966895,female,0-17
qualifying_event_rate,county,14,0.039811943578232686,0.028714523092427325,0.053305606734739115,female,18-44
qualifying_event_rate,county,14,0.04639978590827355,0.03468144202249796,0.0615250397558378,female,45-64
qualifying_event_rate,county,14,0.06547478646253238,0.046623567595052505,0.08853803268774925,female,65-74
qualifying_event_rate,county,14,0.07748439272298986,0.04897724675058613,0.1115616876007336,female,75-84
qualifying_event_rate,county,14,0.056350716224145975,0.0,0.1229965562807437,female,85+
person_years_exposure,county,15,264.58177241465376,230.5106769810428,292.4958573326643,male,0-17
person_years_exposure,county,15,242.4734773751706,225.36394744763874,257.9144096751269,male,18-44
person_years_exposure,county,15,231.3908670466608,215.00910660062218,246.25345809340124,male,45-64
person_years_exposure,county,15,73.85000316914154,62.732010588698564,82.59426342578752,male,65-74
person_years_exposure,county,15,38.964411177567015,26.83210852504178,48.842969833125025,male,75-84
person_years_exposure,county,15,1.7961156743922115,0.10291272011281885,3.63323078028411,male,85+
person_years_exposure,county,15,473.8643444218314,442.5301478757279,502.1282377037486,male,18-64
person_years_exposure,county,15,114.61053002110077,93.32680557442228,131.677587434138,male,65+
mortality_rate,county,15,0.03671791392930541,0.008780710192204205,0.08684381328201753,male,0-17
mortality_rate,county,15,0.0014667787343559252,0.0,0.007702255627760278,male,18-44
mortality_rate,county,15,0.007681470440544937,0.0,0.021914426886567726,male,45-64
mortality_rate,county,15,0.0401697644269833,0.0,0.10733985008982784,male,65-74
mortality_rate,county,15,0.09447533314695487,0.02000319075628237,0.26435398893097783,male,75-84
mortality_rate,county,15,0.10222263406186052,0.0,1.0492220689208667,male,85+
qualifying_event_rate,county,15,0.0298270659592394,0.013473792928651786,0.04945563683672659,male,0-17
qualifying_event_rate,county,15,0.034766875255784,0.015968946662777768,0.05723985423185732,male,18-44
qualifying_event_rate,county,15,0.050985392340925056,0.028220953734723907,0.07675457412043928,male,45-64
qualifying_event_rate,county,15,0.07542588511938689,0.02758113325512916,0.12643148607174606,male,65-74
qualifying_event_rate,county,15,0.06677548548917454,0.0,0.13660266365465246,male,75-84
qualifying_event_rate,county,15,0.03536973536264185,0.0,0.3005804829136569,male,85+
person_years_exposure,county,15,206.0869211520193,187.30313581806408,223.87658831195742,female,0-17
person_years_exposure,county,15,263.3248593676844,244.4343621017271,280.02537838694866,female,18-44
person_years_exposure,county,15,257.84850097296817,239.78172938910436,274.47286913175014,female,45-64
person_years_exposure,county,15,85.6166690400555,73.86259397335033,95.75769474522262,female,65-74
person_years_exposure,county,15,36.682258859979754,25.091401772102746,46.255766970373294,female,75-84
person_years_exposure,county,15,3.9249444844715957,0.7119565545926982,6.899358222736266,female,85+
person_years_exposure,county,15,521.1733603406526,485.80671812804525,553.4384180619356,female,18-64
person_years_exposure,county,15,126.22387238450685,103.45906980556909,144.34180198573966,female,65+
mortality_rate,county,15,0.007970070305293071,0.0,0.023798105311524688,female,0-17
mortality_rate,county,15,0.0010483246256676093,0.0,0.004111596920048121,female,18-44
mortality_rate,county,15,0.007273065925961605,0.0,0.020236095932159862,female,45-64
mortality_rate,county,15,0.03674042126268112,0.0,0.09732980925882496,female,65-74
mortality_rate,county,15,0.08669789999827343,0.0,0.24358768782897428,female,75-84
mortality_rate,county,15,0.14788532207003793,0.0,1.429971463498802,female,85+
qualifying_event_rate,county,15,0.03258474235011775,0.013372955062897965,0.05538722032889653,female,0-17
qualifying_event_rate,county,15,0.03948867581820341,0.02035504587083176,0.06204569137459986,female,18-44
qualifying_event_rate,county,15,0.04945017655957565,0.027482245131664106,0.07370641260371577,female,45-64
qualifying_event_rate,county,15,0.07267067779477193,0.0313160884284127,0.11959063323836715,female,65-74
qualifying_event_rate,county,15,0.06515738837958134,0.0,0.13478018430895175,female,75-84
qualifying_event_rate,county,15,0.07121691617135062,0.0,0.2849467057621478,female,85+
person_years_exposure,county,16,1499.9302837137177,1314.032410203895,1672.4691972581684,male,0-17
person_years_exposure,county,16,1691.0619196821785,1518.3754167823195,1862.1493547377017,male,18-44
person_years_exposure,county,16,1843.1974020780601,1655.0647506884975,2019.0000893632039,male,45-64
person_years_exposure,county,16,500.7977847108617,435.9006013706179,561.6535306252302,male,65-74
person_years_exposure,county,16,171.03356787157315,123.40542205701082,213.63211675834822,male,75-84
person_years_exposure,county,16,25.922024751269646,13.448596178835045,37.76606168595435,male,85+
person_years_exposure,county,16,3534.259321760239,3173.656202802729,3879.9624087025977,male,18-64
person_years_exposure,county,16,697.7533773337045,582.8201323163314,802.9566597595477,male,65+
mortality_rate,county,16,0.027783517871623913,0.008962737281909135,0.06117726957058555,male,0-17
mortality_rate,county,16,0.0009464975344018256,0.0,0.002810805102581846,male,18-44
mortality_rate,county,16,0.007082366329310369,0.0017201979387931113,0.01570602974503851,male,45-64
mortality_rate,county,16,0.03447602982898291,0.009912350973212995,0.08096756785592882,male,65-74
mortality_rate,county,16,0.10169088874606998,0.03316238930241295,0.24871179795981838,male,75-84
mortality_rate,county,16,0.15178430139751414,0.029241324085422647,0.46032204820975675,male,85+
qualifying_event_rate,county,16,0.016247825471201342,0.010149440567129558,0.02374813024813441,male,0-17
qualifying_event_rate,county,16,0.026387561940584153,0.018018067811895536,0.0367763681156453,male,18-44
qualifying_event_rate,county,16,0.03515539885781901,0.025566791598863853,0.04749809428104549,male,45-64
qualifying_event_rate,county,16,0.049864442153610015,0.03189355379973268,0.07046069394820174,male,65-74
qualifying_event_rate,county,16,0.05885988147714098,0.031149293031646718,0.09397400014069354,male,75-84
qualifying_event_rate,county,16,0.06469326034666273,0.0,0.15080718438754287,male,85+
person_years_exposure,county,16,1673.7293504215454,1498.449532027952,1845.287464117752,female,0-17
person_years_exposure,county,16,1915.5528645734817,1719.2012050618462,2105.56247639299,female,18-44
person_years_exposure,county,16,1846.5081372384443,1656.683187658207,2029.1136955510008,female,45-64
person_years_exposure,county,16,545.2635080015775,475.35021102723584,609.6589554701607,female,65-74
person_years_exposure,county,16,171.3427886805799,123.51770773622154,208.9219887079111,female,75-84
person_years_exposure,county,16,9.90985749494015,3.7415885315360735,16.291822279411843,female,85+
person_years_exposure,county,16,3762.061001811926,3372.958174565654,4137.088004433609,female,18-64
person_years_exposure,county,16,726.5161541770976,613.533748648593,827.2693940928788,female,65+
mortality_rate,county,16,0.003080111749370705,0.000561143188967178,0.007605182519664997,female,0-17
mortality_rate,county,16,0.0010466269006754448,0.0,0.0028502653362838287,female,18-44
mortality_rate,county,16,0.00779421956150931,0.0021351652822451154,0.016861916370725448,female,45-64
mortality_rate,county,16,0.03279485180117402,0.009734802994258726,0.07560097406004349,female,65-74
mortality_rate,county,16,0.09361932725065408,0.02861806003023756,0.22652824222820273,female,75-84
mortality_rate,county,16,0.140837608224854,0.0,0.5944774312562746,female,85+
qualifying_event_rate,county,16,0.012152992541701537,0.00718385354415932,0.018231452847040582,female,0-17
qualifying_event_rate,county,16,0.027021536515154338,0.019398325157167134,0.03665694464005081,female,18-44
qualifying_event_rate,county,16,0.03277644513755784,0.02358761514372708,0.04452037814807772,female,45-64
qualifying_event_rate,county,16,0.042135769805052736,0.02632756859743733,0.06109800288229367,female,65-74
qualifying_event_rate,county,16,0.05763200919269535,0.02868207566984449,0.09256573526806477,female,75-84
qualifying_event_rate,county,16,0.04032657884499928,0.0,0.16186610956645492,female,85+
person_years_exposure,county,17,1120.9443420592913,930.0565518365129,1286.8389939988945,male,0-17
person_years_exposure,county,17,1501.9686278917216,1370.9000994997461,1643.5809073760695,male,18-44
person_years_exposure,county,17,1547.9783483942772,1406.6389735551409,1693.35120707874,male,45-64
person_years_exposure,county,17,410.1777168196513,357.3727916298957,461.6396480395942,male,65-74
person_years_exposure,county,17,134.45542449190216,97.90898207513754,165.04799598001586,male,75-84
person_years_exposure,county,17,7.990334018332354,1.8449397111286312,13.954472714499865,male,85+
person_years_exposure,county,17,3049.946976285999,2780.4278324542797,3334.0877370568933,male,18-64
person_years_exposure,county,17,552.6234753298858,465.9393015206205,632.8319270897304,male,65+
mortality_rate,county,17,0.059873192873316626,0.020431165063561768,0.134514043515779,male,0-17
mortality_rate,county,17,0.0009837349696005216,0.0,0.0028437029958982107,male,18-44
mortality_rate,county,17,0.007350186583231195,0.001843536994788502,0.01672137333302633,male,45-64
mortality_rate,county,17,0.03549337534841282,0.009699359606906093,0.0835011333991777,male,65-74
mortality_rate,county,17,0.09440331641622386,0.026991864785985392,0.23146138716029396,male,75-84
mortality_rate,county,17,0.14839633042756045,0.0,0.7931913157074584,male,85+
qualifying_event_rate,county,17,0.00982388977663118,0.004649251648887725,0.015852814687943965,male,0-17
qualifying_event_rate,county,17,0.025561275382544345,0.017267577978470654,0.03522884293497145,male,18-44
qualifying_event_rate,county,17,0.030670042994624305,0.021397713536221434,0.04170855434435423,male,45-64
qualifying_event_rate,county,17,0.04432692544497729,0.026726336059111632,0.06530061596825674,male,65-74
qualifying_event_rate,county,17,0.05309358114893664,0.02412457606280684,0.08881081820715356,male,75-84
qualifying_event_rate,county,17,0.05096462602795878,0.0,0.20324015548996185,male,85+
person_years_exposure,county,17,1380.9859442490133,1250.4015100920685,1515.314608274008,female,0-17
person_years_exposure,county,17,1460.875637258854,1333.7038964524997,1597.6449508789535,female,18-44
person_years_exposure,county,17,1713.732424391432,1561.649536468407,1877.3169891720943,female,45-64
person_years_exposure,county,17,398.74274646630295,347.65130041654197,447.357945009016,female,65-74
person_years_exposure,county,17,138.68454067321028,102.09454433954599,169.15702577129235,female,75-84
person_years_exposure,county,17,15.42699019548837,7.243013831598895,23.09917792333164,female,85+
person_years_exposure,county,17,3174.608061650286,2900.2221253123926,3472.5493719958117,female,18-64
person_years_exposure,county,17,552.8542773350016,463.6607551526721,632.3531617981502,female,65+
mortality_rate,county,17,0.011210075740248477,0.0032426872703414543,0.024565681787940385,female,0-17
mortality_rate,county,17,0.0010759145430744802,0.0,0.0029997814942335278,female,18-44
mortality_rate,county,17,0.007671543392148081,0.0018722541890785196,0.017232749468700553,female,45-64
mortality_rate,county,17,0.03497332188138527,0.009744436369564978,0.08127582916559582,female,65-74
mortality_rate,county,17,0.09360016640599172,0.025877201880236116,0.22564246402977178,female,75-84
mortality_rate,county,17,0.1404725626008974,0.0,0.4678199310622417,female,85+
qualifying_event_rate,county,17,0.007867383545064464,0.003843601114132961,0.012466110620755087,female,0-17
qualifying_event_rate,county,17,0.028379741090359786,0.01961186173391444,0.03916398713626929,female,18-44
qualifying_event_rate,county,17,0.033352765011753466,0.023702423450185094,0.04519430455672242,female,45-64
qualifying_event_rate,county,17,0.04674964546773564,0.02839053001208452,0.06771334075591497,female,65-74
qualifying_event_rate,county,17,0.05761041155075533,0.026959694637903372,0.09513599065825479,female,75-84
qualifying_event_rate,county,17,0.03949788242311827,0.0,0.1373045981131044,female,85+
person_years_exposure,state,0,16160.80661998195,14893.842218179647,17311.80224295164,male,0-17
person_years_exposure,state,0,19504.09710459625,17990.429082730418,20866.182421773006,male,18-44
person_years_exposure,state,0,17049.532890808066,15685.570386204503,18282.705723358857,male,45-64
person_years_exposure,state,0,4930.313033614143,4326.618266880087,5437.072989572985,male,65-74
person_years_exposure,state,0,1698.2768734701722,1267.7295113922246,2026.8151636907555,male,75-84
person_years_exposure,state,0,208.77167307516817,107.6477429577774,289.8234553805738,male,85+
person_years_exposure,state,0,36553.62999540432,33690.83124963543,39158.2502295339,male,18-64
person_years_exposure,state,0,6837.361580159483,5738.965641727113,7719.637676820749,male,65+
mortality_rate,state,0,0.0009394110691373991,0.0002474551991416784,0.0019765380431055494,male,0-17
mortality_rate,state,0,0.0009198538067431033,0.0002581634856379014,0.0020164023905603723,male,18-44
mortality_rate,state,0,0.007274072084218964,0.0025229927763214402,0.015223729774399404,male,45-64
mortality_rate,state,0,0.039601155630249255,0.01417669451995152,0.08585946411724164,male,65-74
mortality_rate,state,0,0.10435542822414837,0.03851538687003374,0.24223187407716576,male,75-84
mortality_rate,state,0,0.15789753120014255,0.05683041232390992,0.42333767278189477,male,85+
qualifying_event_rate,state,0,0.017902258730608654,0.013712336185287523,0.02333126478620656,male,0-17
qualifying_event_rate,state,0,0.034660986682674456,0.02744926657951108,0.04452551459212102,male,18-44
qualifying_event_rate,state,0,0.045633782048551765,0.03636288431674743,0.05807942853756481,male,45-64
qualifying_event_rate,state,0,0.07135609324178939,0.056639519774825724,0.0904979875082724,male,65-74
qualifying_event_rate,state,0,0.0643372101172662,0.04955519078360433,0.08517700721594743,male,75-84
qualifying_event_rate,state,0,0.057368433938717704,0.030868358827133496,0.09625124646251752,male,85+
person_years_exposure,state,0,16638.058161894565,15314.791335869713,17824.785218168316,female,0-17
person_years_exposure,state,0,20001.26852547692,18459.53872840915,21400.38571930574,female,18-44
person_years_exposure,state,0,17250.745064881263,15840.582547311717,18498.82741709549,female,45-64
person_years_exposure,state,0,4492.399875259229,3981.9821054257045,4926.37007922365,female,65-74
person_years_exposure,state,0,1634.4772639563641,1198.9882391124456,1962.1227939958621,female,75-84
person_years_exposure,state,0,215.40002647315893,114.46707161242358,301.16033957331507,female,85+
person_years_exposure,state,0,37252.01359035818,34322.51140681942,39896.45757957306,female,18-64
person_years_exposure,state,0,6342.277165688752,5327.289320184129,7147.476569747787,female,65+
mortality_rate,state,0,0.002699946986775335,0.0009061210510821967,0.005623687459607719,female,0-17
mortality_rate,state,0,0.0010336014346998552,0.00030023463141941515,0.002225126226844256,female,18-44
mortality_rate,state,0,0.007437999615301437,0.0025433426772616032,0.015247071321682095,female,45-64
mortality_rate,state,0,0.03489965441154167,0.012740962981737,0.07486586659312318,female,65-74
mortality_rate,state,0,0.11246626732376311,0.04196949603094228,0.262351048582591,female,75-84
mortality_rate,state,0,0.15803385358558497,0.05882599748790325,0.4060082278350891,female,85+
qualifying_event_rate,state,0,0.017835116113391457,0.01369309671228145,0.02332895662791162,female,0-17
qualifying_event_rate,state,0,0.03451507157980566,0.02729193277134664,0.04411587298403081,female,18-44
qualifying_event_rate,state,0,0.043809418917564985,0.034708045835226284,0.05572416836193874,female,45-64
qualifying_event_rate,state,0,0.0659117173373481,0.05206697531364672,0.08416932422438314,female,65-74
qualifying_event_rate,state,0,0.06826251555902169,0.05231641177390328,0.0910831472371985,female,75-84
qualifying_event_rate,state,0,0.049139576610101814,0.025790253032557546,0.08045931077347454,female,85+
person_years_exposure,state,1,3650.482354412721,3255.664955503056,4035.7827582533077,male,0-17
person_years_exposure,state,1,4311.005344115069,3982.6347215850406,4670.326109162511,male,18-44
person_years_exposure,state,1,4347.968852083502,4015.9062197468456,4705.024022779994,male,45-64
person_years_exposure,state,1,1207.760772527432,1073.2178178905267,1341.4995357299256,male,65-74
person_years_exposure,state,1,372.6177408895309,276.3836430448366,447.87249306584886,male,75-84
person_years_exposure,state,1,29.617116025564243,15.314796318950602,42.5532977821565,male,85+
person_years_exposure,state,1,8658.974196198571,8002.651409495414,9367.184323051175,male,18-64
person_years_exposure,state,1,1609.9956294425272,1368.8139013728292,1819.1779899351695,male,65+
mortality_rate,state,1,0.031115170925000917,0.011054172339357082,0.06794225732403868,male,0-17
mortality_rate,state,1,0.001024358652449429,0.0,0.0025277024448254392,male,18-44
mortality_rate,state,1,0.007003988767170487,0.0021340181307907234,0.014893591399520416,male,45-64
mortality_rate,state,1,0.03471347054551115,0.011761787949525506,0.07655771347286146,male,65-74
mortality_rate,state,1,0.09909333415628145,0.03451275380525987,0.230195953338596,male,75-84
mortality_rate,state,1,0.15038805356164467,0.033992163733199625,0.41361232903800044,male,85+
qualifying_event_rate,state,1,0.027553614730780326,0.02054025831849611,0.036717065340845255,male,0-17
qualifying_event_rate,state,1,0.036800571623987616,0.028319030569381502,0.04849579825964223,male,18-44
qualifying_event_rate,state,1,0.044807344233551254,0.034880179214584243,0.058156829120063876,male,45-64
qualifying_event_rate,state,1,0.07021853596875025,0.053850531086914885,0.09168230409591732,male,65-74
qualifying_event_rate,state,1,0.06062460799441745,0.039300540484811894,0.08589705254665067,male,75-84
qualifying_event_rate,state,1,0.05142872835233063,0.0,0.12592412620936105,male,85+
person_years_exposure,state,1,3725.7252198256524,3388.308385085148,4078.578513334189,female,0-17
person_years_exposure,state,1,4444.484325405557,4092.7736319759206,4818.654796978013,female,18-44
person_years_exposure,state,1,4195.797908066304,3868.830438043146,4542.740213870415,female,45-64
person_years_exposure,state,1,1222.8703742679668,1079.6499089596798,1352.79801365284,female,65-74
person_years_exposure,state,1,442.9807917078766,333.26498948064557,527.4511194827652,female,75-84
person_years_exposure,state,1,65.43825475412947,35.890703126049914,91.53766883387136,female,85+
person_years_exposure,state,1,8640.282233471862,7978.364814546319,9360.931961088092,female,18-64
person_years_exposure,state,1,1731.2894207299728,1451.5681233992598,1957.852656649811,female,65+
mortality_rate,state,1,0.01990580889436085,0.007042247845634289,0.04277086403300334,female,0-17
mortality_rate,state,1,0.0010756617345733935,0.00021060542434731932,0.002538716278778944,female,18-44
mortality_rate,state,1,0.007390090013424928,0.0024109337784223783,0.015966344545477695,female,45-64
mortality_rate,state,1,0.03459388840200407,0.011589457678721554,0.07704874374604902,female,65-74
mortality_rate,state,1,0.0962033829100204,0.03318049211736693,0.23273232835227367,female,75-84
mortality_rate,state,1,0.1336180800211487,0.04223226682773971,0.34594503634485924,female,85+
qualifying_event_rate,state,1,0.03062899909197815,0.023036635582106484,0.04073278448460158,female,0-17
qualifying_event_rate,state,1,0.038783370824602474,0.029833782900337565,0.05068427207197883,female,18-44
qualifying_event_rate,state,1,0.03761971620679059,0.02879182161970508,0.04925837823031327,female,45-64
qualifying_event_rate,state,1,0.07272421189274773,0.054983618547934585,0.09548839783628016,female,65-74
qualifying_event_rate,state,1,0.07344675069082973,0.05029996370459184,0.10456986752463554,female,75-84
qualifying_event_rate,state,1,0.04451298048704548,0.010101365207613852,0.09195165469451926,female,85+
person_years_exposure,state,2,5123.898412101079,4784.291279629207,5897.633213390786,male,0-17
person_years_exposure,state,2,5813.316328109919,5474.232449710337,6690.2468241725155,male,18-44
person_years_exposure,state,2,5262.1871968971545,4942.278735140514,6057.647650092007,male,45-64
person_years_exposure,state,2,1432.7284962467609,1260.9489362813308,1660.4699416663905,male,65-74
person_years_exposure,state,2,476.90879772184036,349.92274538479313,585.651827999525,male,75-84
person_years_exposure,state,2,78.15029389573108,43.82299221758893,107.35079547041862,male,85+
person_years_exposure,state,2,11075.503525007072,10430.367857633253,12743.807019416092,male,18-64
person_years_exposure,state,2,1987.7875878643322,1667.8415832906837,2337.7169963747574,male,65+
mortality_rate,state,2,0.009258945185019043,0.0031691117608628003,0.020048575074878318,male,0-17
mortality_rate,state,2,0.0010007835055556942,0.00017482213753088958,0.0023193268559030976,male,18-44
mortality_rate,state,2,0.007036307490036192,0.0023691517236454863,0.015051556871982223,male,45-64
mortality_rate,state,2,0.03764488971735771,0.012727761079536527,0.08283254439887959,male,65-74
mortality_rate,state,2,0.10542148432720944,0.038127774319047125,0.25138311607962127,male,75-84
mortality_rate,state,2,0.13826175350374403,0.04428287993000685,0.3555007385879121,male,85+
qualifying_event_rate,state,2,0.02140494385163396,0.015741211117563655,0.028323422612290122,male,0-17
qualifying_event_rate,state,2,0.03629385754318819,0.027990959357474067,0.04700578444321783,male,18-44
qualifying_event_rate,state,2,0.04360422856422652,0.0337506354019878,0.056352993587221234,male,45-64
qualifying_event_rate,state,2,0.051767238393803414,0.037989759696487414,0.0683877849231602,male,65-74
qualifying_event_rate,state,2,0.07486119158675493,0.05130253810177434,0.10427104330219109,male,75-84
qualifying_event_rate,state,2,0.05109742769203529,0.014663059019381579,0.09535153538021572,male,85+
person_years_exposure,state,2,5139.645203410481,4718.0300901569735,5913.183039697882,female,0-17
person_years_exposure,state,2,6185.544409718531,5864.781626016738,7113.3412596153685,female,18-44
person_years_exposure,state,2,5688.389947009214,5360.967786356149,6543.749267782729,female,45-64
person_years_exposure,state,2,1459.0199801913805,1293.8384596934452,1689.6895606676026,female,65-74
person_years_exposure,state,2,574.2852482847044,419.5007536473599,700.1314582453903,female,75-84
person_years_exposure,state,2,89.99366294664514,48.91820289306142,126.66003659584668,female,85+
person_years_exposure,state,2,11873.934356727745,11237.201115167134,13656.711958764203,female,18-64
person_years_exposure,state,2,2123.29889142273,1770.9218445219947,2495.863698275001,female,65+
mortality_rate,state,2,0.01860156975165517,0.006435411433645353,0.04009990515880032,female,0-17
mortality_rate,state,2,0.0010196562320917847,0.0001669548097695781,0.0023929864991503033,female,18-44
mortality_rate,state,2,0.007420112982223023,0.0025442015463547282,0.0158902566377392,female,45-64
mortality_rate,state,2,0.03613062074035488,0.012970889535420173,0.07997804489424189,female,65-74
mortality_rate,state,2,0.09942248418476758,0.035899534600991684,0.23887319157524725,female,75-84
mortality_rate,state,2,0.14594865631342702,0.04890121854641021,0.367318915182343,female,85+
qualifying_event_rate,state,2,0.028217099267866995,0.021388721411211314,0.03726250561353811,female,0-17
qualifying_event_rate,state,2,0.036348530432583376,0.028159005245086816,0.046968962869304215,female,18-44
qualifying_event_rate,state,2,0.04424033027699048,0.034278201234589877,0.056820267934740674,female,45-64
qualifying_event_rate,state,2,0.06583556227911411,0.05012167383551338,0.08478130736762228,female,65-74
qualifying_event_rate,state,2,0.06725280897256819,0.04676651564224434,0.094828886271732,female,75-84
qualifying_event_rate,state,2,0.05411101149447815,0.017512605459821834,0.09966150957140359,female,85+
person_years_exposure,state,3,3804.8194242906707,3167.687204163484,4366.7710002565545,male,0-17
person_years_exposure,state,3,4797.082438330341,4381.597955836248,5246.403333010667,male,18-44
person_years_exposure,state,3,5282.700422093155,4804.703020915565,5775.782897052861,male,45-64
person_years_exposure,state,3,1633.912455037966,1437.2111766648143,1831.582616706406,male,65-74
person_years_exposure,state,3,533.5403604564611,395.41045208979983,644.4157921078889,male,75-84
person_years_exposure,state,3,60.05984078131637,32.375048308191104,85.53442341630718,male,85+
person_years_exposure,state,3,10079.782860423496,9201.147106719956,11021.852639531304,male,18-64
person_years_exposure,state,3,2227.5126562757437,1882.812177381927,2545.6761786952693,male,65+
mortality_rate,state,3,0.059988509007813724,0.021631878885677927,0.1324288182208243,male,0-17
mortality_rate,state,3,0.0010258106882175563,0.0001934467373494094,0.0024112499686208973,male,18-44
mortality_rate,state,3,0.0074234420237976675,0.0024123506164301927,0.015602607514575921,male,45-64
mortality_rate,state,3,0.0359006678943322,0.012338081082095522,0.0796816374814072,male,65-74
mortality_rate,state,3,0.0972917343265824,0.03428596621473561,0.22800212032291448,male,75-84
mortality_rate,state,3,0.15383369784778994,0.04859769362673183,0.39342767536937023,male,85+
qualifying_event_rate,state,3,0.010240605860257736,0.006886046653902339,0.014546768428885479,male,0-17
qualifying_event_rate,state,3,0.026573613690299647,0.020138206819164377,0.035163709095096495,male,18-44
qualifying_event_rate,state,3,0.031713461195546806,0.02400051178442033,0.0415023010298173,male,45-64
qualifying_event_rate,state,3,0.04759006400813788,0.03469178400308665,0.06397614251819884,male,65-74
qualifying_event_rate,state,3,0.05637317578803986,0.0382233781836256,0.07976629077675063,male,75-84
qualifying_event_rate,state,3,0.04863468490897831,0.009426377954935295,0.09876601884626271,male,85+
person_years_exposure,state,3,4489.775726165771,4080.228728148952,4919.787836415612,female,0-17
person_years_exposure,state,3,4727.227022840068,4317.98852873663,5170.393643231635,female,18-44
person_years_exposure,state,3,5326.723622527372,4860.689740260384,5828.15363516402,female,45-64
person_years_exposure,state,3,1639.8050940585354,1437.7196003174665,1833.5092661117242,female,65-74
person_years_exposure,state,3,573.2773597414608,435.00605710256445,688.8117002655055,female,75-84
person_years_exposure,state,3,66.3599455245038,37.50002414161298,92.82590321448336,female,85+
person_years_exposure,state,3,10053.95064536744,9189.612852316526,11005.16261426573,female,18-64
person_years_exposure,state,3,2279.4423993245,1926.2541250880029,2609.0078379535507,female,65+
mortality_rate,state,3,0.011080079127913048,0.003790505566647595,0.023465758989323918,female,0-17
mortality_rate,state,3,0.0010494392327744652,0.00019297186282796162,0.0024519429905002555,female,18-44
mortality_rate,state,3,0.007638189311236586,0.0024618138635704107,0.0161550556655394,female,45-64
mortality_rate,state,3,0.03551029566359685,0.012247644447430686,0.07754168609625496,female,65-74
mortality_rate,state,3,0.09069801499870847,0.03147247588469828,0.20809023100177435,female,75-84
mortality_rate,state,3,0.16040265859718392,0.05750557006668941,0.4038548860027424,female,85+
qualifying_event_rate,state,3,0.008275964954318987,0.005438114071367673,0.011764698460317812,female,0-17
qualifying_event_rate,state,3,0.029443004546890562,0.022574249617761544,0.038671446378767994,female,18-44
qualifying_event_rate,state,3,0.034688925764995514,0.026515699937558024,0.045285918151937145,female,45-64
qualifying_event_rate,state,3,0.050337745147332975,0.03760893687821135,0.06648851032576773,female,65-74
qualifying_event_rate,state,3,0.06184926641594106,0.04287341968951509,0.085638838736887,female,75-84
qualifying_event_rate,state,3,0.048214775526495474,0.011175598975937609,0.09690485042343587,female,85+
person_years_exposure,state,4,3680.7717171780487,3242.652157211898,4107.990519043691,male,0-17
person_years_exposure,state,4,4342.372422575231,3900.820951555708,4774.616916132272,male,18-44
person_years_exposure,state,4,4592.949004089027,4126.5434041736025,5035.626205671747,male,45-64
person_years_exposure,state,4,1320.9001097486844,1155.621992482186,1479.5147597050075,male,65-74
person_years_exposure,state,4,494.07758580213186,360.679770335518,605.2831391750207,male,75-84
person_years_exposure,state,4,82.17999525069006,42.30656815025418,116.63308089243394,male,85+
person_years_exposure,state,4,8935.321426664257,8031.079440131265,9804.069465590468,male,18-64
person_years_exposure,state,4,1897.1576908015063,1579.842653623245,2187.635882936118,male,65+
mortality_rate,state,4,0.02785206411071512,0.009931688227666578,0.05987180541030923,male,0-17
mortality_rate,state,4,0.0009814263575929308,0.0,0.002422086892660067,male,18-44
mortality_rate,state,4,0.0071489931432436055,0.002294675914455417,0.015599532748628178,male,45-64
mortality_rate,state,4,0.034760707012482676,0.011500786379497072,0.0779448993617138,male,65-74
mortality_rate,state,4,0.10447567531544515,0.03714848600932396,0.24385589191930596,male,75-84
mortality_rate,state,4,0.1489193171922379,0.04695358147271323,0.4149596562040186,male,85+
qualifying_event_rate,state,4,0.016610551573237518,0.011682183247873039,0.022832531090119474,male,0-17
qualifying_event_rate,state,4,0.027190422010588633,0.020103361099636664,0.03660545350731392,male,18-44
qualifying_event_rate,state,4,0.03608686206616704,0.027614201530711403,0.04718628841256445,male,45-64
qualifying_event_rate,state,4,0.05107588552188626,0.0370210496010243,0.06843948853509002,male,65-74
qualifying_event_rate,state,4,0.06099885906408215,0.041294829018258025,0.0867183735534715,male,75-84
qualifying_event_rate,state,4,0.06530724393764108,0.023321591029377763,0.11781845569297451,male,85+
person_years_exposure,state,4,3913.018546873232,3502.5825412751938,4297.856285361337,female,0-17
person_years_exposure,state,4,4698.322104911391,4213.444363447175,5166.798097078606,female,18-44
person_years_exposure,state,4,4219.860889040396,3788.524488178425,4639.040708065528,female,45-64
person_years_exposure,state,4,1284.8504479974536,1127.0125313549268,1433.3812130380115,female,65-74
person_years_exposure,state,4,401.334795793501,295.2991596524529,486.957243417531,female,75-84
person_years_exposure,state,4,63.36463328669791,34.25772713841918,91.67453990911014,female,85+
person_years_exposure,state,4,8918.182993951787,8006.892035911034,9790.581799105592,female,18-64
person_years_exposure,state,4,1749.5498770776524,1476.8745621413034,1999.3998292688198,female,65+
mortality_rate,state,4,0.003058200908493594,0.0007497495230623809,0.007072051160162425,female,0-17
mortality_rate,state,4,0.0010389526074374106,0.00019702500588327407,0.0025275490385755013,female,18-44
mortality_rate,state,4,0.007601817719764866,0.0024649657823791835,0.01613397539022495,female,45-64
mortality_rate,state,4,0.03213023718560814,0.010689730296622816,0.07262408217285528,female,65-74
mortality_rate,state,4,0.10098401501664829,0.034414618369395446,0.24241938922610023,female,75-84
mortality_rate,state,4,0.14412768188976002,0.041736305951049706,0.39827541573033876,female,85+
qualifying_event_rate,state,4,0.01242259976510783,0.008493877792181546,0.017357376640763294,female,0-17
qualifying_event_rate,state,4,0.027706155299106455,0.020987637708057477,0.03705424800375477,female,18-44
qualifying_event_rate,state,4,0.0335069176373142,0.02538485015803389,0.04434912405389052,female,45-64
qualifying_event_rate,state,4,0.04305601029603089,0.030871698337978058,0.05805909911407842,female,65-74
qualifying_event_rate,state,4,0.06079771911922017,0.03867089888345248,0.08871774958529487,female,75-84
qualifying_event_rate,state,4,0.046623111446908186,0.0,0.09606040688717991,female,85+
person_years_exposure,state,5,6295.55892931703,5584.924212082068,6856.5950137045675,male,0-17
person_years_exposure,state,5,7817.308935425774,7309.864513809982,8275.224327680746,male,18-44
person_years_exposure,state,5,8045.692362013247,7512.4709826126455,8524.30882966386,male,45-64
person_years_exposure,state,5,2525.9925509013865,2256.7769165485383,2733.6869577238685,male,65-74
person_years_exposure,state,5,799.4541988041459,594.2101029219291,948.1509423665428,male,75-84
person_years_exposure,state,5,80.87191649041424,43.65617605221677,113.72797813049517,male,85+
person_years_exposure,state,5,15863.00129743902,14833.54877205365,16794.45252292577,male,18-64
person_years_exposure,state,5,3406.3186661959467,2915.5665430383237,3785.660669366489,male,65+
mortality_rate,state,5,0.03703922886327435,0.013114335131441937,0.08173243996952831,male,0-17
mortality_rate,state,5,0.001511627690665642,0.0003772413111213195,0.0033733339155216893,male,18-44
mortality_rate,state,5,0.007632724049536329,0.0024511258577932242,0.016269258779235928,male,45-64
mortality_rate,state,5,0.035731791824676805,0.012430242353897687,0.07867813976065043,male,65-74
mortality_rate,state,5,0.09802709790807446,0.03450214562584553,0.23065945184540176,male,75-84
mortality_rate,state,5,0.15123694726507678,0.05097243900277442,0.3793596257372366,male,85+
qualifying_event_rate,state,5,0.027895484146669116,0.021237268078835237,0.03688572361245625,male,0-17
qualifying_event_rate,state,5,0.03323883022695893,0.025874532020624133,0.0430797200699162,male,18-44
qualifying_event_rate,state,5,0.047322245939245916,0.0372750491727403,0.06076706148520556,male,45-64
qualifying_event_rate,state,5,0.068004478237785,0.053184981598217405,0.0875344479938163,male,65-74
qualifying_event_rate,state,5,0.06529321703313078,0.04753955575700808,0.08837668723047623,male,75-84
qualifying_event_rate,state,5,0.04505307705431862,0.0115656677493484,0.08684337222802664,male,85+
person_years_exposure,state,5,6601.460080500141,6162.311739798043,7004.007350666308,female,0-17
person_years_exposure,state,5,7788.849192715699,7293.376012379488,8237.511079782518,female,18-44
person_years_exposure,state,5,8283.425496096103,7747.714255533309,8778.847090672538,female,45-64
person_years_exposure,state,5,2536.5449553030494,2256.5770334601516,2764.0450466830202,female,65-74
person_years_exposure,state,5,864.3261699395383,640.1320349995787,1027.7929393655859,female,75-84
person_years_exposure,state,5,109.8508191350475,59.1844550818597,154.73277313291965,female,85+
person_years_exposure,state,5,16072.274688811802,15043.724177725744,17005.96492206896,female,18-64
person_years_exposure,state,5,3510.7219443776353,2962.6168897578564,3922.757490070218,female,65+
mortality_rate,state,5,0.008086347096257574,0.002692396992590662,0.01721557469377318,female,0-17
mortality_rate,state,5,0.0010888507391709863,0.00025709231619707975,0.002450731967119349,female,18-44
mortality_rate,state,5,0.007713404691577398,0.0025511395941861456,0.016206549110594416,female,45-64
mortality_rate,state,5,0.036668319520064996,0.012714135454766328,0.08075545018510087,female,65-74
mortality_rate,state,5,0.10308407788929294,0.03657749933039219,0.24009930999380605,female,75-84
mortality_rate,state,5,0.13723334809508478,0.045471917721729205,0.35052947253329236,female,85+
qualifying_event_rate,state,5,0.030396271773061326,0.023393433944351366,0.039568270140281796,female,0-17
qualifying_event_rate,state,5,0.037453280037606965,0.02915058204952577,0.04849775989135187,female,18-44
qualifying_event_rate,state,5,0.046296215733456075,0.03679745117254688,0.05924773163086879,female,45-64
qualifying_event_rate,state,5,0.06836166243530628,0.05360179734507202,0.08811685056510406,female,65-74
qualifying_event_rate,state,5,0.06506527586498666,0.04777042314542276,0.08693231779980987,female,75-84
qualifying_event_rate,state,5,0.06340245271879343,0.02745643062218175,0.10759689737348092,female,85+
persons,nation,0,71522.08266617652,56489.10177709264,86555.06355526038,,
persons,state,0,27675.563963986016,19091.017591448417,36260.11033652362,,
persons,state,1,6945.320679516823,4790.985991954803,9099.655367078843,,
persons,state,2,9723.448951323553,6707.380388736724,12739.517513910383,,
persons,state,3,7701.4105030095025,5312.548050809227,10090.272955209779,,
persons,state,4,7001.525586749907,4829.7569768607955,9173.29419663902,,
persons,state,5,12474.812981590718,8605.312411753886,16344.313551427551,,
persons,county,0,22386.9498357682,16074.13410828089,28699.765563255507,,
persons,county,1,2327.150801865078,1670.9258900293182,2983.375713700838,,
persons,county,2,6186.554431870188,4442.030126282656,7931.078737457719,,
persons,county,3,2858.420996425421,2052.385107017035,3664.456885833807,,
persons,county,4,4110.987500477009,2951.7448730132633,5270.230127940755,,
persons,county,5,2824.965694500966,2028.3637457457683,3621.567643256164,,
persons,county,6,3536.894519453365,2539.5383135983257,4534.250725308404,,
persons,county,7,1790.5277589968225,1285.6232552381987,2295.432262755446,,
persons,county,8,2819.6128461930534,2024.5203279423656,3614.7053644437415,,
persons,county,9,1373.0055909796263,985.8366665727892,1760.1745153864633,,
persons,county,10,5288.61412821782,3797.2967897618546,6779.931466673785,,
persons,county,11,1191.0087485105919,855.1604612570978,1526.857035764086,,
persons,county,12,2009.9945396212463,1443.203385177709,2576.7856940647835,,
persons,county,13,4618.169877651745,3315.9087098856685,5920.431045417822,,
persons,county,14,2565.3525515671963,1841.9579822807377,3288.747120853655,,
persons,county,15,465.69780278841125,334.37734889603377,597.0182566807887,,
persons,county,16,2890.5380862728975,2075.445613837451,3705.630558708344,,
persons,county,17,2277.6369550168847,1635.3742753478432,2919.8996346859262,,
households,nation,0,27398.40075941936,25929.590636836932,28867.21088200179,,
households,state,0,10188.040720859351,8334.97706656041,12041.104375158293,,
households,state,1,2712.5658419288025,2219.1876439717093,3205.9440398858956,,
households,state,2,3682.5522188939526,3012.746918850481,4352.357518937424,,
households,state,3,3056.412216257805,2500.4931199681228,3612.3313125474874,,
households,state,4,2683.9119774013852,2195.745520972008,3172.0784338307626,,
households,state,5,5074.917784078064,4151.860451280404,5997.975116875724,,
households,county,0,7903.160338358291,6596.364407149558,9209.956269567023,,
households,county,1,824.5945458445537,688.2469644628986,960.9421272262089,,
households,county,2,2394.189569401947,1998.3077887108097,2790.0713500930847,,
households,county,3,1094.153123250624,913.2337456386725,1275.0725008625757,,
households,county,4,1510.1647860190476,1260.4574394217566,1759.8721326163386,,
households,county,5,1176.9309541076063,982.3241745036739,1371.5377337115387,,
households,county,6,1288.3626494920054,1075.3305210527142,1501.3947779312966,,
households,county,7,635.6912908119533,530.5790626940493,740.8035189298573,,
households,county,8,1223.6261407448783,1021.298262581367,1425.9540189083896,,
households,county,9,566.7097650978013,473.00370530654806,660.4158248890546,,
households,county,10,2284.880382501061,1907.0729916198468,2662.687773382275,,
households,county,11,477.5644087902821,398.5986280673158,556.5301895132483,,
households,county,12,808.675732218211,674.9603435273215,942.3911209091006,,
households,county,13,1887.9712960842487,1575.7932429594555,2200.149349209042,,
households,county,14,1034.7228857122777,863.6303608125176,1205.815410612038,,
households,county,15,185.7194923073319,155.0105775817339,216.4284070329299,,
households,county,16,1173.7471913823379,979.6668503165586,1367.8275324481172,,
households,county,17,927.5362072949034,774.1671131796312,1080.9053014101758,,
children_under_16,nation,0,16010.752698365572,12888.803711201352,19132.70168552979,,
children_under_16,state,0,6338.428268244382,4074.471808331522,8602.384728157242,,
children_under_16,state,1,1491.897184769607,959.0221365645594,2024.7722329746548,,
children_under_16,state,2,2270.172249269206,1459.313324731517,3081.0311738068954,,
children_under_16,state,3,1663.8984137577631,1069.5880574603918,2258.208770055134,,
children_under_16,state,4,1565.0891971049925,1006.0714646053391,2124.1069296046458,,
children_under_16,state,5,2681.2673852196203,1723.573717227229,3638.9610532120114,,
children_under_16,county,0,5196.632875812368,3509.2414349787227,6884.024316646014,,
children_under_16,county,1,506.24475198641613,341.8627219521525,670.6267820206797,,
children_under_16,county,2,1465.060113579966,989.342479673579,1940.7777474863528,,
children_under_16,county,3,607.4937023836994,410.2352663425831,804.7521384248157,,
children_under_16,county,4,900.2617517252412,607.9390091582858,1192.5844942921967,,
children_under_16,county,5,566.018228726981,382.22723611035855,749.8092213436034,,
children_under_16,county,6,805.1121356892402,543.6852927431825,1066.538978635298,,
children_under_16,county,7,383.0381978885173,258.6623968505444,507.4139989264902,,
children_under_16,county,8,637.9903741901101,430.8294062192188,845.1513421610013,,
children_under_16,county,9,312.2859192976446,210.88399233674951,413.68784625853976,,
children_under_16,county,10,1141.7953924320134,771.0445969812406,1512.5461878827862,,
children_under_16,county,11,254.95217630159271,172.16700936867443,337.737343234511,,
children_under_16,county,12,413.5348696949279,279.25653672718005,547.8132026626757,,
children_under_16,county,13,985.652432783191,665.6026008128657,1305.7022647535161,,
children_under_16,county,14,552.5996931321603,373.1658145646388,732.0335716996817,,
children_under_16,county,15,113.44761911984747,76.61020034108479,150.28503789861017,,
children_under_16,county,16,664.8274453797513,448.9522493106582,880.7026414488445,,
children_under_16,county,17,503.80501824190327,340.2151907620217,667.3948457217848,,
elders_65_plus,nation,0,6698.216437442748,6055.487534123291,7340.945340762206,,
elders_65_plus,state,0,2413.939202716549,1648.561671205732,3179.316734227366,,
elders_65_plus,state,1,652.977663806878,445.9407873628555,860.0145402509006,,
elders_65_plus,state,2,856.4179409728399,584.8771130738958,1127.958768871784,,
elders_65_plus,state,3,824.6987579738459,563.2149977748627,1086.182518172829,,
elders_65_plus,state,4,702.1970857018688,479.5544145510104,924.8397568527272,,
elders_65_plus,state,5,1247.9857862707665,852.2921915929949,1643.6793809485382,,
elders_65_plus,county,0,1930.4951032146394,1374.0460596274613,2486.944146801817,,
elders_65_plus,county,1,210.00286675196077,149.47129940423375,270.53443409968776,,
elders_65_plus,county,2,541.4136408448989,385.35569377654014,697.4715879132575,,
elders_65_plus,county,3,295.3165313699448,210.1940147872037,380.43904795268594,,
elders_65_plus,county,4,426.5683230899203,303.6135769148498,549.5230692649908,,
elders_65_plus,county,5,287.6601768529462,204.74454032975765,370.57581337613476,,
elders_65_plus,county,6,315.0043001279411,224.2069491063506,405.8016511495316,,
elders_65_plus,county,7,165.15850458096912,117.55294901062132,212.76406015131693,,
elders_65_plus,county,8,289.84770671494584,206.30153303188513,373.39388039800656,,
elders_65_plus,county,9,148.75203061597222,105.87550374466558,191.62855748727884,,
elders_65_plus,county,10,483.44409950190965,344.09538717016306,622.7928118336562,,
elders_65_plus,county,11,118.12661254797791,84.07760591488147,152.17561918107435,,
elders_65_plus,county,12,192.50262785596402,137.01535778721427,247.98989792471377,,
elders_65_plus,county,13,442.97479705491725,315.29102218080556,570.6585719290289,,
elders_65_plus,county,14,339.0671286099366,241.3338688297524,436.8003883901209,,
elders_65_plus,county,15,45.93812710199141,32.69684674467613,59.179407459306695,,
elders_65_plus,county,16,275.6287626119485,196.1810804680568,355.0764447558402,,
elders_65_plus,county,17,190.31509799396446,135.45836508508685,245.17183090284206,,
