estimand,level,unit,sex,age_band,estimate,lower,upper
children_under_16,county,0,,,3214.406906504583,3150.118768374491,3278.6950446346746
children_under_16,county,1,,,219.78050077796536,215.38489076240606,224.17611079352466
children_under_16,county,2,,,1247.651515760818,1222.6984854456016,1272.6045460760345
children_under_16,county,3,,,662.0281726071241,648.7876091549816,675.2687360592666
children_under_16,county,4,,,452.86879471754764,443.8114188231967,461.9261706118986
children_under_16,county,5,,,395.8821578355141,387.9645146788038,403.79980099222433
children_under_16,county,6,,,418.1137787402204,409.751503165416,426.47605431502484
children_under_16,county,7,,,424.5120395742418,416.02179878275695,433.0022803657266
children_under_16,county,8,,,587.4061942945905,575.6580704086987,599.1543181804823
children_under_16,county,9,,,228.05181660848814,223.4907802763184,232.6128529406579
children_under_16,county,10,,,1964.761075436509,1925.4658539277787,2004.0562969452392
children_under_16,county,11,,,260.63064755255783,255.41803460150666,265.843260503609
children_under_16,county,12,,,259.64341025122235,254.4505420461979,264.8362784562468
children_under_16,county,13,,,1025.6423369638383,1005.1294902245616,1046.155183703115
children_under_16,county,14,,,509.4919008622226,499.3020628449782,519.681738879467
children_under_16,county,15,,,31.591593642734285,30.9597617698796,32.22342551558897
children_under_16,county,16,,,778.0950333950143,762.533132727114,793.6569340629146
children_under_16,county,17,,,238.66219388658092,233.8889500088493,243.43543776431255
children_under_16,nation,0,,,12919.220069411771,12660.835668023536,13177.604470800006
children_under_16,state,0,,,5179.167981941092,5075.58462230227,5282.751341579914
children_under_16,state,1,,,1245.4228377418035,1220.5143809869674,1270.3312944966397
children_under_16,state,2,,,1665.7652945010384,1632.4499886110177,1699.080600391059
children_under_16,state,3,,,1410.1822673559277,1381.9786220088092,1438.3859127030462
children_under_16,state,4,,,1230.963828112562,1206.3445515503106,1255.5831046748133
children_under_16,state,5,,,2187.717859759349,2143.963502564162,2231.4722169545357
elders_65_plus,county,0,,,1727.9482838027805,1693.389318126725,1762.507249478836
elders_65_plus,county,1,,,129.41453057117332,126.82623995974986,132.0028211825968
elders_65_plus,county,2,,,651.1974697094441,638.1735203152552,664.221419103633
elders_65_plus,county,3,,,441.5959346307141,432.7640159380998,450.4278533233284
elders_65_plus,county,4,,,278.44754822452063,272.87859726003023,284.01649918901103
elders_65_plus,county,5,,,254.40751055229055,249.31936034124473,259.49566076333633
elders_65_plus,county,6,,,218.22971505008135,213.86512074907972,222.59430935108298
elders_65_plus,county,7,,,272.80605869696984,267.34993752303046,278.2621798709092
elders_65_plus,county,8,,,377.4874533132485,369.93770424698357,385.0372023795135
elders_65_plus,county,9,,,146.55395246279062,143.62287341353482,149.48503151204642
elders_65_plus,county,10,,,1056.184119537879,1035.0604371471215,1077.3078019286365
elders_65_plus,county,11,,,167.49023138604662,164.14042675832567,170.84003601376756
elders_65_plus,county,12,,,166.8557986914026,163.51868271757456,170.19291466523066
elders_65_plus,county,13,,,603.9344759988087,591.8557864788326,616.0131655187848
elders_65_plus,county,14,,,339.84890893993844,333.05193076113966,346.6458871187372
elders_65_plus,county,15,,,20.301846228611733,19.8958093040395,20.707883153183968
elders_65_plus,county,16,,,478.41374115796054,468.84546633480136,487.98201598111973
elders_65_plus,county,17,,,159.19602659100983,156.01210605918962,162.37994712283003
elders_65_plus,nation,0,,,7490.313605545671,7340.507333434757,7640.119877656584
elders_65_plus,state,0,,,2784.1324033406595,2728.449755273846,2839.8150514074728
elders_65_plus,state,1,,,733.3490065699821,718.6820264385824,748.0159867013817
elders_65_plus,state,2,,,869.4271847595255,852.038641064335,886.815728454716
elders_65_plus,state,3,,,940.6408701616624,921.8280527584292,959.4536875648956
elders_65_plus,state,4,,,756.8612893824811,741.7240635948315,771.9985151701308
elders_65_plus,state,5,,,1405.9028513313608,1377.7847943047336,1434.020908357988
households,county,0,,,0.0,0.0,0.0
households,county,1,,,0.0,0.0,0.0
households,county,2,,,0.0,0.0,0.0
households,county,3,,,0.0,0.0,0.0
households,county,4,,,0.0,0.0,0.0
households,county,5,,,0.0,0.0,0.0
households,county,6,,,0.0,0.0,0.0
households,county,7,,,0.0,0.0,0.0
households,county,8,,,0.0,0.0,0.0
households,county,9,,,0.0,0.0,0.0
households,county,10,,,0.0,0.0,0.0
households,county,11,,,0.0,0.0,0.0
households,county,12,,,0.0,0.0,0.0
households,county,13,,,0.0,0.0,0.0
households,county,14,,,0.0,0.0,0.0
households,county,15,,,0.0,0.0,0.0
households,county,16,,,0.0,0.0,0.0
households,county,17,,,0.0,0.0,0.0
households,nation,0,,,0.0,0.0,0.0
households,state,0,,,0.0,0.0,0.0
households,state,1,,,0.0,0.0,0.0
households,state,2,,,0.0,0.0,0.0
households,state,3,,,0.0,0.0,0.0
households,state,4,,,0.0,0.0,0.0
households,state,5,,,0.0,0.0,0.0
low_income_household_share,county,0,,,0.0,0.0,0.02
low_income_household_share,county,1,,,0.0,0.0,0.02
low_income_household_share,county,2,,,0.0,0.0,0.02
low_income_household_share,county,3,,,0.0,0.0,0.02
low_income_household_share,county,4,,,0.0,0.0,0.02
low_income_household_share,county,5,,,0.0,0.0,0.02
low_income_household_share,county,6,,,0.0,0.0,0.02
low_income_household_share,county,7,,,0.0,0.0,0.02
low_income_household_share,county,8,,,0.0,0.0,0.02
low_income_household_share,county,9,,,0.0,0.0,0.02
low_income_household_share,county,10,,,0.0,0.0,0.02
low_income_household_share,county,11,,,0.0,0.0,0.02
low_income_household_share,county,12,,,0.0,0.0,0.02
low_income_household_share,county,13,,,0.0,0.0,0.02
low_income_household_share,county,14,,,0.0,0.0,0.02
low_income_household_share,county,15,,,0.0,0.0,0.02
low_income_household_share,county,16,,,0.0,0.0,0.02
low_income_household_share,county,17,,,0.0,0.0,0.02
low_income_household_share,nation,0,,,0.0,0.0,0.02
low_income_household_share,state,0,,,0.0,0.0,0.02
low_income_household_share,state,1,,,0.0,0.0,0.02
low_income_household_share,state,2,,,0.0,0.0,0.02
low_income_household_share,state,3,,,0.0,0.0,0.02
low_income_household_share,state,4,,,0.0,0.0,0.02
low_income_household_share,state,5,,,0.0,0.0,0.02
mean_income_adults,county,0,,,0.0,0.0,0.0
mean_income_adults,county,1,,,0.0,0.0,0.0
mean_income_adults,county,2,,,0.0,0.0,0.0
mean_income_adults,county,3,,,0.0,0.0,0.0
mean_income_adults,county,4,,,0.0,0.0,0.0
mean_income_adults,county,5,,,0.0,0.0,0.0
mean_income_adults,county,6,,,0.0,0.0,0.0
mean_income_adults,county,7,,,0.0,0.0,0.0
mean_income_adults,county,8,,,0.0,0.0,0.0
mean_income_adults,county,9,,,0.0,0.0,0.0
mean_income_adults,county,10,,,0.0,0.0,0.0
mean_income_adults,county,11,,,0.0,0.0,0.0
mean_income_adults,county,12,,,0.0,0.0,0.0
mean_income_adults,county,13,,,0.0,0.0,0.0
mean_income_adults,county,14,,,0.0,0.0,0.0
mean_income_adults,county,15,,,0.0,0.0,0.0
mean_income_adults,county,16,,,0.0,0.0,0.0
mean_income_adults,county,17,,,0.0,0.0,0.0
mean_income_adults,nation,0,,,0.0,0.0,0.0
mean_income_adults,state,0,,,0.0,0.0,0.0
mean_income_adults,state,1,,,0.0,0.0,0.0
mean_income_adults,state,2,,,0.0,0.0,0.0
mean_income_adults,state,3,,,0.0,0.0,0.0
mean_income_adults,state,4,,,0.0,0.0,0.0
mean_income_adults,state,5,,,0.0,0.0,0.0
median_household_income,county,0,,,0.0,0.0,0.0
median_household_income,county,1,,,0.0,0.0,0.0
median_household_income,county,2,,,0.0,0.0,0.0
median_household_income,county,3,,,0.0,0.0,0.0
median_household_income,county,4,,,0.0,0.0,0.0
median_household_income,county,5,,,0.0,0.0,0.0
median_household_income,county,6,,,0.0,0.0,0.0
median_household_income,county,7,,,0.0,0.0,0.0
median_household_income,county,8,,,0.0,0.0,0.0
median_household_income,county,9,,,0.0,0.0,0.0
median_household_income,county,10,,,0.0,0.0,0.0
median_household_income,county,11,,,0.0,0.0,0.0
median_household_income,county,12,,,0.0,0.0,0.0
median_household_income,county,13,,,0.0,0.0,0.0
median_household_income,county,14,,,0.0,0.0,0.0
median_household_income,county,15,,,0.0,0.0,0.0
median_household_income,county,16,,,0.0,0.0,0.0
median_household_income,county,17,,,0.0,0.0,0.0
median_household_income,nation,0,,,0.0,0.0,0.0
median_household_income,state,0,,,0.0,0.0,0.0
median_household_income,state,1,,,0.0,0.0,0.0
median_household_income,state,2,,,0.0,0.0,0.0
median_household_income,state,3,,,0.0,0.0,0.0
median_household_income,state,4,,,0.0,0.0,0.0
median_household_income,state,5,,,0.0,0.0,0.0
persons,county,0,,,14756.897220327679,14461.759275921126,15052.035164734232
persons,county,1,,,999.4491636634533,979.4601803901843,1019.4381469367223
persons,county,2,,,5636.989506641273,5524.249716508447,5749.729296774099
persons,county,3,,,3140.3376101882527,3077.5308579844877,3203.1443623920177
persons,county,4,,,2130.224869696405,2087.6203723024773,2172.829367090333
persons,county,5,,,1894.7957277586065,1856.8998132034344,1932.6916423137786
persons,county,6,,,1889.0715504830073,1851.2901194733472,1926.8529814926674
persons,county,7,,,2031.8258427336693,1991.189325878996,2072.4623595883427
persons,county,8,,,2811.479945177978,2755.2503462744185,2867.709544081538
persons,county,9,,,1091.5157434220416,1069.6854285536008,1113.3460582904825
persons,county,10,,,9019.946166132886,8839.547242810228,9200.345089455544
persons,county,11,,,1247.4465639109053,1222.497632632687,1272.3954951891235
persons,county,12,,,1242.721387532452,1217.866959781803,1267.5758152831008
persons,county,13,,,4664.096097096126,4570.814175154203,4757.3780190380485
persons,county,14,,,2416.780198436421,2368.4445944676927,2465.115802405149
persons,county,15,,,151.20564411041258,148.18153122820434,154.22975699262082
persons,county,16,,,3660.038868783386,3586.8380914077184,3733.239646159054
persons,county,17,,,1132.0966306321286,1109.454698019486,1154.7385632447713
persons,nation,0,,,59916.91873672708,58718.580361992535,61115.25711146162
persons,state,0,,,23776.843386460565,23301.306518731355,24252.380254189775
persons,state,1,,,5663.545260759579,5550.274355544388,5776.81616597477
persons,state,2,,,7526.06105712428,7375.539835981794,7676.582278266766
persons,state,3,,,6689.2144392568025,6555.430150471667,6822.998728041938
persons,state,4,,,5790.263738479791,5674.458463710195,5906.069013249386
persons,state,5,,,10470.990854646067,10261.571037553145,10680.410671738988
tertiary_share_25_plus,county,0,,,0.0,0.0,0.02
tertiary_share_25_plus,county,1,,,0.0,0.0,0.02
tertiary_share_25_plus,county,2,,,0.0,0.0,0.02
tertiary_share_25_plus,county,3,,,0.0,0.0,0.02
tertiary_share_25_plus,county,4,,,0.0,0.0,0.02
tertiary_share_25_plus,county,5,,,0.0,0.0,0.02
tertiary_share_25_plus,county,6,,,0.0,0.0,0.02
tertiary_share_25_plus,county,7,,,0.0,0.0,0.02
tertiary_share_25_plus,county,8,,,0.0,0.0,0.02
tertiary_share_25_plus,county,9,,,0.0,0.0,0.02
tertiary_share_25_plus,county,10,,,0.0,0.0,0.02
tertiary_share_25_plus,county,11,,,0.0,0.0,0.02
tertiary_share_25_plus,county,12,,,0.0,0.0,0.02
tertiary_share_25_plus,county,13,,,0.0,0.0,0.02
tertiary_share_25_plus,county,14,,,0.0,0.0,0.02
tertiary_share_25_plus,county,15,,,0.0,0.0,0.02
tertiary_share_25_plus,county,16,,,0.0,0.0,0.02
tertiary_share_25_plus,county,17,,,0.0,0.0,0.02
tertiary_share_25_plus,nation,0,,,0.0,0.0,0.02
tertiary_share_25_plus,state,0,,,0.0,0.0,0.02
tertiary_share_25_plus,state,1,,,0.0,0.0,0.02
tertiary_share_25_plus,state,2,,,0.0,0.0,0.02
tertiary_share_25_plus,state,3,,,0.0,0.0,0.02
tertiary_share_25_plus,state,4,,,0.0,0.0,0.02
tertiary_share_25_plus,state,5,,,0.0,0.0,0.02
person_years_exposure,county,0,male,0-17,9058.63233778095,8886.133878728177,9161.094793478314
person_years_exposure,county,0,male,18-44,13311.216284250284,13215.28762640464,13420.978166386796
person_years_exposure,county,0,male,45-64,9895.335694197336,9811.014011447798,9967.121845633343
person_years_exposure,county,0,male,65-74,3271.897461419155,3162.2184690692784,3344.9414937195515
person_years_exposure,county,0,male,75-84,1174.6603741772722,1057.130117378904,1245.7279572298426
person_years_exposure,county,0,male,85+,205.93339296127553,162.70372124750122,238.65596302337931
person_years_exposure,county,0,male,18-64,23206.55197844762,23046.42320432077,23367.3186881553
person_years_exposure,county,0,male,65+,4652.491228557703,4388.121311254319,4793.617719366908
mortality_rate,county,0,male,0-17,0.0002885390899847783,0.0,0.0006577079486302603
mortality_rate,county,0,male,18-44,0.0009243115486041381,0.0004527510343816702,0.0014426784169297231
mortality_rate,county,0,male,45-64,0.007674563568069036,0.005672605722076989,0.010519605558889068
mortality_rate,county,0,male,65-74,0.039582464656097854,0.030605753787861033,0.0537616839805963
mortality_rate,county,0,male,75-84,0.10804148966124767,0.0821346458435209,0.15096826284568798
mortality_rate,county,0,male,85+,0.18986337731546596,0.13309569407810168,0.2815462462894804
qualifying_event_rate,county,0,male,0-17,0.007451240359263182,0.00568987191555812,0.009680143905966531
qualifying_event_rate,county,0,male,18-44,0.014765104834093651,0.012244880270483543,0.018527000297210786
qualifying_event_rate,county,0,male,45-64,0.0198394351804428,0.016479658403186728,0.02482182683901933
qualifying_event_rate,county,0,male,65-74,0.03184672502077879,0.025478180743152206,0.04142061626587431
qualifying_event_rate,county,0,male,75-84,0.028709677992986057,0.020400675599799366,0.039141710947947723
qualifying_event_rate,county,0,male,85+,0.02314573949414208,0.007631394571126758,0.042232224808349594
person_years_exposure,county,0,female,0-17,9299.131129623627,9119.581219580765,9425.609874955513
person_years_exposure,county,0,female,18-44,13387.57000370966,13275.309063761888,13514.444804318553
person_years_exposure,county,0,female,45-64,10084.335686074548,9993.142379939385,10161.664096865325
person_years_exposure,county,0,female,65-74,3148.6518878258194,3047.3621527705795,3220.895535901794
person_years_exposure,county,0,female,75-84,1088.825879890082,980.6555467025798,1157.1373841660468
person_years_exposure,county,0,female,85+,216.04063778026514,169.98637651794874,251.66516955738453
person_years_exposure,county,0,female,18-64,23471.90568978421,23289.872218119584,23660.66238863297
person_years_exposure,county,0,female,65+,4453.518405496167,4212.720519669279,4597.54751945303
mortality_rate,county,0,female,0-17,0.00017711038088315026,0.0,0.0004314760445724994
mortality_rate,county,0,female,18-44,0.0010203976171526776,0.000525103941008349,0.0015694841668844244
mortality_rate,county,0,female,45-64,0.007751231023867977,0.005753888129810582,0.01057191112862733
mortality_rate,county,0,female,65-74,0.03489371577953803,0.026512751745030892,0.04763138859407419
mortality_rate,county,0,female,75-84,0.11733639015499722,0.09042972087254059,0.16216591191173496
mortality_rate,county,0,female,85+,0.19215583531416405,0.1358037268365171,0.28098939889314434
qualifying_event_rate,county,0,female,0-17,0.007399202289400866,0.005714634166693323,0.009677062943321392
qualifying_event_rate,county,0,female,18-44,0.014714267129539944,0.012220173161828635,0.01853388680136217
qualifying_event_rate,county,0,female,45-64,0.01905042095227311,0.015838298344263743,0.023890596458942495
qualifying_event_rate,county,0,female,65-74,0.0292545216076918,0.02339699511914904,0.03763568835409871
qualifying_event_rate,county,0,female,75-84,0.030685020578885246,0.021384894832836995,0.042454282904600335
qualifying_event_rate,county,0,female,85+,0.022992374770088277,0.008285201250399755,0.04221191010894267
person_years_exposure,county,1,male,0-17,623.8087357124633,602.5598817340342,644.3670917848973
person_years_exposure,county,1,male,18-44,848.7754543135887,825.4194342076236,869.0118577223664
person_years_exposure,county,1,male,45-64,706.1368315112312,690.8348556964796,720.9721256927478
person_years_exposure,county,1,male,65-74,231.05315702795056,215.34847640497765,244.12918132981864
person_years_exposure,county,1,male,75-84,75.87336324541947,63.24345233299781,87.50137394567567
person_years_exposure,county,1,male,85+,11.964239853099546,7.614081130512203,16.078689233375734
person_years_exposure,county,1,male,18-64,1554.91228582482,1522.41134536079,1584.7184331937026
person_years_exposure,county,1,male,65+,318.8907601264696,294.3802218191439,339.7241296549148
mortality_rate,county,1,male,0-17,0.00018864080368416185,0.0,0.0016112679009555636
mortality_rate,county,1,male,18-44,0.0009302233909303089,0.0,0.00244450834164281
mortality_rate,county,1,male,45-64,0.007678221497661342,0.0027902251314872633,0.014305044121781662
mortality_rate,county,1,male,65-74,0.03554512746036074,0.016287299309530736,0.06145877889127352
mortality_rate,county,1,male,75-84,0.09635346351668375,0.04379376074933892,0.1733777972373175
mortality_rate,county,1,male,85+,0.1005727307440272,0.0,0.2807561485376469
qualifying_event_rate,county,1,male,0-17,0.010724347100733202,0.004741734625696732,0.018203274240928137
qualifying_event_rate,county,1,male,18-44,0.015151653475771475,0.008262208661501512,0.022774452489697262
qualifying_event_rate,county,1,male,45-64,0.018853269914781742,0.011200419127529832,0.028275993781811032
qualifying_event_rate,county,1,male,65-74,0.030250718006486235,0.01292878179661442,0.05037114801054999
qualifying_event_rate,county,1,male,75-84,0.02702657130938939,0.0,0.060677915503069904
qualifying_event_rate,county,1,male,85+,0.013794013202030482,0.0,0.07514985281051983
person_years_exposure,county,1,female,0-17,627.6592993507921,607.6222783315645,646.8651385714319
person_years_exposure,county,1,female,18-44,842.9551648601049,817.9422517110652,863.2499072517484
person_years_exposure,county,1,female,45-64,695.6475081981937,679.4432332446476,711.1550990433652
person_years_exposure,county,1,female,65-74,232.95724161022775,217.2463343613305,245.99244467263156
person_years_exposure,county,1,female,75-84,88.20374222351431,74.90176226967503,99.8401621419828
person_years_exposure,county,1,female,85+,21.22522275317868,14.012295968193175,29.15592825351106
person_years_exposure,county,1,female,18-64,1538.6026730582985,1502.452412285743,1571.6296903455407
person_years_exposure,county,1,female,65+,342.38620658692076,315.97788652487475,364.6889995194386
mortality_rate,county,1,female,0-17,0.00016103357164395438,0.0,0.0015969953647711238
mortality_rate,county,1,female,18-44,0.0009939919226179183,0.0,0.003523641981781907
mortality_rate,county,1,female,45-64,0.00770766277900961,0.002830324054162517,0.014552883728166795
mortality_rate,county,1,female,65-74,0.03586244986175442,0.01642931050908933,0.061640223382226196
mortality_rate,county,1,female,75-84,0.09395489641700835,0.04211849638847516,0.16414345755151805
mortality_rate,county,1,female,85+,0.12406989157177147,0.034927968373622796,0.26541553311303145
qualifying_event_rate,county,1,female,0-17,0.012261889643729512,0.0048976590577211815,0.020287782192699364
qualifying_event_rate,county,1,female,18-44,0.01581698335606345,0.008577286164376854,0.02360612572249391
qualifying_event_rate,county,1,female,45-64,0.01523984830688067,0.008405647800790502,0.02332176796713122
qualifying_event_rate,county,1,female,65-74,0.03141101120598024,0.012992279553712006,0.053045337915939815
qualifying_event_rate,county,1,female,75-84,0.02810128670267566,0.0,0.06018713386877072
qualifying_event_rate,county,1,female,85+,0.01785379154924071,0.0,0.07084434031626523
person_years_exposure,county,2,male,0-17,3508.407579430155,3434.6849888947695,3575.1326613884426
person_years_exposure,county,2,male,18-44,4813.886017775027,4724.631838591574,4904.945528692294
person_years_exposure,county,2,male,45-64,3686.3417401210795,3622.035198807505,3746.756352599233
person_years_exposure,county,2,male,65-74,1153.054646129949,1107.1613937765906,1194.807695828456
person_years_exposure,county,2,male,75-84,399.1327662232289,354.23530251270466,433.86270366406205
person_years_exposure,county,2,male,85+,107.11845969136179,82.62298771505846,127.85298756800385
person_years_exposure,county,2,male,18-64,8500.227757896106,8351.588382226537,8645.02105967272
person_years_exposure,county,2,male,65+,1659.3058720445397,1557.389590705293,1734.614226810847
mortality_rate,county,2,male,0-17,0.00022643708741475075,0.0,0.0005843870451234621
mortality_rate,county,2,male,18-44,0.0009198852319932411,0.00020828297934543072,0.001684799454635265
mortality_rate,county,2,male,45-64,0.007663688977889523,0.005067671900792391,0.010997090670709305
mortality_rate,county,2,male,65-74,0.03826495316534851,0.02634200533590724,0.05491378794970912
mortality_rate,county,2,male,75-84,0.10949530552710901,0.0754777423304227,0.1579850205176259
mortality_rate,county,2,male,85+,0.16541873748486907,0.10045135478404758,0.2591923565193443
qualifying_event_rate,county,2,male,0-17,0.00807518911246384,0.005467652776454915,0.011125169120339179
qualifying_event_rate,county,2,male,18-44,0.014075998820090203,0.010830196059219642,0.018283767582721086
qualifying_event_rate,county,2,male,45-64,0.017051833809820727,0.012983253789857527,0.022422232123829128
qualifying_event_rate,county,2,male,65-74,0.020583064746460638,0.013610285684375209,0.028996725731605506
qualifying_event_rate,county,2,male,75-84,0.028962135032520032,0.015052045463970485,0.045142352649028245
qualifying_event_rate,county,2,male,85+,0.02219055444812993,0.0,0.04748485427310834
person_years_exposure,county,2,female,0-17,3564.6259612911763,3487.972714543062,3637.024771226685
person_years_exposure,county,2,female,18-44,5044.791396248188,4997.392578862804,5102.102754950554
person_years_exposure,county,2,female,45-64,4022.9247766016197,3978.587966265296,4064.727453670625
person_years_exposure,county,2,female,65-74,1241.5657045809107,1188.381483317548,1282.8808237672938
person_years_exposure,county,2,female,75-84,447.6801727562076,396.28166559818806,485.00005013660723
person_years_exposure,county,2,female,85+,113.71822519762569,88.53752992442627,138.07566120907873
person_years_exposure,county,2,female,18-64,9067.716172849807,8986.019057841679,9156.701448106509
person_years_exposure,county,2,female,65+,1802.9641025347441,1690.054236602938,1885.3153611867053
mortality_rate,county,2,female,0-17,0.00016190995738889409,0.0,0.0005640545430580235
mortality_rate,county,2,female,18-44,0.0010256749981967816,0.0003922055758962583,0.0019749535565833707
mortality_rate,county,2,female,45-64,0.007796381874929084,0.005165253620676976,0.011207707975821414
mortality_rate,county,2,female,65-74,0.036876556592874456,0.025439175024964716,0.0521419184945166
mortality_rate,county,2,female,75-84,0.1056754083297146,0.0727894562196028,0.1534198659618343
mortality_rate,county,2,female,85+,0.1656127198616682,0.1017890976576558,0.25797382169223665
qualifying_event_rate,county,2,female,0-17,0.01064208671700556,0.007460508954044235,0.014494772490861303
qualifying_event_rate,county,2,female,18-44,0.01396871203309972,0.010715116838129502,0.018345521081012058
qualifying_event_rate,county,2,female,45-64,0.017431711686886075,0.013455927659448894,0.02247304680654099
qualifying_event_rate,county,2,female,65-74,0.02629460869815165,0.018126285440263915,0.03572862919100895
qualifying_event_rate,county,2,female,75-84,0.027075166432957987,0.014911320666123521,0.04191218957707904
qualifying_event_rate,county,2,female,85+,0.020581202706673202,0.0,0.045785956694030516
person_years_exposure,county,3,male,0-17,1833.978155222686,1793.8453073179392,1868.738623448496
person_years_exposure,county,3,male,18-44,2523.8771565973652,2490.384795499271,2555.683955882059
person_years_exposure,county,3,male,45-64,2314.664105368129,2278.2472516319062,2354.1569561575366
person_years_exposure,county,3,male,65-74,815.358135525117,778.6047820511226,847.6915310090541
person_years_exposure,county,3,male,75-84,279.16019601570616,245.66862306658228,306.90254829950794
person_years_exposure,county,3,male,85+,61.067842126266314,44.335727590790114,77.16829036026218
person_years_exposure,county,3,male,18-64,4838.541261965494,4775.024010318355,4904.03605907543
person_years_exposure,county,3,male,65+,1155.5861736670893,1082.794539645871,1213.4038894282119
mortality_rate,county,3,male,0-17,0.00020047991313471011,0.0,0.0010834115792787444
mortality_rate,county,3,male,18-44,0.0009311458167077946,0.0,0.002000544111883925
mortality_rate,county,3,male,45-64,0.007822493670035253,0.004335897016343111,0.011806188065526111
mortality_rate,county,3,male,65-74,0.03671459886240117,0.023922633904685017,0.05429590576453947
mortality_rate,county,3,male,75-84,0.1043755765515632,0.06858314861479717,0.1565265763145024
mortality_rate,county,3,male,85+,0.16453222440756846,0.08782878420669202,0.27681186377101624
qualifying_event_rate,county,3,male,0-17,0.004922540655972982,0.002204648787342443,0.008119520525479401
qualifying_event_rate,county,3,male,18-44,0.013287352137400382,0.00943476401653764,0.017976632633565717
qualifying_event_rate,county,3,male,45-64,0.016045794685226294,0.01125184634400791,0.021732592322398686
qualifying_event_rate,county,3,male,65-74,0.02333677828454543,0.014547137952714572,0.033216830511488736
qualifying_event_rate,county,3,male,75-84,0.028654907987001474,0.013533526153659168,0.047413067794825244
qualifying_event_rate,county,3,male,85+,0.02001157509227908,0.0,0.05211865937311401
person_years_exposure,county,3,female,0-17,1908.4924037680976,1862.2981510544125,1953.1258678929685
person_years_exposure,county,3,female,18-44,2430.221681571409,2388.999791904987,2464.966799751768
person_years_exposure,county,3,female,45-64,2351.814897218318,2319.3231089085516,2387.471892668413
person_years_exposure,county,3,female,65-74,865.4633640078744,828.6527764696189,899.3018097031196
person_years_exposure,county,3,female,75-84,295.62615354983603,263.46158278553446,322.18279676179304
person_years_exposure,county,3,female,85+,63.95146468600033,48.68869487812505,78.48332371405648
person_years_exposure,county,3,female,18-64,4782.036578789727,4719.674146416487,4842.151629567361
person_years_exposure,county,3,female,65+,1225.0409822437107,1152.7026108945286,1282.6705423323313
mortality_rate,county,3,female,0-17,0.00027119737232283547,0.0,0.0010547795774515974
mortality_rate,county,3,female,18-44,0.001016054749233149,0.0,0.002439182823142101
mortality_rate,county,3,female,45-64,0.00795388051569244,0.004645044482944872,0.012064745539171124
mortality_rate,county,3,female,65-74,0.03599160329358157,0.023641103271720126,0.052199249435832824
mortality_rate,county,3,female,75-84,0.09428781866399684,0.06079412919789058,0.14203364112944297
mortality_rate,county,3,female,85+,0.14773928859332536,0.07661171953108709,0.2519035781112508
qualifying_event_rate,county,3,female,0-17,0.003966645340087963,0.001597021111397006,0.006470150437720596
qualifying_event_rate,county,3,female,18-44,0.014531772947011417,0.010225630380154603,0.01980884434744767
qualifying_event_rate,county,3,female,45-64,0.017472792389445168,0.01233429564225229,0.023671231192444863
qualifying_event_rate,county,3,female,65-74,0.02404555494830935,0.01505324176140609,0.03413581318100249
qualifying_event_rate,county,3,female,75-84,0.0276013427708118,0.012920303913158902,0.0441809820388471
qualifying_event_rate,county,3,female,85+,0.020018952011366657,0.0,0.05117539902727034
person_years_exposure,county,4,male,0-17,1300.659977264703,1254.1316710925546,1351.371007099333
person_years_exposure,county,4,male,18-44,1805.8795028740417,1783.6682592228722,1831.0770938557425
person_years_exposure,county,4,male,45-64,1529.4853640478325,1508.563864960923,1548.048856939111
person_years_exposure,county,4,male,65-74,535.8080943208076,511.43987173941537,557.7829153477493
person_years_exposure,county,4,male,75-84,206.39960070694286,178.49189020330292,231.9930291030097
person_years_exposure,county,4,male,85+,52.05738000040107,38.34791470699593,65.30974309238725
person_years_exposure,county,4,male,18-64,3335.364866921874,3301.2048318448255,3371.1788849828977
person_years_exposure,county,4,male,65+,794.2650750281516,741.9228675580292,840.8345069632295
mortality_rate,county,4,male,0-17,0.00023275443258940934,0.0,0.0008002821720756139
mortality_rate,county,4,male,18-44,0.0009017312429530247,0.0,0.0022228599169876705
mortality_rate,county,4,male,45-64,0.007803316641202425,0.0038910198335402146,0.012424489636825227
mortality_rate,county,4,male,65-74,0.034960154190083054,0.02006377341858124,0.05358726162301622
mortality_rate,county,4,male,75-84,0.10718848596403256,0.06583907818825747,0.165551691385605
mortality_rate,county,4,male,85+,0.15323290434945397,0.0774709590973416,0.26310596548616566
qualifying_event_rate,county,4,male,0-17,0.007258935013788418,0.003669973969099721,0.011758013153034977
qualifying_event_rate,county,4,male,18-44,0.01214052010189918,0.007711031541466807,0.01707161193109051
qualifying_event_rate,county,4,male,45-64,0.01672463086361382,0.011086940882089816,0.02338466153980305
qualifying_event_rate,county,4,male,65-74,0.023675541690127408,0.012969423565287425,0.03548031883186503
qualifying_event_rate,county,4,male,75-84,0.02856052264397749,0.01030872220548257,0.05002101878089426
qualifying_event_rate,county,4,male,85+,0.018675475411937908,0.0,0.05227471517210747
person_years_exposure,county,4,female,0-17,1324.1854863156034,1286.312275841094,1365.0318208723731
person_years_exposure,county,4,female,18-44,1817.942482323208,1782.6445418596466,1852.3716303820122
person_years_exposure,county,4,female,45-64,1471.0214921845748,1445.797272559029,1493.1387025337046
person_years_exposure,county,4,female,65-74,524.0499874035447,497.930475038741,546.9166396935474
person_years_exposure,county,4,female,75-84,174.44373549646107,150.40502135315836,194.60074155140606
person_years_exposure,county,4,female,85+,37.125902490998705,25.368772389059178,49.08465053749635
person_years_exposure,county,4,female,18-64,3288.963974507783,3236.846320104089,3341.2988216382737
person_years_exposure,county,4,female,65+,735.6196253910044,686.2892568445551,777.291086571592
mortality_rate,county,4,female,0-17,0.0003340791883551603,0.0,0.0015009693027065044
mortality_rate,county,4,female,18-44,0.0010348774367414334,0.0,0.0022477959180465016
mortality_rate,county,4,female,45-64,0.007848898536725995,0.004031881278038254,0.012408161960970717
mortality_rate,county,4,female,65-74,0.03259805023016865,0.01878186445280472,0.0498090118443762
mortality_rate,county,4,female,75-84,0.10271157504909335,0.06026239464050009,0.15987805088937226
mortality_rate,county,4,female,85+,0.14599583127948115,0.05834678680063707,0.2801789620762902
qualifying_event_rate,county,4,female,0-17,0.005288849667304706,0.002259276310487662,0.00896358368005118
qualifying_event_rate,county,4,female,18-44,0.012567059534828685,0.008242139517587635,0.01752771479718071
qualifying_event_rate,county,4,female,45-64,0.015342296340438648,0.010096340811794403,0.02189906534979088
qualifying_event_rate,county,4,female,65-74,0.021231686120015237,0.011396116728148336,0.03240775803964397
qualifying_event_rate,county,4,female,75-84,0.028643361874416542,0.010378129781020805,0.05154999340166098
qualifying_event_rate,county,4,female,85+,0.019421630178171043,0.0,0.06178293434221737
person_years_exposure,county,5,male,0-17,1128.4746901538647,1097.74178773214,1157.9801899548359
person_years_exposure,county,5,male,18-44,1563.7490735439287,1531.3294044599616,1593.7093347124626
person_years_exposure,county,5,male,45-64,1352.3215729879964,1325.8096376750686,1377.7143335973328
person_years_exposure,county,5,male,65-74,488.1843948881922,463.4649548823783,509.2182682290368
person_years_exposure,county,5,male,75-84,166.0140131542694,144.0210765800856,184.97973329821608
person_years_exposure,county,5,male,85+,25.44089227136226,16.69186469077679,34.4660075217553
person_years_exposure,county,5,male,18-64,2916.0706465319254,2862.7973304838033,2966.4966248108067
person_years_exposure,county,5,male,65+,679.6393003138238,636.2055974516372,714.7843552192998
mortality_rate,county,5,male,0-17,0.00022975911290899062,0.0,0.0009046125258989301
mortality_rate,county,5,male,18-44,0.0009226998871884332,0.0,0.0025532256178033
mortality_rate,county,5,male,45-64,0.007759009388622048,0.003675898999536749,0.0127295085713635
mortality_rate,county,5,male,65-74,0.036489237978571155,0.021677272504413894,0.05519288490678912
mortality_rate,county,5,male,75-84,0.10227892012593381,0.05967335416380665,0.1603987436007263
mortality_rate,county,5,male,85+,0.14651547144568275,0.04116570552002383,0.30354955302170933
qualifying_event_rate,county,5,male,0-17,0.010675793960081968,0.005721884600845421,0.016162088288928168
qualifying_event_rate,county,5,male,18-44,0.013447999574088475,0.008396778774551436,0.019106322995700975
qualifying_event_rate,county,5,male,45-64,0.019675727051709304,0.013249513956618214,0.026977166969054674
qualifying_event_rate,county,5,male,65-74,0.029172786692642533,0.01673485916719736,0.044184778034161126
qualifying_event_rate,county,5,male,75-84,0.02814415680842879,0.006930965223860026,0.052081054307050755
qualifying_event_rate,county,5,male,85+,0.020038304237067157,0.0,0.07344190756896259
person_years_exposure,county,5,female,0-17,1089.507094173632,1056.0488552774302,1120.2017374132497
person_years_exposure,county,5,female,18-44,1515.877933340493,1483.8256334177936,1543.0792941512864
person_years_exposure,county,5,female,45-64,1422.4121551300623,1395.2756270775453,1448.0470174350346
person_years_exposure,county,5,female,65-74,501.4546674856529,474.3703451773912,524.9782517001978
person_years_exposure,county,5,female,75-84,178.40286959354177,154.2869737297555,199.1245861363553
person_years_exposure,county,5,female,85+,32.475073218696416,21.96295549491386,43.778562676746674
person_years_exposure,county,5,female,18-64,2938.290088470555,2886.2115385562,2986.453245986768
person_years_exposure,county,5,female,65+,712.332610297891,664.0540522962871,754.0349068519141
mortality_rate,county,5,female,0-17,0.00028234528177471037,0.0,0.0009478630183361911
mortality_rate,county,5,female,18-44,0.001055558380432331,0.0,0.002649374304449851
mortality_rate,county,5,female,45-64,0.007992173029103874,0.004158994606142953,0.01275485947970789
mortality_rate,county,5,female,65-74,0.037489563115469186,0.022193446544924632,0.05717391080992712
mortality_rate,county,5,female,75-84,0.10649845053471985,0.06411691685919801,0.16489512437087628
mortality_rate,county,5,female,85+,0.14404238178299955,0.0538905035620857,0.2803748543364595
qualifying_event_rate,county,5,female,0-17,0.012222413531047463,0.006596665068208691,0.018440121749521754
qualifying_event_rate,county,5,female,18-44,0.0152294172190542,0.00986291576046821,0.021612002677542062
qualifying_event_rate,county,5,female,45-64,0.01923037252342578,0.013103167490416451,0.026583930009538556
qualifying_event_rate,county,5,female,65-74,0.029907130763578104,0.017895710934536884,0.044131490947732666
qualifying_event_rate,county,5,female,75-84,0.027990340322852063,0.010440530466534703,0.051141031327483655
qualifying_event_rate,county,5,female,85+,0.019186994612716328,0.0,0.06662278084847932
person_years_exposure,county,6,male,0-17,1175.6868922099425,1143.677259776292,1207.256005896206
person_years_exposure,county,6,male,18-44,1613.198928694116,1580.3473656319782,1645.0998085093947
person_years_exposure,county,6,male,45-64,1235.0400574874855,1209.0299671570665,1257.809151422069
person_years_exposure,county,6,male,65-74,386.2838830153667,365.8297684536746,404.8681793220625
person_years_exposure,county,6,male,75-84,133.8818883041305,114.37009913846951,151.17305843252356
person_years_exposure,county,6,male,85+,38.469896732803825,28.349944421762945,48.604004908265495
person_years_exposure,county,6,male,18-64,2848.2389861816014,2794.73124218737,2899.9164819946877
person_years_exposure,county,6,male,65+,558.6356680523011,522.1768892751323,590.5809765689947
mortality_rate,county,6,male,0-17,0.0002313308569246461,0.0,0.0008678290845586447
mortality_rate,county,6,male,18-44,0.0009201438047083265,0.0,0.0024521506922211595
mortality_rate,county,6,male,45-64,0.007720128518055467,0.0032673420455946434,0.012748626421167905
mortality_rate,county,6,male,65-74,0.03828728385255169,0.02064129941239206,0.058997477864178555
mortality_rate,county,6,male,75-84,0.10876617843341725,0.06094458538757211,0.17794569973523736
mortality_rate,county,6,male,85+,0.13634313405249648,0.057915300663934306,0.25034966922799273
qualifying_event_rate,county,6,male,0-17,0.007994827640573495,0.003449246172082411,0.012878077438008385
qualifying_event_rate,county,6,male,18-44,0.01402250729754189,0.00884895756142704,0.019863650670753245
qualifying_event_rate,county,6,male,45-64,0.017129220472846374,0.01063219820403981,0.024281684925631916
qualifying_event_rate,county,6,male,65-74,0.020535148335916256,0.00999089287045619,0.033619208329495644
qualifying_event_rate,county,6,male,75-84,0.029108604088186368,0.00741749649907197,0.05542014499737211
qualifying_event_rate,county,6,male,85+,0.018708774157372585,0.0,0.059237861961870336
person_years_exposure,county,6,female,0-17,1194.6796513728295,1160.3924674953196,1228.4339980294653
person_years_exposure,county,6,female,18-44,1690.3858234794866,1670.0438969052227,1712.697490750243
person_years_exposure,county,6,female,45-64,1347.9304742885988,1326.3499232621616,1366.5710015847142
person_years_exposure,county,6,female,65-74,415.7708345635164,392.4717395086283,435.015157656537
person_years_exposure,county,6,female,75-84,150.43008199863797,129.8147149630565,168.3490148006803
person_years_exposure,county,6,female,85+,40.42165315068136,29.783862210895762,51.20840390438407
person_years_exposure,county,6,female,18-64,3038.3162977680854,3005.594675784207,3072.5286859117896
person_years_exposure,county,6,female,65+,606.6225697128357,565.669218810732,641.9490512755413
mortality_rate,county,6,female,0-17,0.00015939811754655197,0.0,0.0008493104920647188
mortality_rate,county,6,female,18-44,0.0010167797056308296,0.0,0.002389251852067018
mortality_rate,county,6,female,45-64,0.007872311166939356,0.0036835960340006763,0.012734515570047036
mortality_rate,county,6,female,65-74,0.03732728954892513,0.02096223410386514,0.058938054634866496
mortality_rate,county,6,female,75-84,0.10360973592404026,0.057479970559116376,0.1628292093559789
mortality_rate,county,6,female,85+,0.14193915540004554,0.06250897803409715,0.26003018378269566
qualifying_event_rate,county,6,female,0-17,0.01062940216162353,0.005821583639138195,0.016224784012162482
qualifying_event_rate,county,6,female,18-44,0.013978987805198401,0.009376512063462126,0.019592411182973682
qualifying_event_rate,county,6,female,45-64,0.01747253160436927,0.011196564053512785,0.02435465460826905
qualifying_event_rate,county,6,female,65-74,0.026375731908399275,0.014244659111266274,0.04056343952974543
qualifying_event_rate,county,6,female,75-84,0.026963755206035923,0.006692226253595966,0.051471031297339424
qualifying_event_rate,county,6,female,85+,0.018556259475541532,0.0,0.05651830237194795
person_years_exposure,county,7,male,0-17,1210.0702503622947,1177.6384388677557,1241.022786893773
person_years_exposure,county,7,male,18-44,1677.0819591320924,1642.073635817681,1708.6618412027706
person_years_exposure,county,7,male,45-64,1450.073372217284,1425.0911035176362,1477.2510821907842
person_years_exposure,county,7,male,65-74,523.5953629922285,499.16852085873546,545.4801362520333
person_years_exposure,county,7,male,75-84,177.35156887985812,154.72333053435972,197.48907780064278
person_years_exposure,county,7,male,85+,27.002730737151637,17.983875302930855,36.337325918867045
person_years_exposure,county,7,male,18-64,3127.1553313493764,3071.642394742141,3181.2915479232984
person_years_exposure,county,7,male,65+,727.9496626092383,684.7956485836521,764.33925179879
mortality_rate,county,7,male,0-17,0.00021144175300846852,0.0,0.0008429085649104064
mortality_rate,county,7,male,18-44,0.0009223610042293485,0.0,0.002396822627733619
mortality_rate,county,7,male,45-64,0.0078016661073856495,0.004068031583275765,0.012473985640938995
mortality_rate,county,7,male,65-74,0.036578520559366126,0.021870722695960867,0.05465203241320653
mortality_rate,county,7,male,75-84,0.10304921988489435,0.06147983706889087,0.15921517897328222
mortality_rate,county,7,male,85+,0.14721427665975628,0.05054020694255196,0.29913364095866785
qualifying_event_rate,county,7,male,0-17,0.010785143462615165,0.0058362286104733496,0.016400230319630556
qualifying_event_rate,county,7,male,18-44,0.013457212113789368,0.008429069340745906,0.019159229453437274
qualifying_event_rate,county,7,male,45-64,0.019575046649430272,0.013250683181524977,0.026898090996847354
qualifying_event_rate,county,7,male,65-74,0.02932138087465811,0.01719221453005466,0.043291763799664464
qualifying_event_rate,county,7,male,75-84,0.028593422016231784,0.01053998806928209,0.05198093318506659
qualifying_event_rate,county,7,male,85+,0.019508822776255784,0.0,0.07028729786592892
person_years_exposure,county,7,female,0-17,1167.9427967829563,1134.303337731145,1200.2509876143026
person_years_exposure,county,7,female,18-44,1626.0694962206692,1592.0147508692319,1654.7477162190867
person_years_exposure,county,7,female,45-64,1525.2413877933814,1496.6662612844116,1552.68718151419
person_years_exposure,county,7,female,65-74,537.8693618314541,509.67640859936193,562.255292509719
person_years_exposure,county,7,female,75-84,190.96230918759105,165.5381387634817,212.29614090731974
person_years_exposure,county,7,female,85+,34.59390752488906,23.177559170279178,45.96330008531677
person_years_exposure,county,7,female,18-64,3151.3108840140503,3095.1616729065177,3201.9661845570795
person_years_exposure,county,7,female,65+,763.4255785439341,711.4674983425905,807.3042653705063
mortality_rate,county,7,female,0-17,0.0002847053230397152,0.0,0.0008853025338759875
mortality_rate,county,7,female,18-44,0.0010203621009780245,0.0,0.0024803507043732473
mortality_rate,county,7,female,45-64,0.007974211658291049,0.003919853211192326,0.012593121652837928
mortality_rate,county,7,female,65-74,0.037390730077133595,0.021834308065425766,0.05646974576398931
mortality_rate,county,7,female,75-84,0.10713314614011361,0.06451673271866228,0.16669535523237916
mortality_rate,county,7,female,85+,0.1437329879598877,0.05541103012435272,0.2845289222910429
qualifying_event_rate,county,7,female,0-17,0.012222679624653617,0.0068684944631892675,0.018059212958270874
qualifying_event_rate,county,7,female,18-44,0.015047188016482875,0.009850893071735482,0.020839342949671578
qualifying_event_rate,county,7,female,45-64,0.019265008999664327,0.013444870904751625,0.02638963758218698
qualifying_event_rate,county,7,female,65-74,0.029744276754814076,0.017140806864347834,0.04433863660566427
qualifying_event_rate,county,7,female,75-84,0.02823604471042527,0.010329503196202718,0.04886812013343709
qualifying_event_rate,county,7,female,85+,0.018638268950817508,0.0,0.06533560651154659
person_years_exposure,county,8,male,0-17,1674.4705884519522,1632.6683852068459,1712.2208462501899
person_years_exposure,county,8,male,18-44,2320.285071188009,2271.9754959334387,2363.7983438658534
person_years_exposure,county,8,male,45-64,2007.048204523894,1971.3573718409662,2042.001549644011
person_years_exposure,county,8,male,65-74,724.6111147584878,694.0863720399833,751.5185765381689
person_years_exposure,county,8,male,75-84,245.74394091349038,215.60820987624612,270.88886731549906
person_years_exposure,county,8,male,85+,36.58460935710857,24.846238604395293,47.9347692376656
person_years_exposure,county,8,male,18-64,4327.333275711903,4252.089893532828,4400.874509868137
person_years_exposure,county,8,male,65+,1006.9396650290868,946.2142563715196,1055.0808593128029
mortality_rate,county,8,male,0-17,0.00022774222424686233,0.0,0.0011815653609166658
mortality_rate,county,8,male,18-44,0.0009114164979164516,0.0,0.002150214701746992
mortality_rate,county,8,male,45-64,0.007766575107595741,0.004413955269387003,0.012033735995332707
mortality_rate,county,8,male,65-74,0.0366198581688112,0.023658653333267048,0.053678544583542584
mortality_rate,county,8,male,75-84,0.10296959059636655,0.06476241786302445,0.15504677145831175
mortality_rate,county,8,male,85+,0.15306881925087973,0.06435522613408998,0.29378633975672225
qualifying_event_rate,county,8,male,0-17,0.010970701614104295,0.0066338866307359984,0.016079345680107892
qualifying_event_rate,county,8,male,18-44,0.01350521015245583,0.009387799588248417,0.01840967501519276
qualifying_event_rate,county,8,male,45-64,0.019727353787893854,0.01406208872953567,0.026175495070575934
qualifying_event_rate,county,8,male,65-74,0.028999930372312653,0.018577695452448785,0.04198952255509319
qualifying_event_rate,county,8,male,75-84,0.028439331394994244,0.012066718968125688,0.04721919026697674
qualifying_event_rate,county,8,male,85+,0.021427347199278954,0.0,0.06832356014213128
person_years_exposure,county,8,female,0-17,1616.9394344338725,1573.2649104556729,1657.8942791600832
person_years_exposure,county,8,female,18-44,2249.3700395397095,2204.2304739501774,2289.161297277818
person_years_exposure,county,8,female,45-64,2110.607935535252,2072.4598564733315,2145.8474484581416
person_years_exposure,county,8,female,65-74,744.0651314228536,709.3821234082461,776.0549831415575
person_years_exposure,county,8,female,75-84,264.59428090051154,234.52344116509286,290.3981489257115
person_years_exposure,county,8,female,85+,47.456979049120356,33.03934825949666,61.59732453563879
person_years_exposure,county,8,female,18-64,4359.977975074962,4286.734266458175,4428.5419990780065
person_years_exposure,county,8,female,65+,1056.1163913724854,992.6478172235425,1111.598045790575
mortality_rate,county,8,female,0-17,0.0002675531181237281,0.0,0.0012302049545392785
mortality_rate,county,8,female,18-44,0.001013955764795691,0.0,0.002235565372914243
mortality_rate,county,8,female,45-64,0.007914124172481114,0.004690556491476188,0.011982826936848223
mortality_rate,county,8,female,65-74,0.03743030651663807,0.023904917652229477,0.05421966143493158
mortality_rate,county,8,female,75-84,0.10693489529525153,0.0696804531851125,0.16120203828986543
mortality_rate,county,8,female,85+,0.15011404711263762,0.06728597589393046,0.2713071832140628
qualifying_event_rate,county,8,female,0-17,0.012349418471410679,0.007546792830942851,0.01739692195642667
qualifying_event_rate,county,8,female,18-44,0.015170480106724827,0.010638396340699885,0.020527082561360644
qualifying_event_rate,county,8,female,45-64,0.019271143370682475,0.013679198289647058,0.025934848340411966
qualifying_event_rate,county,8,female,65-74,0.029718894267312813,0.019361452977256815,0.04212601535315513
qualifying_event_rate,county,8,female,75-84,0.027892873724821545,0.011390875622512443,0.046947854630995926
qualifying_event_rate,county,8,female,85+,0.01964206944427295,0.0,0.05777376135040991
person_years_exposure,county,9,male,0-17,650.1337000223018,629.0453512009302,671.897098668793
person_years_exposure,county,9,male,18-44,900.8983091056068,880.6967318633542,918.5917239636428
person_years_exposure,county,9,male,45-64,779.1376080830004,762.1221791236255,796.5089198724336
person_years_exposure,county,9,male,65-74,281.6442946751248,264.45866438059227,296.38109155874304
person_years_exposure,county,9,male,75-84,96.1320960089031,80.84042565085691,109.7100890459553
person_years_exposure,county,9,male,85+,15.27902375815193,9.095229281873218,21.75072422440921
person_years_exposure,county,9,male,18-64,1680.035917188607,1647.4034024583223,1710.7949556988608
person_years_exposure,county,9,male,65+,393.0554144421798,366.0290149880559,416.66463433897894
mortality_rate,county,9,male,0-17,0.00022531423151111085,0.0,0.0015580790282024436
mortality_rate,county,9,male,18-44,0.0009203053819949056,0.0,0.00329496020296476
mortality_rate,county,9,male,45-64,0.007782292241570332,0.0025505905149017633,0.01418244740215101
mortality_rate,county,9,male,65-74,0.035824603840093935,0.017006922973171648,0.059443935843361884
mortality_rate,county,9,male,75-84,0.09934276636168733,0.0488855885898594,0.1689055105014507
mortality_rate,county,9,male,85+,0.1330162369649639,0.0075482574851712175,0.33098140173120183
qualifying_event_rate,county,9,male,0-17,0.01081583415997169,0.004568676874121839,0.018313870303686926
qualifying_event_rate,county,9,male,18-44,0.013528705912823815,0.007675905720954364,0.0208204387153437
qualifying_event_rate,county,9,male,45-64,0.019725835931363164,0.011506544901332722,0.02935753801700205
qualifying_event_rate,county,9,male,65-74,0.02906125367820458,0.013883862264249664,0.04745985464967332
qualifying_event_rate,county,9,male,75-84,0.02811373130511933,0.0,0.05747068308810361
qualifying_event_rate,county,9,male,85+,0.0189886891875412,0.0,0.08569296228287865
person_years_exposure,county,9,female,0-17,627.8311536526019,605.3191063190425,650.1147853337474
person_years_exposure,county,9,female,18-44,873.2147667131252,851.7724894929569,890.2044337939834
person_years_exposure,county,9,female,45-64,819.1883682123118,800.9476032681345,835.6960203896836
person_years_exposure,county,9,female,65-74,288.6210944465804,271.0121496816289,305.31496802462135
person_years_exposure,county,9,female,75-84,103.49285093871478,87.11185987329608,117.84405600571561
person_years_exposure,county,9,female,85+,19.651000005149637,12.087416661795261,27.28979653239706
person_years_exposure,county,9,female,18-64,1692.403134925437,1657.52601674171,1723.2057068792888
person_years_exposure,county,9,female,65+,411.76494539044484,381.1206473034223,439.00262116417036
mortality_rate,county,9,female,0-17,0.00025509446141409436,0.0,0.0016212003489666923
mortality_rate,county,9,female,18-44,0.0010423051518310055,0.0,0.0034202749906316094
mortality_rate,county,9,female,45-64,0.008002037181698694,0.002445519221720602,0.01456272565563086
mortality_rate,county,9,female,65-74,0.03784345355602749,0.019589398642248495,0.06187527824902034
mortality_rate,county,9,female,75-84,0.1020595129365338,0.05317024032844927,0.1738250486081265
mortality_rate,county,9,female,85+,0.12608262301914697,0.024060518876440302,0.2848120933507907
qualifying_event_rate,county,9,female,0-17,0.012186587493153659,0.004917846442099813,0.02054080766635647
qualifying_event_rate,county,9,female,18-44,0.015144179413647598,0.008135482403221529,0.02290599808225677
qualifying_event_rate,county,9,female,45-64,0.01916137722756558,0.011045880013668317,0.028091633422852213
qualifying_event_rate,county,9,female,65-74,0.030297382667854374,0.014098044207690483,0.04817353594704179
qualifying_event_rate,county,9,female,75-84,0.02675363443157498,0.0,0.05530871910084365
qualifying_event_rate,county,9,female,85+,0.017386908524272573,0.0,0.07162869002215648
person_years_exposure,county,10,male,0-17,5537.791097639377,5431.874149414547,5608.950881284058
person_years_exposure,county,10,male,18-44,8136.47908382148,8076.528883284324,8206.053129423284
person_years_exposure,county,10,male,45-64,6048.953254373935,5993.847964074431,6095.7606010419195
person_years_exposure,county,10,male,65-74,1999.8499189684912,1930.9833178412741,2051.7941519115816
person_years_exposure,county,10,male,75-84,718.2004667351847,647.8122989848833,768.0450573484777
person_years_exposure,county,10,male,85+,128.6073688071629,100.30862935932561,153.08440757232202
person_years_exposure,county,10,male,18-64,14185.432338195416,14086.198308337502,14293.60842804589
person_years_exposure,county,10,male,65+,2846.657754510839,2679.02629602944,2942.4169355147756
mortality_rate,county,10,male,0-17,0.00028823611763369275,0.0,0.0007219857325164549
mortality_rate,county,10,male,18-44,0.0009137331069015896,0.00036931471805734675,0.0015906852198739384
mortality_rate,county,10,male,45-64,0.0076269006694076255,0.005294513815393126,0.010446706770891073
mortality_rate,county,10,male,65-74,0.039657272777202615,0.02936982031371612,0.054464674491531896
mortality_rate,county,10,male,75-84,0.10791749411819697,0.07978835438578888,0.15208783394622735
mortality_rate,county,10,male,85+,0.17892665845401146,0.11336350599893794,0.2815311898396025
qualifying_event_rate,county,10,male,0-17,0.007448994704781166,0.005362787776136071,0.00995788281509387
qualifying_event_rate,county,10,male,18-44,0.014684121909539147,0.011879708620147238,0.018679441865616042
qualifying_event_rate,county,10,male,45-64,0.019830393781479983,0.015965667298874338,0.02538044410928176
qualifying_event_rate,county,10,male,65-74,0.03182001474344266,0.02446416948111618,0.04107959992245458
qualifying_event_rate,county,10,male,75-84,0.02855337141557362,0.018097757504411494,0.041357114382657344
qualifying_event_rate,county,10,male,85+,0.022056333638374167,0.0028427178082822747,0.0454900100958662
person_years_exposure,county,10,female,0-17,5684.84102799325,5576.315525696223,5772.86612893725
person_years_exposure,county,10,female,18-44,8182.702972155259,8113.893122202193,8261.338510918356
person_years_exposure,county,10,female,45-64,6163.200133267703,6104.704478820421,6214.609516784647
person_years_exposure,county,10,female,65-74,1924.3664719219041,1859.0633532130432,1974.1027611801999
person_years_exposure,county,10,female,75-84,666.4810501932722,597.2269518125432,714.3919985520819
person_years_exposure,county,10,female,85+,136.2907183830182,106.73576707287485,160.9218743252135
person_years_exposure,county,10,female,18-64,14345.903105422962,14233.844545200196,14464.674075017683
person_years_exposure,county,10,female,65+,2727.138240498194,2574.8688306029085,2824.4225880142935
mortality_rate,county,10,female,0-17,0.00018372256824896393,0.0,0.0005293452976283759
mortality_rate,county,10,female,18-44,0.001024037480006797,0.0004786444489491961,0.0017232437763090385
mortality_rate,county,10,female,45-64,0.007800996320560609,0.005500579663618623,0.01093217897931457
mortality_rate,county,10,female,65-74,0.035045776858394016,0.02572443351376781,0.04835973483993724
mortality_rate,county,10,female,75-84,0.11665200516053552,0.08612823358345337,0.16366753611890603
mortality_rate,county,10,female,85+,0.17791196148963842,0.11557254866595626,0.27447416075207254
qualifying_event_rate,county,10,female,0-17,0.0073988058679448345,0.005357578654601527,0.009977014644030929
qualifying_event_rate,county,10,female,18-44,0.014669078818112634,0.011817673432268324,0.01875314570660034
qualifying_event_rate,county,10,female,45-64,0.019063424305265322,0.015358987657849772,0.02420548777910335
qualifying_event_rate,county,10,female,65-74,0.029103277317971712,0.021965674613970983,0.03822569469922216
qualifying_event_rate,county,10,female,75-84,0.030566699856169895,0.019059842224815913,0.04424962967778479
qualifying_event_rate,county,10,female,85+,0.021169525265510577,0.0034417187055591045,0.043602426440447005
person_years_exposure,county,11,male,0-17,743.2490432307443,720.4693941846275,766.0685554656765
person_years_exposure,county,11,male,18-44,1029.4110130565887,1007.023496097368,1049.5101637925538
person_years_exposure,county,11,male,45-64,890.070032901042,872.0951327530563,908.8420286859673
person_years_exposure,county,11,male,65-74,321.5390214745788,303.06864962621097,337.64540395412706
person_years_exposure,county,11,male,75-84,109.34338478042645,94.15212332875038,123.88522687346261
person_years_exposure,county,11,male,85+,17.447380751482775,10.980077673470246,24.456265626577125
person_years_exposure,county,11,male,18-64,1919.4810459576306,1884.0901074273197,1953.6317457627597
person_years_exposure,county,11,male,65+,448.32978700648806,418.1774997538111,474.8940398784954
mortality_rate,county,11,male,0-17,0.0002029991260993243,0.0,0.0013596920044215736
mortality_rate,county,11,male,18-44,0.0009140352656187057,0.0,0.002907692310466211
mortality_rate,county,11,male,45-64,0.00784644630264332,0.003325693517025222,0.013638399843536429
mortality_rate,county,11,male,65-74,0.03643236366743069,0.01798091778668658,0.059808500007459006
mortality_rate,county,11,male,75-84,0.10068258967122944,0.05355582123385329,0.16688482185968576
mortality_rate,county,11,male,85+,0.13346570466812896,0.019105638352695766,0.314622777217606
qualifying_event_rate,county,11,male,0-17,0.010893629478896426,0.0052871501222431,0.01751659676936811
qualifying_event_rate,county,11,male,18-44,0.013293117965212365,0.007728715894077717,0.019802317997136207
qualifying_event_rate,county,11,male,45-64,0.019665762920866792,0.012299279889579977,0.028818600798742475
qualifying_event_rate,county,11,male,65-74,0.0287120607520309,0.014902808859185561,0.04504248887661044
qualifying_event_rate,county,11,male,75-84,0.02841121456952729,0.008179059194408554,0.05729640174320951
qualifying_event_rate,county,11,male,85+,0.018683376217404384,0.0,0.08047477239957189
person_years_exposure,county,11,female,0-17,717.5019930641356,694.185679980211,741.4786455524135
person_years_exposure,county,11,female,18-44,997.846136560863,975.6605623993768,1016.6370705649439
person_years_exposure,county,11,female,45-64,936.1196906233573,916.6584602855429,954.296216727488
person_years_exposure,county,11,female,65-74,330.3337896541127,309.9842362703035,348.5378367006042
person_years_exposure,county,11,female,75-84,117.81656746348348,100.50571028612197,133.74063210203755
person_years_exposure,county,11,female,85+,22.09574609242235,14.66038760261075,29.937767813106397
person_years_exposure,county,11,female,18-64,1933.9658271842204,1897.7413359993748,1967.6007818895603
person_years_exposure,county,11,female,65+,470.24610321001853,436.09416178836017,501.74207053602765
mortality_rate,county,11,female,0-17,0.00027357284634393236,0.0,0.001418058199328148
mortality_rate,county,11,female,18-44,0.001038369318210816,0.0,0.003026089506485544
mortality_rate,county,11,female,45-64,0.007984151138593208,0.0031728337478399205,0.013867944405743612
mortality_rate,county,11,female,65-74,0.03750826876781801,0.02021778989357468,0.06024458668704759
mortality_rate,county,11,female,75-84,0.10382827646467042,0.056364743572276686,0.16961776101659112
mortality_rate,county,11,female,85+,0.13329013996282177,0.0400701861019369,0.2780924912242666
qualifying_event_rate,county,11,female,0-17,0.012110702421732887,0.005536180414118844,0.019438141534583765
qualifying_event_rate,county,11,female,18-44,0.015153243485878575,0.008914015181990862,0.022365144600691077
qualifying_event_rate,county,11,female,45-64,0.019114079733046848,0.011646343777807319,0.02774596696978907
qualifying_event_rate,county,11,female,65-74,0.029543785107943525,0.01488722479027495,0.04667433558133092
qualifying_event_rate,county,11,female,75-84,0.027297221393250814,0.00752952319576369,0.055104450214106725
qualifying_event_rate,county,11,female,85+,0.01728290172486879,0.0,0.06692314571101719
person_years_exposure,county,12,male,0-17,740.1093770850559,718.0118835469026,763.3705436770715
person_years_exposure,county,12,male,18-44,1025.625265540863,1003.3035757882088,1045.7234995288884
person_years_exposure,county,12,male,45-64,886.5804587904613,867.3843269938678,904.7697352487727
person_years_exposure,county,12,male,65-74,320.08929374077763,301.0512131791937,336.4986312168324
person_years_exposure,county,12,male,75-84,109.38945574749076,92.9009575399963,124.46482128036556
person_years_exposure,county,12,male,85+,17.264409272989184,10.56416754923061,23.98016964031778
person_years_exposure,county,12,male,18-64,1912.2057243313243,1875.7371140025898,1946.8506789603975
person_years_exposure,county,12,male,65+,446.7431587612575,416.7166910615288,473.05962180992435
mortality_rate,county,12,male,0-17,0.00021705512215330056,0.0,0.0013684718386994844
mortality_rate,county,12,male,18-44,0.0009164569534607968,0.0,0.002908454685283805
mortality_rate,county,12,male,45-64,0.007874025376979251,0.0033322824460644065,0.013721735517496579
mortality_rate,county,12,male,65-74,0.03629952883270301,0.018153495492084223,0.06107512020507139
mortality_rate,county,12,male,75-84,0.10020024560993039,0.05186018551861606,0.16568601994236234
mortality_rate,county,12,male,85+,0.13352431043465018,0.023217250034515725,0.3115753485207998
qualifying_event_rate,county,12,male,0-17,0.010877166562132116,0.005304818740487984,0.01792110553672919
qualifying_event_rate,county,12,male,18-44,0.013455968484475823,0.007796314239927876,0.020146117064210683
qualifying_event_rate,county,12,male,45-64,0.019525071530018076,0.012256527133607392,0.028866117909371165
qualifying_event_rate,county,12,male,65-74,0.028786828078705407,0.014937059596149082,0.04578759233470004
qualifying_event_rate,county,12,male,75-84,0.027497988307192096,0.008020366359744856,0.05592602750677643
qualifying_event_rate,county,12,male,85+,0.01699087917987097,0.0,0.07931309996394303
person_years_exposure,county,12,female,0-17,714.653236464494,689.9357616935827,739.2759110978324
person_years_exposure,county,12,female,18-44,994.0409224932795,970.9645476366592,1012.7983264965713
person_years_exposure,county,12,female,45-64,932.8427326782057,912.5150316363764,951.6145258890954
person_years_exposure,county,12,female,65-74,329.09818049077853,309.39048680754536,347.8278604579994
person_years_exposure,county,12,female,75-84,117.6400175294064,100.40261194353315,133.45620398818278
person_years_exposure,county,12,female,85+,22.210192811587685,14.340607936055857,30.43935993535375
person_years_exposure,county,12,female,18-64,1926.8836551714853,1889.538643674365,1960.075566055985
person_years_exposure,county,12,female,65+,468.9483908317726,435.1298513942803,499.7891885328967
mortality_rate,county,12,female,0-17,0.00026646445826242486,0.0,0.0014251219314896162
mortality_rate,county,12,female,18-44,0.0010172925941656459,0.0,0.0030312222714179234
mortality_rate,county,12,female,45-64,0.007994925137153554,0.0031888177949221178,0.013959668801537432
mortality_rate,county,12,female,65-74,0.03730902698365657,0.01814253674957518,0.060248379721577296
mortality_rate,county,12,female,75-84,0.10334661235309892,0.05519895339824695,0.1696519269916064
mortality_rate,county,12,female,85+,0.13145120904326235,0.03787679898094291,0.27457480111616117
qualifying_event_rate,county,12,female,0-17,0.01229221043230586,0.005608599109373471,0.019574627303188874
qualifying_event_rate,county,12,female,18-44,0.01534289434030128,0.008989876049287132,0.022949639429902417
qualifying_event_rate,county,12,female,45-64,0.01923356842770115,0.011824242111269976,0.028049039797442686
qualifying_event_rate,county,12,female,65-74,0.029353184189405555,0.014834533311756007,0.04673206470401707
qualifying_event_rate,county,12,female,75-84,0.02728142099682987,0.007754544225541692,0.054258700506576475
qualifying_event_rate,county,12,female,85+,0.018127577365442273,0.0,0.07339414010577719
person_years_exposure,county,13,male,0-17,2910.0250922922883,2843.539193543624,2971.253705833408
person_years_exposure,county,13,male,18-44,3961.1611118086857,3875.405098325756,4040.9838405143914
person_years_exposure,county,13,male,45-64,3294.469787896776,3244.1852198317156,3345.15328185458
person_years_exposure,county,13,male,65-74,1078.9100507605506,1033.4375554655537,1117.4396451201633
person_years_exposure,county,13,male,75-84,348.48863677258214,309.09647267997,380.9204835272799
person_years_exposure,county,13,male,85+,48.390769198818866,34.56155243772404,60.88222996272734
person_years_exposure,county,13,male,18-64,7255.630899705462,7127.543413377033,7378.12601476907
person_years_exposure,county,13,male,65+,1475.7894567319515,1387.7824348859644,1540.834933784916
mortality_rate,county,13,male,0-17,0.00020688851888069182,0.0,0.0006951446984173583
mortality_rate,county,13,male,18-44,0.0009381866803325036,0.0002502147681709584,0.0017893174891517737
mortality_rate,county,13,male,45-64,0.007755658086126171,0.004835570967291858,0.011358579419336065
mortality_rate,county,13,male,65-74,0.03557011365122341,0.024119888582855735,0.051660729669359924
mortality_rate,county,13,male,75-84,0.10379285012148165,0.0688547063902921,0.15184119734072019
mortality_rate,county,13,male,85+,0.1550909668577758,0.07142507050169064,0.2820506976280578
qualifying_event_rate,county,13,male,0-17,0.010734879782992717,0.007514526455139655,0.014725909288012151
qualifying_event_rate,county,13,male,18-44,0.014966857226726044,0.011244553831701802,0.019731852867397297
qualifying_event_rate,county,13,male,45-64,0.01888966945185714,0.014228999569262497,0.024722320939141867
qualifying_event_rate,county,13,male,65-74,0.030231157079088914,0.021293686988645196,0.041781950052670706
qualifying_event_rate,county,13,male,75-84,0.02841878156710634,0.014108090223860168,0.04559874013269971
qualifying_event_rate,county,13,male,85+,0.019297934443645866,0.0,0.05674869617245623
person_years_exposure,county,13,female,0-17,2928.176030367082,2869.5636257687984,2982.343608324246
person_years_exposure,county,13,female,18-44,3933.457412327019,3839.4570988531423,4021.4671172682506
person_years_exposure,county,13,female,45-64,3246.2093557073454,3189.9494105598365,3301.1121770003992
person_years_exposure,county,13,female,65-74,1086.9538688882164,1043.3070531422643,1121.9890751977148
person_years_exposure,county,13,female,75-84,408.0490270688741,366.1337289090616,438.6430509771655
person_years_exposure,county,13,female,85+,91.41654675115582,69.51647139502546,113.92040325846881
person_years_exposure,county,13,female,18-64,7179.666768034364,7035.749369968688,7317.161708441323
person_years_exposure,county,13,female,65+,1586.4194427082464,1495.2489293684691,1654.4587226821052
mortality_rate,county,13,female,0-17,0.0001685869765446153,0.0,0.0006858840772690664
mortality_rate,county,13,female,18-44,0.001006737971813276,0.0002520814985658977,0.002006153179062605
mortality_rate,county,13,female,45-64,0.007793795838912273,0.004905197261696408,0.011379850180441237
mortality_rate,county,13,female,65-74,0.03569905197167164,0.023858660207567602,0.05167880444403666
mortality_rate,county,13,female,75-84,0.09880560693454053,0.06671046291204148,0.1446087346301965
mortality_rate,county,13,female,85+,0.15619652520629293,0.09094780179663682,0.2544441499199937
qualifying_event_rate,county,13,female,0-17,0.012220304638076744,0.00862044646187272,0.016617400485771382
qualifying_event_rate,county,13,female,18-44,0.015897398071549593,0.01216391053144695,0.020603389222364
qualifying_event_rate,county,13,female,45-64,0.015520807052668182,0.011655484973343446,0.020495100124585733
qualifying_event_rate,county,13,female,65-74,0.031348806979364346,0.022169372531323898,0.042817724892766466
qualifying_event_rate,county,13,female,75-84,0.029060855474798145,0.01522277955349096,0.04461399850101482
qualifying_event_rate,county,13,female,85+,0.02040063751667957,0.0,0.047786463463042446
person_years_exposure,county,14,male,0-17,1411.23802867745,1378.3501261141178,1441.2292345437766
person_years_exposure,county,14,male,18-44,1942.1702696056677,1914.719404543464,1967.6955452744107
person_years_exposure,county,14,male,45-64,1781.039698569089,1751.1857376045748,1812.7615087867537
person_years_exposure,county,14,male,65-74,627.5874295434036,597.6322490302241,654.453620352736
person_years_exposure,county,14,male,75-84,215.1688614029131,189.23495397785712,238.18632008893772
person_years_exposure,county,14,male,85+,47.967990552992255,34.94005261267887,61.5892491071511
person_years_exposure,county,14,male,18-64,3723.209968174757,3672.5646202905477,3774.234525444524
person_years_exposure,county,14,male,65+,890.7242814993089,832.4292150883713,937.4902942210724
mortality_rate,county,14,male,0-17,0.00020898095785895719,0.0,0.0007244080072484217
mortality_rate,county,14,male,18-44,0.0009277033227708831,0.0,0.0020827474644053313
mortality_rate,county,14,male,45-64,0.00781369663878391,0.00442729819189707,0.011919766893511008
mortality_rate,county,14,male,65-74,0.03653935618449805,0.022274029682247613,0.05477158196905515
mortality_rate,county,14,male,75-84,0.10313621911149146,0.062405710538507846,0.1563737230840983
mortality_rate,county,14,male,85+,0.1556989773742104,0.07647788210850912,0.27047702985869204
qualifying_event_rate,county,14,male,0-17,0.004760890695594786,0.002104265118453349,0.008387082066380532
qualifying_event_rate,county,14,male,18-44,0.013259620852644757,0.008732488466123534,0.01849726484699997
qualifying_event_rate,county,14,male,45-64,0.01600764650510346,0.010737011813166083,0.02204496533362647
qualifying_event_rate,county,14,male,65-74,0.023330757045919068,0.013886927498776744,0.034931545805317106
qualifying_event_rate,county,14,male,75-84,0.029082288109265643,0.011154305536361861,0.04986395476611992
qualifying_event_rate,county,14,male,85+,0.019812979941762645,0.0,0.0559058821652345
person_years_exposure,county,14,female,0-17,1468.7158385418113,1432.6702506650536,1505.6432046098726
person_years_exposure,county,14,female,18-44,1869.8376252668415,1836.6916973771172,1897.0667483404104
person_years_exposure,county,14,female,45-64,1809.7788749388872,1780.8835677313805,1837.5488823194596
person_years_exposure,county,14,female,65-74,666.1706569311561,636.4972704508771,694.6542301507307
person_years_exposure,county,14,female,75-84,227.4012675409174,200.90938054946145,250.07017495949893
person_years_exposure,county,14,female,85+,49.98233550191307,36.932199961739705,62.37907572104403
person_years_exposure,county,14,female,18-64,3679.6165002057287,3630.2660829178963,3728.432184219002
person_years_exposure,county,14,female,65+,943.5542599739866,886.9598726398664,991.7359384735335
mortality_rate,county,14,female,0-17,0.00025931454200026164,0.0,0.0007072334378653438
mortality_rate,county,14,female,18-44,0.0010427146212611698,0.0,0.0024906754326088705
mortality_rate,county,14,female,45-64,0.007953481592736605,0.00436388048013364,0.012350514680084381
mortality_rate,county,14,female,65-74,0.03595057587844938,0.0220095692978368,0.053589562075244776
mortality_rate,county,14,female,75-84,0.09407003714514418,0.05734368472262444,0.14302299433762153
mortality_rate,county,14,female,85+,0.14253781114026057,0.06614391333024604,0.25269991369504685
qualifying_event_rate,county,14,female,0-17,0.003990451855934795,0.001362413417077726,0.0068810201851469445
qualifying_event_rate,county,14,female,18-44,0.014516530377137099,0.009618387666080294,0.020384875527883695
qualifying_event_rate,county,14,female,45-64,0.017451847191036825,0.011728240530917632,0.024051652076751067
qualifying_event_rate,county,14,female,65-74,0.024110956481846198,0.014067602677545067,0.03515695249185392
qualifying_event_rate,county,14,female,75-84,0.02806563610125901,0.00986378959734705,0.04712128369159582
qualifying_event_rate,county,14,female,85+,0.01884377586528002,0.0,0.05362733283445123
person_years_exposure,county,15,male,0-17,90.21082869384954,83.51889644993871,97.96792321270023
person_years_exposure,county,15,male,18-44,124.73508055410518,119.94635078026418,128.59909362851192
person_years_exposure,county,15,male,45-64,108.05084598773905,102.71434205372394,112.18618652831456
person_years_exposure,county,15,male,65-74,39.57939892253636,34.506333296066956,43.59109063045826
person_years_exposure,county,15,male,75-84,15.055906818675275,11.802219057801207,17.72368025979907
person_years_exposure,county,15,male,85+,3.265007179416009,2.0283956713754043,4.7041547224257085
person_years_exposure,county,15,male,18-64,232.78592654184422,225.54792840653687,239.25012425243068
person_years_exposure,county,15,male,65+,57.90031292062765,51.46504520429025,63.43873910003088
mortality_rate,county,15,male,0-17,0.00021931078147819426,0.0,0.00021931078147819426
mortality_rate,county,15,male,18-44,0.0008688856524244556,0.0,0.0075229476854883435
mortality_rate,county,15,male,45-64,0.0074248777301643785,0.0,0.020060822923109466
mortality_rate,county,15,male,65-74,0.028435693767602178,0.0,0.0816755501085659
mortality_rate,county,15,male,75-84,0.0448598467967009,0.0,0.1341749725219923
mortality_rate,county,15,male,85+,0.03296326414820351,0.0,0.14337249299740554
qualifying_event_rate,county,15,male,0-17,0.010585349702304046,0.0,0.03221692919934091
qualifying_event_rate,county,15,male,18-44,0.012381502697642082,0.0,0.029185855275018706
qualifying_event_rate,county,15,male,45-64,0.019074228432696915,0.0,0.04469708007873794
qualifying_event_rate,county,15,male,65-74,0.023275948382331043,0.0,0.06336573080958548
qualifying_event_rate,county,15,male,75-84,0.013360753829677812,0.0,0.056330871712653253
qualifying_event_rate,county,15,male,85+,0.004199094520195134,0.0,0.03842476802548939
person_years_exposure,county,15,female,0-17,87.04736772131676,79.66199572874996,95.2643543404422
person_years_exposure,county,15,female,18-44,121.05149629873817,115.59542527121167,125.20163906212554
person_years_exposure,county,15,female,45-64,113.54342267411597,107.87041881368981,117.6424461474944
person_years_exposure,county,15,female,65-74,40.65587426628861,35.5296649259042,44.919564016604795
person_years_exposure,county,15,female,75-84,16.319636976789738,12.817556749798863,19.214851206571726
person_years_exposure,county,15,female,85+,3.9512620537130707,2.6058970137805564,5.7022103439732055
person_years_exposure,county,15,female,18-64,234.59491897285415,226.68693703000923,241.0912296190798
person_years_exposure,county,15,female,65+,60.926773296791424,54.16184612320143,67.03365772923611
mortality_rate,county,15,female,0-17,0.0003009928974866751,0.0,0.0003009928974866751
mortality_rate,county,15,female,18-44,0.0008121945886283926,0.0,0.007492529123312018
mortality_rate,county,15,female,45-64,0.007755538782698429,0.0,0.026034933089333974
mortality_rate,county,15,female,65-74,0.02916844865103972,0.0,0.07772321100984934
mortality_rate,county,15,female,75-84,0.04383258537920828,0.0,0.12300363006405075
mortality_rate,county,15,female,85+,0.03370351654670028,0.0,0.1378195280926702
qualifying_event_rate,county,15,female,0-17,0.012432645302895706,0.0,0.03410457031129231
qualifying_event_rate,county,15,female,18-44,0.013504360924893023,0.0,0.030672598529822438
qualifying_event_rate,county,15,female,45-64,0.01820939703860303,0.0,0.04164542051089155
qualifying_event_rate,county,15,female,65-74,0.023622611346650876,0.0,0.062378463950082064
qualifying_event_rate,county,15,female,75-84,0.01346015058897867,0.0,0.055409418339604166
qualifying_event_rate,county,15,female,85+,0.004142433038949415,0.0,0.04013489346142493
person_years_exposure,county,16,male,0-17,2233.7404676064,2157.1670578833077,2313.0248765838583
person_years_exposure,county,16,male,18-44,3103.1459897715367,3068.23640786113,3142.7594137478914
person_years_exposure,county,16,male,45-64,2627.5590250237838,2596.832974395065,2654.0079607902812
person_years_exposure,county,16,male,65-74,920.8161190545585,884.7902248726609,952.1572518657115
person_years_exposure,county,16,male,75-84,353.84161682223964,308.9719421652554,389.87235674973454
person_years_exposure,county,16,male,85+,85.62385378074785,64.71796060650482,104.01842191030457
person_years_exposure,county,16,male,18-64,5730.7050147953205,5677.245424856145,5786.588515939139
person_years_exposure,county,16,male,65+,1360.281589657546,1267.2353993150236,1429.2259416403263
mortality_rate,county,16,male,0-17,0.00022580713317626013,0.0,0.0009002265642650711
mortality_rate,county,16,male,18-44,0.0009220733199248096,0.0,0.0019430011842729085
mortality_rate,county,16,male,45-64,0.007811952839884996,0.004546856197001477,0.011567831025284176
mortality_rate,county,16,male,65-74,0.03489389326502031,0.022719128123444635,0.050174094489236085
mortality_rate,county,16,male,75-84,0.10815874305287415,0.07167240068116962,0.15906678261372215
mortality_rate,county,16,male,85+,0.1718601603549323,0.10212628785533605,0.27336028331544293
qualifying_event_rate,county,16,male,0-17,0.00734015268627845,0.0044711613360097855,0.010849547509719181
qualifying_event_rate,county,16,male,18-44,0.012182697051511681,0.00843032557833599,0.016206349843040382
qualifying_event_rate,county,16,male,45-64,0.01662367508551197,0.011880655117375637,0.022089941224648794
qualifying_event_rate,county,16,male,65-74,0.02357209648820661,0.014938677313895695,0.03374376251376476
qualifying_event_rate,county,16,male,75-84,0.028614680041269214,0.014330426964237523,0.04500748997426638
qualifying_event_rate,county,16,male,85+,0.020926957128880985,0.0,0.048351337827900784
person_years_exposure,county,16,female,0-17,2274.458372050861,2215.161716972409,2335.413394931246
person_years_exposure,county,16,female,18-44,3124.0498340991217,3063.723396615407,3182.072357199801
person_years_exposure,county,16,female,45-64,2527.8333988103163,2491.466370058919,2561.84425075614
person_years_exposure,county,16,female,65-74,900.7532088647455,862.2281281247465,933.5339002597336
person_years_exposure,county,16,female,75-84,298.82462889012095,265.4876469468227,327.57139818624825
person_years_exposure,county,16,female,85+,62.50733883567365,44.82816034299498,79.77768036561767
person_years_exposure,county,16,female,18-64,5651.883232909438,5566.700134739533,5736.270517422147
person_years_exposure,county,16,female,65+,1262.08517659054,1189.239781359514,1327.1977634470904
mortality_rate,county,16,female,0-17,0.00033275435892790914,0.0,0.0008996989227228602
mortality_rate,county,16,female,18-44,0.001011870162247771,0.0,0.002229357132243782
mortality_rate,county,16,female,45-64,0.00783928492254524,0.004686521777241833,0.011622571117156746
mortality_rate,county,16,female,65-74,0.03241698918625173,0.02122112016296444,0.047177895093113986
mortality_rate,county,16,female,75-84,0.10391470323092644,0.06775987540587639,0.15352384381065187
mortality_rate,county,16,female,85+,0.15575098195374792,0.08276582587208266,0.2690930792713218
qualifying_event_rate,county,16,female,0-17,0.005348328609013548,0.002666076528016518,0.008251449669421223
qualifying_event_rate,county,16,female,18-44,0.012499738083967135,0.008839097054411453,0.01684094721997407
qualifying_event_rate,county,16,female,45-64,0.015304801455451088,0.01093160444271658,0.020564635261644933
qualifying_event_rate,county,16,female,65-74,0.02125825066350141,0.013182558601405426,0.03050776940698204
qualifying_event_rate,county,16,female,75-84,0.029021763483203247,0.013885181301176476,0.04602138053670628
qualifying_event_rate,county,16,female,85+,0.02009603746548904,0.0,0.05467248309878694
person_years_exposure,county,17,male,0-17,660.9804448104929,642.0500991431833,680.7351891505192
person_years_exposure,county,17,male,18-44,909.9998416481907,894.8753949370022,923.6192853450009
person_years_exposure,county,17,male,45-64,834.204624715224,817.2783171465395,852.1705427572579
person_years_exposure,county,17,male,65-74,294.011812307434,277.74454876918344,309.87170903462356
person_years_exposure,county,17,male,75-84,101.35870284135625,86.28747906374247,114.50208334003663
person_years_exposure,county,17,male,85+,24.117224306157436,16.182077349174424,32.607358665778015
person_years_exposure,county,17,male,18-64,1744.2044663634147,1716.678325428332,1772.3166910110342
person_years_exposure,county,17,male,65+,419.4877394549477,390.2460343531578,445.72690601288434
mortality_rate,county,17,male,0-17,0.00019650023464345935,0.0,0.0015236392791486374
mortality_rate,county,17,male,18-44,0.000899296172972721,0.0,0.0032645020632303505
mortality_rate,county,17,male,45-64,0.007894285195311766,0.0034746598388176726,0.013554368608969284
mortality_rate,county,17,male,65-74,0.035984035988551544,0.016624806040487074,0.05798601996862118
mortality_rate,county,17,male,75-84,0.10068895024342732,0.05286267469688233,0.17017117954043598
mortality_rate,county,17,male,85+,0.13086661747198886,0.04199676564928138,0.2649771671112126
qualifying_event_rate,county,17,male,0-17,0.004782490673239684,0.0014482864766810946,0.009250393860624474
qualifying_event_rate,county,17,male,18-44,0.013289300904543784,0.006685821931771363,0.020003883178638663
qualifying_event_rate,county,17,male,45-64,0.016087671727822633,0.009427445369107949,0.024227157705059624
qualifying_event_rate,county,17,male,65-74,0.02330535881356066,0.010077477024298682,0.03975903985527837
qualifying_event_rate,county,17,male,75-84,0.02769327171213497,0.0,0.057740548234854666
qualifying_event_rate,county,17,male,85+,0.017202995641795147,0.0,0.06610953402292932
person_years_exposure,county,17,female,0-17,687.9017711868195,666.9435717132365,710.0122787754299
person_years_exposure,county,17,female,18-44,875.9022237191361,858.7090616657572,890.6677289182181
person_years_exposure,county,17,female,45-64,847.9222316912494,831.0166540852387,865.1733136174417
person_years_exposure,county,17,female,65-74,312.3210222233616,294.2911266891511,329.0790185105674
person_years_exposure,county,17,female,75-84,107.22774186144974,92.94090676788099,120.86171016208108
person_years_exposure,county,17,female,85+,24.604222873673507,17.7588542616611,31.903499623720993
person_years_exposure,county,17,female,18-64,1723.8244554103856,1697.3389312931793,1750.2067643883304
person_years_exposure,county,17,female,65+,444.1529869584848,414.92783315176956,470.81352492961884
mortality_rate,county,17,female,0-17,0.00026901892319701855,0.0,0.0014784738236850524
mortality_rate,county,17,female,18-44,0.0010274004556455603,0.0,0.00341266628147433
mortality_rate,county,17,female,45-64,0.007972152837079293,0.0034778318317128195,0.01412739809554255
mortality_rate,county,17,female,65-74,0.03566913898310295,0.01832759492246787,0.057154790667142415
mortality_rate,county,17,female,75-84,0.09015929711283135,0.04624525245318366,0.1491301442218695
mortality_rate,county,17,female,85+,0.12311144786587462,0.03770799245524877,0.2465002181534341
qualifying_event_rate,county,17,female,0-17,0.0040076011619270884,0.0,0.008703289590866074
qualifying_event_rate,county,17,female,18-44,0.014519626840881315,0.007975813139016465,0.022582707692434537
qualifying_event_rate,county,17,female,45-64,0.017480689939495742,0.010499231125003875,0.025841508516438867
qualifying_event_rate,county,17,female,65-74,0.024270301786103673,0.00998608692916767,0.039249133198877614
qualifying_event_rate,county,17,female,75-84,0.027464643957717024,0.0,0.056089176149443726
qualifying_event_rate,county,17,female,85+,0.016552900872371042,0.0,0.06458791257067988
person_years_exposure,state,0,male,0-17,14596.423435420358,14325.78015564606,14739.703068133907
person_years_exposure,state,0,male,18-44,21447.695368071767,21295.313694225533,21615.714122096557
person_years_exposure,state,0,male,45-64,15944.288948571328,15812.667822537058,16051.132025284274
person_years_exposure,state,0,male,65-74,5271.747380387642,5096.000989677953,5381.814180079969
person_years_exposure,state,0,male,75-84,1892.8608409124547,1707.5237453545135,1997.7356442360567
person_years_exposure,state,0,male,85+,334.5407617684381,266.6736547925062,378.57106857777416
person_years_exposure,state,0,male,18-64,37391.984316643095,37139.5477425775,37653.68620079422
person_years_exposure,state,0,male,65+,7499.148983068534,7080.954492274323,7716.86314354232
mortality_rate,state,0,male,0-17,0.00028842414418342466,6.830841061208079e-05,0.0005457913304437584
mortality_rate,state,0,male,18-44,0.0009202984708270104,0.0005591778211071564,0.0013495517299190998
mortality_rate,state,0,male,45-64,0.0076564811909306625,0.005876603807098374,0.01022831754429774
mortality_rate,state,0,male,65-74,0.0396108432949314,0.031410832415518126,0.053143598993835924
mortality_rate,state,0,male,75-84,0.10799444253820142,0.08472391762356267,0.14898535285921405
mortality_rate,state,0,male,85+,0.1856589789374625,0.13750721247572248,0.2664434076464375
qualifying_event_rate,state,0,male,0-17,0.007450388372099741,0.00592492346443984,0.009517742332948463
qualifying_event_rate,state,0,male,18-44,0.014734382844598904,0.012505855370444123,0.018541426988956892
qualifying_event_rate,state,0,male,45-64,0.01983600504944996,0.01678274349539583,0.02472928324957933
qualifying_event_rate,state,0,male,65-74,0.03183659241348336,0.026160792108638205,0.04049501341557503
qualifying_event_rate,state,0,male,75-84,0.02865037122598822,0.021674655201845028,0.0382603111107304
qualifying_event_rate,state,0,male,85+,0.02272693964466246,0.010070486445070102,0.03843020422980769
person_years_exposure,state,0,female,0-17,14983.97215761684,14705.652964185401,15171.342275212779
person_years_exposure,state,0,female,18-44,21570.272975864988,21394.09742453654,21770.032042425606
person_years_exposure,state,0,female,45-64,16247.535819342294,16109.537294423759,16365.310266547187
person_years_exposure,state,0,female,65-74,5073.0183597477135,4916.630478467638,5179.182706389786
person_years_exposure,state,0,female,75-84,1755.3069300833552,1585.9398320841544,1854.704570889895
person_years_exposure,state,0,female,85+,352.33135616328394,281.7126504194267,400.3420716775018
person_years_exposure,state,0,female,18-64,37817.80879520728,37527.09567121096,38110.607094998544
person_years_exposure,state,0,female,65+,7180.656645994352,6791.667752287705,7398.5337585444395
mortality_rate,state,0,female,0-17,0.00017961901034578944,0.0,0.00039868881291660926
mortality_rate,state,0,female,18-44,0.001021778402487564,0.0006068477987628139,0.0014869874488191188
mortality_rate,state,0,female,45-64,0.007770108562383243,0.006029580728161357,0.010408793224475467
mortality_rate,state,0,female,65-74,0.034951397660636055,0.027504987295663752,0.046988863350327356
mortality_rate,state,0,female,75-84,0.11707653267820609,0.09186274633541047,0.16040514692156296
mortality_rate,state,0,female,85+,0.18664594310007993,0.1396266322445115,0.2656539589617638
qualifying_event_rate,state,0,female,0-17,0.00739905188916429,0.005889666446761557,0.00951919261655856
qualifying_event_rate,state,0,female,18-44,0.014697124901871446,0.012467520814869489,0.01845611109316025
qualifying_event_rate,state,0,female,45-64,0.019055353532067658,0.016143274847078077,0.02376481112941481
qualifying_event_rate,state,0,female,65-74,0.029197149562182157,0.02407570882865424,0.03721219439845514
qualifying_event_rate,state,0,female,75-84,0.030640094806541122,0.022668252052038297,0.041033510911280976
qualifying_event_rate,state,0,female,85+,0.02228725027822244,0.010169566705441127,0.03754943567356692
person_years_exposure,state,1,male,0-17,3533.8338280047456,3455.717567278361,3605.3170647956467
person_years_exposure,state,1,male,18-44,4809.936566122281,4705.950309435673,4908.2607668895025
person_years_exposure,state,1,male,45-64,4000.6066194080104,3940.999768598893,4061.2079734960935
person_years_exposure,state,1,male,65-74,1309.9632077884974,1254.9903791169902,1354.0699608067375
person_years_exposure,state,1,male,75-84,424.36200001800216,377.78823118928267,460.3319342364046
person_years_exposure,state,1,male,85+,60.35500905191835,45.13615017681806,73.7810896243511
person_years_exposure,state,1,male,18-64,8810.543185530292,8660.011980607595,8960.194363990939
person_years_exposure,state,1,male,65+,1794.680216858418,1689.852218687264,1871.74387583574
mortality_rate,state,1,male,0-17,0.00020366734756918894,0.0,0.0005781403953206253
mortality_rate,state,1,male,18-44,0.0009367814550270827,0.00020845918950582252,0.001838836297328507
mortality_rate,state,1,male,45-64,0.0077419899521596,0.004985754592532037,0.01117851834580729
mortality_rate,state,1,male,65-74,0.035565706551660255,0.02475397333351057,0.05111001767293528
mortality_rate,state,1,male,75-84,0.10246273271661255,0.06986693702258569,0.148228920137088
mortality_rate,state,1,male,85+,0.14428375692642278,0.07229732187187536,0.24768537313664912
qualifying_event_rate,state,1,male,0-17,0.01073302050507426,0.007689335955330885,0.014547022019692877
qualifying_event_rate,state,1,male,18-44,0.014999466912546774,0.011516475533060644,0.019511780110497704
qualifying_event_rate,state,1,male,45-64,0.01888324466276284,0.014589795552214825,0.024246515222422195
qualifying_event_rate,state,1,male,65-74,0.030234607263035146,0.021775014600748484,0.04106856356155735
qualifying_event_rate,state,1,male,75-84,0.02816986277938903,0.01511583635456584,0.04375330092137926
qualifying_event_rate,state,1,male,85+,0.018206886079944862,0.0,0.04955306165023462
person_years_exposure,state,1,female,0-17,3555.8353297178705,3486.3894079069696,3614.6890114582056
person_years_exposure,state,1,female,18-44,4776.412577187125,4661.710908682544,4883.867098378606
person_years_exposure,state,1,female,45-64,3941.8568639055393,3875.6396390426976,4007.11198467351
person_years_exposure,state,1,female,65-74,1319.9111104984468,1271.7775360859819,1359.9386264276761
person_years_exposure,state,1,female,75-84,496.2527692923881,446.7505411343956,530.9974061737598
person_years_exposure,state,1,female,85+,112.64176950433453,87.14841949679963,137.07220490045398
person_years_exposure,state,1,female,18-64,8718.269441092663,8547.893397349439,8884.390763200934
person_years_exposure,state,1,female,65+,1928.8056492951694,1819.8044579772761,2006.7284383510619
mortality_rate,state,1,female,0-17,0.0001672536850988505,0.0,0.0005675041591111183
mortality_rate,state,1,female,18-44,0.0010044885120299848,0.00021135279853125188,0.0018832809365107342
mortality_rate,state,1,female,45-64,0.007778595325407222,0.005087968453923242,0.011117767748237362
mortality_rate,state,1,female,65-74,0.03572789082411842,0.02444993507753829,0.05024989988117758
mortality_rate,state,1,female,75-84,0.09794344384636401,0.06917629569043496,0.14255538082636357
mortality_rate,state,1,female,85+,0.15014286537652397,0.09341159489690849,0.2382680414304576
qualifying_event_rate,state,1,female,0-17,0.012227645027349953,0.00891171113872888,0.016372462755650807
qualifying_event_rate,state,1,female,18-44,0.015883206248993566,0.012347666044359447,0.020536082327274552
qualifying_event_rate,state,1,female,45-64,0.015471224265123753,0.011732885464743461,0.02022749513923481
qualifying_event_rate,state,1,female,65-74,0.031359785692198563,0.022789775303849492,0.04243202201831293
qualifying_event_rate,state,1,female,75-84,0.02889030215628931,0.01614831208357036,0.04336637868342537
qualifying_event_rate,state,1,female,85+,0.019920732298439502,0.0,0.043745641924616274
person_years_exposure,state,2,male,0-17,4684.094471640102,4588.700231810363,4765.048086948169
person_years_exposure,state,2,male,18-44,6427.084946469154,6310.173275973119,6548.498501156944
person_years_exposure,state,2,male,45-64,4921.381797608572,4837.162811962215,4998.512142798674
person_years_exposure,state,2,male,65-74,1539.3385291453196,1478.7428695823016,1590.6360167209707
person_years_exposure,state,2,male,75-84,533.0146545273599,477.2652285488695,575.1275713182926
person_years_exposure,state,2,male,85+,145.58835642416557,117.3489391008723,170.29286790911317
person_years_exposure,state,2,male,18-64,11348.466744077727,11148.052943607623,11540.619358152418
person_years_exposure,state,2,male,65+,2217.9415400968455,2083.745132469671,2311.7726367984187
mortality_rate,state,2,male,0-17,0.0002276654018095851,0.0,0.0006415611914691651
mortality_rate,state,2,male,18-44,0.0009199501337691518,0.00031293936558247253,0.0015769922160359983
mortality_rate,state,2,male,45-64,0.0076778527017779905,0.005250387314844443,0.010817707554371602
mortality_rate,state,2,male,65-74,0.03827055686096177,0.027088537252357606,0.05351699982893581
mortality_rate,state,2,male,75-84,0.10931216438588887,0.07814377987317363,0.15638753853358603
mortality_rate,state,2,male,85+,0.15773587404056646,0.1016578030098801,0.23636406072631683
qualifying_event_rate,state,2,male,0-17,0.00805501874021532,0.005741189988369145,0.010839202188317318
qualifying_event_rate,state,2,male,18-44,0.01406257244287751,0.011140989864727491,0.0181030818049725
qualifying_event_rate,state,2,male,45-64,0.017071254296318703,0.01333632903921505,0.021893064647802354
qualifying_event_rate,state,2,male,65-74,0.020571040531660013,0.01435325445652114,0.02820575207871846
qualifying_event_rate,state,2,male,75-84,0.028998924928602923,0.017584421415039363,0.043211168753697196
qualifying_event_rate,state,2,male,85+,0.021270537686339543,0.005068303695477912,0.04220459012058942
person_years_exposure,state,2,female,0-17,4759.305612664008,4658.356204106142,4849.4517733857465
person_years_exposure,state,2,female,18-44,6735.177219727682,6674.0149523829095,6804.598233276403
person_years_exposure,state,2,female,45-64,5370.855250890205,5313.147600572231,5424.421687906494
person_years_exposure,state,2,female,65-74,1657.33653914443,1590.6016991476836,1708.5814277806858
person_years_exposure,state,2,female,75-84,598.1102547548466,533.15134972897,643.2522229566547
person_years_exposure,state,2,female,85+,154.1398783483066,123.76789285727355,183.94755127850362
person_years_exposure,state,2,female,18-64,12106.032470617887,11999.735883193795,12217.252968250912
person_years_exposure,state,2,female,65+,2409.586672247583,2265.10968367278,2511.0446871173
mortality_rate,state,2,female,0-17,0.00016127943600796637,0.0,0.0004323065441487316
mortality_rate,state,2,female,18-44,0.0010234424694958067,0.00044207773142441586,0.001787133022091089
mortality_rate,state,2,female,45-64,0.00781543794734417,0.005380814302318863,0.011024678151384458
mortality_rate,state,2,female,65-74,0.036989630559975374,0.026191702391817076,0.05195177315549407
mortality_rate,state,2,female,75-84,0.10515587323246837,0.0756356002379923,0.14833533927952505
mortality_rate,state,2,female,85+,0.15940456255830254,0.10331698384557104,0.23839866730558262
qualifying_event_rate,state,2,female,0-17,0.010638902643227796,0.007836712561298127,0.014205533655778174
qualifying_event_rate,state,2,female,18-44,0.01397129103271831,0.011063182755803579,0.018083578091678813
qualifying_event_rate,state,2,female,45-64,0.017441956314261698,0.013820264831946432,0.02235795028877436
qualifying_event_rate,state,2,female,65-74,0.026314959824208683,0.01898253884201088,0.035486135903126485
qualifying_event_rate,state,2,female,75-84,0.027047145512286177,0.016222849497343553,0.04059745651128153
qualifying_event_rate,state,2,female,85+,0.020050181443287636,0.004965585417123422,0.04132215937964098
person_years_exposure,state,3,male,0-17,3906.196628710632,3833.4229780227615,3963.6166740994204
person_years_exposure,state,3,male,18-44,5376.047267851217,5306.293934929074,5442.760537391827
person_years_exposure,state,3,male,45-64,4929.90842865244,4857.436344017627,5006.603217217765
person_years_exposure,state,3,male,65-74,1736.957377375956,1670.4171749642835,1792.9546520909798
person_years_exposure,state,3,male,75-84,595.687760259976,534.6875110133235,642.1807290777307
person_years_exposure,state,3,male,85+,133.1530569854157,106.4764332837043,159.03861522191994
person_years_exposure,state,3,male,18-64,10305.955696503657,10173.754409014635,10439.388507025258
person_years_exposure,state,3,male,65+,2465.7981946213476,2324.1527319607144,2571.4944168600314
mortality_rate,state,3,male,0-17,0.00020287777192915763,0.0,0.000760489041817836
mortality_rate,state,3,male,18-44,0.0009245110015069814,0.0001879518703012555,0.0016798342355768578
mortality_rate,state,3,male,45-64,0.007831463605512316,0.005257353561970643,0.011111777047392182
mortality_rate,state,3,male,65-74,0.03652762005650366,0.026396307701225405,0.05071051392364457
mortality_rate,state,3,male,75-84,0.10330061273255585,0.07375016133874267,0.14578013724749936
mortality_rate,state,3,male,85+,0.15525242165957778,0.09864912728932745,0.23363016055748048
qualifying_event_rate,state,3,male,0-17,0.00484044113518963,0.00302751599936464,0.007007026266211026
qualifying_event_rate,state,3,male,18-44,0.013277663699705679,0.010265321769800637,0.017137825108360316
qualifying_event_rate,state,3,male,45-64,0.01603909894206973,0.012446837198725778,0.020778254313475162
qualifying_event_rate,state,3,male,65-74,0.02332928440504802,0.01671510776760817,0.031371873552157765
qualifying_event_rate,state,3,male,75-84,0.028645655973615382,0.017650941936936726,0.04203646120172118
qualifying_event_rate,state,3,male,85+,0.01943133042766515,0.0016135065306701179,0.04039957703462806
person_years_exposure,state,3,female,0-17,4065.110013496733,3980.2337560901387,4141.322726320093
person_years_exposure,state,3,female,18-44,5175.9615305573825,5097.318475751427,5247.485026197816
person_years_exposure,state,3,female,45-64,5009.516003848462,4948.96638832082,5073.215893165974
person_years_exposure,state,3,female,65-74,1843.9550431623895,1778.156522310213,1903.521246985565
person_years_exposure,state,3,female,75-84,630.255162952202,572.1865270889953,676.2220641970375
person_years_exposure,state,3,female,85+,138.53802306158698,113.52606048491224,161.90524578807077
person_years_exposure,state,3,female,18-64,10185.477534405843,10065.217350385092,10306.158281786102
person_years_exposure,state,3,female,65+,2612.7482291761785,2476.3497273691933,2722.1357795312315
mortality_rate,state,3,female,0-17,0.000266535491082072,0.0,0.0007424430362621627
mortality_rate,state,3,female,18-44,0.0010276057163193851,0.00038102143285045236,0.001922234775491171
mortality_rate,state,3,female,45-64,0.00795682921276795,0.005381578584583062,0.011363368585491116
mortality_rate,state,3,female,65-74,0.03592216361627233,0.026046797090543024,0.05027850139854376
mortality_rate,state,3,female,75-84,0.09350683999769577,0.06659802250454491,0.13168848260356905
mortality_rate,state,3,female,85+,0.14148879609903509,0.08962806810369989,0.21425446355193947
qualifying_event_rate,state,3,female,0-17,0.003982177168023404,0.0024146512494344504,0.00587467825213086
qualifying_event_rate,state,3,female,18-44,0.014524211080140013,0.01116434688996284,0.018969980540098325
qualifying_event_rate,state,3,female,45-64,0.01746656231266266,0.01360771184549225,0.022798948841483428
qualifying_event_rate,state,3,female,65-74,0.02410724937253289,0.017536432479552624,0.03220032877122672
qualifying_event_rate,state,3,female,75-84,0.027745606542306085,0.016799392625899225,0.04060553894057342
qualifying_event_rate,state,3,female,85+,0.018979399548149218,0.001322164879789903,0.03999879226207922
person_years_exposure,state,4,male,0-17,3534.400444871105,3417.2244637014055,3653.279621606156
person_years_exposure,state,4,male,18-44,4909.0254926455755,4854.311364482904,4970.502767350156
person_years_exposure,state,4,male,45-64,4157.044389071617,4114.663664601857,4193.382379067998
person_years_exposure,state,4,male,65-74,1456.6242133753642,1405.2835493923758,1500.3419205860368
person_years_exposure,state,4,male,75-84,560.241217529183,496.31427327073993,612.0182323391277
person_years_exposure,state,4,male,85+,137.68123378114902,109.05769558241681,163.12111065997567
person_years_exposure,state,4,male,18-64,9066.069881717192,8982.889564079866,9149.443920873262
person_years_exposure,state,4,male,65+,2154.546664685696,2019.5039934306342,2257.318289381174
mortality_rate,state,4,male,0-17,0.00022836374056631125,0.0,0.0008205778389091139
mortality_rate,state,4,male,18-44,0.0009145900954224588,0.00020387311154046827,0.001649636769804746
mortality_rate,state,4,male,45-64,0.007808775356497826,0.005064466522385653,0.011139865293618425
mortality_rate,state,4,male,65-74,0.03491826684034596,0.02414946581993651,0.04911714359892579
mortality_rate,state,4,male,75-84,0.1078012886752701,0.07677032367519052,0.15418371280128867
mortality_rate,state,4,male,85+,0.16481718058484016,0.10834455119594072,0.2490211449204545
qualifying_event_rate,state,4,male,0-17,0.007310264568703181,0.004821307564262215,0.010151350335419421
qualifying_event_rate,state,4,male,18-44,0.01216718144889095,0.009159893090242737,0.01572117509732309
qualifying_event_rate,state,4,male,45-64,0.01666081935691517,0.012660202929461148,0.021603783818803245
qualifying_event_rate,state,4,male,65-74,0.023610148015840784,0.016422421623854766,0.03201742312854829
qualifying_event_rate,state,4,male,75-84,0.028594727804934925,0.017101393299441218,0.04269761725951908
qualifying_event_rate,state,4,male,85+,0.020075670166351523,0.003046895915498943,0.04059099049037621
person_years_exposure,state,4,female,0-17,3598.643858366456,3510.5614014359494,3686.6899330188835
person_years_exposure,state,4,female,18-44,4941.9923164223455,4849.22707793329,5032.578517163458
person_years_exposure,state,4,female,45-64,3998.8548909948945,3943.8668645656753,4049.754527851443
person_years_exposure,state,4,female,65-74,1424.8031962682892,1369.4866801241997,1471.8822625896132
person_years_exposure,state,4,female,75-84,473.2683643865824,424.64872005161044,513.6441270187555
person_years_exposure,state,4,female,85+,99.63324132667225,74.94436489439889,123.86053581163362
person_years_exposure,state,4,female,18-64,8940.84720741724,8807.283552694098,9074.662964637477
person_years_exposure,state,4,female,65+,1997.7048019815438,1884.746436423527,2095.206429760634
mortality_rate,state,4,female,0-17,0.00033324185365327184,0.0,0.0008437507522986264
mortality_rate,state,4,female,18-44,0.0010203335306681336,0.00020447611077501195,0.0018491843882748086
mortality_rate,state,4,female,45-64,0.007842821393225704,0.004980002296086333,0.011267264481923445
mortality_rate,state,4,female,65-74,0.03248358437499954,0.022335487500639198,0.046308840491147835
mortality_rate,state,4,female,75-84,0.10347123776796,0.07258489624384311,0.1497882475998633
mortality_rate,state,4,female,85+,0.152115962477363,0.08898839480022121,0.24242642258003147
qualifying_event_rate,state,4,female,0-17,0.0053264422666990385,0.003289636975610603,0.007763399578240463
qualifying_event_rate,state,4,female,18-44,0.012524502696628704,0.009497713585635349,0.01640007356113193
qualifying_event_rate,state,4,female,45-64,0.015318594349458781,0.01171150069683567,0.020116443163979165
qualifying_event_rate,state,4,female,65-74,0.02124848008696442,0.014605366085034847,0.029045865186023295
qualifying_event_rate,state,4,female,75-84,0.02888228703575426,0.016630334850123323,0.04299413573015125
qualifying_event_rate,state,4,female,85+,0.01984473600369988,0.0,0.04444610344585782
person_years_exposure,state,5,male,0-17,6236.718478000056,6110.3564621064315,6343.8103916819755
person_years_exposure,state,5,male,18-44,8641.785772121182,8481.570440520225,8796.258979571072
person_years_exposure,state,5,male,45-64,7473.282095491413,7359.595901583767,7587.955198918229
person_years_exposure,state,5,male,65-74,2699.24288145193,2604.6813887815897,2767.618747865351
person_years_exposure,state,5,male,75-84,919.030366303114,832.3487772310883,982.0796931530529
person_years_exposure,state,5,male,85+,142.28405332766266,114.05677570138852,168.97281921631048
person_years_exposure,state,5,male,18-64,16115.067867612595,15849.199188151837,16370.904915949437
person_years_exposure,state,5,male,65+,3760.5573010827065,3564.1883700981184,3892.5654757654415
mortality_rate,state,5,male,0-17,0.0002203524817877199,0.0,0.0006326511439470441
mortality_rate,state,5,male,18-44,0.0009168051437246818,0.00035318214238690495,0.0015251885429706132
mortality_rate,state,5,male,45-64,0.007790973039171914,0.005525867548305933,0.010712059992447679
mortality_rate,state,5,male,65-74,0.03632491069806929,0.02721315741406106,0.05043413389663652
mortality_rate,state,5,male,75-84,0.10092711916933464,0.07672651626780072,0.14001654496440769
mortality_rate,state,5,male,85+,0.1411012909367634,0.0921605888558912,0.20913613651799368
qualifying_event_rate,state,5,male,0-17,0.01083933579227182,0.008320862634103247,0.014259223515697377
qualifying_event_rate,state,5,male,18-44,0.013440664278537323,0.010830123107636183,0.01718059274245524
qualifying_event_rate,state,5,male,45-64,0.019647524669221154,0.016124540110932364,0.024795636129325355
qualifying_event_rate,state,5,male,65-74,0.02895645235251353,0.022417921395542585,0.03819714482795349
qualifying_event_rate,state,5,male,75-84,0.02801927500380256,0.018730953826565002,0.03969453582776459
qualifying_event_rate,state,5,male,85+,0.01928288566529708,0.0013429572598986238,0.038765262741326294
person_years_exposure,state,5,female,0-17,6021.423076293009,5892.477255381512,6128.967504578131
person_years_exposure,state,5,female,18-44,8377.470791166865,8227.166007941009,8516.542285120357
person_years_exposure,state,5,female,45-64,7859.955692646704,7740.909805883557,7979.042307051847
person_years_exposure,state,5,female,65-74,2772.098099597726,2664.9921678361065,2861.901668119972
person_years_exposure,state,5,female,75-84,989.2285325900391,892.9435836970006,1054.8427635985208
person_years_exposure,state,5,female,85+,182.43416075557903,146.91282389664875,219.04095132737208
person_years_exposure,state,5,female,18-64,16237.426483813568,15977.424608044224,16484.25015378627
person_years_exposure,state,5,female,65+,3943.7607929433443,3716.0021107434636,4110.774858682445
mortality_rate,state,5,female,0-17,0.0002733289996112107,0.0,0.0006664055252697678
mortality_rate,state,5,female,18-44,0.0010260705382646785,0.0004738479758051193,0.0016797162569429972
mortality_rate,state,5,female,45-64,0.007964710305445653,0.005762566555418454,0.011109702779110693
mortality_rate,state,5,female,65-74,0.037350085016578015,0.02791144524949368,0.051165584818758617
mortality_rate,state,5,female,75-84,0.10454665503940533,0.07959420634915867,0.14600164492593454
mortality_rate,state,5,female,85+,0.1384036548418466,0.09062381289966337,0.2006564874979445
qualifying_event_rate,state,5,female,0-17,0.012250846201170548,0.009561197721491867,0.015877226173258704
qualifying_event_rate,state,5,female,18-44,0.015148802310546751,0.01221710771321428,0.0190873926751453
qualifying_event_rate,state,5,female,45-64,0.019212630994805868,0.015653899249333823,0.024509077746738866
qualifying_event_rate,state,5,female,65-74,0.02966440838238185,0.023439908165758035,0.03852727453221422
qualifying_event_rate,state,5,female,75-84,0.027475752817932613,0.018339863566652972,0.03913426732427623
qualifying_event_rate,state,5,female,85+,0.01832198775920643,0.005059980458769326,0.03526775598451694
