estimand,level,unit,estimate,lower,upper,sex,age_band
low_income_household_share,county,0,0.274058744583911,0.07381993667202141,0.4742975524958006,,
low_income_household_share,county,1,0.31988841456705985,0.17599475023395403,0.46378207890016565,,
low_income_household_share,county,2,0.2540183468539026,0.13071619892931224,0.377320494778493,,
low_income_household_share,county,3,0.2953617959197721,0.1396949031780167,0.45102868866152745,,
low_income_household_share,county,4,0.3068087036561522,0.18810033231201645,0.42551707500028796,,
low_income_household_share,county,5,0.3164214691794163,0.162485445200166,0.47035749315866665,,
low_income_household_share,county,6,0.2982429847709117,0.14562356713632613,0.4508624024054973,,
low_income_household_share,county,7,0.29326512928641824,0.17544712578572413,0.41108313278711234,,
low_income_household_share,county,8,0.33148499678015153,0.21106909657348552,0.45190089698681757,,
low_income_household_share,county,9,0.27338494884630715,0.07321230267258994,0.47355759502002437,,
low_income_household_share,county,10,0.3203224124116124,0.20069235742431651,0.4399524673989083,,
low_income_household_share,county,11,0.32119501979640463,0.20150432569250876,0.4408857139003005,,
low_income_household_share,county,12,0.2721212503359194,0.14704165956631635,0.39720084110552245,,
low_income_household_share,county,13,0.27716086620736463,0.07661580356917447,0.4777059288455548,,
low_income_household_share,county,14,0.35251043232166446,0.2305557372867946,0.47446512735653434,,
low_income_household_share,county,15,0.30596716946180336,0.17731255819587116,0.43462178072773555,,
low_income_household_share,county,16,0.33772551057063677,0.1821667046686377,0.4932843164726358,,
low_income_household_share,county,17,0.30311551617018795,0.18465328249354612,0.4215777498468298,,
low_income_household_share,nation,0,0.302931544686829,0.22837428514815572,0.37748880422550224,,
low_income_household_share,state,0,0.2745450324833009,0.10699012834858099,0.44209993661802083,,
low_income_household_share,state,1,0.31988841456705985,0.2087808822804978,0.4309959468536219,,
low_income_household_share,state,2,0.276205412037343,0.18320163005431872,0.3692091940203673,,
low_income_household_share,state,3,0.2953617959197721,0.16490005167342006,0.4258235401661241,,
low_income_household_share,state,4,0.3133110832119862,0.22811280447145604,0.39850936195251635,,
low_income_household_share,state,5,0.31565779649411535,0.19528287689926457,0.4360327160889661,,
mean_income_adults,county,0,19450.91633322847,9836.05305382948,29065.77961262746,,
mean_income_adults,county,1,17912.126590056396,11614.113808005477,24210.139372107315,,
mean_income_adults,county,2,19445.34928563493,12933.332380329499,25957.36619094036,,
mean_income_adults,county,3,18203.97959075851,10979.83814633367,25428.12103518335,,
mean_income_adults,county,4,17073.556700774763,12069.307365099714,22077.806036449812,,
mean_income_adults,county,5,18586.39801843045,12016.409510261496,25156.386526599403,,
mean_income_adults,county,6,18360.91948522629,11925.489842645002,24796.34912780758,,
mean_income_adults,county,7,18042.49359873058,12822.80111272543,23262.18608473573,,
mean_income_adults,county,8,18304.4569255075,13009.46270718725,23599.45114382775,,
mean_income_adults,county,9,21387.365784913676,11320.672798040356,31454.058771786997,,
mean_income_adults,county,10,16426.08388924407,11567.54530811198,21284.62247037616,,
mean_income_adults,county,11,18418.698629562372,13092.627322988477,23744.76993613627,,
mean_income_adults,county,12,18428.69046703385,12034.806739108244,24822.57419495946,,
mean_income_adults,county,13,21086.88944362393,11105.370829168227,31068.408058079636,,
mean_income_adults,county,14,19505.10997120051,13868.615220128297,25141.60472227272,,
mean_income_adults,county,15,17330.347742780763,11464.727312201983,23195.968173359543,,
mean_income_adults,county,16,19050.986259355843,12253.597491560704,25848.37502715098,,
mean_income_adults,county,17,17632.967902262655,12525.589255623301,22740.34654890201,,
mean_income_adults,nation,0,18527.828633257915,13510.753345737656,23544.903920778175,,
mean_income_adults,state,0,20353.127781256106,11635.117342380232,29071.13822013198,,
mean_income_adults,state,1,17912.126590056396,12538.067178152589,23286.186001960203,,
mean_income_adults,state,2,18410.211034941938,13144.949486334954,23675.472583548923,,
mean_income_adults,state,3,18203.97959075851,11916.272253601874,24491.686927915147,,
mean_income_adults,state,4,17800.064059515407,13648.33325569484,21951.794863335974,,
mean_income_adults,state,5,18649.60465220503,13061.728265488133,24237.481038921927,,
median_household_income,county,0,25943.78596923222,14821.657892836782,37065.91404562766,,
median_household_income,county,1,23341.24882260509,12962.75428322996,33719.74336198022,,
median_household_income,county,2,30397.297629475488,20765.775489622996,40028.81976932798,,
median_household_income,county,3,25297.441119483363,15358.688035561525,35236.194203405204,,
median_household_income,county,4,25767.18689453015,18269.769687021566,33264.604102038735,,
median_household_income,county,5,27295.2667329065,19114.35836915391,35476.17509665909,,
median_household_income,county,6,29723.72693798246,20835.927953638835,38611.52592232609,,
median_household_income,county,7,29201.214384704544,20264.62706273327,38137.80170667582,,
median_household_income,county,8,15217.957002549292,10814.037854448605,19621.87615064998,,
median_household_income,county,9,25370.933270730286,14411.16537706471,36330.70116439586,,
median_household_income,county,10,25609.66029748426,18190.821004419056,33028.499590549465,,
median_household_income,county,11,21305.88498980783,15140.182533287054,27471.587446328605,,
median_household_income,county,12,25894.526339048803,17126.643800901446,34662.40887719616,,
median_household_income,county,13,24328.900691576593,13671.02312924521,34986.77825390798,,
median_household_income,county,14,24238.9777209438,17223.088629975657,31254.866811911943,,
median_household_income,county,15,15576.490500823153,9456.014659354423,21696.966342291882,,
median_household_income,county,16,21920.9589314625,15216.088678769276,28625.829184155726,,
median_household_income,county,17,28455.631194379795,20220.866234324538,36690.39615443505,,
median_household_income,nation,0,25261.24181998621,18694.15574204967,31828.327897922754,,
median_household_income,state,0,25665.143169590516,15935.005800057335,35395.2805391237,,
median_household_income,state,1,23341.24882260509,14026.360697373679,32656.136947836498,,
median_household_income,state,2,25334.795959198345,18043.91136606434,32625.68055233235,,
median_household_income,state,3,25297.441119483363,16572.74516657434,34022.13707239239,,
median_household_income,state,4,24238.9777209438,18467.956800606706,30009.998641280894,,
median_household_income,state,5,27292.212442247986,20502.41855503017,34082.0063294658,,
tertiary_share_25_plus,county,0,0.5398631434696112,0.5150740891416699,0.5646521977975525,,
tertiary_share_25_plus,county,1,0.4552527358568992,0.428790257115688,0.48171521459811034,,
tertiary_share_25_plus,county,2,0.43696737891941123,0.3999921114190111,0.4739426464198114,,
tertiary_share_25_plus,county,3,0.37905409318007216,0.3526776920212155,0.4054304943389288,,
tertiary_share_25_plus,county,4,0.384352314614133,0.3587096980039244,0.4099949312243416,,
tertiary_share_25_plus,county,5,0.40663122353280645,0.37287058568966375,0.44039186137594916,,
tertiary_share_25_plus,county,6,0.42302788694047927,0.39733740960591624,0.4487183642750423,,
tertiary_share_25_plus,county,7,0.3823276933788387,0.35563158232363307,0.40902380443404435,,
tertiary_share_25_plus,county,8,0.4138268453255368,0.3750860712126989,0.45256761943837476,,
tertiary_share_25_plus,county,9,0.44914920768558725,0.42121136888606947,0.477087046485105,,
tertiary_share_25_plus,county,10,0.4089389115242094,0.37451917465716555,0.4433586483912533,,
tertiary_share_25_plus,county,11,0.4188569033323445,0.38609916616799755,0.4516146404966914,,
tertiary_share_25_plus,county,12,0.4232008894406885,0.3918391725749653,0.4545626063064117,,
tertiary_share_25_plus,county,13,0.4599871240753325,0.4300098911601021,0.4899643569905629,,
tertiary_share_25_plus,county,14,0.4008742057792258,0.36824342036811086,0.4335049911903407,,
tertiary_share_25_plus,county,15,0.3726417545881002,0.3370415719632564,0.40824193721294405,,
tertiary_share_25_plus,county,16,0.400963077388859,0.3738948830027245,0.4280312717749935,,
tertiary_share_25_plus,county,17,0.37013603214447777,0.3358770796319276,0.40439498465702794,,
tertiary_share_25_plus,nation,0,0.4211011821259474,0.40044688719675925,0.4417554770551355,,
tertiary_share_25_plus,state,0,0.4968928308841124,0.47434539321590996,0.5194402685523148,,
tertiary_share_25_plus,state,1,0.4552527358568991,0.42879025711568797,0.4817152145981103,,
tertiary_share_25_plus,state,2,0.4135720147988262,0.38793206020393906,0.4392119693937134,,
tertiary_share_25_plus,state,3,0.37905409318007216,0.3526776920212155,0.4054304943389288,,
tertiary_share_25_plus,state,4,0.39291716449207803,0.3711473358997446,0.4146869930844115,,
tertiary_share_25_plus,state,5,0.41223481448954047,0.3893886160396514,0.4350810129394295,,
person_years_exposure,county,0,5028.611227245186,4595.318567986797,5569.873291891378,male,0-17
person_years_exposure,county,0,4896.540367030088,4487.6005153051765,5417.611315826893,male,18-44
person_years_exposure,county,0,4188.896221351296,3822.1047457381164,4637.520493722958,male,45-64
person_years_exposure,county,0,1033.0627833764438,909.2768299615415,1162.1616372456472,male,65-74
person_years_exposure,county,0,469.96200726089694,364.40083963698277,559.7749231937081,male,75-84
person_years_exposure,county,0,89.19425389517063,53.693558215723264,120.10821479124733,male,85+
person_years_exposure,county,0,9085.436588381384,8311.765585071493,10046.474539857038,male,18-64
person_years_exposure,county,0,1592.2190445325114,1346.7941449424163,1827.0340273954355,male,65+
mortality_rate,county,0,0.0006011499163768236,0.0,0.0014928334651441264,male,0-17
mortality_rate,county,0,0.000712297399248331,0.0,0.0017400894025863748,male,18-44
mortality_rate,county,0,0.005829446236465293,0.001900269042243268,0.012356654307957852,male,45-64
mortality_rate,county,0,0.02874397995487512,0.00892926255233723,0.06323272123485266,male,65-74
mortality_rate,county,0,0.07707919789996914,0.02642864988848331,0.1800486665720645,male,75-84
mortality_rate,county,0,0.1384291222734065,0.04561554092624562,0.3456762122133813,male,85+
qualifying_event_rate,county,0,0.006551766993637506,0.004100032523754213,0.009403249290217934,male,0-17
qualifying_event_rate,county,0,0.013584009004676767,0.009320352182019825,0.01894102365926615,male,18-44
qualifying_event_rate,county,0,0.021004540383520565,0.014816400179337304,0.028531847385157887,male,45-64
qualifying_event_rate,county,0,0.04087937123552462,0.02722868848463623,0.05754731322508868,male,65-74
qualifying_event_rate,county,0,0.033909938009451315,0.018629702469358286,0.051545317049212246,male,75-84
qualifying_event_rate,county,0,0.037080488130988,0.009668598527744097,0.07529453593476149,male,85+
person_years_exposure,county,0,5298.800918533779,4846.400127955678,5864.959875149281,female,0-17
person_years_exposure,county,0,4742.791785845167,4332.157064428262,5254.058269206914,female,18-44
person_years_exposure,county,0,4324.26588595699,3947.664902952928,4785.252255810692,female,45-64
person_years_exposure,county,0,1256.2231116292196,1108.505850201532,1412.6657844898007,female,65-74
person_years_exposure,county,0,549.5487659926491,428.0154960937631,651.922652714729,female,75-84
person_years_exposure,county,0,82.1448860576579,51.7436175671377,108.7440956430127,female,85+
person_years_exposure,county,0,9067.057671802158,8291.904935510822,10040.691543218594,female,18-64
person_years_exposure,county,0,1887.9167636795266,1606.2747982004219,2161.0426332211746,female,65+
mortality_rate,county,0,0.0005804489810123055,0.0,0.0014786640749375503,female,0-17
mortality_rate,county,0,0.0006558060532580884,0.0,0.0015989219562732868,female,18-44
mortality_rate,county,0,0.00599191752186066,0.0017856239045955216,0.012835348348518141,female,45-64
mortality_rate,county,0,0.027401472686334343,0.009216724056989343,0.05939427389876206,female,65-74
mortality_rate,county,0,0.07337359285380651,0.024570028175239202,0.17465148228825905,female,75-84
mortality_rate,county,0,0.12387694390456494,0.03933717627944313,0.3168426948868284,female,85+
qualifying_event_rate,county,0,0.007371397965883214,0.004702026101738702,0.010543658606765427,female,0-17
qualifying_event_rate,county,0,0.015321873763914444,0.010574260704291329,0.021373474001651405,female,18-44
qualifying_event_rate,county,0,0.02072967466942933,0.014651781616182556,0.028306626035987773,female,45-64
qualifying_event_rate,county,0,0.04089756379113173,0.02778966965405332,0.05695187018918432,female,65-74
qualifying_event_rate,county,0,0.04069282895588724,0.024696310418619843,0.061043560528573876,female,75-84
qualifying_event_rate,county,0,0.03868361675498922,0.007467205343252532,0.07968571633265133,female,85+
person_years_exposure,county,1,3826.0725473883213,3434.9489060573615,4207.799360576221,male,0-17
person_years_exposure,county,1,3440.925091189374,3074.2255839580375,3775.6823534331875,male,18-44
person_years_exposure,county,1,3251.9448737922557,2895.650409692995,3571.294733426122,male,45-64
person_years_exposure,county,1,999.6860094571995,873.4362739326201,1113.7116083392275,male,65-74
person_years_exposure,county,1,327.29655191286906,254.30142724057214,392.25483602224165,male,75-84
person_years_exposure,county,1,23.94311409564864,12.950755287945665,33.26365985117065,male,85+
person_years_exposure,county,1,6692.86996498163,5950.288624599699,7353.336939811629,male,18-64
person_years_exposure,county,1,1350.9256754657172,1156.0722473424178,1527.5167652657237,male,65+
mortality_rate,county,1,0.004360245912976104,0.0012685054883704657,0.009527812978593106,male,0-17
mortality_rate,county,1,0.0005813809450174693,0.0,0.0015434964138671364,male,18-44
mortality_rate,county,1,0.007998218492144582,0.002505889470900244,0.01750911574873452,male,45-64
mortality_rate,county,1,0.028417125833765374,0.00916170273221056,0.06232584310593603,male,65-74
mortality_rate,county,1,0.07501057092380718,0.02414821110791151,0.17573013115084032,male,75-84
mortality_rate,county,1,0.10446823250338834,0.0,0.32521098220808947,male,85+
qualifying_event_rate,county,1,0.015735094548153566,0.010613670317178385,0.02191888410853761,male,0-17
qualifying_event_rate,county,1,0.025463406920888384,0.01784339430730913,0.034848210079945256,male,18-44
qualifying_event_rate,county,1,0.0437305914384743,0.03194581498662458,0.058445174770047396,male,45-64
qualifying_event_rate,county,1,0.07570641961411638,0.054379809524250054,0.10139190573150964,male,65-74
qualifying_event_rate,county,1,0.08516192363463036,0.05568562855992888,0.12033629115561187,male,75-84
qualifying_event_rate,county,1,0.03020317081113888,0.0,0.09278890398205426,male,85+
person_years_exposure,county,1,3649.8054809599794,3245.0418692746302,4021.472769868223,female,0-17
person_years_exposure,county,1,3383.2785595863575,3011.165823680842,3723.6492874461605,female,18-44
person_years_exposure,county,1,3271.937616452783,2924.7516103553994,3593.071795739617,female,45-64
person_years_exposure,county,1,951.3929616108423,827.536520420637,1062.857039192443,female,65-74
person_years_exposure,county,1,383.9059971525188,301.92628872520237,451.52568288195965,female,75-84
person_years_exposure,county,1,57.39723073892261,35.06028732666222,74.49481353528317,female,85+
person_years_exposure,county,1,6655.216176039141,5944.85565764483,7317.42590827075,female,18-64
person_years_exposure,county,1,1392.6961895022837,1184.323679201596,1579.3681996591627,female,65+
mortality_rate,county,1,0.0022130353191796765,0.000519156037681116,0.004859488261501616,female,0-17
mortality_rate,county,1,0.000850922027050583,0.0,0.00214658904363489,female,18-44
mortality_rate,county,1,0.007941586315502716,0.002464337663045849,0.017324445490659566,female,45-64
mortality_rate,county,1,0.029276562628590474,0.00927562054685554,0.06596031403137868,female,65-74
mortality_rate,county,1,0.07313546525190917,0.024590824458421815,0.1697468742869913,female,75-84
mortality_rate,county,1,0.08305629321582579,0.014512174360692626,0.22907030413854437,female,85+
qualifying_event_rate,county,1,0.016491942687495792,0.011272703538111753,0.023026529119007468,female,0-17
qualifying_event_rate,county,1,0.03053361085057389,0.02145955777378997,0.04152524134773061,female,18-44
qualifying_event_rate,county,1,0.04372841934295929,0.03206156498647639,0.058620676021839534,female,45-64
qualifying_event_rate,county,1,0.06823619283858506,0.04767914763944607,0.09335853540809677,female,65-74
qualifying_event_rate,county,1,0.07028342057388408,0.0455414249947845,0.10112918343377754,female,75-84
qualifying_event_rate,county,1,0.052009342788690974,0.01298801383770672,0.10156530777181934,female,85+
person_years_exposure,county,2,1312.9767142737026,1121.8756088891744,1489.6562033091836,male,0-17
person_years_exposure,county,2,1525.5427382158723,1307.7277168064527,1730.2394755261496,male,18-44
person_years_exposure,county,2,1104.007552402879,945.8657757297929,1252.9616614300692,male,45-64
person_years_exposure,county,2,336.2468567450717,278.17983603713316,391.5569523489841,male,65-74
person_years_exposure,county,2,144.4357583767001,106.76431853172585,177.0270443292703,male,75-84
person_years_exposure,county,2,21.94490717894864,10.28014424694652,34.25860632380494,male,85+
person_years_exposure,county,2,2629.550290618751,2256.303871867353,2975.022344198694,male,18-64
person_years_exposure,county,2,502.62752230072044,402.1418298229748,594.1712735987626,male,65+
mortality_rate,county,2,0.0029933324319647587,0.0,0.00751989811113619,male,0-17
mortality_rate,county,2,0.0007748181659304089,0.0,0.0023828262043089844,male,18-44
mortality_rate,county,2,0.009135308175020144,0.0020341953179360524,0.020471906742383028,male,45-64
mortality_rate,county,2,0.036012364722726,0.009007502707131063,0.08509961391941179,male,65-74
mortality_rate,county,2,0.07389637224523067,0.019767263350133103,0.18030763241655196,male,75-84
mortality_rate,county,2,0.1119396202513992,0.0,0.3576922156775016,male,85+
qualifying_event_rate,county,2,0.019189830640056343,0.011773694521189263,0.02784320990387887,male,0-17
qualifying_event_rate,county,2,0.030111168826942283,0.019748713137564215,0.04176789092446056,male,18-44
qualifying_event_rate,county,2,0.042915865167884384,0.029427202854152797,0.05920889695169875,male,45-64
qualifying_event_rate,county,2,0.07531411012690205,0.04782856096572904,0.10553180953578906,male,65-74
qualifying_event_rate,county,2,0.07059716340981054,0.0349496262624149,0.11037916208725641,male,75-84
qualifying_event_rate,county,2,0.049069232800857156,0.0,0.1363041043971394,male,85+
person_years_exposure,county,2,1167.7827931153631,996.2375112211246,1322.0235587878242,female,0-17
person_years_exposure,county,2,1220.9929756060092,1043.1342262701594,1382.6034763392217,female,18-44
person_years_exposure,county,2,1129.9382390397266,964.6223372420044,1281.944747353088,female,45-64
person_years_exposure,county,2,317.527650807723,261.95819097539174,369.34762843742766,female,65-74
person_years_exposure,county,2,123.5685673685165,89.2523630128258,153.86139484443828,female,75-84
person_years_exposure,county,2,18.10915867550901,7.290728520502682,30.13552433081335,female,85+
person_years_exposure,county,2,2350.931214645736,2015.785385612534,2664.0160153344536,female,18-64
person_years_exposure,county,2,459.2053768517485,364.35323962906796,544.2448768129166,female,65+
mortality_rate,county,2,0.0015458146770892436,0.0,0.004298232917648669,female,0-17
mortality_rate,county,2,0.0008437902665464174,0.0,0.002613031492339583,female,18-44
mortality_rate,county,2,0.00883534877621661,0.002332756509587049,0.020028363206849368,female,45-64
mortality_rate,county,2,0.03494397890813806,0.009235881814884784,0.07994591309209345,female,65-74
mortality_rate,county,2,0.08423296615573661,0.023985334499660407,0.20431654102762126,female,75-84
mortality_rate,county,2,0.11802096329666059,0.0,0.4346512848780517,female,85+
qualifying_event_rate,county,2,0.016412730191989203,0.009000510907233262,0.02485193223052554,female,0-17
qualifying_event_rate,county,2,0.029778728992314697,0.019186308279383602,0.042216258454716805,female,18-44
qualifying_event_rate,county,2,0.04858248864758738,0.03361044389445288,0.06555393423885945,female,45-64
qualifying_event_rate,county,2,0.06920321805792629,0.04301759328011687,0.099850584879422,female,65-74
qualifying_event_rate,county,2,0.07437844397719619,0.03647943088456673,0.11796573342375576,female,75-84
qualifying_event_rate,county,2,0.048068369290266755,0.0,0.14264932459221977,female,85+
person_years_exposure,county,3,3566.4845823018863,3283.897787469686,3836.152084041791,male,0-17
person_years_exposure,county,3,3505.55364440193,3226.875055875357,3762.80063524741,male,18-44
person_years_exposure,county,3,3551.1791171222194,3268.6177763258265,3819.3598853734743,male,45-64
person_years_exposure,county,3,1251.9089887328955,1132.8255044983023,1360.5361415255177,male,65-74
person_years_exposure,county,3,613.8770731135442,494.0062657933879,710.3604156815321,male,75-84
person_years_exposure,county,3,89.12501101886362,54.12046646326104,116.31647806848457,male,85+
person_years_exposure,county,3,7056.732761524149,6500.279096537416,7583.5595227781205,male,18-64
person_years_exposure,county,3,1954.9110728653034,1701.466229676163,2170.973820463274,male,65+
mortality_rate,county,3,0.006315304883629382,0.0019241419270129804,0.013903989838637294,male,0-17
mortality_rate,county,3,0.001085331415788134,0.0,0.0026478040526982894,male,18-44
mortality_rate,county,3,0.004695293471570092,0.0013749265265572753,0.010233182779239453,male,45-64
mortality_rate,county,3,0.02346884608979242,0.0074377408512404704,0.05086672836665389,male,65-74
mortality_rate,county,3,0.06815903916738117,0.023353594873876022,0.16291434778568717,male,75-84
mortality_rate,county,3,0.10958338166407097,0.02809682876333868,0.2981118157284238,male,85+
qualifying_event_rate,county,3,0.012059565354545918,0.008019060673961924,0.017388508487571935,male,0-17
qualifying_event_rate,county,3,0.03351308966027624,0.02387493861557642,0.04546976951775477,male,18-44
qualifying_event_rate,county,3,0.04143512614670397,0.02997555670235023,0.054979525970789485,male,45-64
qualifying_event_rate,county,3,0.0663556934330982,0.04770814519285368,0.0891253257400039,male,65-74
qualifying_event_rate,county,3,0.08096878925446953,0.05656254909380025,0.11008764656904405,male,75-84
qualifying_event_rate,county,3,0.05004685702620125,0.012899362532376977,0.09477904407474866,male,85+
person_years_exposure,county,3,3373.5808098621196,3099.7152152002764,3634.512688415057,female,0-17
person_years_exposure,county,3,3242.343942199945,2978.0279339564327,3491.882786164917,female,18-44
person_years_exposure,county,3,3774.520050286546,3473.427232102241,4059.6189063474344,female,45-64
person_years_exposure,county,3,1117.7931008218397,999.3749550455924,1223.8767217140141,female,65-74
person_years_exposure,county,3,461.6730131248068,362.90557187810725,538.3338488948119,female,75-84
person_years_exposure,county,3,63.460145090275674,39.80297651822175,81.49151165273963,female,85+
person_years_exposure,county,3,7016.863992486491,6444.616921479253,7544.445846386064,female,18-64
person_years_exposure,county,3,1642.9262590369224,1416.2482962149277,1835.0762507351826,female,65+
mortality_rate,county,3,0.007696378694367538,0.0024107859337828986,0.01706947588388304,female,0-17
mortality_rate,county,3,0.0006427400708100101,0.0,0.0017375609665468892,female,18-44
mortality_rate,county,3,0.005642273644402347,0.0017321785660536033,0.012452327069015256,female,45-64
mortality_rate,county,3,0.028434761016266054,0.009232047788814434,0.06391177223902449,female,65-74
mortality_rate,county,3,0.07391346735359827,0.02613533265335983,0.17496950641788964,female,75-84
mortality_rate,county,3,0.07928680248267439,0.012809624655009528,0.22014380946664544,female,85+
qualifying_event_rate,county,3,0.011864508711112179,0.0076862137363397365,0.017009793311839914,female,0-17
qualifying_event_rate,county,3,0.02786898658951023,0.019469594178056323,0.03811538478129654,female,18-44
qualifying_event_rate,county,3,0.04251355393027199,0.030864281910666126,0.05650139135562462,female,45-64
qualifying_event_rate,county,3,0.06382903615842929,0.045401439398095135,0.08580339427113386,female,65-74
qualifying_event_rate,county,3,0.0604665023865174,0.038405633555864925,0.08574636823196027,female,75-84
qualifying_event_rate,county,3,0.048379114120951146,0.0,0.09763228617931437,female,85+
person_years_exposure,county,4,5308.627830109933,5036.622126991093,5543.582621223037,male,0-17
person_years_exposure,county,4,5214.9120805181365,4969.899074429304,5430.009198936931,male,18-44
person_years_exposure,county,4,4642.332204419182,4412.383648331109,4841.694797424888,male,45-64
person_years_exposure,county,4,1318.5246005649017,1194.486246087032,1413.3905660375087,male,65-74
person_years_exposure,county,4,491.493352020916,380.3481810184514,571.7970539031106,male,75-84
person_years_exposure,county,4,44.00742639245019,22.956360547569815,61.39032308199456,male,85+
person_years_exposure,county,4,9857.244284937318,9387.353352613465,10254.766615808298,male,18-64
person_years_exposure,county,4,1854.025378978268,1605.2160528805741,2039.0633941015658,male,65+
mortality_rate,county,4,0.0027448315325201943,0.0007384251563869409,0.006051296483783286,male,0-17
mortality_rate,county,4,0.0006883804932035067,0.0,0.0016929859447690182,male,18-44
mortality_rate,county,4,0.006394533085491253,0.002124831273898649,0.013738912514431365,male,45-64
mortality_rate,county,4,0.029459641255163687,0.00981429543446149,0.06560900026928095,male,65-74
mortality_rate,county,4,0.08220745929268634,0.028695606844334805,0.19531379535328644,male,75-84
mortality_rate,county,4,0.11311953073975338,0.022279207060135236,0.3177933949817647,male,85+
qualifying_event_rate,county,4,0.01390222863126792,0.009519712291595402,0.019120372345923696,male,0-17
qualifying_event_rate,county,4,0.03270153780124825,0.023989013457779644,0.04346842545792381,male,18-44
qualifying_event_rate,county,4,0.04826675529310471,0.035895891523405894,0.06420916692012178,male,45-64
qualifying_event_rate,county,4,0.07895566030709462,0.05818844429739308,0.10441412598551246,male,65-74
qualifying_event_rate,county,4,0.07356899176826917,0.050214350356413535,0.10176126695241312,male,75-84
qualifying_event_rate,county,4,0.05809865247797271,0.0,0.12381474810417224,male,85+
person_years_exposure,county,4,4746.592901305555,4498.601461304215,4968.566276338028,female,0-17
person_years_exposure,county,4,4975.194953382161,4739.669234601671,5181.246364727156,female,18-44
person_years_exposure,county,4,4786.3165886061,4550.920397692487,4993.838508004924,female,45-64
person_years_exposure,county,4,1525.3023713609507,1395.3880870263974,1632.751404637266,female,65-74
person_years_exposure,county,4,501.71945893564293,402.43200606486846,570.6141703256526,female,75-84
person_years_exposure,county,4,53.48234247462607,33.69530674951157,68.50756690090022,female,85+
person_years_exposure,county,4,9761.51154198826,9302.644664045885,10165.151385106652,female,18-64
person_years_exposure,county,4,2080.5041727712196,1843.4420618794295,2262.7294354104674,female,65+
mortality_rate,county,4,0.0034621873187144245,0.0010055954920330885,0.0076281200926265075,female,0-17
mortality_rate,county,4,0.0007209594992979319,0.0,0.0017965230996099628,female,18-44
mortality_rate,county,4,0.007311798411864335,0.0023469173533542972,0.016043902464430996,female,45-64
mortality_rate,county,4,0.026866151050225204,0.008854684423119196,0.05906181354134558,female,65-74
mortality_rate,county,4,0.06753819630635911,0.022900745112677572,0.15775300562987063,female,75-84
mortality_rate,county,4,0.08710768292037975,0.01518485995481184,0.24876863247691053,female,85+
qualifying_event_rate,county,4,0.014984226563423476,0.010391401539349454,0.020879731880752688,female,0-17
qualifying_event_rate,county,4,0.032197721477698504,0.023496429341253892,0.0432713964134616,female,18-44
qualifying_event_rate,county,4,0.05059405812477254,0.03787092938144485,0.06671619164184392,female,45-64
qualifying_event_rate,county,4,0.07265593216518693,0.05353367452691216,0.09614586592560115,female,65-74
qualifying_event_rate,county,4,0.07151790516054869,0.04887227649935187,0.09973574177629345,female,75-84
qualifying_event_rate,county,4,0.060540936576603546,0.01581401553308078,0.12032321033951156,female,85+
person_years_exposure,county,5,1657.1310352518487,1484.9551069958948,1747.0976818842066,male,0-17
person_years_exposure,county,5,1440.5431677485565,1293.8781388339012,1503.9889377088614,male,18-44
person_years_exposure,county,5,1407.625670257957,1262.838436010743,1479.6231090720155,male,45-64
person_years_exposure,county,5,453.62078560505876,399.4608054245864,486.8333481294122,male,65-74
person_years_exposure,county,5,212.4368947893329,167.03703215334954,246.26956617225625,male,75-84
person_years_exposure,county,5,26.540715898423446,13.77404191959044,37.2279717244356,male,85+
person_years_exposure,county,5,2848.1688380065134,2552.859327933246,2979.5842030887725,male,18-64
person_years_exposure,county,5,692.5983962928151,593.8124215651278,764.8378168708554,male,65+
mortality_rate,county,5,0.0012251737456546044,0.0,0.0034636417931023194,male,0-17
mortality_rate,county,5,0.0008379000900656693,0.0,0.0026937949539292583,male,18-44
mortality_rate,county,5,0.005177227021523768,0.001349421342786343,0.012039857200052309,male,45-64
mortality_rate,county,5,0.021499011062912562,0.004930086370353141,0.048448608943829324,male,65-74
mortality_rate,county,5,0.07318227585519764,0.02286845067980989,0.17430990780464392,male,75-84
mortality_rate,county,5,0.1193316323768346,0.0,0.37498349788640417,male,85+
qualifying_event_rate,county,5,0.023178517239876507,0.015007789745235301,0.032534101098477174,male,0-17
qualifying_event_rate,county,5,0.035418298426649814,0.024081863007119706,0.04850085083680766,male,18-44
qualifying_event_rate,county,5,0.05256541482580764,0.037389058840731355,0.06991775961955614,male,45-64
qualifying_event_rate,county,5,0.08156926554968652,0.05550690778164745,0.11176929926554802,male,65-74
qualifying_event_rate,county,5,0.09678867201791708,0.06323662462859966,0.13566439184091883,male,75-84
qualifying_event_rate,county,5,0.06491282302954607,0.0,0.152661962795175,male,85+
person_years_exposure,county,5,1851.9348466598353,1662.266378168532,1957.06343031932,female,0-17
person_years_exposure,county,5,1632.5666440920568,1464.5044740179305,1702.9992489488022,female,18-44
person_years_exposure,county,5,1522.723107748597,1365.2200478849484,1593.6813304970042,female,45-64
person_years_exposure,county,5,432.22997443052714,381.08381993476377,467.1495654011294,female,65-74
person_years_exposure,county,5,172.97335113482632,137.06608490812286,200.88984303328394,female,75-84
person_years_exposure,county,5,27.761576677945033,15.70654580848204,37.702632974969426,female,85+
person_years_exposure,county,5,3155.2897518406535,2831.7083298667744,3293.394352913829,female,18-64
person_years_exposure,county,5,632.9649022432985,544.6182757702207,699.3095860311432,female,65+
mortality_rate,county,5,0.007105638576451003,0.0017015328540966334,0.016466039492914326,female,0-17
mortality_rate,county,5,0.0007815171961690871,0.0,0.002378315700286428,female,18-44
mortality_rate,county,5,0.004557585926774936,0.0006793670603380018,0.010472602583891525,female,45-64
mortality_rate,county,5,0.025420082830416454,0.006493948191396999,0.05770785137128066,female,65-74
mortality_rate,county,5,0.07098541508382125,0.019426812162651807,0.1728376263778902,female,75-84
mortality_rate,county,5,0.10201415439000477,0.0,0.30152133703523964,female,85+
qualifying_event_rate,county,5,0.02061953487463268,0.01348718978177809,0.0289620782566346,female,0-17
qualifying_event_rate,county,5,0.03455564494926192,0.023550744267738337,0.04730199314595448,female,18-44
qualifying_event_rate,county,5,0.052269960035335905,0.03734299378269797,0.06994902391296744,female,45-64
qualifying_event_rate,county,5,0.07610641254200572,0.051332292880173526,0.1054145261040703,female,65-74
qualifying_event_rate,county,5,0.08489556134915545,0.05083936256151939,0.12480917834730629,female,75-84
qualifying_event_rate,county,5,0.06869939905226807,0.0,0.15227532017809034,female,85+
person_years_exposure,county,6,4639.285826662389,4154.628751012498,4870.847670003805,male,0-17
person_years_exposure,county,6,4481.034265656381,4018.8765336776623,4670.645727653463,male,18-44
person_years_exposure,county,6,4131.447225134306,3701.710455484462,4336.172034883651,male,45-64
person_years_exposure,county,6,1179.8266301088122,1042.7788690731377,1263.5201193647515,male,65-74
person_years_exposure,county,6,464.25822752072287,368.086686944165,532.123939359073,male,75-84
person_years_exposure,county,6,80.09615714578952,47.54013454617233,107.02599235493851,male,85+
person_years_exposure,county,6,8612.481490790688,7721.3864190284285,9001.470417034838,male,18-64
person_years_exposure,county,6,1724.1810147753245,1485.3491044605078,1896.9892723442877,male,65+
mortality_rate,county,6,0.00121910180361077,0.0002083276293161707,0.0028840218359907667,male,0-17
mortality_rate,county,6,0.000820515442311939,0.0,0.0019624095280197326,male,18-44
mortality_rate,county,6,0.004989124528107685,0.0014717303721899415,0.010630580002777675,male,45-64
mortality_rate,county,6,0.021902218218380756,0.007074891720209946,0.04826202012208362,male,65-74
mortality_rate,county,6,0.0688552406859496,0.022772372819435425,0.1649054625433621,male,75-84
mortality_rate,county,6,0.1335547577726168,0.03780600730368721,0.34846227858504863,male,85+
qualifying_event_rate,county,6,0.02054706996514766,0.014482941501281746,0.028393504919360765,male,0-17
qualifying_event_rate,county,6,0.03146235408179784,0.022502142498501593,0.042277251454574095,male,18-44
qualifying_event_rate,county,6,0.04679889574590043,0.03474678015513944,0.06145029813383508,male,45-64
qualifying_event_rate,county,6,0.07379427697522838,0.05377918041265639,0.09830497497927579,male,65-74
qualifying_event_rate,county,6,0.08649947456820807,0.06000508088020768,0.11715052768222099,male,75-84
qualifying_event_rate,county,6,0.06420808764709018,0.021886385949504074,0.11640289136584267,male,85+
person_years_exposure,county,6,4427.7916352284155,3970.1504511822495,4666.147689490561,female,0-17
person_years_exposure,county,6,4279.939673730416,3839.70264077459,4462.633709273174,female,18-44
person_years_exposure,county,6,4324.986701598655,3881.118055360488,4518.235212290774,female,45-64
person_years_exposure,county,6,1154.8810761053628,1017.4079412618116,1241.8035726059175,female,65-74
person_years_exposure,county,6,521.8638487098054,420.156560265641,596.622777159694,female,75-84
person_years_exposure,county,6,67.13541491232785,40.39263362394055,88.97999654752316,female,85+
person_years_exposure,county,6,8604.92637532907,7716.52563438097,8977.114696540557,female,18-64
person_years_exposure,county,6,1743.8803397274962,1497.844222503073,1920.4724263183537,female,65+
mortality_rate,county,6,0.007035418500647897,0.0023395533350696954,0.015320288797891856,female,0-17
mortality_rate,county,6,0.0007797778936545393,0.0,0.0020264269579905953,female,18-44
mortality_rate,county,6,0.004448735680305793,0.0013272500366318715,0.009694778653120375,female,45-64
mortality_rate,county,6,0.025504435437699372,0.008055973733719187,0.05735491588511983,female,65-74
mortality_rate,county,6,0.06840162433941599,0.022734417014912592,0.158277685366636,female,75-84
mortality_rate,county,6,0.12503360002300368,0.03414662318598253,0.33493709689184253,female,85+
qualifying_event_rate,county,6,0.018440432014770705,0.012816754631816309,0.02511599785207266,female,0-17
qualifying_event_rate,county,6,0.030702599441773563,0.022228414913056816,0.041083489916477825,female,18-44
qualifying_event_rate,county,6,0.04671652279741494,0.03453133693256052,0.061559947166888486,female,45-64
qualifying_event_rate,county,6,0.06917015304350008,0.04963463066646587,0.09266299330324583,female,65-74
qualifying_event_rate,county,6,0.0756717425321018,0.05262269689837278,0.10499001885849461,female,75-84
qualifying_event_rate,county,6,0.06962984367792883,0.023117068166974845,0.12565707116427344,female,85+
person_years_exposure,county,7,4057.864212529518,3848.94382886017,4245.637681973915,male,0-17
person_years_exposure,county,7,3769.3208389191477,3591.0471040349025,3924.6961713239907,male,18-44
person_years_exposure,county,7,3526.4175977584896,3351.8094008902167,3679.5958657132414,male,45-64
person_years_exposure,county,7,1113.4979313146387,1009.8640022333987,1196.8001055777784,male,65-74
person_years_exposure,county,7,493.38080790052464,379.9556973587209,573.4528335801397,male,75-84
person_years_exposure,county,7,69.57923157640629,39.47866827498977,94.51705614507934,male,85+
person_years_exposure,county,7,7295.738436677637,6955.198018328369,7592.918737032789,male,18-64
person_years_exposure,county,7,1676.4579707915696,1436.9722577784507,1856.2037753787836,male,65+
mortality_rate,county,7,0.002751336712248053,0.0007240510548872265,0.006037174693955429,male,0-17
mortality_rate,county,7,0.0006975777981276804,0.0,0.0017861119124750677,male,18-44
mortality_rate,county,7,0.00666010972152836,0.002162149028228689,0.014613977845686948,male,45-64
mortality_rate,county,7,0.029202211021721113,0.00979000334295362,0.06716108823274458,male,65-74
mortality_rate,county,7,0.08458848279582207,0.028006046491767318,0.20793613944659836,male,75-84
mortality_rate,county,7,0.11755942478220745,0.033519810208029965,0.3110277017873535,male,85+
qualifying_event_rate,county,7,0.012704882371572204,0.008420497742300307,0.01787910892476491,male,0-17
qualifying_event_rate,county,7,0.03006558597418034,0.021711910770950117,0.040420691345145816,male,18-44
qualifying_event_rate,county,7,0.04487861627281349,0.03340589525670925,0.060160893266219005,male,45-64
qualifying_event_rate,county,7,0.07277355515993557,0.052697531413032815,0.09694586242160425,male,65-74
qualifying_event_rate,county,7,0.06870047994876374,0.045824531013369675,0.09674295667400215,male,75-84
qualifying_event_rate,county,7,0.055934863365953214,0.014958013881762572,0.10777572843157752,male,85+
person_years_exposure,county,7,4168.355965872137,3953.041087440725,4362.531036406532,female,0-17
person_years_exposure,county,7,4059.316722726909,3867.4295467160596,4229.238587887834,female,18-44
person_years_exposure,county,7,3905.9855805232532,3713.191126150802,4075.379885859158,female,45-64
person_years_exposure,county,7,1286.4424181173808,1169.6033407213777,1375.912136944281,female,65-74
person_years_exposure,county,7,522.640365430007,420.74716954584306,595.250550538797,female,75-84
person_years_exposure,county,7,36.267711401971006,20.850380920031686,48.50762875474852,female,85+
person_years_exposure,county,7,7965.302303250162,7586.115455368426,8296.150953200191,female,18-64
person_years_exposure,county,7,1845.3504949493588,1622.3786913962304,2009.7713113465024,female,65+
mortality_rate,county,7,0.003500260570523826,0.0009964764847501032,0.007655909739849435,female,0-17
mortality_rate,county,7,0.0006981432020648605,0.0,0.0017427009629549244,female,18-44
mortality_rate,county,7,0.006870340062841469,0.002122664781014267,0.014723710633178542,female,45-64
mortality_rate,county,7,0.0274144332828833,0.0092855165013579,0.060402770221189,female,65-74
mortality_rate,county,7,0.06760846638592412,0.02314312787142448,0.15984400999947604,female,75-84
mortality_rate,county,7,0.10490254923955655,0.020800157156142352,0.30716670067644286,female,85+
qualifying_event_rate,county,7,0.01367797014081808,0.009219907535508807,0.01915729264722012,female,0-17
qualifying_event_rate,county,7,0.029405493360299784,0.020854366041208456,0.03987378175763777,female,18-44
qualifying_event_rate,county,7,0.04593473438583828,0.034106319854441604,0.06119661889123793,female,45-64
qualifying_event_rate,county,7,0.06751374009386496,0.048749531700875794,0.09017868655191931,female,65-74
qualifying_event_rate,county,7,0.06754615257076685,0.045358426604925624,0.09440648421027605,female,75-84
qualifying_event_rate,county,7,0.05718220278320812,0.0,0.12295029327672652,female,85+
person_years_exposure,county,8,1312.9031051142592,1240.7591928665825,1379.2571273159992,male,0-17
person_years_exposure,county,8,1351.0337005970582,1286.7485098892405,1408.6124832550618,male,18-44
person_years_exposure,county,8,1179.285819255291,1119.0144580109215,1234.1427379843408,male,45-64
person_years_exposure,county,8,317.2517093531153,285.9218049631674,342.7731178888585,male,65-74
person_years_exposure,county,8,152.49550325071502,118.37461063849439,178.40393499762925,male,75-84
person_years_exposure,county,8,9.1511434911754,2.6335850767199576,14.907156351415464,male,85+
person_years_exposure,county,8,2530.319519852349,2410.4750561119477,2637.4583110126487,male,18-64
person_years_exposure,county,8,478.89835609500574,413.26963974077813,529.136904441431,male,65+
mortality_rate,county,8,0.00275101520605793,0.0,0.006808571683226274,male,0-17
mortality_rate,county,8,0.0007072853962323142,0.0,0.002244769750619972,male,18-44
mortality_rate,county,8,0.006794118016537874,0.001627465620314815,0.015477635356190601,male,45-64
mortality_rate,county,8,0.031170385916302525,0.00847852405106942,0.07201163233535729,male,65-74
mortality_rate,county,8,0.07677335955548657,0.02238240662032015,0.18575964132654788,male,75-84
mortality_rate,county,8,0.08478035393230772,0.0,0.45924936302602765,male,85+
qualifying_event_rate,county,8,0.017068046620469998,0.010303359538875446,0.02530701200200981,male,0-17
qualifying_event_rate,county,8,0.03999341240306784,0.028013652798113405,0.055256827260336885,male,18-44
qualifying_event_rate,county,8,0.05887732518789872,0.04277340434293141,0.07912837031377566,male,45-64
qualifying_event_rate,county,8,0.09426988568393263,0.0627858488567778,0.12834038912098847,male,65-74
qualifying_event_rate,county,8,0.08346171548931344,0.04795938640261197,0.12473757352725195,male,75-84
qualifying_event_rate,county,8,0.05576010567561534,0.0,0.21189795651006113,male,85+
person_years_exposure,county,8,1408.5343124222786,1331.046053299268,1478.4453171039486,female,0-17
person_years_exposure,county,8,1253.8313535706643,1191.5220027624018,1307.2015903451427,female,18-44
person_years_exposure,county,8,1077.4873558850309,1019.8354014107665,1127.645956700932,female,45-64
person_years_exposure,county,8,349.2120506147663,315.2454408909347,376.51020286360693,female,65-74
person_years_exposure,county,8,142.59896380043142,112.5112497243439,164.0322576588467,female,75-84
person_years_exposure,county,8,15.634097999537792,8.12743831816287,20.910524744730306,female,85+
person_years_exposure,county,8,2331.318709455695,2218.4327515086848,2430.2986657822166,female,18-64
person_years_exposure,county,8,507.44511241473555,442.00933329529346,555.5717930363187,female,65+
mortality_rate,county,8,0.003484617365521814,0.0006792625236284076,0.008325659201356424,female,0-17
mortality_rate,county,8,0.000712269958560793,0.0,0.0024148881348048743,female,18-44
mortality_rate,county,8,0.007053990838952352,0.0017761699150474675,0.015759528422212073,female,45-64
mortality_rate,county,8,0.02731598075827624,0.005634400513353552,0.06438640937907475,female,65-74
mortality_rate,county,8,0.06343995924118781,0.018072763645598646,0.15832364103023208,female,75-84
mortality_rate,county,8,0.09709027146253234,0.0,0.4011871445453553,female,85+
qualifying_event_rate,county,8,0.018399625538181585,0.011087098072387865,0.027134300854790492,female,0-17
qualifying_event_rate,county,8,0.0394837139162382,0.02701590275362895,0.05467424016901796,female,18-44
qualifying_event_rate,county,8,0.06055548109769842,0.04313096873470555,0.0817168373429796,female,45-64
qualifying_event_rate,county,8,0.08657432616597194,0.05863246326038974,0.11867799003581771,female,65-74
qualifying_event_rate,county,8,0.08356123354028054,0.046343346375361014,0.12784556763955512,female,75-84
qualifying_event_rate,county,8,0.07579314063860564,0.0,0.1860670408594489,female,85+
person_years_exposure,county,9,2943.342792263362,2688.4020620739852,3261.116887847194,male,0-17
person_years_exposure,county,9,2664.5499727572555,2436.0404403313737,2950.688618382812,male,18-44
person_years_exposure,county,9,2371.8842593743366,2161.5207485319856,2630.1636004666284,male,45-64
person_years_exposure,county,9,691.7925832348249,606.2339106452148,779.6296504027225,male,65-74
person_years_exposure,county,9,272.0592852360733,211.20678428444984,325.23094710607035,male,75-84
person_years_exposure,county,9,16.88498006945921,8.070388909309637,24.920703678681676,male,85+
person_years_exposure,county,9,5036.434232131593,4602.827573614029,5569.045927648871,male,18-64
person_years_exposure,county,9,980.7368485403573,834.4382990840668,1119.932219216871,male,65+
mortality_rate,county,9,0.0006071699768363557,0.0,0.0017119910879378611,male,0-17
mortality_rate,county,9,0.0007253071652847039,0.0,0.0020281143854336287,male,18-44
mortality_rate,county,9,0.006095784832926,0.001664403213697058,0.013203612924048378,male,45-64
mortality_rate,county,9,0.028081060713910356,0.007588716149739877,0.06268454056537831,male,65-74
mortality_rate,county,9,0.07462025411935416,0.021994799602951857,0.17494750027694314,male,75-84
mortality_rate,county,9,0.10945205005707477,0.0,0.3541888914966848,male,85+
qualifying_event_rate,county,9,0.013192177840978328,0.008491949230227204,0.01897640884331091,male,0-17
qualifying_event_rate,county,9,0.027192238413912745,0.018897408271107384,0.037180396199758374,male,18-44
qualifying_event_rate,county,9,0.04165044675854426,0.029229108807093947,0.05636141048066431,male,45-64
qualifying_event_rate,county,9,0.07629666464337058,0.053155094824370475,0.1024445355877465,male,65-74
qualifying_event_rate,county,9,0.06347368393652636,0.037419963936735884,0.09604971678733966,male,75-84
qualifying_event_rate,county,9,0.05940111918764982,0.0,0.16429860625028747,male,85+
person_years_exposure,county,9,2823.8600799541186,2577.5698101503867,3130.6360352306847,female,0-17
person_years_exposure,county,9,2706.939354343242,2470.9956568922107,2993.675660090099,female,18-44
person_years_exposure,county,9,2625.777352304718,2398.5092774595355,2905.8209914830886,female,45-64
person_years_exposure,county,9,700.9810638833201,617.3914461679325,790.5362570701096,female,65-74
person_years_exposure,county,9,189.23920757643018,144.69398263017342,226.96022176268056,female,75-84
person_years_exposure,county,9,25.476323674052637,13.180380091175296,35.65448239268521,female,85+
person_years_exposure,county,9,5332.71670664796,4871.531077077353,5900.368793985602,female,18-64
person_years_exposure,county,9,915.6965951338029,784.3471937082168,1044.4143014136819,female,65+
mortality_rate,county,9,0.0006119380191734133,0.0,0.001739341068333109,female,0-17
mortality_rate,county,9,0.0006284484623826154,0.0,0.0017792369221251002,female,18-44
mortality_rate,county,9,0.005967540842713302,0.0017173670120195271,0.012883678904629476,female,45-64
mortality_rate,county,9,0.026992576102737136,0.0076732747893672746,0.06054638748873792,female,65-74
mortality_rate,county,9,0.07248619010158484,0.020859570874774108,0.1739169332274957,female,75-84
mortality_rate,county,9,0.10201050538719446,0.0,0.35475029132545344,female,85+
qualifying_event_rate,county,9,0.014836773590046547,0.00956524762444905,0.021222484245490798,female,0-17
qualifying_event_rate,county,9,0.030300271028292004,0.021205410000805256,0.040915617589958056,female,18-44
qualifying_event_rate,county,9,0.040451376618250205,0.029274079571697403,0.05453913427817042,female,45-64
qualifying_event_rate,county,9,0.07703960635352478,0.05400306083100661,0.10343052077289505,female,65-74
qualifying_event_rate,county,9,0.07364322203377326,0.043566235034613335,0.11033906721960691,female,75-84
qualifying_event_rate,county,9,0.06640951429631306,0.0,0.15605923397358668,female,85+
person_years_exposure,county,10,1755.032653331787,1661.2508728445482,1838.9998295889825,male,0-17
person_years_exposure,county,10,1614.6526836902578,1536.4696355416559,1681.743779424553,male,18-44
person_years_exposure,county,10,1641.0541061505257,1558.3014811972705,1714.69315192271,male,45-64
person_years_exposure,county,10,478.261554464998,429.4166233950083,515.31356134405,male,65-74
person_years_exposure,county,10,205.10669405786265,154.75277560749385,241.92324487475994,male,75-84
person_years_exposure,county,10,13.782893655764555,6.3421861988284425,20.647713841832537,male,85+
person_years_exposure,county,10,3255.7067898407836,3102.5035506960903,3390.2715435854984,male,18-64
person_years_exposure,county,10,697.1511421786253,601.2947476812991,771.8474732572431,male,65+
mortality_rate,county,10,0.0027315419478942935,0.0005454932075421763,0.006647930753547923,male,0-17
mortality_rate,county,10,0.0006976514857520232,0.0,0.001933284430418696,male,18-44
mortality_rate,county,10,0.006238844418126025,0.0017485277715121,0.013977185372219016,male,45-64
mortality_rate,county,10,0.02927905831159472,0.008128797329242035,0.06606580657307734,male,65-74
mortality_rate,county,10,0.08441479852858957,0.025079233838333877,0.20286132977654264,male,75-84
mortality_rate,county,10,0.1306721908450502,0.0,0.4428384915125116,male,85+
qualifying_event_rate,county,10,0.013509697892223579,0.008040185139156853,0.020082046261475233,male,0-17
qualifying_event_rate,county,10,0.031892356893448874,0.021343795595828517,0.04384238787896618,male,18-44
qualifying_event_rate,county,10,0.046568474757979886,0.033586076915504304,0.06254709164016836,male,45-64
qualifying_event_rate,county,10,0.07634840298053962,0.052074399830376636,0.10258178670501407,male,65-74
qualifying_event_rate,county,10,0.07199938978446116,0.04088905015745458,0.10905234180267952,male,75-84
qualifying_event_rate,county,10,0.0579845744910727,0.0,0.1748024467356797,male,85+
person_years_exposure,county,10,1741.2537025704196,1647.2152630938401,1826.1624646905802,female,0-17
person_years_exposure,county,10,1581.7259604343683,1503.6754189310798,1649.9739499929374,female,18-44
person_years_exposure,county,10,1633.0895023130902,1549.641182065208,1705.8247439243335,female,45-64
person_years_exposure,county,10,477.07967048592315,432.6232501807469,512.5888884638446,female,65-74
person_years_exposure,county,10,251.4804241057006,200.08070406142272,287.564231324313,female,75-84
person_years_exposure,county,10,32.92262416167666,19.59826168795613,43.12579759229215,female,85+
person_years_exposure,county,10,3214.8154627474587,3061.1141537201133,3352.0017325430495,female,18-64
person_years_exposure,county,10,761.4827187533004,661.9438524616176,836.7445369624523,female,65+
mortality_rate,county,10,0.00346906791057101,0.000567988854475165,0.008059767249180646,female,0-17
mortality_rate,county,10,0.0007010612119216158,0.0,0.0019824304847137664,female,18-44
mortality_rate,county,10,0.007041269582109804,0.001801040160120801,0.015682519884873368,female,45-64
mortality_rate,county,10,0.02632677349295011,0.0066038437259770336,0.05940583420169718,female,65-74
mortality_rate,county,10,0.07239406204596559,0.022083122893749647,0.17164182666243438,female,75-84
mortality_rate,county,10,0.08979903931200285,0.0,0.28161706277050885,female,85+
qualifying_event_rate,county,10,0.01457255291477194,0.00880368689136163,0.02140154710156291,female,0-17
qualifying_event_rate,county,10,0.03126129751006516,0.021040168343673442,0.04386795970891149,female,18-44
qualifying_event_rate,county,10,0.0485629336758148,0.03477231315954842,0.06543034780583545,female,45-64
qualifying_event_rate,county,10,0.06994999041880473,0.04716093374444152,0.09838512254088688,female,65-74
qualifying_event_rate,county,10,0.07223738656232735,0.04464112269420157,0.10458393344836799,female,75-84
qualifying_event_rate,county,10,0.060327062676270284,0.0,0.13399099622806984,female,85+
person_years_exposure,county,11,1971.9858787285373,1864.1410318215703,2065.488185411585,male,0-17
person_years_exposure,county,11,1850.1451556780667,1763.5142870201498,1925.589584694917,male,18-44
person_years_exposure,county,11,1961.8547149394922,1861.8918750393677,2047.9595963411357,male,45-64
person_years_exposure,county,11,566.7399211288111,510.3604385749319,610.6543224125254,male,65-74
person_years_exposure,county,11,156.1800297504258,119.56770243448726,183.8485852428636,male,75-84
person_years_exposure,county,11,39.83235896311604,21.509337125039668,55.7723010556607,male,85+
person_years_exposure,county,11,3811.999870617559,3634.1025580151595,3966.1159342644637,male,18-64
person_years_exposure,county,11,762.7523098423529,660.61228377911,841.350564063667,male,65+
mortality_rate,county,11,0.0027779242249351336,0.0004894447893923143,0.006556010750008387,male,0-17
mortality_rate,county,11,0.0006909297406081111,0.0,0.0021619172477637186,male,18-44
mortality_rate,county,11,0.006503929943351355,0.001551621479316285,0.014823789439135206,male,45-64
mortality_rate,county,11,0.029150831926412744,0.008134345277818575,0.0675172859513486,male,65-74
mortality_rate,county,11,0.08389800601952438,0.02326440739899039,0.20505197686609636,male,75-84
mortality_rate,county,11,0.13629534185203643,0.034812679290220645,0.38983334229423905,male,85+
qualifying_event_rate,county,11,0.010611526926091458,0.006349529176873662,0.015733711956147613,male,0-17
qualifying_event_rate,county,11,0.025214448975438862,0.017012717736371363,0.03546511842859622,male,18-44
qualifying_event_rate,county,11,0.03731471761391762,0.026287678076646545,0.0502643306468912,male,45-64
qualifying_event_rate,county,11,0.062129665677637294,0.04193487144148288,0.08685014745208196,male,65-74
qualifying_event_rate,county,11,0.057860411104615546,0.027451383317508595,0.09401708941990372,male,75-84
qualifying_event_rate,county,11,0.04971862083792091,0.0,0.11071350458069831,male,85+
person_years_exposure,county,11,1962.4748149420045,1851.4813047673606,2059.0005522157976,female,0-17
person_years_exposure,county,11,1959.421153352699,1864.5594315893022,2044.2496436362758,female,18-44
person_years_exposure,county,11,1742.8556722443423,1654.0551223802445,1820.417081424847,female,45-64
person_years_exposure,county,11,596.0687781695569,542.480437250727,639.9389671109992,female,65-74
person_years_exposure,county,11,265.20983076186684,210.71179490370233,303.87932688938037,female,75-84
person_years_exposure,county,11,28.00816626011226,16.698086851797054,36.31707287544957,female,85+
person_years_exposure,county,11,3702.2768255970414,3523.403838693301,3858.5813933366276,female,18-64
person_years_exposure,county,11,889.2867751915361,778.0155674030308,972.0469826260774,female,65+
mortality_rate,county,11,0.003487803517469485,0.0005195085971670323,0.008042072701230363,female,0-17
mortality_rate,county,11,0.0006999934796575675,0.0,0.0020757162339722227,female,18-44
mortality_rate,county,11,0.0066709280802225894,0.0016937674013180488,0.015148215307737354,female,45-64
mortality_rate,county,11,0.027227976573030353,0.007819067492689962,0.06184936688237864,female,65-74
mortality_rate,county,11,0.06849041426445752,0.021041792016068126,0.16300318495002641,female,75-84
mortality_rate,county,11,0.0883183483648796,0.0,0.29941071929603247,female,85+
qualifying_event_rate,county,11,0.011381266678528082,0.006777998387150302,0.01679016545875359,female,0-17
qualifying_event_rate,county,11,0.024838849223339433,0.016755656791357362,0.034867385312428216,female,18-44
qualifying_event_rate,county,11,0.03843593150988608,0.02688718863395278,0.052691759312463116,female,45-64
qualifying_event_rate,county,11,0.057544171174591305,0.03747206354606639,0.08036286581311261,female,65-74
qualifying_event_rate,county,11,0.056887348040701564,0.03188200830163444,0.0854120413523319,female,75-84
qualifying_event_rate,county,11,0.048031793581262625,0.0,0.12356289510884691,female,85+
person_years_exposure,county,12,2411.360325939339,2060.792080831825,2733.423600559535,male,0-17
person_years_exposure,county,12,2412.3982021459974,2071.8941051398074,2732.9840717961215,male,18-44
person_years_exposure,county,12,1814.5342971896953,1556.5664924441726,2059.388333979004,male,45-64
person_years_exposure,county,12,572.674647599657,474.7983991806591,665.0015881783896,male,65-74
person_years_exposure,county,12,142.2107010130609,104.1246957928461,175.07505052224508,male,75-84
person_years_exposure,county,12,8.618354273094463,3.0684077042137887,14.86311134265009,male,85+
person_years_exposure,county,12,4226.932499335693,3631.9717032334934,4792.375066485456,male,18-64
person_years_exposure,county,12,723.5037028858123,589.3366253121906,848.0748842787298,male,65+
mortality_rate,county,12,0.0030254334359623722,0.0004521356779980232,0.006941536176242288,male,0-17
mortality_rate,county,12,0.000696880117989848,0.0,0.001913250748335749,male,18-44
mortality_rate,county,12,0.0094121193011898,0.002688564696681212,0.020152906778998954,male,45-64
mortality_rate,county,12,0.035344693115466674,0.011157294988800043,0.07857868504996932,male,65-74
mortality_rate,county,12,0.0708831016256732,0.018952540285049096,0.18383922170470085,male,75-84
mortality_rate,county,12,0.09720264587541508,0.0,0.5008399005752173,male,85+
qualifying_event_rate,county,12,0.010890426414090644,0.006478955073216628,0.016274298085788768,male,0-17
qualifying_event_rate,county,12,0.01705747170010934,0.010816868429529511,0.023908477539526154,male,18-44
qualifying_event_rate,county,12,0.025212811788460368,0.01690297435224043,0.03485948286513833,male,45-64
qualifying_event_rate,county,12,0.04551988538067314,0.02884097127096602,0.06505138345035084,male,65-74
qualifying_event_rate,county,12,0.04296089098935103,0.015288053726234922,0.07402698984391008,male,75-84
qualifying_event_rate,county,12,0.0295764170763147,0.0,0.16088120421596563,male,85+
person_years_exposure,county,12,2564.5133439488195,2194.126372525841,2902.230893629593,female,0-17
person_years_exposure,county,12,2533.3828133830198,2171.0840168984237,2875.6299710649605,female,18-44
person_years_exposure,county,12,2092.8546566503687,1792.6963422293477,2373.7695522493573,female,45-64
person_years_exposure,county,12,453.70879080531313,373.5919037460598,528.2868558423928,female,65-74
person_years_exposure,county,12,113.86782429694574,79.95736183200876,142.78790009122258,female,75-84
person_years_exposure,county,12,2.3185148042306505,0.05625705294590709,5.092029377041683,female,85+
person_years_exposure,county,12,4626.2374700333885,3972.1798146291185,5245.948034256889,female,18-64
person_years_exposure,county,12,569.8951299064895,459.8077319009225,670.4821120341201,female,65+
mortality_rate,county,12,0.0015374734169559029,0.0,0.0037851222982221685,female,0-17
mortality_rate,county,12,0.0008865986372587013,0.0,0.0024471299636369516,female,18-44
mortality_rate,county,12,0.00894598972293937,0.002699637811549415,0.01941250851619186,female,45-64
mortality_rate,county,12,0.03574618975984289,0.009721057590021455,0.08287314169227404,female,65-74
mortality_rate,county,12,0.07465387902784452,0.019509459355095928,0.18676876519132826,female,75-84
mortality_rate,county,12,0.08574445693938265,0.0,0.9781500240676939,female,85+
qualifying_event_rate,county,12,0.009320801690855637,0.005557530265767537,0.013911474065296671,female,0-17
qualifying_event_rate,county,12,0.017191918531782965,0.011210594251777119,0.02421761759152599,female,18-44
qualifying_event_rate,county,12,0.028512659191540272,0.01926066894602096,0.038935944035822095,female,45-64
qualifying_event_rate,county,12,0.041570576838685924,0.02427092653730918,0.06214669380687892,female,65-74
qualifying_event_rate,county,12,0.04361011167548287,0.015596474439614434,0.07903427233641507,female,75-84
qualifying_event_rate,county,12,0.025486743172212972,0.0,0.21974429822307198,female,85+
person_years_exposure,county,13,2264.243408896162,2064.5273292732445,2513.4858356136006,male,0-17
person_years_exposure,county,13,2004.3965558440211,1834.128536244579,2218.0588305387855,male,18-44
person_years_exposure,county,13,2017.3682284293839,1834.9653970218885,2236.2917465578894,male,45-64
person_years_exposure,county,13,497.67471348703305,436.706515973037,561.2685100261924,male,65-74
person_years_exposure,county,13,183.03089669504374,142.50472257587663,218.51460956782248,male,75-84
person_years_exposure,county,13,44.45504230505215,25.392603589704493,61.23173982664126,male,85+
person_years_exposure,county,13,4021.764784273405,3673.895572961037,4444.289667142723,male,18-64
person_years_exposure,county,13,725.1606524871289,611.4311293300663,831.530945406669,male,65+
mortality_rate,county,13,0.0005943279418249656,0.0,0.001734831671701782,male,0-17
mortality_rate,county,13,0.0007354438369254081,0.0,0.0021269417444908815,male,18-44
mortality_rate,county,13,0.005848139866704048,0.0015453223758208723,0.012687729512344245,male,45-64
mortality_rate,county,13,0.02924498827088117,0.007754259675347888,0.06555929064420844,male,65-74
mortality_rate,county,13,0.07287345001138804,0.020382917415369073,0.1731161912146629,male,75-84
mortality_rate,county,13,0.13321692122653492,0.03269079603516423,0.3587574913056898,male,85+
qualifying_event_rate,county,13,0.011382156421430882,0.006783685500713062,0.01671425721431877,male,0-17
qualifying_event_rate,county,13,0.023504482957795603,0.015563628573074485,0.032969075514735706,male,18-44
qualifying_event_rate,county,13,0.035607528205039575,0.02499559916314063,0.048309981403454175,male,45-64
qualifying_event_rate,county,13,0.06796310768740552,0.0455727308866307,0.0955245784770364,male,65-74
qualifying_event_rate,county,13,0.05470319697107015,0.027712958572750322,0.08561518482394465,male,75-84
qualifying_event_rate,county,13,0.060282099971517365,0.0,0.12383493144750231,male,85+
person_years_exposure,county,13,2222.7658127895534,2027.2983658036376,2469.403413354756,female,0-17
person_years_exposure,county,13,2204.2433365423167,2013.7755505671776,2440.144635946073,female,18-44
person_years_exposure,county,13,1838.0272358152506,1676.506954777271,2031.9848725440315,female,45-64
person_years_exposure,county,13,465.9444895454716,408.6095145140754,525.3504053504116,female,65-74
person_years_exposure,county,13,190.08020096102595,147.01499627585707,226.48110023193246,female,75-84
person_years_exposure,county,13,38.341453988924954,22.630781773938793,51.734784963416075,female,85+
person_years_exposure,county,13,4042.2705723575673,3692.401468172796,4471.175167969853,female,18-64
person_years_exposure,county,13,694.3661444954225,586.4852042246222,796.0001875752238,female,65+
mortality_rate,county,13,0.0005634608014229785,0.0,0.0017580769587127575,female,0-17
mortality_rate,county,13,0.0006672145042330111,0.0,0.0019530400107191988,female,18-44
mortality_rate,county,13,0.005806954127649734,0.001484158885168862,0.012911489918644044,female,45-64
mortality_rate,county,13,0.025880421264768173,0.0067485609773986965,0.05921326736228031,female,65-74
mortality_rate,county,13,0.07515656721262678,0.021346544041386372,0.17884766669929186,female,75-84
mortality_rate,county,13,0.10245288448122275,0.018856539823846323,0.29395985893509863,female,85+
qualifying_event_rate,county,13,0.012921595033646177,0.008004418422584557,0.018751998082745726,female,0-17
qualifying_event_rate,county,13,0.02643937028596439,0.018119394038636154,0.036645551354576686,female,18-44
qualifying_event_rate,county,13,0.035079220396536534,0.024364468588640744,0.048260339274058185,female,45-64
qualifying_event_rate,county,13,0.06692502711545796,0.04414861765572824,0.09311293451856893,female,65-74
qualifying_event_rate,county,13,0.06698077418202375,0.03563202124966315,0.10313340972251406,female,75-84
qualifying_event_rate,county,13,0.059429563407628165,0.0,0.1287431831296979,female,85+
person_years_exposure,county,14,2150.797507166598,2035.1542417857918,2253.544701946833,male,0-17
person_years_exposure,county,14,2029.1660925040328,1933.3256346724088,2113.8410316842915,male,18-44
person_years_exposure,county,14,1944.9907803336591,1848.4773859435193,2031.490787679946,male,45-64
person_years_exposure,county,14,413.0233816393874,373.8215885901365,444.3214295056738,male,65-74
person_years_exposure,county,14,199.57831581350015,154.38151845609886,233.49000542641983,male,75-84
person_years_exposure,county,14,63.05773371120793,37.362021936234,84.67270768509762,male,85+
person_years_exposure,county,14,3974.156872837692,3785.709397239939,4136.935912318,male,18-64
person_years_exposure,county,14,675.6594311640955,574.0586248014698,753.9004771968483,male,65+
mortality_rate,county,14,0.0027642362798868,0.00046397052844997065,0.006293228371088031,male,0-17
mortality_rate,county,14,0.0007052908823170451,0.0,0.0020489066554121647,male,18-44
mortality_rate,county,14,0.006467184013639471,0.001563865959299865,0.014546651959695097,male,45-64
mortality_rate,county,14,0.029151748627581103,0.008927021010729416,0.06920061573091389,male,65-74
mortality_rate,county,14,0.08303863422559359,0.025848383601539394,0.20054514647872368,male,75-84
mortality_rate,county,14,0.12861810445777042,0.03687334565087569,0.34423938678299926,male,85+
qualifying_event_rate,county,14,0.016440803806925277,0.010344002428708579,0.024093129689844554,male,0-17
qualifying_event_rate,county,14,0.038562182798605474,0.02748920098230237,0.05291749667492239,male,18-44
qualifying_event_rate,county,14,0.05666976372496821,0.04140682421866407,0.07526226702255727,male,45-64
qualifying_event_rate,county,14,0.08988508114291295,0.0626405640215397,0.12186383473583906,male,65-74
qualifying_event_rate,county,14,0.08680027566142841,0.051556783268154334,0.127832937366006,male,75-84
qualifying_event_rate,county,14,0.0744823770875014,0.027312315885466565,0.13390424101684475,male,85+
person_years_exposure,county,14,2030.3926919431603,1919.1631212649327,2130.489476000296,female,0-17
person_years_exposure,county,14,2023.6972991013204,1925.1940689316116,2109.769636014863,female,18-44
person_years_exposure,county,14,1800.6673165179095,1707.3449865731473,1880.6930543157553,female,45-64
person_years_exposure,county,14,533.8991555775759,483.4266603683742,575.1597985636198,female,65-74
person_years_exposure,county,14,230.94176098149507,185.22894764703636,264.9622245181527,female,75-84
person_years_exposure,county,14,22.26388408389621,12.388847250351171,30.22087395532731,female,85+
person_years_exposure,county,14,3824.36461561923,3639.0226307650187,3982.862491849,female,18-64
person_years_exposure,county,14,787.1048006429672,688.6986399158844,864.2385544660236,female,65+
mortality_rate,county,14,0.003468771719848745,0.0005224447522913634,0.007962482957119528,female,0-17
mortality_rate,county,14,0.0006825861045836382,0.0,0.0019945750656571986,female,18-44
mortality_rate,county,14,0.006845335483089724,0.0016796940978453354,0.015359547469996456,female,45-64
mortality_rate,county,14,0.027989653377658415,0.00851094000662389,0.06299625278544091,female,65-74
mortality_rate,county,14,0.07101793049543546,0.02234440119056883,0.16765633029995874,female,75-84
mortality_rate,county,14,0.07586877453852389,0.0,0.2667289254552412,female,85+
qualifying_event_rate,county,14,0.017838298051268756,0.011552071961728446,0.025424074740125036,female,0-17
qualifying_event_rate,county,14,0.03748693559385104,0.02645450223434585,0.05098098024113963,female,18-44
qualifying_event_rate,county,14,0.058136960607425445,0.04263637069372507,0.07769712621675627,female,45-64
qualifying_event_rate,county,14,0.08498849147636266,0.06007312437171837,0.11365448574736453,female,65-74
qualifying_event_rate,county,14,0.08431660526367633,0.05298910884863766,0.1211218294772312,female,75-84
qualifying_event_rate,county,14,0.06437235262771687,0.0,0.15486313016004397,female,85+
person_years_exposure,county,15,1139.6254944672357,975.1385095096188,1293.7844138374753,male,0-17
person_years_exposure,county,15,1008.670870425644,865.5901690106107,1142.330718210491,male,18-44
person_years_exposure,county,15,1183.0211210437374,1011.5496265489226,1343.5936521283716,male,45-64
person_years_exposure,county,15,355.0537046845017,292.25260101546024,413.5658063694883,male,65-74
person_years_exposure,county,15,107.32255172998612,77.13044800232073,133.3790333958799,male,75-84
person_years_exposure,county,15,15.910248823374374,7.37283670405877,25.225124170579075,male,85+
person_years_exposure,county,15,2191.6919914693813,1885.6274742368369,2479.860597539775,male,18-64
person_years_exposure,county,15,478.28650523786223,384.16199086809274,565.5126196646722,male,65+
mortality_rate,county,15,0.0030133425830872634,0.0,0.007403022926904986,male,0-17
mortality_rate,county,15,0.0007348392416519574,0.0,0.0025873553320176013,male,18-44
mortality_rate,county,15,0.009952471511175917,0.0024052247778380757,0.022280657650071076,male,45-64
mortality_rate,county,15,0.03692576722166249,0.01017215324191676,0.08589149995870128,male,65-74
mortality_rate,county,15,0.07383888872927645,0.01714714924566195,0.1886159854620482,male,75-84
mortality_rate,county,15,0.10082319204922191,0.0,0.3675226137760601,male,85+
qualifying_event_rate,county,15,0.014003281052614962,0.007674791152734732,0.021533480306061663,male,0-17
qualifying_event_rate,county,15,0.022335425571528074,0.012993182704530069,0.03252566827901357,male,18-44
qualifying_event_rate,county,15,0.032757064208003006,0.021863521793659142,0.04625079694068357,male,45-64
qualifying_event_rate,county,15,0.058316866897647965,0.03527952741201836,0.08615616865312845,male,65-74
qualifying_event_rate,county,15,0.053087017640295164,0.019285463088314695,0.09173991141961184,male,75-84
qualifying_event_rate,county,15,0.03594303176179517,0.0,0.12507000209758387,male,85+
person_years_exposure,county,15,1308.781804151715,1119.8796354922458,1485.1995799557037,female,0-17
person_years_exposure,county,15,1223.7664712216742,1047.1374700956826,1389.1731350833552,female,18-44
person_years_exposure,county,15,1390.198866066142,1189.6111082635605,1578.3541052604742,female,45-64
person_years_exposure,county,15,433.36587535445415,357.9736046851625,502.66830833483414,female,65-74
person_years_exposure,county,15,127.97999052863851,92.8331931982685,160.37535089242755,female,75-84
person_years_exposure,county,15,10.52157237576068,2.8480275935106043,19.79732196812908,female,85+
person_years_exposure,county,15,2613.9653372878165,2237.8159172722117,2964.103844308979,female,18-64
person_years_exposure,county,15,571.8674382588533,461.7237338912794,673.8438151701059,female,65+
mortality_rate,county,15,0.0015318694117996711,0.0,0.004152678309162898,female,0-17
mortality_rate,county,15,0.000864231217614739,0.0,0.00286966518781838,female,18-44
mortality_rate,county,15,0.00920647285608638,0.0022649131894177162,0.020564812600430714,female,45-64
mortality_rate,county,15,0.03662476531221787,0.010070379068816481,0.08281550556282095,female,65-74
mortality_rate,county,15,0.0757313257966558,0.02118533819934006,0.18446737249823397,female,75-84
mortality_rate,county,15,0.19236683336069876,0.0,0.889756729637859,female,85+
qualifying_event_rate,county,15,0.012061699484530775,0.006622223323841338,0.018844389369613888,female,0-17
qualifying_event_rate,county,15,0.02246234803111958,0.013429208531202214,0.032663894517432866,female,18-44
qualifying_event_rate,county,15,0.037084397605563264,0.025172833510988403,0.050643541542941845,female,45-64
qualifying_event_rate,county,15,0.05313894874029076,0.03337019475380042,0.07707018695905764,female,65-74
qualifying_event_rate,county,15,0.05483695322545593,0.023255475088488426,0.0919408625002078,female,75-84
qualifying_event_rate,county,15,0.04447464442339821,0.0,0.18172126452827933,female,85+
person_years_exposure,county,16,3334.860263724157,2985.915800361739,3502.7528094088207,male,0-17
person_years_exposure,county,16,3364.8804715967735,3020.415809299557,3509.4491607830887,male,18-44
person_years_exposure,county,16,3285.760469350107,2934.959460388335,3449.0614627797413,male,45-64
person_years_exposure,county,16,1208.9083958564283,1066.9731571119987,1293.1259397921065,male,65-74
person_years_exposure,county,16,438.2067510401213,353.32795774368805,502.4885794214884,male,75-84
person_years_exposure,county,16,100.53895747613282,61.5334267876625,131.89022142977342,male,85+
person_years_exposure,county,16,6650.640940946881,5961.642623310723,6954.561880604388,male,18-64
person_years_exposure,county,16,1747.6541043726822,1507.5843425523894,1917.8144850967483,male,65+
mortality_rate,county,16,0.001202818154746465,0.0,0.002932765497480527,male,0-17
mortality_rate,county,16,0.0008258268361108653,0.0,0.0020387375673558933,male,18-44
mortality_rate,county,16,0.0051675989001287075,0.0014685791710725778,0.011202110414562524,male,45-64
mortality_rate,county,16,0.021888693859640127,0.006989557135685296,0.048715067477341154,male,65-74
mortality_rate,county,16,0.06876573047534079,0.02242177663705769,0.15775469944342693,male,75-84
mortality_rate,county,16,0.13543303815682178,0.04448639939391025,0.34627081361192247,male,85+
qualifying_event_rate,county,16,0.028664115660951364,0.020200386292871568,0.03865178088461781,male,0-17
qualifying_event_rate,county,16,0.04345277050416765,0.031737417095393475,0.05753949872473396,male,18-44
qualifying_event_rate,county,16,0.06378672230677075,0.048062561148437134,0.08390272181670833,male,45-64
qualifying_event_rate,county,16,0.09802242502650428,0.07421491917953772,0.12581137036538345,male,65-74
qualifying_event_rate,county,16,0.11150780420687044,0.08107838547809208,0.14769423841554546,male,75-84
qualifying_event_rate,county,16,0.08525911216890943,0.041433588915945334,0.13839586959466768,male,85+
person_years_exposure,county,16,3263.711000579401,2919.3013846800777,3440.286687009682,female,0-17
person_years_exposure,county,16,3327.455966279073,2983.9987617350707,3469.796235552579,female,18-44
person_years_exposure,county,16,3092.597275890372,2775.8357355461626,3234.0280882525876,female,45-64
person_years_exposure,county,16,1119.5759314326085,987.9396703262945,1203.0854239368014,female,65-74
person_years_exposure,county,16,407.69744845123944,327.45079891424587,466.33081000402433,female,75-84
person_years_exposure,county,16,81.75272479404185,48.08412963543104,107.46169975888618,female,85+
person_years_exposure,county,16,6420.053242169445,5764.517107919534,6701.3719462844165,female,18-64
person_years_exposure,county,16,1609.0261046778899,1384.5542526579438,1768.6663012455274,female,65+
mortality_rate,county,16,0.007028192225714182,0.0020768900336333453,0.014938672102533461,female,0-17
mortality_rate,county,16,0.0007706948344286278,0.0,0.0020337785375842982,female,18-44
mortality_rate,county,16,0.004881553704128385,0.0012764817115511432,0.010731986500825378,female,45-64
mortality_rate,county,16,0.025053518585700672,0.007612689921908918,0.05636009113281425,female,65-74
mortality_rate,county,16,0.06895928556302215,0.02172099580881369,0.16407820208477514,female,75-84
mortality_rate,county,16,0.11010502781996652,0.033342898389454256,0.2984837952706004,female,85+
qualifying_event_rate,county,16,0.02566501249003961,0.01825778464465538,0.03464721058583235,female,0-17
qualifying_event_rate,county,16,0.042512213824856364,0.031494191875198155,0.056597989470110334,female,18-44
qualifying_event_rate,county,16,0.06436394397818647,0.04880831442039426,0.08352862074262837,female,45-64
qualifying_event_rate,county,16,0.09156163078272359,0.06951752014488793,0.11865401408243458,female,65-74
qualifying_event_rate,county,16,0.09924846018259972,0.06848506864898249,0.13454233008030278,female,75-84
qualifying_event_rate,county,16,0.08114411300595917,0.03571247627801074,0.13646457759960468,female,85+
person_years_exposure,county,17,1476.7207287789577,1394.8189150507383,1549.3922321829136,male,0-17
person_years_exposure,county,17,1649.5015449909474,1572.8438033065802,1717.841164149648,male,18-44
person_years_exposure,county,17,1397.2167768995685,1327.1876023407515,1458.0916895818282,male,45-64
person_years_exposure,county,17,372.82902996050785,335.7872930053541,402.9513176182754,male,65-74
person_years_exposure,county,17,197.17209931513054,151.67222840238256,231.14995551293157,male,75-84
person_years_exposure,county,17,32.66673956310216,19.36665335049568,44.81021011010271,male,85+
person_years_exposure,county,17,3046.7183218905157,2904.0519055803043,3169.9900093537194,male,18-64
person_years_exposure,county,17,602.6678688387406,510.7537789468879,669.0030862836312,male,65+
mortality_rate,county,17,0.0027903755858815407,0.0,0.006786832749241125,male,0-17
mortality_rate,county,17,0.0006769919204629351,0.0,0.0020022955418057243,male,18-44
mortality_rate,county,17,0.005763760347997069,0.00138437519997327,0.013118476561582092,male,45-64
mortality_rate,county,17,0.03056511900033217,0.007836505616081128,0.07191897161841665,male,65-74
mortality_rate,county,17,0.08130332340118271,0.026008723363328577,0.1938650311794243,male,75-84
mortality_rate,county,17,0.12223192787166783,0.023099821359142802,0.3490690883884814,male,85+
qualifying_event_rate,county,17,0.013197880853075872,0.007752764188803416,0.01999859239899456,male,0-17
qualifying_event_rate,county,17,0.031205860775809034,0.021235088837937514,0.043520767042675636,male,18-44
qualifying_event_rate,county,17,0.04529870234482381,0.03190961647235696,0.06221246790087785,male,45-64
qualifying_event_rate,county,17,0.07700121496176868,0.0508923511857492,0.10671508986697852,male,65-74
qualifying_event_rate,county,17,0.07006628113039243,0.03943528469363729,0.10635448443211824,male,75-84
qualifying_event_rate,county,17,0.058762063556714,0.0,0.13432253409150557,male,85+
person_years_exposure,county,17,1506.304935507988,1419.6885568027399,1582.1837655521222,female,0-17
person_years_exposure,county,17,1548.7158295655706,1473.3547028620442,1615.059943544784,female,18-44
person_years_exposure,county,17,1579.6251844441545,1498.2009600153824,1651.0718175560057,female,45-64
person_years_exposure,county,17,385.95677708944004,349.57622985154245,415.2384037081869,female,65-74
person_years_exposure,county,17,162.41802539634446,128.05993432423023,187.1221023649978,female,75-84
person_years_exposure,county,17,40.040203714738254,24.02737047923209,52.74058127989808,female,85+
person_years_exposure,county,17,3128.341014009725,2978.595334335439,3259.617483070785,female,18-64
person_years_exposure,county,17,588.4150062005227,509.9828389317496,648.3994776951585,female,65+
mortality_rate,county,17,0.0034286223589304653,0.0006463689885925783,0.007985415826098519,female,0-17
mortality_rate,county,17,0.0007062302709896154,0.0,0.0020347998471826286,female,18-44
mortality_rate,county,17,0.00704775576486992,0.0018374630400286554,0.01582965313191831,female,45-64
mortality_rate,county,17,0.02643328218992291,0.007100882662549254,0.06172476361800314,female,65-74
mortality_rate,county,17,0.07117658658453752,0.017099448423192564,0.17702508123619812,female,75-84
mortality_rate,county,17,0.11243210267490882,0.0200542666076371,0.3076153496364469,female,85+
qualifying_event_rate,county,17,0.014298622695700371,0.008371136536522085,0.021352132286256157,female,0-17
qualifying_event_rate,county,17,0.030726935022139985,0.020678234815664127,0.04228455224524215,female,18-44
qualifying_event_rate,county,17,0.04790310135446892,0.03412615260832547,0.06471496571193991,female,45-64
qualifying_event_rate,county,17,0.06883289633364142,0.044574343401173236,0.097634822502847,female,65-74
qualifying_event_rate,county,17,0.07051563884762761,0.03771665680985739,0.1095399723467402,female,75-84
qualifying_event_rate,county,17,0.062023082568289443,0.0,0.1273116464429684,female,85+
person_years_exposure,state,0,10236.197428404706,9369.72800465214,11322.190734559877,male,0-17
person_years_exposure,state,0,9565.486895631351,8770.535900541647,10582.262534558027,male,18-44
person_years_exposure,state,0,8578.14870915501,7837.3636066019935,9498.587552072246,male,45-64
person_years_exposure,state,0,2222.530080098304,1966.204309676847,2494.4076387113473,male,65-74
person_years_exposure,state,0,925.0521891920116,728.5850300017746,1097.6755815343024,male,75-84
person_years_exposure,state,0,150.5342762696822,92.68404243433751,200.37785667240104,male,85+
person_years_exposure,state,0,18143.63560478636,16598.78365088234,20064.721760152537,male,18-64
person_years_exposure,state,0,3298.116545559998,2798.808346428568,3780.6158127401764,male,65+
mortality_rate,state,0,0.0006013719217322057,0.00010071356995002752,0.0013684938672438218,male,0-17
mortality_rate,state,0,0.0007207715953433377,0.00011214121279235705,0.0016000968922758522,male,18-44
mortality_rate,state,0,0.005907485949114744,0.002010885089294112,0.01230391483026001,male,45-64
mortality_rate,state,0,0.02864982444897935,0.009568580816519456,0.06257588316386077,male,65-74
mortality_rate,state,0,0.07552386911796109,0.02600352532843887,0.1730958444139688,male,75-84
mortality_rate,state,0,0.13363960906251798,0.04622033099436715,0.32686806268983937,male,85+
qualifying_event_rate,state,0,0.009529648481628844,0.006668055221620471,0.013222290972653606,male,0-17
qualifying_event_rate,state,0,0.019453482429105145,0.014111467701155393,0.026195178705141802,male,18-44
qualifying_event_rate,state,0,0.030147457658783617,0.022163827690705063,0.04039249717952167,male,45-64
qualifying_event_rate,state,0,0.057968144079025404,0.04302724904707159,0.07753155484863189,male,65-74
qualifying_event_rate,state,0,0.04671883739612028,0.03137383562278661,0.06445409896511747,male,75-84
qualifying_event_rate,state,0,0.046435912565504285,0.020426652774980365,0.07836785721611964,male,85+
person_years_exposure,state,0,10345.426811277455,9475.326400294816,11446.652205870407,female,0-17
person_years_exposure,state,0,9653.974476730738,8819.554449033678,10685.804810765248,female,18-44
person_years_exposure,state,0,8788.070474076969,8024.363366644724,9722.685138882374,female,45-64
person_years_exposure,state,0,2423.1486650580114,2143.967995523741,2724.541447247561,female,65-74
person_years_exposure,state,0,928.8681745301037,727.1285013616191,1099.0874470612307,female,75-84
person_years_exposure,state,0,145.96266372063567,93.27693014277409,190.00615488428883,female,85+
person_years_exposure,state,0,18442.044950807707,16859.18361710195,20425.581801428063,female,18-64
person_years_exposure,state,0,3497.9795033087507,2989.003979892191,3986.9874911392835,female,65+
mortality_rate,state,0,0.0005853941508868676,9.893055655540685e-05,0.0013613496499139948,female,0-17
mortality_rate,state,0,0.0006507399183250626,0.00010502577780740014,0.001485074914382721,female,18-44
mortality_rate,state,0,0.0059459489000329505,0.0020279150467965423,0.012549731808034427,female,45-64
mortality_rate,state,0,0.02699070371258734,0.009447351404604145,0.05828433030434677,female,65-74
mortality_rate,state,0,0.07355766281711208,0.025680379170287627,0.1704023953997299,female,75-84
mortality_rate,state,0,0.11443270646216133,0.03750483892101702,0.27781158653262306,female,85+
qualifying_event_rate,state,0,0.010601614090652188,0.007512785632258991,0.014512492391681528,female,0-17
qualifying_event_rate,state,0,0.022060163864482514,0.0161990700266079,0.0296716913738658,female,18-44
qualifying_event_rate,state,0,0.029623510287233264,0.021954610675722217,0.039686757841388386,female,45-64
qualifying_event_rate,state,0,0.05635771326496614,0.041752615647292365,0.0747681779378288,female,65-74
qualifying_event_rate,state,0,0.052785313653739854,0.036908057287014115,0.07342401289476536,female,75-84
qualifying_event_rate,state,0,0.048972437612832403,0.02016516958112311,0.08415842729172628,female,85+
person_years_exposure,state,1,3826.0725473883213,3434.9489060573615,4207.799360576221,male,0-17
person_years_exposure,state,1,3440.925091189374,3074.2255839580375,3775.6823534331875,male,18-44
person_years_exposure,state,1,3251.9448737922557,2895.650409692995,3571.294733426122,male,45-64
person_years_exposure,state,1,999.6860094571995,873.4362739326201,1113.7116083392275,male,65-74
person_years_exposure,state,1,327.29655191286906,254.30142724057214,392.25483602224165,male,75-84
person_years_exposure,state,1,23.94311409564864,12.950755287945665,33.26365985117065,male,85+
person_years_exposure,state,1,6692.86996498163,5950.288624599699,7353.336939811629,male,18-64
person_years_exposure,state,1,1350.9256754657172,1156.0722473424178,1527.5167652657237,male,65+
mortality_rate,state,1,0.004360245912976104,0.0012685054883704657,0.009527812978593106,male,0-17
mortality_rate,state,1,0.0005813809450174693,0.0,0.0015434964138671364,male,18-44
mortality_rate,state,1,0.007998218492144582,0.002505889470900244,0.01750911574873452,male,45-64
mortality_rate,state,1,0.028417125833765374,0.00916170273221056,0.06232584310593603,male,65-74
mortality_rate,state,1,0.07501057092380718,0.02414821110791151,0.17573013115084032,male,75-84
mortality_rate,state,1,0.10446823250338834,0.0,0.32521098220808947,male,85+
qualifying_event_rate,state,1,0.015735094548153566,0.010613670317178385,0.02191888410853761,male,0-17
qualifying_event_rate,state,1,0.025463406920888384,0.01784339430730913,0.034848210079945256,male,18-44
qualifying_event_rate,state,1,0.0437305914384743,0.03194581498662458,0.058445174770047396,male,45-64
qualifying_event_rate,state,1,0.07570641961411638,0.054379809524250054,0.10139190573150964,male,65-74
qualifying_event_rate,state,1,0.08516192363463036,0.05568562855992888,0.12033629115561187,male,75-84
qualifying_event_rate,state,1,0.03020317081113888,0.0,0.09278890398205426,male,85+
person_years_exposure,state,1,3649.8054809599794,3245.0418692746302,4021.472769868223,female,0-17
person_years_exposure,state,1,3383.2785595863575,3011.165823680842,3723.6492874461605,female,18-44
person_years_exposure,state,1,3271.937616452783,2924.7516103553994,3593.071795739617,female,45-64
person_years_exposure,state,1,951.3929616108423,827.536520420637,1062.857039192443,female,65-74
person_years_exposure,state,1,383.9059971525188,301.92628872520237,451.52568288195965,female,75-84
person_years_exposure,state,1,57.39723073892261,35.06028732666222,74.49481353528317,female,85+
person_years_exposure,state,1,6655.216176039141,5944.85565764483,7317.42590827075,female,18-64
person_years_exposure,state,1,1392.6961895022837,1184.323679201596,1579.3681996591627,female,65+
mortality_rate,state,1,0.0022130353191796765,0.000519156037681116,0.004859488261501616,female,0-17
mortality_rate,state,1,0.000850922027050583,0.0,0.00214658904363489,female,18-44
mortality_rate,state,1,0.007941586315502716,0.002464337663045849,0.017324445490659566,female,45-64
mortality_rate,state,1,0.029276562628590474,0.00927562054685554,0.06596031403137868,female,65-74
mortality_rate,state,1,0.07313546525190917,0.024590824458421815,0.1697468742869913,female,75-84
mortality_rate,state,1,0.08305629321582579,0.014512174360692626,0.22907030413854437,female,85+
qualifying_event_rate,state,1,0.016491942687495792,0.011272703538111753,0.023026529119007468,female,0-17
qualifying_event_rate,state,1,0.03053361085057389,0.02145955777378997,0.04152524134773061,female,18-44
qualifying_event_rate,state,1,0.04372841934295929,0.03206156498647639,0.058620676021839534,female,45-64
qualifying_event_rate,state,1,0.06823619283858506,0.04767914763944607,0.09335853540809677,female,65-74
qualifying_event_rate,state,1,0.07028342057388408,0.0455414249947845,0.10112918343377754,female,75-84
qualifying_event_rate,state,1,0.052009342788690974,0.01298801383770672,0.10156530777181934,female,85+
person_years_exposure,state,2,4863.962534680286,4164.283247166438,5511.373508505983,male,0-17
person_years_exposure,state,2,4946.611810787514,4256.170921203291,5602.322084449434,male,18-44
person_years_exposure,state,2,4101.562970636305,3518.3559699522493,4655.505741935352,male,45-64
person_years_exposure,state,2,1263.9752090292293,1049.7784001298621,1465.312677418132,male,65-74
person_years_exposure,state,2,393.9690111197469,294.2323473750453,480.1668921441721,male,75-84
person_years_exposure,state,2,46.473510275417496,25.395411898443406,68.09585475488704,male,85+
person_years_exposure,state,2,9048.174781423819,7783.663637018928,10250.033944561752,male,18-64
person_years_exposure,state,2,1704.4177304243938,1382.0618378709019,2005.6579402111518,male,65+
mortality_rate,state,2,0.003013935215213083,0.0008112722970190102,0.00666025662080261,male,0-17
mortality_rate,state,2,0.0007286566331852609,0.0,0.0017954766711970782,male,18-44
mortality_rate,state,2,0.009493465486954709,0.0030839896626849023,0.020479423635294668,male,45-64
mortality_rate,state,2,0.03596643687471972,0.012281395485485893,0.08004288688251476,male,65-74
mortality_rate,state,2,0.07279301489352312,0.025099011503792932,0.1742163751580797,male,75-84
mortality_rate,state,2,0.10540097914146992,0.018637698105540404,0.285263348157976,male,85+
qualifying_event_rate,state,2,0.01386010656575324,0.009362488662040694,0.019336278443106432,male,0-17
qualifying_event_rate,state,2,0.022159487413010374,0.015325410800210743,0.030145627710395834,male,18-44
qualifying_event_rate,state,2,0.03215390102446524,0.023284084340863768,0.04323344326880361,male,45-64
qualifying_event_rate,state,2,0.05704054655538136,0.04023035053864286,0.07722434182903055,male,65-74
qualifying_event_rate,state,2,0.05585131529617783,0.034165882776617376,0.08090323950052314,male,75-84
qualifying_event_rate,state,2,0.040960589530785595,0.0,0.09393225910324618,male,85+
person_years_exposure,state,2,5041.077941215896,4322.115265459402,5710.1151612025515,female,0-17
person_years_exposure,state,2,4978.142260210705,4265.916278820326,5637.734564329826,female,18-44
person_years_exposure,state,2,4612.991761756244,3953.0853928651045,5233.313995503033,female,45-64
person_years_exposure,state,2,1204.6023169674945,999.6656039466417,1394.042537438913,female,65-74
person_years_exposure,state,2,365.4163821941007,268.283686796145,450.61123212051064,female,75-84
person_years_exposure,state,2,30.949245855500333,14.29314456751384,49.258984085685526,female,85+
person_years_exposure,state,2,9591.13402196695,8228.106388486889,10874.910890964027,female,18-64
person_years_exposure,state,2,1600.9679450170954,1295.2336907843362,1880.9962177048135,female,65+
mortality_rate,state,2,0.0015379507672579273,0.00037181902718383267,0.003468119036789173,female,0-17
mortality_rate,state,2,0.0008706004568166877,0.0,0.0020964726722008642,female,18-44
mortality_rate,state,2,0.008997389320439277,0.0030790863800436996,0.019581374463852812,female,45-64
mortality_rate,state,2,0.035850805643732934,0.01223540133470696,0.08021994767022175,female,65-74
mortality_rate,state,2,0.0782704812513798,0.027145352359910117,0.1805228563649187,female,75-84
mortality_rate,state,2,0.14087780117252643,0.02831984658167259,0.4144245480518374,female,85+
qualifying_event_rate,state,2,0.011675272177413326,0.0077394206077178165,0.01619352892001344,female,0-17
qualifying_event_rate,state,2,0.02157471454832263,0.015122667167966139,0.029285825328706317,female,18-44
qualifying_event_rate,state,2,0.03601193310388151,0.02599161684516783,0.04777604205879339,female,45-64
qualifying_event_rate,state,2,0.053016234109403884,0.0366379775551966,0.0729457729326485,female,65-74
qualifying_event_rate,state,2,0.05794666053685961,0.035669760427594115,0.0842796296528302,female,75-84
qualifying_event_rate,state,2,0.04515497129780445,0.0,0.11560293392058821,female,85+
person_years_exposure,state,3,3566.4845823018863,3283.897787469686,3836.152084041791,male,0-17
person_years_exposure,state,3,3505.55364440193,3226.875055875357,3762.80063524741,male,18-44
person_years_exposure,state,3,3551.1791171222194,3268.6177763258265,3819.3598853734743,male,45-64
person_years_exposure,state,3,1251.9089887328955,1132.8255044983023,1360.5361415255177,male,65-74
person_years_exposure,state,3,613.8770731135442,494.0062657933879,710.3604156815321,male,75-84
person_years_exposure,state,3,89.12501101886362,54.12046646326104,116.31647806848457,male,85+
person_years_exposure,state,3,7056.732761524149,6500.279096537416,7583.5595227781205,male,18-64
person_years_exposure,state,3,1954.9110728653034,1701.466229676163,2170.973820463274,male,65+
mortality_rate,state,3,0.006315304883629382,0.0019241419270129804,0.013903989838637294,male,0-17
mortality_rate,state,3,0.001085331415788134,0.0,0.0026478040526982894,male,18-44
mortality_rate,state,3,0.004695293471570092,0.0013749265265572753,0.010233182779239453,male,45-64
mortality_rate,state,3,0.02346884608979242,0.0074377408512404704,0.05086672836665389,male,65-74
mortality_rate,state,3,0.06815903916738117,0.023353594873876022,0.16291434778568717,male,75-84
mortality_rate,state,3,0.10958338166407097,0.02809682876333868,0.2981118157284238,male,85+
qualifying_event_rate,state,3,0.012059565354545918,0.008019060673961924,0.017388508487571935,male,0-17
qualifying_event_rate,state,3,0.03351308966027624,0.02387493861557642,0.04546976951775477,male,18-44
qualifying_event_rate,state,3,0.04143512614670397,0.02997555670235023,0.054979525970789485,male,45-64
qualifying_event_rate,state,3,0.0663556934330982,0.04770814519285368,0.0891253257400039,male,65-74
qualifying_event_rate,state,3,0.08096878925446953,0.05656254909380025,0.11008764656904405,male,75-84
qualifying_event_rate,state,3,0.05004685702620125,0.012899362532376977,0.09477904407474866,male,85+
person_years_exposure,state,3,3373.5808098621196,3099.7152152002764,3634.512688415057,female,0-17
person_years_exposure,state,3,3242.343942199945,2978.0279339564327,3491.882786164917,female,18-44
person_years_exposure,state,3,3774.520050286546,3473.427232102241,4059.6189063474344,female,45-64
person_years_exposure,state,3,1117.7931008218397,999.3749550455924,1223.8767217140141,female,65-74
person_years_exposure,state,3,461.6730131248068,362.90557187810725,538.3338488948119,female,75-84
person_years_exposure,state,3,63.460145090275674,39.80297651822175,81.49151165273963,female,85+
person_years_exposure,state,3,7016.863992486491,6444.616921479253,7544.445846386064,female,18-64
person_years_exposure,state,3,1642.9262590369224,1416.2482962149277,1835.0762507351826,female,65+
mortality_rate,state,3,0.007696378694367538,0.0024107859337828986,0.01706947588388304,female,0-17
mortality_rate,state,3,0.0006427400708100101,0.0,0.0017375609665468892,female,18-44
mortality_rate,state,3,0.005642273644402347,0.0017321785660536033,0.012452327069015256,female,45-64
mortality_rate,state,3,0.028434761016266054,0.009232047788814434,0.06391177223902449,female,65-74
mortality_rate,state,3,0.07391346735359827,0.02613533265335983,0.17496950641788964,female,75-84
mortality_rate,state,3,0.07928680248267439,0.012809624655009528,0.22014380946664544,female,85+
qualifying_event_rate,state,3,0.011864508711112179,0.0076862137363397365,0.017009793311839914,female,0-17
qualifying_event_rate,state,3,0.02786898658951023,0.019469594178056323,0.03811538478129654,female,18-44
qualifying_event_rate,state,3,0.04251355393027199,0.030864281910666126,0.05650139135562462,female,45-64
qualifying_event_rate,state,3,0.06382903615842929,0.045401439398095135,0.08580339427113386,female,65-74
qualifying_event_rate,state,3,0.0604665023865174,0.038405633555864925,0.08574636823196027,female,75-84
qualifying_event_rate,state,3,0.048379114120951146,0.0,0.09763228617931437,female,85+
person_years_exposure,state,4,18033.931915759582,17145.436947395374,18805.906483387218,male,0-17
person_years_exposure,state,4,17478.732096897642,16656.039931720046,18184.49413675935,male,18-44
person_years_exposure,state,4,16293.15199975622,15506.565589916287,16979.71190483789,male,45-64
person_years_exposure,state,4,4580.12812842636,4167.056929325434,4899.36162971731,male,65-74
person_years_exposure,state,4,1895.4068021090773,1477.7458858270875,2186.447195482142,male,75-84
person_years_exposure,state,4,272.07752735322254,160.24103842718947,355.36425428186163,male,85+
person_years_exposure,state,4,33771.88409665386,32187.848198144613,35133.54845740934,male,18-64
person_years_exposure,state,4,6747.612457888659,5838.3574385675765,7428.2695981053475,male,65+
mortality_rate,state,4,0.002755114475705686,0.0009271500908689513,0.005795810051109725,male,0-17
mortality_rate,state,4,0.0006938398814638585,0.00017560929805333558,0.0015539772146801376,male,18-44
mortality_rate,state,4,0.0064330072441058815,0.002356947780926896,0.01384104582955501,male,45-64
mortality_rate,state,4,0.02952070843822081,0.010779798973949364,0.06525904644921794,male,65-74
mortality_rate,state,4,0.08276167242371119,0.030472816672882482,0.19429906099137534,male,75-84
mortality_rate,state,4,0.12227000884060261,0.045974877974275206,0.29985715765649823,male,85+
qualifying_event_rate,state,4,0.013710338052547646,0.009964717081144332,0.01857339419695536,male,0-17
qualifying_event_rate,state,4,0.0323686860535748,0.024353024785509665,0.042876529605938435,male,18-44
qualifying_event_rate,state,4,0.04756022442016334,0.036413152044134936,0.06275424853474498,male,45-64
qualifying_event_rate,state,4,0.07698567643728739,0.059064596475028076,0.10015187657530007,male,65-74
qualifying_event_rate,state,4,0.07266222265986662,0.05487218255327909,0.09642317550715505,male,75-84
qualifying_event_rate,state,4,0.06011082934408912,0.03652588033705954,0.09059904476693793,male,85+
person_years_exposure,state,4,17563.909324563498,16681.430245891115,18347.355155136687,female,0-17
person_years_exposure,state,4,17401.90327213369,16577.460462393658,18117.01096462782,female,18-44
person_years_exposure,state,4,16526.027200533903,15712.43075470236,17237.523093884585,female,45-64
person_years_exposure,state,4,5153.961221415601,4709.787583986852,5502.803009228038,female,65-74
person_years_exposure,state,4,2077.0088294114876,1684.6339917220482,2350.847131217998,female,75-84
person_years_exposure,state,4,228.61903009655833,151.91807958113594,284.42410349387393,female,85+
person_years_exposure,state,4,33927.93047266759,32318.507603014525,35314.763388293126,female,18-64
person_years_exposure,state,4,7459.589080923647,6581.080082033655,8118.09195750202,female,65+
mortality_rate,state,4,0.003474448724146246,0.001195265439643866,0.007407412571951599,female,0-17
mortality_rate,state,4,0.0007050683513249756,0.00017400515300921738,0.0015152234187311442,female,18-44
mortality_rate,state,4,0.00702026496967171,0.002447396017733899,0.015211820094128128,female,45-64
mortality_rate,state,4,0.027109368747408623,0.00980809332973127,0.05998847757494289,female,65-74
mortality_rate,state,4,0.06865546188240693,0.02562241173983236,0.15723907628488185,female,75-84
mortality_rate,state,4,0.09448999072499242,0.032701469051757075,0.23332399016150715,female,85+
qualifying_event_rate,state,4,0.014775866116167147,0.010785345374582287,0.020109742475246252,female,0-17
qualifying_event_rate,state,4,0.031641834550732696,0.023644802290701334,0.04218219084569224,female,18-44
qualifying_event_rate,state,4,0.04922402182826217,0.03744613678536127,0.06433568869129574,female,45-64
qualifying_event_rate,state,4,0.07130853254646478,0.05452557070279061,0.09276680881536878,female,65-74
qualifying_event_rate,state,4,0.07090900262514255,0.052896583761052995,0.0944374146985765,female,75-84
qualifying_event_rate,state,4,0.060120538714787425,0.034493842114084794,0.09143085920143502,female,85+
person_years_exposure,state,5,9631.277125638362,8634.657918297977,10093.868470717161,male,0-17
person_years_exposure,state,5,9286.457905001707,8337.002376705006,9675.691947429852,male,18-44
person_years_exposure,state,5,8824.833364742373,7895.462973796424,9256.960553720135,male,45-64
person_years_exposure,state,5,2842.355811570297,2511.493516420584,3038.4518283433285,male,65-74
person_years_exposure,state,5,1114.9018733501773,893.5070237636794,1275.2749581780372,male,75-84
person_years_exposure,state,5,207.1758305203464,130.14845808688474,270.0795893090872,male,85+
person_years_exposure,state,5,18111.29126974408,16250.454224142393,18929.24259183284,male,18-64
person_years_exposure,state,5,4164.433515440821,3587.7011985791787,4570.920469345775,male,65+
mortality_rate,state,5,0.0012145082601622995,0.0003037629443811648,0.002726827051554242,male,0-17
mortality_rate,state,5,0.0008251367458547255,0.00020662216360411913,0.001871667007543392,male,18-44
mortality_rate,state,5,0.00508557982641978,0.0017303555158444148,0.010824700404563934,male,45-64
mortality_rate,state,5,0.02183211691134381,0.00773633704801905,0.04767559454162472,male,65-74
mortality_rate,state,5,0.06964454596694186,0.024783220774629598,0.16263344056809398,male,75-84
mortality_rate,state,5,0.1326441709625264,0.04575567134421983,0.3312988573671076,male,85+
qualifying_event_rate,state,5,0.023810382367683115,0.017420687303180946,0.03174222900280971,male,0-17
qualifying_event_rate,state,5,0.03642065219017731,0.027147120975749544,0.04830664001160253,male,18-44
qualifying_event_rate,state,5,0.05404379506765204,0.04093530344739202,0.06969580785762267,male,45-64
qualifying_event_rate,state,5,0.08533980828656913,0.06506926568685628,0.10972662927766251,male,65-74
qualifying_event_rate,state,5,0.09828941263378035,0.07502046517613656,0.1265077222324358,male,75-84
qualifying_event_rate,state,5,0.07451407862796289,0.043764783702934275,0.11413009298497218,male,85+
person_years_exposure,state,5,9543.437482467656,8549.161221907973,10034.432209846187,female,0-17
person_years_exposure,state,5,9239.962284101526,8288.243012763529,9632.573186320697,female,18-44
person_years_exposure,state,5,8940.307085237602,8026.928211537098,9340.516999085783,female,45-64
person_years_exposure,state,5,2706.6869819685016,2391.064905241606,2905.212914002419,female,65-74
person_years_exposure,state,5,1102.5346482958698,892.9172747469784,1257.9853796815974,female,75-84
person_years_exposure,state,5,176.64971638431484,110.373074064589,228.40068192878178,female,85+
person_years_exposure,state,5,18180.269369339127,16302.924245772894,18965.763540449458,female,18-64
person_years_exposure,state,5,3985.871346648686,3432.6003945340995,4380.2103500369685,female,65+
mortality_rate,state,5,0.007046573656483102,0.002409379847262726,0.01533067643474805,female,0-17
mortality_rate,state,5,0.0007768142503514501,0.00011348047373520087,0.0017868039539423936,female,18-44
mortality_rate,state,5,0.004616993952943507,0.001526827850200868,0.009794990046282736,female,45-64
mortality_rate,state,5,0.02530445096093119,0.008930497507334946,0.054723156247768516,female,65-74
mortality_rate,state,5,0.0690132005857477,0.02369844969795468,0.15956369511210935,female,75-84
mortality_rate,state,5,0.11450707556563246,0.03948997679986466,0.2848750230961362,female,85+
qualifying_event_rate,state,5,0.021333991001568867,0.015588426382715348,0.028589141018414532,female,0-17
qualifying_event_rate,state,5,0.03563620458111224,0.026481387955657392,0.04722421549128755,female,18-44
qualifying_event_rate,state,5,0.05376691975568494,0.04097320534820134,0.07003928376050494,female,45-64
qualifying_event_rate,state,5,0.07953966344448249,0.06019277237888102,0.10307794873920864,female,65-74
qualifying_event_rate,state,5,0.08583708517900429,0.06313183501194124,0.11376070570566228,female,75-84
qualifying_event_rate,state,5,0.07481237269918889,0.04339919898494066,0.11246844045617406,female,85+
persons,nation,0,61375.45841962125,48475.161628945425,74275.75521029708,,
persons,state,0,13761.330060246273,9492.771117645949,18029.889002846598,,
persons,state,1,5060.91908290031,3491.097611101083,6630.740554699538,,
persons,state,2,6052.7266548099515,4175.2612952557465,7930.192014364157,,
persons,state,3,4766.322774412298,3287.8806752135592,6244.764873611037,,
persons,state,4,19629.934022251215,13541.021827971992,25718.84621653044,,
persons,state,5,12104.225825001202,8349.675853278626,15858.775796723778,,
persons,county,0,6860.411533914586,4925.868679883787,8794.954387945383,,
persons,county,1,5060.91908290031,3633.8086539919223,6488.029511808698,,
persons,county,2,1615.3697582092673,1159.8574311553166,2070.882085263218,,
persons,county,3,4766.322774412298,3422.284502413445,6110.361046411151,,
persons,county,4,5559.277838092531,3991.6370104121793,7126.918665772882,,
persons,county,5,2089.1788210274867,1500.0587749440338,2678.2988671109397,,
persons,county,6,5607.149738221833,4026.009685043682,7188.289791399984,,
persons,county,7,4495.0486736795865,3227.5060128349305,5762.5913345242425,,
persons,county,8,1445.9768808286601,1038.231043997692,1853.7227176596282,,
persons,county,9,3884.9888181856613,2789.4747489411675,4980.502887430155,,
persons,county,10,1924.6958821216801,1381.9577903127176,2467.433973930643,,
persons,county,11,2205.789859803992,1583.787084943848,2827.792634664136,,
persons,county,12,2830.5795307223175,2032.3945564165347,3628.7645050281003,,
persons,county,13,3015.9297081460254,2165.47850178466,3866.380914507391,,
persons,county,14,2257.344213789394,1620.8038114700814,2893.8846161087067,,
persons,county,15,1606.777365878367,1153.6879767342778,2059.8667550224563,,
persons,county,16,4407.8972657518825,3164.930117992964,5650.864413510801,,
persons,county,17,1741.8006739353723,1250.636546207746,2232.9648016629985,,
households,nation,0,27142.63848715612,25687.53961063413,28597.737363678112,,
households,state,0,5745.630464867972,4700.579774828964,6790.681154906979,,
households,state,1,2125.6922462376333,1739.0582358667186,2512.3262566085477,,
households,state,2,2729.545909796901,2233.079272415976,3226.012547177826,,
households,state,3,2026.9956017543082,1658.3131455344146,2395.6780579742017,,
households,state,4,9223.36061510298,7545.75892557047,10900.96230463549,,
households,state,5,5291.413649396325,4328.978713944813,6253.848584847838,,
households,county,0,2733.7909267639257,2281.755702003123,3185.826151524728,,
households,county,1,2125.6922462376333,1774.2067822640747,2477.177710211192,,
households,county,2,768.348071031476,641.3009038238592,895.3952382390928,,
households,county,3,2026.9956017543082,1691.829732463496,2362.1614710451204,,
households,county,4,2602.1954007861596,2171.919635602352,3032.471165969967,,
households,county,5,867.0447155148009,723.6779536244378,1010.4114774051641,,
households,county,6,2365.5357048745304,1974.391871026771,2756.67953872229,,
households,county,7,2000.4642457104037,1669.685364237534,2331.2431271832734,,
households,county,8,736.5104437787905,614.7276619527048,858.2932256048763,,
households,county,9,1703.3130580186728,1421.6684401067598,1984.9576759305858,,
households,county,10,865.9834612730449,722.7921788953994,1009.1747436506904,,
households,county,11,988.0276990750058,824.6562727348245,1151.399125415187,,
households,county,12,1207.7073271185354,1008.0116416457897,1407.4030125912811,,
households,county,13,1308.526480085373,1092.1602409044453,1524.8927192663004,,
households,county,14,1177.9922083493625,983.2099492327123,1372.7744674660125,,
households,county,15,753.4905116468894,628.9000576173205,878.0809656764584,,
households,county,16,2058.833229006994,1718.4029743346505,2399.2634836793372,,
households,county,17,852.1871561302145,711.2771074178992,993.0972048425298,,
children_under_16,nation,0,16422.81380252539,13220.516703625433,19625.110901425345,,
children_under_16,state,0,3816.304296231545,2453.198744066055,5179.409848397035,,
children_under_16,state,1,1421.1145468087873,913.5216038322425,1928.7074897853322,,
children_under_16,state,2,1648.163476886681,1059.4733170272943,2236.853636746068,,
children_under_16,state,3,1210.5354873064919,778.1570615425311,1642.9139130704527,,
children_under_16,state,4,5125.6590069916265,3294.8788310406285,6956.439182942624,,
children_under_16,state,5,3201.036988300257,2057.6922881022615,4344.3816884982525,,
children_under_16,county,0,1916.3870834035718,1294.1196962055046,2538.654470601639,,
children_under_16,county,1,1421.1145468087873,959.66641683011,1882.5626767874644,,
children_under_16,county,2,417.62886102410556,282.02117382010687,553.2365482281042,,
children_under_16,county,3,1210.5354873064919,817.4641911574365,1603.6067834555472,,
children_under_16,county,4,1438.7608367112143,971.5828044563118,1905.9388689661168,,
children_under_16,county,5,594.0917600483755,401.18505008212384,786.9984700146271,,
children_under_16,county,6,1511.698834974579,1020.837206644612,2002.5604633045461,,
children_under_16,county,7,1183.4778427894373,799.1923967972607,1567.763288781614,,
children_under_16,county,8,395.2768938143647,266.9270828269181,523.6267048018113,,
children_under_16,county,9,1069.365168087076,722.1330901478229,1416.597246026329,,
children_under_16,county,10,508.2131491898974,343.1919636346089,673.234334745186,,
children_under_16,county,11,572.9162121654631,386.8853849306818,758.9470394002444,,
children_under_16,county,12,823.4935287799264,556.0980892227459,1090.888968337107,,
children_under_16,county,13,830.5520447408973,560.8646442732266,1100.239445208568,,
children_under_16,county,14,602.3266953361747,406.74603097435124,797.9073596979981,,
children_under_16,county,15,407.04108708264937,274.87134124438586,539.2108329209128,,
children_under_16,county,16,1095.246393277302,739.610458666252,1450.8823278883522,,
children_under_16,county,17,424.68737698507636,286.78772887058756,562.5870250995652,,
elders_65_plus,nation,0,6064.926542393867,5482.965117033581,6646.887967754153,,
elders_65_plus,state,0,1273.142379683762,869.4724899336076,1676.8122694339165,,
elders_65_plus,state,1,479.0690397779105,327.17263796470803,630.965441591113,,
elders_65_plus,state,2,532.6635213969005,363.7741431251434,701.5528996686576,,
elders_65_plus,state,3,516.2570474319035,352.56960072909175,679.9444941347153,,
elders_65_plus,state,4,1981.9020549716297,1353.5087214430387,2610.2953885002207,,
elders_65_plus,state,5,1281.8924991317606,875.4482458781686,1688.3367523853526,,
elders_65_plus,county,0,659.5402533928767,469.43329969142155,849.6472070943319,,
elders_65_plus,county,1,479.0690397779105,340.9814017659083,617.1566777899128,,
elders_65_plus,county,2,161.87720978796978,115.2174599574302,208.53695961850934,,
elders_65_plus,county,3,516.2570474319035,367.45027770207463,665.0638171617325,,
elders_65_plus,county,4,523.9134019489021,372.89975215952063,674.9270517382836,,
elders_65_plus,county,5,210.00286675196077,149.47129940423375,270.53443409968776,,
elders_65_plus,county,6,535.9448161898999,381.4632120212216,690.4264203585783,,
elders_65_plus,county,7,492.194218949908,350.32335797867285,634.0650799211433,,
elders_65_plus,county,8,143.28320596097325,101.983021989347,184.5833899325995,,
elders_65_plus,county,9,342.3484234029361,243.6693578829436,441.02748892292857,,
elders_65_plus,county,10,210.00286675196077,149.47129940423375,270.53443409968776,,
elders_65_plus,county,11,230.7844004409569,164.2627300744444,297.3060708074694,,
elders_65_plus,county,12,196.8776875799632,140.12934319146913,253.62603196845728,,
elders_65_plus,county,13,271.2537028879493,193.06709506380193,349.44031071209673,,
elders_65_plus,county,14,208.90910182096096,148.69280305317002,269.1254005887519,,
elders_65_plus,county,15,173.90862402896752,123.78091981913109,224.03632823880397,,
elders_65_plus,county,16,535.9448161898999,381.4632120212216,690.4264203585783,,
elders_65_plus,county,17,172.8148590979677,123.00242346806736,222.62729472786808,,
