estimand,level,unit,sex,age_band,estimate,lower,upper
children_under_16,county,0,,,1496.9208383535731,971.8996720088851,2021.9420046982611
children_under_16,county,1,,,864.2671719624042,631.8317913663304,1096.702552558478
children_under_16,county,2,,,440.1359258938457,258.2482496849326,622.0236021027588
children_under_16,county,3,,,1194.4586044928724,823.0060290381057,1565.911179947639
children_under_16,county,4,,,813.1065422525932,564.4090429881137,1061.8040415170726
children_under_16,county,5,,,811.8496606103761,540.6716120845983,1083.0277091361538
children_under_16,county,6,,,739.3120626543316,453.2711426491959,1025.3529826594672
children_under_16,county,7,,,783.3224326728971,508.3426296050972,1058.302235740697
children_under_16,county,8,,,1552.4404064532396,1000.0529921798664,2104.827820726613
children_under_16,county,9,,,900.7760258804302,354.3099854723215,1447.2420662885388
children_under_16,county,10,,,672.7005338201528,394.7122736097373,950.6887940305684
children_under_16,county,11,,,327.66416929433746,201.12580702020074,454.20253156847417
children_under_16,county,12,,,480.2760055700598,297.061721249263,663.4902898908566
children_under_16,county,13,,,343.46349140922445,219.40001022123147,467.5269725972174
children_under_16,county,14,,,973.4486420876997,537.3385088720204,1409.558775303379
children_under_16,county,15,,,656.4993151038382,366.2185333768626,946.7800968308138
children_under_16,county,16,,,227.51879045366468,153.59739208527577,301.4401888220536
children_under_16,nation,0,,,13278.160618965541,11023.552117443622,15532.76912048746
children_under_16,state,0,,,3950.1372706872426,2646.5689969311916,5253.705544443294
children_under_16,state,1,,,864.2671719624042,676.979567452584,1051.5547764722244
children_under_16,state,2,,,2070.0838830853836,1220.8473808517285,2919.320385319039
children_under_16,state,3,,,3085.1743334208254,2328.9924362620923,3841.3562305795585
children_under_16,state,4,,,1040.6253327062577,742.832789522435,1338.4178758900805
children_under_16,state,5,,,2267.872627103426,1677.2980255800708,2858.4472286267815
elders_65_plus,county,0,,,951.4453690588898,617.741044436106,1285.1496936816736
elders_65_plus,county,1,,,614.6029298647139,449.31206778765585,779.893791941772
elders_65_plus,county,2,,,308.72720071322595,181.14462947418824,436.30977195226365
elders_65_plus,county,3,,,821.9800348531456,566.3607946633765,1077.5992750429148
elders_65_plus,county,4,,,622.5874338759191,432.1622806733879,813.0125870784505
elders_65_plus,county,5,,,445.86961474688604,296.9380355514269,594.8011939423452
elders_65_plus,county,6,,,513.2304477579311,314.66083572663706,711.8000597892251
elders_65_plus,county,7,,,498.30424589673413,323.3780626429585,673.2304291505097
elders_65_plus,county,8,,,960.2819420011137,618.5956159364064,1301.9682680658211
elders_65_plus,county,9,,,558.7781078417552,219.78900146476985,897.7672142187405
elders_65_plus,county,10,,,296.3026927133666,173.8579109688177,418.7474744579155
elders_65_plus,county,11,,,281.4834902254349,172.7793254183919,390.1876550324779
elders_65_plus,county,12,,,401.9232179464251,248.5987256254694,555.2477102673809
elders_65_plus,county,13,,,332.9792703994591,212.70282622864366,453.25571457027456
elders_65_plus,county,14,,,582.7038648313693,321.64945566203033,843.7582740007083
elders_65_plus,county,15,,,319.693821759517,178.33651892827385,461.05112459076014
elders_65_plus,county,16,,,184.5060925611359,124.55962245899198,244.4525626632798
elders_65_plus,nation,0,,,8695.399777047021,7249.0598767146885,10141.739677379355
elders_65_plus,state,0,,,2470.5054189017587,1654.996414793227,3286.0144230102906
elders_65_plus,state,1,,,614.6029298647139,481.41782901480394,747.7880307146239
elders_65_plus,state,2,,,1211.1248873041122,714.2253366394636,1708.0244379687608
elders_65_plus,state,3,,,2351.5964611823956,1776.8347814142676,2926.3581409505236
elders_65_plus,state,4,,,807.0935264370551,576.1607904332554,1038.0262624408547
elders_65_plus,state,5,,,1240.4765533569866,911.0254866755675,1569.9276200384056
households,county,0,,,3257.021441017692,2114.672993484849,4399.369888550535
households,county,1,,,1907.7073156994145,1394.6499066303168,2420.764724768512
households,county,2,,,893.5919069649988,524.311996203623,1262.8718177263745
households,county,3,,,2519.720294047935,1736.1380174171566,3303.302570678714
households,county,4,,,2189.9659594613618,1520.1409989051058,2859.7909200176177
households,county,5,,,1859.0347770442847,1238.0707643212868,2479.9987897672827
households,county,6,,,1499.7507220329371,919.4949708032373,2080.006473262637
households,county,7,,,2130.085463200631,1382.3340178732833,2877.8369085279783
households,county,8,,,3513.826405347278,2263.5410648041607,4764.1117458903955
households,county,9,,,2232.798747831556,878.2459448047389,3587.351550858373
households,county,10,,,1583.4564580749654,929.1054002580712,2237.8075158918596
households,county,11,,,910.1377339170607,558.6579290247986,1261.617538809323
households,county,12,,,1331.1620203534378,823.3542305709768,1838.9698101358988
households,county,13,,,970.9757724984198,620.2466921204772,1321.7048528763626
households,county,14,,,1872.6310590352073,1033.682453725953,2711.5796643444614
households,county,15,,,1327.5968429911136,740.5804660726235,1914.6132199096037
households,county,16,,,817.16091894498,551.663384873338,1082.658453016622
households,nation,0,,,30816.62383846327,25793.813764442246,35839.433912484295
households,state,0,,,9003.646594196525,6044.915703741124,11962.377484651926
households,state,1,,,1907.7073156994145,1494.305135385264,2321.109496013565
households,state,2,,,4093.8198089913194,2413.9997585425085,5773.639859440131
households,state,3,,,7231.746542849791,5451.559292550787,9011.933793148795
households,state,4,,,3007.126878406342,2147.1965709219066,3867.057185890777
households,state,5,,,5572.576698319881,4153.628475201419,6991.524921438343
low_income_household_share,county,0,,,0.2918267969502573,0.20729736974188526,0.37635622415862935
low_income_household_share,county,1,,,0.2658324890945352,0.1817262349424415,0.34993874324662894
low_income_household_share,county,2,,,0.34318608827305047,0.2547619307709478,0.43161024577515317
low_income_household_share,county,3,,,0.3290283287650188,0.24574831095655797,0.41230834657347964
low_income_household_share,county,4,,,0.4028246176506998,0.3184963296712614,0.48715290563013824
low_income_household_share,county,5,,,0.3704834353500193,0.2848367899700295,0.45613008073000916
low_income_household_share,county,6,,,0.32802811532270354,0.24423666239909433,0.4118195682463127
low_income_household_share,county,7,,,0.3724840822763084,0.2860561902451437,0.4589119743074731
low_income_household_share,county,8,,,0.29588721626381115,0.211719209671954,0.3800552228556683
low_income_household_share,county,9,,,0.30809326002187665,0.2236355825222801,0.3925509375214732
low_income_household_share,county,10,,,0.38880271771365443,0.30351161168236596,0.4740938237449429
low_income_household_share,county,11,,,0.4101862097328042,0.3262211441239856,0.49415127534162273
low_income_household_share,county,12,,,0.3690820180814089,0.28572909736196983,0.45243493880084795
low_income_household_share,county,13,,,0.3661302980321186,0.28256675612588644,0.44969383993835077
low_income_household_share,county,14,,,0.3664032212597042,0.27821365458854463,0.4545927879308638
low_income_household_share,county,15,,,0.34751309963031546,0.2596133792641888,0.4354128199964421
low_income_household_share,county,16,,,0.41844969666367704,0.3340329312261827,0.5028664621011714
low_income_household_share,nation,0,,,0.3359343945098188,0.32749574409919635,0.3443730449204413
low_income_household_share,state,0,,,0.29717030831101204,0.27915142872123117,0.3151891879007929
low_income_household_share,state,1,,,0.2658324890945352,0.24825979756772065,0.2834051806213498
low_income_household_share,state,2,,,0.3552437927907092,0.32421280338450087,0.3862747821969176
low_income_household_share,state,3,,,0.34901309825079335,0.33560344923686003,0.3624227472647267
low_income_household_share,state,4,,,0.40637450449466206,0.38943021765225433,0.4233187913370698
low_income_household_share,state,5,,,0.37616176181611416,0.352036032963281,0.4002874906689473
mean_income_adults,county,0,,,28389.779228214556,23349.159329960774,33430.39912646834
mean_income_adults,county,1,,,24582.381778159557,20224.289533967196,28940.47402235192
mean_income_adults,county,2,,,28396.086891159477,23007.75233825593,33784.421444063024
mean_income_adults,county,3,,,22112.744640882556,18370.84241885224,25854.646862912872
mean_income_adults,county,4,,,12307.921847436874,10204.968430115294,14410.875264758453
mean_income_adults,county,5,,,20631.319507980297,16986.220553925345,24276.41846203525
mean_income_adults,county,6,,,22211.440713889864,18400.45535268706,26022.42607509267
mean_income_adults,county,7,,,21129.19067272047,17341.256282765706,24917.125062675233
mean_income_adults,county,8,,,28491.64070208066,23499.006562882132,33484.274841279184
mean_income_adults,county,9,,,28898.697424733095,23815.686231578857,33981.70861788733
mean_income_adults,county,10,,,20477.05151030173,16904.950326728733,24049.15269387473
mean_income_adults,county,11,,,21735.978789785997,18050.17297306785,25421.784606504145
mean_income_adults,county,12,,,21228.16382981112,17650.66345283925,24805.664206782993
mean_income_adults,county,13,,,21725.947581775417,18046.299156317986,25405.59600723285
mean_income_adults,county,14,,,27259.297669765758,22188.712011838343,32329.883327693173
mean_income_adults,county,15,,,27662.4333470263,22485.765312985823,32839.10138106678
mean_income_adults,county,16,,,13211.1121099212,10956.588040339695,15465.636179502704
mean_income_adults,nation,0,,,24040.689719070233,23208.853543429017,24872.52589471145
mean_income_adults,state,0,,,28546.575374717082,26793.33000748139,30299.820741952775
mean_income_adults,state,1,,,24582.381778159557,22957.378704030547,26207.384852288567
mean_income_adults,state,2,,,27641.49570498567,25227.57932296706,30055.412087004283
mean_income_adults,state,3,,,21896.669597979115,21045.23223509206,22748.10696086617
mean_income_adults,state,4,,,12513.354465315084,11993.081364044838,13033.62756658533
mean_income_adults,state,5,,,20774.55648734644,19426.451072317643,22122.661902375236
median_household_income,county,0,,,38528.71627464521,31687.922890977716,45369.5096583127
median_household_income,county,1,,,35193.56999999999,28954.271227140238,41432.86877285974
median_household_income,county,2,,,33189.3969344276,26891.501911874897,39487.2919569803
median_household_income,county,3,,,34872.96221109539,28971.785450557858,40774.13897163293
median_household_income,county,4,,,24348.064454085237,20187.91085678663,28508.218051383843
median_household_income,county,5,,,27164.18650714778,22364.874093481845,31963.498920813716
median_household_income,county,6,,,36563.027128596346,30289.631226762518,42836.423030430175
median_household_income,county,7,,,19597.129846590316,16083.855569305817,23110.404123874814
median_household_income,county,8,,,37517.8737282049,30943.55885584669,44092.1886005631
median_household_income,county,9,,,36065.61316039701,29722.0083712977,42409.21794949633
median_household_income,county,10,,,20424.16598005165,16861.290366141606,23987.041593961694
median_household_income,county,11,,,31236.035000000018,25939.288963961706,36532.78103603833
median_household_income,county,12,,,27873.5621987628,23176.138527404688,32570.985870120912
median_household_income,county,13,,,25609.19382317556,21271.853443705604,29946.534202645515
median_household_income,county,14,,,21289.460372870704,17329.34248063963,25249.57826510178
median_household_income,county,15,,,28559.44234514072,23214.91063300177,33903.974057279665
median_household_income,county,16,,,11711.56500000001,9712.944068977888,13710.185931022132
median_household_income,nation,0,,,31194.434142146147,30209.094951364896,32179.773332927398
median_household_income,state,0,,,37567.44147613751,35294.730224985455,39840.15272728956
median_household_income,state,1,,,35193.56999999999,32867.12092131937,37520.01907868061
median_household_income,state,2,,,26249.765465103625,23953.60151106093,28545.92941914632
median_household_income,state,3,,,32526.14016085549,31201.410655398035,33850.86966631295
median_household_income,state,4,,,21475.20781370651,20522.85956267543,22427.556064737593
median_household_income,state,5,,,22552.27774926731,20959.129632977172,24145.425865557445
persons,county,0,,,7061.889944560186,4585.04440918187,9538.735479938503
persons,county,1,,,3972.740146554849,2904.3143195306725,5041.165973579025
persons,county,2,,,1879.5360257161776,1102.8113369187804,2656.260714513575
persons,county,3,,,5670.1176104840015,3906.8252020041577,7433.410018963845
persons,county,4,,,3661.5682092403713,2541.637659300814,4781.498759179929
persons,county,5,,,3485.3930152029507,2321.1847608107432,4649.601269595158
persons,county,6,,,3398.873452804924,2083.844335153537,4713.902570456311
persons,county,7,,,3582.0808959064293,2324.6167173711538,4839.545074441705
persons,county,8,,,7222.736774730966,4652.7515602350595,9792.721989226873
persons,county,9,,,4355.668891379801,1713.2527257468023,6998.085057012799
persons,county,10,,,2667.1522818730223,1564.9723588935865,3769.332204852458
persons,county,11,,,1636.0458414138402,1004.2325985323671,2267.8590842953136
persons,county,12,,,2575.6266886716526,1593.084161104795,3558.16921623851
persons,county,13,,,1854.1522995270961,1184.4083684087282,2523.896230645464
persons,county,14,,,3866.9674632389097,2134.5456151617045,5599.389311316115
persons,county,15,,,2622.8220948955077,1463.1029138989086,3782.5412758921066
persons,county,16,,,1082.8507118292132,731.0299295412444,1434.671494117182
persons,nation,0,,,60596.2223480299,50391.4573766521,70800.98731940771
persons,state,0,,,18640.295610670953,12473.888049432986,24806.70317190892
persons,state,1,,,3972.740146554849,3111.8431814429823,4833.637111666716
persons,state,2,,,8369.325583850594,4935.234321028094,11803.416846673093
persons,state,3,,,15134.815892901515,11381.519593918945,18888.112191884087
persons,state,4,,,4744.418921069584,3386.897146032792,6101.940696106376
persons,state,5,,,9734.626192982403,7167.722167863616,12301.53021810119
tertiary_share_25_plus,county,0,,,0.5676538674507946,0.5439566503200521,0.5913510845815371
tertiary_share_25_plus,county,1,,,0.5087306421031697,0.48254610606998266,0.5349151781363566
tertiary_share_25_plus,county,2,,,0.5167759091357312,0.4836293800954355,0.549922438176027
tertiary_share_25_plus,county,3,,,0.44819998229880476,0.4231787485058628,0.4732212160917467
tertiary_share_25_plus,county,4,,,0.42118304033909487,0.3942883762033359,0.44807770447485384
tertiary_share_25_plus,county,5,,,0.43949012191257425,0.4122700816688787,0.4667101621562698
tertiary_share_25_plus,county,6,,,0.4094948787746193,0.3815863556811363,0.43740340186810234
tertiary_share_25_plus,county,7,,,0.3652209379879748,0.3389197366458377,0.3915221393301119
tertiary_share_25_plus,county,8,,,0.53793416939947,0.5141637980487681,0.561704540750172
tertiary_share_25_plus,county,9,,,0.5007179294271698,0.47444750503871275,0.5269883538156267
tertiary_share_25_plus,county,10,,,0.39360259603826775,0.3641383609006518,0.4230668311758837
tertiary_share_25_plus,county,11,,,0.36072509497838545,0.3276945899454483,0.3937556000113226
tertiary_share_25_plus,county,12,,,0.39341745046530946,0.36391330676044986,0.42292159417016906
tertiary_share_25_plus,county,13,,,0.38020430685542805,0.3478219308696081,0.412586682841248
tertiary_share_25_plus,county,14,,,0.4955627684981366,0.46797458425098115,0.523150952745292
tertiary_share_25_plus,county,15,,,0.4306508693233305,0.4006294505040307,0.46067228814263034
tertiary_share_25_plus,county,16,,,0.4080667964314796,0.3702328396620639,0.4459007532008953
tertiary_share_25_plus,nation,0,,,0.466892317771844,0.44492161448669093,0.488863021056997
tertiary_share_25_plus,state,0,,,0.540681102440094,0.5185505884607046,0.5628116164194835
tertiary_share_25_plus,state,1,,,0.5087306421031697,0.48254610606998266,0.5349151781363566
tertiary_share_25_plus,state,2,,,0.4799648899563945,0.4562540423600742,0.5036757375527148
tertiary_share_25_plus,state,3,,,0.4123337943826103,0.3900832119289669,0.4345843768362537
tertiary_share_25_plus,state,4,,,0.4182008861226841,0.3927800624952411,0.44362170975012705
tertiary_share_25_plus,state,5,,,0.39970176614886954,0.3765315410243476,0.4228719912733915
person_years_exposure,county,0,male,0-17,4144.816118484806,3051.035780232412,5625.819166568589
person_years_exposure,county,0,male,18-44,5594.086244273376,4112.30207216505,7603.848193794526
person_years_exposure,county,0,male,45-64,5085.870871934124,3740.195297738348,6906.989184497159
person_years_exposure,county,0,male,65-74,1680.5080524001196,1245.1097993867359,2289.822616180652
person_years_exposure,county,0,male,75-84,753.571908117076,544.1891751185477,1045.7950621923221
person_years_exposure,county,0,male,85+,229.90947515152774,141.68599412613887,337.02442094890125
person_years_exposure,county,0,male,18-64,10679.9571162075,7848.299937019927,14500.678106163767
person_years_exposure,county,0,male,65+,2663.989435668723,1963.23399656255,3672.3055574011405
mortality_rate,county,0,male,0-17,0.0015964972415758224,0.0002672249425508319,0.003674952422698919
mortality_rate,county,0,male,18-44,0.0006574325483031065,0.0,0.0016580868380663962
mortality_rate,county,0,male,45-64,0.004334446184113724,0.001222233822800621,0.009363003928836938
mortality_rate,county,0,male,65-74,0.019054063898573986,0.006053380451587257,0.0413464186091864
mortality_rate,county,0,male,75-84,0.050509759572961874,0.016099923918559824,0.11240172385370716
mortality_rate,county,0,male,85+,0.1325224949413691,0.04572482464054808,0.3142438361451774
qualifying_event_rate,county,0,male,0-17,0.02475795899421302,0.008537937464269557,0.053189737215876415
qualifying_event_rate,county,0,male,18-44,0.029446379398624458,0.010314517445095667,0.061858768102041085
qualifying_event_rate,county,0,male,45-64,0.03978940374754193,0.014353780996616222,0.08381369503278895
qualifying_event_rate,county,0,male,65-74,0.06183299839240086,0.02295019096845673,0.1204873091337492
qualifying_event_rate,county,0,male,75-84,0.0634329728037873,0.023690143570432615,0.12341891728479693
qualifying_event_rate,county,0,male,85+,0.07333326678539019,0.022853410741435744,0.14712379242200624
person_years_exposure,county,0,female,0-17,4439.172602084452,3262.1997107878833,6027.205790985867
person_years_exposure,county,0,female,18-44,5617.736444547942,4131.6820744228835,7636.0131813071575
person_years_exposure,county,0,female,45-64,4849.937839734911,3559.2560123390167,6577.24117065337
person_years_exposure,county,0,female,65-74,1562.157322680471,1152.9563754097137,2133.3588217743086
person_years_exposure,county,0,female,75-84,857.533249385528,624.035304162048,1183.669974687007
person_years_exposure,county,0,female,85+,260.6105051764542,159.70620746769396,377.0102902499853
person_years_exposure,county,0,female,18-64,10467.674284282853,7687.858408033869,14210.182780864609
person_years_exposure,county,0,female,65+,2680.301077242453,1964.7965652152404,3690.7369864450666
mortality_rate,county,0,female,0-17,0.0034279552791221936,0.0008371550781828428,0.00765643273766599
mortality_rate,county,0,female,18-44,0.0004008648585117478,0.0,0.0010722141503950035
mortality_rate,county,0,female,45-64,0.0034579816583106297,0.0009232111206718136,0.007518240214605572
mortality_rate,county,0,female,65-74,0.01937174848566122,0.006348491259080332,0.0425029257227849
mortality_rate,county,0,female,75-84,0.05113819678694752,0.016308201075845397,0.1135959147496517
mortality_rate,county,0,female,85+,0.1252980888698413,0.043389584433040466,0.3090735790685414
qualifying_event_rate,county,0,female,0-17,0.024511887631696535,0.00816420505862657,0.053410362824869044
qualifying_event_rate,county,0,female,18-44,0.030520574373892165,0.01050388511377735,0.06439559637104504
qualifying_event_rate,county,0,female,45-64,0.04210014895364314,0.015363425914480977,0.08717938376088367
qualifying_event_rate,county,0,female,65-74,0.0660111569986631,0.024600513121151572,0.12947348027944075
qualifying_event_rate,county,0,female,75-84,0.07606105842606747,0.02866363528964023,0.1461787229654517
qualifying_event_rate,county,0,female,85+,0.0654929285492026,0.022571115374791843,0.13081075961517885
person_years_exposure,county,1,male,0-17,2524.793158993077,2031.3850695052083,3109.9567430137026
person_years_exposure,county,1,male,18-44,3163.427067359282,2549.2465713144243,3905.9484089428097
person_years_exposure,county,1,male,45-64,2653.4151868931003,2144.0216805409664,3274.2331365906116
person_years_exposure,county,1,male,65-74,1004.5390446503854,802.8272219180694,1234.5342805928185
person_years_exposure,county,1,male,75-84,482.6573590571964,371.3142320484129,608.6068550123523
person_years_exposure,county,1,male,85+,114.42485376428358,72.60794372451416,157.37077665194815
person_years_exposure,county,1,male,18-64,5816.842254252382,4700.822996551417,7182.96831662164
person_years_exposure,county,1,male,65+,1601.6212574718654,1260.394118242931,1987.0412470566173
mortality_rate,county,1,male,0-17,0.0029156163144611023,0.00044756953828900737,0.00662882344239442
mortality_rate,county,1,male,18-44,0.0005836048585723002,0.0,0.0015881880848195862
mortality_rate,county,1,male,45-64,0.004138976037089538,0.0009171343665291047,0.009403923255093923
mortality_rate,county,1,male,65-74,0.019012334975139756,0.005364569797133407,0.04225572389574199
mortality_rate,county,1,male,75-84,0.05229685017188752,0.01599343376933441,0.1184564245914657
mortality_rate,county,1,male,85+,0.11602246408895193,0.03475444334551724,0.28892864776563637
qualifying_event_rate,county,1,male,0-17,0.026313456577466973,0.008742681719986956,0.05630611536779405
qualifying_event_rate,county,1,male,18-44,0.03601200146260268,0.012544857223118551,0.07404442800369997
qualifying_event_rate,county,1,male,45-64,0.04502658717696633,0.016300350722604166,0.09035180598270343
qualifying_event_rate,county,1,male,65-74,0.06319610284016787,0.02318618986726623,0.12365731031507525
qualifying_event_rate,county,1,male,75-84,0.07429839935239996,0.027324300015156597,0.14398187822208308
qualifying_event_rate,county,1,male,85+,0.07963513256783364,0.02211235675928599,0.15520277809671212
person_years_exposure,county,1,female,0-17,2422.9924177844064,1941.6999447433363,2985.013081359473
person_years_exposure,county,1,female,18-44,2935.7508122498,2368.8445489302962,3613.963541194548
person_years_exposure,county,1,female,45-64,2777.3882211248424,2241.281125197658,3419.4208695310813
person_years_exposure,county,1,female,65-74,973.4929062317545,774.7342689592023,1195.1861828134643
person_years_exposure,county,1,female,75-84,366.1871195052664,278.9401714359481,464.01014150359936
person_years_exposure,county,1,female,85+,159.9557444251128,107.66014214619605,214.3860868217676
person_years_exposure,county,1,female,18-64,5713.139033374642,4620.639223995453,7026.560007753193
person_years_exposure,county,1,female,65+,1499.6357701621337,1180.8499930815328,1867.5534235930354
mortality_rate,county,1,female,0-17,0.007637403632765547,0.0021069375488395724,0.01712287560217417
mortality_rate,county,1,female,18-44,0.0003958474166645712,0.0,0.001245026304374898
mortality_rate,county,1,female,45-64,0.0038424138616379275,0.0009118152370803231,0.008796843199267457
mortality_rate,county,1,female,65-74,0.019035333077546304,0.005143940646373271,0.04197693337800653
mortality_rate,county,1,female,75-84,0.05250568387112272,0.015144729805075781,0.12219016777352706
mortality_rate,county,1,female,85+,0.10892416049392205,0.034568219271610454,0.26140994515402893
qualifying_event_rate,county,1,female,0-17,0.02920930551073121,0.009690738032906999,0.06197355179738143
qualifying_event_rate,county,1,female,18-44,0.03541611326139896,0.012704121821750852,0.07232075637562482
qualifying_event_rate,county,1,female,45-64,0.048094869843547064,0.017310053141969595,0.09702464940935772
qualifying_event_rate,county,1,female,65-74,0.06876263093529933,0.025275003714806073,0.13267699854438977
qualifying_event_rate,county,1,female,75-84,0.08163728960449998,0.03012178274934104,0.15271819114915675
qualifying_event_rate,county,1,female,85+,0.0791975191506789,0.025626154133519378,0.15434205278694316
person_years_exposure,county,2,male,0-17,1132.8045685256852,758.6961331078262,1666.6540699420832
person_years_exposure,county,2,male,18-44,1472.461053922529,995.8448425495418,2197.3796779051486
person_years_exposure,county,2,male,45-64,1446.9743888714397,973.6265552392922,2136.551730715424
person_years_exposure,county,2,male,65-74,507.20444257400845,337.4676651953265,745.2512316118288
person_years_exposure,county,2,male,75-84,212.696999005343,136.82329865887863,312.0935446750179
person_years_exposure,county,2,male,85+,53.30117711487303,30.026982995589012,82.94595464674565
person_years_exposure,county,2,male,18-64,2919.435442793969,1970.5018752687047,4352.8065060622885
person_years_exposure,county,2,male,65+,773.2026186942245,513.322082344358,1131.9487262769348
mortality_rate,county,2,male,0-17,0.0009853517266025142,0.0,0.0030525430972658564
mortality_rate,county,2,male,18-44,0.0006257460706994545,0.0,0.002148459603163558
mortality_rate,county,2,male,45-64,0.004341291960356955,0.0006978980690310268,0.010211384497680377
mortality_rate,county,2,male,65-74,0.01977887655752549,0.004109929182878369,0.04655984188953458
mortality_rate,county,2,male,75-84,0.049829112315066565,0.011628655646258024,0.12051972517054592
mortality_rate,county,2,male,85+,0.11497250475332785,0.023447610973354686,0.3114569734817006
qualifying_event_rate,county,2,male,0-17,0.020810059496344173,0.006197737488155751,0.044153979354028663
qualifying_event_rate,county,2,male,18-44,0.031161685201914202,0.010202634288888566,0.06274631714087653
qualifying_event_rate,county,2,male,45-64,0.03674764180041416,0.012303961844526437,0.0728103564697298
qualifying_event_rate,county,2,male,65-74,0.06121657347134514,0.020069690139591798,0.1169943636174209
qualifying_event_rate,county,2,male,75-84,0.0997262445902745,0.037332610977281515,0.17426087593810052
qualifying_event_rate,county,2,male,85+,0.07309188544337196,0.0065351410276473475,0.15582625479719647
person_years_exposure,county,2,female,0-17,1205.2101765236896,807.985061196116,1774.0486287277422
person_years_exposure,county,2,female,18-44,1500.9553047129523,1011.9744386305348,2220.0663870442263
person_years_exposure,county,2,female,45-64,1344.7979147271537,891.5331901335588,1982.0839652170123
person_years_exposure,county,2,female,65-74,456.96853874105585,302.9269629234678,669.77439115945
person_years_exposure,county,2,female,75-84,269.2324244693772,173.21686421472262,393.87547433227104
person_years_exposure,county,2,female,85+,54.29362132711621,31.092954828366874,83.7482362673193
person_years_exposure,county,2,female,18-64,2845.753219440106,1897.9650043690333,4207.768348719766
person_years_exposure,county,2,female,65+,780.4945845375491,512.3010232780656,1143.2757108558856
mortality_rate,county,2,female,0-17,0.0006628122966104894,0.0,0.00225809543455223
mortality_rate,county,2,female,18-44,0.00040111173154828766,0.0,0.0015111175598700535
mortality_rate,county,2,female,45-64,0.0045073861069526,0.0007495999767938225,0.010707091535697334
mortality_rate,county,2,female,65-74,0.01864843759636901,0.003966819240223264,0.04476598369471906
mortality_rate,county,2,female,75-84,0.0454199656841938,0.010938379921097172,0.11138448963054438
mortality_rate,county,2,female,85+,0.10750556223247114,0.019916965221521463,0.27480912633255655
qualifying_event_rate,county,2,female,0-17,0.026726390725461544,0.008093409280221153,0.05502590828438799
qualifying_event_rate,county,2,female,18-44,0.030281292627488257,0.009842890693382693,0.06089837780413657
qualifying_event_rate,county,2,female,45-64,0.041081642676885466,0.01407714102033104,0.07985806390108402
qualifying_event_rate,county,2,female,65-74,0.05890433291181215,0.019637590968029906,0.11442509931109322
qualifying_event_rate,county,2,female,75-84,0.06641413829517553,0.020941193644998277,0.12528949964805067
qualifying_event_rate,county,2,female,85+,0.09022301196305332,0.01817001536599121,0.1755619411330792
person_years_exposure,county,3,male,0-17,3375.105340907737,2583.3351077164507,4441.295640140296
person_years_exposure,county,3,male,18-44,4359.517237206095,3354.7236580269114,5768.359796661453
person_years_exposure,county,3,male,45-64,4072.8895609563456,3127.2948798961847,5368.117932524634
person_years_exposure,county,3,male,65-74,1434.3469932513942,1099.1314198308546,1895.8147992396484
person_years_exposure,county,3,male,75-84,660.594012755866,492.12329291747807,896.6990686058479
person_years_exposure,county,3,male,85+,163.8840004144289,100.25478818586599,237.17291153372523
person_years_exposure,county,3,male,18-64,8432.406798162441,6484.8359546602505,11138.607437345958
person_years_exposure,county,3,male,65+,2258.825006421689,1716.0344391126885,3041.533273674088
mortality_rate,county,3,male,0-17,0.01030711463568537,0.0033184705728122386,0.022457937674756356
mortality_rate,county,3,male,18-44,0.0006294597487951787,0.0,0.0016122280846509122
mortality_rate,county,3,male,45-64,0.004251866531935559,0.001196744990214407,0.009653873557951978
mortality_rate,county,3,male,65-74,0.019398186491595627,0.005901037534691761,0.04326426736701963
mortality_rate,county,3,male,75-84,0.049960957685817264,0.01565299104767763,0.1180616954944586
mortality_rate,county,3,male,85+,0.1147593028082897,0.035377584011369194,0.29197325807333374
qualifying_event_rate,county,3,male,0-17,0.026144583277663738,0.008978528700530078,0.05506572352863008
qualifying_event_rate,county,3,male,18-44,0.03880433216125559,0.014274354730650887,0.07897638964248123
qualifying_event_rate,county,3,male,45-64,0.04892841876556827,0.01817420202683802,0.09800901898515836
qualifying_event_rate,county,3,male,65-74,0.07832694547720662,0.030758985103850743,0.14620034837426568
qualifying_event_rate,county,3,male,75-84,0.07114343446024964,0.027134825634530797,0.13714579411057373
qualifying_event_rate,county,3,male,85+,0.07302585755088217,0.022906644897290294,0.14359458088625257
person_years_exposure,county,3,female,0-17,3430.6122715777956,2631.5583916178734,4526.380031676999
person_years_exposure,county,3,female,18-44,4379.549262072197,3363.674552361725,5803.901892943786
person_years_exposure,county,3,female,45-64,4052.9990749099225,3111.2815928311543,5314.654748245574
person_years_exposure,county,3,female,65-74,1170.8005219861022,894.0212435101778,1553.4058024611472
person_years_exposure,county,3,female,75-84,575.7174909114617,424.0068103222755,783.2413708440423
person_years_exposure,county,3,female,85+,152.10440667903774,93.12135488747508,218.82289393073088
person_years_exposure,county,3,female,18-64,8432.54833698212,6473.817640703704,11130.674667413317
person_years_exposure,county,3,female,65+,1898.6224195766017,1435.8504456403507,2537.1259277170693
mortality_rate,county,3,female,0-17,0.010834635526052952,0.0033143564640034174,0.023879408629086007
mortality_rate,county,3,female,18-44,0.0003928950268699213,0.0,0.0011293407460305723
mortality_rate,county,3,female,45-64,0.004192979152204147,0.00114342309967001,0.009411163848692356
mortality_rate,county,3,female,65-74,0.01877554840658069,0.005375188160478641,0.041817884356592616
mortality_rate,county,3,female,75-84,0.053532295720966704,0.017398965686074203,0.1233589575798922
mortality_rate,county,3,female,85+,0.11226984264559574,0.03689942580787409,0.2834627073652335
qualifying_event_rate,county,3,female,0-17,0.027970533272583503,0.009427304771279763,0.058300560827917035
qualifying_event_rate,county,3,female,18-44,0.03762385914957986,0.01382840661370273,0.07746067047834881
qualifying_event_rate,county,3,female,45-64,0.0503647287233345,0.018894252762090395,0.10094530704739622
qualifying_event_rate,county,3,female,65-74,0.07264541129476529,0.02844896231426063,0.13630849773424158
qualifying_event_rate,county,3,female,75-84,0.0783936131643374,0.03021643493368846,0.14491990090710033
qualifying_event_rate,county,3,female,85+,0.06783436271406654,0.020049927063140887,0.13352886150193594
person_years_exposure,county,4,male,0-17,2238.336843900315,1649.714713807966,2891.7737892959562
person_years_exposure,county,4,male,18-44,2945.6692917205796,2165.627814552145,3792.488999938922
person_years_exposure,county,4,male,45-64,2832.980641367551,2092.227871560237,3635.24341042257
person_years_exposure,county,4,male,65-74,885.9774471556691,648.025766565703,1150.9113494858277
person_years_exposure,county,4,male,75-84,444.85321737779066,307.0717117535138,595.0754610086346
person_years_exposure,county,4,male,85+,105.05032588896472,58.947982380363385,152.1063524974022
person_years_exposure,county,4,male,18-64,5778.649933088131,4259.987888451599,7415.093340757476
person_years_exposure,county,4,male,65+,1435.8809904224245,1031.0049164707173,1885.6292460354614
mortality_rate,county,4,male,0-17,0.0013629678921265468,0.0,0.003582920536374855
mortality_rate,county,4,male,18-44,0.0026081058077678998,0.0004399580222003966,0.006017994795385612
mortality_rate,county,4,male,45-64,0.004238062018826304,0.0009681090926851876,0.009400049833802557
mortality_rate,county,4,male,65-74,0.019490413059256965,0.005190423686621493,0.043876589635967654
mortality_rate,county,4,male,75-84,0.04849700561394536,0.014700187352213645,0.1140690386988423
mortality_rate,county,4,male,85+,0.12054464441123412,0.03836007695747838,0.2927911314717657
qualifying_event_rate,county,4,male,0-17,0.008669941726100748,0.0024794934285226745,0.019855638548350808
qualifying_event_rate,county,4,male,18-44,0.013636942201185305,0.004206042648560136,0.030103741670289567
qualifying_event_rate,county,4,male,45-64,0.019760272249151983,0.006053969440509148,0.04354851104606453
qualifying_event_rate,county,4,male,65-74,0.03272054615617972,0.01041260172220906,0.0710223625872206
qualifying_event_rate,county,4,male,75-84,0.028529543254251447,0.007318514727628707,0.06355478482013169
qualifying_event_rate,county,4,male,85+,0.028653882021395283,0.0,0.07226194050608808
person_years_exposure,county,4,female,0-17,2271.602424026606,1676.307621355197,2914.7666587341573
person_years_exposure,county,4,female,18-44,2986.489682362435,2203.717089684985,3855.010851869459
person_years_exposure,county,4,female,45-64,2894.443194317568,2123.244408786786,3707.0029188973567
person_years_exposure,county,4,female,65-74,926.3374714098804,681.9041962314963,1208.396285355254
person_years_exposure,county,4,female,75-84,494.7458167050346,339.95431477761247,665.6263895949976
person_years_exposure,county,4,female,85+,104.80483830366985,60.00903184148279,149.87736510702865
person_years_exposure,county,4,female,18-64,5880.932876680003,4319.931893515082,7563.141484505095
person_years_exposure,county,4,female,65+,1525.8881264185848,1099.4813163491401,2014.1083763281354
mortality_rate,county,4,female,0-17,0.005219204252403606,0.001194959662240338,0.01204805976464376
mortality_rate,county,4,female,18-44,0.0004053083544532742,0.0,0.0012236740552787452
mortality_rate,county,4,female,45-64,0.0040399339665593195,0.0009826863702089717,0.009214123689957143
mortality_rate,county,4,female,65-74,0.018742431286759256,0.005003254327702619,0.04311669138547366
mortality_rate,county,4,female,75-84,0.05393484290532059,0.016496603722145065,0.12695157656065875
mortality_rate,county,4,female,85+,0.11058438387567708,0.03158716302887291,0.285992472973456
qualifying_event_rate,county,4,female,0-17,0.010046769357001132,0.0029066210700839906,0.02300160245000141
qualifying_event_rate,county,4,female,18-44,0.014295498701079662,0.004452584957215006,0.03097729824911388
qualifying_event_rate,county,4,female,45-64,0.01833169802672881,0.005804550507679206,0.03981064804768745
qualifying_event_rate,county,4,female,65-74,0.029870766335443378,0.008929780165044419,0.0635693622747833
qualifying_event_rate,county,4,female,75-84,0.03729231715923914,0.01076102704406631,0.08068956496331833
qualifying_event_rate,county,4,female,85+,0.02708080697844453,0.0,0.06687832313173966
person_years_exposure,county,5,male,0-17,2203.3376752293784,1669.088063558759,2995.927417971765
person_years_exposure,county,5,male,18-44,2926.024581090056,2230.661238309082,3979.655042739971
person_years_exposure,county,5,male,45-64,2634.3627985182393,2008.801705132689,3577.228816411109
person_years_exposure,county,5,male,65-74,732.8314749141945,550.2814208789212,1000.952912581092
person_years_exposure,county,5,male,75-84,448.48299150541936,322.82335274056857,625.940686472891
person_years_exposure,county,5,male,85+,135.9168121752086,80.28786387222446,200.18160080547028
person_years_exposure,county,5,male,18-64,5560.387379608295,4240.172766566871,7550.339101346201
person_years_exposure,county,5,male,65+,1317.2312785948225,970.6262599526628,1820.4053908298708
mortality_rate,county,5,male,0-17,0.0035320171982670934,0.0005740942971332615,0.008409900522046224
mortality_rate,county,5,male,18-44,0.0008876097574622752,0.0,0.002386907991053426
mortality_rate,county,5,male,45-64,0.004495868984583977,0.001130840332347127,0.010254322141098674
mortality_rate,county,5,male,65-74,0.01880215174350055,0.004901969695808035,0.04437968339533765
mortality_rate,county,5,male,75-84,0.05435622198582837,0.016447069303464786,0.1277220505533615
mortality_rate,county,5,male,85+,0.11213373535709044,0.03249033913473865,0.285833862093448
qualifying_event_rate,county,5,male,0-17,0.03149011895542376,0.010743460542097674,0.0630934874018876
qualifying_event_rate,county,5,male,18-44,0.04898445666585644,0.01776958736937822,0.09378676159307278
qualifying_event_rate,county,5,male,45-64,0.06195151400411802,0.02314750787457989,0.11504072628017871
qualifying_event_rate,county,5,male,65-74,0.08642088884469619,0.03386207731239646,0.15166643122403015
qualifying_event_rate,county,5,male,75-84,0.08695771354719,0.0328004873325591,0.1585578482947842
qualifying_event_rate,county,5,male,85+,0.09660774902840216,0.03590563387009367,0.1689223430722403
person_years_exposure,county,5,female,0-17,2099.1184509350437,1594.5475530834658,2855.946271609374
person_years_exposure,county,5,female,18-44,2912.9191989826686,2218.373894810674,3964.3530298302594
person_years_exposure,county,5,female,45-64,2669.1675909823557,2034.7060444770002,3625.1407445257405
person_years_exposure,county,5,female,65-74,923.0493002850366,696.297156994261,1261.0865211331945
person_years_exposure,county,5,female,75-84,465.42350044763083,330.51838200787336,654.6681399446574
person_years_exposure,county,5,female,85+,69.41565413106166,41.32688157363495,102.5619264588879
person_years_exposure,county,5,female,18-64,5582.086789965024,4257.886147798083,7586.402375056272
person_years_exposure,county,5,female,65+,1457.888454863729,1077.7210148711608,2014.2832010386362
mortality_rate,county,5,female,0-17,0.0036452709304429735,0.0006035293339421965,0.008585036307496968
mortality_rate,county,5,female,18-44,0.0003865457589394327,0.0,0.0013025324243319998
mortality_rate,county,5,female,45-64,0.0044211466113511675,0.0010284636096740654,0.00995103257924975
mortality_rate,county,5,female,65-74,0.019875635462357988,0.005461504656720047,0.04450071679363668
mortality_rate,county,5,female,75-84,0.058745216969443,0.01814568640996417,0.1361090615745175
mortality_rate,county,5,female,85+,0.1179438122125196,0.03061970771917945,0.3080093856854352
qualifying_event_rate,county,5,female,0-17,0.035080794553060686,0.011870979640555368,0.07013828336399389
qualifying_event_rate,county,5,female,18-44,0.049539463600464136,0.017961786504344653,0.09612561719864682
qualifying_event_rate,county,5,female,45-64,0.0570544217069742,0.02141457938335329,0.10847763145156097
qualifying_event_rate,county,5,female,65-74,0.086646845045271,0.033817915458027724,0.1551058795331157
qualifying_event_rate,county,5,female,75-84,0.08949791166154344,0.03581777570285189,0.15755530217959346
qualifying_event_rate,county,5,female,85+,0.08755883844554703,0.018957447720424667,0.17369906554147094
person_years_exposure,county,6,male,0-17,2141.8997979046085,1555.995038782401,3145.363363364174
person_years_exposure,county,6,male,18-44,2601.752027940184,1880.2109226918753,3775.363966974093
person_years_exposure,county,6,male,45-64,2448.675484386366,1774.3711827051036,3534.5897552095853
person_years_exposure,county,6,male,65-74,791.8685213813546,578.5368105029668,1185.5354188429424
person_years_exposure,county,6,male,75-84,371.14294943189196,263.80802185975494,564.3141767032298
person_years_exposure,county,6,male,85+,138.06226139315712,79.90408285203367,219.5160023576733
person_years_exposure,county,6,male,18-64,5050.42751232655,3653.7478091223115,7301.916193566047
person_years_exposure,county,6,male,65+,1301.0737322064037,940.5220999861608,1950.9686316232371
mortality_rate,county,6,male,0-17,0.010297927535092066,0.0030465156680363537,0.023040123364159313
mortality_rate,county,6,male,18-44,0.0006454109387509262,0.0,0.0018343633819576104
mortality_rate,county,6,male,45-64,0.004381155204989699,0.0009727279146030064,0.010070157954434835
mortality_rate,county,6,male,65-74,0.018604631295736324,0.00457498777731331,0.04265095431444675
mortality_rate,county,6,male,75-84,0.05315110260663703,0.01559573912541573,0.12713847635223427
mortality_rate,county,6,male,85+,0.12141230095005513,0.0397030029869017,0.3055689728858754
qualifying_event_rate,county,6,male,0-17,0.009265239607923912,0.0025741282682217536,0.02072974210112152
qualifying_event_rate,county,6,male,18-44,0.014220435490269027,0.004313023471653582,0.030491581694813658
qualifying_event_rate,county,6,male,45-64,0.018238694680459827,0.005966333003326999,0.0390566956311744
qualifying_event_rate,county,6,male,65-74,0.030550666948221596,0.008913362005010767,0.0662819779281745
qualifying_event_rate,county,6,male,75-84,0.028434185009599114,0.006540416348963042,0.06208916940865455
qualifying_event_rate,county,6,male,85+,0.03003154122047488,0.0,0.07274324987345694
person_years_exposure,county,6,female,0-17,1987.992473452937,1445.692414011943,2979.6780263615183
person_years_exposure,county,6,female,18-44,2441.954075620595,1766.4392426817374,3525.308022917413
person_years_exposure,county,6,female,45-64,2413.761685013755,1745.8999755418927,3524.925039162441
person_years_exposure,county,6,female,65-74,871.9061080030935,634.0637695442381,1316.599167936652
person_years_exposure,county,6,female,75-84,305.4561804701636,213.12296695673353,464.98062805867073
person_years_exposure,county,6,female,85+,112.21010127312421,66.34753511199635,178.24831479942355
person_years_exposure,county,6,female,18-64,4855.71576063435,3508.4221080611173,7045.41424443736
person_years_exposure,county,6,female,65+,1289.5723897463813,933.1558708398629,1948.3518608680906
mortality_rate,county,6,female,0-17,0.010943141436905956,0.0030023353771757165,0.023722827540023566
mortality_rate,county,6,female,18-44,0.0004089082453347258,0.0,0.0013542397791601031
mortality_rate,county,6,female,45-64,0.004138865256262061,0.0008529971884365493,0.009182643974414005
mortality_rate,county,6,female,65-74,0.01936254840262009,0.005352540139783732,0.04477251710413084
mortality_rate,county,6,female,75-84,0.05643220673379726,0.01565522119198355,0.13639588489961724
mortality_rate,county,6,female,85+,0.10607829952395875,0.029404992733040137,0.2757300665754236
qualifying_event_rate,county,6,female,0-17,0.00981355694464195,0.0027396509502097747,0.022118637256039093
qualifying_event_rate,county,6,female,18-44,0.0137103235490788,0.004134926999912421,0.0293518462535037
qualifying_event_rate,county,6,female,45-64,0.018737771796531875,0.005922809559957873,0.04077985621033072
qualifying_event_rate,county,6,female,65-74,0.028771934903294646,0.008571671431533446,0.06114575271071021
qualifying_event_rate,county,6,female,75-84,0.031885393735693796,0.007081674436064048,0.06970550218900923
qualifying_event_rate,county,6,female,85+,0.026957494453461735,0.0,0.06687956540989962
person_years_exposure,county,7,male,0-17,2013.6330301713494,1561.7829707177655,2885.182347480256
person_years_exposure,county,7,male,18-44,2547.46886108943,1980.6276215749742,3627.4735905498474
person_years_exposure,county,7,male,45-64,3005.4771371059,2335.2446691150467,4265.769289218712
person_years_exposure,county,7,male,65-74,1051.2901355158372,804.897235154604,1518.9903579377824
person_years_exposure,county,7,male,75-84,478.46170850039533,347.05112117156153,705.0933143945589
person_years_exposure,county,7,male,85+,123.99127880101102,73.33906744269161,187.68533393327004
person_years_exposure,county,7,male,18-64,5552.94599819533,4319.436425160005,7868.617966250324
person_years_exposure,county,7,male,65+,1653.7431228172436,1239.94491006478,2413.5548650047153
mortality_rate,county,7,male,0-17,0.003463451874921092,0.000554052026308899,0.008155983117182275
mortality_rate,county,7,male,18-44,0.0008949216970114584,0.0,0.0024537792787376017
mortality_rate,county,7,male,45-64,0.004616896395978497,0.0011243616879468407,0.009983306218329725
mortality_rate,county,7,male,65-74,0.018916024983904572,0.005030993356428697,0.04275559005334668
mortality_rate,county,7,male,75-84,0.049359769474219384,0.014170429398084345,0.11436988542604865
mortality_rate,county,7,male,85+,0.11794599024810942,0.037629664035921634,0.30371078932123546
qualifying_event_rate,county,7,male,0-17,0.03284663976938065,0.011469692822841724,0.06641223687546433
qualifying_event_rate,county,7,male,18-44,0.0514490802673402,0.018701845318669225,0.0987633699153578
qualifying_event_rate,county,7,male,45-64,0.0645400102936233,0.024795554882110698,0.11928841216788526
qualifying_event_rate,county,7,male,65-74,0.09054017862091203,0.037472817340347506,0.15758353183064905
qualifying_event_rate,county,7,male,75-84,0.08651889901673258,0.03375057569253339,0.15441569148467413
qualifying_event_rate,county,7,male,85+,0.10213053365352762,0.034772181539643815,0.179966668033198
person_years_exposure,county,7,female,0-17,2059.3496338011964,1595.074907446132,2935.4866097751583
person_years_exposure,county,7,female,18-44,2682.0972193548705,2085.611341380614,3834.1245326127023
person_years_exposure,county,7,female,45-64,3141.45113196788,2444.5433193760264,4455.110030066083
person_years_exposure,county,7,female,65-74,989.9402237912134,757.9964490825727,1429.3194104428308
person_years_exposure,county,7,female,75-84,429.6925089289793,311.1353982507994,633.9787767432307
person_years_exposure,county,7,female,85+,122.1408915780234,71.52600866423168,183.96709660152635
person_years_exposure,county,7,female,18-64,5823.54835132275,4531.193407395954,8262.518107713262
person_years_exposure,county,7,female,65+,1541.7736242982162,1155.6592987413007,2248.312374134852
mortality_rate,county,7,female,0-17,0.003682234278257599,0.0006078410784204186,0.008455766492966303
mortality_rate,county,7,female,18-44,0.0004079786047103837,0.0,0.0012479986638097508
mortality_rate,county,7,female,45-64,0.004772998208508599,0.0011962847865973048,0.01067355530960284
mortality_rate,county,7,female,65-74,0.018864578121677245,0.005221478671606086,0.04244319875482322
mortality_rate,county,7,female,75-84,0.060206594304092115,0.018890063707155447,0.13955864572565302
mortality_rate,county,7,female,85+,0.13104329522612643,0.04316494108517105,0.3252127207901402
qualifying_event_rate,county,7,female,0-17,0.03660599470921572,0.012426953328433556,0.0732300555167625
qualifying_event_rate,county,7,female,18-44,0.05201631702691612,0.019028793569526962,0.10046575220706898
qualifying_event_rate,county,7,female,45-64,0.05995421420540267,0.02325374455532399,0.11295792839560188
qualifying_event_rate,county,7,female,65-74,0.0889017093220355,0.035600390015614804,0.1578758841663146
qualifying_event_rate,county,7,female,75-84,0.09253960974057751,0.03592798723759394,0.1610209121792753
qualifying_event_rate,county,7,female,85+,0.093049602451032,0.0303906103232395,0.1734887906482608
person_years_exposure,county,8,male,0-17,4453.240914734641,3193.7322043308504,6664.876881952195
person_years_exposure,county,8,male,18-44,5337.241389849316,3827.478365245474,7952.360988165905
person_years_exposure,county,8,male,45-64,5258.696494767891,3766.3606262269914,7887.053974773535
person_years_exposure,county,8,male,65-74,1675.7479672119093,1206.9078354882852,2431.6280691953284
person_years_exposure,county,8,male,75-84,735.1806034349528,512.2244876956167,1062.4042632142755
person_years_exposure,county,8,male,85+,226.6197683606915,135.84227288087507,353.9800264013579
person_years_exposure,county,8,male,18-64,10595.937884617208,7589.178480186594,15875.562555092318
person_years_exposure,county,8,male,65+,2637.5483390075537,1876.4904658728385,3752.020036769656
mortality_rate,county,8,male,0-17,0.001602260924766334,0.0002466431847804656,0.0037217650365216127
mortality_rate,county,8,male,18-44,0.0006354596531740817,0.0,0.0015931844009336698
mortality_rate,county,8,male,45-64,0.004197381219511557,0.0012254319332212892,0.009254542871401273
mortality_rate,county,8,male,65-74,0.019421423026040538,0.006010641815093245,0.04099224204264842
mortality_rate,county,8,male,75-84,0.0511435984701684,0.0168549448611265,0.11427225789473533
mortality_rate,county,8,male,85+,0.1245567724575302,0.042029467852478256,0.29218921298596345
qualifying_event_rate,county,8,male,0-17,0.025374229860295642,0.008761137748116031,0.055149730532737244
qualifying_event_rate,county,8,male,18-44,0.030023318698589728,0.010412323381516745,0.0630384965127357
qualifying_event_rate,county,8,male,45-64,0.04041463897449754,0.014588987129089967,0.08457009160525063
qualifying_event_rate,county,8,male,65-74,0.06339690054878021,0.023485678413053962,0.12339939769432079
qualifying_event_rate,county,8,male,75-84,0.06565214007833498,0.023501652212653722,0.12842632370137946
qualifying_event_rate,county,8,male,85+,0.07184840388987512,0.022319708610459017,0.14130880656000389
person_years_exposure,county,8,female,0-17,4467.906424656103,3207.974878948133,6657.990140686127
person_years_exposure,county,8,female,18-44,5687.357727148765,4079.696080741904,8397.141657666489
person_years_exposure,county,8,female,45-64,5304.800352930529,3795.5491447592567,7985.951383534285
person_years_exposure,county,8,female,65-74,1676.5059953934203,1205.1966689870665,2427.027517604233
person_years_exposure,county,8,female,75-84,901.3813887133857,632.8198111023274,1294.8905303139197
person_years_exposure,county,8,female,85+,201.95007973741312,120.22598256122826,311.2546265914
person_years_exposure,county,8,female,18-64,10992.158080079294,7875.550995887589,16396.39774297373
person_years_exposure,county,8,female,65+,2779.837463844219,1982.5074367329678,3956.942593391498
mortality_rate,county,8,female,0-17,0.0033772765216118945,0.0008514469447472956,0.007357871389605593
mortality_rate,county,8,female,18-44,0.00040454308668103555,0.0,0.001069461020221131
mortality_rate,county,8,female,45-64,0.003510510736461995,0.0009225764294459517,0.007631058575093136
mortality_rate,county,8,female,65-74,0.019664572347540907,0.006354391744284164,0.042713704213401336
mortality_rate,county,8,female,75-84,0.048843649358136856,0.016491865539128906,0.1093156139607126
mortality_rate,county,8,female,85+,0.10957012559629936,0.03657231078842158,0.26411544178061397
qualifying_event_rate,county,8,female,0-17,0.02501510239828996,0.008473166645931623,0.05321364450057665
qualifying_event_rate,county,8,female,18-44,0.03130134962435315,0.010748048394457988,0.06703535012281611
qualifying_event_rate,county,8,female,45-64,0.043177744904144486,0.015359638095394642,0.08969711292354493
qualifying_event_rate,county,8,female,65-74,0.06732570032976076,0.025876060205991154,0.13075238242231327
qualifying_event_rate,county,8,female,75-84,0.07605981783049416,0.029191925581925827,0.1446390361673898
qualifying_event_rate,county,8,female,85+,0.06362587779019614,0.01946853715218994,0.12581481366556335
person_years_exposure,county,9,male,0-17,2691.7791590295496,1836.379759814021,5226.153037003195
person_years_exposure,county,9,male,18-44,3461.9401540356316,2367.8488564870236,6715.540493039935
person_years_exposure,county,9,male,45-64,3084.793592529004,2112.7994294164555,5990.051663272869
person_years_exposure,county,9,male,65-74,874.7959156315944,596.285931421533,1656.9693159637543
person_years_exposure,county,9,male,75-84,498.48473252651814,328.0093285816755,935.7945996231372
person_years_exposure,county,9,male,85+,108.10883427333486,59.942060787129975,192.81769408118575
person_years_exposure,county,9,male,18-64,6546.733746564636,4476.329828516698,12764.10184908164
person_years_exposure,county,9,male,65+,1481.3894824314475,999.622986433898,2780.8663211980065
mortality_rate,county,9,male,0-17,0.0016175189898638349,0.0,0.003941914635667566
mortality_rate,county,9,male,18-44,0.0006304606926713314,0.0,0.0016422719807566587
mortality_rate,county,9,male,45-64,0.004235747338702094,0.000986712536463336,0.00954397824102328
mortality_rate,county,9,male,65-74,0.019800377154246533,0.005140493209714611,0.04373761840284303
mortality_rate,county,9,male,75-84,0.052017198753535845,0.015005434712676879,0.12044994178634727
mortality_rate,county,9,male,85+,0.1195775623321907,0.03495320795387183,0.29748648964093627
qualifying_event_rate,county,9,male,0-17,0.01839803140382972,0.0055780813968010915,0.03963313634769944
qualifying_event_rate,county,9,male,18-44,0.02167952631092118,0.007119775353721928,0.04665735171422182
qualifying_event_rate,county,9,male,45-64,0.029727633480355065,0.010068679201786342,0.06274388667805747
qualifying_event_rate,county,9,male,65-74,0.047818705830664714,0.015469345202271811,0.0992258586870562
qualifying_event_rate,county,9,male,75-84,0.04947019064637108,0.01603160665746986,0.10162732717744585
qualifying_event_rate,county,9,male,85+,0.05245814714017733,0.008647928125666927,0.1145442514184079
person_years_exposure,county,9,female,0-17,2517.124064149108,1717.7999803630785,4897.02461274942
person_years_exposure,county,9,female,18-44,3385.865288480354,2314.5770406886923,6584.77042372303
person_years_exposure,county,9,female,45-64,3333.2743139207673,2279.520749839539,6471.8216119302515
person_years_exposure,county,9,female,65-74,1111.8786983670263,758.9411764478683,2106.9740063811864
person_years_exposure,county,9,female,75-84,476.92029513823894,315.25416316341904,910.6588122226724
person_years_exposure,county,9,female,85+,111.67333707844232,62.73918850327867,199.96735312501295
person_years_exposure,county,9,female,18-64,6719.139602401121,4591.421811881998,13072.829178688145
person_years_exposure,county,9,female,65+,1700.4723305837076,1149.9386036429237,3229.457245548916
mortality_rate,county,9,female,0-17,0.0033958801174107114,0.000572721837225652,0.007691100793893564
mortality_rate,county,9,female,18-44,0.0003898041139558639,0.0,0.0011888180737682674
mortality_rate,county,9,female,45-64,0.0034865363413730272,0.0007850679731902153,0.0076898702232227
mortality_rate,county,9,female,65-74,0.01930282716565306,0.005528422224796835,0.04283928052547736
mortality_rate,county,9,female,75-84,0.05059254898590429,0.015683324982238907,0.11756806876197622
mortality_rate,county,9,female,85+,0.125970799031354,0.04078803075361808,0.3032057573648059
qualifying_event_rate,county,9,female,0-17,0.018114981656819483,0.005749164268082805,0.039578405465462714
qualifying_event_rate,county,9,female,18-44,0.022846299423276314,0.00746287640936027,0.04896473150837788
qualifying_event_rate,county,9,female,45-64,0.031817116082625226,0.011113527140063162,0.06714525461111052
qualifying_event_rate,county,9,female,65-74,0.05026236870832115,0.017469014941135275,0.10261930261215914
qualifying_event_rate,county,9,female,75-84,0.058045515291220366,0.019500942740453952,0.11910311510152763
qualifying_event_rate,county,9,female,85+,0.04898980465049912,0.00931741069880839,0.11053177507740418
person_years_exposure,county,10,male,0-17,1774.7829909357113,1337.762476854164,2745.53615100729
person_years_exposure,county,10,male,18-44,2108.8023274959064,1595.2833396272276,3255.3799179262346
person_years_exposure,county,10,male,45-64,2100.197771841435,1591.9671349696946,3230.2618077396105
person_years_exposure,county,10,male,65-74,655.7632821934808,489.48953872639726,1010.6844037664745
person_years_exposure,county,10,male,75-84,258.1750650731862,184.35691455816365,404.6921465816861
person_years_exposure,county,10,male,85+,68.32082676591573,39.92326867182299,108.82607505671925
person_years_exposure,county,10,male,18-64,4209.000099337341,3191.624478170245,6485.921511154299
person_years_exposure,county,10,male,65+,982.2591740325828,723.1035784848534,1530.0611772925486
mortality_rate,county,10,male,0-17,0.0035149543813866604,0.0006105070337046778,0.008157200430644052
mortality_rate,county,10,male,18-44,0.0009030229387413727,0.0,0.0025850668540249263
mortality_rate,county,10,male,45-64,0.004340411545269574,0.0008467830024066585,0.01001602341079775
mortality_rate,county,10,male,65-74,0.019230036058620552,0.004919938867325298,0.04441965984297976
mortality_rate,county,10,male,75-84,0.048411461204604864,0.01253404084738354,0.11727715648232197
mortality_rate,county,10,male,85+,0.10754503951299203,0.026628642224041453,0.2846481073031966
qualifying_event_rate,county,10,male,0-17,0.028655982931478852,0.009342018395906128,0.05878869501237313
qualifying_event_rate,county,10,male,18-44,0.045374624500761705,0.016364241254625062,0.08910333757337462
qualifying_event_rate,county,10,male,45-64,0.05653337353031519,0.021053643316693935,0.10703817987351955
qualifying_event_rate,county,10,male,65-74,0.08205324517709851,0.03179350000188475,0.14826242560732264
qualifying_event_rate,county,10,male,75-84,0.07709013637118087,0.026117604538929765,0.1436001391332296
qualifying_event_rate,county,10,male,85+,0.08967010271863488,0.02358747480630125,0.16895744035105606
person_years_exposure,county,10,female,0-17,1729.1712887550593,1302.5556550250992,2683.6266105151503
person_years_exposure,county,10,female,18-44,2242.8508819022177,1699.0863197717165,3452.2476369731344
person_years_exposure,county,10,female,45-64,2105.229499953278,1595.4726716030061,3234.1316428507853
person_years_exposure,county,10,female,65-74,622.4582545679166,465.4790087707894,955.4069451556554
person_years_exposure,county,10,female,75-84,250.18448547030727,175.5932877379058,393.81370660066403
person_years_exposure,county,10,female,85+,42.46220319150691,22.80087164157351,66.92290033457469
person_years_exposure,county,10,female,18-64,4348.080381855496,3291.705853933134,6664.273342201089
person_years_exposure,county,10,female,65+,915.1049432297307,671.9137133535454,1406.1708115162037
mortality_rate,county,10,female,0-17,0.0036596287719743606,0.0006379463199304556,0.008606539155335482
mortality_rate,county,10,female,18-44,0.0003872954540678936,0.0,0.0014155125692144634
mortality_rate,county,10,female,45-64,0.004842618925383792,0.0010316275879817297,0.01098333054241016
mortality_rate,county,10,female,65-74,0.018432214298914285,0.003973291096204702,0.042936185898996025
mortality_rate,county,10,female,75-84,0.05941483882348269,0.01583866041894361,0.1468368973047184
mortality_rate,county,10,female,85+,0.1169949317160749,0.021225096736070016,0.32036059838541503
qualifying_event_rate,county,10,female,0-17,0.03218021426553439,0.01054092093820343,0.06532350391859153
qualifying_event_rate,county,10,female,18-44,0.04551454845098941,0.01665655880723962,0.09003185095559497
qualifying_event_rate,county,10,female,45-64,0.053256328581767015,0.019597288372237,0.10269090116549566
qualifying_event_rate,county,10,female,65-74,0.07909995748809535,0.03069146303303808,0.1456063565477809
qualifying_event_rate,county,10,female,75-84,0.08403432462411613,0.029000877649028055,0.15540917542266985
qualifying_event_rate,county,10,female,85+,0.08022910433996511,0.0,0.1707794263552153
person_years_exposure,county,11,male,0-17,898.72550111085,672.1860527742275,1302.5302043124216
person_years_exposure,county,11,male,18-44,1144.165665776533,851.484967383058,1664.2218520803044
person_years_exposure,county,11,male,45-64,1215.3772605793774,906.6247344077346,1765.8505219377992
person_years_exposure,county,11,male,65-74,426.4449674897235,317.118717945345,619.770507020804
person_years_exposure,county,11,male,75-84,191.883136486722,139.28370771914746,275.4312202937117
person_years_exposure,county,11,male,85+,53.67305151537389,31.363167761297138,79.46046700400436
person_years_exposure,county,11,male,18-64,2359.5429263559104,1758.951209347779,3425.7167153105047
person_years_exposure,county,11,male,65+,672.0011554918194,495.7661054351505,969.7811637185973
mortality_rate,county,11,male,0-17,0.010220093434977654,0.0022960919035366575,0.02340211522016785
mortality_rate,county,11,male,18-44,0.0006373710701811563,0.0,0.002366596740952945
mortality_rate,county,11,male,45-64,0.004277060593532882,0.0007009447174297714,0.010025414409331626
mortality_rate,county,11,male,65-74,0.01938935948467271,0.0040378792458943425,0.04717947242841782
mortality_rate,county,11,male,75-84,0.05040872657262042,0.01148208329256934,0.12132097459518151
mortality_rate,county,11,male,85+,0.11596825183818682,0.02428673947828722,0.3096999614462002
qualifying_event_rate,county,11,male,0-17,0.013914561318548332,0.0034880442728831202,0.031245328433398136
qualifying_event_rate,county,11,male,18-44,0.02119905320472326,0.006281433668170779,0.04670048636085469
qualifying_event_rate,county,11,male,45-64,0.02711654755225661,0.008270966191210021,0.05654158903585572
qualifying_event_rate,county,11,male,65-74,0.045832559911335086,0.013923122436347338,0.09651842048687573
qualifying_event_rate,county,11,male,75-84,0.04067746219490788,0.00828518073931973,0.09035277305047731
qualifying_event_rate,county,11,male,85+,0.044462128279982895,0.0,0.10847146668620423
person_years_exposure,county,11,female,0-17,963.2098774206675,721.196765803164,1399.8145095202872
person_years_exposure,county,11,female,18-44,1219.0414296740414,909.2385226547373,1772.7489275329087
person_years_exposure,county,11,female,45-64,1167.5179222486609,870.3141135724109,1696.7569139019758
person_years_exposure,county,11,female,65-74,424.91670313734886,317.233184349739,616.3169439901018
person_years_exposure,county,11,female,75-84,229.9132365467253,165.41972174477098,329.66218591930715
person_years_exposure,county,11,female,85+,71.77957818138974,43.00638565543991,107.45572363091715
person_years_exposure,county,11,female,18-64,2386.5593519227023,1777.914434730957,3466.4880238839837
person_years_exposure,county,11,female,65+,726.6095178654639,535.2592831905447,1050.831082774333
mortality_rate,county,11,female,0-17,0.010752013195953739,0.00249595330908439,0.025056612753216974
mortality_rate,county,11,female,18-44,0.00040014470130061996,0.0,0.0017140598530754972
mortality_rate,county,11,female,45-64,0.0040989902082468775,0.0007230055393245521,0.0099513084370326
mortality_rate,county,11,female,65-74,0.018448419853017033,0.003057117295633111,0.043115790552951935
mortality_rate,county,11,female,75-84,0.05496349318379548,0.014280248395679263,0.13261533368548714
mortality_rate,county,11,female,85+,0.11357849414168077,0.027458375280027803,0.29180996064339026
qualifying_event_rate,county,11,female,0-17,0.014782624083319519,0.0037773884472491947,0.03199606991237585
qualifying_event_rate,county,11,female,18-44,0.020345223728980476,0.005716352055165876,0.044528574976314815
qualifying_event_rate,county,11,female,45-64,0.02788292839907821,0.008766898555638019,0.059046243532839396
qualifying_event_rate,county,11,female,65-74,0.04125716937158533,0.012260813919591322,0.08711846749017922
qualifying_event_rate,county,11,female,75-84,0.04624147714488485,0.011912547642357977,0.09596632058011179
qualifying_event_rate,county,11,female,85+,0.03875873460839602,0.0,0.09589826302201931
person_years_exposure,county,12,male,0-17,1368.0160853672442,1019.7002987837361,1987.6082538461192
person_years_exposure,county,12,male,18-44,1935.160284272356,1453.0930534594331,2808.700621264459
person_years_exposure,county,12,male,45-64,1883.3534854157701,1413.481513150653,2740.020787382688
person_years_exposure,county,12,male,65-74,658.9704111471303,487.82962108145045,958.3583566657474
person_years_exposure,county,12,male,75-84,285.3744432182911,203.0034663459163,423.04715515861216
person_years_exposure,county,12,male,85+,90.52214236431894,52.493941096659185,142.17863626532323
person_years_exposure,county,12,male,18-64,3818.513769688126,2870.6545771446085,5547.898189699779
person_years_exposure,county,12,male,65+,1034.8669967297405,758.6298218489743,1518.9398689525888
mortality_rate,county,12,male,0-17,0.010320530946066943,0.002598488903296593,0.023365998415035373
mortality_rate,county,12,male,18-44,0.0006429134760110128,0.0,0.0020087940183689842
mortality_rate,county,12,male,45-64,0.004232704985670902,0.0006814856326895927,0.009432772635764293
mortality_rate,county,12,male,65-74,0.01885740249279856,0.004726742406855243,0.043726098616581895
mortality_rate,county,12,male,75-84,0.05141888474913332,0.01507949097673853,0.12143295467865368
mortality_rate,county,12,male,85+,0.126672645674101,0.038536061839257965,0.3209197200753072
qualifying_event_rate,county,12,male,0-17,0.024108246315792687,0.007348283912335682,0.05237229242431666
qualifying_event_rate,county,12,male,18-44,0.035826985360996814,0.012256727253805607,0.07310142338125442
qualifying_event_rate,county,12,male,45-64,0.04492761279810996,0.016172447903647982,0.09084430857909558
qualifying_event_rate,county,12,male,65-74,0.07230221757834683,0.02732870520094515,0.13736146128655893
qualifying_event_rate,county,12,male,75-84,0.06634095100825017,0.020624328814779897,0.12707928571061117
qualifying_event_rate,county,12,male,85+,0.06891597415468297,0.013379359142465328,0.14291490855831543
person_years_exposure,county,12,female,0-17,1429.0315751622975,1063.1129707855969,2082.551345105331
person_years_exposure,county,12,female,18-44,1945.8239878124016,1464.4681308428883,2828.939899263276
person_years_exposure,county,12,female,45-64,2026.4939507041645,1514.1968268704804,2941.419301084914
person_years_exposure,county,12,female,65-74,627.3702356981082,465.88885195305386,910.8250497389164
person_years_exposure,county,12,female,75-84,294.32309021021297,209.16824739325287,437.16779529130616
person_years_exposure,county,12,female,85+,91.54237926402159,54.06728981662459,140.19684742562754
person_years_exposure,county,12,female,18-64,3972.317938516566,2982.82108107167,5777.137710586087
person_years_exposure,county,12,female,65+,1013.2357051723428,743.8597633608291,1487.1129756346354
mortality_rate,county,12,female,0-17,0.010801403652153005,0.002768098716910796,0.024770068021407295
mortality_rate,county,12,female,18-44,0.0003924670883816991,0.0,0.001335235048786153
mortality_rate,county,12,female,45-64,0.004325030644406546,0.0010473070426447832,0.009904265241741863
mortality_rate,county,12,female,65-74,0.018191946777328466,0.004237087341999053,0.043202214700426275
mortality_rate,county,12,female,75-84,0.05499974677681961,0.01540673853314318,0.13053296755817706
mortality_rate,county,12,female,85+,0.12306297541968916,0.0389894071744113,0.3004139578947336
qualifying_event_rate,county,12,female,0-17,0.02559336763751792,0.0076924531954776845,0.055870044297585846
qualifying_event_rate,county,12,female,18-44,0.03467679433666748,0.01180355883727779,0.07112476057381428
qualifying_event_rate,county,12,female,45-64,0.046744568374504,0.01661427786614994,0.0936777274770302
qualifying_event_rate,county,12,female,65-74,0.06638511982771454,0.023602779005872716,0.1273957474645959
qualifying_event_rate,county,12,female,75-84,0.07374155700080984,0.024904482698760406,0.14258962920897453
qualifying_event_rate,county,12,female,85+,0.06383232514257045,0.012885147160624751,0.13307459342355935
person_years_exposure,county,13,male,0-17,991.8606765569194,755.0941487649501,1400.6301288868822
person_years_exposure,county,13,male,18-44,1426.2714410517858,1082.7948801280058,2003.8880320194553
person_years_exposure,county,13,male,45-64,1431.6706836455012,1089.7744679579178,2014.3002251219714
person_years_exposure,county,13,male,65-74,454.2364515264132,343.04247694527993,645.2006025233667
person_years_exposure,county,13,male,75-84,266.5501916575263,189.4495656186797,382.1251212562715
person_years_exposure,county,13,male,85+,69.34021911426433,39.644748690009905,105.33443022310198
person_years_exposure,county,13,male,18-64,2857.942124697287,2171.278945463104,4012.704518331463
person_years_exposure,county,13,male,65+,790.1268622982038,578.473966667334,1129.4989950877814
mortality_rate,county,13,male,0-17,0.010377434042178526,0.00227723264220555,0.0235674746713955
mortality_rate,county,13,male,18-44,0.000630247227043752,0.0,0.002092793807199535
mortality_rate,county,13,male,45-64,0.004401681115976801,0.0007505187444590512,0.010117524557547258
mortality_rate,county,13,male,65-74,0.0186123776565825,0.004026372641940287,0.04448229649355597
mortality_rate,county,13,male,75-84,0.053353332408769105,0.01498959864803136,0.12856629779163464
mortality_rate,county,13,male,85+,0.12319116948867652,0.033484396354568374,0.31684659008993626
qualifying_event_rate,county,13,male,0-17,0.009247632755328444,0.0018947929978943873,0.020588313589940593
qualifying_event_rate,county,13,male,18-44,0.014242800519803875,0.004217766883891008,0.031689707131428664
qualifying_event_rate,county,13,male,45-64,0.018187792442564844,0.0053214814077273045,0.039626244876470006
qualifying_event_rate,county,13,male,65-74,0.03130828132539715,0.00833249772287935,0.06779002911900939
qualifying_event_rate,county,13,male,75-84,0.028541506939809183,0.005073551986620084,0.06587738184551797
qualifying_event_rate,county,13,male,85+,0.029949292317082946,0.0,0.08160879346821406
person_years_exposure,county,13,female,0-17,960.1456549765569,728.9850163891964,1356.6876424567681
person_years_exposure,county,13,female,18-44,1264.286297420683,963.7918559532017,1778.6843695935277
person_years_exposure,county,13,female,45-64,1302.368552546748,992.4293862313931,1830.144482322722
person_years_exposure,county,13,female,65-74,550.4117162544932,412.70083495332574,778.0509489131014
person_years_exposure,county,13,female,75-84,268.58802606695224,191.22138295825,386.837406073086
person_years_exposure,county,13,female,85+,56.572670306550386,32.944696192385756,83.92256791494539
person_years_exposure,county,13,female,18-64,2566.654849967431,1953.976756815338,3607.8179783387086
person_years_exposure,county,13,female,65+,875.5724126279958,641.135634771207,1241.6322935804503
mortality_rate,county,13,female,0-17,0.01079090426546061,0.0023871941500582887,0.024377764427550203
mortality_rate,county,13,female,18-44,0.00037423843967563324,0.0,0.0016075597899791504
mortality_rate,county,13,female,45-64,0.004269939676734009,0.0006820018315499287,0.010358063086169492
mortality_rate,county,13,female,65-74,0.01910767800387306,0.004550119189080527,0.044944913075025704
mortality_rate,county,13,female,75-84,0.051658053213743935,0.01410250624504675,0.12204318126157128
mortality_rate,county,13,female,85+,0.11736881119544722,0.030821180065693662,0.31211907187208
qualifying_event_rate,county,13,female,0-17,0.009871447414904375,0.0021602971199094776,0.02246708111742257
qualifying_event_rate,county,13,female,18-44,0.013716549609263646,0.0038199869828053944,0.029739127349189765
qualifying_event_rate,county,13,female,45-64,0.018953243743023512,0.005552887869440064,0.04104965916452654
qualifying_event_rate,county,13,female,65-74,0.028693803662355414,0.008165093469039996,0.06096717132396032
qualifying_event_rate,county,13,female,75-84,0.031351302545787524,0.00728429540806621,0.0685759133743501
qualifying_event_rate,county,13,female,85+,0.026877856670845295,0.0,0.07777883505869125
person_years_exposure,county,14,male,0-17,2541.9041507041716,1665.0165660818252,3847.706823982126
person_years_exposure,county,14,male,18-44,3440.104394995553,2275.7699575425627,5224.578547324922
person_years_exposure,county,14,male,45-64,2724.324809451159,1806.2959442155786,4104.878188797762
person_years_exposure,county,14,male,65-74,849.574467525107,557.960927880614,1289.6118912011318
person_years_exposure,county,14,male,75-84,420.292187867163,266.0966082599943,642.2971510165296
person_years_exposure,county,14,male,85+,119.89264981674378,67.54173389572132,190.3966581234867
person_years_exposure,county,14,male,18-64,6164.429204446712,4084.0492204175566,9315.608879224223
person_years_exposure,county,14,male,65+,1389.759305209014,904.9236176084968,2097.8758276931767
mortality_rate,county,14,male,0-17,0.0009691077083168466,0.0,0.0026927955369012253
mortality_rate,county,14,male,18-44,0.0006375851204372638,0.0,0.001685662082406859
mortality_rate,county,14,male,45-64,0.004286110735398101,0.0009744230054538866,0.00977305925496822
mortality_rate,county,14,male,65-74,0.019280677233000674,0.005036176538261815,0.044397323719299976
mortality_rate,county,14,male,75-84,0.0514949123991903,0.015280059828410667,0.12100106086752581
mortality_rate,county,14,male,85+,0.12961540609186128,0.04313271142233676,0.31226280293318476
qualifying_event_rate,county,14,male,0-17,0.025416170287971974,0.008507355164799713,0.05236706704237593
qualifying_event_rate,county,14,male,18-44,0.037637901770162935,0.012968540733517681,0.073707666023746
qualifying_event_rate,county,14,male,45-64,0.04446447424243256,0.016099737153783603,0.08659000731773189
qualifying_event_rate,county,14,male,65-74,0.07263340727497526,0.026487769776000362,0.133592955645666
qualifying_event_rate,county,14,male,75-84,0.11750558959161403,0.04949892190537432,0.1941254875453211
qualifying_event_rate,county,14,male,85+,0.08412923421752438,0.027483034781774548,0.15607257505610558
person_years_exposure,county,14,female,0-17,2582.882082431727,1695.3924397399899,3921.312467701052
person_years_exposure,county,14,female,18-44,3101.8706530021987,2039.5220136631651,4696.187483406537
person_years_exposure,county,14,female,45-64,2644.681025913724,1733.8964847920242,3997.1978933514906
person_years_exposure,county,14,female,65-74,853.1658354028158,554.8950152921853,1295.9089581010767
person_years_exposure,county,14,female,75-84,484.77268912269074,305.342242287367,740.227436152343
person_years_exposure,county,14,female,85+,131.68319237523852,75.22741389895681,207.7303226098396
person_years_exposure,county,14,female,18-64,5746.551678915923,3773.151218427735,8702.281044465173
person_years_exposure,county,14,female,65+,1469.6217169007452,949.0833035143031,2236.6633164826667
mortality_rate,county,14,female,0-17,0.0006612798254002939,0.0,0.001966873874840838
mortality_rate,county,14,female,18-44,0.0004031400471324275,0.0,0.0012901340692117239
mortality_rate,county,14,female,45-64,0.004416478080646628,0.0010384096916718978,0.009762002017490301
mortality_rate,county,14,female,65-74,0.01911080686007764,0.005095621810726583,0.04315009505098362
mortality_rate,county,14,female,75-84,0.04761452313199979,0.015154366827262815,0.1062962823481316
mortality_rate,county,14,female,85+,0.11400581493377568,0.03476672024053285,0.2854308144832306
qualifying_event_rate,county,14,female,0-17,0.03254071438130457,0.011059537487861473,0.06638976617202778
qualifying_event_rate,county,14,female,18-44,0.036761539233377924,0.013084967966752348,0.07141108611596195
qualifying_event_rate,county,14,female,45-64,0.049682336750189064,0.017554759992592067,0.09438677014874887
qualifying_event_rate,county,14,female,65-74,0.06989698061922181,0.02568376032353589,0.1287242160033029
qualifying_event_rate,county,14,female,75-84,0.0800723945827539,0.029510105604352316,0.1466181456217796
qualifying_event_rate,county,14,female,85+,0.11177446409986147,0.03940493960499748,0.1929290368491415
person_years_exposure,county,15,male,0-17,1606.7771012744943,1068.8933136499772,2419.4515242114167
person_years_exposure,county,15,male,18-44,2317.7058537354696,1558.4271262963864,3475.947848661178
person_years_exposure,county,15,male,45-64,2126.9215009314685,1427.162462962004,3196.4073972624587
person_years_exposure,county,15,male,65-74,461.9191314539999,305.18138430759,693.0663523569604
person_years_exposure,county,15,male,75-84,274.32985835408874,174.67714379024838,411.7559061114624
person_years_exposure,county,15,male,85+,47.662035446496134,26.422729695827158,73.78216586067073
person_years_exposure,county,15,male,18-64,4444.627354666938,2987.068352680754,6673.449157060531
person_years_exposure,county,15,male,65+,783.9110252545848,510.54152550834544,1179.2205960424774
mortality_rate,county,15,male,0-17,0.0009821679676342366,0.0,0.0028321742684280994
mortality_rate,county,15,male,18-44,0.0006476130523987162,0.0,0.0019304113614945762
mortality_rate,county,15,male,45-64,0.004301028136084819,0.0009199486271920658,0.009772683939797085
mortality_rate,county,15,male,65-74,0.01932008396828813,0.004204425546329733,0.04490059626938633
mortality_rate,county,15,male,75-84,0.0494279034841781,0.013558949745412305,0.11763516174459084
mortality_rate,county,15,male,85+,0.11503831964448297,0.0230215610065991,0.3004267520825434
qualifying_event_rate,county,15,male,0-17,0.01829257450858381,0.005544999604110842,0.03790755650471539
qualifying_event_rate,county,15,male,18-44,0.027507536205216978,0.008969391396526517,0.05611138667263343
qualifying_event_rate,county,15,male,45-64,0.03257286345683953,0.010760432576034224,0.06512449046972567
qualifying_event_rate,county,15,male,65-74,0.05453587625529995,0.017453502228947003,0.10769326279081222
qualifying_event_rate,county,15,male,75-84,0.09120473846059612,0.03278814901635987,0.1635964655009245
qualifying_event_rate,county,15,male,85+,0.06355857243408054,0.0,0.1403865369917114
person_years_exposure,county,15,female,0-17,1825.6572409643832,1211.506774623247,2742.2792021062864
person_years_exposure,county,15,female,18-44,2182.4205492727096,1449.5111661038932,3276.2125443705427
person_years_exposure,county,15,female,45-64,1899.029632392524,1255.8992857249925,2850.4761333664133
person_years_exposure,county,15,female,65-74,520.2005062956772,343.93114195548685,780.8662757426074
person_years_exposure,county,15,female,75-84,251.90186330063457,162.79797920549134,375.218845884611
person_years_exposure,county,15,female,85+,39.99039534278543,21.856705358971087,61.68944309008553
person_years_exposure,county,15,female,18-64,4081.4501816652337,2713.3719028659293,6122.16999930003
person_years_exposure,county,15,female,65+,812.0927649390972,533.733340175301,1216.7988006188182
mortality_rate,county,15,female,0-17,0.000644031762160846,0.0,0.0020255547737358945
mortality_rate,county,15,female,18-44,0.0003957850981277878,0.0,0.0014186693355836527
mortality_rate,county,15,female,45-64,0.0042867287909267105,0.0007465706585845836,0.009961047030429488
mortality_rate,county,15,female,65-74,0.019446753348121577,0.004263684422543633,0.044139258486947504
mortality_rate,county,15,female,75-84,0.04449486253413144,0.010757583129624913,0.10761927110292882
mortality_rate,county,15,female,85+,0.09932895447256036,0.01951494237566648,0.27551892598969707
qualifying_event_rate,county,15,female,0-17,0.02373824048270268,0.007768931848068543,0.048905399452571045
qualifying_event_rate,county,15,female,18-44,0.026576632582707673,0.008866388119125487,0.0531943117010023
qualifying_event_rate,county,15,female,45-64,0.03641371685242319,0.01233744861659636,0.07160421095951014
qualifying_event_rate,county,15,female,65-74,0.053158644100930935,0.017214663102413354,0.10467959547466794
qualifying_event_rate,county,15,female,75-84,0.05992149602329698,0.017409388805513727,0.11861445748719927
qualifying_event_rate,county,15,female,85+,0.07944297298503519,0.0,0.16848242353282383
person_years_exposure,county,16,male,0-17,608.0973656569689,438.3074288607554,800.4573596130734
person_years_exposure,county,16,male,18-44,855.1551707575024,619.7473553424427,1120.1029989979081
person_years_exposure,county,16,male,45-64,1047.0085911410808,763.6646774239707,1366.6513910311105
person_years_exposure,county,16,male,65-74,286.08930588072485,202.0109413363716,376.2491724653492
person_years_exposure,county,16,male,75-84,103.35701130108917,67.59667519174297,141.23162396830537
person_years_exposure,county,16,male,85+,33.10558738723193,17.76210459122814,49.06052209967767
person_years_exposure,county,16,male,18-64,1902.1637618985833,1387.5375801326472,2492.7447711292525
person_years_exposure,county,16,male,65+,422.551904569046,296.81547427588146,561.3409126135235
mortality_rate,county,16,male,0-17,0.001327302093108073,0.0,0.004688648382722606
mortality_rate,county,16,male,18-44,0.002600268218609133,0.0,0.0071176227435403245
mortality_rate,county,16,male,45-64,0.0043874998150621744,0.0006311535644796891,0.010644218150370935
mortality_rate,county,16,male,65-74,0.01854643431940115,0.003118392530157276,0.04551695756755585
mortality_rate,county,16,male,75-84,0.05076936918496492,0.008167408906559962,0.1334137828968773
mortality_rate,county,16,male,85+,0.10815761217102102,0.02161598682468903,0.31019337273861736
qualifying_event_rate,county,16,male,0-17,0.008718025921255408,0.00146192781506147,0.020749867642135714
qualifying_event_rate,county,16,male,18-44,0.013602829021891862,0.0030775672695487265,0.031192144865352257
qualifying_event_rate,county,16,male,45-64,0.020037263338080615,0.005638220416888567,0.04485263453670981
qualifying_event_rate,county,16,male,65-74,0.03207546413367547,0.007003934726460598,0.07132254717338314
qualifying_event_rate,county,16,male,75-84,0.02860645954287349,0.0,0.07176537900860626
qualifying_event_rate,county,16,male,85+,0.02713621422217041,0.0,0.09009279951592218
person_years_exposure,county,16,female,0-17,653.323056754355,470.4458709937545,858.9771381786721
person_years_exposure,county,16,female,18-44,780.7202272855441,565.8591733441237,1030.4081426405317
person_years_exposure,county,16,female,45-64,830.6930734192364,603.4715618684866,1087.961000246286
person_years_exposure,county,16,female,65-74,294.81855975102076,210.15870113417196,385.8651765289478
person_years_exposure,county,16,female,75-84,140.89895967323605,92.93214356075032,192.05457768709473
person_years_exposure,county,16,female,85+,23.531007120557078,12.135805550983992,35.55652541011365
person_years_exposure,county,16,female,18-64,1611.4133007047803,1169.1459284654115,2117.4643635169236
person_years_exposure,county,16,female,65+,459.2485265448139,323.97598768075835,605.9100659766692
mortality_rate,county,16,female,0-17,0.005173140099511197,0.0,0.013411125288879569
mortality_rate,county,16,female,18-44,0.0004065041383720595,0.0,0.001835379421825108
mortality_rate,county,16,female,45-64,0.0043173897748874,0.0,0.010983638082867994
mortality_rate,county,16,female,65-74,0.018513577494156778,0.0030301709517047744,0.04512447473341684
mortality_rate,county,16,female,75-84,0.05097926291517497,0.009163411245889933,0.12645737682648212
mortality_rate,county,16,female,85+,0.10185356453067212,0.0,0.329696090246402
qualifying_event_rate,county,16,female,0-17,0.010111963887934311,0.0017227481620835077,0.02420152965759917
qualifying_event_rate,county,16,female,18-44,0.014146532189103035,0.003280237780358549,0.03145977408717947
qualifying_event_rate,county,16,female,45-64,0.018645895821920284,0.004637953499539039,0.041552698985222236
qualifying_event_rate,county,16,female,65-74,0.029986230975672098,0.006752011524862716,0.06594425469156721
qualifying_event_rate,county,16,female,75-84,0.0359723151892191,0.005910566955834416,0.08555861973963631
qualifying_event_rate,county,16,female,85+,0.025072205474883178,0.0,0.09543279223945172
person_years_exposure,state,0,male,0-17,11289.836192248993,8351.636942063591,15891.890055053795
person_years_exposure,state,0,male,18-44,14393.267788158313,10628.308415134345,20444.81277357563
person_years_exposure,state,0,male,45-64,13429.360959231015,9898.043238333903,18961.531437947997
person_years_exposure,state,0,male,65-74,4231.051935243623,3138.592814403657,5966.682978993432
person_years_exposure,state,0,male,75-84,1987.2372440785505,1438.669417567462,2807.2443835928866
person_years_exposure,state,0,male,85+,564.638077785554,355.5093065014906,819.8482217618185
person_years_exposure,state,0,male,18-64,27822.628747389328,20574.938273224732,39408.76067614624
person_years_exposure,state,0,male,65+,6782.927257107727,4991.68689970796,9570.077519451506
mortality_rate,state,0,male,0-17,0.0016037828188269845,0.00042994163909216155,0.0034453565209739824
mortality_rate,state,0,male,18-44,0.000642797261967974,0.00013755276482839258,0.0014157484337910865
mortality_rate,state,0,male,45-64,0.004258102371631719,0.0014082656501433215,0.009168405919534434
mortality_rate,state,0,male,65-74,0.019353864779855262,0.006536498701173252,0.040543213983985284
mortality_rate,state,0,male,75-84,0.05112237967319634,0.01794462026494804,0.11303372531693479
mortality_rate,state,0,male,85+,0.1268469093152517,0.04719866190216346,0.29001918963342466
qualifying_event_rate,state,0,male,0-17,0.02348467941242406,0.008224111694543951,0.050618125482493795
qualifying_event_rate,state,0,male,18-44,0.02779219519153298,0.009960846656999218,0.0583163849070942
qualifying_event_rate,state,0,male,45-64,0.03772299401758045,0.013613186199889793,0.07861581672403875
qualifying_event_rate,state,0,male,65-74,0.059554855703176944,0.0225604906174285,0.11690337527182668
qualifying_event_rate,state,0,male,75-84,0.06075148874398562,0.022642181947328095,0.11828670078908488
qualifying_event_rate,state,0,male,85+,0.06874044133203092,0.025124419363648627,0.13235524405805074
person_years_exposure,state,0,female,0-17,11424.203090889694,8446.486561077629,16189.189988378657
person_years_exposure,state,0,female,18-44,14690.959460177046,10875.644317546003,20804.258453424132
person_years_exposure,state,0,female,45-64,13488.012506586221,9977.87573734776,18910.055366178156
person_years_exposure,state,0,female,65-74,4350.542016440929,3217.84138073657,6134.121652945254
person_years_exposure,state,0,female,75-84,2235.834933237154,1626.369990251941,3130.124359354172
person_years_exposure,state,0,female,85+,574.2339219923098,361.9726196157786,830.7160622277579
person_years_exposure,state,0,female,18-64,28178.971966763267,20826.295999387894,39687.3063830239
person_years_exposure,state,0,female,65+,7160.610871670392,5273.1270018130845,10084.974610767411
mortality_rate,state,0,female,0-17,0.0034010680551087866,0.0010861905586587765,0.007528566572966482
mortality_rate,state,0,female,18-44,0.00039973962283871336,6.951466155185058e-05,0.0009043020004557811
mortality_rate,state,0,female,45-64,0.0034856978888322073,0.0010953449819460649,0.007320573603388575
mortality_rate,state,0,female,65-74,0.019466975427704144,0.006717494049407487,0.041280217914157306
mortality_rate,state,0,female,75-84,0.05009675458405917,0.017559504461671812,0.11151662143908365
mortality_rate,state,0,female,85+,0.11989760741131515,0.04564828941568472,0.28265742184504256
qualifying_event_rate,state,0,female,0-17,0.02329924379417005,0.007953923570241616,0.05012414471912082
qualifying_event_rate,state,0,female,18-44,0.029054127401925055,0.010146856894412611,0.06153918923054734
qualifying_event_rate,state,0,female,45-64,0.03998273262223881,0.014412197044326693,0.08312938984185951
qualifying_event_rate,state,0,female,65-74,0.062492767245963615,0.02399927443468003,0.12305742421514361
qualifying_event_rate,state,0,female,75-84,0.07221770833301465,0.027563408669821713,0.1383400557161077
qualifying_event_rate,state,0,female,85+,0.06162689088995038,0.02225753446132685,0.12119113843580938
person_years_exposure,state,1,male,0-17,2524.793158993077,2031.3850695052083,3109.9567430137026
person_years_exposure,state,1,male,18-44,3163.427067359282,2549.2465713144243,3905.9484089428097
person_years_exposure,state,1,male,45-64,2653.4151868931003,2144.0216805409664,3274.2331365906116
person_years_exposure,state,1,male,65-74,1004.5390446503854,802.8272219180694,1234.5342805928185
person_years_exposure,state,1,male,75-84,482.6573590571964,371.3142320484129,608.6068550123523
person_years_exposure,state,1,male,85+,114.42485376428358,72.60794372451416,157.37077665194815
person_years_exposure,state,1,male,18-64,5816.842254252382,4700.822996551417,7182.96831662164
person_years_exposure,state,1,male,65+,1601.6212574718654,1260.394118242931,1987.0412470566173
mortality_rate,state,1,male,0-17,0.0029156163144611023,0.00044756953828900737,0.00662882344239442
mortality_rate,state,1,male,18-44,0.0005836048585723002,0.0,0.0015881880848195862
mortality_rate,state,1,male,45-64,0.004138976037089538,0.0009171343665291047,0.009403923255093923
mortality_rate,state,1,male,65-74,0.019012334975139756,0.005364569797133407,0.04225572389574199
mortality_rate,state,1,male,75-84,0.05229685017188752,0.01599343376933441,0.1184564245914657
mortality_rate,state,1,male,85+,0.11602246408895193,0.03475444334551724,0.28892864776563637
qualifying_event_rate,state,1,male,0-17,0.026313456577466973,0.008742681719986956,0.05630611536779405
qualifying_event_rate,state,1,male,18-44,0.03601200146260268,0.012544857223118551,0.07404442800369997
qualifying_event_rate,state,1,male,45-64,0.04502658717696633,0.016300350722604166,0.09035180598270343
qualifying_event_rate,state,1,male,65-74,0.06319610284016787,0.02318618986726623,0.12365731031507525
qualifying_event_rate,state,1,male,75-84,0.07429839935239996,0.027324300015156597,0.14398187822208308
qualifying_event_rate,state,1,male,85+,0.07963513256783364,0.02211235675928599,0.15520277809671212
person_years_exposure,state,1,female,0-17,2422.9924177844064,1941.6999447433363,2985.013081359473
person_years_exposure,state,1,female,18-44,2935.7508122498,2368.8445489302962,3613.963541194548
person_years_exposure,state,1,female,45-64,2777.3882211248424,2241.281125197658,3419.4208695310813
person_years_exposure,state,1,female,65-74,973.4929062317545,774.7342689592023,1195.1861828134643
person_years_exposure,state,1,female,75-84,366.1871195052664,278.9401714359481,464.01014150359936
person_years_exposure,state,1,female,85+,159.9557444251128,107.66014214619605,214.3860868217676
person_years_exposure,state,1,female,18-64,5713.139033374642,4620.639223995453,7026.560007753193
person_years_exposure,state,1,female,65+,1499.6357701621337,1180.8499930815328,1867.5534235930354
mortality_rate,state,1,female,0-17,0.007637403632765547,0.0021069375488395724,0.01712287560217417
mortality_rate,state,1,female,18-44,0.0003958474166645712,0.0,0.001245026304374898
mortality_rate,state,1,female,45-64,0.0038424138616379275,0.0009118152370803231,0.008796843199267457
mortality_rate,state,1,female,65-74,0.019035333077546304,0.005143940646373271,0.04197693337800653
mortality_rate,state,1,female,75-84,0.05250568387112272,0.015144729805075781,0.12219016777352706
mortality_rate,state,1,female,85+,0.10892416049392205,0.034568219271610454,0.26140994515402893
qualifying_event_rate,state,1,female,0-17,0.02920930551073121,0.009690738032906999,0.06197355179738143
qualifying_event_rate,state,1,female,18-44,0.03541611326139896,0.012704121821750852,0.07232075637562482
qualifying_event_rate,state,1,female,45-64,0.048094869843547064,0.017310053141969595,0.09702464940935772
qualifying_event_rate,state,1,female,65-74,0.06876263093529933,0.025275003714806073,0.13267699854438977
qualifying_event_rate,state,1,female,75-84,0.08163728960449998,0.03012178274934104,0.15271819114915675
qualifying_event_rate,state,1,female,85+,0.0791975191506789,0.025626154133519378,0.15434205278694316
person_years_exposure,state,2,male,0-17,5281.485820504347,3495.058008203961,7895.233678872364
person_years_exposure,state,2,male,18-44,7230.271302653555,4832.40035531629,10788.952050081976
person_years_exposure,state,2,male,45-64,6298.220699254075,4219.363141392706,9422.965509002928
person_years_exposure,state,2,male,65-74,1818.6980415531193,1192.9589459734561,2719.551890963893
person_years_exposure,state,2,male,75-84,907.3190452265952,579.8285574375441,1365.066940589426
person_years_exposure,state,2,male,85+,220.85586237811373,125.85795494896578,341.06478120631266
person_years_exposure,state,2,male,18-64,13528.49200190763,9059.231219724574,20203.64945759411
person_years_exposure,state,2,male,65+,2946.8729491578283,1927.1089186602098,4425.50727043784
mortality_rate,state,2,male,0-17,0.0009765651218310895,0.0,0.0023438552153556324
mortality_rate,state,2,male,18-44,0.0006383885836422212,0.0,0.0015440911560764797
mortality_rate,state,2,male,45-64,0.004303825890971133,0.0012453954786517435,0.009268268734002228
mortality_rate,state,2,male,65-74,0.01942962534282124,0.0062902990806079665,0.043036341640593063
mortality_rate,state,2,male,75-84,0.050479444966256795,0.017104767101338365,0.11635060869793888
mortality_rate,state,2,male,85+,0.1229356762771427,0.04517628673575438,0.29148040903125
qualifying_event_rate,state,2,male,0-17,0.02226102522249557,0.007560303146122712,0.0453665316738904
qualifying_event_rate,state,2,male,18-44,0.033071657591780185,0.01150691504921926,0.06571962650484649
qualifying_event_rate,state,2,male,45-64,0.038675762905003956,0.013965137857324433,0.07521925584607686
qualifying_event_rate,state,2,male,65-74,0.06485297076924455,0.02364965581224454,0.12120288947379544
qualifying_event_rate,state,2,male,75-84,0.10538557276921458,0.0435088555595806,0.17647684740669967
qualifying_event_rate,state,2,male,85+,0.07702621564206803,0.02661507272204292,0.14100969673079608
person_years_exposure,state,2,female,0-17,5613.749499919806,3726.2413301974375,8391.420024703422
person_years_exposure,state,2,female,18-44,6785.246506987852,4493.693818752752,10136.127616912294
person_years_exposure,state,2,female,45-64,5888.5085730333985,3877.3763847842724,8788.21510101833
person_years_exposure,state,2,female,65-74,1830.3348804395462,1202.5488264281303,2743.085810428306
person_years_exposure,state,2,female,75-84,1005.9069768927038,645.4815659742204,1514.3629828572862
person_years_exposure,state,2,female,85+,225.96720904513987,133.43326162548206,347.36105238648156
person_years_exposure,state,2,female,18-64,12673.75508002125,8403.181210440276,18927.761731627674
person_years_exposure,state,2,female,65+,3062.20906637739,2003.3959783870262,4596.611285896724
mortality_rate,state,2,female,0-17,0.0006559995574352947,0.0,0.001649608267495151
mortality_rate,state,2,female,18-44,0.00040032570533031974,0.0,0.0010554702297021028
mortality_rate,state,2,female,45-64,0.004395395522947675,0.001326870895570833,0.009692132410391846
mortality_rate,state,2,female,65-74,0.019090849488332545,0.006182764625504079,0.04163177417508179
mortality_rate,state,2,female,75-84,0.046245913139819905,0.015351491148136028,0.1051790225930302
mortality_rate,state,2,female,85+,0.10984655786766612,0.03850052734095111,0.2624433368772817
qualifying_event_rate,state,2,female,0-17,0.028429775293029105,0.00983074850384906,0.05783830978817543
qualifying_event_rate,state,2,female,18-44,0.03205215836521102,0.011342420230830838,0.06241958909919672
qualifying_event_rate,state,2,female,45-64,0.04343904146313529,0.01569818758740433,0.08359330391194723
qualifying_event_rate,state,2,female,65-74,0.0623953013156973,0.02364906928398685,0.11502875473984915
qualifying_event_rate,state,2,female,75-84,0.07137050211186403,0.026857419786998942,0.12961614680673542
qualifying_event_rate,state,2,female,85+,0.1008744069478659,0.03656751144340641,0.17489257432581976
person_years_exposure,state,3,male,0-17,8775.607401847354,6739.876046687933,11039.753382347664
person_years_exposure,state,3,male,18-44,11466.86665624696,8799.773291570118,14503.501143769741
person_years_exposure,state,3,male,45-64,11051.966474983374,8467.815056530955,14002.732089637911
person_years_exposure,state,3,male,65-74,3765.8673447960105,2905.723173936619,4777.920754498338
person_years_exposure,state,3,male,75-84,1775.544733550294,1351.012523573909,2272.8341739026832
person_years_exposure,state,3,male,85+,515.4816748015437,329.9292093315146,706.3348137103936
person_years_exposure,state,3,male,18-64,22518.833131230334,17229.148356962552,28505.543717740024
person_years_exposure,state,3,male,65+,6056.893753147848,4639.564879138952,7723.103811160692
mortality_rate,state,3,male,0-17,0.010305999585961557,0.0034777746490985135,0.022351430307842323
mortality_rate,state,3,male,18-44,0.0006362367683390267,9.680623147340275e-05,0.0014607187319478853
mortality_rate,state,3,male,45-64,0.004299423994029215,0.0013963405547700264,0.009290080197865761
mortality_rate,state,3,male,65-74,0.019040909094413118,0.0062643434378349475,0.042799529044768136
mortality_rate,state,3,male,75-84,0.05141978454668364,0.01823543391861095,0.11835812910774283
mortality_rate,state,3,male,85+,0.11989334516812869,0.04510351436101824,0.2891421846594833
qualifying_event_rate,state,3,male,0-17,0.018545057130830708,0.0063917748328585775,0.039619324035945265
qualifying_event_rate,state,3,male,18-44,0.02791228842427621,0.010123799197661284,0.05866781397549008
qualifying_event_rate,state,3,male,45-64,0.035066251070185996,0.012979505730473533,0.07189638091753511
qualifying_event_rate,state,3,male,65-74,0.057875532891230215,0.022956752277374738,0.11200157546329724
qualifying_event_rate,state,3,male,75-84,0.051756031563658156,0.01920487519453759,0.10111492983446242
qualifying_event_rate,state,3,male,85+,0.05202032136316279,0.01828421826400602,0.10333186292644725
person_years_exposure,state,3,female,0-17,8770.991852590243,6733.821090108756,11028.978452088682
person_years_exposure,state,3,female,18-44,11250.655052599908,8608.548663954429,14171.071514852818
person_years_exposure,state,3,female,45-64,10963.141185423246,8425.612650740855,13894.84541985424
person_years_exposure,state,3,female,65-74,3645.4052850791395,2809.678765800625,4592.586426599158
person_years_exposure,state,3,female,75-84,1673.9980242055155,1268.5934877137151,2148.1059027802376
person_years_exposure,state,3,female,85+,484.2091357041232,314.95526637372757,660.2640840317789
person_years_exposure,state,3,female,18-64,22213.796238023155,17024.547618460078,28060.694745811787
person_years_exposure,state,3,female,65+,5803.612444988778,4461.927259544331,7390.523271563839
mortality_rate,state,3,female,0-17,0.010839954025202051,0.003713189639712798,0.02337202272485348
mortality_rate,state,3,female,18-44,0.000394985681764643,0.0,0.0009813079184015122
mortality_rate,state,3,female,45-64,0.0042046072695195716,0.0013943666666774326,0.00899283011317209
mortality_rate,state,3,female,65-74,0.018827526228142724,0.006226905448958642,0.041423689020340354
mortality_rate,state,3,female,75-84,0.05421530286916617,0.019129494371951043,0.12336431714792302
mortality_rate,state,3,female,85+,0.11366525640870939,0.041315991799450245,0.27047380858584597
qualifying_event_rate,state,3,female,0-17,0.020038310641355334,0.0066244894069290615,0.04294449139280026
qualifying_event_rate,state,3,female,18-44,0.027364964811864605,0.0098330608166646,0.05676731884827958
qualifying_event_rate,state,3,female,45-64,0.036606499911899765,0.013480765414549994,0.07495181255121289
qualifying_event_rate,state,3,female,65-74,0.05077954607289099,0.019752142762314965,0.09993727045979904
qualifying_event_rate,state,3,female,75-84,0.05712558709560453,0.02184615430413553,0.10895986906339157
qualifying_event_rate,state,3,female,85+,0.0485096368620486,0.017012588594117632,0.09518778374139714
person_years_exposure,state,4,male,0-17,2846.43420955729,2082.3404617358024,3767.8818210076574
person_years_exposure,state,4,male,18-44,3800.824462478078,2787.3264539633374,5028.818628719012
person_years_exposure,state,4,male,45-64,3879.989232508626,2855.3135320723504,5139.884119230845
person_years_exposure,state,4,male,65-74,1172.0667530363967,851.9741451715076,1564.429577026004
person_years_exposure,state,4,male,75-84,548.2102286788803,375.0836934162179,738.5805285589772
person_years_exposure,state,4,male,85+,138.1559132761971,79.258887081273,199.3349010286657
person_years_exposure,state,4,male,18-64,7680.813694986704,5654.183378769334,10171.601816682985
person_years_exposure,state,4,male,65+,1858.4328949914743,1331.4307237567843,2479.051351393418
mortality_rate,state,4,male,0-17,0.0013553484367552012,0.0,0.003461034370841349
mortality_rate,state,4,male,18-44,0.002606342412756752,0.0005900379481316058,0.005952803739509506
mortality_rate,state,4,male,45-64,0.0042783875576678145,0.001113035780018599,0.009353011359992607
mortality_rate,state,4,male,65-74,0.019259997665464816,0.005256784286726081,0.042931135189174414
mortality_rate,state,4,male,75-84,0.04892542649156383,0.015388018820372037,0.11655525602247528
mortality_rate,state,4,male,85+,0.11757640390257729,0.0395279878350455,0.2848743225027066
qualifying_event_rate,state,4,male,0-17,0.008680214182883714,0.0026054330879931673,0.019717541107437876
qualifying_event_rate,state,4,male,18-44,0.013629267008091885,0.004385104788262826,0.029903133262706907
qualifying_event_rate,state,4,male,45-64,0.019835017830234534,0.006368022083909565,0.04395066436460767
qualifying_event_rate,state,4,male,65-74,0.03256308834281169,0.010535392350244692,0.07029425211061734
qualifying_event_rate,state,4,male,75-84,0.02854404469420358,0.008031397964068536,0.06358037545232514
qualifying_event_rate,state,4,male,85+,0.028290211131307537,0.0,0.0694537447439405
person_years_exposure,state,4,female,0-17,2924.9254807809593,2141.949488371984,3873.1687790914957
person_years_exposure,state,4,female,18-44,3767.2099096479837,2767.8879006505485,4954.694834446298
person_years_exposure,state,4,female,45-64,3725.1362677368043,2729.8705297650395,4943.330049610703
person_years_exposure,state,4,female,65-74,1221.1560311609016,891.8176708144053,1623.6928387539979
person_years_exposure,state,4,female,75-84,635.6447763782706,437.66003710215375,861.7235307680178
person_years_exposure,state,4,female,85+,128.33584542422668,74.35805081084342,182.92973009420135
person_years_exposure,state,4,female,18-64,7492.3461773847885,5484.669605355012,9917.022767489
person_years_exposure,state,4,female,65+,1985.1366529633988,1423.1372334932032,2645.385325112737
mortality_rate,state,4,female,0-17,0.005208915178930723,0.001390254215569624,0.012111203244935446
mortality_rate,state,4,female,18-44,0.00040555616986978854,0.0,0.0011558331900683259
mortality_rate,state,4,female,45-64,0.004101805694623136,0.0011065640198317192,0.00932028871210889
mortality_rate,state,4,female,65-74,0.018687180079045455,0.0054734255151599725,0.04211546265563855
mortality_rate,state,4,female,75-84,0.05327970003100123,0.016743026209817487,0.1253258844838082
mortality_rate,state,4,female,85+,0.1089835452986103,0.03390042663681664,0.27169512291357434
qualifying_event_rate,state,4,female,0-17,0.010061331468245614,0.003078979414935123,0.022814280387681827
qualifying_event_rate,state,4,female,18-44,0.014264626736979508,0.004572103470931047,0.030523096555796908
qualifying_event_rate,state,4,female,45-64,0.01840176309640416,0.0059080061263363575,0.03955461921480157
qualifying_event_rate,state,4,female,65-74,0.029898642477447952,0.009488607552076042,0.06454748682526874
qualifying_event_rate,state,4,female,75-84,0.03699972149692261,0.011140753931880238,0.07934583934299473
qualifying_event_rate,state,4,female,85+,0.026712520034711702,0.0,0.06470640850659357
person_years_exposure,state,5,male,0-17,5991.753696336438,4695.289182730405,7811.944585361161
person_years_exposure,state,5,male,18-44,7582.295769675385,5962.365273623806,10002.20041379567
person_years_exposure,state,5,male,45-64,7740.037707465568,6082.622370681444,10043.24001488163
person_years_exposure,state,5,male,65-74,2439.884892623521,1892.031135253175,3126.315882944434
person_years_exposure,state,5,male,75-84,1185.1197650790025,878.7793025061895,1589.692939796256
person_years_exposure,state,5,male,85+,328.22891774213514,206.56148282717197,468.68536072763527
person_years_exposure,state,5,male,18-64,15322.333477140954,12048.265745248134,20033.47178440758
person_years_exposure,state,5,male,65+,3953.2335754446585,3003.112648765228,5182.763486120964
mortality_rate,state,5,male,0-17,0.0035039205498528466,0.0010164750672698188,0.0077277313514524755
mortality_rate,state,5,male,18-44,0.0008943531360410544,0.00013993003978228304,0.0021374107692981054
mortality_rate,state,5,male,45-64,0.004500682107162069,0.0013776569251044777,0.009660808636970783
mortality_rate,state,5,male,65-74,0.01896621876093578,0.006112322881925258,0.04202831944529272
mortality_rate,state,5,male,75-84,0.05104398273174688,0.01673829777664025,0.11491747970321699
mortality_rate,state,5,male,85+,0.1133742275891876,0.0400712420047573,0.27952926750320745
qualifying_event_rate,state,5,male,0-17,0.031106518191994118,0.01106220240318143,0.06274614747698197
qualifying_event_rate,state,5,male,18-44,0.048808537573136565,0.018130059535898458,0.09426042226608504
qualifying_event_rate,state,5,male,45-64,0.06148646457295818,0.024087126520755276,0.11489847756429314
qualifying_event_rate,state,5,male,65-74,0.08702191242764645,0.03662890317625699,0.15135275650485558
qualifying_event_rate,state,5,male,75-84,0.08463092902233262,0.03470243994808853,0.15046427310849655
qualifying_event_rate,state,5,male,85+,0.0972499575149947,0.03954170178388464,0.16414344079676904
person_years_exposure,state,5,female,0-17,5887.639373491289,4603.923005069344,7665.367838841915
person_years_exposure,state,5,female,18-44,7837.867300239756,6155.753779722055,10257.9538659865
person_years_exposure,state,5,female,45-64,7915.848222903505,6220.7162903239305,10258.788962195385
person_years_exposure,state,5,female,65-74,2535.447778644171,1972.4630753013028,3302.2596200961843
person_years_exposure,state,5,female,75-84,1145.3004948469115,843.5499048880255,1537.6469849246703
person_years_exposure,state,5,female,85+,234.01874890059185,143.99169516243884,340.45508602837555
person_years_exposure,state,5,female,18-64,15753.715523143263,12375.912004834952,20522.54666400221
person_years_exposure,state,5,female,65+,3914.767022391675,2976.8084304388613,5169.376084626001
mortality_rate,state,5,female,0-17,0.003662416617827502,0.001063357112974608,0.008069844035798046
mortality_rate,state,5,female,18-44,0.0003940945509971071,0.0,0.001065062249396619
mortality_rate,state,5,female,45-64,0.004672872072853147,0.0014514671926808185,0.010101467927666762
mortality_rate,state,5,female,65-74,0.019126515025289247,0.006022723350863398,0.04085933946264812
mortality_rate,state,5,female,75-84,0.05943976996755079,0.019885471833764816,0.13396626277625723
mortality_rate,state,5,female,85+,0.1246086242644427,0.04351273311736506,0.2963074293435317
qualifying_event_rate,state,5,female,0-17,0.034762385144476965,0.012220958675060277,0.06904494598911243
qualifying_event_rate,state,5,female,18-44,0.04923528355844281,0.018424054851343984,0.0943020853235182
qualifying_event_rate,state,5,female,45-64,0.05719511398713721,0.02221098753353583,0.10849300820054701
qualifying_event_rate,state,5,female,65-74,0.08567445601392616,0.03514843710458609,0.1516532944950278
qualifying_event_rate,state,5,female,75-84,0.0894456023915611,0.03719343327263767,0.1565978810207079
qualifying_event_rate,state,5,female,85+,0.089094656211568,0.03333372898614771,0.16282654721314968
